PARAMETER,Scenario,REGION,TECHNOLOGY,FUEL,EMISSION,MODE_OF_OPERATION,YEAR,TIMESLICE,SEASON,DAYTYPE,DAILYTIMEBRACKET,STORAGE,Value
InputActivityRatio,B_Opt_IndiaCostsFuel,GLOBAL,PWRBIOBGDXX,BIOBGDXX,,1,2023,,,,,,3.67
InputActivityRatio,B_Opt_IndiaCostsFuel,GLOBAL,PWRBIOBGDXX,BIOBGDXX,,1,2024,,,,,,3.67
InputActivityRatio,B_Opt_IndiaCostsFuel,GLOBAL,PWRBIOBGDXX,BIOBGDXX,,1,2025,,,,,,3.67
InputActivityRatio,B_Opt_IndiaCostsFuel,GLOBAL,PWRBIOBGDXX,BIOBGDXX,,1,2026,,,,,,3.67
InputActivityRatio,B_Opt_IndiaCostsFuel,GLOBAL,PWRBIOBGDXX,BIOBGDXX,,1,2027,,,,,,3.67
InputActivityRatio,B_Opt_IndiaCostsFuel,GLOBAL,PWRBIOBGDXX,BIOBGDXX,,1,2028,,,,,,3.67
InputActivityRatio,B_Opt_IndiaCostsFuel,GLOBAL,PWRBIOBGDXX,BIOBGDXX,,1,2029,,,,,,3.67
InputActivityRatio,B_Opt_IndiaCostsFuel,GLOBAL,PWRBIOBGDXX,BIOBGDXX,,1,2030,,,,,,3.67
InputActivityRatio,B_Opt_IndiaCostsFuel,GLOBAL,PWRBIOBGDXX,BIOBGDXX,,1,2031,,,,,,3.67
InputActivityRatio,B_Opt_IndiaCostsFuel,GLOBAL,PWRBIOBGDXX,BIOBGDXX,,1,2032,,,,,,3.67
InputActivityRatio,B_Opt_IndiaCostsFuel,GLOBAL,PWRBIOBGDXX,BIOBGDXX,,1,2033,,,,,,3.67
InputActivityRatio,B_Opt_IndiaCostsFuel,GLOBAL,PWRBIOBGDXX,BIOBGDXX,,1,2034,,,,,,3.67
InputActivityRatio,B_Opt_IndiaCostsFuel,GLOBAL,PWRBIOBGDXX,BIOBGDXX,,1,2035,,,,,,3.67
InputActivityRatio,B_Opt_IndiaCostsFuel,GLOBAL,PWRBIOBGDXX,BIOBGDXX,,1,2036,,,,,,3.67
InputActivityRatio,B_Opt_IndiaCostsFuel,GLOBAL,PWRBIOBGDXX,BIOBGDXX,,1,2037,,,,,,3.67
InputActivityRatio,B_Opt_IndiaCostsFuel,GLOBAL,PWRBIOBGDXX,BIOBGDXX,,1,2038,,,,,,3.67
InputActivityRatio,B_Opt_IndiaCostsFuel,GLOBAL,PWRBIOBGDXX,BIOBGDXX,,1,2039,,,,,,3.67
InputActivityRatio,B_Opt_IndiaCostsFuel,GLOBAL,PWRBIOBGDXX,BIOBGDXX,,1,2040,,,,,,3.67
InputActivityRatio,B_Opt_IndiaCostsFuel,GLOBAL,PWRBIOBGDXX,BIOBGDXX,,1,2041,,,,,,3.67
InputActivityRatio,B_Opt_IndiaCostsFuel,GLOBAL,PWRBIOBGDXX,BIOBGDXX,,1,2042,,,,,,3.67
InputActivityRatio,B_Opt_IndiaCostsFuel,GLOBAL,PWRBIOBGDXX,BIOBGDXX,,1,2043,,,,,,3.67
InputActivityRatio,B_Opt_IndiaCostsFuel,GLOBAL,PWRBIOBGDXX,BIOBGDXX,,1,2044,,,,,,3.67
InputActivityRatio,B_Opt_IndiaCostsFuel,GLOBAL,PWRBIOBGDXX,BIOBGDXX,,1,2045,,,,,,3.67
InputActivityRatio,B_Opt_IndiaCostsFuel,GLOBAL,PWRBIOBGDXX,BIOBGDXX,,1,2046,,,,,,3.67
InputActivityRatio,B_Opt_IndiaCostsFuel,GLOBAL,PWRBIOBGDXX,BIOBGDXX,,1,2047,,,,,,3.67
InputActivityRatio,B_Opt_IndiaCostsFuel,GLOBAL,PWRBIOBGDXX,BIOBGDXX,,1,2048,,,,,,3.67
InputActivityRatio,B_Opt_IndiaCostsFuel,GLOBAL,PWRBIOBGDXX,BIOBGDXX,,1,2049,,,,,,3.67
InputActivityRatio,B_Opt_IndiaCostsFuel,GLOBAL,PWRBIOBGDXX,BIOBGDXX,,1,2050,,,,,,3.67
InputActivityRatio,B_Opt_IndiaCostsFuel,GLOBAL,PWRBIOINDEA,BIOINDEA,,1,2023,,,,,,3.67
InputActivityRatio,B_Opt_IndiaCostsFuel,GLOBAL,PWRBIOINDEA,BIOINDEA,,1,2024,,,,,,3.67
InputActivityRatio,B_Opt_IndiaCostsFuel,GLOBAL,PWRBIOINDEA,BIOINDEA,,1,2025,,,,,,3.67
InputActivityRatio,B_Opt_IndiaCostsFuel,GLOBAL,PWRBIOINDEA,BIOINDEA,,1,2026,,,,,,3.67
InputActivityRatio,B_Opt_IndiaCostsFuel,GLOBAL,PWRBIOINDEA,BIOINDEA,,1,2027,,,,,,3.67
InputActivityRatio,B_Opt_IndiaCostsFuel,GLOBAL,PWRBIOINDEA,BIOINDEA,,1,2028,,,,,,3.67
InputActivityRatio,B_Opt_IndiaCostsFuel,GLOBAL,PWRBIOINDEA,BIOINDEA,,1,2029,,,,,,3.67
InputActivityRatio,B_Opt_IndiaCostsFuel,GLOBAL,PWRBIOINDEA,BIOINDEA,,1,2030,,,,,,3.67
InputActivityRatio,B_Opt_IndiaCostsFuel,GLOBAL,PWRBIOINDEA,BIOINDEA,,1,2031,,,,,,3.67
InputActivityRatio,B_Opt_IndiaCostsFuel,GLOBAL,PWRBIOINDEA,BIOINDEA,,1,2032,,,,,,3.67
InputActivityRatio,B_Opt_IndiaCostsFuel,GLOBAL,PWRBIOINDEA,BIOINDEA,,1,2033,,,,,,3.67
InputActivityRatio,B_Opt_IndiaCostsFuel,GLOBAL,PWRBIOINDEA,BIOINDEA,,1,2034,,,,,,3.67
InputActivityRatio,B_Opt_IndiaCostsFuel,GLOBAL,PWRBIOINDEA,BIOINDEA,,1,2035,,,,,,3.67
InputActivityRatio,B_Opt_IndiaCostsFuel,GLOBAL,PWRBIOINDEA,BIOINDEA,,1,2036,,,,,,3.67
InputActivityRatio,B_Opt_IndiaCostsFuel,GLOBAL,PWRBIOINDEA,BIOINDEA,,1,2037,,,,,,3.67
InputActivityRatio,B_Opt_IndiaCostsFuel,GLOBAL,PWRBIOINDEA,BIOINDEA,,1,2038,,,,,,3.67
InputActivityRatio,B_Opt_IndiaCostsFuel,GLOBAL,PWRBIOINDEA,BIOINDEA,,1,2039,,,,,,3.67
InputActivityRatio,B_Opt_IndiaCostsFuel,GLOBAL,PWRBIOINDEA,BIOINDEA,,1,2040,,,,,,3.67
InputActivityRatio,B_Opt_IndiaCostsFuel,GLOBAL,PWRBIOINDEA,BIOINDEA,,1,2041,,,,,,3.67
InputActivityRatio,B_Opt_IndiaCostsFuel,GLOBAL,PWRBIOINDEA,BIOINDEA,,1,2042,,,,,,3.67
InputActivityRatio,B_Opt_IndiaCostsFuel,GLOBAL,PWRBIOINDEA,BIOINDEA,,1,2043,,,,,,3.67
InputActivityRatio,B_Opt_IndiaCostsFuel,GLOBAL,PWRBIOINDEA,BIOINDEA,,1,2044,,,,,,3.67
InputActivityRatio,B_Opt_IndiaCostsFuel,GLOBAL,PWRBIOINDEA,BIOINDEA,,1,2045,,,,,,3.67
InputActivityRatio,B_Opt_IndiaCostsFuel,GLOBAL,PWRBIOINDEA,BIOINDEA,,1,2046,,,,,,3.67
InputActivityRatio,B_Opt_IndiaCostsFuel,GLOBAL,PWRBIOINDEA,BIOINDEA,,1,2047,,,,,,3.67
InputActivityRatio,B_Opt_IndiaCostsFuel,GLOBAL,PWRBIOINDEA,BIOINDEA,,1,2048,,,,,,3.67
InputActivityRatio,B_Opt_IndiaCostsFuel,GLOBAL,PWRBIOINDEA,BIOINDEA,,1,2049,,,,,,3.67
InputActivityRatio,B_Opt_IndiaCostsFuel,GLOBAL,PWRBIOINDEA,BIOINDEA,,1,2050,,,,,,3.67
InputActivityRatio,B_Opt_IndiaCostsFuel,GLOBAL,PWRBIOINDNE,BIOINDNE,,1,2023,,,,,,3.67
InputActivityRatio,B_Opt_IndiaCostsFuel,GLOBAL,PWRBIOINDNE,BIOINDNE,,1,2024,,,,,,3.67
InputActivityRatio,B_Opt_IndiaCostsFuel,GLOBAL,PWRBIOINDNE,BIOINDNE,,1,2025,,,,,,3.67
InputActivityRatio,B_Opt_IndiaCostsFuel,GLOBAL,PWRBIOINDNE,BIOINDNE,,1,2026,,,,,,3.67
InputActivityRatio,B_Opt_IndiaCostsFuel,GLOBAL,PWRBIOINDNE,BIOINDNE,,1,2027,,,,,,3.67
InputActivityRatio,B_Opt_IndiaCostsFuel,GLOBAL,PWRBIOINDNE,BIOINDNE,,1,2028,,,,,,3.67
InputActivityRatio,B_Opt_IndiaCostsFuel,GLOBAL,PWRBIOINDNE,BIOINDNE,,1,2029,,,,,,3.67
InputActivityRatio,B_Opt_IndiaCostsFuel,GLOBAL,PWRBIOINDNE,BIOINDNE,,1,2030,,,,,,3.67
InputActivityRatio,B_Opt_IndiaCostsFuel,GLOBAL,PWRBIOINDNE,BIOINDNE,,1,2031,,,,,,3.67
InputActivityRatio,B_Opt_IndiaCostsFuel,GLOBAL,PWRBIOINDNE,BIOINDNE,,1,2032,,,,,,3.67
InputActivityRatio,B_Opt_IndiaCostsFuel,GLOBAL,PWRBIOINDNE,BIOINDNE,,1,2033,,,,,,3.67
InputActivityRatio,B_Opt_IndiaCostsFuel,GLOBAL,PWRBIOINDNE,BIOINDNE,,1,2034,,,,,,3.67
InputActivityRatio,B_Opt_IndiaCostsFuel,GLOBAL,PWRBIOINDNE,BIOINDNE,,1,2035,,,,,,3.67
InputActivityRatio,B_Opt_IndiaCostsFuel,GLOBAL,PWRBIOINDNE,BIOINDNE,,1,2036,,,,,,3.67
InputActivityRatio,B_Opt_IndiaCostsFuel,GLOBAL,PWRBIOINDNE,BIOINDNE,,1,2037,,,,,,3.67
InputActivityRatio,B_Opt_IndiaCostsFuel,GLOBAL,PWRBIOINDNE,BIOINDNE,,1,2038,,,,,,3.67
InputActivityRatio,B_Opt_IndiaCostsFuel,GLOBAL,PWRBIOINDNE,BIOINDNE,,1,2039,,,,,,3.67
InputActivityRatio,B_Opt_IndiaCostsFuel,GLOBAL,PWRBIOINDNE,BIOINDNE,,1,2040,,,,,,3.67
InputActivityRatio,B_Opt_IndiaCostsFuel,GLOBAL,PWRBIOINDNE,BIOINDNE,,1,2041,,,,,,3.67
InputActivityRatio,B_Opt_IndiaCostsFuel,GLOBAL,PWRBIOINDNE,BIOINDNE,,1,2042,,,,,,3.67
InputActivityRatio,B_Opt_IndiaCostsFuel,GLOBAL,PWRBIOINDNE,BIOINDNE,,1,2043,,,,,,3.67
InputActivityRatio,B_Opt_IndiaCostsFuel,GLOBAL,PWRBIOINDNE,BIOINDNE,,1,2044,,,,,,3.67
InputActivityRatio,B_Opt_IndiaCostsFuel,GLOBAL,PWRBIOINDNE,BIOINDNE,,1,2045,,,,,,3.67
InputActivityRatio,B_Opt_IndiaCostsFuel,GLOBAL,PWRBIOINDNE,BIOINDNE,,1,2046,,,,,,3.67
InputActivityRatio,B_Opt_IndiaCostsFuel,GLOBAL,PWRBIOINDNE,BIOINDNE,,1,2047,,,,,,3.67
InputActivityRatio,B_Opt_IndiaCostsFuel,GLOBAL,PWRBIOINDNE,BIOINDNE,,1,2048,,,,,,3.67
InputActivityRatio,B_Opt_IndiaCostsFuel,GLOBAL,PWRBIOINDNE,BIOINDNE,,1,2049,,,,,,3.67
InputActivityRatio,B_Opt_IndiaCostsFuel,GLOBAL,PWRBIOINDNE,BIOINDNE,,1,2050,,,,,,3.67
InputActivityRatio,B_Opt_IndiaCostsFuel,GLOBAL,PWRBIOINDNO,BIOINDNO,,1,2023,,,,,,3.35
InputActivityRatio,B_Opt_IndiaCostsFuel,GLOBAL,PWRBIOINDNO,BIOINDNO,,1,2024,,,,,,3.35
InputActivityRatio,B_Opt_IndiaCostsFuel,GLOBAL,PWRBIOINDNO,BIOINDNO,,1,2025,,,,,,3.35
InputActivityRatio,B_Opt_IndiaCostsFuel,GLOBAL,PWRBIOINDNO,BIOINDNO,,1,2026,,,,,,3.35
InputActivityRatio,B_Opt_IndiaCostsFuel,GLOBAL,PWRBIOINDNO,BIOINDNO,,1,2027,,,,,,3.35
InputActivityRatio,B_Opt_IndiaCostsFuel,GLOBAL,PWRBIOINDNO,BIOINDNO,,1,2028,,,,,,3.35
InputActivityRatio,B_Opt_IndiaCostsFuel,GLOBAL,PWRBIOINDNO,BIOINDNO,,1,2029,,,,,,3.35
InputActivityRatio,B_Opt_IndiaCostsFuel,GLOBAL,PWRBIOINDNO,BIOINDNO,,1,2030,,,,,,3.35
InputActivityRatio,B_Opt_IndiaCostsFuel,GLOBAL,PWRBIOINDNO,BIOINDNO,,1,2031,,,,,,3.35
InputActivityRatio,B_Opt_IndiaCostsFuel,GLOBAL,PWRBIOINDNO,BIOINDNO,,1,2032,,,,,,3.35
InputActivityRatio,B_Opt_IndiaCostsFuel,GLOBAL,PWRBIOINDNO,BIOINDNO,,1,2033,,,,,,3.35
InputActivityRatio,B_Opt_IndiaCostsFuel,GLOBAL,PWRBIOINDNO,BIOINDNO,,1,2034,,,,,,3.35
InputActivityRatio,B_Opt_IndiaCostsFuel,GLOBAL,PWRBIOINDNO,BIOINDNO,,1,2035,,,,,,3.35
InputActivityRatio,B_Opt_IndiaCostsFuel,GLOBAL,PWRBIOINDNO,BIOINDNO,,1,2036,,,,,,3.35
InputActivityRatio,B_Opt_IndiaCostsFuel,GLOBAL,PWRBIOINDNO,BIOINDNO,,1,2037,,,,,,3.35
InputActivityRatio,B_Opt_IndiaCostsFuel,GLOBAL,PWRBIOINDNO,BIOINDNO,,1,2038,,,,,,3.35
InputActivityRatio,B_Opt_IndiaCostsFuel,GLOBAL,PWRBIOINDNO,BIOINDNO,,1,2039,,,,,,3.35
InputActivityRatio,B_Opt_IndiaCostsFuel,GLOBAL,PWRBIOINDNO,BIOINDNO,,1,2040,,,,,,3.35
InputActivityRatio,B_Opt_IndiaCostsFuel,GLOBAL,PWRBIOINDNO,BIOINDNO,,1,2041,,,,,,3.35
InputActivityRatio,B_Opt_IndiaCostsFuel,GLOBAL,PWRBIOINDNO,BIOINDNO,,1,2042,,,,,,3.35
InputActivityRatio,B_Opt_IndiaCostsFuel,GLOBAL,PWRBIOINDNO,BIOINDNO,,1,2043,,,,,,3.35
InputActivityRatio,B_Opt_IndiaCostsFuel,GLOBAL,PWRBIOINDNO,BIOINDNO,,1,2044,,,,,,3.35
InputActivityRatio,B_Opt_IndiaCostsFuel,GLOBAL,PWRBIOINDNO,BIOINDNO,,1,2045,,,,,,3.35
InputActivityRatio,B_Opt_IndiaCostsFuel,GLOBAL,PWRBIOINDNO,BIOINDNO,,1,2046,,,,,,3.35
InputActivityRatio,B_Opt_IndiaCostsFuel,GLOBAL,PWRBIOINDNO,BIOINDNO,,1,2047,,,,,,3.35
InputActivityRatio,B_Opt_IndiaCostsFuel,GLOBAL,PWRBIOINDNO,BIOINDNO,,1,2048,,,,,,3.35
InputActivityRatio,B_Opt_IndiaCostsFuel,GLOBAL,PWRBIOINDNO,BIOINDNO,,1,2049,,,,,,3.35
InputActivityRatio,B_Opt_IndiaCostsFuel,GLOBAL,PWRBIOINDNO,BIOINDNO,,1,2050,,,,,,3.35
InputActivityRatio,B_Opt_IndiaCostsFuel,GLOBAL,PWRBIOINDSO,BIOINDSO,,1,2023,,,,,,3.69
InputActivityRatio,B_Opt_IndiaCostsFuel,GLOBAL,PWRBIOINDSO,BIOINDSO,,1,2024,,,,,,3.69
InputActivityRatio,B_Opt_IndiaCostsFuel,GLOBAL,PWRBIOINDSO,BIOINDSO,,1,2025,,,,,,3.69
InputActivityRatio,B_Opt_IndiaCostsFuel,GLOBAL,PWRBIOINDSO,BIOINDSO,,1,2026,,,,,,3.69
InputActivityRatio,B_Opt_IndiaCostsFuel,GLOBAL,PWRBIOINDSO,BIOINDSO,,1,2027,,,,,,3.69
InputActivityRatio,B_Opt_IndiaCostsFuel,GLOBAL,PWRBIOINDSO,BIOINDSO,,1,2028,,,,,,3.69
InputActivityRatio,B_Opt_IndiaCostsFuel,GLOBAL,PWRBIOINDSO,BIOINDSO,,1,2029,,,,,,3.69
InputActivityRatio,B_Opt_IndiaCostsFuel,GLOBAL,PWRBIOINDSO,BIOINDSO,,1,2030,,,,,,3.69
InputActivityRatio,B_Opt_IndiaCostsFuel,GLOBAL,PWRBIOINDSO,BIOINDSO,,1,2031,,,,,,3.69
InputActivityRatio,B_Opt_IndiaCostsFuel,GLOBAL,PWRBIOINDSO,BIOINDSO,,1,2032,,,,,,3.69
InputActivityRatio,B_Opt_IndiaCostsFuel,GLOBAL,PWRBIOINDSO,BIOINDSO,,1,2033,,,,,,3.69
InputActivityRatio,B_Opt_IndiaCostsFuel,GLOBAL,PWRBIOINDSO,BIOINDSO,,1,2034,,,,,,3.69
InputActivityRatio,B_Opt_IndiaCostsFuel,GLOBAL,PWRBIOINDSO,BIOINDSO,,1,2035,,,,,,3.69
InputActivityRatio,B_Opt_IndiaCostsFuel,GLOBAL,PWRBIOINDSO,BIOINDSO,,1,2036,,,,,,3.69
InputActivityRatio,B_Opt_IndiaCostsFuel,GLOBAL,PWRBIOINDSO,BIOINDSO,,1,2037,,,,,,3.69
InputActivityRatio,B_Opt_IndiaCostsFuel,GLOBAL,PWRBIOINDSO,BIOINDSO,,1,2038,,,,,,3.69
InputActivityRatio,B_Opt_IndiaCostsFuel,GLOBAL,PWRBIOINDSO,BIOINDSO,,1,2039,,,,,,3.69
InputActivityRatio,B_Opt_IndiaCostsFuel,GLOBAL,PWRBIOINDSO,BIOINDSO,,1,2040,,,,,,3.69
InputActivityRatio,B_Opt_IndiaCostsFuel,GLOBAL,PWRBIOINDSO,BIOINDSO,,1,2041,,,,,,3.69
InputActivityRatio,B_Opt_IndiaCostsFuel,GLOBAL,PWRBIOINDSO,BIOINDSO,,1,2042,,,,,,3.69
InputActivityRatio,B_Opt_IndiaCostsFuel,GLOBAL,PWRBIOINDSO,BIOINDSO,,1,2043,,,,,,3.69
InputActivityRatio,B_Opt_IndiaCostsFuel,GLOBAL,PWRBIOINDSO,BIOINDSO,,1,2044,,,,,,3.69
InputActivityRatio,B_Opt_IndiaCostsFuel,GLOBAL,PWRBIOINDSO,BIOINDSO,,1,2045,,,,,,3.69
InputActivityRatio,B_Opt_IndiaCostsFuel,GLOBAL,PWRBIOINDSO,BIOINDSO,,1,2046,,,,,,3.69
InputActivityRatio,B_Opt_IndiaCostsFuel,GLOBAL,PWRBIOINDSO,BIOINDSO,,1,2047,,,,,,3.69
InputActivityRatio,B_Opt_IndiaCostsFuel,GLOBAL,PWRBIOINDSO,BIOINDSO,,1,2048,,,,,,3.69
InputActivityRatio,B_Opt_IndiaCostsFuel,GLOBAL,PWRBIOINDSO,BIOINDSO,,1,2049,,,,,,3.69
InputActivityRatio,B_Opt_IndiaCostsFuel,GLOBAL,PWRBIOINDSO,BIOINDSO,,1,2050,,,,,,3.69
InputActivityRatio,B_Opt_IndiaCostsFuel,GLOBAL,PWRBIOINDWE,BIOINDWE,,1,2023,,,,,,3.75
InputActivityRatio,B_Opt_IndiaCostsFuel,GLOBAL,PWRBIOINDWE,BIOINDWE,,1,2024,,,,,,3.75
InputActivityRatio,B_Opt_IndiaCostsFuel,GLOBAL,PWRBIOINDWE,BIOINDWE,,1,2025,,,,,,3.75
InputActivityRatio,B_Opt_IndiaCostsFuel,GLOBAL,PWRBIOINDWE,BIOINDWE,,1,2026,,,,,,3.75
InputActivityRatio,B_Opt_IndiaCostsFuel,GLOBAL,PWRBIOINDWE,BIOINDWE,,1,2027,,,,,,3.75
InputActivityRatio,B_Opt_IndiaCostsFuel,GLOBAL,PWRBIOINDWE,BIOINDWE,,1,2028,,,,,,3.75
InputActivityRatio,B_Opt_IndiaCostsFuel,GLOBAL,PWRBIOINDWE,BIOINDWE,,1,2029,,,,,,3.75
InputActivityRatio,B_Opt_IndiaCostsFuel,GLOBAL,PWRBIOINDWE,BIOINDWE,,1,2030,,,,,,3.75
InputActivityRatio,B_Opt_IndiaCostsFuel,GLOBAL,PWRBIOINDWE,BIOINDWE,,1,2031,,,,,,3.75
InputActivityRatio,B_Opt_IndiaCostsFuel,GLOBAL,PWRBIOINDWE,BIOINDWE,,1,2032,,,,,,3.75
InputActivityRatio,B_Opt_IndiaCostsFuel,GLOBAL,PWRBIOINDWE,BIOINDWE,,1,2033,,,,,,3.75
InputActivityRatio,B_Opt_IndiaCostsFuel,GLOBAL,PWRBIOINDWE,BIOINDWE,,1,2034,,,,,,3.75
InputActivityRatio,B_Opt_IndiaCostsFuel,GLOBAL,PWRBIOINDWE,BIOINDWE,,1,2035,,,,,,3.75
InputActivityRatio,B_Opt_IndiaCostsFuel,GLOBAL,PWRBIOINDWE,BIOINDWE,,1,2036,,,,,,3.75
InputActivityRatio,B_Opt_IndiaCostsFuel,GLOBAL,PWRBIOINDWE,BIOINDWE,,1,2037,,,,,,3.75
InputActivityRatio,B_Opt_IndiaCostsFuel,GLOBAL,PWRBIOINDWE,BIOINDWE,,1,2038,,,,,,3.75
InputActivityRatio,B_Opt_IndiaCostsFuel,GLOBAL,PWRBIOINDWE,BIOINDWE,,1,2039,,,,,,3.75
InputActivityRatio,B_Opt_IndiaCostsFuel,GLOBAL,PWRBIOINDWE,BIOINDWE,,1,2040,,,,,,3.75
InputActivityRatio,B_Opt_IndiaCostsFuel,GLOBAL,PWRBIOINDWE,BIOINDWE,,1,2041,,,,,,3.75
InputActivityRatio,B_Opt_IndiaCostsFuel,GLOBAL,PWRBIOINDWE,BIOINDWE,,1,2042,,,,,,3.75
InputActivityRatio,B_Opt_IndiaCostsFuel,GLOBAL,PWRBIOINDWE,BIOINDWE,,1,2043,,,,,,3.75
InputActivityRatio,B_Opt_IndiaCostsFuel,GLOBAL,PWRBIOINDWE,BIOINDWE,,1,2044,,,,,,3.75
InputActivityRatio,B_Opt_IndiaCostsFuel,GLOBAL,PWRBIOINDWE,BIOINDWE,,1,2045,,,,,,3.75
InputActivityRatio,B_Opt_IndiaCostsFuel,GLOBAL,PWRBIOINDWE,BIOINDWE,,1,2046,,,,,,3.75
InputActivityRatio,B_Opt_IndiaCostsFuel,GLOBAL,PWRBIOINDWE,BIOINDWE,,1,2047,,,,,,3.75
InputActivityRatio,B_Opt_IndiaCostsFuel,GLOBAL,PWRBIOINDWE,BIOINDWE,,1,2048,,,,,,3.75
InputActivityRatio,B_Opt_IndiaCostsFuel,GLOBAL,PWRBIOINDWE,BIOINDWE,,1,2049,,,,,,3.75
InputActivityRatio,B_Opt_IndiaCostsFuel,GLOBAL,PWRBIOINDWE,BIOINDWE,,1,2050,,,,,,3.75
InputActivityRatio,B_Opt_IndiaCostsFuel,GLOBAL,PWRBIOLKAXX,BIOLKAXX,,1,2023,,,,,,3.79
InputActivityRatio,B_Opt_IndiaCostsFuel,GLOBAL,PWRBIOLKAXX,BIOLKAXX,,1,2024,,,,,,3.79
InputActivityRatio,B_Opt_IndiaCostsFuel,GLOBAL,PWRBIOLKAXX,BIOLKAXX,,1,2025,,,,,,3.79
InputActivityRatio,B_Opt_IndiaCostsFuel,GLOBAL,PWRBIOLKAXX,BIOLKAXX,,1,2026,,,,,,3.79
InputActivityRatio,B_Opt_IndiaCostsFuel,GLOBAL,PWRBIOLKAXX,BIOLKAXX,,1,2027,,,,,,3.79
InputActivityRatio,B_Opt_IndiaCostsFuel,GLOBAL,PWRBIOLKAXX,BIOLKAXX,,1,2028,,,,,,3.79
InputActivityRatio,B_Opt_IndiaCostsFuel,GLOBAL,PWRBIOLKAXX,BIOLKAXX,,1,2029,,,,,,3.79
InputActivityRatio,B_Opt_IndiaCostsFuel,GLOBAL,PWRBIOLKAXX,BIOLKAXX,,1,2030,,,,,,3.79
InputActivityRatio,B_Opt_IndiaCostsFuel,GLOBAL,PWRBIOLKAXX,BIOLKAXX,,1,2031,,,,,,3.79
InputActivityRatio,B_Opt_IndiaCostsFuel,GLOBAL,PWRBIOLKAXX,BIOLKAXX,,1,2032,,,,,,3.79
InputActivityRatio,B_Opt_IndiaCostsFuel,GLOBAL,PWRBIOLKAXX,BIOLKAXX,,1,2033,,,,,,3.79
InputActivityRatio,B_Opt_IndiaCostsFuel,GLOBAL,PWRBIOLKAXX,BIOLKAXX,,1,2034,,,,,,3.79
InputActivityRatio,B_Opt_IndiaCostsFuel,GLOBAL,PWRBIOLKAXX,BIOLKAXX,,1,2035,,,,,,3.79
InputActivityRatio,B_Opt_IndiaCostsFuel,GLOBAL,PWRBIOLKAXX,BIOLKAXX,,1,2036,,,,,,3.79
InputActivityRatio,B_Opt_IndiaCostsFuel,GLOBAL,PWRBIOLKAXX,BIOLKAXX,,1,2037,,,,,,3.79
InputActivityRatio,B_Opt_IndiaCostsFuel,GLOBAL,PWRBIOLKAXX,BIOLKAXX,,1,2038,,,,,,3.79
InputActivityRatio,B_Opt_IndiaCostsFuel,GLOBAL,PWRBIOLKAXX,BIOLKAXX,,1,2039,,,,,,3.79
InputActivityRatio,B_Opt_IndiaCostsFuel,GLOBAL,PWRBIOLKAXX,BIOLKAXX,,1,2040,,,,,,3.79
InputActivityRatio,B_Opt_IndiaCostsFuel,GLOBAL,PWRBIOLKAXX,BIOLKAXX,,1,2041,,,,,,3.79
InputActivityRatio,B_Opt_IndiaCostsFuel,GLOBAL,PWRBIOLKAXX,BIOLKAXX,,1,2042,,,,,,3.79
InputActivityRatio,B_Opt_IndiaCostsFuel,GLOBAL,PWRBIOLKAXX,BIOLKAXX,,1,2043,,,,,,3.79
InputActivityRatio,B_Opt_IndiaCostsFuel,GLOBAL,PWRBIOLKAXX,BIOLKAXX,,1,2044,,,,,,3.79
InputActivityRatio,B_Opt_IndiaCostsFuel,GLOBAL,PWRBIOLKAXX,BIOLKAXX,,1,2045,,,,,,3.79
InputActivityRatio,B_Opt_IndiaCostsFuel,GLOBAL,PWRBIOLKAXX,BIOLKAXX,,1,2046,,,,,,3.79
InputActivityRatio,B_Opt_IndiaCostsFuel,GLOBAL,PWRBIOLKAXX,BIOLKAXX,,1,2047,,,,,,3.79
InputActivityRatio,B_Opt_IndiaCostsFuel,GLOBAL,PWRBIOLKAXX,BIOLKAXX,,1,2048,,,,,,3.79
InputActivityRatio,B_Opt_IndiaCostsFuel,GLOBAL,PWRBIOLKAXX,BIOLKAXX,,1,2049,,,,,,3.79
InputActivityRatio,B_Opt_IndiaCostsFuel,GLOBAL,PWRBIOLKAXX,BIOLKAXX,,1,2050,,,,,,3.79
InputActivityRatio,B_Opt_IndiaCostsFuel,GLOBAL,PWRBIONPLXX,BIONPLXX,,1,2023,,,,,,3.67
InputActivityRatio,B_Opt_IndiaCostsFuel,GLOBAL,PWRBIONPLXX,BIONPLXX,,1,2024,,,,,,3.67
InputActivityRatio,B_Opt_IndiaCostsFuel,GLOBAL,PWRBIONPLXX,BIONPLXX,,1,2025,,,,,,3.67
InputActivityRatio,B_Opt_IndiaCostsFuel,GLOBAL,PWRBIONPLXX,BIONPLXX,,1,2026,,,,,,3.67
InputActivityRatio,B_Opt_IndiaCostsFuel,GLOBAL,PWRBIONPLXX,BIONPLXX,,1,2027,,,,,,3.67
InputActivityRatio,B_Opt_IndiaCostsFuel,GLOBAL,PWRBIONPLXX,BIONPLXX,,1,2028,,,,,,3.67
InputActivityRatio,B_Opt_IndiaCostsFuel,GLOBAL,PWRBIONPLXX,BIONPLXX,,1,2029,,,,,,3.67
InputActivityRatio,B_Opt_IndiaCostsFuel,GLOBAL,PWRBIONPLXX,BIONPLXX,,1,2030,,,,,,3.67
InputActivityRatio,B_Opt_IndiaCostsFuel,GLOBAL,PWRBIONPLXX,BIONPLXX,,1,2031,,,,,,3.67
InputActivityRatio,B_Opt_IndiaCostsFuel,GLOBAL,PWRBIONPLXX,BIONPLXX,,1,2032,,,,,,3.67
InputActivityRatio,B_Opt_IndiaCostsFuel,GLOBAL,PWRBIONPLXX,BIONPLXX,,1,2033,,,,,,3.67
InputActivityRatio,B_Opt_IndiaCostsFuel,GLOBAL,PWRBIONPLXX,BIONPLXX,,1,2034,,,,,,3.67
InputActivityRatio,B_Opt_IndiaCostsFuel,GLOBAL,PWRBIONPLXX,BIONPLXX,,1,2035,,,,,,3.67
InputActivityRatio,B_Opt_IndiaCostsFuel,GLOBAL,PWRBIONPLXX,BIONPLXX,,1,2036,,,,,,3.67
InputActivityRatio,B_Opt_IndiaCostsFuel,GLOBAL,PWRBIONPLXX,BIONPLXX,,1,2037,,,,,,3.67
InputActivityRatio,B_Opt_IndiaCostsFuel,GLOBAL,PWRBIONPLXX,BIONPLXX,,1,2038,,,,,,3.67
InputActivityRatio,B_Opt_IndiaCostsFuel,GLOBAL,PWRBIONPLXX,BIONPLXX,,1,2039,,,,,,3.67
InputActivityRatio,B_Opt_IndiaCostsFuel,GLOBAL,PWRBIONPLXX,BIONPLXX,,1,2040,,,,,,3.67
InputActivityRatio,B_Opt_IndiaCostsFuel,GLOBAL,PWRBIONPLXX,BIONPLXX,,1,2041,,,,,,3.67
InputActivityRatio,B_Opt_IndiaCostsFuel,GLOBAL,PWRBIONPLXX,BIONPLXX,,1,2042,,,,,,3.67
InputActivityRatio,B_Opt_IndiaCostsFuel,GLOBAL,PWRBIONPLXX,BIONPLXX,,1,2043,,,,,,3.67
InputActivityRatio,B_Opt_IndiaCostsFuel,GLOBAL,PWRBIONPLXX,BIONPLXX,,1,2044,,,,,,3.67
InputActivityRatio,B_Opt_IndiaCostsFuel,GLOBAL,PWRBIONPLXX,BIONPLXX,,1,2045,,,,,,3.67
InputActivityRatio,B_Opt_IndiaCostsFuel,GLOBAL,PWRBIONPLXX,BIONPLXX,,1,2046,,,,,,3.67
InputActivityRatio,B_Opt_IndiaCostsFuel,GLOBAL,PWRBIONPLXX,BIONPLXX,,1,2047,,,,,,3.67
InputActivityRatio,B_Opt_IndiaCostsFuel,GLOBAL,PWRBIONPLXX,BIONPLXX,,1,2048,,,,,,3.67
InputActivityRatio,B_Opt_IndiaCostsFuel,GLOBAL,PWRBIONPLXX,BIONPLXX,,1,2049,,,,,,3.67
InputActivityRatio,B_Opt_IndiaCostsFuel,GLOBAL,PWRBIONPLXX,BIONPLXX,,1,2050,,,,,,3.67
InputActivityRatio,B_Opt_IndiaCostsFuel,GLOBAL,PWRCCSBGDXX,COABGD,,1,2023,,,,,,3.0
InputActivityRatio,B_Opt_IndiaCostsFuel,GLOBAL,PWRCCSBGDXX,COABGD,,1,2024,,,,,,3.0
InputActivityRatio,B_Opt_IndiaCostsFuel,GLOBAL,PWRCCSBGDXX,COABGD,,1,2025,,,,,,3.0
InputActivityRatio,B_Opt_IndiaCostsFuel,GLOBAL,PWRCCSBGDXX,COABGD,,1,2026,,,,,,3.0
InputActivityRatio,B_Opt_IndiaCostsFuel,GLOBAL,PWRCCSBGDXX,COABGD,,1,2027,,,,,,3.0
InputActivityRatio,B_Opt_IndiaCostsFuel,GLOBAL,PWRCCSBGDXX,COABGD,,1,2028,,,,,,3.0
InputActivityRatio,B_Opt_IndiaCostsFuel,GLOBAL,PWRCCSBGDXX,COABGD,,1,2029,,,,,,3.0
InputActivityRatio,B_Opt_IndiaCostsFuel,GLOBAL,PWRCCSBGDXX,COABGD,,1,2030,,,,,,3.0
InputActivityRatio,B_Opt_IndiaCostsFuel,GLOBAL,PWRCCSBGDXX,COABGD,,1,2031,,,,,,3.0
InputActivityRatio,B_Opt_IndiaCostsFuel,GLOBAL,PWRCCSBGDXX,COABGD,,1,2032,,,,,,3.0
InputActivityRatio,B_Opt_IndiaCostsFuel,GLOBAL,PWRCCSBGDXX,COABGD,,1,2033,,,,,,3.0
InputActivityRatio,B_Opt_IndiaCostsFuel,GLOBAL,PWRCCSBGDXX,COABGD,,1,2034,,,,,,3.0
InputActivityRatio,B_Opt_IndiaCostsFuel,GLOBAL,PWRCCSBGDXX,COABGD,,1,2035,,,,,,3.0
InputActivityRatio,B_Opt_IndiaCostsFuel,GLOBAL,PWRCCSBGDXX,COABGD,,1,2036,,,,,,3.0
InputActivityRatio,B_Opt_IndiaCostsFuel,GLOBAL,PWRCCSBGDXX,COABGD,,1,2037,,,,,,3.0
InputActivityRatio,B_Opt_IndiaCostsFuel,GLOBAL,PWRCCSBGDXX,COABGD,,1,2038,,,,,,3.0
InputActivityRatio,B_Opt_IndiaCostsFuel,GLOBAL,PWRCCSBGDXX,COABGD,,1,2039,,,,,,3.0
InputActivityRatio,B_Opt_IndiaCostsFuel,GLOBAL,PWRCCSBGDXX,COABGD,,1,2040,,,,,,3.0
InputActivityRatio,B_Opt_IndiaCostsFuel,GLOBAL,PWRCCSBGDXX,COABGD,,1,2041,,,,,,3.0
InputActivityRatio,B_Opt_IndiaCostsFuel,GLOBAL,PWRCCSBGDXX,COABGD,,1,2042,,,,,,3.0
InputActivityRatio,B_Opt_IndiaCostsFuel,GLOBAL,PWRCCSBGDXX,COABGD,,1,2043,,,,,,3.0
InputActivityRatio,B_Opt_IndiaCostsFuel,GLOBAL,PWRCCSBGDXX,COABGD,,1,2044,,,,,,3.0
InputActivityRatio,B_Opt_IndiaCostsFuel,GLOBAL,PWRCCSBGDXX,COABGD,,1,2045,,,,,,3.0
InputActivityRatio,B_Opt_IndiaCostsFuel,GLOBAL,PWRCCSBGDXX,COABGD,,1,2046,,,,,,3.0
InputActivityRatio,B_Opt_IndiaCostsFuel,GLOBAL,PWRCCSBGDXX,COABGD,,1,2047,,,,,,3.0
InputActivityRatio,B_Opt_IndiaCostsFuel,GLOBAL,PWRCCSBGDXX,COABGD,,1,2048,,,,,,3.0
InputActivityRatio,B_Opt_IndiaCostsFuel,GLOBAL,PWRCCSBGDXX,COABGD,,1,2049,,,,,,3.0
InputActivityRatio,B_Opt_IndiaCostsFuel,GLOBAL,PWRCCSBGDXX,COABGD,,1,2050,,,,,,3.0
InputActivityRatio,B_Opt_IndiaCostsFuel,GLOBAL,PWRCCSBGDXX,COAINT,,2,2023,,,,,,3.0
InputActivityRatio,B_Opt_IndiaCostsFuel,GLOBAL,PWRCCSBGDXX,COAINT,,2,2024,,,,,,3.0
InputActivityRatio,B_Opt_IndiaCostsFuel,GLOBAL,PWRCCSBGDXX,COAINT,,2,2025,,,,,,3.0
InputActivityRatio,B_Opt_IndiaCostsFuel,GLOBAL,PWRCCSBGDXX,COAINT,,2,2026,,,,,,3.0
InputActivityRatio,B_Opt_IndiaCostsFuel,GLOBAL,PWRCCSBGDXX,COAINT,,2,2027,,,,,,3.0
InputActivityRatio,B_Opt_IndiaCostsFuel,GLOBAL,PWRCCSBGDXX,COAINT,,2,2028,,,,,,3.0
InputActivityRatio,B_Opt_IndiaCostsFuel,GLOBAL,PWRCCSBGDXX,COAINT,,2,2029,,,,,,3.0
InputActivityRatio,B_Opt_IndiaCostsFuel,GLOBAL,PWRCCSBGDXX,COAINT,,2,2030,,,,,,3.0
InputActivityRatio,B_Opt_IndiaCostsFuel,GLOBAL,PWRCCSBGDXX,COAINT,,2,2031,,,,,,3.0
InputActivityRatio,B_Opt_IndiaCostsFuel,GLOBAL,PWRCCSBGDXX,COAINT,,2,2032,,,,,,3.0
InputActivityRatio,B_Opt_IndiaCostsFuel,GLOBAL,PWRCCSBGDXX,COAINT,,2,2033,,,,,,3.0
InputActivityRatio,B_Opt_IndiaCostsFuel,GLOBAL,PWRCCSBGDXX,COAINT,,2,2034,,,,,,3.0
InputActivityRatio,B_Opt_IndiaCostsFuel,GLOBAL,PWRCCSBGDXX,COAINT,,2,2035,,,,,,3.0
InputActivityRatio,B_Opt_IndiaCostsFuel,GLOBAL,PWRCCSBGDXX,COAINT,,2,2036,,,,,,3.0
InputActivityRatio,B_Opt_IndiaCostsFuel,GLOBAL,PWRCCSBGDXX,COAINT,,2,2037,,,,,,3.0
InputActivityRatio,B_Opt_IndiaCostsFuel,GLOBAL,PWRCCSBGDXX,COAINT,,2,2038,,,,,,3.0
InputActivityRatio,B_Opt_IndiaCostsFuel,GLOBAL,PWRCCSBGDXX,COAINT,,2,2039,,,,,,3.0
InputActivityRatio,B_Opt_IndiaCostsFuel,GLOBAL,PWRCCSBGDXX,COAINT,,2,2040,,,,,,3.0
InputActivityRatio,B_Opt_IndiaCostsFuel,GLOBAL,PWRCCSBGDXX,COAINT,,2,2041,,,,,,3.0
InputActivityRatio,B_Opt_IndiaCostsFuel,GLOBAL,PWRCCSBGDXX,COAINT,,2,2042,,,,,,3.0
InputActivityRatio,B_Opt_IndiaCostsFuel,GLOBAL,PWRCCSBGDXX,COAINT,,2,2043,,,,,,3.0
InputActivityRatio,B_Opt_IndiaCostsFuel,GLOBAL,PWRCCSBGDXX,COAINT,,2,2044,,,,,,3.0
InputActivityRatio,B_Opt_IndiaCostsFuel,GLOBAL,PWRCCSBGDXX,COAINT,,2,2045,,,,,,3.0
InputActivityRatio,B_Opt_IndiaCostsFuel,GLOBAL,PWRCCSBGDXX,COAINT,,2,2046,,,,,,3.0
InputActivityRatio,B_Opt_IndiaCostsFuel,GLOBAL,PWRCCSBGDXX,COAINT,,2,2047,,,,,,3.0
InputActivityRatio,B_Opt_IndiaCostsFuel,GLOBAL,PWRCCSBGDXX,COAINT,,2,2048,,,,,,3.0
InputActivityRatio,B_Opt_IndiaCostsFuel,GLOBAL,PWRCCSBGDXX,COAINT,,2,2049,,,,,,3.0
InputActivityRatio,B_Opt_IndiaCostsFuel,GLOBAL,PWRCCSBGDXX,COAINT,,2,2050,,,,,,3.0
InputActivityRatio,B_Opt_IndiaCostsFuel,GLOBAL,PWRCCSINDEA,COAIND,,1,2023,,,,,,3.0
InputActivityRatio,B_Opt_IndiaCostsFuel,GLOBAL,PWRCCSINDEA,COAIND,,1,2024,,,,,,3.0
InputActivityRatio,B_Opt_IndiaCostsFuel,GLOBAL,PWRCCSINDEA,COAIND,,1,2025,,,,,,3.0
InputActivityRatio,B_Opt_IndiaCostsFuel,GLOBAL,PWRCCSINDEA,COAIND,,1,2026,,,,,,3.0
InputActivityRatio,B_Opt_IndiaCostsFuel,GLOBAL,PWRCCSINDEA,COAIND,,1,2027,,,,,,3.0
InputActivityRatio,B_Opt_IndiaCostsFuel,GLOBAL,PWRCCSINDEA,COAIND,,1,2028,,,,,,3.0
InputActivityRatio,B_Opt_IndiaCostsFuel,GLOBAL,PWRCCSINDEA,COAIND,,1,2029,,,,,,3.0
InputActivityRatio,B_Opt_IndiaCostsFuel,GLOBAL,PWRCCSINDEA,COAIND,,1,2030,,,,,,3.0
InputActivityRatio,B_Opt_IndiaCostsFuel,GLOBAL,PWRCCSINDEA,COAIND,,1,2031,,,,,,3.0
InputActivityRatio,B_Opt_IndiaCostsFuel,GLOBAL,PWRCCSINDEA,COAIND,,1,2032,,,,,,3.0
InputActivityRatio,B_Opt_IndiaCostsFuel,GLOBAL,PWRCCSINDEA,COAIND,,1,2033,,,,,,3.0
InputActivityRatio,B_Opt_IndiaCostsFuel,GLOBAL,PWRCCSINDEA,COAIND,,1,2034,,,,,,3.0
InputActivityRatio,B_Opt_IndiaCostsFuel,GLOBAL,PWRCCSINDEA,COAIND,,1,2035,,,,,,3.0
InputActivityRatio,B_Opt_IndiaCostsFuel,GLOBAL,PWRCCSINDEA,COAIND,,1,2036,,,,,,3.0
InputActivityRatio,B_Opt_IndiaCostsFuel,GLOBAL,PWRCCSINDEA,COAIND,,1,2037,,,,,,3.0
InputActivityRatio,B_Opt_IndiaCostsFuel,GLOBAL,PWRCCSINDEA,COAIND,,1,2038,,,,,,3.0
InputActivityRatio,B_Opt_IndiaCostsFuel,GLOBAL,PWRCCSINDEA,COAIND,,1,2039,,,,,,3.0
InputActivityRatio,B_Opt_IndiaCostsFuel,GLOBAL,PWRCCSINDEA,COAIND,,1,2040,,,,,,3.0
InputActivityRatio,B_Opt_IndiaCostsFuel,GLOBAL,PWRCCSINDEA,COAIND,,1,2041,,,,,,3.0
InputActivityRatio,B_Opt_IndiaCostsFuel,GLOBAL,PWRCCSINDEA,COAIND,,1,2042,,,,,,3.0
InputActivityRatio,B_Opt_IndiaCostsFuel,GLOBAL,PWRCCSINDEA,COAIND,,1,2043,,,,,,3.0
InputActivityRatio,B_Opt_IndiaCostsFuel,GLOBAL,PWRCCSINDEA,COAIND,,1,2044,,,,,,3.0
InputActivityRatio,B_Opt_IndiaCostsFuel,GLOBAL,PWRCCSINDEA,COAIND,,1,2045,,,,,,3.0
InputActivityRatio,B_Opt_IndiaCostsFuel,GLOBAL,PWRCCSINDEA,COAIND,,1,2046,,,,,,3.0
InputActivityRatio,B_Opt_IndiaCostsFuel,GLOBAL,PWRCCSINDEA,COAIND,,1,2047,,,,,,3.0
InputActivityRatio,B_Opt_IndiaCostsFuel,GLOBAL,PWRCCSINDEA,COAIND,,1,2048,,,,,,3.0
InputActivityRatio,B_Opt_IndiaCostsFuel,GLOBAL,PWRCCSINDEA,COAIND,,1,2049,,,,,,3.0
InputActivityRatio,B_Opt_IndiaCostsFuel,GLOBAL,PWRCCSINDEA,COAIND,,1,2050,,,,,,3.0
InputActivityRatio,B_Opt_IndiaCostsFuel,GLOBAL,PWRCCSINDEA,COAINT,,2,2023,,,,,,3.0
InputActivityRatio,B_Opt_IndiaCostsFuel,GLOBAL,PWRCCSINDEA,COAINT,,2,2024,,,,,,3.0
InputActivityRatio,B_Opt_IndiaCostsFuel,GLOBAL,PWRCCSINDEA,COAINT,,2,2025,,,,,,3.0
InputActivityRatio,B_Opt_IndiaCostsFuel,GLOBAL,PWRCCSINDEA,COAINT,,2,2026,,,,,,3.0
InputActivityRatio,B_Opt_IndiaCostsFuel,GLOBAL,PWRCCSINDEA,COAINT,,2,2027,,,,,,3.0
InputActivityRatio,B_Opt_IndiaCostsFuel,GLOBAL,PWRCCSINDEA,COAINT,,2,2028,,,,,,3.0
InputActivityRatio,B_Opt_IndiaCostsFuel,GLOBAL,PWRCCSINDEA,COAINT,,2,2029,,,,,,3.0
InputActivityRatio,B_Opt_IndiaCostsFuel,GLOBAL,PWRCCSINDEA,COAINT,,2,2030,,,,,,3.0
InputActivityRatio,B_Opt_IndiaCostsFuel,GLOBAL,PWRCCSINDEA,COAINT,,2,2031,,,,,,3.0
InputActivityRatio,B_Opt_IndiaCostsFuel,GLOBAL,PWRCCSINDEA,COAINT,,2,2032,,,,,,3.0
InputActivityRatio,B_Opt_IndiaCostsFuel,GLOBAL,PWRCCSINDEA,COAINT,,2,2033,,,,,,3.0
InputActivityRatio,B_Opt_IndiaCostsFuel,GLOBAL,PWRCCSINDEA,COAINT,,2,2034,,,,,,3.0
InputActivityRatio,B_Opt_IndiaCostsFuel,GLOBAL,PWRCCSINDEA,COAINT,,2,2035,,,,,,3.0
InputActivityRatio,B_Opt_IndiaCostsFuel,GLOBAL,PWRCCSINDEA,COAINT,,2,2036,,,,,,3.0
InputActivityRatio,B_Opt_IndiaCostsFuel,GLOBAL,PWRCCSINDEA,COAINT,,2,2037,,,,,,3.0
InputActivityRatio,B_Opt_IndiaCostsFuel,GLOBAL,PWRCCSINDEA,COAINT,,2,2038,,,,,,3.0
InputActivityRatio,B_Opt_IndiaCostsFuel,GLOBAL,PWRCCSINDEA,COAINT,,2,2039,,,,,,3.0
InputActivityRatio,B_Opt_IndiaCostsFuel,GLOBAL,PWRCCSINDEA,COAINT,,2,2040,,,,,,3.0
InputActivityRatio,B_Opt_IndiaCostsFuel,GLOBAL,PWRCCSINDEA,COAINT,,2,2041,,,,,,3.0
InputActivityRatio,B_Opt_IndiaCostsFuel,GLOBAL,PWRCCSINDEA,COAINT,,2,2042,,,,,,3.0
InputActivityRatio,B_Opt_IndiaCostsFuel,GLOBAL,PWRCCSINDEA,COAINT,,2,2043,,,,,,3.0
InputActivityRatio,B_Opt_IndiaCostsFuel,GLOBAL,PWRCCSINDEA,COAINT,,2,2044,,,,,,3.0
InputActivityRatio,B_Opt_IndiaCostsFuel,GLOBAL,PWRCCSINDEA,COAINT,,2,2045,,,,,,3.0
InputActivityRatio,B_Opt_IndiaCostsFuel,GLOBAL,PWRCCSINDEA,COAINT,,2,2046,,,,,,3.0
InputActivityRatio,B_Opt_IndiaCostsFuel,GLOBAL,PWRCCSINDEA,COAINT,,2,2047,,,,,,3.0
InputActivityRatio,B_Opt_IndiaCostsFuel,GLOBAL,PWRCCSINDEA,COAINT,,2,2048,,,,,,3.0
InputActivityRatio,B_Opt_IndiaCostsFuel,GLOBAL,PWRCCSINDEA,COAINT,,2,2049,,,,,,3.0
InputActivityRatio,B_Opt_IndiaCostsFuel,GLOBAL,PWRCCSINDEA,COAINT,,2,2050,,,,,,3.0
InputActivityRatio,B_Opt_IndiaCostsFuel,GLOBAL,PWRCCSINDNE,COAIND,,1,2023,,,,,,3.0
InputActivityRatio,B_Opt_IndiaCostsFuel,GLOBAL,PWRCCSINDNE,COAIND,,1,2024,,,,,,3.0
InputActivityRatio,B_Opt_IndiaCostsFuel,GLOBAL,PWRCCSINDNE,COAIND,,1,2025,,,,,,3.0
InputActivityRatio,B_Opt_IndiaCostsFuel,GLOBAL,PWRCCSINDNE,COAIND,,1,2026,,,,,,3.0
InputActivityRatio,B_Opt_IndiaCostsFuel,GLOBAL,PWRCCSINDNE,COAIND,,1,2027,,,,,,3.0
InputActivityRatio,B_Opt_IndiaCostsFuel,GLOBAL,PWRCCSINDNE,COAIND,,1,2028,,,,,,3.0
InputActivityRatio,B_Opt_IndiaCostsFuel,GLOBAL,PWRCCSINDNE,COAIND,,1,2029,,,,,,3.0
InputActivityRatio,B_Opt_IndiaCostsFuel,GLOBAL,PWRCCSINDNE,COAIND,,1,2030,,,,,,3.0
InputActivityRatio,B_Opt_IndiaCostsFuel,GLOBAL,PWRCCSINDNE,COAIND,,1,2031,,,,,,3.0
InputActivityRatio,B_Opt_IndiaCostsFuel,GLOBAL,PWRCCSINDNE,COAIND,,1,2032,,,,,,3.0
InputActivityRatio,B_Opt_IndiaCostsFuel,GLOBAL,PWRCCSINDNE,COAIND,,1,2033,,,,,,3.0
InputActivityRatio,B_Opt_IndiaCostsFuel,GLOBAL,PWRCCSINDNE,COAIND,,1,2034,,,,,,3.0
InputActivityRatio,B_Opt_IndiaCostsFuel,GLOBAL,PWRCCSINDNE,COAIND,,1,2035,,,,,,3.0
InputActivityRatio,B_Opt_IndiaCostsFuel,GLOBAL,PWRCCSINDNE,COAIND,,1,2036,,,,,,3.0
InputActivityRatio,B_Opt_IndiaCostsFuel,GLOBAL,PWRCCSINDNE,COAIND,,1,2037,,,,,,3.0
InputActivityRatio,B_Opt_IndiaCostsFuel,GLOBAL,PWRCCSINDNE,COAIND,,1,2038,,,,,,3.0
InputActivityRatio,B_Opt_IndiaCostsFuel,GLOBAL,PWRCCSINDNE,COAIND,,1,2039,,,,,,3.0
InputActivityRatio,B_Opt_IndiaCostsFuel,GLOBAL,PWRCCSINDNE,COAIND,,1,2040,,,,,,3.0
InputActivityRatio,B_Opt_IndiaCostsFuel,GLOBAL,PWRCCSINDNE,COAIND,,1,2041,,,,,,3.0
InputActivityRatio,B_Opt_IndiaCostsFuel,GLOBAL,PWRCCSINDNE,COAIND,,1,2042,,,,,,3.0
InputActivityRatio,B_Opt_IndiaCostsFuel,GLOBAL,PWRCCSINDNE,COAIND,,1,2043,,,,,,3.0
InputActivityRatio,B_Opt_IndiaCostsFuel,GLOBAL,PWRCCSINDNE,COAIND,,1,2044,,,,,,3.0
InputActivityRatio,B_Opt_IndiaCostsFuel,GLOBAL,PWRCCSINDNE,COAIND,,1,2045,,,,,,3.0
InputActivityRatio,B_Opt_IndiaCostsFuel,GLOBAL,PWRCCSINDNE,COAIND,,1,2046,,,,,,3.0
InputActivityRatio,B_Opt_IndiaCostsFuel,GLOBAL,PWRCCSINDNE,COAIND,,1,2047,,,,,,3.0
InputActivityRatio,B_Opt_IndiaCostsFuel,GLOBAL,PWRCCSINDNE,COAIND,,1,2048,,,,,,3.0
InputActivityRatio,B_Opt_IndiaCostsFuel,GLOBAL,PWRCCSINDNE,COAIND,,1,2049,,,,,,3.0
InputActivityRatio,B_Opt_IndiaCostsFuel,GLOBAL,PWRCCSINDNE,COAIND,,1,2050,,,,,,3.0
InputActivityRatio,B_Opt_IndiaCostsFuel,GLOBAL,PWRCCSINDNE,COAINT,,2,2023,,,,,,3.0
InputActivityRatio,B_Opt_IndiaCostsFuel,GLOBAL,PWRCCSINDNE,COAINT,,2,2024,,,,,,3.0
InputActivityRatio,B_Opt_IndiaCostsFuel,GLOBAL,PWRCCSINDNE,COAINT,,2,2025,,,,,,3.0
InputActivityRatio,B_Opt_IndiaCostsFuel,GLOBAL,PWRCCSINDNE,COAINT,,2,2026,,,,,,3.0
InputActivityRatio,B_Opt_IndiaCostsFuel,GLOBAL,PWRCCSINDNE,COAINT,,2,2027,,,,,,3.0
InputActivityRatio,B_Opt_IndiaCostsFuel,GLOBAL,PWRCCSINDNE,COAINT,,2,2028,,,,,,3.0
InputActivityRatio,B_Opt_IndiaCostsFuel,GLOBAL,PWRCCSINDNE,COAINT,,2,2029,,,,,,3.0
InputActivityRatio,B_Opt_IndiaCostsFuel,GLOBAL,PWRCCSINDNE,COAINT,,2,2030,,,,,,3.0
InputActivityRatio,B_Opt_IndiaCostsFuel,GLOBAL,PWRCCSINDNE,COAINT,,2,2031,,,,,,3.0
InputActivityRatio,B_Opt_IndiaCostsFuel,GLOBAL,PWRCCSINDNE,COAINT,,2,2032,,,,,,3.0
InputActivityRatio,B_Opt_IndiaCostsFuel,GLOBAL,PWRCCSINDNE,COAINT,,2,2033,,,,,,3.0
InputActivityRatio,B_Opt_IndiaCostsFuel,GLOBAL,PWRCCSINDNE,COAINT,,2,2034,,,,,,3.0
InputActivityRatio,B_Opt_IndiaCostsFuel,GLOBAL,PWRCCSINDNE,COAINT,,2,2035,,,,,,3.0
InputActivityRatio,B_Opt_IndiaCostsFuel,GLOBAL,PWRCCSINDNE,COAINT,,2,2036,,,,,,3.0
InputActivityRatio,B_Opt_IndiaCostsFuel,GLOBAL,PWRCCSINDNE,COAINT,,2,2037,,,,,,3.0
InputActivityRatio,B_Opt_IndiaCostsFuel,GLOBAL,PWRCCSINDNE,COAINT,,2,2038,,,,,,3.0
InputActivityRatio,B_Opt_IndiaCostsFuel,GLOBAL,PWRCCSINDNE,COAINT,,2,2039,,,,,,3.0
InputActivityRatio,B_Opt_IndiaCostsFuel,GLOBAL,PWRCCSINDNE,COAINT,,2,2040,,,,,,3.0
InputActivityRatio,B_Opt_IndiaCostsFuel,GLOBAL,PWRCCSINDNE,COAINT,,2,2041,,,,,,3.0
InputActivityRatio,B_Opt_IndiaCostsFuel,GLOBAL,PWRCCSINDNE,COAINT,,2,2042,,,,,,3.0
InputActivityRatio,B_Opt_IndiaCostsFuel,GLOBAL,PWRCCSINDNE,COAINT,,2,2043,,,,,,3.0
InputActivityRatio,B_Opt_IndiaCostsFuel,GLOBAL,PWRCCSINDNE,COAINT,,2,2044,,,,,,3.0
InputActivityRatio,B_Opt_IndiaCostsFuel,GLOBAL,PWRCCSINDNE,COAINT,,2,2045,,,,,,3.0
InputActivityRatio,B_Opt_IndiaCostsFuel,GLOBAL,PWRCCSINDNE,COAINT,,2,2046,,,,,,3.0
InputActivityRatio,B_Opt_IndiaCostsFuel,GLOBAL,PWRCCSINDNE,COAINT,,2,2047,,,,,,3.0
InputActivityRatio,B_Opt_IndiaCostsFuel,GLOBAL,PWRCCSINDNE,COAINT,,2,2048,,,,,,3.0
InputActivityRatio,B_Opt_IndiaCostsFuel,GLOBAL,PWRCCSINDNE,COAINT,,2,2049,,,,,,3.0
InputActivityRatio,B_Opt_IndiaCostsFuel,GLOBAL,PWRCCSINDNE,COAINT,,2,2050,,,,,,3.0
InputActivityRatio,B_Opt_IndiaCostsFuel,GLOBAL,PWRCCSINDNO,COAIND,,1,2023,,,,,,3.0
InputActivityRatio,B_Opt_IndiaCostsFuel,GLOBAL,PWRCCSINDNO,COAIND,,1,2024,,,,,,3.0
InputActivityRatio,B_Opt_IndiaCostsFuel,GLOBAL,PWRCCSINDNO,COAIND,,1,2025,,,,,,3.0
InputActivityRatio,B_Opt_IndiaCostsFuel,GLOBAL,PWRCCSINDNO,COAIND,,1,2026,,,,,,3.0
InputActivityRatio,B_Opt_IndiaCostsFuel,GLOBAL,PWRCCSINDNO,COAIND,,1,2027,,,,,,3.0
InputActivityRatio,B_Opt_IndiaCostsFuel,GLOBAL,PWRCCSINDNO,COAIND,,1,2028,,,,,,3.0
InputActivityRatio,B_Opt_IndiaCostsFuel,GLOBAL,PWRCCSINDNO,COAIND,,1,2029,,,,,,3.0
InputActivityRatio,B_Opt_IndiaCostsFuel,GLOBAL,PWRCCSINDNO,COAIND,,1,2030,,,,,,3.0
InputActivityRatio,B_Opt_IndiaCostsFuel,GLOBAL,PWRCCSINDNO,COAIND,,1,2031,,,,,,3.0
InputActivityRatio,B_Opt_IndiaCostsFuel,GLOBAL,PWRCCSINDNO,COAIND,,1,2032,,,,,,3.0
InputActivityRatio,B_Opt_IndiaCostsFuel,GLOBAL,PWRCCSINDNO,COAIND,,1,2033,,,,,,3.0
InputActivityRatio,B_Opt_IndiaCostsFuel,GLOBAL,PWRCCSINDNO,COAIND,,1,2034,,,,,,3.0
InputActivityRatio,B_Opt_IndiaCostsFuel,GLOBAL,PWRCCSINDNO,COAIND,,1,2035,,,,,,3.0
InputActivityRatio,B_Opt_IndiaCostsFuel,GLOBAL,PWRCCSINDNO,COAIND,,1,2036,,,,,,3.0
InputActivityRatio,B_Opt_IndiaCostsFuel,GLOBAL,PWRCCSINDNO,COAIND,,1,2037,,,,,,3.0
InputActivityRatio,B_Opt_IndiaCostsFuel,GLOBAL,PWRCCSINDNO,COAIND,,1,2038,,,,,,3.0
InputActivityRatio,B_Opt_IndiaCostsFuel,GLOBAL,PWRCCSINDNO,COAIND,,1,2039,,,,,,3.0
InputActivityRatio,B_Opt_IndiaCostsFuel,GLOBAL,PWRCCSINDNO,COAIND,,1,2040,,,,,,3.0
InputActivityRatio,B_Opt_IndiaCostsFuel,GLOBAL,PWRCCSINDNO,COAIND,,1,2041,,,,,,3.0
InputActivityRatio,B_Opt_IndiaCostsFuel,GLOBAL,PWRCCSINDNO,COAIND,,1,2042,,,,,,3.0
InputActivityRatio,B_Opt_IndiaCostsFuel,GLOBAL,PWRCCSINDNO,COAIND,,1,2043,,,,,,3.0
InputActivityRatio,B_Opt_IndiaCostsFuel,GLOBAL,PWRCCSINDNO,COAIND,,1,2044,,,,,,3.0
InputActivityRatio,B_Opt_IndiaCostsFuel,GLOBAL,PWRCCSINDNO,COAIND,,1,2045,,,,,,3.0
InputActivityRatio,B_Opt_IndiaCostsFuel,GLOBAL,PWRCCSINDNO,COAIND,,1,2046,,,,,,3.0
InputActivityRatio,B_Opt_IndiaCostsFuel,GLOBAL,PWRCCSINDNO,COAIND,,1,2047,,,,,,3.0
InputActivityRatio,B_Opt_IndiaCostsFuel,GLOBAL,PWRCCSINDNO,COAIND,,1,2048,,,,,,3.0
InputActivityRatio,B_Opt_IndiaCostsFuel,GLOBAL,PWRCCSINDNO,COAIND,,1,2049,,,,,,3.0
InputActivityRatio,B_Opt_IndiaCostsFuel,GLOBAL,PWRCCSINDNO,COAIND,,1,2050,,,,,,3.0
InputActivityRatio,B_Opt_IndiaCostsFuel,GLOBAL,PWRCCSINDNO,COAINT,,2,2023,,,,,,3.0
InputActivityRatio,B_Opt_IndiaCostsFuel,GLOBAL,PWRCCSINDNO,COAINT,,2,2024,,,,,,3.0
InputActivityRatio,B_Opt_IndiaCostsFuel,GLOBAL,PWRCCSINDNO,COAINT,,2,2025,,,,,,3.0
InputActivityRatio,B_Opt_IndiaCostsFuel,GLOBAL,PWRCCSINDNO,COAINT,,2,2026,,,,,,3.0
InputActivityRatio,B_Opt_IndiaCostsFuel,GLOBAL,PWRCCSINDNO,COAINT,,2,2027,,,,,,3.0
InputActivityRatio,B_Opt_IndiaCostsFuel,GLOBAL,PWRCCSINDNO,COAINT,,2,2028,,,,,,3.0
InputActivityRatio,B_Opt_IndiaCostsFuel,GLOBAL,PWRCCSINDNO,COAINT,,2,2029,,,,,,3.0
InputActivityRatio,B_Opt_IndiaCostsFuel,GLOBAL,PWRCCSINDNO,COAINT,,2,2030,,,,,,3.0
InputActivityRatio,B_Opt_IndiaCostsFuel,GLOBAL,PWRCCSINDNO,COAINT,,2,2031,,,,,,3.0
InputActivityRatio,B_Opt_IndiaCostsFuel,GLOBAL,PWRCCSINDNO,COAINT,,2,2032,,,,,,3.0
InputActivityRatio,B_Opt_IndiaCostsFuel,GLOBAL,PWRCCSINDNO,COAINT,,2,2033,,,,,,3.0
InputActivityRatio,B_Opt_IndiaCostsFuel,GLOBAL,PWRCCSINDNO,COAINT,,2,2034,,,,,,3.0
InputActivityRatio,B_Opt_IndiaCostsFuel,GLOBAL,PWRCCSINDNO,COAINT,,2,2035,,,,,,3.0
InputActivityRatio,B_Opt_IndiaCostsFuel,GLOBAL,PWRCCSINDNO,COAINT,,2,2036,,,,,,3.0
InputActivityRatio,B_Opt_IndiaCostsFuel,GLOBAL,PWRCCSINDNO,COAINT,,2,2037,,,,,,3.0
InputActivityRatio,B_Opt_IndiaCostsFuel,GLOBAL,PWRCCSINDNO,COAINT,,2,2038,,,,,,3.0
InputActivityRatio,B_Opt_IndiaCostsFuel,GLOBAL,PWRCCSINDNO,COAINT,,2,2039,,,,,,3.0
InputActivityRatio,B_Opt_IndiaCostsFuel,GLOBAL,PWRCCSINDNO,COAINT,,2,2040,,,,,,3.0
InputActivityRatio,B_Opt_IndiaCostsFuel,GLOBAL,PWRCCSINDNO,COAINT,,2,2041,,,,,,3.0
InputActivityRatio,B_Opt_IndiaCostsFuel,GLOBAL,PWRCCSINDNO,COAINT,,2,2042,,,,,,3.0
InputActivityRatio,B_Opt_IndiaCostsFuel,GLOBAL,PWRCCSINDNO,COAINT,,2,2043,,,,,,3.0
InputActivityRatio,B_Opt_IndiaCostsFuel,GLOBAL,PWRCCSINDNO,COAINT,,2,2044,,,,,,3.0
InputActivityRatio,B_Opt_IndiaCostsFuel,GLOBAL,PWRCCSINDNO,COAINT,,2,2045,,,,,,3.0
InputActivityRatio,B_Opt_IndiaCostsFuel,GLOBAL,PWRCCSINDNO,COAINT,,2,2046,,,,,,3.0
InputActivityRatio,B_Opt_IndiaCostsFuel,GLOBAL,PWRCCSINDNO,COAINT,,2,2047,,,,,,3.0
InputActivityRatio,B_Opt_IndiaCostsFuel,GLOBAL,PWRCCSINDNO,COAINT,,2,2048,,,,,,3.0
InputActivityRatio,B_Opt_IndiaCostsFuel,GLOBAL,PWRCCSINDNO,COAINT,,2,2049,,,,,,3.0
InputActivityRatio,B_Opt_IndiaCostsFuel,GLOBAL,PWRCCSINDNO,COAINT,,2,2050,,,,,,3.0
InputActivityRatio,B_Opt_IndiaCostsFuel,GLOBAL,PWRCCSINDSO,COAIND,,1,2023,,,,,,3.0
InputActivityRatio,B_Opt_IndiaCostsFuel,GLOBAL,PWRCCSINDSO,COAIND,,1,2024,,,,,,3.0
InputActivityRatio,B_Opt_IndiaCostsFuel,GLOBAL,PWRCCSINDSO,COAIND,,1,2025,,,,,,3.0
InputActivityRatio,B_Opt_IndiaCostsFuel,GLOBAL,PWRCCSINDSO,COAIND,,1,2026,,,,,,3.0
InputActivityRatio,B_Opt_IndiaCostsFuel,GLOBAL,PWRCCSINDSO,COAIND,,1,2027,,,,,,3.0
InputActivityRatio,B_Opt_IndiaCostsFuel,GLOBAL,PWRCCSINDSO,COAIND,,1,2028,,,,,,3.0
InputActivityRatio,B_Opt_IndiaCostsFuel,GLOBAL,PWRCCSINDSO,COAIND,,1,2029,,,,,,3.0
InputActivityRatio,B_Opt_IndiaCostsFuel,GLOBAL,PWRCCSINDSO,COAIND,,1,2030,,,,,,3.0
InputActivityRatio,B_Opt_IndiaCostsFuel,GLOBAL,PWRCCSINDSO,COAIND,,1,2031,,,,,,3.0
InputActivityRatio,B_Opt_IndiaCostsFuel,GLOBAL,PWRCCSINDSO,COAIND,,1,2032,,,,,,3.0
InputActivityRatio,B_Opt_IndiaCostsFuel,GLOBAL,PWRCCSINDSO,COAIND,,1,2033,,,,,,3.0
InputActivityRatio,B_Opt_IndiaCostsFuel,GLOBAL,PWRCCSINDSO,COAIND,,1,2034,,,,,,3.0
InputActivityRatio,B_Opt_IndiaCostsFuel,GLOBAL,PWRCCSINDSO,COAIND,,1,2035,,,,,,3.0
InputActivityRatio,B_Opt_IndiaCostsFuel,GLOBAL,PWRCCSINDSO,COAIND,,1,2036,,,,,,3.0
InputActivityRatio,B_Opt_IndiaCostsFuel,GLOBAL,PWRCCSINDSO,COAIND,,1,2037,,,,,,3.0
InputActivityRatio,B_Opt_IndiaCostsFuel,GLOBAL,PWRCCSINDSO,COAIND,,1,2038,,,,,,3.0
InputActivityRatio,B_Opt_IndiaCostsFuel,GLOBAL,PWRCCSINDSO,COAIND,,1,2039,,,,,,3.0
InputActivityRatio,B_Opt_IndiaCostsFuel,GLOBAL,PWRCCSINDSO,COAIND,,1,2040,,,,,,3.0
InputActivityRatio,B_Opt_IndiaCostsFuel,GLOBAL,PWRCCSINDSO,COAIND,,1,2041,,,,,,3.0
InputActivityRatio,B_Opt_IndiaCostsFuel,GLOBAL,PWRCCSINDSO,COAIND,,1,2042,,,,,,3.0
InputActivityRatio,B_Opt_IndiaCostsFuel,GLOBAL,PWRCCSINDSO,COAIND,,1,2043,,,,,,3.0
InputActivityRatio,B_Opt_IndiaCostsFuel,GLOBAL,PWRCCSINDSO,COAIND,,1,2044,,,,,,3.0
InputActivityRatio,B_Opt_IndiaCostsFuel,GLOBAL,PWRCCSINDSO,COAIND,,1,2045,,,,,,3.0
InputActivityRatio,B_Opt_IndiaCostsFuel,GLOBAL,PWRCCSINDSO,COAIND,,1,2046,,,,,,3.0
InputActivityRatio,B_Opt_IndiaCostsFuel,GLOBAL,PWRCCSINDSO,COAIND,,1,2047,,,,,,3.0
InputActivityRatio,B_Opt_IndiaCostsFuel,GLOBAL,PWRCCSINDSO,COAIND,,1,2048,,,,,,3.0
InputActivityRatio,B_Opt_IndiaCostsFuel,GLOBAL,PWRCCSINDSO,COAIND,,1,2049,,,,,,3.0
InputActivityRatio,B_Opt_IndiaCostsFuel,GLOBAL,PWRCCSINDSO,COAIND,,1,2050,,,,,,3.0
InputActivityRatio,B_Opt_IndiaCostsFuel,GLOBAL,PWRCCSINDSO,COAINT,,2,2023,,,,,,3.0
InputActivityRatio,B_Opt_IndiaCostsFuel,GLOBAL,PWRCCSINDSO,COAINT,,2,2024,,,,,,3.0
InputActivityRatio,B_Opt_IndiaCostsFuel,GLOBAL,PWRCCSINDSO,COAINT,,2,2025,,,,,,3.0
InputActivityRatio,B_Opt_IndiaCostsFuel,GLOBAL,PWRCCSINDSO,COAINT,,2,2026,,,,,,3.0
InputActivityRatio,B_Opt_IndiaCostsFuel,GLOBAL,PWRCCSINDSO,COAINT,,2,2027,,,,,,3.0
InputActivityRatio,B_Opt_IndiaCostsFuel,GLOBAL,PWRCCSINDSO,COAINT,,2,2028,,,,,,3.0
InputActivityRatio,B_Opt_IndiaCostsFuel,GLOBAL,PWRCCSINDSO,COAINT,,2,2029,,,,,,3.0
InputActivityRatio,B_Opt_IndiaCostsFuel,GLOBAL,PWRCCSINDSO,COAINT,,2,2030,,,,,,3.0
InputActivityRatio,B_Opt_IndiaCostsFuel,GLOBAL,PWRCCSINDSO,COAINT,,2,2031,,,,,,3.0
InputActivityRatio,B_Opt_IndiaCostsFuel,GLOBAL,PWRCCSINDSO,COAINT,,2,2032,,,,,,3.0
InputActivityRatio,B_Opt_IndiaCostsFuel,GLOBAL,PWRCCSINDSO,COAINT,,2,2033,,,,,,3.0
InputActivityRatio,B_Opt_IndiaCostsFuel,GLOBAL,PWRCCSINDSO,COAINT,,2,2034,,,,,,3.0
InputActivityRatio,B_Opt_IndiaCostsFuel,GLOBAL,PWRCCSINDSO,COAINT,,2,2035,,,,,,3.0
InputActivityRatio,B_Opt_IndiaCostsFuel,GLOBAL,PWRCCSINDSO,COAINT,,2,2036,,,,,,3.0
InputActivityRatio,B_Opt_IndiaCostsFuel,GLOBAL,PWRCCSINDSO,COAINT,,2,2037,,,,,,3.0
InputActivityRatio,B_Opt_IndiaCostsFuel,GLOBAL,PWRCCSINDSO,COAINT,,2,2038,,,,,,3.0
InputActivityRatio,B_Opt_IndiaCostsFuel,GLOBAL,PWRCCSINDSO,COAINT,,2,2039,,,,,,3.0
InputActivityRatio,B_Opt_IndiaCostsFuel,GLOBAL,PWRCCSINDSO,COAINT,,2,2040,,,,,,3.0
InputActivityRatio,B_Opt_IndiaCostsFuel,GLOBAL,PWRCCSINDSO,COAINT,,2,2041,,,,,,3.0
InputActivityRatio,B_Opt_IndiaCostsFuel,GLOBAL,PWRCCSINDSO,COAINT,,2,2042,,,,,,3.0
InputActivityRatio,B_Opt_IndiaCostsFuel,GLOBAL,PWRCCSINDSO,COAINT,,2,2043,,,,,,3.0
InputActivityRatio,B_Opt_IndiaCostsFuel,GLOBAL,PWRCCSINDSO,COAINT,,2,2044,,,,,,3.0
InputActivityRatio,B_Opt_IndiaCostsFuel,GLOBAL,PWRCCSINDSO,COAINT,,2,2045,,,,,,3.0
InputActivityRatio,B_Opt_IndiaCostsFuel,GLOBAL,PWRCCSINDSO,COAINT,,2,2046,,,,,,3.0
InputActivityRatio,B_Opt_IndiaCostsFuel,GLOBAL,PWRCCSINDSO,COAINT,,2,2047,,,,,,3.0
InputActivityRatio,B_Opt_IndiaCostsFuel,GLOBAL,PWRCCSINDSO,COAINT,,2,2048,,,,,,3.0
InputActivityRatio,B_Opt_IndiaCostsFuel,GLOBAL,PWRCCSINDSO,COAINT,,2,2049,,,,,,3.0
InputActivityRatio,B_Opt_IndiaCostsFuel,GLOBAL,PWRCCSINDSO,COAINT,,2,2050,,,,,,3.0
InputActivityRatio,B_Opt_IndiaCostsFuel,GLOBAL,PWRCCSINDWE,COAIND,,1,2023,,,,,,3.0
InputActivityRatio,B_Opt_IndiaCostsFuel,GLOBAL,PWRCCSINDWE,COAIND,,1,2024,,,,,,3.0
InputActivityRatio,B_Opt_IndiaCostsFuel,GLOBAL,PWRCCSINDWE,COAIND,,1,2025,,,,,,3.0
InputActivityRatio,B_Opt_IndiaCostsFuel,GLOBAL,PWRCCSINDWE,COAIND,,1,2026,,,,,,3.0
InputActivityRatio,B_Opt_IndiaCostsFuel,GLOBAL,PWRCCSINDWE,COAIND,,1,2027,,,,,,3.0
InputActivityRatio,B_Opt_IndiaCostsFuel,GLOBAL,PWRCCSINDWE,COAIND,,1,2028,,,,,,3.0
InputActivityRatio,B_Opt_IndiaCostsFuel,GLOBAL,PWRCCSINDWE,COAIND,,1,2029,,,,,,3.0
InputActivityRatio,B_Opt_IndiaCostsFuel,GLOBAL,PWRCCSINDWE,COAIND,,1,2030,,,,,,3.0
InputActivityRatio,B_Opt_IndiaCostsFuel,GLOBAL,PWRCCSINDWE,COAIND,,1,2031,,,,,,3.0
InputActivityRatio,B_Opt_IndiaCostsFuel,GLOBAL,PWRCCSINDWE,COAIND,,1,2032,,,,,,3.0
InputActivityRatio,B_Opt_IndiaCostsFuel,GLOBAL,PWRCCSINDWE,COAIND,,1,2033,,,,,,3.0
InputActivityRatio,B_Opt_IndiaCostsFuel,GLOBAL,PWRCCSINDWE,COAIND,,1,2034,,,,,,3.0
InputActivityRatio,B_Opt_IndiaCostsFuel,GLOBAL,PWRCCSINDWE,COAIND,,1,2035,,,,,,3.0
InputActivityRatio,B_Opt_IndiaCostsFuel,GLOBAL,PWRCCSINDWE,COAIND,,1,2036,,,,,,3.0
InputActivityRatio,B_Opt_IndiaCostsFuel,GLOBAL,PWRCCSINDWE,COAIND,,1,2037,,,,,,3.0
InputActivityRatio,B_Opt_IndiaCostsFuel,GLOBAL,PWRCCSINDWE,COAIND,,1,2038,,,,,,3.0
InputActivityRatio,B_Opt_IndiaCostsFuel,GLOBAL,PWRCCSINDWE,COAIND,,1,2039,,,,,,3.0
InputActivityRatio,B_Opt_IndiaCostsFuel,GLOBAL,PWRCCSINDWE,COAIND,,1,2040,,,,,,3.0
InputActivityRatio,B_Opt_IndiaCostsFuel,GLOBAL,PWRCCSINDWE,COAIND,,1,2041,,,,,,3.0
InputActivityRatio,B_Opt_IndiaCostsFuel,GLOBAL,PWRCCSINDWE,COAIND,,1,2042,,,,,,3.0
InputActivityRatio,B_Opt_IndiaCostsFuel,GLOBAL,PWRCCSINDWE,COAIND,,1,2043,,,,,,3.0
InputActivityRatio,B_Opt_IndiaCostsFuel,GLOBAL,PWRCCSINDWE,COAIND,,1,2044,,,,,,3.0
InputActivityRatio,B_Opt_IndiaCostsFuel,GLOBAL,PWRCCSINDWE,COAIND,,1,2045,,,,,,3.0
InputActivityRatio,B_Opt_IndiaCostsFuel,GLOBAL,PWRCCSINDWE,COAIND,,1,2046,,,,,,3.0
InputActivityRatio,B_Opt_IndiaCostsFuel,GLOBAL,PWRCCSINDWE,COAIND,,1,2047,,,,,,3.0
InputActivityRatio,B_Opt_IndiaCostsFuel,GLOBAL,PWRCCSINDWE,COAIND,,1,2048,,,,,,3.0
InputActivityRatio,B_Opt_IndiaCostsFuel,GLOBAL,PWRCCSINDWE,COAIND,,1,2049,,,,,,3.0
InputActivityRatio,B_Opt_IndiaCostsFuel,GLOBAL,PWRCCSINDWE,COAIND,,1,2050,,,,,,3.0
InputActivityRatio,B_Opt_IndiaCostsFuel,GLOBAL,PWRCCSINDWE,COAINT,,2,2023,,,,,,3.0
InputActivityRatio,B_Opt_IndiaCostsFuel,GLOBAL,PWRCCSINDWE,COAINT,,2,2024,,,,,,3.0
InputActivityRatio,B_Opt_IndiaCostsFuel,GLOBAL,PWRCCSINDWE,COAINT,,2,2025,,,,,,3.0
InputActivityRatio,B_Opt_IndiaCostsFuel,GLOBAL,PWRCCSINDWE,COAINT,,2,2026,,,,,,3.0
InputActivityRatio,B_Opt_IndiaCostsFuel,GLOBAL,PWRCCSINDWE,COAINT,,2,2027,,,,,,3.0
InputActivityRatio,B_Opt_IndiaCostsFuel,GLOBAL,PWRCCSINDWE,COAINT,,2,2028,,,,,,3.0
InputActivityRatio,B_Opt_IndiaCostsFuel,GLOBAL,PWRCCSINDWE,COAINT,,2,2029,,,,,,3.0
InputActivityRatio,B_Opt_IndiaCostsFuel,GLOBAL,PWRCCSINDWE,COAINT,,2,2030,,,,,,3.0
InputActivityRatio,B_Opt_IndiaCostsFuel,GLOBAL,PWRCCSINDWE,COAINT,,2,2031,,,,,,3.0
InputActivityRatio,B_Opt_IndiaCostsFuel,GLOBAL,PWRCCSINDWE,COAINT,,2,2032,,,,,,3.0
InputActivityRatio,B_Opt_IndiaCostsFuel,GLOBAL,PWRCCSINDWE,COAINT,,2,2033,,,,,,3.0
InputActivityRatio,B_Opt_IndiaCostsFuel,GLOBAL,PWRCCSINDWE,COAINT,,2,2034,,,,,,3.0
InputActivityRatio,B_Opt_IndiaCostsFuel,GLOBAL,PWRCCSINDWE,COAINT,,2,2035,,,,,,3.0
InputActivityRatio,B_Opt_IndiaCostsFuel,GLOBAL,PWRCCSINDWE,COAINT,,2,2036,,,,,,3.0
InputActivityRatio,B_Opt_IndiaCostsFuel,GLOBAL,PWRCCSINDWE,COAINT,,2,2037,,,,,,3.0
InputActivityRatio,B_Opt_IndiaCostsFuel,GLOBAL,PWRCCSINDWE,COAINT,,2,2038,,,,,,3.0
InputActivityRatio,B_Opt_IndiaCostsFuel,GLOBAL,PWRCCSINDWE,COAINT,,2,2039,,,,,,3.0
InputActivityRatio,B_Opt_IndiaCostsFuel,GLOBAL,PWRCCSINDWE,COAINT,,2,2040,,,,,,3.0
InputActivityRatio,B_Opt_IndiaCostsFuel,GLOBAL,PWRCCSINDWE,COAINT,,2,2041,,,,,,3.0
InputActivityRatio,B_Opt_IndiaCostsFuel,GLOBAL,PWRCCSINDWE,COAINT,,2,2042,,,,,,3.0
InputActivityRatio,B_Opt_IndiaCostsFuel,GLOBAL,PWRCCSINDWE,COAINT,,2,2043,,,,,,3.0
InputActivityRatio,B_Opt_IndiaCostsFuel,GLOBAL,PWRCCSINDWE,COAINT,,2,2044,,,,,,3.0
InputActivityRatio,B_Opt_IndiaCostsFuel,GLOBAL,PWRCCSINDWE,COAINT,,2,2045,,,,,,3.0
InputActivityRatio,B_Opt_IndiaCostsFuel,GLOBAL,PWRCCSINDWE,COAINT,,2,2046,,,,,,3.0
InputActivityRatio,B_Opt_IndiaCostsFuel,GLOBAL,PWRCCSINDWE,COAINT,,2,2047,,,,,,3.0
InputActivityRatio,B_Opt_IndiaCostsFuel,GLOBAL,PWRCCSINDWE,COAINT,,2,2048,,,,,,3.0
InputActivityRatio,B_Opt_IndiaCostsFuel,GLOBAL,PWRCCSINDWE,COAINT,,2,2049,,,,,,3.0
InputActivityRatio,B_Opt_IndiaCostsFuel,GLOBAL,PWRCCSINDWE,COAINT,,2,2050,,,,,,3.0
InputActivityRatio,B_Opt_IndiaCostsFuel,GLOBAL,PWRCOABGDXX,COABGD,,1,2023,,,,,,2.92
InputActivityRatio,B_Opt_IndiaCostsFuel,GLOBAL,PWRCOABGDXX,COABGD,,1,2024,,,,,,2.92
InputActivityRatio,B_Opt_IndiaCostsFuel,GLOBAL,PWRCOABGDXX,COABGD,,1,2025,,,,,,2.92
InputActivityRatio,B_Opt_IndiaCostsFuel,GLOBAL,PWRCOABGDXX,COABGD,,1,2026,,,,,,2.92
InputActivityRatio,B_Opt_IndiaCostsFuel,GLOBAL,PWRCOABGDXX,COABGD,,1,2027,,,,,,2.92
InputActivityRatio,B_Opt_IndiaCostsFuel,GLOBAL,PWRCOABGDXX,COABGD,,1,2028,,,,,,2.92
InputActivityRatio,B_Opt_IndiaCostsFuel,GLOBAL,PWRCOABGDXX,COABGD,,1,2029,,,,,,2.92
InputActivityRatio,B_Opt_IndiaCostsFuel,GLOBAL,PWRCOABGDXX,COABGD,,1,2030,,,,,,2.92
InputActivityRatio,B_Opt_IndiaCostsFuel,GLOBAL,PWRCOABGDXX,COABGD,,1,2031,,,,,,2.92
InputActivityRatio,B_Opt_IndiaCostsFuel,GLOBAL,PWRCOABGDXX,COABGD,,1,2032,,,,,,2.92
InputActivityRatio,B_Opt_IndiaCostsFuel,GLOBAL,PWRCOABGDXX,COABGD,,1,2033,,,,,,2.92
InputActivityRatio,B_Opt_IndiaCostsFuel,GLOBAL,PWRCOABGDXX,COABGD,,1,2034,,,,,,2.92
InputActivityRatio,B_Opt_IndiaCostsFuel,GLOBAL,PWRCOABGDXX,COABGD,,1,2035,,,,,,2.92
InputActivityRatio,B_Opt_IndiaCostsFuel,GLOBAL,PWRCOABGDXX,COABGD,,1,2036,,,,,,2.92
InputActivityRatio,B_Opt_IndiaCostsFuel,GLOBAL,PWRCOABGDXX,COABGD,,1,2037,,,,,,2.92
InputActivityRatio,B_Opt_IndiaCostsFuel,GLOBAL,PWRCOABGDXX,COABGD,,1,2038,,,,,,2.92
InputActivityRatio,B_Opt_IndiaCostsFuel,GLOBAL,PWRCOABGDXX,COABGD,,1,2039,,,,,,2.92
InputActivityRatio,B_Opt_IndiaCostsFuel,GLOBAL,PWRCOABGDXX,COABGD,,1,2040,,,,,,2.92
InputActivityRatio,B_Opt_IndiaCostsFuel,GLOBAL,PWRCOABGDXX,COABGD,,1,2041,,,,,,2.92
InputActivityRatio,B_Opt_IndiaCostsFuel,GLOBAL,PWRCOABGDXX,COABGD,,1,2042,,,,,,2.92
InputActivityRatio,B_Opt_IndiaCostsFuel,GLOBAL,PWRCOABGDXX,COABGD,,1,2043,,,,,,2.92
InputActivityRatio,B_Opt_IndiaCostsFuel,GLOBAL,PWRCOABGDXX,COABGD,,1,2044,,,,,,2.92
InputActivityRatio,B_Opt_IndiaCostsFuel,GLOBAL,PWRCOABGDXX,COABGD,,1,2045,,,,,,2.92
InputActivityRatio,B_Opt_IndiaCostsFuel,GLOBAL,PWRCOABGDXX,COABGD,,1,2046,,,,,,2.92
InputActivityRatio,B_Opt_IndiaCostsFuel,GLOBAL,PWRCOABGDXX,COABGD,,1,2047,,,,,,2.92
InputActivityRatio,B_Opt_IndiaCostsFuel,GLOBAL,PWRCOABGDXX,COABGD,,1,2048,,,,,,2.92
InputActivityRatio,B_Opt_IndiaCostsFuel,GLOBAL,PWRCOABGDXX,COABGD,,1,2049,,,,,,2.92
InputActivityRatio,B_Opt_IndiaCostsFuel,GLOBAL,PWRCOABGDXX,COABGD,,1,2050,,,,,,2.92
InputActivityRatio,B_Opt_IndiaCostsFuel,GLOBAL,PWRCOABGDXX,COAINT,,2,2023,,,,,,2.92
InputActivityRatio,B_Opt_IndiaCostsFuel,GLOBAL,PWRCOABGDXX,COAINT,,2,2024,,,,,,2.92
InputActivityRatio,B_Opt_IndiaCostsFuel,GLOBAL,PWRCOABGDXX,COAINT,,2,2025,,,,,,2.92
InputActivityRatio,B_Opt_IndiaCostsFuel,GLOBAL,PWRCOABGDXX,COAINT,,2,2026,,,,,,2.92
InputActivityRatio,B_Opt_IndiaCostsFuel,GLOBAL,PWRCOABGDXX,COAINT,,2,2027,,,,,,2.92
InputActivityRatio,B_Opt_IndiaCostsFuel,GLOBAL,PWRCOABGDXX,COAINT,,2,2028,,,,,,2.92
InputActivityRatio,B_Opt_IndiaCostsFuel,GLOBAL,PWRCOABGDXX,COAINT,,2,2029,,,,,,2.92
InputActivityRatio,B_Opt_IndiaCostsFuel,GLOBAL,PWRCOABGDXX,COAINT,,2,2030,,,,,,2.92
InputActivityRatio,B_Opt_IndiaCostsFuel,GLOBAL,PWRCOABGDXX,COAINT,,2,2031,,,,,,2.92
InputActivityRatio,B_Opt_IndiaCostsFuel,GLOBAL,PWRCOABGDXX,COAINT,,2,2032,,,,,,2.92
InputActivityRatio,B_Opt_IndiaCostsFuel,GLOBAL,PWRCOABGDXX,COAINT,,2,2033,,,,,,2.92
InputActivityRatio,B_Opt_IndiaCostsFuel,GLOBAL,PWRCOABGDXX,COAINT,,2,2034,,,,,,2.92
InputActivityRatio,B_Opt_IndiaCostsFuel,GLOBAL,PWRCOABGDXX,COAINT,,2,2035,,,,,,2.92
InputActivityRatio,B_Opt_IndiaCostsFuel,GLOBAL,PWRCOABGDXX,COAINT,,2,2036,,,,,,2.92
InputActivityRatio,B_Opt_IndiaCostsFuel,GLOBAL,PWRCOABGDXX,COAINT,,2,2037,,,,,,2.92
InputActivityRatio,B_Opt_IndiaCostsFuel,GLOBAL,PWRCOABGDXX,COAINT,,2,2038,,,,,,2.92
InputActivityRatio,B_Opt_IndiaCostsFuel,GLOBAL,PWRCOABGDXX,COAINT,,2,2039,,,,,,2.92
InputActivityRatio,B_Opt_IndiaCostsFuel,GLOBAL,PWRCOABGDXX,COAINT,,2,2040,,,,,,2.92
InputActivityRatio,B_Opt_IndiaCostsFuel,GLOBAL,PWRCOABGDXX,COAINT,,2,2041,,,,,,2.92
InputActivityRatio,B_Opt_IndiaCostsFuel,GLOBAL,PWRCOABGDXX,COAINT,,2,2042,,,,,,2.92
InputActivityRatio,B_Opt_IndiaCostsFuel,GLOBAL,PWRCOABGDXX,COAINT,,2,2043,,,,,,2.92
InputActivityRatio,B_Opt_IndiaCostsFuel,GLOBAL,PWRCOABGDXX,COAINT,,2,2044,,,,,,2.92
InputActivityRatio,B_Opt_IndiaCostsFuel,GLOBAL,PWRCOABGDXX,COAINT,,2,2045,,,,,,2.92
InputActivityRatio,B_Opt_IndiaCostsFuel,GLOBAL,PWRCOABGDXX,COAINT,,2,2046,,,,,,2.92
InputActivityRatio,B_Opt_IndiaCostsFuel,GLOBAL,PWRCOABGDXX,COAINT,,2,2047,,,,,,2.92
InputActivityRatio,B_Opt_IndiaCostsFuel,GLOBAL,PWRCOABGDXX,COAINT,,2,2048,,,,,,2.92
InputActivityRatio,B_Opt_IndiaCostsFuel,GLOBAL,PWRCOABGDXX,COAINT,,2,2049,,,,,,2.92
InputActivityRatio,B_Opt_IndiaCostsFuel,GLOBAL,PWRCOABGDXX,COAINT,,2,2050,,,,,,2.92
InputActivityRatio,B_Opt_IndiaCostsFuel,GLOBAL,PWRCOAINDEA,COAIND,,1,2023,,,,,,2.91
InputActivityRatio,B_Opt_IndiaCostsFuel,GLOBAL,PWRCOAINDEA,COAIND,,1,2024,,,,,,2.91
InputActivityRatio,B_Opt_IndiaCostsFuel,GLOBAL,PWRCOAINDEA,COAIND,,1,2025,,,,,,2.91
InputActivityRatio,B_Opt_IndiaCostsFuel,GLOBAL,PWRCOAINDEA,COAIND,,1,2026,,,,,,2.91
InputActivityRatio,B_Opt_IndiaCostsFuel,GLOBAL,PWRCOAINDEA,COAIND,,1,2027,,,,,,2.91
InputActivityRatio,B_Opt_IndiaCostsFuel,GLOBAL,PWRCOAINDEA,COAIND,,1,2028,,,,,,2.91
InputActivityRatio,B_Opt_IndiaCostsFuel,GLOBAL,PWRCOAINDEA,COAIND,,1,2029,,,,,,2.91
InputActivityRatio,B_Opt_IndiaCostsFuel,GLOBAL,PWRCOAINDEA,COAIND,,1,2030,,,,,,2.91
InputActivityRatio,B_Opt_IndiaCostsFuel,GLOBAL,PWRCOAINDEA,COAIND,,1,2031,,,,,,2.91
InputActivityRatio,B_Opt_IndiaCostsFuel,GLOBAL,PWRCOAINDEA,COAIND,,1,2032,,,,,,2.91
InputActivityRatio,B_Opt_IndiaCostsFuel,GLOBAL,PWRCOAINDEA,COAIND,,1,2033,,,,,,2.91
InputActivityRatio,B_Opt_IndiaCostsFuel,GLOBAL,PWRCOAINDEA,COAIND,,1,2034,,,,,,2.91
InputActivityRatio,B_Opt_IndiaCostsFuel,GLOBAL,PWRCOAINDEA,COAIND,,1,2035,,,,,,2.91
InputActivityRatio,B_Opt_IndiaCostsFuel,GLOBAL,PWRCOAINDEA,COAIND,,1,2036,,,,,,2.91
InputActivityRatio,B_Opt_IndiaCostsFuel,GLOBAL,PWRCOAINDEA,COAIND,,1,2037,,,,,,2.91
InputActivityRatio,B_Opt_IndiaCostsFuel,GLOBAL,PWRCOAINDEA,COAIND,,1,2038,,,,,,2.91
InputActivityRatio,B_Opt_IndiaCostsFuel,GLOBAL,PWRCOAINDEA,COAIND,,1,2039,,,,,,2.91
InputActivityRatio,B_Opt_IndiaCostsFuel,GLOBAL,PWRCOAINDEA,COAIND,,1,2040,,,,,,2.91
InputActivityRatio,B_Opt_IndiaCostsFuel,GLOBAL,PWRCOAINDEA,COAIND,,1,2041,,,,,,2.91
InputActivityRatio,B_Opt_IndiaCostsFuel,GLOBAL,PWRCOAINDEA,COAIND,,1,2042,,,,,,2.91
InputActivityRatio,B_Opt_IndiaCostsFuel,GLOBAL,PWRCOAINDEA,COAIND,,1,2043,,,,,,2.91
InputActivityRatio,B_Opt_IndiaCostsFuel,GLOBAL,PWRCOAINDEA,COAIND,,1,2044,,,,,,2.91
InputActivityRatio,B_Opt_IndiaCostsFuel,GLOBAL,PWRCOAINDEA,COAIND,,1,2045,,,,,,2.91
InputActivityRatio,B_Opt_IndiaCostsFuel,GLOBAL,PWRCOAINDEA,COAIND,,1,2046,,,,,,2.91
InputActivityRatio,B_Opt_IndiaCostsFuel,GLOBAL,PWRCOAINDEA,COAIND,,1,2047,,,,,,2.91
InputActivityRatio,B_Opt_IndiaCostsFuel,GLOBAL,PWRCOAINDEA,COAIND,,1,2048,,,,,,2.91
InputActivityRatio,B_Opt_IndiaCostsFuel,GLOBAL,PWRCOAINDEA,COAIND,,1,2049,,,,,,2.91
InputActivityRatio,B_Opt_IndiaCostsFuel,GLOBAL,PWRCOAINDEA,COAIND,,1,2050,,,,,,2.91
InputActivityRatio,B_Opt_IndiaCostsFuel,GLOBAL,PWRCOAINDEA,COAINT,,2,2023,,,,,,2.91
InputActivityRatio,B_Opt_IndiaCostsFuel,GLOBAL,PWRCOAINDEA,COAINT,,2,2024,,,,,,2.91
InputActivityRatio,B_Opt_IndiaCostsFuel,GLOBAL,PWRCOAINDEA,COAINT,,2,2025,,,,,,2.91
InputActivityRatio,B_Opt_IndiaCostsFuel,GLOBAL,PWRCOAINDEA,COAINT,,2,2026,,,,,,2.91
InputActivityRatio,B_Opt_IndiaCostsFuel,GLOBAL,PWRCOAINDEA,COAINT,,2,2027,,,,,,2.91
InputActivityRatio,B_Opt_IndiaCostsFuel,GLOBAL,PWRCOAINDEA,COAINT,,2,2028,,,,,,2.91
InputActivityRatio,B_Opt_IndiaCostsFuel,GLOBAL,PWRCOAINDEA,COAINT,,2,2029,,,,,,2.91
InputActivityRatio,B_Opt_IndiaCostsFuel,GLOBAL,PWRCOAINDEA,COAINT,,2,2030,,,,,,2.91
InputActivityRatio,B_Opt_IndiaCostsFuel,GLOBAL,PWRCOAINDEA,COAINT,,2,2031,,,,,,2.91
InputActivityRatio,B_Opt_IndiaCostsFuel,GLOBAL,PWRCOAINDEA,COAINT,,2,2032,,,,,,2.91
InputActivityRatio,B_Opt_IndiaCostsFuel,GLOBAL,PWRCOAINDEA,COAINT,,2,2033,,,,,,2.91
InputActivityRatio,B_Opt_IndiaCostsFuel,GLOBAL,PWRCOAINDEA,COAINT,,2,2034,,,,,,2.91
InputActivityRatio,B_Opt_IndiaCostsFuel,GLOBAL,PWRCOAINDEA,COAINT,,2,2035,,,,,,2.91
InputActivityRatio,B_Opt_IndiaCostsFuel,GLOBAL,PWRCOAINDEA,COAINT,,2,2036,,,,,,2.91
InputActivityRatio,B_Opt_IndiaCostsFuel,GLOBAL,PWRCOAINDEA,COAINT,,2,2037,,,,,,2.91
InputActivityRatio,B_Opt_IndiaCostsFuel,GLOBAL,PWRCOAINDEA,COAINT,,2,2038,,,,,,2.91
InputActivityRatio,B_Opt_IndiaCostsFuel,GLOBAL,PWRCOAINDEA,COAINT,,2,2039,,,,,,2.91
InputActivityRatio,B_Opt_IndiaCostsFuel,GLOBAL,PWRCOAINDEA,COAINT,,2,2040,,,,,,2.91
InputActivityRatio,B_Opt_IndiaCostsFuel,GLOBAL,PWRCOAINDEA,COAINT,,2,2041,,,,,,2.91
InputActivityRatio,B_Opt_IndiaCostsFuel,GLOBAL,PWRCOAINDEA,COAINT,,2,2042,,,,,,2.91
InputActivityRatio,B_Opt_IndiaCostsFuel,GLOBAL,PWRCOAINDEA,COAINT,,2,2043,,,,,,2.91
InputActivityRatio,B_Opt_IndiaCostsFuel,GLOBAL,PWRCOAINDEA,COAINT,,2,2044,,,,,,2.91
InputActivityRatio,B_Opt_IndiaCostsFuel,GLOBAL,PWRCOAINDEA,COAINT,,2,2045,,,,,,2.91
InputActivityRatio,B_Opt_IndiaCostsFuel,GLOBAL,PWRCOAINDEA,COAINT,,2,2046,,,,,,2.91
InputActivityRatio,B_Opt_IndiaCostsFuel,GLOBAL,PWRCOAINDEA,COAINT,,2,2047,,,,,,2.91
InputActivityRatio,B_Opt_IndiaCostsFuel,GLOBAL,PWRCOAINDEA,COAINT,,2,2048,,,,,,2.91
InputActivityRatio,B_Opt_IndiaCostsFuel,GLOBAL,PWRCOAINDEA,COAINT,,2,2049,,,,,,2.91
InputActivityRatio,B_Opt_IndiaCostsFuel,GLOBAL,PWRCOAINDEA,COAINT,,2,2050,,,,,,2.91
InputActivityRatio,B_Opt_IndiaCostsFuel,GLOBAL,PWRCOAINDNE,COAIND,,1,2023,,,,,,2.92
InputActivityRatio,B_Opt_IndiaCostsFuel,GLOBAL,PWRCOAINDNE,COAIND,,1,2024,,,,,,2.92
InputActivityRatio,B_Opt_IndiaCostsFuel,GLOBAL,PWRCOAINDNE,COAIND,,1,2025,,,,,,2.92
InputActivityRatio,B_Opt_IndiaCostsFuel,GLOBAL,PWRCOAINDNE,COAIND,,1,2026,,,,,,2.92
InputActivityRatio,B_Opt_IndiaCostsFuel,GLOBAL,PWRCOAINDNE,COAIND,,1,2027,,,,,,2.92
InputActivityRatio,B_Opt_IndiaCostsFuel,GLOBAL,PWRCOAINDNE,COAIND,,1,2028,,,,,,2.92
InputActivityRatio,B_Opt_IndiaCostsFuel,GLOBAL,PWRCOAINDNE,COAIND,,1,2029,,,,,,2.92
InputActivityRatio,B_Opt_IndiaCostsFuel,GLOBAL,PWRCOAINDNE,COAIND,,1,2030,,,,,,2.92
InputActivityRatio,B_Opt_IndiaCostsFuel,GLOBAL,PWRCOAINDNE,COAIND,,1,2031,,,,,,2.92
InputActivityRatio,B_Opt_IndiaCostsFuel,GLOBAL,PWRCOAINDNE,COAIND,,1,2032,,,,,,2.92
InputActivityRatio,B_Opt_IndiaCostsFuel,GLOBAL,PWRCOAINDNE,COAIND,,1,2033,,,,,,2.92
InputActivityRatio,B_Opt_IndiaCostsFuel,GLOBAL,PWRCOAINDNE,COAIND,,1,2034,,,,,,2.92
InputActivityRatio,B_Opt_IndiaCostsFuel,GLOBAL,PWRCOAINDNE,COAIND,,1,2035,,,,,,2.92
InputActivityRatio,B_Opt_IndiaCostsFuel,GLOBAL,PWRCOAINDNE,COAIND,,1,2036,,,,,,2.92
InputActivityRatio,B_Opt_IndiaCostsFuel,GLOBAL,PWRCOAINDNE,COAIND,,1,2037,,,,,,2.92
InputActivityRatio,B_Opt_IndiaCostsFuel,GLOBAL,PWRCOAINDNE,COAIND,,1,2038,,,,,,2.92
InputActivityRatio,B_Opt_IndiaCostsFuel,GLOBAL,PWRCOAINDNE,COAIND,,1,2039,,,,,,2.92
InputActivityRatio,B_Opt_IndiaCostsFuel,GLOBAL,PWRCOAINDNE,COAIND,,1,2040,,,,,,2.92
InputActivityRatio,B_Opt_IndiaCostsFuel,GLOBAL,PWRCOAINDNE,COAIND,,1,2041,,,,,,2.92
InputActivityRatio,B_Opt_IndiaCostsFuel,GLOBAL,PWRCOAINDNE,COAIND,,1,2042,,,,,,2.92
InputActivityRatio,B_Opt_IndiaCostsFuel,GLOBAL,PWRCOAINDNE,COAIND,,1,2043,,,,,,2.92
InputActivityRatio,B_Opt_IndiaCostsFuel,GLOBAL,PWRCOAINDNE,COAIND,,1,2044,,,,,,2.92
InputActivityRatio,B_Opt_IndiaCostsFuel,GLOBAL,PWRCOAINDNE,COAIND,,1,2045,,,,,,2.92
InputActivityRatio,B_Opt_IndiaCostsFuel,GLOBAL,PWRCOAINDNE,COAIND,,1,2046,,,,,,2.92
InputActivityRatio,B_Opt_IndiaCostsFuel,GLOBAL,PWRCOAINDNE,COAIND,,1,2047,,,,,,2.92
InputActivityRatio,B_Opt_IndiaCostsFuel,GLOBAL,PWRCOAINDNE,COAIND,,1,2048,,,,,,2.92
InputActivityRatio,B_Opt_IndiaCostsFuel,GLOBAL,PWRCOAINDNE,COAIND,,1,2049,,,,,,2.92
InputActivityRatio,B_Opt_IndiaCostsFuel,GLOBAL,PWRCOAINDNE,COAIND,,1,2050,,,,,,2.92
InputActivityRatio,B_Opt_IndiaCostsFuel,GLOBAL,PWRCOAINDNE,COAINT,,2,2023,,,,,,2.92
InputActivityRatio,B_Opt_IndiaCostsFuel,GLOBAL,PWRCOAINDNE,COAINT,,2,2024,,,,,,2.92
InputActivityRatio,B_Opt_IndiaCostsFuel,GLOBAL,PWRCOAINDNE,COAINT,,2,2025,,,,,,2.92
InputActivityRatio,B_Opt_IndiaCostsFuel,GLOBAL,PWRCOAINDNE,COAINT,,2,2026,,,,,,2.92
InputActivityRatio,B_Opt_IndiaCostsFuel,GLOBAL,PWRCOAINDNE,COAINT,,2,2027,,,,,,2.92
InputActivityRatio,B_Opt_IndiaCostsFuel,GLOBAL,PWRCOAINDNE,COAINT,,2,2028,,,,,,2.92
InputActivityRatio,B_Opt_IndiaCostsFuel,GLOBAL,PWRCOAINDNE,COAINT,,2,2029,,,,,,2.92
InputActivityRatio,B_Opt_IndiaCostsFuel,GLOBAL,PWRCOAINDNE,COAINT,,2,2030,,,,,,2.92
InputActivityRatio,B_Opt_IndiaCostsFuel,GLOBAL,PWRCOAINDNE,COAINT,,2,2031,,,,,,2.92
InputActivityRatio,B_Opt_IndiaCostsFuel,GLOBAL,PWRCOAINDNE,COAINT,,2,2032,,,,,,2.92
InputActivityRatio,B_Opt_IndiaCostsFuel,GLOBAL,PWRCOAINDNE,COAINT,,2,2033,,,,,,2.92
InputActivityRatio,B_Opt_IndiaCostsFuel,GLOBAL,PWRCOAINDNE,COAINT,,2,2034,,,,,,2.92
InputActivityRatio,B_Opt_IndiaCostsFuel,GLOBAL,PWRCOAINDNE,COAINT,,2,2035,,,,,,2.92
InputActivityRatio,B_Opt_IndiaCostsFuel,GLOBAL,PWRCOAINDNE,COAINT,,2,2036,,,,,,2.92
InputActivityRatio,B_Opt_IndiaCostsFuel,GLOBAL,PWRCOAINDNE,COAINT,,2,2037,,,,,,2.92
InputActivityRatio,B_Opt_IndiaCostsFuel,GLOBAL,PWRCOAINDNE,COAINT,,2,2038,,,,,,2.92
InputActivityRatio,B_Opt_IndiaCostsFuel,GLOBAL,PWRCOAINDNE,COAINT,,2,2039,,,,,,2.92
InputActivityRatio,B_Opt_IndiaCostsFuel,GLOBAL,PWRCOAINDNE,COAINT,,2,2040,,,,,,2.92
InputActivityRatio,B_Opt_IndiaCostsFuel,GLOBAL,PWRCOAINDNE,COAINT,,2,2041,,,,,,2.92
InputActivityRatio,B_Opt_IndiaCostsFuel,GLOBAL,PWRCOAINDNE,COAINT,,2,2042,,,,,,2.92
InputActivityRatio,B_Opt_IndiaCostsFuel,GLOBAL,PWRCOAINDNE,COAINT,,2,2043,,,,,,2.92
InputActivityRatio,B_Opt_IndiaCostsFuel,GLOBAL,PWRCOAINDNE,COAINT,,2,2044,,,,,,2.92
InputActivityRatio,B_Opt_IndiaCostsFuel,GLOBAL,PWRCOAINDNE,COAINT,,2,2045,,,,,,2.92
InputActivityRatio,B_Opt_IndiaCostsFuel,GLOBAL,PWRCOAINDNE,COAINT,,2,2046,,,,,,2.92
InputActivityRatio,B_Opt_IndiaCostsFuel,GLOBAL,PWRCOAINDNE,COAINT,,2,2047,,,,,,2.92
InputActivityRatio,B_Opt_IndiaCostsFuel,GLOBAL,PWRCOAINDNE,COAINT,,2,2048,,,,,,2.92
InputActivityRatio,B_Opt_IndiaCostsFuel,GLOBAL,PWRCOAINDNE,COAINT,,2,2049,,,,,,2.92
InputActivityRatio,B_Opt_IndiaCostsFuel,GLOBAL,PWRCOAINDNE,COAINT,,2,2050,,,,,,2.92
InputActivityRatio,B_Opt_IndiaCostsFuel,GLOBAL,PWRCOAINDNO,COAIND,,1,2023,,,,,,2.94
InputActivityRatio,B_Opt_IndiaCostsFuel,GLOBAL,PWRCOAINDNO,COAIND,,1,2024,,,,,,2.94
InputActivityRatio,B_Opt_IndiaCostsFuel,GLOBAL,PWRCOAINDNO,COAIND,,1,2025,,,,,,2.94
InputActivityRatio,B_Opt_IndiaCostsFuel,GLOBAL,PWRCOAINDNO,COAIND,,1,2026,,,,,,2.94
InputActivityRatio,B_Opt_IndiaCostsFuel,GLOBAL,PWRCOAINDNO,COAIND,,1,2027,,,,,,2.94
InputActivityRatio,B_Opt_IndiaCostsFuel,GLOBAL,PWRCOAINDNO,COAIND,,1,2028,,,,,,2.94
InputActivityRatio,B_Opt_IndiaCostsFuel,GLOBAL,PWRCOAINDNO,COAIND,,1,2029,,,,,,2.94
InputActivityRatio,B_Opt_IndiaCostsFuel,GLOBAL,PWRCOAINDNO,COAIND,,1,2030,,,,,,2.94
InputActivityRatio,B_Opt_IndiaCostsFuel,GLOBAL,PWRCOAINDNO,COAIND,,1,2031,,,,,,2.94
InputActivityRatio,B_Opt_IndiaCostsFuel,GLOBAL,PWRCOAINDNO,COAIND,,1,2032,,,,,,2.94
InputActivityRatio,B_Opt_IndiaCostsFuel,GLOBAL,PWRCOAINDNO,COAIND,,1,2033,,,,,,2.94
InputActivityRatio,B_Opt_IndiaCostsFuel,GLOBAL,PWRCOAINDNO,COAIND,,1,2034,,,,,,2.94
InputActivityRatio,B_Opt_IndiaCostsFuel,GLOBAL,PWRCOAINDNO,COAIND,,1,2035,,,,,,2.94
InputActivityRatio,B_Opt_IndiaCostsFuel,GLOBAL,PWRCOAINDNO,COAIND,,1,2036,,,,,,2.94
InputActivityRatio,B_Opt_IndiaCostsFuel,GLOBAL,PWRCOAINDNO,COAIND,,1,2037,,,,,,2.94
InputActivityRatio,B_Opt_IndiaCostsFuel,GLOBAL,PWRCOAINDNO,COAIND,,1,2038,,,,,,2.94
InputActivityRatio,B_Opt_IndiaCostsFuel,GLOBAL,PWRCOAINDNO,COAIND,,1,2039,,,,,,2.94
InputActivityRatio,B_Opt_IndiaCostsFuel,GLOBAL,PWRCOAINDNO,COAIND,,1,2040,,,,,,2.94
InputActivityRatio,B_Opt_IndiaCostsFuel,GLOBAL,PWRCOAINDNO,COAIND,,1,2041,,,,,,2.94
InputActivityRatio,B_Opt_IndiaCostsFuel,GLOBAL,PWRCOAINDNO,COAIND,,1,2042,,,,,,2.94
InputActivityRatio,B_Opt_IndiaCostsFuel,GLOBAL,PWRCOAINDNO,COAIND,,1,2043,,,,,,2.94
InputActivityRatio,B_Opt_IndiaCostsFuel,GLOBAL,PWRCOAINDNO,COAIND,,1,2044,,,,,,2.94
InputActivityRatio,B_Opt_IndiaCostsFuel,GLOBAL,PWRCOAINDNO,COAIND,,1,2045,,,,,,2.94
InputActivityRatio,B_Opt_IndiaCostsFuel,GLOBAL,PWRCOAINDNO,COAIND,,1,2046,,,,,,2.94
InputActivityRatio,B_Opt_IndiaCostsFuel,GLOBAL,PWRCOAINDNO,COAIND,,1,2047,,,,,,2.94
InputActivityRatio,B_Opt_IndiaCostsFuel,GLOBAL,PWRCOAINDNO,COAIND,,1,2048,,,,,,2.94
InputActivityRatio,B_Opt_IndiaCostsFuel,GLOBAL,PWRCOAINDNO,COAIND,,1,2049,,,,,,2.94
InputActivityRatio,B_Opt_IndiaCostsFuel,GLOBAL,PWRCOAINDNO,COAIND,,1,2050,,,,,,2.94
InputActivityRatio,B_Opt_IndiaCostsFuel,GLOBAL,PWRCOAINDNO,COAINT,,2,2023,,,,,,2.94
InputActivityRatio,B_Opt_IndiaCostsFuel,GLOBAL,PWRCOAINDNO,COAINT,,2,2024,,,,,,2.94
InputActivityRatio,B_Opt_IndiaCostsFuel,GLOBAL,PWRCOAINDNO,COAINT,,2,2025,,,,,,2.94
InputActivityRatio,B_Opt_IndiaCostsFuel,GLOBAL,PWRCOAINDNO,COAINT,,2,2026,,,,,,2.94
InputActivityRatio,B_Opt_IndiaCostsFuel,GLOBAL,PWRCOAINDNO,COAINT,,2,2027,,,,,,2.94
InputActivityRatio,B_Opt_IndiaCostsFuel,GLOBAL,PWRCOAINDNO,COAINT,,2,2028,,,,,,2.94
InputActivityRatio,B_Opt_IndiaCostsFuel,GLOBAL,PWRCOAINDNO,COAINT,,2,2029,,,,,,2.94
InputActivityRatio,B_Opt_IndiaCostsFuel,GLOBAL,PWRCOAINDNO,COAINT,,2,2030,,,,,,2.94
InputActivityRatio,B_Opt_IndiaCostsFuel,GLOBAL,PWRCOAINDNO,COAINT,,2,2031,,,,,,2.94
InputActivityRatio,B_Opt_IndiaCostsFuel,GLOBAL,PWRCOAINDNO,COAINT,,2,2032,,,,,,2.94
InputActivityRatio,B_Opt_IndiaCostsFuel,GLOBAL,PWRCOAINDNO,COAINT,,2,2033,,,,,,2.94
InputActivityRatio,B_Opt_IndiaCostsFuel,GLOBAL,PWRCOAINDNO,COAINT,,2,2034,,,,,,2.94
InputActivityRatio,B_Opt_IndiaCostsFuel,GLOBAL,PWRCOAINDNO,COAINT,,2,2035,,,,,,2.94
InputActivityRatio,B_Opt_IndiaCostsFuel,GLOBAL,PWRCOAINDNO,COAINT,,2,2036,,,,,,2.94
InputActivityRatio,B_Opt_IndiaCostsFuel,GLOBAL,PWRCOAINDNO,COAINT,,2,2037,,,,,,2.94
InputActivityRatio,B_Opt_IndiaCostsFuel,GLOBAL,PWRCOAINDNO,COAINT,,2,2038,,,,,,2.94
InputActivityRatio,B_Opt_IndiaCostsFuel,GLOBAL,PWRCOAINDNO,COAINT,,2,2039,,,,,,2.94
InputActivityRatio,B_Opt_IndiaCostsFuel,GLOBAL,PWRCOAINDNO,COAINT,,2,2040,,,,,,2.94
InputActivityRatio,B_Opt_IndiaCostsFuel,GLOBAL,PWRCOAINDNO,COAINT,,2,2041,,,,,,2.94
InputActivityRatio,B_Opt_IndiaCostsFuel,GLOBAL,PWRCOAINDNO,COAINT,,2,2042,,,,,,2.94
InputActivityRatio,B_Opt_IndiaCostsFuel,GLOBAL,PWRCOAINDNO,COAINT,,2,2043,,,,,,2.94
InputActivityRatio,B_Opt_IndiaCostsFuel,GLOBAL,PWRCOAINDNO,COAINT,,2,2044,,,,,,2.94
InputActivityRatio,B_Opt_IndiaCostsFuel,GLOBAL,PWRCOAINDNO,COAINT,,2,2045,,,,,,2.94
InputActivityRatio,B_Opt_IndiaCostsFuel,GLOBAL,PWRCOAINDNO,COAINT,,2,2046,,,,,,2.94
InputActivityRatio,B_Opt_IndiaCostsFuel,GLOBAL,PWRCOAINDNO,COAINT,,2,2047,,,,,,2.94
InputActivityRatio,B_Opt_IndiaCostsFuel,GLOBAL,PWRCOAINDNO,COAINT,,2,2048,,,,,,2.94
InputActivityRatio,B_Opt_IndiaCostsFuel,GLOBAL,PWRCOAINDNO,COAINT,,2,2049,,,,,,2.94
InputActivityRatio,B_Opt_IndiaCostsFuel,GLOBAL,PWRCOAINDNO,COAINT,,2,2050,,,,,,2.94
InputActivityRatio,B_Opt_IndiaCostsFuel,GLOBAL,PWRCOAINDSO,COAIND,,1,2023,,,,,,2.93
InputActivityRatio,B_Opt_IndiaCostsFuel,GLOBAL,PWRCOAINDSO,COAIND,,1,2024,,,,,,2.93
InputActivityRatio,B_Opt_IndiaCostsFuel,GLOBAL,PWRCOAINDSO,COAIND,,1,2025,,,,,,2.93
InputActivityRatio,B_Opt_IndiaCostsFuel,GLOBAL,PWRCOAINDSO,COAIND,,1,2026,,,,,,2.93
InputActivityRatio,B_Opt_IndiaCostsFuel,GLOBAL,PWRCOAINDSO,COAIND,,1,2027,,,,,,2.93
InputActivityRatio,B_Opt_IndiaCostsFuel,GLOBAL,PWRCOAINDSO,COAIND,,1,2028,,,,,,2.93
InputActivityRatio,B_Opt_IndiaCostsFuel,GLOBAL,PWRCOAINDSO,COAIND,,1,2029,,,,,,2.93
InputActivityRatio,B_Opt_IndiaCostsFuel,GLOBAL,PWRCOAINDSO,COAIND,,1,2030,,,,,,2.93
InputActivityRatio,B_Opt_IndiaCostsFuel,GLOBAL,PWRCOAINDSO,COAIND,,1,2031,,,,,,2.93
InputActivityRatio,B_Opt_IndiaCostsFuel,GLOBAL,PWRCOAINDSO,COAIND,,1,2032,,,,,,2.93
InputActivityRatio,B_Opt_IndiaCostsFuel,GLOBAL,PWRCOAINDSO,COAIND,,1,2033,,,,,,2.93
InputActivityRatio,B_Opt_IndiaCostsFuel,GLOBAL,PWRCOAINDSO,COAIND,,1,2034,,,,,,2.93
InputActivityRatio,B_Opt_IndiaCostsFuel,GLOBAL,PWRCOAINDSO,COAIND,,1,2035,,,,,,2.93
InputActivityRatio,B_Opt_IndiaCostsFuel,GLOBAL,PWRCOAINDSO,COAIND,,1,2036,,,,,,2.93
InputActivityRatio,B_Opt_IndiaCostsFuel,GLOBAL,PWRCOAINDSO,COAIND,,1,2037,,,,,,2.93
InputActivityRatio,B_Opt_IndiaCostsFuel,GLOBAL,PWRCOAINDSO,COAIND,,1,2038,,,,,,2.93
InputActivityRatio,B_Opt_IndiaCostsFuel,GLOBAL,PWRCOAINDSO,COAIND,,1,2039,,,,,,2.93
InputActivityRatio,B_Opt_IndiaCostsFuel,GLOBAL,PWRCOAINDSO,COAIND,,1,2040,,,,,,2.93
InputActivityRatio,B_Opt_IndiaCostsFuel,GLOBAL,PWRCOAINDSO,COAIND,,1,2041,,,,,,2.93
InputActivityRatio,B_Opt_IndiaCostsFuel,GLOBAL,PWRCOAINDSO,COAIND,,1,2042,,,,,,2.93
InputActivityRatio,B_Opt_IndiaCostsFuel,GLOBAL,PWRCOAINDSO,COAIND,,1,2043,,,,,,2.93
InputActivityRatio,B_Opt_IndiaCostsFuel,GLOBAL,PWRCOAINDSO,COAIND,,1,2044,,,,,,2.93
InputActivityRatio,B_Opt_IndiaCostsFuel,GLOBAL,PWRCOAINDSO,COAIND,,1,2045,,,,,,2.93
InputActivityRatio,B_Opt_IndiaCostsFuel,GLOBAL,PWRCOAINDSO,COAIND,,1,2046,,,,,,2.93
InputActivityRatio,B_Opt_IndiaCostsFuel,GLOBAL,PWRCOAINDSO,COAIND,,1,2047,,,,,,2.93
InputActivityRatio,B_Opt_IndiaCostsFuel,GLOBAL,PWRCOAINDSO,COAIND,,1,2048,,,,,,2.93
InputActivityRatio,B_Opt_IndiaCostsFuel,GLOBAL,PWRCOAINDSO,COAIND,,1,2049,,,,,,2.93
InputActivityRatio,B_Opt_IndiaCostsFuel,GLOBAL,PWRCOAINDSO,COAIND,,1,2050,,,,,,2.93
InputActivityRatio,B_Opt_IndiaCostsFuel,GLOBAL,PWRCOAINDSO,COAINT,,2,2023,,,,,,2.93
InputActivityRatio,B_Opt_IndiaCostsFuel,GLOBAL,PWRCOAINDSO,COAINT,,2,2024,,,,,,2.93
InputActivityRatio,B_Opt_IndiaCostsFuel,GLOBAL,PWRCOAINDSO,COAINT,,2,2025,,,,,,2.93
InputActivityRatio,B_Opt_IndiaCostsFuel,GLOBAL,PWRCOAINDSO,COAINT,,2,2026,,,,,,2.93
InputActivityRatio,B_Opt_IndiaCostsFuel,GLOBAL,PWRCOAINDSO,COAINT,,2,2027,,,,,,2.93
InputActivityRatio,B_Opt_IndiaCostsFuel,GLOBAL,PWRCOAINDSO,COAINT,,2,2028,,,,,,2.93
InputActivityRatio,B_Opt_IndiaCostsFuel,GLOBAL,PWRCOAINDSO,COAINT,,2,2029,,,,,,2.93
InputActivityRatio,B_Opt_IndiaCostsFuel,GLOBAL,PWRCOAINDSO,COAINT,,2,2030,,,,,,2.93
InputActivityRatio,B_Opt_IndiaCostsFuel,GLOBAL,PWRCOAINDSO,COAINT,,2,2031,,,,,,2.93
InputActivityRatio,B_Opt_IndiaCostsFuel,GLOBAL,PWRCOAINDSO,COAINT,,2,2032,,,,,,2.93
InputActivityRatio,B_Opt_IndiaCostsFuel,GLOBAL,PWRCOAINDSO,COAINT,,2,2033,,,,,,2.93
InputActivityRatio,B_Opt_IndiaCostsFuel,GLOBAL,PWRCOAINDSO,COAINT,,2,2034,,,,,,2.93
InputActivityRatio,B_Opt_IndiaCostsFuel,GLOBAL,PWRCOAINDSO,COAINT,,2,2035,,,,,,2.93
InputActivityRatio,B_Opt_IndiaCostsFuel,GLOBAL,PWRCOAINDSO,COAINT,,2,2036,,,,,,2.93
InputActivityRatio,B_Opt_IndiaCostsFuel,GLOBAL,PWRCOAINDSO,COAINT,,2,2037,,,,,,2.93
InputActivityRatio,B_Opt_IndiaCostsFuel,GLOBAL,PWRCOAINDSO,COAINT,,2,2038,,,,,,2.93
InputActivityRatio,B_Opt_IndiaCostsFuel,GLOBAL,PWRCOAINDSO,COAINT,,2,2039,,,,,,2.93
InputActivityRatio,B_Opt_IndiaCostsFuel,GLOBAL,PWRCOAINDSO,COAINT,,2,2040,,,,,,2.93
InputActivityRatio,B_Opt_IndiaCostsFuel,GLOBAL,PWRCOAINDSO,COAINT,,2,2041,,,,,,2.93
InputActivityRatio,B_Opt_IndiaCostsFuel,GLOBAL,PWRCOAINDSO,COAINT,,2,2042,,,,,,2.93
InputActivityRatio,B_Opt_IndiaCostsFuel,GLOBAL,PWRCOAINDSO,COAINT,,2,2043,,,,,,2.93
InputActivityRatio,B_Opt_IndiaCostsFuel,GLOBAL,PWRCOAINDSO,COAINT,,2,2044,,,,,,2.93
InputActivityRatio,B_Opt_IndiaCostsFuel,GLOBAL,PWRCOAINDSO,COAINT,,2,2045,,,,,,2.93
InputActivityRatio,B_Opt_IndiaCostsFuel,GLOBAL,PWRCOAINDSO,COAINT,,2,2046,,,,,,2.93
InputActivityRatio,B_Opt_IndiaCostsFuel,GLOBAL,PWRCOAINDSO,COAINT,,2,2047,,,,,,2.93
InputActivityRatio,B_Opt_IndiaCostsFuel,GLOBAL,PWRCOAINDSO,COAINT,,2,2048,,,,,,2.93
InputActivityRatio,B_Opt_IndiaCostsFuel,GLOBAL,PWRCOAINDSO,COAINT,,2,2049,,,,,,2.93
InputActivityRatio,B_Opt_IndiaCostsFuel,GLOBAL,PWRCOAINDSO,COAINT,,2,2050,,,,,,2.93
InputActivityRatio,B_Opt_IndiaCostsFuel,GLOBAL,PWRCOAINDWE,COAIND,,1,2023,,,,,,2.94
InputActivityRatio,B_Opt_IndiaCostsFuel,GLOBAL,PWRCOAINDWE,COAIND,,1,2024,,,,,,2.94
InputActivityRatio,B_Opt_IndiaCostsFuel,GLOBAL,PWRCOAINDWE,COAIND,,1,2025,,,,,,2.94
InputActivityRatio,B_Opt_IndiaCostsFuel,GLOBAL,PWRCOAINDWE,COAIND,,1,2026,,,,,,2.94
InputActivityRatio,B_Opt_IndiaCostsFuel,GLOBAL,PWRCOAINDWE,COAIND,,1,2027,,,,,,2.94
InputActivityRatio,B_Opt_IndiaCostsFuel,GLOBAL,PWRCOAINDWE,COAIND,,1,2028,,,,,,2.94
InputActivityRatio,B_Opt_IndiaCostsFuel,GLOBAL,PWRCOAINDWE,COAIND,,1,2029,,,,,,2.94
InputActivityRatio,B_Opt_IndiaCostsFuel,GLOBAL,PWRCOAINDWE,COAIND,,1,2030,,,,,,2.94
InputActivityRatio,B_Opt_IndiaCostsFuel,GLOBAL,PWRCOAINDWE,COAIND,,1,2031,,,,,,2.94
InputActivityRatio,B_Opt_IndiaCostsFuel,GLOBAL,PWRCOAINDWE,COAIND,,1,2032,,,,,,2.94
InputActivityRatio,B_Opt_IndiaCostsFuel,GLOBAL,PWRCOAINDWE,COAIND,,1,2033,,,,,,2.94
InputActivityRatio,B_Opt_IndiaCostsFuel,GLOBAL,PWRCOAINDWE,COAIND,,1,2034,,,,,,2.94
InputActivityRatio,B_Opt_IndiaCostsFuel,GLOBAL,PWRCOAINDWE,COAIND,,1,2035,,,,,,2.94
InputActivityRatio,B_Opt_IndiaCostsFuel,GLOBAL,PWRCOAINDWE,COAIND,,1,2036,,,,,,2.94
InputActivityRatio,B_Opt_IndiaCostsFuel,GLOBAL,PWRCOAINDWE,COAIND,,1,2037,,,,,,2.94
InputActivityRatio,B_Opt_IndiaCostsFuel,GLOBAL,PWRCOAINDWE,COAIND,,1,2038,,,,,,2.94
InputActivityRatio,B_Opt_IndiaCostsFuel,GLOBAL,PWRCOAINDWE,COAIND,,1,2039,,,,,,2.94
InputActivityRatio,B_Opt_IndiaCostsFuel,GLOBAL,PWRCOAINDWE,COAIND,,1,2040,,,,,,2.94
InputActivityRatio,B_Opt_IndiaCostsFuel,GLOBAL,PWRCOAINDWE,COAIND,,1,2041,,,,,,2.94
InputActivityRatio,B_Opt_IndiaCostsFuel,GLOBAL,PWRCOAINDWE,COAIND,,1,2042,,,,,,2.94
InputActivityRatio,B_Opt_IndiaCostsFuel,GLOBAL,PWRCOAINDWE,COAIND,,1,2043,,,,,,2.94
InputActivityRatio,B_Opt_IndiaCostsFuel,GLOBAL,PWRCOAINDWE,COAIND,,1,2044,,,,,,2.94
InputActivityRatio,B_Opt_IndiaCostsFuel,GLOBAL,PWRCOAINDWE,COAIND,,1,2045,,,,,,2.94
InputActivityRatio,B_Opt_IndiaCostsFuel,GLOBAL,PWRCOAINDWE,COAIND,,1,2046,,,,,,2.94
InputActivityRatio,B_Opt_IndiaCostsFuel,GLOBAL,PWRCOAINDWE,COAIND,,1,2047,,,,,,2.94
InputActivityRatio,B_Opt_IndiaCostsFuel,GLOBAL,PWRCOAINDWE,COAIND,,1,2048,,,,,,2.94
InputActivityRatio,B_Opt_IndiaCostsFuel,GLOBAL,PWRCOAINDWE,COAIND,,1,2049,,,,,,2.94
InputActivityRatio,B_Opt_IndiaCostsFuel,GLOBAL,PWRCOAINDWE,COAIND,,1,2050,,,,,,2.94
InputActivityRatio,B_Opt_IndiaCostsFuel,GLOBAL,PWRCOAINDWE,COAINT,,2,2023,,,,,,2.94
InputActivityRatio,B_Opt_IndiaCostsFuel,GLOBAL,PWRCOAINDWE,COAINT,,2,2024,,,,,,2.94
InputActivityRatio,B_Opt_IndiaCostsFuel,GLOBAL,PWRCOAINDWE,COAINT,,2,2025,,,,,,2.94
InputActivityRatio,B_Opt_IndiaCostsFuel,GLOBAL,PWRCOAINDWE,COAINT,,2,2026,,,,,,2.94
InputActivityRatio,B_Opt_IndiaCostsFuel,GLOBAL,PWRCOAINDWE,COAINT,,2,2027,,,,,,2.94
InputActivityRatio,B_Opt_IndiaCostsFuel,GLOBAL,PWRCOAINDWE,COAINT,,2,2028,,,,,,2.94
InputActivityRatio,B_Opt_IndiaCostsFuel,GLOBAL,PWRCOAINDWE,COAINT,,2,2029,,,,,,2.94
InputActivityRatio,B_Opt_IndiaCostsFuel,GLOBAL,PWRCOAINDWE,COAINT,,2,2030,,,,,,2.94
InputActivityRatio,B_Opt_IndiaCostsFuel,GLOBAL,PWRCOAINDWE,COAINT,,2,2031,,,,,,2.94
InputActivityRatio,B_Opt_IndiaCostsFuel,GLOBAL,PWRCOAINDWE,COAINT,,2,2032,,,,,,2.94
InputActivityRatio,B_Opt_IndiaCostsFuel,GLOBAL,PWRCOAINDWE,COAINT,,2,2033,,,,,,2.94
InputActivityRatio,B_Opt_IndiaCostsFuel,GLOBAL,PWRCOAINDWE,COAINT,,2,2034,,,,,,2.94
InputActivityRatio,B_Opt_IndiaCostsFuel,GLOBAL,PWRCOAINDWE,COAINT,,2,2035,,,,,,2.94
InputActivityRatio,B_Opt_IndiaCostsFuel,GLOBAL,PWRCOAINDWE,COAINT,,2,2036,,,,,,2.94
InputActivityRatio,B_Opt_IndiaCostsFuel,GLOBAL,PWRCOAINDWE,COAINT,,2,2037,,,,,,2.94
InputActivityRatio,B_Opt_IndiaCostsFuel,GLOBAL,PWRCOAINDWE,COAINT,,2,2038,,,,,,2.94
InputActivityRatio,B_Opt_IndiaCostsFuel,GLOBAL,PWRCOAINDWE,COAINT,,2,2039,,,,,,2.94
InputActivityRatio,B_Opt_IndiaCostsFuel,GLOBAL,PWRCOAINDWE,COAINT,,2,2040,,,,,,2.94
InputActivityRatio,B_Opt_IndiaCostsFuel,GLOBAL,PWRCOAINDWE,COAINT,,2,2041,,,,,,2.94
InputActivityRatio,B_Opt_IndiaCostsFuel,GLOBAL,PWRCOAINDWE,COAINT,,2,2042,,,,,,2.94
InputActivityRatio,B_Opt_IndiaCostsFuel,GLOBAL,PWRCOAINDWE,COAINT,,2,2043,,,,,,2.94
InputActivityRatio,B_Opt_IndiaCostsFuel,GLOBAL,PWRCOAINDWE,COAINT,,2,2044,,,,,,2.94
InputActivityRatio,B_Opt_IndiaCostsFuel,GLOBAL,PWRCOAINDWE,COAINT,,2,2045,,,,,,2.94
InputActivityRatio,B_Opt_IndiaCostsFuel,GLOBAL,PWRCOAINDWE,COAINT,,2,2046,,,,,,2.94
InputActivityRatio,B_Opt_IndiaCostsFuel,GLOBAL,PWRCOAINDWE,COAINT,,2,2047,,,,,,2.94
InputActivityRatio,B_Opt_IndiaCostsFuel,GLOBAL,PWRCOAINDWE,COAINT,,2,2048,,,,,,2.94
InputActivityRatio,B_Opt_IndiaCostsFuel,GLOBAL,PWRCOAINDWE,COAINT,,2,2049,,,,,,2.94
InputActivityRatio,B_Opt_IndiaCostsFuel,GLOBAL,PWRCOAINDWE,COAINT,,2,2050,,,,,,2.94
InputActivityRatio,B_Opt_IndiaCostsFuel,GLOBAL,PWRCOALKAXX,COALKA,,1,2023,,,,,,2.94
InputActivityRatio,B_Opt_IndiaCostsFuel,GLOBAL,PWRCOALKAXX,COALKA,,1,2024,,,,,,2.94
InputActivityRatio,B_Opt_IndiaCostsFuel,GLOBAL,PWRCOALKAXX,COALKA,,1,2025,,,,,,2.94
InputActivityRatio,B_Opt_IndiaCostsFuel,GLOBAL,PWRCOALKAXX,COALKA,,1,2026,,,,,,2.94
InputActivityRatio,B_Opt_IndiaCostsFuel,GLOBAL,PWRCOALKAXX,COALKA,,1,2027,,,,,,2.94
InputActivityRatio,B_Opt_IndiaCostsFuel,GLOBAL,PWRCOALKAXX,COALKA,,1,2028,,,,,,2.94
InputActivityRatio,B_Opt_IndiaCostsFuel,GLOBAL,PWRCOALKAXX,COALKA,,1,2029,,,,,,2.94
InputActivityRatio,B_Opt_IndiaCostsFuel,GLOBAL,PWRCOALKAXX,COALKA,,1,2030,,,,,,2.94
InputActivityRatio,B_Opt_IndiaCostsFuel,GLOBAL,PWRCOALKAXX,COALKA,,1,2031,,,,,,2.94
InputActivityRatio,B_Opt_IndiaCostsFuel,GLOBAL,PWRCOALKAXX,COALKA,,1,2032,,,,,,2.94
InputActivityRatio,B_Opt_IndiaCostsFuel,GLOBAL,PWRCOALKAXX,COALKA,,1,2033,,,,,,2.94
InputActivityRatio,B_Opt_IndiaCostsFuel,GLOBAL,PWRCOALKAXX,COALKA,,1,2034,,,,,,2.94
InputActivityRatio,B_Opt_IndiaCostsFuel,GLOBAL,PWRCOALKAXX,COALKA,,1,2035,,,,,,2.94
InputActivityRatio,B_Opt_IndiaCostsFuel,GLOBAL,PWRCOALKAXX,COALKA,,1,2036,,,,,,2.94
InputActivityRatio,B_Opt_IndiaCostsFuel,GLOBAL,PWRCOALKAXX,COALKA,,1,2037,,,,,,2.94
InputActivityRatio,B_Opt_IndiaCostsFuel,GLOBAL,PWRCOALKAXX,COALKA,,1,2038,,,,,,2.94
InputActivityRatio,B_Opt_IndiaCostsFuel,GLOBAL,PWRCOALKAXX,COALKA,,1,2039,,,,,,2.94
InputActivityRatio,B_Opt_IndiaCostsFuel,GLOBAL,PWRCOALKAXX,COALKA,,1,2040,,,,,,2.94
InputActivityRatio,B_Opt_IndiaCostsFuel,GLOBAL,PWRCOALKAXX,COALKA,,1,2041,,,,,,2.94
InputActivityRatio,B_Opt_IndiaCostsFuel,GLOBAL,PWRCOALKAXX,COALKA,,1,2042,,,,,,2.94
InputActivityRatio,B_Opt_IndiaCostsFuel,GLOBAL,PWRCOALKAXX,COALKA,,1,2043,,,,,,2.94
InputActivityRatio,B_Opt_IndiaCostsFuel,GLOBAL,PWRCOALKAXX,COALKA,,1,2044,,,,,,2.94
InputActivityRatio,B_Opt_IndiaCostsFuel,GLOBAL,PWRCOALKAXX,COALKA,,1,2045,,,,,,2.94
InputActivityRatio,B_Opt_IndiaCostsFuel,GLOBAL,PWRCOALKAXX,COALKA,,1,2046,,,,,,2.94
InputActivityRatio,B_Opt_IndiaCostsFuel,GLOBAL,PWRCOALKAXX,COALKA,,1,2047,,,,,,2.94
InputActivityRatio,B_Opt_IndiaCostsFuel,GLOBAL,PWRCOALKAXX,COALKA,,1,2048,,,,,,2.94
InputActivityRatio,B_Opt_IndiaCostsFuel,GLOBAL,PWRCOALKAXX,COALKA,,1,2049,,,,,,2.94
InputActivityRatio,B_Opt_IndiaCostsFuel,GLOBAL,PWRCOALKAXX,COALKA,,1,2050,,,,,,2.94
InputActivityRatio,B_Opt_IndiaCostsFuel,GLOBAL,PWRCOALKAXX,COAINT,,2,2023,,,,,,2.94
InputActivityRatio,B_Opt_IndiaCostsFuel,GLOBAL,PWRCOALKAXX,COAINT,,2,2024,,,,,,2.94
InputActivityRatio,B_Opt_IndiaCostsFuel,GLOBAL,PWRCOALKAXX,COAINT,,2,2025,,,,,,2.94
InputActivityRatio,B_Opt_IndiaCostsFuel,GLOBAL,PWRCOALKAXX,COAINT,,2,2026,,,,,,2.94
InputActivityRatio,B_Opt_IndiaCostsFuel,GLOBAL,PWRCOALKAXX,COAINT,,2,2027,,,,,,2.94
InputActivityRatio,B_Opt_IndiaCostsFuel,GLOBAL,PWRCOALKAXX,COAINT,,2,2028,,,,,,2.94
InputActivityRatio,B_Opt_IndiaCostsFuel,GLOBAL,PWRCOALKAXX,COAINT,,2,2029,,,,,,2.94
InputActivityRatio,B_Opt_IndiaCostsFuel,GLOBAL,PWRCOALKAXX,COAINT,,2,2030,,,,,,2.94
InputActivityRatio,B_Opt_IndiaCostsFuel,GLOBAL,PWRCOALKAXX,COAINT,,2,2031,,,,,,2.94
InputActivityRatio,B_Opt_IndiaCostsFuel,GLOBAL,PWRCOALKAXX,COAINT,,2,2032,,,,,,2.94
InputActivityRatio,B_Opt_IndiaCostsFuel,GLOBAL,PWRCOALKAXX,COAINT,,2,2033,,,,,,2.94
InputActivityRatio,B_Opt_IndiaCostsFuel,GLOBAL,PWRCOALKAXX,COAINT,,2,2034,,,,,,2.94
InputActivityRatio,B_Opt_IndiaCostsFuel,GLOBAL,PWRCOALKAXX,COAINT,,2,2035,,,,,,2.94
InputActivityRatio,B_Opt_IndiaCostsFuel,GLOBAL,PWRCOALKAXX,COAINT,,2,2036,,,,,,2.94
InputActivityRatio,B_Opt_IndiaCostsFuel,GLOBAL,PWRCOALKAXX,COAINT,,2,2037,,,,,,2.94
InputActivityRatio,B_Opt_IndiaCostsFuel,GLOBAL,PWRCOALKAXX,COAINT,,2,2038,,,,,,2.94
InputActivityRatio,B_Opt_IndiaCostsFuel,GLOBAL,PWRCOALKAXX,COAINT,,2,2039,,,,,,2.94
InputActivityRatio,B_Opt_IndiaCostsFuel,GLOBAL,PWRCOALKAXX,COAINT,,2,2040,,,,,,2.94
InputActivityRatio,B_Opt_IndiaCostsFuel,GLOBAL,PWRCOALKAXX,COAINT,,2,2041,,,,,,2.94
InputActivityRatio,B_Opt_IndiaCostsFuel,GLOBAL,PWRCOALKAXX,COAINT,,2,2042,,,,,,2.94
InputActivityRatio,B_Opt_IndiaCostsFuel,GLOBAL,PWRCOALKAXX,COAINT,,2,2043,,,,,,2.94
InputActivityRatio,B_Opt_IndiaCostsFuel,GLOBAL,PWRCOALKAXX,COAINT,,2,2044,,,,,,2.94
InputActivityRatio,B_Opt_IndiaCostsFuel,GLOBAL,PWRCOALKAXX,COAINT,,2,2045,,,,,,2.94
InputActivityRatio,B_Opt_IndiaCostsFuel,GLOBAL,PWRCOALKAXX,COAINT,,2,2046,,,,,,2.94
InputActivityRatio,B_Opt_IndiaCostsFuel,GLOBAL,PWRCOALKAXX,COAINT,,2,2047,,,,,,2.94
InputActivityRatio,B_Opt_IndiaCostsFuel,GLOBAL,PWRCOALKAXX,COAINT,,2,2048,,,,,,2.94
InputActivityRatio,B_Opt_IndiaCostsFuel,GLOBAL,PWRCOALKAXX,COAINT,,2,2049,,,,,,2.94
InputActivityRatio,B_Opt_IndiaCostsFuel,GLOBAL,PWRCOALKAXX,COAINT,,2,2050,,,,,,2.94
InputActivityRatio,B_Opt_IndiaCostsFuel,GLOBAL,PWRCOGBGDXX,COGBGD,,1,2023,,,,,,2.92
InputActivityRatio,B_Opt_IndiaCostsFuel,GLOBAL,PWRCOGBGDXX,COGBGD,,1,2024,,,,,,2.92
InputActivityRatio,B_Opt_IndiaCostsFuel,GLOBAL,PWRCOGBGDXX,COGBGD,,1,2025,,,,,,2.92
InputActivityRatio,B_Opt_IndiaCostsFuel,GLOBAL,PWRCOGBGDXX,COGBGD,,1,2026,,,,,,2.92
InputActivityRatio,B_Opt_IndiaCostsFuel,GLOBAL,PWRCOGBGDXX,COGBGD,,1,2027,,,,,,2.92
InputActivityRatio,B_Opt_IndiaCostsFuel,GLOBAL,PWRCOGBGDXX,COGBGD,,1,2028,,,,,,2.92
InputActivityRatio,B_Opt_IndiaCostsFuel,GLOBAL,PWRCOGBGDXX,COGBGD,,1,2029,,,,,,2.92
InputActivityRatio,B_Opt_IndiaCostsFuel,GLOBAL,PWRCOGBGDXX,COGBGD,,1,2030,,,,,,2.92
InputActivityRatio,B_Opt_IndiaCostsFuel,GLOBAL,PWRCOGBGDXX,COGBGD,,1,2031,,,,,,2.92
InputActivityRatio,B_Opt_IndiaCostsFuel,GLOBAL,PWRCOGBGDXX,COGBGD,,1,2032,,,,,,2.92
InputActivityRatio,B_Opt_IndiaCostsFuel,GLOBAL,PWRCOGBGDXX,COGBGD,,1,2033,,,,,,2.92
InputActivityRatio,B_Opt_IndiaCostsFuel,GLOBAL,PWRCOGBGDXX,COGBGD,,1,2034,,,,,,2.92
InputActivityRatio,B_Opt_IndiaCostsFuel,GLOBAL,PWRCOGBGDXX,COGBGD,,1,2035,,,,,,2.92
InputActivityRatio,B_Opt_IndiaCostsFuel,GLOBAL,PWRCOGBGDXX,COGBGD,,1,2036,,,,,,2.92
InputActivityRatio,B_Opt_IndiaCostsFuel,GLOBAL,PWRCOGBGDXX,COGBGD,,1,2037,,,,,,2.92
InputActivityRatio,B_Opt_IndiaCostsFuel,GLOBAL,PWRCOGBGDXX,COGBGD,,1,2038,,,,,,2.92
InputActivityRatio,B_Opt_IndiaCostsFuel,GLOBAL,PWRCOGBGDXX,COGBGD,,1,2039,,,,,,2.92
InputActivityRatio,B_Opt_IndiaCostsFuel,GLOBAL,PWRCOGBGDXX,COGBGD,,1,2040,,,,,,2.92
InputActivityRatio,B_Opt_IndiaCostsFuel,GLOBAL,PWRCOGBGDXX,COGBGD,,1,2041,,,,,,2.92
InputActivityRatio,B_Opt_IndiaCostsFuel,GLOBAL,PWRCOGBGDXX,COGBGD,,1,2042,,,,,,2.92
InputActivityRatio,B_Opt_IndiaCostsFuel,GLOBAL,PWRCOGBGDXX,COGBGD,,1,2043,,,,,,2.92
InputActivityRatio,B_Opt_IndiaCostsFuel,GLOBAL,PWRCOGBGDXX,COGBGD,,1,2044,,,,,,2.92
InputActivityRatio,B_Opt_IndiaCostsFuel,GLOBAL,PWRCOGBGDXX,COGBGD,,1,2045,,,,,,2.92
InputActivityRatio,B_Opt_IndiaCostsFuel,GLOBAL,PWRCOGBGDXX,COGBGD,,1,2046,,,,,,2.92
InputActivityRatio,B_Opt_IndiaCostsFuel,GLOBAL,PWRCOGBGDXX,COGBGD,,1,2047,,,,,,2.92
InputActivityRatio,B_Opt_IndiaCostsFuel,GLOBAL,PWRCOGBGDXX,COGBGD,,1,2048,,,,,,2.92
InputActivityRatio,B_Opt_IndiaCostsFuel,GLOBAL,PWRCOGBGDXX,COGBGD,,1,2049,,,,,,2.92
InputActivityRatio,B_Opt_IndiaCostsFuel,GLOBAL,PWRCOGBGDXX,COGBGD,,1,2050,,,,,,2.92
InputActivityRatio,B_Opt_IndiaCostsFuel,GLOBAL,PWRCOGBGDXX,COGINT,,2,2023,,,,,,2.92
InputActivityRatio,B_Opt_IndiaCostsFuel,GLOBAL,PWRCOGBGDXX,COGINT,,2,2024,,,,,,2.92
InputActivityRatio,B_Opt_IndiaCostsFuel,GLOBAL,PWRCOGBGDXX,COGINT,,2,2025,,,,,,2.92
InputActivityRatio,B_Opt_IndiaCostsFuel,GLOBAL,PWRCOGBGDXX,COGINT,,2,2026,,,,,,2.92
InputActivityRatio,B_Opt_IndiaCostsFuel,GLOBAL,PWRCOGBGDXX,COGINT,,2,2027,,,,,,2.92
InputActivityRatio,B_Opt_IndiaCostsFuel,GLOBAL,PWRCOGBGDXX,COGINT,,2,2028,,,,,,2.92
InputActivityRatio,B_Opt_IndiaCostsFuel,GLOBAL,PWRCOGBGDXX,COGINT,,2,2029,,,,,,2.92
InputActivityRatio,B_Opt_IndiaCostsFuel,GLOBAL,PWRCOGBGDXX,COGINT,,2,2030,,,,,,2.92
InputActivityRatio,B_Opt_IndiaCostsFuel,GLOBAL,PWRCOGBGDXX,COGINT,,2,2031,,,,,,2.92
InputActivityRatio,B_Opt_IndiaCostsFuel,GLOBAL,PWRCOGBGDXX,COGINT,,2,2032,,,,,,2.92
InputActivityRatio,B_Opt_IndiaCostsFuel,GLOBAL,PWRCOGBGDXX,COGINT,,2,2033,,,,,,2.92
InputActivityRatio,B_Opt_IndiaCostsFuel,GLOBAL,PWRCOGBGDXX,COGINT,,2,2034,,,,,,2.92
InputActivityRatio,B_Opt_IndiaCostsFuel,GLOBAL,PWRCOGBGDXX,COGINT,,2,2035,,,,,,2.92
InputActivityRatio,B_Opt_IndiaCostsFuel,GLOBAL,PWRCOGBGDXX,COGINT,,2,2036,,,,,,2.92
InputActivityRatio,B_Opt_IndiaCostsFuel,GLOBAL,PWRCOGBGDXX,COGINT,,2,2037,,,,,,2.92
InputActivityRatio,B_Opt_IndiaCostsFuel,GLOBAL,PWRCOGBGDXX,COGINT,,2,2038,,,,,,2.92
InputActivityRatio,B_Opt_IndiaCostsFuel,GLOBAL,PWRCOGBGDXX,COGINT,,2,2039,,,,,,2.92
InputActivityRatio,B_Opt_IndiaCostsFuel,GLOBAL,PWRCOGBGDXX,COGINT,,2,2040,,,,,,2.92
InputActivityRatio,B_Opt_IndiaCostsFuel,GLOBAL,PWRCOGBGDXX,COGINT,,2,2041,,,,,,2.92
InputActivityRatio,B_Opt_IndiaCostsFuel,GLOBAL,PWRCOGBGDXX,COGINT,,2,2042,,,,,,2.92
InputActivityRatio,B_Opt_IndiaCostsFuel,GLOBAL,PWRCOGBGDXX,COGINT,,2,2043,,,,,,2.92
InputActivityRatio,B_Opt_IndiaCostsFuel,GLOBAL,PWRCOGBGDXX,COGINT,,2,2044,,,,,,2.92
InputActivityRatio,B_Opt_IndiaCostsFuel,GLOBAL,PWRCOGBGDXX,COGINT,,2,2045,,,,,,2.92
InputActivityRatio,B_Opt_IndiaCostsFuel,GLOBAL,PWRCOGBGDXX,COGINT,,2,2046,,,,,,2.92
InputActivityRatio,B_Opt_IndiaCostsFuel,GLOBAL,PWRCOGBGDXX,COGINT,,2,2047,,,,,,2.92
InputActivityRatio,B_Opt_IndiaCostsFuel,GLOBAL,PWRCOGBGDXX,COGINT,,2,2048,,,,,,2.92
InputActivityRatio,B_Opt_IndiaCostsFuel,GLOBAL,PWRCOGBGDXX,COGINT,,2,2049,,,,,,2.92
InputActivityRatio,B_Opt_IndiaCostsFuel,GLOBAL,PWRCOGBGDXX,COGINT,,2,2050,,,,,,2.92
InputActivityRatio,B_Opt_IndiaCostsFuel,GLOBAL,PWRCOGINDEA,COGIND,,1,2023,,,,,,2.92
InputActivityRatio,B_Opt_IndiaCostsFuel,GLOBAL,PWRCOGINDEA,COGIND,,1,2024,,,,,,2.92
InputActivityRatio,B_Opt_IndiaCostsFuel,GLOBAL,PWRCOGINDEA,COGIND,,1,2025,,,,,,2.92
InputActivityRatio,B_Opt_IndiaCostsFuel,GLOBAL,PWRCOGINDEA,COGIND,,1,2026,,,,,,2.92
InputActivityRatio,B_Opt_IndiaCostsFuel,GLOBAL,PWRCOGINDEA,COGIND,,1,2027,,,,,,2.92
InputActivityRatio,B_Opt_IndiaCostsFuel,GLOBAL,PWRCOGINDEA,COGIND,,1,2028,,,,,,2.92
InputActivityRatio,B_Opt_IndiaCostsFuel,GLOBAL,PWRCOGINDEA,COGIND,,1,2029,,,,,,2.92
InputActivityRatio,B_Opt_IndiaCostsFuel,GLOBAL,PWRCOGINDEA,COGIND,,1,2030,,,,,,2.92
InputActivityRatio,B_Opt_IndiaCostsFuel,GLOBAL,PWRCOGINDEA,COGIND,,1,2031,,,,,,2.92
InputActivityRatio,B_Opt_IndiaCostsFuel,GLOBAL,PWRCOGINDEA,COGIND,,1,2032,,,,,,2.92
InputActivityRatio,B_Opt_IndiaCostsFuel,GLOBAL,PWRCOGINDEA,COGIND,,1,2033,,,,,,2.92
InputActivityRatio,B_Opt_IndiaCostsFuel,GLOBAL,PWRCOGINDEA,COGIND,,1,2034,,,,,,2.92
InputActivityRatio,B_Opt_IndiaCostsFuel,GLOBAL,PWRCOGINDEA,COGIND,,1,2035,,,,,,2.92
InputActivityRatio,B_Opt_IndiaCostsFuel,GLOBAL,PWRCOGINDEA,COGIND,,1,2036,,,,,,2.92
InputActivityRatio,B_Opt_IndiaCostsFuel,GLOBAL,PWRCOGINDEA,COGIND,,1,2037,,,,,,2.92
InputActivityRatio,B_Opt_IndiaCostsFuel,GLOBAL,PWRCOGINDEA,COGIND,,1,2038,,,,,,2.92
InputActivityRatio,B_Opt_IndiaCostsFuel,GLOBAL,PWRCOGINDEA,COGIND,,1,2039,,,,,,2.92
InputActivityRatio,B_Opt_IndiaCostsFuel,GLOBAL,PWRCOGINDEA,COGIND,,1,2040,,,,,,2.92
InputActivityRatio,B_Opt_IndiaCostsFuel,GLOBAL,PWRCOGINDEA,COGIND,,1,2041,,,,,,2.92
InputActivityRatio,B_Opt_IndiaCostsFuel,GLOBAL,PWRCOGINDEA,COGIND,,1,2042,,,,,,2.92
InputActivityRatio,B_Opt_IndiaCostsFuel,GLOBAL,PWRCOGINDEA,COGIND,,1,2043,,,,,,2.92
InputActivityRatio,B_Opt_IndiaCostsFuel,GLOBAL,PWRCOGINDEA,COGIND,,1,2044,,,,,,2.92
InputActivityRatio,B_Opt_IndiaCostsFuel,GLOBAL,PWRCOGINDEA,COGIND,,1,2045,,,,,,2.92
InputActivityRatio,B_Opt_IndiaCostsFuel,GLOBAL,PWRCOGINDEA,COGIND,,1,2046,,,,,,2.92
InputActivityRatio,B_Opt_IndiaCostsFuel,GLOBAL,PWRCOGINDEA,COGIND,,1,2047,,,,,,2.92
InputActivityRatio,B_Opt_IndiaCostsFuel,GLOBAL,PWRCOGINDEA,COGIND,,1,2048,,,,,,2.92
InputActivityRatio,B_Opt_IndiaCostsFuel,GLOBAL,PWRCOGINDEA,COGIND,,1,2049,,,,,,2.92
InputActivityRatio,B_Opt_IndiaCostsFuel,GLOBAL,PWRCOGINDEA,COGIND,,1,2050,,,,,,2.92
InputActivityRatio,B_Opt_IndiaCostsFuel,GLOBAL,PWRCOGINDEA,COGINT,,2,2023,,,,,,2.92
InputActivityRatio,B_Opt_IndiaCostsFuel,GLOBAL,PWRCOGINDEA,COGINT,,2,2024,,,,,,2.92
InputActivityRatio,B_Opt_IndiaCostsFuel,GLOBAL,PWRCOGINDEA,COGINT,,2,2025,,,,,,2.92
InputActivityRatio,B_Opt_IndiaCostsFuel,GLOBAL,PWRCOGINDEA,COGINT,,2,2026,,,,,,2.92
InputActivityRatio,B_Opt_IndiaCostsFuel,GLOBAL,PWRCOGINDEA,COGINT,,2,2027,,,,,,2.92
InputActivityRatio,B_Opt_IndiaCostsFuel,GLOBAL,PWRCOGINDEA,COGINT,,2,2028,,,,,,2.92
InputActivityRatio,B_Opt_IndiaCostsFuel,GLOBAL,PWRCOGINDEA,COGINT,,2,2029,,,,,,2.92
InputActivityRatio,B_Opt_IndiaCostsFuel,GLOBAL,PWRCOGINDEA,COGINT,,2,2030,,,,,,2.92
InputActivityRatio,B_Opt_IndiaCostsFuel,GLOBAL,PWRCOGINDEA,COGINT,,2,2031,,,,,,2.92
InputActivityRatio,B_Opt_IndiaCostsFuel,GLOBAL,PWRCOGINDEA,COGINT,,2,2032,,,,,,2.92
InputActivityRatio,B_Opt_IndiaCostsFuel,GLOBAL,PWRCOGINDEA,COGINT,,2,2033,,,,,,2.92
InputActivityRatio,B_Opt_IndiaCostsFuel,GLOBAL,PWRCOGINDEA,COGINT,,2,2034,,,,,,2.92
InputActivityRatio,B_Opt_IndiaCostsFuel,GLOBAL,PWRCOGINDEA,COGINT,,2,2035,,,,,,2.92
InputActivityRatio,B_Opt_IndiaCostsFuel,GLOBAL,PWRCOGINDEA,COGINT,,2,2036,,,,,,2.92
InputActivityRatio,B_Opt_IndiaCostsFuel,GLOBAL,PWRCOGINDEA,COGINT,,2,2037,,,,,,2.92
InputActivityRatio,B_Opt_IndiaCostsFuel,GLOBAL,PWRCOGINDEA,COGINT,,2,2038,,,,,,2.92
InputActivityRatio,B_Opt_IndiaCostsFuel,GLOBAL,PWRCOGINDEA,COGINT,,2,2039,,,,,,2.92
InputActivityRatio,B_Opt_IndiaCostsFuel,GLOBAL,PWRCOGINDEA,COGINT,,2,2040,,,,,,2.92
InputActivityRatio,B_Opt_IndiaCostsFuel,GLOBAL,PWRCOGINDEA,COGINT,,2,2041,,,,,,2.92
InputActivityRatio,B_Opt_IndiaCostsFuel,GLOBAL,PWRCOGINDEA,COGINT,,2,2042,,,,,,2.92
InputActivityRatio,B_Opt_IndiaCostsFuel,GLOBAL,PWRCOGINDEA,COGINT,,2,2043,,,,,,2.92
InputActivityRatio,B_Opt_IndiaCostsFuel,GLOBAL,PWRCOGINDEA,COGINT,,2,2044,,,,,,2.92
InputActivityRatio,B_Opt_IndiaCostsFuel,GLOBAL,PWRCOGINDEA,COGINT,,2,2045,,,,,,2.92
InputActivityRatio,B_Opt_IndiaCostsFuel,GLOBAL,PWRCOGINDEA,COGINT,,2,2046,,,,,,2.92
InputActivityRatio,B_Opt_IndiaCostsFuel,GLOBAL,PWRCOGINDEA,COGINT,,2,2047,,,,,,2.92
InputActivityRatio,B_Opt_IndiaCostsFuel,GLOBAL,PWRCOGINDEA,COGINT,,2,2048,,,,,,2.92
InputActivityRatio,B_Opt_IndiaCostsFuel,GLOBAL,PWRCOGINDEA,COGINT,,2,2049,,,,,,2.92
InputActivityRatio,B_Opt_IndiaCostsFuel,GLOBAL,PWRCOGINDEA,COGINT,,2,2050,,,,,,2.92
InputActivityRatio,B_Opt_IndiaCostsFuel,GLOBAL,PWRCOGINDNE,COGIND,,1,2023,,,,,,2.92
InputActivityRatio,B_Opt_IndiaCostsFuel,GLOBAL,PWRCOGINDNE,COGIND,,1,2024,,,,,,2.92
InputActivityRatio,B_Opt_IndiaCostsFuel,GLOBAL,PWRCOGINDNE,COGIND,,1,2025,,,,,,2.92
InputActivityRatio,B_Opt_IndiaCostsFuel,GLOBAL,PWRCOGINDNE,COGIND,,1,2026,,,,,,2.92
InputActivityRatio,B_Opt_IndiaCostsFuel,GLOBAL,PWRCOGINDNE,COGIND,,1,2027,,,,,,2.92
InputActivityRatio,B_Opt_IndiaCostsFuel,GLOBAL,PWRCOGINDNE,COGIND,,1,2028,,,,,,2.92
InputActivityRatio,B_Opt_IndiaCostsFuel,GLOBAL,PWRCOGINDNE,COGIND,,1,2029,,,,,,2.92
InputActivityRatio,B_Opt_IndiaCostsFuel,GLOBAL,PWRCOGINDNE,COGIND,,1,2030,,,,,,2.92
InputActivityRatio,B_Opt_IndiaCostsFuel,GLOBAL,PWRCOGINDNE,COGIND,,1,2031,,,,,,2.92
InputActivityRatio,B_Opt_IndiaCostsFuel,GLOBAL,PWRCOGINDNE,COGIND,,1,2032,,,,,,2.92
InputActivityRatio,B_Opt_IndiaCostsFuel,GLOBAL,PWRCOGINDNE,COGIND,,1,2033,,,,,,2.92
InputActivityRatio,B_Opt_IndiaCostsFuel,GLOBAL,PWRCOGINDNE,COGIND,,1,2034,,,,,,2.92
InputActivityRatio,B_Opt_IndiaCostsFuel,GLOBAL,PWRCOGINDNE,COGIND,,1,2035,,,,,,2.92
InputActivityRatio,B_Opt_IndiaCostsFuel,GLOBAL,PWRCOGINDNE,COGIND,,1,2036,,,,,,2.92
InputActivityRatio,B_Opt_IndiaCostsFuel,GLOBAL,PWRCOGINDNE,COGIND,,1,2037,,,,,,2.92
InputActivityRatio,B_Opt_IndiaCostsFuel,GLOBAL,PWRCOGINDNE,COGIND,,1,2038,,,,,,2.92
InputActivityRatio,B_Opt_IndiaCostsFuel,GLOBAL,PWRCOGINDNE,COGIND,,1,2039,,,,,,2.92
InputActivityRatio,B_Opt_IndiaCostsFuel,GLOBAL,PWRCOGINDNE,COGIND,,1,2040,,,,,,2.92
InputActivityRatio,B_Opt_IndiaCostsFuel,GLOBAL,PWRCOGINDNE,COGIND,,1,2041,,,,,,2.92
InputActivityRatio,B_Opt_IndiaCostsFuel,GLOBAL,PWRCOGINDNE,COGIND,,1,2042,,,,,,2.92
InputActivityRatio,B_Opt_IndiaCostsFuel,GLOBAL,PWRCOGINDNE,COGIND,,1,2043,,,,,,2.92
InputActivityRatio,B_Opt_IndiaCostsFuel,GLOBAL,PWRCOGINDNE,COGIND,,1,2044,,,,,,2.92
InputActivityRatio,B_Opt_IndiaCostsFuel,GLOBAL,PWRCOGINDNE,COGIND,,1,2045,,,,,,2.92
InputActivityRatio,B_Opt_IndiaCostsFuel,GLOBAL,PWRCOGINDNE,COGIND,,1,2046,,,,,,2.92
InputActivityRatio,B_Opt_IndiaCostsFuel,GLOBAL,PWRCOGINDNE,COGIND,,1,2047,,,,,,2.92
InputActivityRatio,B_Opt_IndiaCostsFuel,GLOBAL,PWRCOGINDNE,COGIND,,1,2048,,,,,,2.92
InputActivityRatio,B_Opt_IndiaCostsFuel,GLOBAL,PWRCOGINDNE,COGIND,,1,2049,,,,,,2.92
InputActivityRatio,B_Opt_IndiaCostsFuel,GLOBAL,PWRCOGINDNE,COGIND,,1,2050,,,,,,2.92
InputActivityRatio,B_Opt_IndiaCostsFuel,GLOBAL,PWRCOGINDNE,COGINT,,2,2023,,,,,,2.92
InputActivityRatio,B_Opt_IndiaCostsFuel,GLOBAL,PWRCOGINDNE,COGINT,,2,2024,,,,,,2.92
InputActivityRatio,B_Opt_IndiaCostsFuel,GLOBAL,PWRCOGINDNE,COGINT,,2,2025,,,,,,2.92
InputActivityRatio,B_Opt_IndiaCostsFuel,GLOBAL,PWRCOGINDNE,COGINT,,2,2026,,,,,,2.92
InputActivityRatio,B_Opt_IndiaCostsFuel,GLOBAL,PWRCOGINDNE,COGINT,,2,2027,,,,,,2.92
InputActivityRatio,B_Opt_IndiaCostsFuel,GLOBAL,PWRCOGINDNE,COGINT,,2,2028,,,,,,2.92
InputActivityRatio,B_Opt_IndiaCostsFuel,GLOBAL,PWRCOGINDNE,COGINT,,2,2029,,,,,,2.92
InputActivityRatio,B_Opt_IndiaCostsFuel,GLOBAL,PWRCOGINDNE,COGINT,,2,2030,,,,,,2.92
InputActivityRatio,B_Opt_IndiaCostsFuel,GLOBAL,PWRCOGINDNE,COGINT,,2,2031,,,,,,2.92
InputActivityRatio,B_Opt_IndiaCostsFuel,GLOBAL,PWRCOGINDNE,COGINT,,2,2032,,,,,,2.92
InputActivityRatio,B_Opt_IndiaCostsFuel,GLOBAL,PWRCOGINDNE,COGINT,,2,2033,,,,,,2.92
InputActivityRatio,B_Opt_IndiaCostsFuel,GLOBAL,PWRCOGINDNE,COGINT,,2,2034,,,,,,2.92
InputActivityRatio,B_Opt_IndiaCostsFuel,GLOBAL,PWRCOGINDNE,COGINT,,2,2035,,,,,,2.92
InputActivityRatio,B_Opt_IndiaCostsFuel,GLOBAL,PWRCOGINDNE,COGINT,,2,2036,,,,,,2.92
InputActivityRatio,B_Opt_IndiaCostsFuel,GLOBAL,PWRCOGINDNE,COGINT,,2,2037,,,,,,2.92
InputActivityRatio,B_Opt_IndiaCostsFuel,GLOBAL,PWRCOGINDNE,COGINT,,2,2038,,,,,,2.92
InputActivityRatio,B_Opt_IndiaCostsFuel,GLOBAL,PWRCOGINDNE,COGINT,,2,2039,,,,,,2.92
InputActivityRatio,B_Opt_IndiaCostsFuel,GLOBAL,PWRCOGINDNE,COGINT,,2,2040,,,,,,2.92
InputActivityRatio,B_Opt_IndiaCostsFuel,GLOBAL,PWRCOGINDNE,COGINT,,2,2041,,,,,,2.92
InputActivityRatio,B_Opt_IndiaCostsFuel,GLOBAL,PWRCOGINDNE,COGINT,,2,2042,,,,,,2.92
InputActivityRatio,B_Opt_IndiaCostsFuel,GLOBAL,PWRCOGINDNE,COGINT,,2,2043,,,,,,2.92
InputActivityRatio,B_Opt_IndiaCostsFuel,GLOBAL,PWRCOGINDNE,COGINT,,2,2044,,,,,,2.92
InputActivityRatio,B_Opt_IndiaCostsFuel,GLOBAL,PWRCOGINDNE,COGINT,,2,2045,,,,,,2.92
InputActivityRatio,B_Opt_IndiaCostsFuel,GLOBAL,PWRCOGINDNE,COGINT,,2,2046,,,,,,2.92
InputActivityRatio,B_Opt_IndiaCostsFuel,GLOBAL,PWRCOGINDNE,COGINT,,2,2047,,,,,,2.92
InputActivityRatio,B_Opt_IndiaCostsFuel,GLOBAL,PWRCOGINDNE,COGINT,,2,2048,,,,,,2.92
InputActivityRatio,B_Opt_IndiaCostsFuel,GLOBAL,PWRCOGINDNE,COGINT,,2,2049,,,,,,2.92
InputActivityRatio,B_Opt_IndiaCostsFuel,GLOBAL,PWRCOGINDNE,COGINT,,2,2050,,,,,,2.92
InputActivityRatio,B_Opt_IndiaCostsFuel,GLOBAL,PWRCOGINDNO,COGIND,,1,2023,,,,,,2.92
InputActivityRatio,B_Opt_IndiaCostsFuel,GLOBAL,PWRCOGINDNO,COGIND,,1,2024,,,,,,2.92
InputActivityRatio,B_Opt_IndiaCostsFuel,GLOBAL,PWRCOGINDNO,COGIND,,1,2025,,,,,,2.92
InputActivityRatio,B_Opt_IndiaCostsFuel,GLOBAL,PWRCOGINDNO,COGIND,,1,2026,,,,,,2.92
InputActivityRatio,B_Opt_IndiaCostsFuel,GLOBAL,PWRCOGINDNO,COGIND,,1,2027,,,,,,2.92
InputActivityRatio,B_Opt_IndiaCostsFuel,GLOBAL,PWRCOGINDNO,COGIND,,1,2028,,,,,,2.92
InputActivityRatio,B_Opt_IndiaCostsFuel,GLOBAL,PWRCOGINDNO,COGIND,,1,2029,,,,,,2.92
InputActivityRatio,B_Opt_IndiaCostsFuel,GLOBAL,PWRCOGINDNO,COGIND,,1,2030,,,,,,2.92
InputActivityRatio,B_Opt_IndiaCostsFuel,GLOBAL,PWRCOGINDNO,COGIND,,1,2031,,,,,,2.92
InputActivityRatio,B_Opt_IndiaCostsFuel,GLOBAL,PWRCOGINDNO,COGIND,,1,2032,,,,,,2.92
InputActivityRatio,B_Opt_IndiaCostsFuel,GLOBAL,PWRCOGINDNO,COGIND,,1,2033,,,,,,2.92
InputActivityRatio,B_Opt_IndiaCostsFuel,GLOBAL,PWRCOGINDNO,COGIND,,1,2034,,,,,,2.92
InputActivityRatio,B_Opt_IndiaCostsFuel,GLOBAL,PWRCOGINDNO,COGIND,,1,2035,,,,,,2.92
InputActivityRatio,B_Opt_IndiaCostsFuel,GLOBAL,PWRCOGINDNO,COGIND,,1,2036,,,,,,2.92
InputActivityRatio,B_Opt_IndiaCostsFuel,GLOBAL,PWRCOGINDNO,COGIND,,1,2037,,,,,,2.92
InputActivityRatio,B_Opt_IndiaCostsFuel,GLOBAL,PWRCOGINDNO,COGIND,,1,2038,,,,,,2.92
InputActivityRatio,B_Opt_IndiaCostsFuel,GLOBAL,PWRCOGINDNO,COGIND,,1,2039,,,,,,2.92
InputActivityRatio,B_Opt_IndiaCostsFuel,GLOBAL,PWRCOGINDNO,COGIND,,1,2040,,,,,,2.92
InputActivityRatio,B_Opt_IndiaCostsFuel,GLOBAL,PWRCOGINDNO,COGIND,,1,2041,,,,,,2.92
InputActivityRatio,B_Opt_IndiaCostsFuel,GLOBAL,PWRCOGINDNO,COGIND,,1,2042,,,,,,2.92
InputActivityRatio,B_Opt_IndiaCostsFuel,GLOBAL,PWRCOGINDNO,COGIND,,1,2043,,,,,,2.92
InputActivityRatio,B_Opt_IndiaCostsFuel,GLOBAL,PWRCOGINDNO,COGIND,,1,2044,,,,,,2.92
InputActivityRatio,B_Opt_IndiaCostsFuel,GLOBAL,PWRCOGINDNO,COGIND,,1,2045,,,,,,2.92
InputActivityRatio,B_Opt_IndiaCostsFuel,GLOBAL,PWRCOGINDNO,COGIND,,1,2046,,,,,,2.92
InputActivityRatio,B_Opt_IndiaCostsFuel,GLOBAL,PWRCOGINDNO,COGIND,,1,2047,,,,,,2.92
InputActivityRatio,B_Opt_IndiaCostsFuel,GLOBAL,PWRCOGINDNO,COGIND,,1,2048,,,,,,2.92
InputActivityRatio,B_Opt_IndiaCostsFuel,GLOBAL,PWRCOGINDNO,COGIND,,1,2049,,,,,,2.92
InputActivityRatio,B_Opt_IndiaCostsFuel,GLOBAL,PWRCOGINDNO,COGIND,,1,2050,,,,,,2.92
InputActivityRatio,B_Opt_IndiaCostsFuel,GLOBAL,PWRCOGINDNO,COGINT,,2,2023,,,,,,2.92
InputActivityRatio,B_Opt_IndiaCostsFuel,GLOBAL,PWRCOGINDNO,COGINT,,2,2024,,,,,,2.92
InputActivityRatio,B_Opt_IndiaCostsFuel,GLOBAL,PWRCOGINDNO,COGINT,,2,2025,,,,,,2.92
InputActivityRatio,B_Opt_IndiaCostsFuel,GLOBAL,PWRCOGINDNO,COGINT,,2,2026,,,,,,2.92
InputActivityRatio,B_Opt_IndiaCostsFuel,GLOBAL,PWRCOGINDNO,COGINT,,2,2027,,,,,,2.92
InputActivityRatio,B_Opt_IndiaCostsFuel,GLOBAL,PWRCOGINDNO,COGINT,,2,2028,,,,,,2.92
InputActivityRatio,B_Opt_IndiaCostsFuel,GLOBAL,PWRCOGINDNO,COGINT,,2,2029,,,,,,2.92
InputActivityRatio,B_Opt_IndiaCostsFuel,GLOBAL,PWRCOGINDNO,COGINT,,2,2030,,,,,,2.92
InputActivityRatio,B_Opt_IndiaCostsFuel,GLOBAL,PWRCOGINDNO,COGINT,,2,2031,,,,,,2.92
InputActivityRatio,B_Opt_IndiaCostsFuel,GLOBAL,PWRCOGINDNO,COGINT,,2,2032,,,,,,2.92
InputActivityRatio,B_Opt_IndiaCostsFuel,GLOBAL,PWRCOGINDNO,COGINT,,2,2033,,,,,,2.92
InputActivityRatio,B_Opt_IndiaCostsFuel,GLOBAL,PWRCOGINDNO,COGINT,,2,2034,,,,,,2.92
InputActivityRatio,B_Opt_IndiaCostsFuel,GLOBAL,PWRCOGINDNO,COGINT,,2,2035,,,,,,2.92
InputActivityRatio,B_Opt_IndiaCostsFuel,GLOBAL,PWRCOGINDNO,COGINT,,2,2036,,,,,,2.92
InputActivityRatio,B_Opt_IndiaCostsFuel,GLOBAL,PWRCOGINDNO,COGINT,,2,2037,,,,,,2.92
InputActivityRatio,B_Opt_IndiaCostsFuel,GLOBAL,PWRCOGINDNO,COGINT,,2,2038,,,,,,2.92
InputActivityRatio,B_Opt_IndiaCostsFuel,GLOBAL,PWRCOGINDNO,COGINT,,2,2039,,,,,,2.92
InputActivityRatio,B_Opt_IndiaCostsFuel,GLOBAL,PWRCOGINDNO,COGINT,,2,2040,,,,,,2.92
InputActivityRatio,B_Opt_IndiaCostsFuel,GLOBAL,PWRCOGINDNO,COGINT,,2,2041,,,,,,2.92
InputActivityRatio,B_Opt_IndiaCostsFuel,GLOBAL,PWRCOGINDNO,COGINT,,2,2042,,,,,,2.92
InputActivityRatio,B_Opt_IndiaCostsFuel,GLOBAL,PWRCOGINDNO,COGINT,,2,2043,,,,,,2.92
InputActivityRatio,B_Opt_IndiaCostsFuel,GLOBAL,PWRCOGINDNO,COGINT,,2,2044,,,,,,2.92
InputActivityRatio,B_Opt_IndiaCostsFuel,GLOBAL,PWRCOGINDNO,COGINT,,2,2045,,,,,,2.92
InputActivityRatio,B_Opt_IndiaCostsFuel,GLOBAL,PWRCOGINDNO,COGINT,,2,2046,,,,,,2.92
InputActivityRatio,B_Opt_IndiaCostsFuel,GLOBAL,PWRCOGINDNO,COGINT,,2,2047,,,,,,2.92
InputActivityRatio,B_Opt_IndiaCostsFuel,GLOBAL,PWRCOGINDNO,COGINT,,2,2048,,,,,,2.92
InputActivityRatio,B_Opt_IndiaCostsFuel,GLOBAL,PWRCOGINDNO,COGINT,,2,2049,,,,,,2.92
InputActivityRatio,B_Opt_IndiaCostsFuel,GLOBAL,PWRCOGINDNO,COGINT,,2,2050,,,,,,2.92
InputActivityRatio,B_Opt_IndiaCostsFuel,GLOBAL,PWRCOGINDSO,COGIND,,1,2023,,,,,,2.92
InputActivityRatio,B_Opt_IndiaCostsFuel,GLOBAL,PWRCOGINDSO,COGIND,,1,2024,,,,,,2.92
InputActivityRatio,B_Opt_IndiaCostsFuel,GLOBAL,PWRCOGINDSO,COGIND,,1,2025,,,,,,2.92
InputActivityRatio,B_Opt_IndiaCostsFuel,GLOBAL,PWRCOGINDSO,COGIND,,1,2026,,,,,,2.92
InputActivityRatio,B_Opt_IndiaCostsFuel,GLOBAL,PWRCOGINDSO,COGIND,,1,2027,,,,,,2.92
InputActivityRatio,B_Opt_IndiaCostsFuel,GLOBAL,PWRCOGINDSO,COGIND,,1,2028,,,,,,2.92
InputActivityRatio,B_Opt_IndiaCostsFuel,GLOBAL,PWRCOGINDSO,COGIND,,1,2029,,,,,,2.92
InputActivityRatio,B_Opt_IndiaCostsFuel,GLOBAL,PWRCOGINDSO,COGIND,,1,2030,,,,,,2.92
InputActivityRatio,B_Opt_IndiaCostsFuel,GLOBAL,PWRCOGINDSO,COGIND,,1,2031,,,,,,2.92
InputActivityRatio,B_Opt_IndiaCostsFuel,GLOBAL,PWRCOGINDSO,COGIND,,1,2032,,,,,,2.92
InputActivityRatio,B_Opt_IndiaCostsFuel,GLOBAL,PWRCOGINDSO,COGIND,,1,2033,,,,,,2.92
InputActivityRatio,B_Opt_IndiaCostsFuel,GLOBAL,PWRCOGINDSO,COGIND,,1,2034,,,,,,2.92
InputActivityRatio,B_Opt_IndiaCostsFuel,GLOBAL,PWRCOGINDSO,COGIND,,1,2035,,,,,,2.92
InputActivityRatio,B_Opt_IndiaCostsFuel,GLOBAL,PWRCOGINDSO,COGIND,,1,2036,,,,,,2.92
InputActivityRatio,B_Opt_IndiaCostsFuel,GLOBAL,PWRCOGINDSO,COGIND,,1,2037,,,,,,2.92
InputActivityRatio,B_Opt_IndiaCostsFuel,GLOBAL,PWRCOGINDSO,COGIND,,1,2038,,,,,,2.92
InputActivityRatio,B_Opt_IndiaCostsFuel,GLOBAL,PWRCOGINDSO,COGIND,,1,2039,,,,,,2.92
InputActivityRatio,B_Opt_IndiaCostsFuel,GLOBAL,PWRCOGINDSO,COGIND,,1,2040,,,,,,2.92
InputActivityRatio,B_Opt_IndiaCostsFuel,GLOBAL,PWRCOGINDSO,COGIND,,1,2041,,,,,,2.92
InputActivityRatio,B_Opt_IndiaCostsFuel,GLOBAL,PWRCOGINDSO,COGIND,,1,2042,,,,,,2.92
InputActivityRatio,B_Opt_IndiaCostsFuel,GLOBAL,PWRCOGINDSO,COGIND,,1,2043,,,,,,2.92
InputActivityRatio,B_Opt_IndiaCostsFuel,GLOBAL,PWRCOGINDSO,COGIND,,1,2044,,,,,,2.92
InputActivityRatio,B_Opt_IndiaCostsFuel,GLOBAL,PWRCOGINDSO,COGIND,,1,2045,,,,,,2.92
InputActivityRatio,B_Opt_IndiaCostsFuel,GLOBAL,PWRCOGINDSO,COGIND,,1,2046,,,,,,2.92
InputActivityRatio,B_Opt_IndiaCostsFuel,GLOBAL,PWRCOGINDSO,COGIND,,1,2047,,,,,,2.92
InputActivityRatio,B_Opt_IndiaCostsFuel,GLOBAL,PWRCOGINDSO,COGIND,,1,2048,,,,,,2.92
InputActivityRatio,B_Opt_IndiaCostsFuel,GLOBAL,PWRCOGINDSO,COGIND,,1,2049,,,,,,2.92
InputActivityRatio,B_Opt_IndiaCostsFuel,GLOBAL,PWRCOGINDSO,COGIND,,1,2050,,,,,,2.92
InputActivityRatio,B_Opt_IndiaCostsFuel,GLOBAL,PWRCOGINDSO,COGINT,,2,2023,,,,,,2.92
InputActivityRatio,B_Opt_IndiaCostsFuel,GLOBAL,PWRCOGINDSO,COGINT,,2,2024,,,,,,2.92
InputActivityRatio,B_Opt_IndiaCostsFuel,GLOBAL,PWRCOGINDSO,COGINT,,2,2025,,,,,,2.92
InputActivityRatio,B_Opt_IndiaCostsFuel,GLOBAL,PWRCOGINDSO,COGINT,,2,2026,,,,,,2.92
InputActivityRatio,B_Opt_IndiaCostsFuel,GLOBAL,PWRCOGINDSO,COGINT,,2,2027,,,,,,2.92
InputActivityRatio,B_Opt_IndiaCostsFuel,GLOBAL,PWRCOGINDSO,COGINT,,2,2028,,,,,,2.92
InputActivityRatio,B_Opt_IndiaCostsFuel,GLOBAL,PWRCOGINDSO,COGINT,,2,2029,,,,,,2.92
InputActivityRatio,B_Opt_IndiaCostsFuel,GLOBAL,PWRCOGINDSO,COGINT,,2,2030,,,,,,2.92
InputActivityRatio,B_Opt_IndiaCostsFuel,GLOBAL,PWRCOGINDSO,COGINT,,2,2031,,,,,,2.92
InputActivityRatio,B_Opt_IndiaCostsFuel,GLOBAL,PWRCOGINDSO,COGINT,,2,2032,,,,,,2.92
InputActivityRatio,B_Opt_IndiaCostsFuel,GLOBAL,PWRCOGINDSO,COGINT,,2,2033,,,,,,2.92
InputActivityRatio,B_Opt_IndiaCostsFuel,GLOBAL,PWRCOGINDSO,COGINT,,2,2034,,,,,,2.92
InputActivityRatio,B_Opt_IndiaCostsFuel,GLOBAL,PWRCOGINDSO,COGINT,,2,2035,,,,,,2.92
InputActivityRatio,B_Opt_IndiaCostsFuel,GLOBAL,PWRCOGINDSO,COGINT,,2,2036,,,,,,2.92
InputActivityRatio,B_Opt_IndiaCostsFuel,GLOBAL,PWRCOGINDSO,COGINT,,2,2037,,,,,,2.92
InputActivityRatio,B_Opt_IndiaCostsFuel,GLOBAL,PWRCOGINDSO,COGINT,,2,2038,,,,,,2.92
InputActivityRatio,B_Opt_IndiaCostsFuel,GLOBAL,PWRCOGINDSO,COGINT,,2,2039,,,,,,2.92
InputActivityRatio,B_Opt_IndiaCostsFuel,GLOBAL,PWRCOGINDSO,COGINT,,2,2040,,,,,,2.92
InputActivityRatio,B_Opt_IndiaCostsFuel,GLOBAL,PWRCOGINDSO,COGINT,,2,2041,,,,,,2.92
InputActivityRatio,B_Opt_IndiaCostsFuel,GLOBAL,PWRCOGINDSO,COGINT,,2,2042,,,,,,2.92
InputActivityRatio,B_Opt_IndiaCostsFuel,GLOBAL,PWRCOGINDSO,COGINT,,2,2043,,,,,,2.92
InputActivityRatio,B_Opt_IndiaCostsFuel,GLOBAL,PWRCOGINDSO,COGINT,,2,2044,,,,,,2.92
InputActivityRatio,B_Opt_IndiaCostsFuel,GLOBAL,PWRCOGINDSO,COGINT,,2,2045,,,,,,2.92
InputActivityRatio,B_Opt_IndiaCostsFuel,GLOBAL,PWRCOGINDSO,COGINT,,2,2046,,,,,,2.92
InputActivityRatio,B_Opt_IndiaCostsFuel,GLOBAL,PWRCOGINDSO,COGINT,,2,2047,,,,,,2.92
InputActivityRatio,B_Opt_IndiaCostsFuel,GLOBAL,PWRCOGINDSO,COGINT,,2,2048,,,,,,2.92
InputActivityRatio,B_Opt_IndiaCostsFuel,GLOBAL,PWRCOGINDSO,COGINT,,2,2049,,,,,,2.92
InputActivityRatio,B_Opt_IndiaCostsFuel,GLOBAL,PWRCOGINDSO,COGINT,,2,2050,,,,,,2.92
InputActivityRatio,B_Opt_IndiaCostsFuel,GLOBAL,PWRCOGINDWE,COGIND,,1,2023,,,,,,2.92
InputActivityRatio,B_Opt_IndiaCostsFuel,GLOBAL,PWRCOGINDWE,COGIND,,1,2024,,,,,,2.92
InputActivityRatio,B_Opt_IndiaCostsFuel,GLOBAL,PWRCOGINDWE,COGIND,,1,2025,,,,,,2.92
InputActivityRatio,B_Opt_IndiaCostsFuel,GLOBAL,PWRCOGINDWE,COGIND,,1,2026,,,,,,2.92
InputActivityRatio,B_Opt_IndiaCostsFuel,GLOBAL,PWRCOGINDWE,COGIND,,1,2027,,,,,,2.92
InputActivityRatio,B_Opt_IndiaCostsFuel,GLOBAL,PWRCOGINDWE,COGIND,,1,2028,,,,,,2.92
InputActivityRatio,B_Opt_IndiaCostsFuel,GLOBAL,PWRCOGINDWE,COGIND,,1,2029,,,,,,2.92
InputActivityRatio,B_Opt_IndiaCostsFuel,GLOBAL,PWRCOGINDWE,COGIND,,1,2030,,,,,,2.92
InputActivityRatio,B_Opt_IndiaCostsFuel,GLOBAL,PWRCOGINDWE,COGIND,,1,2031,,,,,,2.92
InputActivityRatio,B_Opt_IndiaCostsFuel,GLOBAL,PWRCOGINDWE,COGIND,,1,2032,,,,,,2.92
InputActivityRatio,B_Opt_IndiaCostsFuel,GLOBAL,PWRCOGINDWE,COGIND,,1,2033,,,,,,2.92
InputActivityRatio,B_Opt_IndiaCostsFuel,GLOBAL,PWRCOGINDWE,COGIND,,1,2034,,,,,,2.92
InputActivityRatio,B_Opt_IndiaCostsFuel,GLOBAL,PWRCOGINDWE,COGIND,,1,2035,,,,,,2.92
InputActivityRatio,B_Opt_IndiaCostsFuel,GLOBAL,PWRCOGINDWE,COGIND,,1,2036,,,,,,2.92
InputActivityRatio,B_Opt_IndiaCostsFuel,GLOBAL,PWRCOGINDWE,COGIND,,1,2037,,,,,,2.92
InputActivityRatio,B_Opt_IndiaCostsFuel,GLOBAL,PWRCOGINDWE,COGIND,,1,2038,,,,,,2.92
InputActivityRatio,B_Opt_IndiaCostsFuel,GLOBAL,PWRCOGINDWE,COGIND,,1,2039,,,,,,2.92
InputActivityRatio,B_Opt_IndiaCostsFuel,GLOBAL,PWRCOGINDWE,COGIND,,1,2040,,,,,,2.92
InputActivityRatio,B_Opt_IndiaCostsFuel,GLOBAL,PWRCOGINDWE,COGIND,,1,2041,,,,,,2.92
InputActivityRatio,B_Opt_IndiaCostsFuel,GLOBAL,PWRCOGINDWE,COGIND,,1,2042,,,,,,2.92
InputActivityRatio,B_Opt_IndiaCostsFuel,GLOBAL,PWRCOGINDWE,COGIND,,1,2043,,,,,,2.92
InputActivityRatio,B_Opt_IndiaCostsFuel,GLOBAL,PWRCOGINDWE,COGIND,,1,2044,,,,,,2.92
InputActivityRatio,B_Opt_IndiaCostsFuel,GLOBAL,PWRCOGINDWE,COGIND,,1,2045,,,,,,2.92
InputActivityRatio,B_Opt_IndiaCostsFuel,GLOBAL,PWRCOGINDWE,COGIND,,1,2046,,,,,,2.92
InputActivityRatio,B_Opt_IndiaCostsFuel,GLOBAL,PWRCOGINDWE,COGIND,,1,2047,,,,,,2.92
InputActivityRatio,B_Opt_IndiaCostsFuel,GLOBAL,PWRCOGINDWE,COGIND,,1,2048,,,,,,2.92
InputActivityRatio,B_Opt_IndiaCostsFuel,GLOBAL,PWRCOGINDWE,COGIND,,1,2049,,,,,,2.92
InputActivityRatio,B_Opt_IndiaCostsFuel,GLOBAL,PWRCOGINDWE,COGIND,,1,2050,,,,,,2.92
InputActivityRatio,B_Opt_IndiaCostsFuel,GLOBAL,PWRCOGINDWE,COGINT,,2,2023,,,,,,2.92
InputActivityRatio,B_Opt_IndiaCostsFuel,GLOBAL,PWRCOGINDWE,COGINT,,2,2024,,,,,,2.92
InputActivityRatio,B_Opt_IndiaCostsFuel,GLOBAL,PWRCOGINDWE,COGINT,,2,2025,,,,,,2.92
InputActivityRatio,B_Opt_IndiaCostsFuel,GLOBAL,PWRCOGINDWE,COGINT,,2,2026,,,,,,2.92
InputActivityRatio,B_Opt_IndiaCostsFuel,GLOBAL,PWRCOGINDWE,COGINT,,2,2027,,,,,,2.92
InputActivityRatio,B_Opt_IndiaCostsFuel,GLOBAL,PWRCOGINDWE,COGINT,,2,2028,,,,,,2.92
InputActivityRatio,B_Opt_IndiaCostsFuel,GLOBAL,PWRCOGINDWE,COGINT,,2,2029,,,,,,2.92
InputActivityRatio,B_Opt_IndiaCostsFuel,GLOBAL,PWRCOGINDWE,COGINT,,2,2030,,,,,,2.92
InputActivityRatio,B_Opt_IndiaCostsFuel,GLOBAL,PWRCOGINDWE,COGINT,,2,2031,,,,,,2.92
InputActivityRatio,B_Opt_IndiaCostsFuel,GLOBAL,PWRCOGINDWE,COGINT,,2,2032,,,,,,2.92
InputActivityRatio,B_Opt_IndiaCostsFuel,GLOBAL,PWRCOGINDWE,COGINT,,2,2033,,,,,,2.92
InputActivityRatio,B_Opt_IndiaCostsFuel,GLOBAL,PWRCOGINDWE,COGINT,,2,2034,,,,,,2.92
InputActivityRatio,B_Opt_IndiaCostsFuel,GLOBAL,PWRCOGINDWE,COGINT,,2,2035,,,,,,2.92
InputActivityRatio,B_Opt_IndiaCostsFuel,GLOBAL,PWRCOGINDWE,COGINT,,2,2036,,,,,,2.92
InputActivityRatio,B_Opt_IndiaCostsFuel,GLOBAL,PWRCOGINDWE,COGINT,,2,2037,,,,,,2.92
InputActivityRatio,B_Opt_IndiaCostsFuel,GLOBAL,PWRCOGINDWE,COGINT,,2,2038,,,,,,2.92
InputActivityRatio,B_Opt_IndiaCostsFuel,GLOBAL,PWRCOGINDWE,COGINT,,2,2039,,,,,,2.92
InputActivityRatio,B_Opt_IndiaCostsFuel,GLOBAL,PWRCOGINDWE,COGINT,,2,2040,,,,,,2.92
InputActivityRatio,B_Opt_IndiaCostsFuel,GLOBAL,PWRCOGINDWE,COGINT,,2,2041,,,,,,2.92
InputActivityRatio,B_Opt_IndiaCostsFuel,GLOBAL,PWRCOGINDWE,COGINT,,2,2042,,,,,,2.92
InputActivityRatio,B_Opt_IndiaCostsFuel,GLOBAL,PWRCOGINDWE,COGINT,,2,2043,,,,,,2.92
InputActivityRatio,B_Opt_IndiaCostsFuel,GLOBAL,PWRCOGINDWE,COGINT,,2,2044,,,,,,2.92
InputActivityRatio,B_Opt_IndiaCostsFuel,GLOBAL,PWRCOGINDWE,COGINT,,2,2045,,,,,,2.92
InputActivityRatio,B_Opt_IndiaCostsFuel,GLOBAL,PWRCOGINDWE,COGINT,,2,2046,,,,,,2.92
InputActivityRatio,B_Opt_IndiaCostsFuel,GLOBAL,PWRCOGINDWE,COGINT,,2,2047,,,,,,2.92
InputActivityRatio,B_Opt_IndiaCostsFuel,GLOBAL,PWRCOGINDWE,COGINT,,2,2048,,,,,,2.92
InputActivityRatio,B_Opt_IndiaCostsFuel,GLOBAL,PWRCOGINDWE,COGINT,,2,2049,,,,,,2.92
InputActivityRatio,B_Opt_IndiaCostsFuel,GLOBAL,PWRCOGINDWE,COGINT,,2,2050,,,,,,2.92
InputActivityRatio,B_Opt_IndiaCostsFuel,GLOBAL,PWRCOGLKAXX,COGLKA,,1,2023,,,,,,2.92
InputActivityRatio,B_Opt_IndiaCostsFuel,GLOBAL,PWRCOGLKAXX,COGLKA,,1,2024,,,,,,2.92
InputActivityRatio,B_Opt_IndiaCostsFuel,GLOBAL,PWRCOGLKAXX,COGLKA,,1,2025,,,,,,2.92
InputActivityRatio,B_Opt_IndiaCostsFuel,GLOBAL,PWRCOGLKAXX,COGLKA,,1,2026,,,,,,2.92
InputActivityRatio,B_Opt_IndiaCostsFuel,GLOBAL,PWRCOGLKAXX,COGLKA,,1,2027,,,,,,2.92
InputActivityRatio,B_Opt_IndiaCostsFuel,GLOBAL,PWRCOGLKAXX,COGLKA,,1,2028,,,,,,2.92
InputActivityRatio,B_Opt_IndiaCostsFuel,GLOBAL,PWRCOGLKAXX,COGLKA,,1,2029,,,,,,2.92
InputActivityRatio,B_Opt_IndiaCostsFuel,GLOBAL,PWRCOGLKAXX,COGLKA,,1,2030,,,,,,2.92
InputActivityRatio,B_Opt_IndiaCostsFuel,GLOBAL,PWRCOGLKAXX,COGLKA,,1,2031,,,,,,2.92
InputActivityRatio,B_Opt_IndiaCostsFuel,GLOBAL,PWRCOGLKAXX,COGLKA,,1,2032,,,,,,2.92
InputActivityRatio,B_Opt_IndiaCostsFuel,GLOBAL,PWRCOGLKAXX,COGLKA,,1,2033,,,,,,2.92
InputActivityRatio,B_Opt_IndiaCostsFuel,GLOBAL,PWRCOGLKAXX,COGLKA,,1,2034,,,,,,2.92
InputActivityRatio,B_Opt_IndiaCostsFuel,GLOBAL,PWRCOGLKAXX,COGLKA,,1,2035,,,,,,2.92
InputActivityRatio,B_Opt_IndiaCostsFuel,GLOBAL,PWRCOGLKAXX,COGLKA,,1,2036,,,,,,2.92
InputActivityRatio,B_Opt_IndiaCostsFuel,GLOBAL,PWRCOGLKAXX,COGLKA,,1,2037,,,,,,2.92
InputActivityRatio,B_Opt_IndiaCostsFuel,GLOBAL,PWRCOGLKAXX,COGLKA,,1,2038,,,,,,2.92
InputActivityRatio,B_Opt_IndiaCostsFuel,GLOBAL,PWRCOGLKAXX,COGLKA,,1,2039,,,,,,2.92
InputActivityRatio,B_Opt_IndiaCostsFuel,GLOBAL,PWRCOGLKAXX,COGLKA,,1,2040,,,,,,2.92
InputActivityRatio,B_Opt_IndiaCostsFuel,GLOBAL,PWRCOGLKAXX,COGLKA,,1,2041,,,,,,2.92
InputActivityRatio,B_Opt_IndiaCostsFuel,GLOBAL,PWRCOGLKAXX,COGLKA,,1,2042,,,,,,2.92
InputActivityRatio,B_Opt_IndiaCostsFuel,GLOBAL,PWRCOGLKAXX,COGLKA,,1,2043,,,,,,2.92
InputActivityRatio,B_Opt_IndiaCostsFuel,GLOBAL,PWRCOGLKAXX,COGLKA,,1,2044,,,,,,2.92
InputActivityRatio,B_Opt_IndiaCostsFuel,GLOBAL,PWRCOGLKAXX,COGLKA,,1,2045,,,,,,2.92
InputActivityRatio,B_Opt_IndiaCostsFuel,GLOBAL,PWRCOGLKAXX,COGLKA,,1,2046,,,,,,2.92
InputActivityRatio,B_Opt_IndiaCostsFuel,GLOBAL,PWRCOGLKAXX,COGLKA,,1,2047,,,,,,2.92
InputActivityRatio,B_Opt_IndiaCostsFuel,GLOBAL,PWRCOGLKAXX,COGLKA,,1,2048,,,,,,2.92
InputActivityRatio,B_Opt_IndiaCostsFuel,GLOBAL,PWRCOGLKAXX,COGLKA,,1,2049,,,,,,2.92
InputActivityRatio,B_Opt_IndiaCostsFuel,GLOBAL,PWRCOGLKAXX,COGLKA,,1,2050,,,,,,2.92
InputActivityRatio,B_Opt_IndiaCostsFuel,GLOBAL,PWRCOGLKAXX,COGINT,,2,2023,,,,,,2.92
InputActivityRatio,B_Opt_IndiaCostsFuel,GLOBAL,PWRCOGLKAXX,COGINT,,2,2024,,,,,,2.92
InputActivityRatio,B_Opt_IndiaCostsFuel,GLOBAL,PWRCOGLKAXX,COGINT,,2,2025,,,,,,2.92
InputActivityRatio,B_Opt_IndiaCostsFuel,GLOBAL,PWRCOGLKAXX,COGINT,,2,2026,,,,,,2.92
InputActivityRatio,B_Opt_IndiaCostsFuel,GLOBAL,PWRCOGLKAXX,COGINT,,2,2027,,,,,,2.92
InputActivityRatio,B_Opt_IndiaCostsFuel,GLOBAL,PWRCOGLKAXX,COGINT,,2,2028,,,,,,2.92
InputActivityRatio,B_Opt_IndiaCostsFuel,GLOBAL,PWRCOGLKAXX,COGINT,,2,2029,,,,,,2.92
InputActivityRatio,B_Opt_IndiaCostsFuel,GLOBAL,PWRCOGLKAXX,COGINT,,2,2030,,,,,,2.92
InputActivityRatio,B_Opt_IndiaCostsFuel,GLOBAL,PWRCOGLKAXX,COGINT,,2,2031,,,,,,2.92
InputActivityRatio,B_Opt_IndiaCostsFuel,GLOBAL,PWRCOGLKAXX,COGINT,,2,2032,,,,,,2.92
InputActivityRatio,B_Opt_IndiaCostsFuel,GLOBAL,PWRCOGLKAXX,COGINT,,2,2033,,,,,,2.92
InputActivityRatio,B_Opt_IndiaCostsFuel,GLOBAL,PWRCOGLKAXX,COGINT,,2,2034,,,,,,2.92
InputActivityRatio,B_Opt_IndiaCostsFuel,GLOBAL,PWRCOGLKAXX,COGINT,,2,2035,,,,,,2.92
InputActivityRatio,B_Opt_IndiaCostsFuel,GLOBAL,PWRCOGLKAXX,COGINT,,2,2036,,,,,,2.92
InputActivityRatio,B_Opt_IndiaCostsFuel,GLOBAL,PWRCOGLKAXX,COGINT,,2,2037,,,,,,2.92
InputActivityRatio,B_Opt_IndiaCostsFuel,GLOBAL,PWRCOGLKAXX,COGINT,,2,2038,,,,,,2.92
InputActivityRatio,B_Opt_IndiaCostsFuel,GLOBAL,PWRCOGLKAXX,COGINT,,2,2039,,,,,,2.92
InputActivityRatio,B_Opt_IndiaCostsFuel,GLOBAL,PWRCOGLKAXX,COGINT,,2,2040,,,,,,2.92
InputActivityRatio,B_Opt_IndiaCostsFuel,GLOBAL,PWRCOGLKAXX,COGINT,,2,2041,,,,,,2.92
InputActivityRatio,B_Opt_IndiaCostsFuel,GLOBAL,PWRCOGLKAXX,COGINT,,2,2042,,,,,,2.92
InputActivityRatio,B_Opt_IndiaCostsFuel,GLOBAL,PWRCOGLKAXX,COGINT,,2,2043,,,,,,2.92
InputActivityRatio,B_Opt_IndiaCostsFuel,GLOBAL,PWRCOGLKAXX,COGINT,,2,2044,,,,,,2.92
InputActivityRatio,B_Opt_IndiaCostsFuel,GLOBAL,PWRCOGLKAXX,COGINT,,2,2045,,,,,,2.92
InputActivityRatio,B_Opt_IndiaCostsFuel,GLOBAL,PWRCOGLKAXX,COGINT,,2,2046,,,,,,2.92
InputActivityRatio,B_Opt_IndiaCostsFuel,GLOBAL,PWRCOGLKAXX,COGINT,,2,2047,,,,,,2.92
InputActivityRatio,B_Opt_IndiaCostsFuel,GLOBAL,PWRCOGLKAXX,COGINT,,2,2048,,,,,,2.92
InputActivityRatio,B_Opt_IndiaCostsFuel,GLOBAL,PWRCOGLKAXX,COGINT,,2,2049,,,,,,2.92
InputActivityRatio,B_Opt_IndiaCostsFuel,GLOBAL,PWRCOGLKAXX,COGINT,,2,2050,,,,,,2.92
InputActivityRatio,B_Opt_IndiaCostsFuel,GLOBAL,PWRCSPINDEA,CSPINDEA,,1,2023,,,,,,1.0
InputActivityRatio,B_Opt_IndiaCostsFuel,GLOBAL,PWRCSPINDEA,CSPINDEA,,1,2024,,,,,,1.0
InputActivityRatio,B_Opt_IndiaCostsFuel,GLOBAL,PWRCSPINDEA,CSPINDEA,,1,2025,,,,,,1.0
InputActivityRatio,B_Opt_IndiaCostsFuel,GLOBAL,PWRCSPINDEA,CSPINDEA,,1,2026,,,,,,1.0
InputActivityRatio,B_Opt_IndiaCostsFuel,GLOBAL,PWRCSPINDEA,CSPINDEA,,1,2027,,,,,,1.0
InputActivityRatio,B_Opt_IndiaCostsFuel,GLOBAL,PWRCSPINDEA,CSPINDEA,,1,2028,,,,,,1.0
InputActivityRatio,B_Opt_IndiaCostsFuel,GLOBAL,PWRCSPINDEA,CSPINDEA,,1,2029,,,,,,1.0
InputActivityRatio,B_Opt_IndiaCostsFuel,GLOBAL,PWRCSPINDEA,CSPINDEA,,1,2030,,,,,,1.0
InputActivityRatio,B_Opt_IndiaCostsFuel,GLOBAL,PWRCSPINDEA,CSPINDEA,,1,2031,,,,,,1.0
InputActivityRatio,B_Opt_IndiaCostsFuel,GLOBAL,PWRCSPINDEA,CSPINDEA,,1,2032,,,,,,1.0
InputActivityRatio,B_Opt_IndiaCostsFuel,GLOBAL,PWRCSPINDEA,CSPINDEA,,1,2033,,,,,,1.0
InputActivityRatio,B_Opt_IndiaCostsFuel,GLOBAL,PWRCSPINDEA,CSPINDEA,,1,2034,,,,,,1.0
InputActivityRatio,B_Opt_IndiaCostsFuel,GLOBAL,PWRCSPINDEA,CSPINDEA,,1,2035,,,,,,1.0
InputActivityRatio,B_Opt_IndiaCostsFuel,GLOBAL,PWRCSPINDEA,CSPINDEA,,1,2036,,,,,,1.0
InputActivityRatio,B_Opt_IndiaCostsFuel,GLOBAL,PWRCSPINDEA,CSPINDEA,,1,2037,,,,,,1.0
InputActivityRatio,B_Opt_IndiaCostsFuel,GLOBAL,PWRCSPINDEA,CSPINDEA,,1,2038,,,,,,1.0
InputActivityRatio,B_Opt_IndiaCostsFuel,GLOBAL,PWRCSPINDEA,CSPINDEA,,1,2039,,,,,,1.0
InputActivityRatio,B_Opt_IndiaCostsFuel,GLOBAL,PWRCSPINDEA,CSPINDEA,,1,2040,,,,,,1.0
InputActivityRatio,B_Opt_IndiaCostsFuel,GLOBAL,PWRCSPINDEA,CSPINDEA,,1,2041,,,,,,1.0
InputActivityRatio,B_Opt_IndiaCostsFuel,GLOBAL,PWRCSPINDEA,CSPINDEA,,1,2042,,,,,,1.0
InputActivityRatio,B_Opt_IndiaCostsFuel,GLOBAL,PWRCSPINDEA,CSPINDEA,,1,2043,,,,,,1.0
InputActivityRatio,B_Opt_IndiaCostsFuel,GLOBAL,PWRCSPINDEA,CSPINDEA,,1,2044,,,,,,1.0
InputActivityRatio,B_Opt_IndiaCostsFuel,GLOBAL,PWRCSPINDEA,CSPINDEA,,1,2045,,,,,,1.0
InputActivityRatio,B_Opt_IndiaCostsFuel,GLOBAL,PWRCSPINDEA,CSPINDEA,,1,2046,,,,,,1.0
InputActivityRatio,B_Opt_IndiaCostsFuel,GLOBAL,PWRCSPINDEA,CSPINDEA,,1,2047,,,,,,1.0
InputActivityRatio,B_Opt_IndiaCostsFuel,GLOBAL,PWRCSPINDEA,CSPINDEA,,1,2048,,,,,,1.0
InputActivityRatio,B_Opt_IndiaCostsFuel,GLOBAL,PWRCSPINDEA,CSPINDEA,,1,2049,,,,,,1.0
InputActivityRatio,B_Opt_IndiaCostsFuel,GLOBAL,PWRCSPINDEA,CSPINDEA,,1,2050,,,,,,1.0
InputActivityRatio,B_Opt_IndiaCostsFuel,GLOBAL,PWRCSPINDNE,CSPINDNE,,1,2023,,,,,,1.0
InputActivityRatio,B_Opt_IndiaCostsFuel,GLOBAL,PWRCSPINDNE,CSPINDNE,,1,2024,,,,,,1.0
InputActivityRatio,B_Opt_IndiaCostsFuel,GLOBAL,PWRCSPINDNE,CSPINDNE,,1,2025,,,,,,1.0
InputActivityRatio,B_Opt_IndiaCostsFuel,GLOBAL,PWRCSPINDNE,CSPINDNE,,1,2026,,,,,,1.0
InputActivityRatio,B_Opt_IndiaCostsFuel,GLOBAL,PWRCSPINDNE,CSPINDNE,,1,2027,,,,,,1.0
InputActivityRatio,B_Opt_IndiaCostsFuel,GLOBAL,PWRCSPINDNE,CSPINDNE,,1,2028,,,,,,1.0
InputActivityRatio,B_Opt_IndiaCostsFuel,GLOBAL,PWRCSPINDNE,CSPINDNE,,1,2029,,,,,,1.0
InputActivityRatio,B_Opt_IndiaCostsFuel,GLOBAL,PWRCSPINDNE,CSPINDNE,,1,2030,,,,,,1.0
InputActivityRatio,B_Opt_IndiaCostsFuel,GLOBAL,PWRCSPINDNE,CSPINDNE,,1,2031,,,,,,1.0
InputActivityRatio,B_Opt_IndiaCostsFuel,GLOBAL,PWRCSPINDNE,CSPINDNE,,1,2032,,,,,,1.0
InputActivityRatio,B_Opt_IndiaCostsFuel,GLOBAL,PWRCSPINDNE,CSPINDNE,,1,2033,,,,,,1.0
InputActivityRatio,B_Opt_IndiaCostsFuel,GLOBAL,PWRCSPINDNE,CSPINDNE,,1,2034,,,,,,1.0
InputActivityRatio,B_Opt_IndiaCostsFuel,GLOBAL,PWRCSPINDNE,CSPINDNE,,1,2035,,,,,,1.0
InputActivityRatio,B_Opt_IndiaCostsFuel,GLOBAL,PWRCSPINDNE,CSPINDNE,,1,2036,,,,,,1.0
InputActivityRatio,B_Opt_IndiaCostsFuel,GLOBAL,PWRCSPINDNE,CSPINDNE,,1,2037,,,,,,1.0
InputActivityRatio,B_Opt_IndiaCostsFuel,GLOBAL,PWRCSPINDNE,CSPINDNE,,1,2038,,,,,,1.0
InputActivityRatio,B_Opt_IndiaCostsFuel,GLOBAL,PWRCSPINDNE,CSPINDNE,,1,2039,,,,,,1.0
InputActivityRatio,B_Opt_IndiaCostsFuel,GLOBAL,PWRCSPINDNE,CSPINDNE,,1,2040,,,,,,1.0
InputActivityRatio,B_Opt_IndiaCostsFuel,GLOBAL,PWRCSPINDNE,CSPINDNE,,1,2041,,,,,,1.0
InputActivityRatio,B_Opt_IndiaCostsFuel,GLOBAL,PWRCSPINDNE,CSPINDNE,,1,2042,,,,,,1.0
InputActivityRatio,B_Opt_IndiaCostsFuel,GLOBAL,PWRCSPINDNE,CSPINDNE,,1,2043,,,,,,1.0
InputActivityRatio,B_Opt_IndiaCostsFuel,GLOBAL,PWRCSPINDNE,CSPINDNE,,1,2044,,,,,,1.0
InputActivityRatio,B_Opt_IndiaCostsFuel,GLOBAL,PWRCSPINDNE,CSPINDNE,,1,2045,,,,,,1.0
InputActivityRatio,B_Opt_IndiaCostsFuel,GLOBAL,PWRCSPINDNE,CSPINDNE,,1,2046,,,,,,1.0
InputActivityRatio,B_Opt_IndiaCostsFuel,GLOBAL,PWRCSPINDNE,CSPINDNE,,1,2047,,,,,,1.0
InputActivityRatio,B_Opt_IndiaCostsFuel,GLOBAL,PWRCSPINDNE,CSPINDNE,,1,2048,,,,,,1.0
InputActivityRatio,B_Opt_IndiaCostsFuel,GLOBAL,PWRCSPINDNE,CSPINDNE,,1,2049,,,,,,1.0
InputActivityRatio,B_Opt_IndiaCostsFuel,GLOBAL,PWRCSPINDNE,CSPINDNE,,1,2050,,,,,,1.0
InputActivityRatio,B_Opt_IndiaCostsFuel,GLOBAL,PWRCSPINDNO,CSPINDNO,,1,2023,,,,,,1.0
InputActivityRatio,B_Opt_IndiaCostsFuel,GLOBAL,PWRCSPINDNO,CSPINDNO,,1,2024,,,,,,1.0
InputActivityRatio,B_Opt_IndiaCostsFuel,GLOBAL,PWRCSPINDNO,CSPINDNO,,1,2025,,,,,,1.0
InputActivityRatio,B_Opt_IndiaCostsFuel,GLOBAL,PWRCSPINDNO,CSPINDNO,,1,2026,,,,,,1.0
InputActivityRatio,B_Opt_IndiaCostsFuel,GLOBAL,PWRCSPINDNO,CSPINDNO,,1,2027,,,,,,1.0
InputActivityRatio,B_Opt_IndiaCostsFuel,GLOBAL,PWRCSPINDNO,CSPINDNO,,1,2028,,,,,,1.0
InputActivityRatio,B_Opt_IndiaCostsFuel,GLOBAL,PWRCSPINDNO,CSPINDNO,,1,2029,,,,,,1.0
InputActivityRatio,B_Opt_IndiaCostsFuel,GLOBAL,PWRCSPINDNO,CSPINDNO,,1,2030,,,,,,1.0
InputActivityRatio,B_Opt_IndiaCostsFuel,GLOBAL,PWRCSPINDNO,CSPINDNO,,1,2031,,,,,,1.0
InputActivityRatio,B_Opt_IndiaCostsFuel,GLOBAL,PWRCSPINDNO,CSPINDNO,,1,2032,,,,,,1.0
InputActivityRatio,B_Opt_IndiaCostsFuel,GLOBAL,PWRCSPINDNO,CSPINDNO,,1,2033,,,,,,1.0
InputActivityRatio,B_Opt_IndiaCostsFuel,GLOBAL,PWRCSPINDNO,CSPINDNO,,1,2034,,,,,,1.0
InputActivityRatio,B_Opt_IndiaCostsFuel,GLOBAL,PWRCSPINDNO,CSPINDNO,,1,2035,,,,,,1.0
InputActivityRatio,B_Opt_IndiaCostsFuel,GLOBAL,PWRCSPINDNO,CSPINDNO,,1,2036,,,,,,1.0
InputActivityRatio,B_Opt_IndiaCostsFuel,GLOBAL,PWRCSPINDNO,CSPINDNO,,1,2037,,,,,,1.0
InputActivityRatio,B_Opt_IndiaCostsFuel,GLOBAL,PWRCSPINDNO,CSPINDNO,,1,2038,,,,,,1.0
InputActivityRatio,B_Opt_IndiaCostsFuel,GLOBAL,PWRCSPINDNO,CSPINDNO,,1,2039,,,,,,1.0
InputActivityRatio,B_Opt_IndiaCostsFuel,GLOBAL,PWRCSPINDNO,CSPINDNO,,1,2040,,,,,,1.0
InputActivityRatio,B_Opt_IndiaCostsFuel,GLOBAL,PWRCSPINDNO,CSPINDNO,,1,2041,,,,,,1.0
InputActivityRatio,B_Opt_IndiaCostsFuel,GLOBAL,PWRCSPINDNO,CSPINDNO,,1,2042,,,,,,1.0
InputActivityRatio,B_Opt_IndiaCostsFuel,GLOBAL,PWRCSPINDNO,CSPINDNO,,1,2043,,,,,,1.0
InputActivityRatio,B_Opt_IndiaCostsFuel,GLOBAL,PWRCSPINDNO,CSPINDNO,,1,2044,,,,,,1.0
InputActivityRatio,B_Opt_IndiaCostsFuel,GLOBAL,PWRCSPINDNO,CSPINDNO,,1,2045,,,,,,1.0
InputActivityRatio,B_Opt_IndiaCostsFuel,GLOBAL,PWRCSPINDNO,CSPINDNO,,1,2046,,,,,,1.0
InputActivityRatio,B_Opt_IndiaCostsFuel,GLOBAL,PWRCSPINDNO,CSPINDNO,,1,2047,,,,,,1.0
InputActivityRatio,B_Opt_IndiaCostsFuel,GLOBAL,PWRCSPINDNO,CSPINDNO,,1,2048,,,,,,1.0
InputActivityRatio,B_Opt_IndiaCostsFuel,GLOBAL,PWRCSPINDNO,CSPINDNO,,1,2049,,,,,,1.0
InputActivityRatio,B_Opt_IndiaCostsFuel,GLOBAL,PWRCSPINDNO,CSPINDNO,,1,2050,,,,,,1.0
InputActivityRatio,B_Opt_IndiaCostsFuel,GLOBAL,PWRCSPINDSO,CSPINDSO,,1,2023,,,,,,1.0
InputActivityRatio,B_Opt_IndiaCostsFuel,GLOBAL,PWRCSPINDSO,CSPINDSO,,1,2024,,,,,,1.0
InputActivityRatio,B_Opt_IndiaCostsFuel,GLOBAL,PWRCSPINDSO,CSPINDSO,,1,2025,,,,,,1.0
InputActivityRatio,B_Opt_IndiaCostsFuel,GLOBAL,PWRCSPINDSO,CSPINDSO,,1,2026,,,,,,1.0
InputActivityRatio,B_Opt_IndiaCostsFuel,GLOBAL,PWRCSPINDSO,CSPINDSO,,1,2027,,,,,,1.0
InputActivityRatio,B_Opt_IndiaCostsFuel,GLOBAL,PWRCSPINDSO,CSPINDSO,,1,2028,,,,,,1.0
InputActivityRatio,B_Opt_IndiaCostsFuel,GLOBAL,PWRCSPINDSO,CSPINDSO,,1,2029,,,,,,1.0
InputActivityRatio,B_Opt_IndiaCostsFuel,GLOBAL,PWRCSPINDSO,CSPINDSO,,1,2030,,,,,,1.0
InputActivityRatio,B_Opt_IndiaCostsFuel,GLOBAL,PWRCSPINDSO,CSPINDSO,,1,2031,,,,,,1.0
InputActivityRatio,B_Opt_IndiaCostsFuel,GLOBAL,PWRCSPINDSO,CSPINDSO,,1,2032,,,,,,1.0
InputActivityRatio,B_Opt_IndiaCostsFuel,GLOBAL,PWRCSPINDSO,CSPINDSO,,1,2033,,,,,,1.0
InputActivityRatio,B_Opt_IndiaCostsFuel,GLOBAL,PWRCSPINDSO,CSPINDSO,,1,2034,,,,,,1.0
InputActivityRatio,B_Opt_IndiaCostsFuel,GLOBAL,PWRCSPINDSO,CSPINDSO,,1,2035,,,,,,1.0
InputActivityRatio,B_Opt_IndiaCostsFuel,GLOBAL,PWRCSPINDSO,CSPINDSO,,1,2036,,,,,,1.0
InputActivityRatio,B_Opt_IndiaCostsFuel,GLOBAL,PWRCSPINDSO,CSPINDSO,,1,2037,,,,,,1.0
InputActivityRatio,B_Opt_IndiaCostsFuel,GLOBAL,PWRCSPINDSO,CSPINDSO,,1,2038,,,,,,1.0
InputActivityRatio,B_Opt_IndiaCostsFuel,GLOBAL,PWRCSPINDSO,CSPINDSO,,1,2039,,,,,,1.0
InputActivityRatio,B_Opt_IndiaCostsFuel,GLOBAL,PWRCSPINDSO,CSPINDSO,,1,2040,,,,,,1.0
InputActivityRatio,B_Opt_IndiaCostsFuel,GLOBAL,PWRCSPINDSO,CSPINDSO,,1,2041,,,,,,1.0
InputActivityRatio,B_Opt_IndiaCostsFuel,GLOBAL,PWRCSPINDSO,CSPINDSO,,1,2042,,,,,,1.0
InputActivityRatio,B_Opt_IndiaCostsFuel,GLOBAL,PWRCSPINDSO,CSPINDSO,,1,2043,,,,,,1.0
InputActivityRatio,B_Opt_IndiaCostsFuel,GLOBAL,PWRCSPINDSO,CSPINDSO,,1,2044,,,,,,1.0
InputActivityRatio,B_Opt_IndiaCostsFuel,GLOBAL,PWRCSPINDSO,CSPINDSO,,1,2045,,,,,,1.0
InputActivityRatio,B_Opt_IndiaCostsFuel,GLOBAL,PWRCSPINDSO,CSPINDSO,,1,2046,,,,,,1.0
InputActivityRatio,B_Opt_IndiaCostsFuel,GLOBAL,PWRCSPINDSO,CSPINDSO,,1,2047,,,,,,1.0
InputActivityRatio,B_Opt_IndiaCostsFuel,GLOBAL,PWRCSPINDSO,CSPINDSO,,1,2048,,,,,,1.0
InputActivityRatio,B_Opt_IndiaCostsFuel,GLOBAL,PWRCSPINDSO,CSPINDSO,,1,2049,,,,,,1.0
InputActivityRatio,B_Opt_IndiaCostsFuel,GLOBAL,PWRCSPINDSO,CSPINDSO,,1,2050,,,,,,1.0
InputActivityRatio,B_Opt_IndiaCostsFuel,GLOBAL,PWRCSPINDWE,CSPINDWE,,1,2023,,,,,,1.0
InputActivityRatio,B_Opt_IndiaCostsFuel,GLOBAL,PWRCSPINDWE,CSPINDWE,,1,2024,,,,,,1.0
InputActivityRatio,B_Opt_IndiaCostsFuel,GLOBAL,PWRCSPINDWE,CSPINDWE,,1,2025,,,,,,1.0
InputActivityRatio,B_Opt_IndiaCostsFuel,GLOBAL,PWRCSPINDWE,CSPINDWE,,1,2026,,,,,,1.0
InputActivityRatio,B_Opt_IndiaCostsFuel,GLOBAL,PWRCSPINDWE,CSPINDWE,,1,2027,,,,,,1.0
InputActivityRatio,B_Opt_IndiaCostsFuel,GLOBAL,PWRCSPINDWE,CSPINDWE,,1,2028,,,,,,1.0
InputActivityRatio,B_Opt_IndiaCostsFuel,GLOBAL,PWRCSPINDWE,CSPINDWE,,1,2029,,,,,,1.0
InputActivityRatio,B_Opt_IndiaCostsFuel,GLOBAL,PWRCSPINDWE,CSPINDWE,,1,2030,,,,,,1.0
InputActivityRatio,B_Opt_IndiaCostsFuel,GLOBAL,PWRCSPINDWE,CSPINDWE,,1,2031,,,,,,1.0
InputActivityRatio,B_Opt_IndiaCostsFuel,GLOBAL,PWRCSPINDWE,CSPINDWE,,1,2032,,,,,,1.0
InputActivityRatio,B_Opt_IndiaCostsFuel,GLOBAL,PWRCSPINDWE,CSPINDWE,,1,2033,,,,,,1.0
InputActivityRatio,B_Opt_IndiaCostsFuel,GLOBAL,PWRCSPINDWE,CSPINDWE,,1,2034,,,,,,1.0
InputActivityRatio,B_Opt_IndiaCostsFuel,GLOBAL,PWRCSPINDWE,CSPINDWE,,1,2035,,,,,,1.0
InputActivityRatio,B_Opt_IndiaCostsFuel,GLOBAL,PWRCSPINDWE,CSPINDWE,,1,2036,,,,,,1.0
InputActivityRatio,B_Opt_IndiaCostsFuel,GLOBAL,PWRCSPINDWE,CSPINDWE,,1,2037,,,,,,1.0
InputActivityRatio,B_Opt_IndiaCostsFuel,GLOBAL,PWRCSPINDWE,CSPINDWE,,1,2038,,,,,,1.0
InputActivityRatio,B_Opt_IndiaCostsFuel,GLOBAL,PWRCSPINDWE,CSPINDWE,,1,2039,,,,,,1.0
InputActivityRatio,B_Opt_IndiaCostsFuel,GLOBAL,PWRCSPINDWE,CSPINDWE,,1,2040,,,,,,1.0
InputActivityRatio,B_Opt_IndiaCostsFuel,GLOBAL,PWRCSPINDWE,CSPINDWE,,1,2041,,,,,,1.0
InputActivityRatio,B_Opt_IndiaCostsFuel,GLOBAL,PWRCSPINDWE,CSPINDWE,,1,2042,,,,,,1.0
InputActivityRatio,B_Opt_IndiaCostsFuel,GLOBAL,PWRCSPINDWE,CSPINDWE,,1,2043,,,,,,1.0
InputActivityRatio,B_Opt_IndiaCostsFuel,GLOBAL,PWRCSPINDWE,CSPINDWE,,1,2044,,,,,,1.0
InputActivityRatio,B_Opt_IndiaCostsFuel,GLOBAL,PWRCSPINDWE,CSPINDWE,,1,2045,,,,,,1.0
InputActivityRatio,B_Opt_IndiaCostsFuel,GLOBAL,PWRCSPINDWE,CSPINDWE,,1,2046,,,,,,1.0
InputActivityRatio,B_Opt_IndiaCostsFuel,GLOBAL,PWRCSPINDWE,CSPINDWE,,1,2047,,,,,,1.0
InputActivityRatio,B_Opt_IndiaCostsFuel,GLOBAL,PWRCSPINDWE,CSPINDWE,,1,2048,,,,,,1.0
InputActivityRatio,B_Opt_IndiaCostsFuel,GLOBAL,PWRCSPINDWE,CSPINDWE,,1,2049,,,,,,1.0
InputActivityRatio,B_Opt_IndiaCostsFuel,GLOBAL,PWRCSPINDWE,CSPINDWE,,1,2050,,,,,,1.0
InputActivityRatio,B_Opt_IndiaCostsFuel,GLOBAL,PWRHYDBGDXX,HYDBGDXX,,1,2023,,,,,,1.0
InputActivityRatio,B_Opt_IndiaCostsFuel,GLOBAL,PWRHYDBGDXX,HYDBGDXX,,1,2024,,,,,,1.0
InputActivityRatio,B_Opt_IndiaCostsFuel,GLOBAL,PWRHYDBGDXX,HYDBGDXX,,1,2025,,,,,,1.0
InputActivityRatio,B_Opt_IndiaCostsFuel,GLOBAL,PWRHYDBGDXX,HYDBGDXX,,1,2026,,,,,,1.0
InputActivityRatio,B_Opt_IndiaCostsFuel,GLOBAL,PWRHYDBGDXX,HYDBGDXX,,1,2027,,,,,,1.0
InputActivityRatio,B_Opt_IndiaCostsFuel,GLOBAL,PWRHYDBGDXX,HYDBGDXX,,1,2028,,,,,,1.0
InputActivityRatio,B_Opt_IndiaCostsFuel,GLOBAL,PWRHYDBGDXX,HYDBGDXX,,1,2029,,,,,,1.0
InputActivityRatio,B_Opt_IndiaCostsFuel,GLOBAL,PWRHYDBGDXX,HYDBGDXX,,1,2030,,,,,,1.0
InputActivityRatio,B_Opt_IndiaCostsFuel,GLOBAL,PWRHYDBGDXX,HYDBGDXX,,1,2031,,,,,,1.0
InputActivityRatio,B_Opt_IndiaCostsFuel,GLOBAL,PWRHYDBGDXX,HYDBGDXX,,1,2032,,,,,,1.0
InputActivityRatio,B_Opt_IndiaCostsFuel,GLOBAL,PWRHYDBGDXX,HYDBGDXX,,1,2033,,,,,,1.0
InputActivityRatio,B_Opt_IndiaCostsFuel,GLOBAL,PWRHYDBGDXX,HYDBGDXX,,1,2034,,,,,,1.0
InputActivityRatio,B_Opt_IndiaCostsFuel,GLOBAL,PWRHYDBGDXX,HYDBGDXX,,1,2035,,,,,,1.0
InputActivityRatio,B_Opt_IndiaCostsFuel,GLOBAL,PWRHYDBGDXX,HYDBGDXX,,1,2036,,,,,,1.0
InputActivityRatio,B_Opt_IndiaCostsFuel,GLOBAL,PWRHYDBGDXX,HYDBGDXX,,1,2037,,,,,,1.0
InputActivityRatio,B_Opt_IndiaCostsFuel,GLOBAL,PWRHYDBGDXX,HYDBGDXX,,1,2038,,,,,,1.0
InputActivityRatio,B_Opt_IndiaCostsFuel,GLOBAL,PWRHYDBGDXX,HYDBGDXX,,1,2039,,,,,,1.0
InputActivityRatio,B_Opt_IndiaCostsFuel,GLOBAL,PWRHYDBGDXX,HYDBGDXX,,1,2040,,,,,,1.0
InputActivityRatio,B_Opt_IndiaCostsFuel,GLOBAL,PWRHYDBGDXX,HYDBGDXX,,1,2041,,,,,,1.0
InputActivityRatio,B_Opt_IndiaCostsFuel,GLOBAL,PWRHYDBGDXX,HYDBGDXX,,1,2042,,,,,,1.0
InputActivityRatio,B_Opt_IndiaCostsFuel,GLOBAL,PWRHYDBGDXX,HYDBGDXX,,1,2043,,,,,,1.0
InputActivityRatio,B_Opt_IndiaCostsFuel,GLOBAL,PWRHYDBGDXX,HYDBGDXX,,1,2044,,,,,,1.0
InputActivityRatio,B_Opt_IndiaCostsFuel,GLOBAL,PWRHYDBGDXX,HYDBGDXX,,1,2045,,,,,,1.0
InputActivityRatio,B_Opt_IndiaCostsFuel,GLOBAL,PWRHYDBGDXX,HYDBGDXX,,1,2046,,,,,,1.0
InputActivityRatio,B_Opt_IndiaCostsFuel,GLOBAL,PWRHYDBGDXX,HYDBGDXX,,1,2047,,,,,,1.0
InputActivityRatio,B_Opt_IndiaCostsFuel,GLOBAL,PWRHYDBGDXX,HYDBGDXX,,1,2048,,,,,,1.0
InputActivityRatio,B_Opt_IndiaCostsFuel,GLOBAL,PWRHYDBGDXX,HYDBGDXX,,1,2049,,,,,,1.0
InputActivityRatio,B_Opt_IndiaCostsFuel,GLOBAL,PWRHYDBGDXX,HYDBGDXX,,1,2050,,,,,,1.0
InputActivityRatio,B_Opt_IndiaCostsFuel,GLOBAL,PWRHYDBTNXX,HYDBTNXX,,1,2023,,,,,,1.0
InputActivityRatio,B_Opt_IndiaCostsFuel,GLOBAL,PWRHYDBTNXX,HYDBTNXX,,1,2024,,,,,,1.0
InputActivityRatio,B_Opt_IndiaCostsFuel,GLOBAL,PWRHYDBTNXX,HYDBTNXX,,1,2025,,,,,,1.0
InputActivityRatio,B_Opt_IndiaCostsFuel,GLOBAL,PWRHYDBTNXX,HYDBTNXX,,1,2026,,,,,,1.0
InputActivityRatio,B_Opt_IndiaCostsFuel,GLOBAL,PWRHYDBTNXX,HYDBTNXX,,1,2027,,,,,,1.0
InputActivityRatio,B_Opt_IndiaCostsFuel,GLOBAL,PWRHYDBTNXX,HYDBTNXX,,1,2028,,,,,,1.0
InputActivityRatio,B_Opt_IndiaCostsFuel,GLOBAL,PWRHYDBTNXX,HYDBTNXX,,1,2029,,,,,,1.0
InputActivityRatio,B_Opt_IndiaCostsFuel,GLOBAL,PWRHYDBTNXX,HYDBTNXX,,1,2030,,,,,,1.0
InputActivityRatio,B_Opt_IndiaCostsFuel,GLOBAL,PWRHYDBTNXX,HYDBTNXX,,1,2031,,,,,,1.0
InputActivityRatio,B_Opt_IndiaCostsFuel,GLOBAL,PWRHYDBTNXX,HYDBTNXX,,1,2032,,,,,,1.0
InputActivityRatio,B_Opt_IndiaCostsFuel,GLOBAL,PWRHYDBTNXX,HYDBTNXX,,1,2033,,,,,,1.0
InputActivityRatio,B_Opt_IndiaCostsFuel,GLOBAL,PWRHYDBTNXX,HYDBTNXX,,1,2034,,,,,,1.0
InputActivityRatio,B_Opt_IndiaCostsFuel,GLOBAL,PWRHYDBTNXX,HYDBTNXX,,1,2035,,,,,,1.0
InputActivityRatio,B_Opt_IndiaCostsFuel,GLOBAL,PWRHYDBTNXX,HYDBTNXX,,1,2036,,,,,,1.0
InputActivityRatio,B_Opt_IndiaCostsFuel,GLOBAL,PWRHYDBTNXX,HYDBTNXX,,1,2037,,,,,,1.0
InputActivityRatio,B_Opt_IndiaCostsFuel,GLOBAL,PWRHYDBTNXX,HYDBTNXX,,1,2038,,,,,,1.0
InputActivityRatio,B_Opt_IndiaCostsFuel,GLOBAL,PWRHYDBTNXX,HYDBTNXX,,1,2039,,,,,,1.0
InputActivityRatio,B_Opt_IndiaCostsFuel,GLOBAL,PWRHYDBTNXX,HYDBTNXX,,1,2040,,,,,,1.0
InputActivityRatio,B_Opt_IndiaCostsFuel,GLOBAL,PWRHYDBTNXX,HYDBTNXX,,1,2041,,,,,,1.0
InputActivityRatio,B_Opt_IndiaCostsFuel,GLOBAL,PWRHYDBTNXX,HYDBTNXX,,1,2042,,,,,,1.0
InputActivityRatio,B_Opt_IndiaCostsFuel,GLOBAL,PWRHYDBTNXX,HYDBTNXX,,1,2043,,,,,,1.0
InputActivityRatio,B_Opt_IndiaCostsFuel,GLOBAL,PWRHYDBTNXX,HYDBTNXX,,1,2044,,,,,,1.0
InputActivityRatio,B_Opt_IndiaCostsFuel,GLOBAL,PWRHYDBTNXX,HYDBTNXX,,1,2045,,,,,,1.0
InputActivityRatio,B_Opt_IndiaCostsFuel,GLOBAL,PWRHYDBTNXX,HYDBTNXX,,1,2046,,,,,,1.0
InputActivityRatio,B_Opt_IndiaCostsFuel,GLOBAL,PWRHYDBTNXX,HYDBTNXX,,1,2047,,,,,,1.0
InputActivityRatio,B_Opt_IndiaCostsFuel,GLOBAL,PWRHYDBTNXX,HYDBTNXX,,1,2048,,,,,,1.0
InputActivityRatio,B_Opt_IndiaCostsFuel,GLOBAL,PWRHYDBTNXX,HYDBTNXX,,1,2049,,,,,,1.0
InputActivityRatio,B_Opt_IndiaCostsFuel,GLOBAL,PWRHYDBTNXX,HYDBTNXX,,1,2050,,,,,,1.0
InputActivityRatio,B_Opt_IndiaCostsFuel,GLOBAL,PWRHYDINDEA,HYDINDEA,,1,2023,,,,,,1.0
InputActivityRatio,B_Opt_IndiaCostsFuel,GLOBAL,PWRHYDINDEA,HYDINDEA,,1,2024,,,,,,1.0
InputActivityRatio,B_Opt_IndiaCostsFuel,GLOBAL,PWRHYDINDEA,HYDINDEA,,1,2025,,,,,,1.0
InputActivityRatio,B_Opt_IndiaCostsFuel,GLOBAL,PWRHYDINDEA,HYDINDEA,,1,2026,,,,,,1.0
InputActivityRatio,B_Opt_IndiaCostsFuel,GLOBAL,PWRHYDINDEA,HYDINDEA,,1,2027,,,,,,1.0
InputActivityRatio,B_Opt_IndiaCostsFuel,GLOBAL,PWRHYDINDEA,HYDINDEA,,1,2028,,,,,,1.0
InputActivityRatio,B_Opt_IndiaCostsFuel,GLOBAL,PWRHYDINDEA,HYDINDEA,,1,2029,,,,,,1.0
InputActivityRatio,B_Opt_IndiaCostsFuel,GLOBAL,PWRHYDINDEA,HYDINDEA,,1,2030,,,,,,1.0
InputActivityRatio,B_Opt_IndiaCostsFuel,GLOBAL,PWRHYDINDEA,HYDINDEA,,1,2031,,,,,,1.0
InputActivityRatio,B_Opt_IndiaCostsFuel,GLOBAL,PWRHYDINDEA,HYDINDEA,,1,2032,,,,,,1.0
InputActivityRatio,B_Opt_IndiaCostsFuel,GLOBAL,PWRHYDINDEA,HYDINDEA,,1,2033,,,,,,1.0
InputActivityRatio,B_Opt_IndiaCostsFuel,GLOBAL,PWRHYDINDEA,HYDINDEA,,1,2034,,,,,,1.0
InputActivityRatio,B_Opt_IndiaCostsFuel,GLOBAL,PWRHYDINDEA,HYDINDEA,,1,2035,,,,,,1.0
InputActivityRatio,B_Opt_IndiaCostsFuel,GLOBAL,PWRHYDINDEA,HYDINDEA,,1,2036,,,,,,1.0
InputActivityRatio,B_Opt_IndiaCostsFuel,GLOBAL,PWRHYDINDEA,HYDINDEA,,1,2037,,,,,,1.0
InputActivityRatio,B_Opt_IndiaCostsFuel,GLOBAL,PWRHYDINDEA,HYDINDEA,,1,2038,,,,,,1.0
InputActivityRatio,B_Opt_IndiaCostsFuel,GLOBAL,PWRHYDINDEA,HYDINDEA,,1,2039,,,,,,1.0
InputActivityRatio,B_Opt_IndiaCostsFuel,GLOBAL,PWRHYDINDEA,HYDINDEA,,1,2040,,,,,,1.0
InputActivityRatio,B_Opt_IndiaCostsFuel,GLOBAL,PWRHYDINDEA,HYDINDEA,,1,2041,,,,,,1.0
InputActivityRatio,B_Opt_IndiaCostsFuel,GLOBAL,PWRHYDINDEA,HYDINDEA,,1,2042,,,,,,1.0
InputActivityRatio,B_Opt_IndiaCostsFuel,GLOBAL,PWRHYDINDEA,HYDINDEA,,1,2043,,,,,,1.0
InputActivityRatio,B_Opt_IndiaCostsFuel,GLOBAL,PWRHYDINDEA,HYDINDEA,,1,2044,,,,,,1.0
InputActivityRatio,B_Opt_IndiaCostsFuel,GLOBAL,PWRHYDINDEA,HYDINDEA,,1,2045,,,,,,1.0
InputActivityRatio,B_Opt_IndiaCostsFuel,GLOBAL,PWRHYDINDEA,HYDINDEA,,1,2046,,,,,,1.0
InputActivityRatio,B_Opt_IndiaCostsFuel,GLOBAL,PWRHYDINDEA,HYDINDEA,,1,2047,,,,,,1.0
InputActivityRatio,B_Opt_IndiaCostsFuel,GLOBAL,PWRHYDINDEA,HYDINDEA,,1,2048,,,,,,1.0
InputActivityRatio,B_Opt_IndiaCostsFuel,GLOBAL,PWRHYDINDEA,HYDINDEA,,1,2049,,,,,,1.0
InputActivityRatio,B_Opt_IndiaCostsFuel,GLOBAL,PWRHYDINDEA,HYDINDEA,,1,2050,,,,,,1.0
InputActivityRatio,B_Opt_IndiaCostsFuel,GLOBAL,PWRHYDINDNE,HYDINDNE,,1,2023,,,,,,1.0
InputActivityRatio,B_Opt_IndiaCostsFuel,GLOBAL,PWRHYDINDNE,HYDINDNE,,1,2024,,,,,,1.0
InputActivityRatio,B_Opt_IndiaCostsFuel,GLOBAL,PWRHYDINDNE,HYDINDNE,,1,2025,,,,,,1.0
InputActivityRatio,B_Opt_IndiaCostsFuel,GLOBAL,PWRHYDINDNE,HYDINDNE,,1,2026,,,,,,1.0
InputActivityRatio,B_Opt_IndiaCostsFuel,GLOBAL,PWRHYDINDNE,HYDINDNE,,1,2027,,,,,,1.0
InputActivityRatio,B_Opt_IndiaCostsFuel,GLOBAL,PWRHYDINDNE,HYDINDNE,,1,2028,,,,,,1.0
InputActivityRatio,B_Opt_IndiaCostsFuel,GLOBAL,PWRHYDINDNE,HYDINDNE,,1,2029,,,,,,1.0
InputActivityRatio,B_Opt_IndiaCostsFuel,GLOBAL,PWRHYDINDNE,HYDINDNE,,1,2030,,,,,,1.0
InputActivityRatio,B_Opt_IndiaCostsFuel,GLOBAL,PWRHYDINDNE,HYDINDNE,,1,2031,,,,,,1.0
InputActivityRatio,B_Opt_IndiaCostsFuel,GLOBAL,PWRHYDINDNE,HYDINDNE,,1,2032,,,,,,1.0
InputActivityRatio,B_Opt_IndiaCostsFuel,GLOBAL,PWRHYDINDNE,HYDINDNE,,1,2033,,,,,,1.0
InputActivityRatio,B_Opt_IndiaCostsFuel,GLOBAL,PWRHYDINDNE,HYDINDNE,,1,2034,,,,,,1.0
InputActivityRatio,B_Opt_IndiaCostsFuel,GLOBAL,PWRHYDINDNE,HYDINDNE,,1,2035,,,,,,1.0
InputActivityRatio,B_Opt_IndiaCostsFuel,GLOBAL,PWRHYDINDNE,HYDINDNE,,1,2036,,,,,,1.0
InputActivityRatio,B_Opt_IndiaCostsFuel,GLOBAL,PWRHYDINDNE,HYDINDNE,,1,2037,,,,,,1.0
InputActivityRatio,B_Opt_IndiaCostsFuel,GLOBAL,PWRHYDINDNE,HYDINDNE,,1,2038,,,,,,1.0
InputActivityRatio,B_Opt_IndiaCostsFuel,GLOBAL,PWRHYDINDNE,HYDINDNE,,1,2039,,,,,,1.0
InputActivityRatio,B_Opt_IndiaCostsFuel,GLOBAL,PWRHYDINDNE,HYDINDNE,,1,2040,,,,,,1.0
InputActivityRatio,B_Opt_IndiaCostsFuel,GLOBAL,PWRHYDINDNE,HYDINDNE,,1,2041,,,,,,1.0
InputActivityRatio,B_Opt_IndiaCostsFuel,GLOBAL,PWRHYDINDNE,HYDINDNE,,1,2042,,,,,,1.0
InputActivityRatio,B_Opt_IndiaCostsFuel,GLOBAL,PWRHYDINDNE,HYDINDNE,,1,2043,,,,,,1.0
InputActivityRatio,B_Opt_IndiaCostsFuel,GLOBAL,PWRHYDINDNE,HYDINDNE,,1,2044,,,,,,1.0
InputActivityRatio,B_Opt_IndiaCostsFuel,GLOBAL,PWRHYDINDNE,HYDINDNE,,1,2045,,,,,,1.0
InputActivityRatio,B_Opt_IndiaCostsFuel,GLOBAL,PWRHYDINDNE,HYDINDNE,,1,2046,,,,,,1.0
InputActivityRatio,B_Opt_IndiaCostsFuel,GLOBAL,PWRHYDINDNE,HYDINDNE,,1,2047,,,,,,1.0
InputActivityRatio,B_Opt_IndiaCostsFuel,GLOBAL,PWRHYDINDNE,HYDINDNE,,1,2048,,,,,,1.0
InputActivityRatio,B_Opt_IndiaCostsFuel,GLOBAL,PWRHYDINDNE,HYDINDNE,,1,2049,,,,,,1.0
InputActivityRatio,B_Opt_IndiaCostsFuel,GLOBAL,PWRHYDINDNE,HYDINDNE,,1,2050,,,,,,1.0
InputActivityRatio,B_Opt_IndiaCostsFuel,GLOBAL,PWRHYDINDNO,HYDINDNO,,1,2023,,,,,,1.0
InputActivityRatio,B_Opt_IndiaCostsFuel,GLOBAL,PWRHYDINDNO,HYDINDNO,,1,2024,,,,,,1.0
InputActivityRatio,B_Opt_IndiaCostsFuel,GLOBAL,PWRHYDINDNO,HYDINDNO,,1,2025,,,,,,1.0
InputActivityRatio,B_Opt_IndiaCostsFuel,GLOBAL,PWRHYDINDNO,HYDINDNO,,1,2026,,,,,,1.0
InputActivityRatio,B_Opt_IndiaCostsFuel,GLOBAL,PWRHYDINDNO,HYDINDNO,,1,2027,,,,,,1.0
InputActivityRatio,B_Opt_IndiaCostsFuel,GLOBAL,PWRHYDINDNO,HYDINDNO,,1,2028,,,,,,1.0
InputActivityRatio,B_Opt_IndiaCostsFuel,GLOBAL,PWRHYDINDNO,HYDINDNO,,1,2029,,,,,,1.0
InputActivityRatio,B_Opt_IndiaCostsFuel,GLOBAL,PWRHYDINDNO,HYDINDNO,,1,2030,,,,,,1.0
InputActivityRatio,B_Opt_IndiaCostsFuel,GLOBAL,PWRHYDINDNO,HYDINDNO,,1,2031,,,,,,1.0
InputActivityRatio,B_Opt_IndiaCostsFuel,GLOBAL,PWRHYDINDNO,HYDINDNO,,1,2032,,,,,,1.0
InputActivityRatio,B_Opt_IndiaCostsFuel,GLOBAL,PWRHYDINDNO,HYDINDNO,,1,2033,,,,,,1.0
InputActivityRatio,B_Opt_IndiaCostsFuel,GLOBAL,PWRHYDINDNO,HYDINDNO,,1,2034,,,,,,1.0
InputActivityRatio,B_Opt_IndiaCostsFuel,GLOBAL,PWRHYDINDNO,HYDINDNO,,1,2035,,,,,,1.0
InputActivityRatio,B_Opt_IndiaCostsFuel,GLOBAL,PWRHYDINDNO,HYDINDNO,,1,2036,,,,,,1.0
InputActivityRatio,B_Opt_IndiaCostsFuel,GLOBAL,PWRHYDINDNO,HYDINDNO,,1,2037,,,,,,1.0
InputActivityRatio,B_Opt_IndiaCostsFuel,GLOBAL,PWRHYDINDNO,HYDINDNO,,1,2038,,,,,,1.0
InputActivityRatio,B_Opt_IndiaCostsFuel,GLOBAL,PWRHYDINDNO,HYDINDNO,,1,2039,,,,,,1.0
InputActivityRatio,B_Opt_IndiaCostsFuel,GLOBAL,PWRHYDINDNO,HYDINDNO,,1,2040,,,,,,1.0
InputActivityRatio,B_Opt_IndiaCostsFuel,GLOBAL,PWRHYDINDNO,HYDINDNO,,1,2041,,,,,,1.0
InputActivityRatio,B_Opt_IndiaCostsFuel,GLOBAL,PWRHYDINDNO,HYDINDNO,,1,2042,,,,,,1.0
InputActivityRatio,B_Opt_IndiaCostsFuel,GLOBAL,PWRHYDINDNO,HYDINDNO,,1,2043,,,,,,1.0
InputActivityRatio,B_Opt_IndiaCostsFuel,GLOBAL,PWRHYDINDNO,HYDINDNO,,1,2044,,,,,,1.0
InputActivityRatio,B_Opt_IndiaCostsFuel,GLOBAL,PWRHYDINDNO,HYDINDNO,,1,2045,,,,,,1.0
InputActivityRatio,B_Opt_IndiaCostsFuel,GLOBAL,PWRHYDINDNO,HYDINDNO,,1,2046,,,,,,1.0
InputActivityRatio,B_Opt_IndiaCostsFuel,GLOBAL,PWRHYDINDNO,HYDINDNO,,1,2047,,,,,,1.0
InputActivityRatio,B_Opt_IndiaCostsFuel,GLOBAL,PWRHYDINDNO,HYDINDNO,,1,2048,,,,,,1.0
InputActivityRatio,B_Opt_IndiaCostsFuel,GLOBAL,PWRHYDINDNO,HYDINDNO,,1,2049,,,,,,1.0
InputActivityRatio,B_Opt_IndiaCostsFuel,GLOBAL,PWRHYDINDNO,HYDINDNO,,1,2050,,,,,,1.0
InputActivityRatio,B_Opt_IndiaCostsFuel,GLOBAL,PWRHYDINDSO,HYDINDSO,,1,2023,,,,,,1.0
InputActivityRatio,B_Opt_IndiaCostsFuel,GLOBAL,PWRHYDINDSO,HYDINDSO,,1,2024,,,,,,1.0
InputActivityRatio,B_Opt_IndiaCostsFuel,GLOBAL,PWRHYDINDSO,HYDINDSO,,1,2025,,,,,,1.0
InputActivityRatio,B_Opt_IndiaCostsFuel,GLOBAL,PWRHYDINDSO,HYDINDSO,,1,2026,,,,,,1.0
InputActivityRatio,B_Opt_IndiaCostsFuel,GLOBAL,PWRHYDINDSO,HYDINDSO,,1,2027,,,,,,1.0
InputActivityRatio,B_Opt_IndiaCostsFuel,GLOBAL,PWRHYDINDSO,HYDINDSO,,1,2028,,,,,,1.0
InputActivityRatio,B_Opt_IndiaCostsFuel,GLOBAL,PWRHYDINDSO,HYDINDSO,,1,2029,,,,,,1.0
InputActivityRatio,B_Opt_IndiaCostsFuel,GLOBAL,PWRHYDINDSO,HYDINDSO,,1,2030,,,,,,1.0
InputActivityRatio,B_Opt_IndiaCostsFuel,GLOBAL,PWRHYDINDSO,HYDINDSO,,1,2031,,,,,,1.0
InputActivityRatio,B_Opt_IndiaCostsFuel,GLOBAL,PWRHYDINDSO,HYDINDSO,,1,2032,,,,,,1.0
InputActivityRatio,B_Opt_IndiaCostsFuel,GLOBAL,PWRHYDINDSO,HYDINDSO,,1,2033,,,,,,1.0
InputActivityRatio,B_Opt_IndiaCostsFuel,GLOBAL,PWRHYDINDSO,HYDINDSO,,1,2034,,,,,,1.0
InputActivityRatio,B_Opt_IndiaCostsFuel,GLOBAL,PWRHYDINDSO,HYDINDSO,,1,2035,,,,,,1.0
InputActivityRatio,B_Opt_IndiaCostsFuel,GLOBAL,PWRHYDINDSO,HYDINDSO,,1,2036,,,,,,1.0
InputActivityRatio,B_Opt_IndiaCostsFuel,GLOBAL,PWRHYDINDSO,HYDINDSO,,1,2037,,,,,,1.0
InputActivityRatio,B_Opt_IndiaCostsFuel,GLOBAL,PWRHYDINDSO,HYDINDSO,,1,2038,,,,,,1.0
InputActivityRatio,B_Opt_IndiaCostsFuel,GLOBAL,PWRHYDINDSO,HYDINDSO,,1,2039,,,,,,1.0
InputActivityRatio,B_Opt_IndiaCostsFuel,GLOBAL,PWRHYDINDSO,HYDINDSO,,1,2040,,,,,,1.0
InputActivityRatio,B_Opt_IndiaCostsFuel,GLOBAL,PWRHYDINDSO,HYDINDSO,,1,2041,,,,,,1.0
InputActivityRatio,B_Opt_IndiaCostsFuel,GLOBAL,PWRHYDINDSO,HYDINDSO,,1,2042,,,,,,1.0
InputActivityRatio,B_Opt_IndiaCostsFuel,GLOBAL,PWRHYDINDSO,HYDINDSO,,1,2043,,,,,,1.0
InputActivityRatio,B_Opt_IndiaCostsFuel,GLOBAL,PWRHYDINDSO,HYDINDSO,,1,2044,,,,,,1.0
InputActivityRatio,B_Opt_IndiaCostsFuel,GLOBAL,PWRHYDINDSO,HYDINDSO,,1,2045,,,,,,1.0
InputActivityRatio,B_Opt_IndiaCostsFuel,GLOBAL,PWRHYDINDSO,HYDINDSO,,1,2046,,,,,,1.0
InputActivityRatio,B_Opt_IndiaCostsFuel,GLOBAL,PWRHYDINDSO,HYDINDSO,,1,2047,,,,,,1.0
InputActivityRatio,B_Opt_IndiaCostsFuel,GLOBAL,PWRHYDINDSO,HYDINDSO,,1,2048,,,,,,1.0
InputActivityRatio,B_Opt_IndiaCostsFuel,GLOBAL,PWRHYDINDSO,HYDINDSO,,1,2049,,,,,,1.0
InputActivityRatio,B_Opt_IndiaCostsFuel,GLOBAL,PWRHYDINDSO,HYDINDSO,,1,2050,,,,,,1.0
InputActivityRatio,B_Opt_IndiaCostsFuel,GLOBAL,PWRHYDINDWE,HYDINDWE,,1,2023,,,,,,1.0
InputActivityRatio,B_Opt_IndiaCostsFuel,GLOBAL,PWRHYDINDWE,HYDINDWE,,1,2024,,,,,,1.0
InputActivityRatio,B_Opt_IndiaCostsFuel,GLOBAL,PWRHYDINDWE,HYDINDWE,,1,2025,,,,,,1.0
InputActivityRatio,B_Opt_IndiaCostsFuel,GLOBAL,PWRHYDINDWE,HYDINDWE,,1,2026,,,,,,1.0
InputActivityRatio,B_Opt_IndiaCostsFuel,GLOBAL,PWRHYDINDWE,HYDINDWE,,1,2027,,,,,,1.0
InputActivityRatio,B_Opt_IndiaCostsFuel,GLOBAL,PWRHYDINDWE,HYDINDWE,,1,2028,,,,,,1.0
InputActivityRatio,B_Opt_IndiaCostsFuel,GLOBAL,PWRHYDINDWE,HYDINDWE,,1,2029,,,,,,1.0
InputActivityRatio,B_Opt_IndiaCostsFuel,GLOBAL,PWRHYDINDWE,HYDINDWE,,1,2030,,,,,,1.0
InputActivityRatio,B_Opt_IndiaCostsFuel,GLOBAL,PWRHYDINDWE,HYDINDWE,,1,2031,,,,,,1.0
InputActivityRatio,B_Opt_IndiaCostsFuel,GLOBAL,PWRHYDINDWE,HYDINDWE,,1,2032,,,,,,1.0
InputActivityRatio,B_Opt_IndiaCostsFuel,GLOBAL,PWRHYDINDWE,HYDINDWE,,1,2033,,,,,,1.0
InputActivityRatio,B_Opt_IndiaCostsFuel,GLOBAL,PWRHYDINDWE,HYDINDWE,,1,2034,,,,,,1.0
InputActivityRatio,B_Opt_IndiaCostsFuel,GLOBAL,PWRHYDINDWE,HYDINDWE,,1,2035,,,,,,1.0
InputActivityRatio,B_Opt_IndiaCostsFuel,GLOBAL,PWRHYDINDWE,HYDINDWE,,1,2036,,,,,,1.0
InputActivityRatio,B_Opt_IndiaCostsFuel,GLOBAL,PWRHYDINDWE,HYDINDWE,,1,2037,,,,,,1.0
InputActivityRatio,B_Opt_IndiaCostsFuel,GLOBAL,PWRHYDINDWE,HYDINDWE,,1,2038,,,,,,1.0
InputActivityRatio,B_Opt_IndiaCostsFuel,GLOBAL,PWRHYDINDWE,HYDINDWE,,1,2039,,,,,,1.0
InputActivityRatio,B_Opt_IndiaCostsFuel,GLOBAL,PWRHYDINDWE,HYDINDWE,,1,2040,,,,,,1.0
InputActivityRatio,B_Opt_IndiaCostsFuel,GLOBAL,PWRHYDINDWE,HYDINDWE,,1,2041,,,,,,1.0
InputActivityRatio,B_Opt_IndiaCostsFuel,GLOBAL,PWRHYDINDWE,HYDINDWE,,1,2042,,,,,,1.0
InputActivityRatio,B_Opt_IndiaCostsFuel,GLOBAL,PWRHYDINDWE,HYDINDWE,,1,2043,,,,,,1.0
InputActivityRatio,B_Opt_IndiaCostsFuel,GLOBAL,PWRHYDINDWE,HYDINDWE,,1,2044,,,,,,1.0
InputActivityRatio,B_Opt_IndiaCostsFuel,GLOBAL,PWRHYDINDWE,HYDINDWE,,1,2045,,,,,,1.0
InputActivityRatio,B_Opt_IndiaCostsFuel,GLOBAL,PWRHYDINDWE,HYDINDWE,,1,2046,,,,,,1.0
InputActivityRatio,B_Opt_IndiaCostsFuel,GLOBAL,PWRHYDINDWE,HYDINDWE,,1,2047,,,,,,1.0
InputActivityRatio,B_Opt_IndiaCostsFuel,GLOBAL,PWRHYDINDWE,HYDINDWE,,1,2048,,,,,,1.0
InputActivityRatio,B_Opt_IndiaCostsFuel,GLOBAL,PWRHYDINDWE,HYDINDWE,,1,2049,,,,,,1.0
InputActivityRatio,B_Opt_IndiaCostsFuel,GLOBAL,PWRHYDINDWE,HYDINDWE,,1,2050,,,,,,1.0
InputActivityRatio,B_Opt_IndiaCostsFuel,GLOBAL,PWRHYDLKAXX,HYDLKAXX,,1,2023,,,,,,1.0
InputActivityRatio,B_Opt_IndiaCostsFuel,GLOBAL,PWRHYDLKAXX,HYDLKAXX,,1,2024,,,,,,1.0
InputActivityRatio,B_Opt_IndiaCostsFuel,GLOBAL,PWRHYDLKAXX,HYDLKAXX,,1,2025,,,,,,1.0
InputActivityRatio,B_Opt_IndiaCostsFuel,GLOBAL,PWRHYDLKAXX,HYDLKAXX,,1,2026,,,,,,1.0
InputActivityRatio,B_Opt_IndiaCostsFuel,GLOBAL,PWRHYDLKAXX,HYDLKAXX,,1,2027,,,,,,1.0
InputActivityRatio,B_Opt_IndiaCostsFuel,GLOBAL,PWRHYDLKAXX,HYDLKAXX,,1,2028,,,,,,1.0
InputActivityRatio,B_Opt_IndiaCostsFuel,GLOBAL,PWRHYDLKAXX,HYDLKAXX,,1,2029,,,,,,1.0
InputActivityRatio,B_Opt_IndiaCostsFuel,GLOBAL,PWRHYDLKAXX,HYDLKAXX,,1,2030,,,,,,1.0
InputActivityRatio,B_Opt_IndiaCostsFuel,GLOBAL,PWRHYDLKAXX,HYDLKAXX,,1,2031,,,,,,1.0
InputActivityRatio,B_Opt_IndiaCostsFuel,GLOBAL,PWRHYDLKAXX,HYDLKAXX,,1,2032,,,,,,1.0
InputActivityRatio,B_Opt_IndiaCostsFuel,GLOBAL,PWRHYDLKAXX,HYDLKAXX,,1,2033,,,,,,1.0
InputActivityRatio,B_Opt_IndiaCostsFuel,GLOBAL,PWRHYDLKAXX,HYDLKAXX,,1,2034,,,,,,1.0
InputActivityRatio,B_Opt_IndiaCostsFuel,GLOBAL,PWRHYDLKAXX,HYDLKAXX,,1,2035,,,,,,1.0
InputActivityRatio,B_Opt_IndiaCostsFuel,GLOBAL,PWRHYDLKAXX,HYDLKAXX,,1,2036,,,,,,1.0
InputActivityRatio,B_Opt_IndiaCostsFuel,GLOBAL,PWRHYDLKAXX,HYDLKAXX,,1,2037,,,,,,1.0
InputActivityRatio,B_Opt_IndiaCostsFuel,GLOBAL,PWRHYDLKAXX,HYDLKAXX,,1,2038,,,,,,1.0
InputActivityRatio,B_Opt_IndiaCostsFuel,GLOBAL,PWRHYDLKAXX,HYDLKAXX,,1,2039,,,,,,1.0
InputActivityRatio,B_Opt_IndiaCostsFuel,GLOBAL,PWRHYDLKAXX,HYDLKAXX,,1,2040,,,,,,1.0
InputActivityRatio,B_Opt_IndiaCostsFuel,GLOBAL,PWRHYDLKAXX,HYDLKAXX,,1,2041,,,,,,1.0
InputActivityRatio,B_Opt_IndiaCostsFuel,GLOBAL,PWRHYDLKAXX,HYDLKAXX,,1,2042,,,,,,1.0
InputActivityRatio,B_Opt_IndiaCostsFuel,GLOBAL,PWRHYDLKAXX,HYDLKAXX,,1,2043,,,,,,1.0
InputActivityRatio,B_Opt_IndiaCostsFuel,GLOBAL,PWRHYDLKAXX,HYDLKAXX,,1,2044,,,,,,1.0
InputActivityRatio,B_Opt_IndiaCostsFuel,GLOBAL,PWRHYDLKAXX,HYDLKAXX,,1,2045,,,,,,1.0
InputActivityRatio,B_Opt_IndiaCostsFuel,GLOBAL,PWRHYDLKAXX,HYDLKAXX,,1,2046,,,,,,1.0
InputActivityRatio,B_Opt_IndiaCostsFuel,GLOBAL,PWRHYDLKAXX,HYDLKAXX,,1,2047,,,,,,1.0
InputActivityRatio,B_Opt_IndiaCostsFuel,GLOBAL,PWRHYDLKAXX,HYDLKAXX,,1,2048,,,,,,1.0
InputActivityRatio,B_Opt_IndiaCostsFuel,GLOBAL,PWRHYDLKAXX,HYDLKAXX,,1,2049,,,,,,1.0
InputActivityRatio,B_Opt_IndiaCostsFuel,GLOBAL,PWRHYDLKAXX,HYDLKAXX,,1,2050,,,,,,1.0
InputActivityRatio,B_Opt_IndiaCostsFuel,GLOBAL,PWRHYDNPLXX,HYDNPLXX,,1,2023,,,,,,1.0
InputActivityRatio,B_Opt_IndiaCostsFuel,GLOBAL,PWRHYDNPLXX,HYDNPLXX,,1,2024,,,,,,1.0
InputActivityRatio,B_Opt_IndiaCostsFuel,GLOBAL,PWRHYDNPLXX,HYDNPLXX,,1,2025,,,,,,1.0
InputActivityRatio,B_Opt_IndiaCostsFuel,GLOBAL,PWRHYDNPLXX,HYDNPLXX,,1,2026,,,,,,1.0
InputActivityRatio,B_Opt_IndiaCostsFuel,GLOBAL,PWRHYDNPLXX,HYDNPLXX,,1,2027,,,,,,1.0
InputActivityRatio,B_Opt_IndiaCostsFuel,GLOBAL,PWRHYDNPLXX,HYDNPLXX,,1,2028,,,,,,1.0
InputActivityRatio,B_Opt_IndiaCostsFuel,GLOBAL,PWRHYDNPLXX,HYDNPLXX,,1,2029,,,,,,1.0
InputActivityRatio,B_Opt_IndiaCostsFuel,GLOBAL,PWRHYDNPLXX,HYDNPLXX,,1,2030,,,,,,1.0
InputActivityRatio,B_Opt_IndiaCostsFuel,GLOBAL,PWRHYDNPLXX,HYDNPLXX,,1,2031,,,,,,1.0
InputActivityRatio,B_Opt_IndiaCostsFuel,GLOBAL,PWRHYDNPLXX,HYDNPLXX,,1,2032,,,,,,1.0
InputActivityRatio,B_Opt_IndiaCostsFuel,GLOBAL,PWRHYDNPLXX,HYDNPLXX,,1,2033,,,,,,1.0
InputActivityRatio,B_Opt_IndiaCostsFuel,GLOBAL,PWRHYDNPLXX,HYDNPLXX,,1,2034,,,,,,1.0
InputActivityRatio,B_Opt_IndiaCostsFuel,GLOBAL,PWRHYDNPLXX,HYDNPLXX,,1,2035,,,,,,1.0
InputActivityRatio,B_Opt_IndiaCostsFuel,GLOBAL,PWRHYDNPLXX,HYDNPLXX,,1,2036,,,,,,1.0
InputActivityRatio,B_Opt_IndiaCostsFuel,GLOBAL,PWRHYDNPLXX,HYDNPLXX,,1,2037,,,,,,1.0
InputActivityRatio,B_Opt_IndiaCostsFuel,GLOBAL,PWRHYDNPLXX,HYDNPLXX,,1,2038,,,,,,1.0
InputActivityRatio,B_Opt_IndiaCostsFuel,GLOBAL,PWRHYDNPLXX,HYDNPLXX,,1,2039,,,,,,1.0
InputActivityRatio,B_Opt_IndiaCostsFuel,GLOBAL,PWRHYDNPLXX,HYDNPLXX,,1,2040,,,,,,1.0
InputActivityRatio,B_Opt_IndiaCostsFuel,GLOBAL,PWRHYDNPLXX,HYDNPLXX,,1,2041,,,,,,1.0
InputActivityRatio,B_Opt_IndiaCostsFuel,GLOBAL,PWRHYDNPLXX,HYDNPLXX,,1,2042,,,,,,1.0
InputActivityRatio,B_Opt_IndiaCostsFuel,GLOBAL,PWRHYDNPLXX,HYDNPLXX,,1,2043,,,,,,1.0
InputActivityRatio,B_Opt_IndiaCostsFuel,GLOBAL,PWRHYDNPLXX,HYDNPLXX,,1,2044,,,,,,1.0
InputActivityRatio,B_Opt_IndiaCostsFuel,GLOBAL,PWRHYDNPLXX,HYDNPLXX,,1,2045,,,,,,1.0
InputActivityRatio,B_Opt_IndiaCostsFuel,GLOBAL,PWRHYDNPLXX,HYDNPLXX,,1,2046,,,,,,1.0
InputActivityRatio,B_Opt_IndiaCostsFuel,GLOBAL,PWRHYDNPLXX,HYDNPLXX,,1,2047,,,,,,1.0
InputActivityRatio,B_Opt_IndiaCostsFuel,GLOBAL,PWRHYDNPLXX,HYDNPLXX,,1,2048,,,,,,1.0
InputActivityRatio,B_Opt_IndiaCostsFuel,GLOBAL,PWRHYDNPLXX,HYDNPLXX,,1,2049,,,,,,1.0
InputActivityRatio,B_Opt_IndiaCostsFuel,GLOBAL,PWRHYDNPLXX,HYDNPLXX,,1,2050,,,,,,1.0
InputActivityRatio,B_Opt_IndiaCostsFuel,GLOBAL,PWRNGSINDEA,GASIND,,1,2023,,,,,,2.5992
InputActivityRatio,B_Opt_IndiaCostsFuel,GLOBAL,PWRNGSINDEA,GASIND,,1,2024,,,,,,2.5992
InputActivityRatio,B_Opt_IndiaCostsFuel,GLOBAL,PWRNGSINDEA,GASIND,,1,2025,,,,,,2.5992
InputActivityRatio,B_Opt_IndiaCostsFuel,GLOBAL,PWRNGSINDEA,GASIND,,1,2026,,,,,,2.5992
InputActivityRatio,B_Opt_IndiaCostsFuel,GLOBAL,PWRNGSINDEA,GASIND,,1,2027,,,,,,2.5992
InputActivityRatio,B_Opt_IndiaCostsFuel,GLOBAL,PWRNGSINDEA,GASIND,,1,2028,,,,,,2.5992
InputActivityRatio,B_Opt_IndiaCostsFuel,GLOBAL,PWRNGSINDEA,GASIND,,1,2029,,,,,,2.5992
InputActivityRatio,B_Opt_IndiaCostsFuel,GLOBAL,PWRNGSINDEA,GASIND,,1,2030,,,,,,2.5992
InputActivityRatio,B_Opt_IndiaCostsFuel,GLOBAL,PWRNGSINDEA,GASIND,,1,2031,,,,,,2.5992
InputActivityRatio,B_Opt_IndiaCostsFuel,GLOBAL,PWRNGSINDEA,GASIND,,1,2032,,,,,,2.5992
InputActivityRatio,B_Opt_IndiaCostsFuel,GLOBAL,PWRNGSINDEA,GASIND,,1,2033,,,,,,2.5992
InputActivityRatio,B_Opt_IndiaCostsFuel,GLOBAL,PWRNGSINDEA,GASIND,,1,2034,,,,,,2.5992
InputActivityRatio,B_Opt_IndiaCostsFuel,GLOBAL,PWRNGSINDEA,GASIND,,1,2035,,,,,,2.5992
InputActivityRatio,B_Opt_IndiaCostsFuel,GLOBAL,PWRNGSINDEA,GASIND,,1,2036,,,,,,2.5992
InputActivityRatio,B_Opt_IndiaCostsFuel,GLOBAL,PWRNGSINDEA,GASIND,,1,2037,,,,,,2.5992
InputActivityRatio,B_Opt_IndiaCostsFuel,GLOBAL,PWRNGSINDEA,GASIND,,1,2038,,,,,,2.5992
InputActivityRatio,B_Opt_IndiaCostsFuel,GLOBAL,PWRNGSINDEA,GASIND,,1,2039,,,,,,2.5992
InputActivityRatio,B_Opt_IndiaCostsFuel,GLOBAL,PWRNGSINDEA,GASIND,,1,2040,,,,,,2.5992
InputActivityRatio,B_Opt_IndiaCostsFuel,GLOBAL,PWRNGSINDEA,GASIND,,1,2041,,,,,,2.5992
InputActivityRatio,B_Opt_IndiaCostsFuel,GLOBAL,PWRNGSINDEA,GASIND,,1,2042,,,,,,2.5992
InputActivityRatio,B_Opt_IndiaCostsFuel,GLOBAL,PWRNGSINDEA,GASIND,,1,2043,,,,,,2.5992
InputActivityRatio,B_Opt_IndiaCostsFuel,GLOBAL,PWRNGSINDEA,GASIND,,1,2044,,,,,,2.5992
InputActivityRatio,B_Opt_IndiaCostsFuel,GLOBAL,PWRNGSINDEA,GASIND,,1,2045,,,,,,2.5992
InputActivityRatio,B_Opt_IndiaCostsFuel,GLOBAL,PWRNGSINDEA,GASIND,,1,2046,,,,,,2.5992
InputActivityRatio,B_Opt_IndiaCostsFuel,GLOBAL,PWRNGSINDEA,GASIND,,1,2047,,,,,,2.5992
InputActivityRatio,B_Opt_IndiaCostsFuel,GLOBAL,PWRNGSINDEA,GASIND,,1,2048,,,,,,2.5992
InputActivityRatio,B_Opt_IndiaCostsFuel,GLOBAL,PWRNGSINDEA,GASIND,,1,2049,,,,,,2.5992
InputActivityRatio,B_Opt_IndiaCostsFuel,GLOBAL,PWRNGSINDEA,GASIND,,1,2050,,,,,,2.5992
InputActivityRatio,B_Opt_IndiaCostsFuel,GLOBAL,PWRNGSINDEA,GASINT,,2,2023,,,,,,2.5992
InputActivityRatio,B_Opt_IndiaCostsFuel,GLOBAL,PWRNGSINDEA,GASINT,,2,2024,,,,,,2.5992
InputActivityRatio,B_Opt_IndiaCostsFuel,GLOBAL,PWRNGSINDEA,GASINT,,2,2025,,,,,,2.5992
InputActivityRatio,B_Opt_IndiaCostsFuel,GLOBAL,PWRNGSINDEA,GASINT,,2,2026,,,,,,2.5992
InputActivityRatio,B_Opt_IndiaCostsFuel,GLOBAL,PWRNGSINDEA,GASINT,,2,2027,,,,,,2.5992
InputActivityRatio,B_Opt_IndiaCostsFuel,GLOBAL,PWRNGSINDEA,GASINT,,2,2028,,,,,,2.5992
InputActivityRatio,B_Opt_IndiaCostsFuel,GLOBAL,PWRNGSINDEA,GASINT,,2,2029,,,,,,2.5992
InputActivityRatio,B_Opt_IndiaCostsFuel,GLOBAL,PWRNGSINDEA,GASINT,,2,2030,,,,,,2.5992
InputActivityRatio,B_Opt_IndiaCostsFuel,GLOBAL,PWRNGSINDEA,GASINT,,2,2031,,,,,,2.5992
InputActivityRatio,B_Opt_IndiaCostsFuel,GLOBAL,PWRNGSINDEA,GASINT,,2,2032,,,,,,2.5992
InputActivityRatio,B_Opt_IndiaCostsFuel,GLOBAL,PWRNGSINDEA,GASINT,,2,2033,,,,,,2.5992
InputActivityRatio,B_Opt_IndiaCostsFuel,GLOBAL,PWRNGSINDEA,GASINT,,2,2034,,,,,,2.5992
InputActivityRatio,B_Opt_IndiaCostsFuel,GLOBAL,PWRNGSINDEA,GASINT,,2,2035,,,,,,2.5992
InputActivityRatio,B_Opt_IndiaCostsFuel,GLOBAL,PWRNGSINDEA,GASINT,,2,2036,,,,,,2.5992
InputActivityRatio,B_Opt_IndiaCostsFuel,GLOBAL,PWRNGSINDEA,GASINT,,2,2037,,,,,,2.5992
InputActivityRatio,B_Opt_IndiaCostsFuel,GLOBAL,PWRNGSINDEA,GASINT,,2,2038,,,,,,2.5992
InputActivityRatio,B_Opt_IndiaCostsFuel,GLOBAL,PWRNGSINDEA,GASINT,,2,2039,,,,,,2.5992
InputActivityRatio,B_Opt_IndiaCostsFuel,GLOBAL,PWRNGSINDEA,GASINT,,2,2040,,,,,,2.5992
InputActivityRatio,B_Opt_IndiaCostsFuel,GLOBAL,PWRNGSINDEA,GASINT,,2,2041,,,,,,2.5992
InputActivityRatio,B_Opt_IndiaCostsFuel,GLOBAL,PWRNGSINDEA,GASINT,,2,2042,,,,,,2.5992
InputActivityRatio,B_Opt_IndiaCostsFuel,GLOBAL,PWRNGSINDEA,GASINT,,2,2043,,,,,,2.5992
InputActivityRatio,B_Opt_IndiaCostsFuel,GLOBAL,PWRNGSINDEA,GASINT,,2,2044,,,,,,2.5992
InputActivityRatio,B_Opt_IndiaCostsFuel,GLOBAL,PWRNGSINDEA,GASINT,,2,2045,,,,,,2.5992
InputActivityRatio,B_Opt_IndiaCostsFuel,GLOBAL,PWRNGSINDEA,GASINT,,2,2046,,,,,,2.5992
InputActivityRatio,B_Opt_IndiaCostsFuel,GLOBAL,PWRNGSINDEA,GASINT,,2,2047,,,,,,2.5992
InputActivityRatio,B_Opt_IndiaCostsFuel,GLOBAL,PWRNGSINDEA,GASINT,,2,2048,,,,,,2.5992
InputActivityRatio,B_Opt_IndiaCostsFuel,GLOBAL,PWRNGSINDEA,GASINT,,2,2049,,,,,,2.5992
InputActivityRatio,B_Opt_IndiaCostsFuel,GLOBAL,PWRNGSINDEA,GASINT,,2,2050,,,,,,2.5992
InputActivityRatio,B_Opt_IndiaCostsFuel,GLOBAL,PWRNGSINDNE,GASIND,,1,2023,,,,,,2.5818
InputActivityRatio,B_Opt_IndiaCostsFuel,GLOBAL,PWRNGSINDNE,GASIND,,1,2024,,,,,,2.5818
InputActivityRatio,B_Opt_IndiaCostsFuel,GLOBAL,PWRNGSINDNE,GASIND,,1,2025,,,,,,2.5818
InputActivityRatio,B_Opt_IndiaCostsFuel,GLOBAL,PWRNGSINDNE,GASIND,,1,2026,,,,,,2.5818
InputActivityRatio,B_Opt_IndiaCostsFuel,GLOBAL,PWRNGSINDNE,GASIND,,1,2027,,,,,,2.5818
InputActivityRatio,B_Opt_IndiaCostsFuel,GLOBAL,PWRNGSINDNE,GASIND,,1,2028,,,,,,2.5818
InputActivityRatio,B_Opt_IndiaCostsFuel,GLOBAL,PWRNGSINDNE,GASIND,,1,2029,,,,,,2.5818
InputActivityRatio,B_Opt_IndiaCostsFuel,GLOBAL,PWRNGSINDNE,GASIND,,1,2030,,,,,,2.5818
InputActivityRatio,B_Opt_IndiaCostsFuel,GLOBAL,PWRNGSINDNE,GASIND,,1,2031,,,,,,2.5818
InputActivityRatio,B_Opt_IndiaCostsFuel,GLOBAL,PWRNGSINDNE,GASIND,,1,2032,,,,,,2.5818
InputActivityRatio,B_Opt_IndiaCostsFuel,GLOBAL,PWRNGSINDNE,GASIND,,1,2033,,,,,,2.5818
InputActivityRatio,B_Opt_IndiaCostsFuel,GLOBAL,PWRNGSINDNE,GASIND,,1,2034,,,,,,2.5818
InputActivityRatio,B_Opt_IndiaCostsFuel,GLOBAL,PWRNGSINDNE,GASIND,,1,2035,,,,,,2.5818
InputActivityRatio,B_Opt_IndiaCostsFuel,GLOBAL,PWRNGSINDNE,GASIND,,1,2036,,,,,,2.5818
InputActivityRatio,B_Opt_IndiaCostsFuel,GLOBAL,PWRNGSINDNE,GASIND,,1,2037,,,,,,2.5818
InputActivityRatio,B_Opt_IndiaCostsFuel,GLOBAL,PWRNGSINDNE,GASIND,,1,2038,,,,,,2.5818
InputActivityRatio,B_Opt_IndiaCostsFuel,GLOBAL,PWRNGSINDNE,GASIND,,1,2039,,,,,,2.5818
InputActivityRatio,B_Opt_IndiaCostsFuel,GLOBAL,PWRNGSINDNE,GASIND,,1,2040,,,,,,2.5818
InputActivityRatio,B_Opt_IndiaCostsFuel,GLOBAL,PWRNGSINDNE,GASIND,,1,2041,,,,,,2.5818
InputActivityRatio,B_Opt_IndiaCostsFuel,GLOBAL,PWRNGSINDNE,GASIND,,1,2042,,,,,,2.5818
InputActivityRatio,B_Opt_IndiaCostsFuel,GLOBAL,PWRNGSINDNE,GASIND,,1,2043,,,,,,2.5818
InputActivityRatio,B_Opt_IndiaCostsFuel,GLOBAL,PWRNGSINDNE,GASIND,,1,2044,,,,,,2.5818
InputActivityRatio,B_Opt_IndiaCostsFuel,GLOBAL,PWRNGSINDNE,GASIND,,1,2045,,,,,,2.5818
InputActivityRatio,B_Opt_IndiaCostsFuel,GLOBAL,PWRNGSINDNE,GASIND,,1,2046,,,,,,2.5818
InputActivityRatio,B_Opt_IndiaCostsFuel,GLOBAL,PWRNGSINDNE,GASIND,,1,2047,,,,,,2.5818
InputActivityRatio,B_Opt_IndiaCostsFuel,GLOBAL,PWRNGSINDNE,GASIND,,1,2048,,,,,,2.5818
InputActivityRatio,B_Opt_IndiaCostsFuel,GLOBAL,PWRNGSINDNE,GASIND,,1,2049,,,,,,2.5818
InputActivityRatio,B_Opt_IndiaCostsFuel,GLOBAL,PWRNGSINDNE,GASIND,,1,2050,,,,,,2.5818
InputActivityRatio,B_Opt_IndiaCostsFuel,GLOBAL,PWRNGSINDNE,GASINT,,2,2023,,,,,,2.5818
InputActivityRatio,B_Opt_IndiaCostsFuel,GLOBAL,PWRNGSINDNE,GASINT,,2,2024,,,,,,2.5818
InputActivityRatio,B_Opt_IndiaCostsFuel,GLOBAL,PWRNGSINDNE,GASINT,,2,2025,,,,,,2.5818
InputActivityRatio,B_Opt_IndiaCostsFuel,GLOBAL,PWRNGSINDNE,GASINT,,2,2026,,,,,,2.5818
InputActivityRatio,B_Opt_IndiaCostsFuel,GLOBAL,PWRNGSINDNE,GASINT,,2,2027,,,,,,2.5818
InputActivityRatio,B_Opt_IndiaCostsFuel,GLOBAL,PWRNGSINDNE,GASINT,,2,2028,,,,,,2.5818
InputActivityRatio,B_Opt_IndiaCostsFuel,GLOBAL,PWRNGSINDNE,GASINT,,2,2029,,,,,,2.5818
InputActivityRatio,B_Opt_IndiaCostsFuel,GLOBAL,PWRNGSINDNE,GASINT,,2,2030,,,,,,2.5818
InputActivityRatio,B_Opt_IndiaCostsFuel,GLOBAL,PWRNGSINDNE,GASINT,,2,2031,,,,,,2.5818
InputActivityRatio,B_Opt_IndiaCostsFuel,GLOBAL,PWRNGSINDNE,GASINT,,2,2032,,,,,,2.5818
InputActivityRatio,B_Opt_IndiaCostsFuel,GLOBAL,PWRNGSINDNE,GASINT,,2,2033,,,,,,2.5818
InputActivityRatio,B_Opt_IndiaCostsFuel,GLOBAL,PWRNGSINDNE,GASINT,,2,2034,,,,,,2.5818
InputActivityRatio,B_Opt_IndiaCostsFuel,GLOBAL,PWRNGSINDNE,GASINT,,2,2035,,,,,,2.5818
InputActivityRatio,B_Opt_IndiaCostsFuel,GLOBAL,PWRNGSINDNE,GASINT,,2,2036,,,,,,2.5818
InputActivityRatio,B_Opt_IndiaCostsFuel,GLOBAL,PWRNGSINDNE,GASINT,,2,2037,,,,,,2.5818
InputActivityRatio,B_Opt_IndiaCostsFuel,GLOBAL,PWRNGSINDNE,GASINT,,2,2038,,,,,,2.5818
InputActivityRatio,B_Opt_IndiaCostsFuel,GLOBAL,PWRNGSINDNE,GASINT,,2,2039,,,,,,2.5818
InputActivityRatio,B_Opt_IndiaCostsFuel,GLOBAL,PWRNGSINDNE,GASINT,,2,2040,,,,,,2.5818
InputActivityRatio,B_Opt_IndiaCostsFuel,GLOBAL,PWRNGSINDNE,GASINT,,2,2041,,,,,,2.5818
InputActivityRatio,B_Opt_IndiaCostsFuel,GLOBAL,PWRNGSINDNE,GASINT,,2,2042,,,,,,2.5818
InputActivityRatio,B_Opt_IndiaCostsFuel,GLOBAL,PWRNGSINDNE,GASINT,,2,2043,,,,,,2.5818
InputActivityRatio,B_Opt_IndiaCostsFuel,GLOBAL,PWRNGSINDNE,GASINT,,2,2044,,,,,,2.5818
InputActivityRatio,B_Opt_IndiaCostsFuel,GLOBAL,PWRNGSINDNE,GASINT,,2,2045,,,,,,2.5818
InputActivityRatio,B_Opt_IndiaCostsFuel,GLOBAL,PWRNGSINDNE,GASINT,,2,2046,,,,,,2.5818
InputActivityRatio,B_Opt_IndiaCostsFuel,GLOBAL,PWRNGSINDNE,GASINT,,2,2047,,,,,,2.5818
InputActivityRatio,B_Opt_IndiaCostsFuel,GLOBAL,PWRNGSINDNE,GASINT,,2,2048,,,,,,2.5818
InputActivityRatio,B_Opt_IndiaCostsFuel,GLOBAL,PWRNGSINDNE,GASINT,,2,2049,,,,,,2.5818
InputActivityRatio,B_Opt_IndiaCostsFuel,GLOBAL,PWRNGSINDNE,GASINT,,2,2050,,,,,,2.5818
InputActivityRatio,B_Opt_IndiaCostsFuel,GLOBAL,PWRNGSINDNO,GASIND,,1,2023,,,,,,2.5692
InputActivityRatio,B_Opt_IndiaCostsFuel,GLOBAL,PWRNGSINDNO,GASIND,,1,2024,,,,,,2.5692
InputActivityRatio,B_Opt_IndiaCostsFuel,GLOBAL,PWRNGSINDNO,GASIND,,1,2025,,,,,,2.5692
InputActivityRatio,B_Opt_IndiaCostsFuel,GLOBAL,PWRNGSINDNO,GASIND,,1,2026,,,,,,2.5692
InputActivityRatio,B_Opt_IndiaCostsFuel,GLOBAL,PWRNGSINDNO,GASIND,,1,2027,,,,,,2.5692
InputActivityRatio,B_Opt_IndiaCostsFuel,GLOBAL,PWRNGSINDNO,GASIND,,1,2028,,,,,,2.5692
InputActivityRatio,B_Opt_IndiaCostsFuel,GLOBAL,PWRNGSINDNO,GASIND,,1,2029,,,,,,2.5692
InputActivityRatio,B_Opt_IndiaCostsFuel,GLOBAL,PWRNGSINDNO,GASIND,,1,2030,,,,,,2.5692
InputActivityRatio,B_Opt_IndiaCostsFuel,GLOBAL,PWRNGSINDNO,GASIND,,1,2031,,,,,,2.5692
InputActivityRatio,B_Opt_IndiaCostsFuel,GLOBAL,PWRNGSINDNO,GASIND,,1,2032,,,,,,2.5692
InputActivityRatio,B_Opt_IndiaCostsFuel,GLOBAL,PWRNGSINDNO,GASIND,,1,2033,,,,,,2.5692
InputActivityRatio,B_Opt_IndiaCostsFuel,GLOBAL,PWRNGSINDNO,GASIND,,1,2034,,,,,,2.5692
InputActivityRatio,B_Opt_IndiaCostsFuel,GLOBAL,PWRNGSINDNO,GASIND,,1,2035,,,,,,2.5692
InputActivityRatio,B_Opt_IndiaCostsFuel,GLOBAL,PWRNGSINDNO,GASIND,,1,2036,,,,,,2.5692
InputActivityRatio,B_Opt_IndiaCostsFuel,GLOBAL,PWRNGSINDNO,GASIND,,1,2037,,,,,,2.5692
InputActivityRatio,B_Opt_IndiaCostsFuel,GLOBAL,PWRNGSINDNO,GASIND,,1,2038,,,,,,2.5692
InputActivityRatio,B_Opt_IndiaCostsFuel,GLOBAL,PWRNGSINDNO,GASIND,,1,2039,,,,,,2.5692
InputActivityRatio,B_Opt_IndiaCostsFuel,GLOBAL,PWRNGSINDNO,GASIND,,1,2040,,,,,,2.5692
InputActivityRatio,B_Opt_IndiaCostsFuel,GLOBAL,PWRNGSINDNO,GASIND,,1,2041,,,,,,2.5692
InputActivityRatio,B_Opt_IndiaCostsFuel,GLOBAL,PWRNGSINDNO,GASIND,,1,2042,,,,,,2.5692
InputActivityRatio,B_Opt_IndiaCostsFuel,GLOBAL,PWRNGSINDNO,GASIND,,1,2043,,,,,,2.5692
InputActivityRatio,B_Opt_IndiaCostsFuel,GLOBAL,PWRNGSINDNO,GASIND,,1,2044,,,,,,2.5692
InputActivityRatio,B_Opt_IndiaCostsFuel,GLOBAL,PWRNGSINDNO,GASIND,,1,2045,,,,,,2.5692
InputActivityRatio,B_Opt_IndiaCostsFuel,GLOBAL,PWRNGSINDNO,GASIND,,1,2046,,,,,,2.5692
InputActivityRatio,B_Opt_IndiaCostsFuel,GLOBAL,PWRNGSINDNO,GASIND,,1,2047,,,,,,2.5692
InputActivityRatio,B_Opt_IndiaCostsFuel,GLOBAL,PWRNGSINDNO,GASIND,,1,2048,,,,,,2.5692
InputActivityRatio,B_Opt_IndiaCostsFuel,GLOBAL,PWRNGSINDNO,GASIND,,1,2049,,,,,,2.5692
InputActivityRatio,B_Opt_IndiaCostsFuel,GLOBAL,PWRNGSINDNO,GASIND,,1,2050,,,,,,2.5692
InputActivityRatio,B_Opt_IndiaCostsFuel,GLOBAL,PWRNGSINDNO,GASINT,,2,2023,,,,,,2.5692
InputActivityRatio,B_Opt_IndiaCostsFuel,GLOBAL,PWRNGSINDNO,GASINT,,2,2024,,,,,,2.5692
InputActivityRatio,B_Opt_IndiaCostsFuel,GLOBAL,PWRNGSINDNO,GASINT,,2,2025,,,,,,2.5692
InputActivityRatio,B_Opt_IndiaCostsFuel,GLOBAL,PWRNGSINDNO,GASINT,,2,2026,,,,,,2.5692
InputActivityRatio,B_Opt_IndiaCostsFuel,GLOBAL,PWRNGSINDNO,GASINT,,2,2027,,,,,,2.5692
InputActivityRatio,B_Opt_IndiaCostsFuel,GLOBAL,PWRNGSINDNO,GASINT,,2,2028,,,,,,2.5692
InputActivityRatio,B_Opt_IndiaCostsFuel,GLOBAL,PWRNGSINDNO,GASINT,,2,2029,,,,,,2.5692
InputActivityRatio,B_Opt_IndiaCostsFuel,GLOBAL,PWRNGSINDNO,GASINT,,2,2030,,,,,,2.5692
InputActivityRatio,B_Opt_IndiaCostsFuel,GLOBAL,PWRNGSINDNO,GASINT,,2,2031,,,,,,2.5692
InputActivityRatio,B_Opt_IndiaCostsFuel,GLOBAL,PWRNGSINDNO,GASINT,,2,2032,,,,,,2.5692
InputActivityRatio,B_Opt_IndiaCostsFuel,GLOBAL,PWRNGSINDNO,GASINT,,2,2033,,,,,,2.5692
InputActivityRatio,B_Opt_IndiaCostsFuel,GLOBAL,PWRNGSINDNO,GASINT,,2,2034,,,,,,2.5692
InputActivityRatio,B_Opt_IndiaCostsFuel,GLOBAL,PWRNGSINDNO,GASINT,,2,2035,,,,,,2.5692
InputActivityRatio,B_Opt_IndiaCostsFuel,GLOBAL,PWRNGSINDNO,GASINT,,2,2036,,,,,,2.5692
InputActivityRatio,B_Opt_IndiaCostsFuel,GLOBAL,PWRNGSINDNO,GASINT,,2,2037,,,,,,2.5692
InputActivityRatio,B_Opt_IndiaCostsFuel,GLOBAL,PWRNGSINDNO,GASINT,,2,2038,,,,,,2.5692
InputActivityRatio,B_Opt_IndiaCostsFuel,GLOBAL,PWRNGSINDNO,GASINT,,2,2039,,,,,,2.5692
InputActivityRatio,B_Opt_IndiaCostsFuel,GLOBAL,PWRNGSINDNO,GASINT,,2,2040,,,,,,2.5692
InputActivityRatio,B_Opt_IndiaCostsFuel,GLOBAL,PWRNGSINDNO,GASINT,,2,2041,,,,,,2.5692
InputActivityRatio,B_Opt_IndiaCostsFuel,GLOBAL,PWRNGSINDNO,GASINT,,2,2042,,,,,,2.5692
InputActivityRatio,B_Opt_IndiaCostsFuel,GLOBAL,PWRNGSINDNO,GASINT,,2,2043,,,,,,2.5692
InputActivityRatio,B_Opt_IndiaCostsFuel,GLOBAL,PWRNGSINDNO,GASINT,,2,2044,,,,,,2.5692
InputActivityRatio,B_Opt_IndiaCostsFuel,GLOBAL,PWRNGSINDNO,GASINT,,2,2045,,,,,,2.5692
InputActivityRatio,B_Opt_IndiaCostsFuel,GLOBAL,PWRNGSINDNO,GASINT,,2,2046,,,,,,2.5692
InputActivityRatio,B_Opt_IndiaCostsFuel,GLOBAL,PWRNGSINDNO,GASINT,,2,2047,,,,,,2.5692
InputActivityRatio,B_Opt_IndiaCostsFuel,GLOBAL,PWRNGSINDNO,GASINT,,2,2048,,,,,,2.5692
InputActivityRatio,B_Opt_IndiaCostsFuel,GLOBAL,PWRNGSINDNO,GASINT,,2,2049,,,,,,2.5692
InputActivityRatio,B_Opt_IndiaCostsFuel,GLOBAL,PWRNGSINDNO,GASINT,,2,2050,,,,,,2.5692
InputActivityRatio,B_Opt_IndiaCostsFuel,GLOBAL,PWRNGSINDSO,GASIND,,1,2023,,,,,,2.5592
InputActivityRatio,B_Opt_IndiaCostsFuel,GLOBAL,PWRNGSINDSO,GASIND,,1,2024,,,,,,2.5592
InputActivityRatio,B_Opt_IndiaCostsFuel,GLOBAL,PWRNGSINDSO,GASIND,,1,2025,,,,,,2.5592
InputActivityRatio,B_Opt_IndiaCostsFuel,GLOBAL,PWRNGSINDSO,GASIND,,1,2026,,,,,,2.5592
InputActivityRatio,B_Opt_IndiaCostsFuel,GLOBAL,PWRNGSINDSO,GASIND,,1,2027,,,,,,2.5592
InputActivityRatio,B_Opt_IndiaCostsFuel,GLOBAL,PWRNGSINDSO,GASIND,,1,2028,,,,,,2.5592
InputActivityRatio,B_Opt_IndiaCostsFuel,GLOBAL,PWRNGSINDSO,GASIND,,1,2029,,,,,,2.5592
InputActivityRatio,B_Opt_IndiaCostsFuel,GLOBAL,PWRNGSINDSO,GASIND,,1,2030,,,,,,2.5592
InputActivityRatio,B_Opt_IndiaCostsFuel,GLOBAL,PWRNGSINDSO,GASIND,,1,2031,,,,,,2.5592
InputActivityRatio,B_Opt_IndiaCostsFuel,GLOBAL,PWRNGSINDSO,GASIND,,1,2032,,,,,,2.5592
InputActivityRatio,B_Opt_IndiaCostsFuel,GLOBAL,PWRNGSINDSO,GASIND,,1,2033,,,,,,2.5592
InputActivityRatio,B_Opt_IndiaCostsFuel,GLOBAL,PWRNGSINDSO,GASIND,,1,2034,,,,,,2.5592
InputActivityRatio,B_Opt_IndiaCostsFuel,GLOBAL,PWRNGSINDSO,GASIND,,1,2035,,,,,,2.5592
InputActivityRatio,B_Opt_IndiaCostsFuel,GLOBAL,PWRNGSINDSO,GASIND,,1,2036,,,,,,2.5592
InputActivityRatio,B_Opt_IndiaCostsFuel,GLOBAL,PWRNGSINDSO,GASIND,,1,2037,,,,,,2.5592
InputActivityRatio,B_Opt_IndiaCostsFuel,GLOBAL,PWRNGSINDSO,GASIND,,1,2038,,,,,,2.5592
InputActivityRatio,B_Opt_IndiaCostsFuel,GLOBAL,PWRNGSINDSO,GASIND,,1,2039,,,,,,2.5592
InputActivityRatio,B_Opt_IndiaCostsFuel,GLOBAL,PWRNGSINDSO,GASIND,,1,2040,,,,,,2.5592
InputActivityRatio,B_Opt_IndiaCostsFuel,GLOBAL,PWRNGSINDSO,GASIND,,1,2041,,,,,,2.5592
InputActivityRatio,B_Opt_IndiaCostsFuel,GLOBAL,PWRNGSINDSO,GASIND,,1,2042,,,,,,2.5592
InputActivityRatio,B_Opt_IndiaCostsFuel,GLOBAL,PWRNGSINDSO,GASIND,,1,2043,,,,,,2.5592
InputActivityRatio,B_Opt_IndiaCostsFuel,GLOBAL,PWRNGSINDSO,GASIND,,1,2044,,,,,,2.5592
InputActivityRatio,B_Opt_IndiaCostsFuel,GLOBAL,PWRNGSINDSO,GASIND,,1,2045,,,,,,2.5592
InputActivityRatio,B_Opt_IndiaCostsFuel,GLOBAL,PWRNGSINDSO,GASIND,,1,2046,,,,,,2.5592
InputActivityRatio,B_Opt_IndiaCostsFuel,GLOBAL,PWRNGSINDSO,GASIND,,1,2047,,,,,,2.5592
InputActivityRatio,B_Opt_IndiaCostsFuel,GLOBAL,PWRNGSINDSO,GASIND,,1,2048,,,,,,2.5592
InputActivityRatio,B_Opt_IndiaCostsFuel,GLOBAL,PWRNGSINDSO,GASIND,,1,2049,,,,,,2.5592
InputActivityRatio,B_Opt_IndiaCostsFuel,GLOBAL,PWRNGSINDSO,GASIND,,1,2050,,,,,,2.5592
InputActivityRatio,B_Opt_IndiaCostsFuel,GLOBAL,PWRNGSINDSO,GASINT,,2,2023,,,,,,2.5592
InputActivityRatio,B_Opt_IndiaCostsFuel,GLOBAL,PWRNGSINDSO,GASINT,,2,2024,,,,,,2.5592
InputActivityRatio,B_Opt_IndiaCostsFuel,GLOBAL,PWRNGSINDSO,GASINT,,2,2025,,,,,,2.5592
InputActivityRatio,B_Opt_IndiaCostsFuel,GLOBAL,PWRNGSINDSO,GASINT,,2,2026,,,,,,2.5592
InputActivityRatio,B_Opt_IndiaCostsFuel,GLOBAL,PWRNGSINDSO,GASINT,,2,2027,,,,,,2.5592
InputActivityRatio,B_Opt_IndiaCostsFuel,GLOBAL,PWRNGSINDSO,GASINT,,2,2028,,,,,,2.5592
InputActivityRatio,B_Opt_IndiaCostsFuel,GLOBAL,PWRNGSINDSO,GASINT,,2,2029,,,,,,2.5592
InputActivityRatio,B_Opt_IndiaCostsFuel,GLOBAL,PWRNGSINDSO,GASINT,,2,2030,,,,,,2.5592
InputActivityRatio,B_Opt_IndiaCostsFuel,GLOBAL,PWRNGSINDSO,GASINT,,2,2031,,,,,,2.5592
InputActivityRatio,B_Opt_IndiaCostsFuel,GLOBAL,PWRNGSINDSO,GASINT,,2,2032,,,,,,2.5592
InputActivityRatio,B_Opt_IndiaCostsFuel,GLOBAL,PWRNGSINDSO,GASINT,,2,2033,,,,,,2.5592
InputActivityRatio,B_Opt_IndiaCostsFuel,GLOBAL,PWRNGSINDSO,GASINT,,2,2034,,,,,,2.5592
InputActivityRatio,B_Opt_IndiaCostsFuel,GLOBAL,PWRNGSINDSO,GASINT,,2,2035,,,,,,2.5592
InputActivityRatio,B_Opt_IndiaCostsFuel,GLOBAL,PWRNGSINDSO,GASINT,,2,2036,,,,,,2.5592
InputActivityRatio,B_Opt_IndiaCostsFuel,GLOBAL,PWRNGSINDSO,GASINT,,2,2037,,,,,,2.5592
InputActivityRatio,B_Opt_IndiaCostsFuel,GLOBAL,PWRNGSINDSO,GASINT,,2,2038,,,,,,2.5592
InputActivityRatio,B_Opt_IndiaCostsFuel,GLOBAL,PWRNGSINDSO,GASINT,,2,2039,,,,,,2.5592
InputActivityRatio,B_Opt_IndiaCostsFuel,GLOBAL,PWRNGSINDSO,GASINT,,2,2040,,,,,,2.5592
InputActivityRatio,B_Opt_IndiaCostsFuel,GLOBAL,PWRNGSINDSO,GASINT,,2,2041,,,,,,2.5592
InputActivityRatio,B_Opt_IndiaCostsFuel,GLOBAL,PWRNGSINDSO,GASINT,,2,2042,,,,,,2.5592
InputActivityRatio,B_Opt_IndiaCostsFuel,GLOBAL,PWRNGSINDSO,GASINT,,2,2043,,,,,,2.5592
InputActivityRatio,B_Opt_IndiaCostsFuel,GLOBAL,PWRNGSINDSO,GASINT,,2,2044,,,,,,2.5592
InputActivityRatio,B_Opt_IndiaCostsFuel,GLOBAL,PWRNGSINDSO,GASINT,,2,2045,,,,,,2.5592
InputActivityRatio,B_Opt_IndiaCostsFuel,GLOBAL,PWRNGSINDSO,GASINT,,2,2046,,,,,,2.5592
InputActivityRatio,B_Opt_IndiaCostsFuel,GLOBAL,PWRNGSINDSO,GASINT,,2,2047,,,,,,2.5592
InputActivityRatio,B_Opt_IndiaCostsFuel,GLOBAL,PWRNGSINDSO,GASINT,,2,2048,,,,,,2.5592
InputActivityRatio,B_Opt_IndiaCostsFuel,GLOBAL,PWRNGSINDSO,GASINT,,2,2049,,,,,,2.5592
InputActivityRatio,B_Opt_IndiaCostsFuel,GLOBAL,PWRNGSINDSO,GASINT,,2,2050,,,,,,2.5592
InputActivityRatio,B_Opt_IndiaCostsFuel,GLOBAL,PWRNGSINDWE,GASIND,,1,2023,,,,,,2.5942
InputActivityRatio,B_Opt_IndiaCostsFuel,GLOBAL,PWRNGSINDWE,GASIND,,1,2024,,,,,,2.5942
InputActivityRatio,B_Opt_IndiaCostsFuel,GLOBAL,PWRNGSINDWE,GASIND,,1,2025,,,,,,2.5942
InputActivityRatio,B_Opt_IndiaCostsFuel,GLOBAL,PWRNGSINDWE,GASIND,,1,2026,,,,,,2.5942
InputActivityRatio,B_Opt_IndiaCostsFuel,GLOBAL,PWRNGSINDWE,GASIND,,1,2027,,,,,,2.5942
InputActivityRatio,B_Opt_IndiaCostsFuel,GLOBAL,PWRNGSINDWE,GASIND,,1,2028,,,,,,2.5942
InputActivityRatio,B_Opt_IndiaCostsFuel,GLOBAL,PWRNGSINDWE,GASIND,,1,2029,,,,,,2.5942
InputActivityRatio,B_Opt_IndiaCostsFuel,GLOBAL,PWRNGSINDWE,GASIND,,1,2030,,,,,,2.5942
InputActivityRatio,B_Opt_IndiaCostsFuel,GLOBAL,PWRNGSINDWE,GASIND,,1,2031,,,,,,2.5942
InputActivityRatio,B_Opt_IndiaCostsFuel,GLOBAL,PWRNGSINDWE,GASIND,,1,2032,,,,,,2.5942
InputActivityRatio,B_Opt_IndiaCostsFuel,GLOBAL,PWRNGSINDWE,GASIND,,1,2033,,,,,,2.5942
InputActivityRatio,B_Opt_IndiaCostsFuel,GLOBAL,PWRNGSINDWE,GASIND,,1,2034,,,,,,2.5942
InputActivityRatio,B_Opt_IndiaCostsFuel,GLOBAL,PWRNGSINDWE,GASIND,,1,2035,,,,,,2.5942
InputActivityRatio,B_Opt_IndiaCostsFuel,GLOBAL,PWRNGSINDWE,GASIND,,1,2036,,,,,,2.5942
InputActivityRatio,B_Opt_IndiaCostsFuel,GLOBAL,PWRNGSINDWE,GASIND,,1,2037,,,,,,2.5942
InputActivityRatio,B_Opt_IndiaCostsFuel,GLOBAL,PWRNGSINDWE,GASIND,,1,2038,,,,,,2.5942
InputActivityRatio,B_Opt_IndiaCostsFuel,GLOBAL,PWRNGSINDWE,GASIND,,1,2039,,,,,,2.5942
InputActivityRatio,B_Opt_IndiaCostsFuel,GLOBAL,PWRNGSINDWE,GASIND,,1,2040,,,,,,2.5942
InputActivityRatio,B_Opt_IndiaCostsFuel,GLOBAL,PWRNGSINDWE,GASIND,,1,2041,,,,,,2.5942
InputActivityRatio,B_Opt_IndiaCostsFuel,GLOBAL,PWRNGSINDWE,GASIND,,1,2042,,,,,,2.5942
InputActivityRatio,B_Opt_IndiaCostsFuel,GLOBAL,PWRNGSINDWE,GASIND,,1,2043,,,,,,2.5942
InputActivityRatio,B_Opt_IndiaCostsFuel,GLOBAL,PWRNGSINDWE,GASIND,,1,2044,,,,,,2.5942
InputActivityRatio,B_Opt_IndiaCostsFuel,GLOBAL,PWRNGSINDWE,GASIND,,1,2045,,,,,,2.5942
InputActivityRatio,B_Opt_IndiaCostsFuel,GLOBAL,PWRNGSINDWE,GASIND,,1,2046,,,,,,2.5942
InputActivityRatio,B_Opt_IndiaCostsFuel,GLOBAL,PWRNGSINDWE,GASIND,,1,2047,,,,,,2.5942
InputActivityRatio,B_Opt_IndiaCostsFuel,GLOBAL,PWRNGSINDWE,GASIND,,1,2048,,,,,,2.5942
InputActivityRatio,B_Opt_IndiaCostsFuel,GLOBAL,PWRNGSINDWE,GASIND,,1,2049,,,,,,2.5942
InputActivityRatio,B_Opt_IndiaCostsFuel,GLOBAL,PWRNGSINDWE,GASIND,,1,2050,,,,,,2.5942
InputActivityRatio,B_Opt_IndiaCostsFuel,GLOBAL,PWRNGSINDWE,GASINT,,2,2023,,,,,,2.5942
InputActivityRatio,B_Opt_IndiaCostsFuel,GLOBAL,PWRNGSINDWE,GASINT,,2,2024,,,,,,2.5942
InputActivityRatio,B_Opt_IndiaCostsFuel,GLOBAL,PWRNGSINDWE,GASINT,,2,2025,,,,,,2.5942
InputActivityRatio,B_Opt_IndiaCostsFuel,GLOBAL,PWRNGSINDWE,GASINT,,2,2026,,,,,,2.5942
InputActivityRatio,B_Opt_IndiaCostsFuel,GLOBAL,PWRNGSINDWE,GASINT,,2,2027,,,,,,2.5942
InputActivityRatio,B_Opt_IndiaCostsFuel,GLOBAL,PWRNGSINDWE,GASINT,,2,2028,,,,,,2.5942
InputActivityRatio,B_Opt_IndiaCostsFuel,GLOBAL,PWRNGSINDWE,GASINT,,2,2029,,,,,,2.5942
InputActivityRatio,B_Opt_IndiaCostsFuel,GLOBAL,PWRNGSINDWE,GASINT,,2,2030,,,,,,2.5942
InputActivityRatio,B_Opt_IndiaCostsFuel,GLOBAL,PWRNGSINDWE,GASINT,,2,2031,,,,,,2.5942
InputActivityRatio,B_Opt_IndiaCostsFuel,GLOBAL,PWRNGSINDWE,GASINT,,2,2032,,,,,,2.5942
InputActivityRatio,B_Opt_IndiaCostsFuel,GLOBAL,PWRNGSINDWE,GASINT,,2,2033,,,,,,2.5942
InputActivityRatio,B_Opt_IndiaCostsFuel,GLOBAL,PWRNGSINDWE,GASINT,,2,2034,,,,,,2.5942
InputActivityRatio,B_Opt_IndiaCostsFuel,GLOBAL,PWRNGSINDWE,GASINT,,2,2035,,,,,,2.5942
InputActivityRatio,B_Opt_IndiaCostsFuel,GLOBAL,PWRNGSINDWE,GASINT,,2,2036,,,,,,2.5942
InputActivityRatio,B_Opt_IndiaCostsFuel,GLOBAL,PWRNGSINDWE,GASINT,,2,2037,,,,,,2.5942
InputActivityRatio,B_Opt_IndiaCostsFuel,GLOBAL,PWRNGSINDWE,GASINT,,2,2038,,,,,,2.5942
InputActivityRatio,B_Opt_IndiaCostsFuel,GLOBAL,PWRNGSINDWE,GASINT,,2,2039,,,,,,2.5942
InputActivityRatio,B_Opt_IndiaCostsFuel,GLOBAL,PWRNGSINDWE,GASINT,,2,2040,,,,,,2.5942
InputActivityRatio,B_Opt_IndiaCostsFuel,GLOBAL,PWRNGSINDWE,GASINT,,2,2041,,,,,,2.5942
InputActivityRatio,B_Opt_IndiaCostsFuel,GLOBAL,PWRNGSINDWE,GASINT,,2,2042,,,,,,2.5942
InputActivityRatio,B_Opt_IndiaCostsFuel,GLOBAL,PWRNGSINDWE,GASINT,,2,2043,,,,,,2.5942
InputActivityRatio,B_Opt_IndiaCostsFuel,GLOBAL,PWRNGSINDWE,GASINT,,2,2044,,,,,,2.5942
InputActivityRatio,B_Opt_IndiaCostsFuel,GLOBAL,PWRNGSINDWE,GASINT,,2,2045,,,,,,2.5942
InputActivityRatio,B_Opt_IndiaCostsFuel,GLOBAL,PWRNGSINDWE,GASINT,,2,2046,,,,,,2.5942
InputActivityRatio,B_Opt_IndiaCostsFuel,GLOBAL,PWRNGSINDWE,GASINT,,2,2047,,,,,,2.5942
InputActivityRatio,B_Opt_IndiaCostsFuel,GLOBAL,PWRNGSINDWE,GASINT,,2,2048,,,,,,2.5942
InputActivityRatio,B_Opt_IndiaCostsFuel,GLOBAL,PWRNGSINDWE,GASINT,,2,2049,,,,,,2.5942
InputActivityRatio,B_Opt_IndiaCostsFuel,GLOBAL,PWRNGSINDWE,GASINT,,2,2050,,,,,,2.5942
InputActivityRatio,B_Opt_IndiaCostsFuel,GLOBAL,PWRNGSLKAXX,GASLKA,,1,2023,,,,,,2.5992
InputActivityRatio,B_Opt_IndiaCostsFuel,GLOBAL,PWRNGSLKAXX,GASLKA,,1,2024,,,,,,2.5992
InputActivityRatio,B_Opt_IndiaCostsFuel,GLOBAL,PWRNGSLKAXX,GASLKA,,1,2025,,,,,,2.5992
InputActivityRatio,B_Opt_IndiaCostsFuel,GLOBAL,PWRNGSLKAXX,GASLKA,,1,2026,,,,,,2.5992
InputActivityRatio,B_Opt_IndiaCostsFuel,GLOBAL,PWRNGSLKAXX,GASLKA,,1,2027,,,,,,2.5992
InputActivityRatio,B_Opt_IndiaCostsFuel,GLOBAL,PWRNGSLKAXX,GASLKA,,1,2028,,,,,,2.5992
InputActivityRatio,B_Opt_IndiaCostsFuel,GLOBAL,PWRNGSLKAXX,GASLKA,,1,2029,,,,,,2.5992
InputActivityRatio,B_Opt_IndiaCostsFuel,GLOBAL,PWRNGSLKAXX,GASLKA,,1,2030,,,,,,2.5992
InputActivityRatio,B_Opt_IndiaCostsFuel,GLOBAL,PWRNGSLKAXX,GASLKA,,1,2031,,,,,,2.5992
InputActivityRatio,B_Opt_IndiaCostsFuel,GLOBAL,PWRNGSLKAXX,GASLKA,,1,2032,,,,,,2.5992
InputActivityRatio,B_Opt_IndiaCostsFuel,GLOBAL,PWRNGSLKAXX,GASLKA,,1,2033,,,,,,2.5992
InputActivityRatio,B_Opt_IndiaCostsFuel,GLOBAL,PWRNGSLKAXX,GASLKA,,1,2034,,,,,,2.5992
InputActivityRatio,B_Opt_IndiaCostsFuel,GLOBAL,PWRNGSLKAXX,GASLKA,,1,2035,,,,,,2.5992
InputActivityRatio,B_Opt_IndiaCostsFuel,GLOBAL,PWRNGSLKAXX,GASLKA,,1,2036,,,,,,2.5992
InputActivityRatio,B_Opt_IndiaCostsFuel,GLOBAL,PWRNGSLKAXX,GASLKA,,1,2037,,,,,,2.5992
InputActivityRatio,B_Opt_IndiaCostsFuel,GLOBAL,PWRNGSLKAXX,GASLKA,,1,2038,,,,,,2.5992
InputActivityRatio,B_Opt_IndiaCostsFuel,GLOBAL,PWRNGSLKAXX,GASLKA,,1,2039,,,,,,2.5992
InputActivityRatio,B_Opt_IndiaCostsFuel,GLOBAL,PWRNGSLKAXX,GASLKA,,1,2040,,,,,,2.5992
InputActivityRatio,B_Opt_IndiaCostsFuel,GLOBAL,PWRNGSLKAXX,GASLKA,,1,2041,,,,,,2.5992
InputActivityRatio,B_Opt_IndiaCostsFuel,GLOBAL,PWRNGSLKAXX,GASLKA,,1,2042,,,,,,2.5992
InputActivityRatio,B_Opt_IndiaCostsFuel,GLOBAL,PWRNGSLKAXX,GASLKA,,1,2043,,,,,,2.5992
InputActivityRatio,B_Opt_IndiaCostsFuel,GLOBAL,PWRNGSLKAXX,GASLKA,,1,2044,,,,,,2.5992
InputActivityRatio,B_Opt_IndiaCostsFuel,GLOBAL,PWRNGSLKAXX,GASLKA,,1,2045,,,,,,2.5992
InputActivityRatio,B_Opt_IndiaCostsFuel,GLOBAL,PWRNGSLKAXX,GASLKA,,1,2046,,,,,,2.5992
InputActivityRatio,B_Opt_IndiaCostsFuel,GLOBAL,PWRNGSLKAXX,GASLKA,,1,2047,,,,,,2.5992
InputActivityRatio,B_Opt_IndiaCostsFuel,GLOBAL,PWRNGSLKAXX,GASLKA,,1,2048,,,,,,2.5992
InputActivityRatio,B_Opt_IndiaCostsFuel,GLOBAL,PWRNGSLKAXX,GASLKA,,1,2049,,,,,,2.5992
InputActivityRatio,B_Opt_IndiaCostsFuel,GLOBAL,PWRNGSLKAXX,GASLKA,,1,2050,,,,,,2.5992
InputActivityRatio,B_Opt_IndiaCostsFuel,GLOBAL,PWRNGSLKAXX,GASINT,,2,2023,,,,,,2.5992
InputActivityRatio,B_Opt_IndiaCostsFuel,GLOBAL,PWRNGSLKAXX,GASINT,,2,2024,,,,,,2.5992
InputActivityRatio,B_Opt_IndiaCostsFuel,GLOBAL,PWRNGSLKAXX,GASINT,,2,2025,,,,,,2.5992
InputActivityRatio,B_Opt_IndiaCostsFuel,GLOBAL,PWRNGSLKAXX,GASINT,,2,2026,,,,,,2.5992
InputActivityRatio,B_Opt_IndiaCostsFuel,GLOBAL,PWRNGSLKAXX,GASINT,,2,2027,,,,,,2.5992
InputActivityRatio,B_Opt_IndiaCostsFuel,GLOBAL,PWRNGSLKAXX,GASINT,,2,2028,,,,,,2.5992
InputActivityRatio,B_Opt_IndiaCostsFuel,GLOBAL,PWRNGSLKAXX,GASINT,,2,2029,,,,,,2.5992
InputActivityRatio,B_Opt_IndiaCostsFuel,GLOBAL,PWRNGSLKAXX,GASINT,,2,2030,,,,,,2.5992
InputActivityRatio,B_Opt_IndiaCostsFuel,GLOBAL,PWRNGSLKAXX,GASINT,,2,2031,,,,,,2.5992
InputActivityRatio,B_Opt_IndiaCostsFuel,GLOBAL,PWRNGSLKAXX,GASINT,,2,2032,,,,,,2.5992
InputActivityRatio,B_Opt_IndiaCostsFuel,GLOBAL,PWRNGSLKAXX,GASINT,,2,2033,,,,,,2.5992
InputActivityRatio,B_Opt_IndiaCostsFuel,GLOBAL,PWRNGSLKAXX,GASINT,,2,2034,,,,,,2.5992
InputActivityRatio,B_Opt_IndiaCostsFuel,GLOBAL,PWRNGSLKAXX,GASINT,,2,2035,,,,,,2.5992
InputActivityRatio,B_Opt_IndiaCostsFuel,GLOBAL,PWRNGSLKAXX,GASINT,,2,2036,,,,,,2.5992
InputActivityRatio,B_Opt_IndiaCostsFuel,GLOBAL,PWRNGSLKAXX,GASINT,,2,2037,,,,,,2.5992
InputActivityRatio,B_Opt_IndiaCostsFuel,GLOBAL,PWRNGSLKAXX,GASINT,,2,2038,,,,,,2.5992
InputActivityRatio,B_Opt_IndiaCostsFuel,GLOBAL,PWRNGSLKAXX,GASINT,,2,2039,,,,,,2.5992
InputActivityRatio,B_Opt_IndiaCostsFuel,GLOBAL,PWRNGSLKAXX,GASINT,,2,2040,,,,,,2.5992
InputActivityRatio,B_Opt_IndiaCostsFuel,GLOBAL,PWRNGSLKAXX,GASINT,,2,2041,,,,,,2.5992
InputActivityRatio,B_Opt_IndiaCostsFuel,GLOBAL,PWRNGSLKAXX,GASINT,,2,2042,,,,,,2.5992
InputActivityRatio,B_Opt_IndiaCostsFuel,GLOBAL,PWRNGSLKAXX,GASINT,,2,2043,,,,,,2.5992
InputActivityRatio,B_Opt_IndiaCostsFuel,GLOBAL,PWRNGSLKAXX,GASINT,,2,2044,,,,,,2.5992
InputActivityRatio,B_Opt_IndiaCostsFuel,GLOBAL,PWRNGSLKAXX,GASINT,,2,2045,,,,,,2.5992
InputActivityRatio,B_Opt_IndiaCostsFuel,GLOBAL,PWRNGSLKAXX,GASINT,,2,2046,,,,,,2.5992
InputActivityRatio,B_Opt_IndiaCostsFuel,GLOBAL,PWRNGSLKAXX,GASINT,,2,2047,,,,,,2.5992
InputActivityRatio,B_Opt_IndiaCostsFuel,GLOBAL,PWRNGSLKAXX,GASINT,,2,2048,,,,,,2.5992
InputActivityRatio,B_Opt_IndiaCostsFuel,GLOBAL,PWRNGSLKAXX,GASINT,,2,2049,,,,,,2.5992
InputActivityRatio,B_Opt_IndiaCostsFuel,GLOBAL,PWRNGSLKAXX,GASINT,,2,2050,,,,,,2.5992
InputActivityRatio,B_Opt_IndiaCostsFuel,GLOBAL,PWROILBGDXX,OILBGD,,1,2023,,,,,,2.88
InputActivityRatio,B_Opt_IndiaCostsFuel,GLOBAL,PWROILBGDXX,OILBGD,,1,2024,,,,,,2.88
InputActivityRatio,B_Opt_IndiaCostsFuel,GLOBAL,PWROILBGDXX,OILBGD,,1,2025,,,,,,2.88
InputActivityRatio,B_Opt_IndiaCostsFuel,GLOBAL,PWROILBGDXX,OILBGD,,1,2026,,,,,,2.88
InputActivityRatio,B_Opt_IndiaCostsFuel,GLOBAL,PWROILBGDXX,OILBGD,,1,2027,,,,,,2.88
InputActivityRatio,B_Opt_IndiaCostsFuel,GLOBAL,PWROILBGDXX,OILBGD,,1,2028,,,,,,2.88
InputActivityRatio,B_Opt_IndiaCostsFuel,GLOBAL,PWROILBGDXX,OILBGD,,1,2029,,,,,,2.88
InputActivityRatio,B_Opt_IndiaCostsFuel,GLOBAL,PWROILBGDXX,OILBGD,,1,2030,,,,,,2.88
InputActivityRatio,B_Opt_IndiaCostsFuel,GLOBAL,PWROILBGDXX,OILBGD,,1,2031,,,,,,2.88
InputActivityRatio,B_Opt_IndiaCostsFuel,GLOBAL,PWROILBGDXX,OILBGD,,1,2032,,,,,,2.88
InputActivityRatio,B_Opt_IndiaCostsFuel,GLOBAL,PWROILBGDXX,OILBGD,,1,2033,,,,,,2.88
InputActivityRatio,B_Opt_IndiaCostsFuel,GLOBAL,PWROILBGDXX,OILBGD,,1,2034,,,,,,2.88
InputActivityRatio,B_Opt_IndiaCostsFuel,GLOBAL,PWROILBGDXX,OILBGD,,1,2035,,,,,,2.88
InputActivityRatio,B_Opt_IndiaCostsFuel,GLOBAL,PWROILBGDXX,OILBGD,,1,2036,,,,,,2.88
InputActivityRatio,B_Opt_IndiaCostsFuel,GLOBAL,PWROILBGDXX,OILBGD,,1,2037,,,,,,2.88
InputActivityRatio,B_Opt_IndiaCostsFuel,GLOBAL,PWROILBGDXX,OILBGD,,1,2038,,,,,,2.88
InputActivityRatio,B_Opt_IndiaCostsFuel,GLOBAL,PWROILBGDXX,OILBGD,,1,2039,,,,,,2.88
InputActivityRatio,B_Opt_IndiaCostsFuel,GLOBAL,PWROILBGDXX,OILBGD,,1,2040,,,,,,2.88
InputActivityRatio,B_Opt_IndiaCostsFuel,GLOBAL,PWROILBGDXX,OILBGD,,1,2041,,,,,,2.88
InputActivityRatio,B_Opt_IndiaCostsFuel,GLOBAL,PWROILBGDXX,OILBGD,,1,2042,,,,,,2.88
InputActivityRatio,B_Opt_IndiaCostsFuel,GLOBAL,PWROILBGDXX,OILBGD,,1,2043,,,,,,2.88
InputActivityRatio,B_Opt_IndiaCostsFuel,GLOBAL,PWROILBGDXX,OILBGD,,1,2044,,,,,,2.88
InputActivityRatio,B_Opt_IndiaCostsFuel,GLOBAL,PWROILBGDXX,OILBGD,,1,2045,,,,,,2.88
InputActivityRatio,B_Opt_IndiaCostsFuel,GLOBAL,PWROILBGDXX,OILBGD,,1,2046,,,,,,2.88
InputActivityRatio,B_Opt_IndiaCostsFuel,GLOBAL,PWROILBGDXX,OILBGD,,1,2047,,,,,,2.88
InputActivityRatio,B_Opt_IndiaCostsFuel,GLOBAL,PWROILBGDXX,OILBGD,,1,2048,,,,,,2.88
InputActivityRatio,B_Opt_IndiaCostsFuel,GLOBAL,PWROILBGDXX,OILBGD,,1,2049,,,,,,2.88
InputActivityRatio,B_Opt_IndiaCostsFuel,GLOBAL,PWROILBGDXX,OILBGD,,1,2050,,,,,,2.88
InputActivityRatio,B_Opt_IndiaCostsFuel,GLOBAL,PWROILBGDXX,OILINT,,2,2023,,,,,,2.88
InputActivityRatio,B_Opt_IndiaCostsFuel,GLOBAL,PWROILBGDXX,OILINT,,2,2024,,,,,,2.88
InputActivityRatio,B_Opt_IndiaCostsFuel,GLOBAL,PWROILBGDXX,OILINT,,2,2025,,,,,,2.88
InputActivityRatio,B_Opt_IndiaCostsFuel,GLOBAL,PWROILBGDXX,OILINT,,2,2026,,,,,,2.88
InputActivityRatio,B_Opt_IndiaCostsFuel,GLOBAL,PWROILBGDXX,OILINT,,2,2027,,,,,,2.88
InputActivityRatio,B_Opt_IndiaCostsFuel,GLOBAL,PWROILBGDXX,OILINT,,2,2028,,,,,,2.88
InputActivityRatio,B_Opt_IndiaCostsFuel,GLOBAL,PWROILBGDXX,OILINT,,2,2029,,,,,,2.88
InputActivityRatio,B_Opt_IndiaCostsFuel,GLOBAL,PWROILBGDXX,OILINT,,2,2030,,,,,,2.88
InputActivityRatio,B_Opt_IndiaCostsFuel,GLOBAL,PWROILBGDXX,OILINT,,2,2031,,,,,,2.88
InputActivityRatio,B_Opt_IndiaCostsFuel,GLOBAL,PWROILBGDXX,OILINT,,2,2032,,,,,,2.88
InputActivityRatio,B_Opt_IndiaCostsFuel,GLOBAL,PWROILBGDXX,OILINT,,2,2033,,,,,,2.88
InputActivityRatio,B_Opt_IndiaCostsFuel,GLOBAL,PWROILBGDXX,OILINT,,2,2034,,,,,,2.88
InputActivityRatio,B_Opt_IndiaCostsFuel,GLOBAL,PWROILBGDXX,OILINT,,2,2035,,,,,,2.88
InputActivityRatio,B_Opt_IndiaCostsFuel,GLOBAL,PWROILBGDXX,OILINT,,2,2036,,,,,,2.88
InputActivityRatio,B_Opt_IndiaCostsFuel,GLOBAL,PWROILBGDXX,OILINT,,2,2037,,,,,,2.88
InputActivityRatio,B_Opt_IndiaCostsFuel,GLOBAL,PWROILBGDXX,OILINT,,2,2038,,,,,,2.88
InputActivityRatio,B_Opt_IndiaCostsFuel,GLOBAL,PWROILBGDXX,OILINT,,2,2039,,,,,,2.88
InputActivityRatio,B_Opt_IndiaCostsFuel,GLOBAL,PWROILBGDXX,OILINT,,2,2040,,,,,,2.88
InputActivityRatio,B_Opt_IndiaCostsFuel,GLOBAL,PWROILBGDXX,OILINT,,2,2041,,,,,,2.88
InputActivityRatio,B_Opt_IndiaCostsFuel,GLOBAL,PWROILBGDXX,OILINT,,2,2042,,,,,,2.88
InputActivityRatio,B_Opt_IndiaCostsFuel,GLOBAL,PWROILBGDXX,OILINT,,2,2043,,,,,,2.88
InputActivityRatio,B_Opt_IndiaCostsFuel,GLOBAL,PWROILBGDXX,OILINT,,2,2044,,,,,,2.88
InputActivityRatio,B_Opt_IndiaCostsFuel,GLOBAL,PWROILBGDXX,OILINT,,2,2045,,,,,,2.88
InputActivityRatio,B_Opt_IndiaCostsFuel,GLOBAL,PWROILBGDXX,OILINT,,2,2046,,,,,,2.88
InputActivityRatio,B_Opt_IndiaCostsFuel,GLOBAL,PWROILBGDXX,OILINT,,2,2047,,,,,,2.88
InputActivityRatio,B_Opt_IndiaCostsFuel,GLOBAL,PWROILBGDXX,OILINT,,2,2048,,,,,,2.88
InputActivityRatio,B_Opt_IndiaCostsFuel,GLOBAL,PWROILBGDXX,OILINT,,2,2049,,,,,,2.88
InputActivityRatio,B_Opt_IndiaCostsFuel,GLOBAL,PWROILBGDXX,OILINT,,2,2050,,,,,,2.88
InputActivityRatio,B_Opt_IndiaCostsFuel,GLOBAL,PWROILINDEA,OILIND,,1,2023,,,,,,3.07
InputActivityRatio,B_Opt_IndiaCostsFuel,GLOBAL,PWROILINDEA,OILIND,,1,2024,,,,,,3.07
InputActivityRatio,B_Opt_IndiaCostsFuel,GLOBAL,PWROILINDEA,OILIND,,1,2025,,,,,,3.07
InputActivityRatio,B_Opt_IndiaCostsFuel,GLOBAL,PWROILINDEA,OILIND,,1,2026,,,,,,3.07
InputActivityRatio,B_Opt_IndiaCostsFuel,GLOBAL,PWROILINDEA,OILIND,,1,2027,,,,,,3.07
InputActivityRatio,B_Opt_IndiaCostsFuel,GLOBAL,PWROILINDEA,OILIND,,1,2028,,,,,,3.07
InputActivityRatio,B_Opt_IndiaCostsFuel,GLOBAL,PWROILINDEA,OILIND,,1,2029,,,,,,3.07
InputActivityRatio,B_Opt_IndiaCostsFuel,GLOBAL,PWROILINDEA,OILIND,,1,2030,,,,,,3.07
InputActivityRatio,B_Opt_IndiaCostsFuel,GLOBAL,PWROILINDEA,OILIND,,1,2031,,,,,,3.07
InputActivityRatio,B_Opt_IndiaCostsFuel,GLOBAL,PWROILINDEA,OILIND,,1,2032,,,,,,3.07
InputActivityRatio,B_Opt_IndiaCostsFuel,GLOBAL,PWROILINDEA,OILIND,,1,2033,,,,,,3.07
InputActivityRatio,B_Opt_IndiaCostsFuel,GLOBAL,PWROILINDEA,OILIND,,1,2034,,,,,,3.07
InputActivityRatio,B_Opt_IndiaCostsFuel,GLOBAL,PWROILINDEA,OILIND,,1,2035,,,,,,3.07
InputActivityRatio,B_Opt_IndiaCostsFuel,GLOBAL,PWROILINDEA,OILIND,,1,2036,,,,,,3.07
InputActivityRatio,B_Opt_IndiaCostsFuel,GLOBAL,PWROILINDEA,OILIND,,1,2037,,,,,,3.07
InputActivityRatio,B_Opt_IndiaCostsFuel,GLOBAL,PWROILINDEA,OILIND,,1,2038,,,,,,3.07
InputActivityRatio,B_Opt_IndiaCostsFuel,GLOBAL,PWROILINDEA,OILIND,,1,2039,,,,,,3.07
InputActivityRatio,B_Opt_IndiaCostsFuel,GLOBAL,PWROILINDEA,OILIND,,1,2040,,,,,,3.07
InputActivityRatio,B_Opt_IndiaCostsFuel,GLOBAL,PWROILINDEA,OILIND,,1,2041,,,,,,3.07
InputActivityRatio,B_Opt_IndiaCostsFuel,GLOBAL,PWROILINDEA,OILIND,,1,2042,,,,,,3.07
InputActivityRatio,B_Opt_IndiaCostsFuel,GLOBAL,PWROILINDEA,OILIND,,1,2043,,,,,,3.07
InputActivityRatio,B_Opt_IndiaCostsFuel,GLOBAL,PWROILINDEA,OILIND,,1,2044,,,,,,3.07
InputActivityRatio,B_Opt_IndiaCostsFuel,GLOBAL,PWROILINDEA,OILIND,,1,2045,,,,,,3.07
InputActivityRatio,B_Opt_IndiaCostsFuel,GLOBAL,PWROILINDEA,OILIND,,1,2046,,,,,,3.07
InputActivityRatio,B_Opt_IndiaCostsFuel,GLOBAL,PWROILINDEA,OILIND,,1,2047,,,,,,3.07
InputActivityRatio,B_Opt_IndiaCostsFuel,GLOBAL,PWROILINDEA,OILIND,,1,2048,,,,,,3.07
InputActivityRatio,B_Opt_IndiaCostsFuel,GLOBAL,PWROILINDEA,OILIND,,1,2049,,,,,,3.07
InputActivityRatio,B_Opt_IndiaCostsFuel,GLOBAL,PWROILINDEA,OILIND,,1,2050,,,,,,3.07
InputActivityRatio,B_Opt_IndiaCostsFuel,GLOBAL,PWROILINDEA,OILINT,,2,2023,,,,,,3.07
InputActivityRatio,B_Opt_IndiaCostsFuel,GLOBAL,PWROILINDEA,OILINT,,2,2024,,,,,,3.07
InputActivityRatio,B_Opt_IndiaCostsFuel,GLOBAL,PWROILINDEA,OILINT,,2,2025,,,,,,3.07
InputActivityRatio,B_Opt_IndiaCostsFuel,GLOBAL,PWROILINDEA,OILINT,,2,2026,,,,,,3.07
InputActivityRatio,B_Opt_IndiaCostsFuel,GLOBAL,PWROILINDEA,OILINT,,2,2027,,,,,,3.07
InputActivityRatio,B_Opt_IndiaCostsFuel,GLOBAL,PWROILINDEA,OILINT,,2,2028,,,,,,3.07
InputActivityRatio,B_Opt_IndiaCostsFuel,GLOBAL,PWROILINDEA,OILINT,,2,2029,,,,,,3.07
InputActivityRatio,B_Opt_IndiaCostsFuel,GLOBAL,PWROILINDEA,OILINT,,2,2030,,,,,,3.07
InputActivityRatio,B_Opt_IndiaCostsFuel,GLOBAL,PWROILINDEA,OILINT,,2,2031,,,,,,3.07
InputActivityRatio,B_Opt_IndiaCostsFuel,GLOBAL,PWROILINDEA,OILINT,,2,2032,,,,,,3.07
InputActivityRatio,B_Opt_IndiaCostsFuel,GLOBAL,PWROILINDEA,OILINT,,2,2033,,,,,,3.07
InputActivityRatio,B_Opt_IndiaCostsFuel,GLOBAL,PWROILINDEA,OILINT,,2,2034,,,,,,3.07
InputActivityRatio,B_Opt_IndiaCostsFuel,GLOBAL,PWROILINDEA,OILINT,,2,2035,,,,,,3.07
InputActivityRatio,B_Opt_IndiaCostsFuel,GLOBAL,PWROILINDEA,OILINT,,2,2036,,,,,,3.07
InputActivityRatio,B_Opt_IndiaCostsFuel,GLOBAL,PWROILINDEA,OILINT,,2,2037,,,,,,3.07
InputActivityRatio,B_Opt_IndiaCostsFuel,GLOBAL,PWROILINDEA,OILINT,,2,2038,,,,,,3.07
InputActivityRatio,B_Opt_IndiaCostsFuel,GLOBAL,PWROILINDEA,OILINT,,2,2039,,,,,,3.07
InputActivityRatio,B_Opt_IndiaCostsFuel,GLOBAL,PWROILINDEA,OILINT,,2,2040,,,,,,3.07
InputActivityRatio,B_Opt_IndiaCostsFuel,GLOBAL,PWROILINDEA,OILINT,,2,2041,,,,,,3.07
InputActivityRatio,B_Opt_IndiaCostsFuel,GLOBAL,PWROILINDEA,OILINT,,2,2042,,,,,,3.07
InputActivityRatio,B_Opt_IndiaCostsFuel,GLOBAL,PWROILINDEA,OILINT,,2,2043,,,,,,3.07
InputActivityRatio,B_Opt_IndiaCostsFuel,GLOBAL,PWROILINDEA,OILINT,,2,2044,,,,,,3.07
InputActivityRatio,B_Opt_IndiaCostsFuel,GLOBAL,PWROILINDEA,OILINT,,2,2045,,,,,,3.07
InputActivityRatio,B_Opt_IndiaCostsFuel,GLOBAL,PWROILINDEA,OILINT,,2,2046,,,,,,3.07
InputActivityRatio,B_Opt_IndiaCostsFuel,GLOBAL,PWROILINDEA,OILINT,,2,2047,,,,,,3.07
InputActivityRatio,B_Opt_IndiaCostsFuel,GLOBAL,PWROILINDEA,OILINT,,2,2048,,,,,,3.07
InputActivityRatio,B_Opt_IndiaCostsFuel,GLOBAL,PWROILINDEA,OILINT,,2,2049,,,,,,3.07
InputActivityRatio,B_Opt_IndiaCostsFuel,GLOBAL,PWROILINDEA,OILINT,,2,2050,,,,,,3.07
InputActivityRatio,B_Opt_IndiaCostsFuel,GLOBAL,PWROILINDNE,OILIND,,1,2023,,,,,,3.07
InputActivityRatio,B_Opt_IndiaCostsFuel,GLOBAL,PWROILINDNE,OILIND,,1,2024,,,,,,3.07
InputActivityRatio,B_Opt_IndiaCostsFuel,GLOBAL,PWROILINDNE,OILIND,,1,2025,,,,,,3.07
InputActivityRatio,B_Opt_IndiaCostsFuel,GLOBAL,PWROILINDNE,OILIND,,1,2026,,,,,,3.07
InputActivityRatio,B_Opt_IndiaCostsFuel,GLOBAL,PWROILINDNE,OILIND,,1,2027,,,,,,3.07
InputActivityRatio,B_Opt_IndiaCostsFuel,GLOBAL,PWROILINDNE,OILIND,,1,2028,,,,,,3.07
InputActivityRatio,B_Opt_IndiaCostsFuel,GLOBAL,PWROILINDNE,OILIND,,1,2029,,,,,,3.07
InputActivityRatio,B_Opt_IndiaCostsFuel,GLOBAL,PWROILINDNE,OILIND,,1,2030,,,,,,3.07
InputActivityRatio,B_Opt_IndiaCostsFuel,GLOBAL,PWROILINDNE,OILIND,,1,2031,,,,,,3.07
InputActivityRatio,B_Opt_IndiaCostsFuel,GLOBAL,PWROILINDNE,OILIND,,1,2032,,,,,,3.07
InputActivityRatio,B_Opt_IndiaCostsFuel,GLOBAL,PWROILINDNE,OILIND,,1,2033,,,,,,3.07
InputActivityRatio,B_Opt_IndiaCostsFuel,GLOBAL,PWROILINDNE,OILIND,,1,2034,,,,,,3.07
InputActivityRatio,B_Opt_IndiaCostsFuel,GLOBAL,PWROILINDNE,OILIND,,1,2035,,,,,,3.07
InputActivityRatio,B_Opt_IndiaCostsFuel,GLOBAL,PWROILINDNE,OILIND,,1,2036,,,,,,3.07
InputActivityRatio,B_Opt_IndiaCostsFuel,GLOBAL,PWROILINDNE,OILIND,,1,2037,,,,,,3.07
InputActivityRatio,B_Opt_IndiaCostsFuel,GLOBAL,PWROILINDNE,OILIND,,1,2038,,,,,,3.07
InputActivityRatio,B_Opt_IndiaCostsFuel,GLOBAL,PWROILINDNE,OILIND,,1,2039,,,,,,3.07
InputActivityRatio,B_Opt_IndiaCostsFuel,GLOBAL,PWROILINDNE,OILIND,,1,2040,,,,,,3.07
InputActivityRatio,B_Opt_IndiaCostsFuel,GLOBAL,PWROILINDNE,OILIND,,1,2041,,,,,,3.07
InputActivityRatio,B_Opt_IndiaCostsFuel,GLOBAL,PWROILINDNE,OILIND,,1,2042,,,,,,3.07
InputActivityRatio,B_Opt_IndiaCostsFuel,GLOBAL,PWROILINDNE,OILIND,,1,2043,,,,,,3.07
InputActivityRatio,B_Opt_IndiaCostsFuel,GLOBAL,PWROILINDNE,OILIND,,1,2044,,,,,,3.07
InputActivityRatio,B_Opt_IndiaCostsFuel,GLOBAL,PWROILINDNE,OILIND,,1,2045,,,,,,3.07
InputActivityRatio,B_Opt_IndiaCostsFuel,GLOBAL,PWROILINDNE,OILIND,,1,2046,,,,,,3.07
InputActivityRatio,B_Opt_IndiaCostsFuel,GLOBAL,PWROILINDNE,OILIND,,1,2047,,,,,,3.07
InputActivityRatio,B_Opt_IndiaCostsFuel,GLOBAL,PWROILINDNE,OILIND,,1,2048,,,,,,3.07
InputActivityRatio,B_Opt_IndiaCostsFuel,GLOBAL,PWROILINDNE,OILIND,,1,2049,,,,,,3.07
InputActivityRatio,B_Opt_IndiaCostsFuel,GLOBAL,PWROILINDNE,OILIND,,1,2050,,,,,,3.07
InputActivityRatio,B_Opt_IndiaCostsFuel,GLOBAL,PWROILINDNE,OILINT,,2,2023,,,,,,3.07
InputActivityRatio,B_Opt_IndiaCostsFuel,GLOBAL,PWROILINDNE,OILINT,,2,2024,,,,,,3.07
InputActivityRatio,B_Opt_IndiaCostsFuel,GLOBAL,PWROILINDNE,OILINT,,2,2025,,,,,,3.07
InputActivityRatio,B_Opt_IndiaCostsFuel,GLOBAL,PWROILINDNE,OILINT,,2,2026,,,,,,3.07
InputActivityRatio,B_Opt_IndiaCostsFuel,GLOBAL,PWROILINDNE,OILINT,,2,2027,,,,,,3.07
InputActivityRatio,B_Opt_IndiaCostsFuel,GLOBAL,PWROILINDNE,OILINT,,2,2028,,,,,,3.07
InputActivityRatio,B_Opt_IndiaCostsFuel,GLOBAL,PWROILINDNE,OILINT,,2,2029,,,,,,3.07
InputActivityRatio,B_Opt_IndiaCostsFuel,GLOBAL,PWROILINDNE,OILINT,,2,2030,,,,,,3.07
InputActivityRatio,B_Opt_IndiaCostsFuel,GLOBAL,PWROILINDNE,OILINT,,2,2031,,,,,,3.07
InputActivityRatio,B_Opt_IndiaCostsFuel,GLOBAL,PWROILINDNE,OILINT,,2,2032,,,,,,3.07
InputActivityRatio,B_Opt_IndiaCostsFuel,GLOBAL,PWROILINDNE,OILINT,,2,2033,,,,,,3.07
InputActivityRatio,B_Opt_IndiaCostsFuel,GLOBAL,PWROILINDNE,OILINT,,2,2034,,,,,,3.07
InputActivityRatio,B_Opt_IndiaCostsFuel,GLOBAL,PWROILINDNE,OILINT,,2,2035,,,,,,3.07
InputActivityRatio,B_Opt_IndiaCostsFuel,GLOBAL,PWROILINDNE,OILINT,,2,2036,,,,,,3.07
InputActivityRatio,B_Opt_IndiaCostsFuel,GLOBAL,PWROILINDNE,OILINT,,2,2037,,,,,,3.07
InputActivityRatio,B_Opt_IndiaCostsFuel,GLOBAL,PWROILINDNE,OILINT,,2,2038,,,,,,3.07
InputActivityRatio,B_Opt_IndiaCostsFuel,GLOBAL,PWROILINDNE,OILINT,,2,2039,,,,,,3.07
InputActivityRatio,B_Opt_IndiaCostsFuel,GLOBAL,PWROILINDNE,OILINT,,2,2040,,,,,,3.07
InputActivityRatio,B_Opt_IndiaCostsFuel,GLOBAL,PWROILINDNE,OILINT,,2,2041,,,,,,3.07
InputActivityRatio,B_Opt_IndiaCostsFuel,GLOBAL,PWROILINDNE,OILINT,,2,2042,,,,,,3.07
InputActivityRatio,B_Opt_IndiaCostsFuel,GLOBAL,PWROILINDNE,OILINT,,2,2043,,,,,,3.07
InputActivityRatio,B_Opt_IndiaCostsFuel,GLOBAL,PWROILINDNE,OILINT,,2,2044,,,,,,3.07
InputActivityRatio,B_Opt_IndiaCostsFuel,GLOBAL,PWROILINDNE,OILINT,,2,2045,,,,,,3.07
InputActivityRatio,B_Opt_IndiaCostsFuel,GLOBAL,PWROILINDNE,OILINT,,2,2046,,,,,,3.07
InputActivityRatio,B_Opt_IndiaCostsFuel,GLOBAL,PWROILINDNE,OILINT,,2,2047,,,,,,3.07
InputActivityRatio,B_Opt_IndiaCostsFuel,GLOBAL,PWROILINDNE,OILINT,,2,2048,,,,,,3.07
InputActivityRatio,B_Opt_IndiaCostsFuel,GLOBAL,PWROILINDNE,OILINT,,2,2049,,,,,,3.07
InputActivityRatio,B_Opt_IndiaCostsFuel,GLOBAL,PWROILINDNE,OILINT,,2,2050,,,,,,3.07
InputActivityRatio,B_Opt_IndiaCostsFuel,GLOBAL,PWROILINDNO,OILIND,,1,2023,,,,,,2.75
InputActivityRatio,B_Opt_IndiaCostsFuel,GLOBAL,PWROILINDNO,OILIND,,1,2024,,,,,,2.75
InputActivityRatio,B_Opt_IndiaCostsFuel,GLOBAL,PWROILINDNO,OILIND,,1,2025,,,,,,2.75
InputActivityRatio,B_Opt_IndiaCostsFuel,GLOBAL,PWROILINDNO,OILIND,,1,2026,,,,,,2.75
InputActivityRatio,B_Opt_IndiaCostsFuel,GLOBAL,PWROILINDNO,OILIND,,1,2027,,,,,,2.75
InputActivityRatio,B_Opt_IndiaCostsFuel,GLOBAL,PWROILINDNO,OILIND,,1,2028,,,,,,2.75
InputActivityRatio,B_Opt_IndiaCostsFuel,GLOBAL,PWROILINDNO,OILIND,,1,2029,,,,,,2.75
InputActivityRatio,B_Opt_IndiaCostsFuel,GLOBAL,PWROILINDNO,OILIND,,1,2030,,,,,,2.75
InputActivityRatio,B_Opt_IndiaCostsFuel,GLOBAL,PWROILINDNO,OILIND,,1,2031,,,,,,2.75
InputActivityRatio,B_Opt_IndiaCostsFuel,GLOBAL,PWROILINDNO,OILIND,,1,2032,,,,,,2.75
InputActivityRatio,B_Opt_IndiaCostsFuel,GLOBAL,PWROILINDNO,OILIND,,1,2033,,,,,,2.75
InputActivityRatio,B_Opt_IndiaCostsFuel,GLOBAL,PWROILINDNO,OILIND,,1,2034,,,,,,2.75
InputActivityRatio,B_Opt_IndiaCostsFuel,GLOBAL,PWROILINDNO,OILIND,,1,2035,,,,,,2.75
InputActivityRatio,B_Opt_IndiaCostsFuel,GLOBAL,PWROILINDNO,OILIND,,1,2036,,,,,,2.75
InputActivityRatio,B_Opt_IndiaCostsFuel,GLOBAL,PWROILINDNO,OILIND,,1,2037,,,,,,2.75
InputActivityRatio,B_Opt_IndiaCostsFuel,GLOBAL,PWROILINDNO,OILIND,,1,2038,,,,,,2.75
InputActivityRatio,B_Opt_IndiaCostsFuel,GLOBAL,PWROILINDNO,OILIND,,1,2039,,,,,,2.75
InputActivityRatio,B_Opt_IndiaCostsFuel,GLOBAL,PWROILINDNO,OILIND,,1,2040,,,,,,2.75
InputActivityRatio,B_Opt_IndiaCostsFuel,GLOBAL,PWROILINDNO,OILIND,,1,2041,,,,,,2.75
InputActivityRatio,B_Opt_IndiaCostsFuel,GLOBAL,PWROILINDNO,OILIND,,1,2042,,,,,,2.75
InputActivityRatio,B_Opt_IndiaCostsFuel,GLOBAL,PWROILINDNO,OILIND,,1,2043,,,,,,2.75
InputActivityRatio,B_Opt_IndiaCostsFuel,GLOBAL,PWROILINDNO,OILIND,,1,2044,,,,,,2.75
InputActivityRatio,B_Opt_IndiaCostsFuel,GLOBAL,PWROILINDNO,OILIND,,1,2045,,,,,,2.75
InputActivityRatio,B_Opt_IndiaCostsFuel,GLOBAL,PWROILINDNO,OILIND,,1,2046,,,,,,2.75
InputActivityRatio,B_Opt_IndiaCostsFuel,GLOBAL,PWROILINDNO,OILIND,,1,2047,,,,,,2.75
InputActivityRatio,B_Opt_IndiaCostsFuel,GLOBAL,PWROILINDNO,OILIND,,1,2048,,,,,,2.75
InputActivityRatio,B_Opt_IndiaCostsFuel,GLOBAL,PWROILINDNO,OILIND,,1,2049,,,,,,2.75
InputActivityRatio,B_Opt_IndiaCostsFuel,GLOBAL,PWROILINDNO,OILIND,,1,2050,,,,,,2.75
InputActivityRatio,B_Opt_IndiaCostsFuel,GLOBAL,PWROILINDNO,OILINT,,2,2023,,,,,,2.75
InputActivityRatio,B_Opt_IndiaCostsFuel,GLOBAL,PWROILINDNO,OILINT,,2,2024,,,,,,2.75
InputActivityRatio,B_Opt_IndiaCostsFuel,GLOBAL,PWROILINDNO,OILINT,,2,2025,,,,,,2.75
InputActivityRatio,B_Opt_IndiaCostsFuel,GLOBAL,PWROILINDNO,OILINT,,2,2026,,,,,,2.75
InputActivityRatio,B_Opt_IndiaCostsFuel,GLOBAL,PWROILINDNO,OILINT,,2,2027,,,,,,2.75
InputActivityRatio,B_Opt_IndiaCostsFuel,GLOBAL,PWROILINDNO,OILINT,,2,2028,,,,,,2.75
InputActivityRatio,B_Opt_IndiaCostsFuel,GLOBAL,PWROILINDNO,OILINT,,2,2029,,,,,,2.75
InputActivityRatio,B_Opt_IndiaCostsFuel,GLOBAL,PWROILINDNO,OILINT,,2,2030,,,,,,2.75
InputActivityRatio,B_Opt_IndiaCostsFuel,GLOBAL,PWROILINDNO,OILINT,,2,2031,,,,,,2.75
InputActivityRatio,B_Opt_IndiaCostsFuel,GLOBAL,PWROILINDNO,OILINT,,2,2032,,,,,,2.75
InputActivityRatio,B_Opt_IndiaCostsFuel,GLOBAL,PWROILINDNO,OILINT,,2,2033,,,,,,2.75
InputActivityRatio,B_Opt_IndiaCostsFuel,GLOBAL,PWROILINDNO,OILINT,,2,2034,,,,,,2.75
InputActivityRatio,B_Opt_IndiaCostsFuel,GLOBAL,PWROILINDNO,OILINT,,2,2035,,,,,,2.75
InputActivityRatio,B_Opt_IndiaCostsFuel,GLOBAL,PWROILINDNO,OILINT,,2,2036,,,,,,2.75
InputActivityRatio,B_Opt_IndiaCostsFuel,GLOBAL,PWROILINDNO,OILINT,,2,2037,,,,,,2.75
InputActivityRatio,B_Opt_IndiaCostsFuel,GLOBAL,PWROILINDNO,OILINT,,2,2038,,,,,,2.75
InputActivityRatio,B_Opt_IndiaCostsFuel,GLOBAL,PWROILINDNO,OILINT,,2,2039,,,,,,2.75
InputActivityRatio,B_Opt_IndiaCostsFuel,GLOBAL,PWROILINDNO,OILINT,,2,2040,,,,,,2.75
InputActivityRatio,B_Opt_IndiaCostsFuel,GLOBAL,PWROILINDNO,OILINT,,2,2041,,,,,,2.75
InputActivityRatio,B_Opt_IndiaCostsFuel,GLOBAL,PWROILINDNO,OILINT,,2,2042,,,,,,2.75
InputActivityRatio,B_Opt_IndiaCostsFuel,GLOBAL,PWROILINDNO,OILINT,,2,2043,,,,,,2.75
InputActivityRatio,B_Opt_IndiaCostsFuel,GLOBAL,PWROILINDNO,OILINT,,2,2044,,,,,,2.75
InputActivityRatio,B_Opt_IndiaCostsFuel,GLOBAL,PWROILINDNO,OILINT,,2,2045,,,,,,2.75
InputActivityRatio,B_Opt_IndiaCostsFuel,GLOBAL,PWROILINDNO,OILINT,,2,2046,,,,,,2.75
InputActivityRatio,B_Opt_IndiaCostsFuel,GLOBAL,PWROILINDNO,OILINT,,2,2047,,,,,,2.75
InputActivityRatio,B_Opt_IndiaCostsFuel,GLOBAL,PWROILINDNO,OILINT,,2,2048,,,,,,2.75
InputActivityRatio,B_Opt_IndiaCostsFuel,GLOBAL,PWROILINDNO,OILINT,,2,2049,,,,,,2.75
InputActivityRatio,B_Opt_IndiaCostsFuel,GLOBAL,PWROILINDNO,OILINT,,2,2050,,,,,,2.75
InputActivityRatio,B_Opt_IndiaCostsFuel,GLOBAL,PWROILINDSO,OILIND,,1,2023,,,,,,2.82
InputActivityRatio,B_Opt_IndiaCostsFuel,GLOBAL,PWROILINDSO,OILIND,,1,2024,,,,,,2.82
InputActivityRatio,B_Opt_IndiaCostsFuel,GLOBAL,PWROILINDSO,OILIND,,1,2025,,,,,,2.82
InputActivityRatio,B_Opt_IndiaCostsFuel,GLOBAL,PWROILINDSO,OILIND,,1,2026,,,,,,2.82
InputActivityRatio,B_Opt_IndiaCostsFuel,GLOBAL,PWROILINDSO,OILIND,,1,2027,,,,,,2.82
InputActivityRatio,B_Opt_IndiaCostsFuel,GLOBAL,PWROILINDSO,OILIND,,1,2028,,,,,,2.82
InputActivityRatio,B_Opt_IndiaCostsFuel,GLOBAL,PWROILINDSO,OILIND,,1,2029,,,,,,2.82
InputActivityRatio,B_Opt_IndiaCostsFuel,GLOBAL,PWROILINDSO,OILIND,,1,2030,,,,,,2.82
InputActivityRatio,B_Opt_IndiaCostsFuel,GLOBAL,PWROILINDSO,OILIND,,1,2031,,,,,,2.82
InputActivityRatio,B_Opt_IndiaCostsFuel,GLOBAL,PWROILINDSO,OILIND,,1,2032,,,,,,2.82
InputActivityRatio,B_Opt_IndiaCostsFuel,GLOBAL,PWROILINDSO,OILIND,,1,2033,,,,,,2.82
InputActivityRatio,B_Opt_IndiaCostsFuel,GLOBAL,PWROILINDSO,OILIND,,1,2034,,,,,,2.82
InputActivityRatio,B_Opt_IndiaCostsFuel,GLOBAL,PWROILINDSO,OILIND,,1,2035,,,,,,2.82
InputActivityRatio,B_Opt_IndiaCostsFuel,GLOBAL,PWROILINDSO,OILIND,,1,2036,,,,,,2.82
InputActivityRatio,B_Opt_IndiaCostsFuel,GLOBAL,PWROILINDSO,OILIND,,1,2037,,,,,,2.82
InputActivityRatio,B_Opt_IndiaCostsFuel,GLOBAL,PWROILINDSO,OILIND,,1,2038,,,,,,2.82
InputActivityRatio,B_Opt_IndiaCostsFuel,GLOBAL,PWROILINDSO,OILIND,,1,2039,,,,,,2.82
InputActivityRatio,B_Opt_IndiaCostsFuel,GLOBAL,PWROILINDSO,OILIND,,1,2040,,,,,,2.82
InputActivityRatio,B_Opt_IndiaCostsFuel,GLOBAL,PWROILINDSO,OILIND,,1,2041,,,,,,2.82
InputActivityRatio,B_Opt_IndiaCostsFuel,GLOBAL,PWROILINDSO,OILIND,,1,2042,,,,,,2.82
InputActivityRatio,B_Opt_IndiaCostsFuel,GLOBAL,PWROILINDSO,OILIND,,1,2043,,,,,,2.82
InputActivityRatio,B_Opt_IndiaCostsFuel,GLOBAL,PWROILINDSO,OILIND,,1,2044,,,,,,2.82
InputActivityRatio,B_Opt_IndiaCostsFuel,GLOBAL,PWROILINDSO,OILIND,,1,2045,,,,,,2.82
InputActivityRatio,B_Opt_IndiaCostsFuel,GLOBAL,PWROILINDSO,OILIND,,1,2046,,,,,,2.82
InputActivityRatio,B_Opt_IndiaCostsFuel,GLOBAL,PWROILINDSO,OILIND,,1,2047,,,,,,2.82
InputActivityRatio,B_Opt_IndiaCostsFuel,GLOBAL,PWROILINDSO,OILIND,,1,2048,,,,,,2.82
InputActivityRatio,B_Opt_IndiaCostsFuel,GLOBAL,PWROILINDSO,OILIND,,1,2049,,,,,,2.82
InputActivityRatio,B_Opt_IndiaCostsFuel,GLOBAL,PWROILINDSO,OILIND,,1,2050,,,,,,2.82
InputActivityRatio,B_Opt_IndiaCostsFuel,GLOBAL,PWROILINDSO,OILINT,,2,2023,,,,,,2.82
InputActivityRatio,B_Opt_IndiaCostsFuel,GLOBAL,PWROILINDSO,OILINT,,2,2024,,,,,,2.82
InputActivityRatio,B_Opt_IndiaCostsFuel,GLOBAL,PWROILINDSO,OILINT,,2,2025,,,,,,2.82
InputActivityRatio,B_Opt_IndiaCostsFuel,GLOBAL,PWROILINDSO,OILINT,,2,2026,,,,,,2.82
InputActivityRatio,B_Opt_IndiaCostsFuel,GLOBAL,PWROILINDSO,OILINT,,2,2027,,,,,,2.82
InputActivityRatio,B_Opt_IndiaCostsFuel,GLOBAL,PWROILINDSO,OILINT,,2,2028,,,,,,2.82
InputActivityRatio,B_Opt_IndiaCostsFuel,GLOBAL,PWROILINDSO,OILINT,,2,2029,,,,,,2.82
InputActivityRatio,B_Opt_IndiaCostsFuel,GLOBAL,PWROILINDSO,OILINT,,2,2030,,,,,,2.82
InputActivityRatio,B_Opt_IndiaCostsFuel,GLOBAL,PWROILINDSO,OILINT,,2,2031,,,,,,2.82
InputActivityRatio,B_Opt_IndiaCostsFuel,GLOBAL,PWROILINDSO,OILINT,,2,2032,,,,,,2.82
InputActivityRatio,B_Opt_IndiaCostsFuel,GLOBAL,PWROILINDSO,OILINT,,2,2033,,,,,,2.82
InputActivityRatio,B_Opt_IndiaCostsFuel,GLOBAL,PWROILINDSO,OILINT,,2,2034,,,,,,2.82
InputActivityRatio,B_Opt_IndiaCostsFuel,GLOBAL,PWROILINDSO,OILINT,,2,2035,,,,,,2.82
InputActivityRatio,B_Opt_IndiaCostsFuel,GLOBAL,PWROILINDSO,OILINT,,2,2036,,,,,,2.82
InputActivityRatio,B_Opt_IndiaCostsFuel,GLOBAL,PWROILINDSO,OILINT,,2,2037,,,,,,2.82
InputActivityRatio,B_Opt_IndiaCostsFuel,GLOBAL,PWROILINDSO,OILINT,,2,2038,,,,,,2.82
InputActivityRatio,B_Opt_IndiaCostsFuel,GLOBAL,PWROILINDSO,OILINT,,2,2039,,,,,,2.82
InputActivityRatio,B_Opt_IndiaCostsFuel,GLOBAL,PWROILINDSO,OILINT,,2,2040,,,,,,2.82
InputActivityRatio,B_Opt_IndiaCostsFuel,GLOBAL,PWROILINDSO,OILINT,,2,2041,,,,,,2.82
InputActivityRatio,B_Opt_IndiaCostsFuel,GLOBAL,PWROILINDSO,OILINT,,2,2042,,,,,,2.82
InputActivityRatio,B_Opt_IndiaCostsFuel,GLOBAL,PWROILINDSO,OILINT,,2,2043,,,,,,2.82
InputActivityRatio,B_Opt_IndiaCostsFuel,GLOBAL,PWROILINDSO,OILINT,,2,2044,,,,,,2.82
InputActivityRatio,B_Opt_IndiaCostsFuel,GLOBAL,PWROILINDSO,OILINT,,2,2045,,,,,,2.82
InputActivityRatio,B_Opt_IndiaCostsFuel,GLOBAL,PWROILINDSO,OILINT,,2,2046,,,,,,2.82
InputActivityRatio,B_Opt_IndiaCostsFuel,GLOBAL,PWROILINDSO,OILINT,,2,2047,,,,,,2.82
InputActivityRatio,B_Opt_IndiaCostsFuel,GLOBAL,PWROILINDSO,OILINT,,2,2048,,,,,,2.82
InputActivityRatio,B_Opt_IndiaCostsFuel,GLOBAL,PWROILINDSO,OILINT,,2,2049,,,,,,2.82
InputActivityRatio,B_Opt_IndiaCostsFuel,GLOBAL,PWROILINDSO,OILINT,,2,2050,,,,,,2.82
InputActivityRatio,B_Opt_IndiaCostsFuel,GLOBAL,PWROILINDWE,OILIND,,1,2023,,,,,,2.93
InputActivityRatio,B_Opt_IndiaCostsFuel,GLOBAL,PWROILINDWE,OILIND,,1,2024,,,,,,2.93
InputActivityRatio,B_Opt_IndiaCostsFuel,GLOBAL,PWROILINDWE,OILIND,,1,2025,,,,,,2.93
InputActivityRatio,B_Opt_IndiaCostsFuel,GLOBAL,PWROILINDWE,OILIND,,1,2026,,,,,,2.93
InputActivityRatio,B_Opt_IndiaCostsFuel,GLOBAL,PWROILINDWE,OILIND,,1,2027,,,,,,2.93
InputActivityRatio,B_Opt_IndiaCostsFuel,GLOBAL,PWROILINDWE,OILIND,,1,2028,,,,,,2.93
InputActivityRatio,B_Opt_IndiaCostsFuel,GLOBAL,PWROILINDWE,OILIND,,1,2029,,,,,,2.93
InputActivityRatio,B_Opt_IndiaCostsFuel,GLOBAL,PWROILINDWE,OILIND,,1,2030,,,,,,2.93
InputActivityRatio,B_Opt_IndiaCostsFuel,GLOBAL,PWROILINDWE,OILIND,,1,2031,,,,,,2.93
InputActivityRatio,B_Opt_IndiaCostsFuel,GLOBAL,PWROILINDWE,OILIND,,1,2032,,,,,,2.93
InputActivityRatio,B_Opt_IndiaCostsFuel,GLOBAL,PWROILINDWE,OILIND,,1,2033,,,,,,2.93
InputActivityRatio,B_Opt_IndiaCostsFuel,GLOBAL,PWROILINDWE,OILIND,,1,2034,,,,,,2.93
InputActivityRatio,B_Opt_IndiaCostsFuel,GLOBAL,PWROILINDWE,OILIND,,1,2035,,,,,,2.93
InputActivityRatio,B_Opt_IndiaCostsFuel,GLOBAL,PWROILINDWE,OILIND,,1,2036,,,,,,2.93
InputActivityRatio,B_Opt_IndiaCostsFuel,GLOBAL,PWROILINDWE,OILIND,,1,2037,,,,,,2.93
InputActivityRatio,B_Opt_IndiaCostsFuel,GLOBAL,PWROILINDWE,OILIND,,1,2038,,,,,,2.93
InputActivityRatio,B_Opt_IndiaCostsFuel,GLOBAL,PWROILINDWE,OILIND,,1,2039,,,,,,2.93
InputActivityRatio,B_Opt_IndiaCostsFuel,GLOBAL,PWROILINDWE,OILIND,,1,2040,,,,,,2.93
InputActivityRatio,B_Opt_IndiaCostsFuel,GLOBAL,PWROILINDWE,OILIND,,1,2041,,,,,,2.93
InputActivityRatio,B_Opt_IndiaCostsFuel,GLOBAL,PWROILINDWE,OILIND,,1,2042,,,,,,2.93
InputActivityRatio,B_Opt_IndiaCostsFuel,GLOBAL,PWROILINDWE,OILIND,,1,2043,,,,,,2.93
InputActivityRatio,B_Opt_IndiaCostsFuel,GLOBAL,PWROILINDWE,OILIND,,1,2044,,,,,,2.93
InputActivityRatio,B_Opt_IndiaCostsFuel,GLOBAL,PWROILINDWE,OILIND,,1,2045,,,,,,2.93
InputActivityRatio,B_Opt_IndiaCostsFuel,GLOBAL,PWROILINDWE,OILIND,,1,2046,,,,,,2.93
InputActivityRatio,B_Opt_IndiaCostsFuel,GLOBAL,PWROILINDWE,OILIND,,1,2047,,,,,,2.93
InputActivityRatio,B_Opt_IndiaCostsFuel,GLOBAL,PWROILINDWE,OILIND,,1,2048,,,,,,2.93
InputActivityRatio,B_Opt_IndiaCostsFuel,GLOBAL,PWROILINDWE,OILIND,,1,2049,,,,,,2.93
InputActivityRatio,B_Opt_IndiaCostsFuel,GLOBAL,PWROILINDWE,OILIND,,1,2050,,,,,,2.93
InputActivityRatio,B_Opt_IndiaCostsFuel,GLOBAL,PWROILINDWE,OILINT,,2,2023,,,,,,2.93
InputActivityRatio,B_Opt_IndiaCostsFuel,GLOBAL,PWROILINDWE,OILINT,,2,2024,,,,,,2.93
InputActivityRatio,B_Opt_IndiaCostsFuel,GLOBAL,PWROILINDWE,OILINT,,2,2025,,,,,,2.93
InputActivityRatio,B_Opt_IndiaCostsFuel,GLOBAL,PWROILINDWE,OILINT,,2,2026,,,,,,2.93
InputActivityRatio,B_Opt_IndiaCostsFuel,GLOBAL,PWROILINDWE,OILINT,,2,2027,,,,,,2.93
InputActivityRatio,B_Opt_IndiaCostsFuel,GLOBAL,PWROILINDWE,OILINT,,2,2028,,,,,,2.93
InputActivityRatio,B_Opt_IndiaCostsFuel,GLOBAL,PWROILINDWE,OILINT,,2,2029,,,,,,2.93
InputActivityRatio,B_Opt_IndiaCostsFuel,GLOBAL,PWROILINDWE,OILINT,,2,2030,,,,,,2.93
InputActivityRatio,B_Opt_IndiaCostsFuel,GLOBAL,PWROILINDWE,OILINT,,2,2031,,,,,,2.93
InputActivityRatio,B_Opt_IndiaCostsFuel,GLOBAL,PWROILINDWE,OILINT,,2,2032,,,,,,2.93
InputActivityRatio,B_Opt_IndiaCostsFuel,GLOBAL,PWROILINDWE,OILINT,,2,2033,,,,,,2.93
InputActivityRatio,B_Opt_IndiaCostsFuel,GLOBAL,PWROILINDWE,OILINT,,2,2034,,,,,,2.93
InputActivityRatio,B_Opt_IndiaCostsFuel,GLOBAL,PWROILINDWE,OILINT,,2,2035,,,,,,2.93
InputActivityRatio,B_Opt_IndiaCostsFuel,GLOBAL,PWROILINDWE,OILINT,,2,2036,,,,,,2.93
InputActivityRatio,B_Opt_IndiaCostsFuel,GLOBAL,PWROILINDWE,OILINT,,2,2037,,,,,,2.93
InputActivityRatio,B_Opt_IndiaCostsFuel,GLOBAL,PWROILINDWE,OILINT,,2,2038,,,,,,2.93
InputActivityRatio,B_Opt_IndiaCostsFuel,GLOBAL,PWROILINDWE,OILINT,,2,2039,,,,,,2.93
InputActivityRatio,B_Opt_IndiaCostsFuel,GLOBAL,PWROILINDWE,OILINT,,2,2040,,,,,,2.93
InputActivityRatio,B_Opt_IndiaCostsFuel,GLOBAL,PWROILINDWE,OILINT,,2,2041,,,,,,2.93
InputActivityRatio,B_Opt_IndiaCostsFuel,GLOBAL,PWROILINDWE,OILINT,,2,2042,,,,,,2.93
InputActivityRatio,B_Opt_IndiaCostsFuel,GLOBAL,PWROILINDWE,OILINT,,2,2043,,,,,,2.93
InputActivityRatio,B_Opt_IndiaCostsFuel,GLOBAL,PWROILINDWE,OILINT,,2,2044,,,,,,2.93
InputActivityRatio,B_Opt_IndiaCostsFuel,GLOBAL,PWROILINDWE,OILINT,,2,2045,,,,,,2.93
InputActivityRatio,B_Opt_IndiaCostsFuel,GLOBAL,PWROILINDWE,OILINT,,2,2046,,,,,,2.93
InputActivityRatio,B_Opt_IndiaCostsFuel,GLOBAL,PWROILINDWE,OILINT,,2,2047,,,,,,2.93
InputActivityRatio,B_Opt_IndiaCostsFuel,GLOBAL,PWROILINDWE,OILINT,,2,2048,,,,,,2.93
InputActivityRatio,B_Opt_IndiaCostsFuel,GLOBAL,PWROILINDWE,OILINT,,2,2049,,,,,,2.93
InputActivityRatio,B_Opt_IndiaCostsFuel,GLOBAL,PWROILINDWE,OILINT,,2,2050,,,,,,2.93
InputActivityRatio,B_Opt_IndiaCostsFuel,GLOBAL,PWROILLKAXX,OILLKA,,1,2023,,,,,,2.91
InputActivityRatio,B_Opt_IndiaCostsFuel,GLOBAL,PWROILLKAXX,OILLKA,,1,2024,,,,,,2.91
InputActivityRatio,B_Opt_IndiaCostsFuel,GLOBAL,PWROILLKAXX,OILLKA,,1,2025,,,,,,2.91
InputActivityRatio,B_Opt_IndiaCostsFuel,GLOBAL,PWROILLKAXX,OILLKA,,1,2026,,,,,,2.91
InputActivityRatio,B_Opt_IndiaCostsFuel,GLOBAL,PWROILLKAXX,OILLKA,,1,2027,,,,,,2.91
InputActivityRatio,B_Opt_IndiaCostsFuel,GLOBAL,PWROILLKAXX,OILLKA,,1,2028,,,,,,2.91
InputActivityRatio,B_Opt_IndiaCostsFuel,GLOBAL,PWROILLKAXX,OILLKA,,1,2029,,,,,,2.91
InputActivityRatio,B_Opt_IndiaCostsFuel,GLOBAL,PWROILLKAXX,OILLKA,,1,2030,,,,,,2.91
InputActivityRatio,B_Opt_IndiaCostsFuel,GLOBAL,PWROILLKAXX,OILLKA,,1,2031,,,,,,2.91
InputActivityRatio,B_Opt_IndiaCostsFuel,GLOBAL,PWROILLKAXX,OILLKA,,1,2032,,,,,,2.91
InputActivityRatio,B_Opt_IndiaCostsFuel,GLOBAL,PWROILLKAXX,OILLKA,,1,2033,,,,,,2.91
InputActivityRatio,B_Opt_IndiaCostsFuel,GLOBAL,PWROILLKAXX,OILLKA,,1,2034,,,,,,2.91
InputActivityRatio,B_Opt_IndiaCostsFuel,GLOBAL,PWROILLKAXX,OILLKA,,1,2035,,,,,,2.91
InputActivityRatio,B_Opt_IndiaCostsFuel,GLOBAL,PWROILLKAXX,OILLKA,,1,2036,,,,,,2.91
InputActivityRatio,B_Opt_IndiaCostsFuel,GLOBAL,PWROILLKAXX,OILLKA,,1,2037,,,,,,2.91
InputActivityRatio,B_Opt_IndiaCostsFuel,GLOBAL,PWROILLKAXX,OILLKA,,1,2038,,,,,,2.91
InputActivityRatio,B_Opt_IndiaCostsFuel,GLOBAL,PWROILLKAXX,OILLKA,,1,2039,,,,,,2.91
InputActivityRatio,B_Opt_IndiaCostsFuel,GLOBAL,PWROILLKAXX,OILLKA,,1,2040,,,,,,2.91
InputActivityRatio,B_Opt_IndiaCostsFuel,GLOBAL,PWROILLKAXX,OILLKA,,1,2041,,,,,,2.91
InputActivityRatio,B_Opt_IndiaCostsFuel,GLOBAL,PWROILLKAXX,OILLKA,,1,2042,,,,,,2.91
InputActivityRatio,B_Opt_IndiaCostsFuel,GLOBAL,PWROILLKAXX,OILLKA,,1,2043,,,,,,2.91
InputActivityRatio,B_Opt_IndiaCostsFuel,GLOBAL,PWROILLKAXX,OILLKA,,1,2044,,,,,,2.91
InputActivityRatio,B_Opt_IndiaCostsFuel,GLOBAL,PWROILLKAXX,OILLKA,,1,2045,,,,,,2.91
InputActivityRatio,B_Opt_IndiaCostsFuel,GLOBAL,PWROILLKAXX,OILLKA,,1,2046,,,,,,2.91
InputActivityRatio,B_Opt_IndiaCostsFuel,GLOBAL,PWROILLKAXX,OILLKA,,1,2047,,,,,,2.91
InputActivityRatio,B_Opt_IndiaCostsFuel,GLOBAL,PWROILLKAXX,OILLKA,,1,2048,,,,,,2.91
InputActivityRatio,B_Opt_IndiaCostsFuel,GLOBAL,PWROILLKAXX,OILLKA,,1,2049,,,,,,2.91
InputActivityRatio,B_Opt_IndiaCostsFuel,GLOBAL,PWROILLKAXX,OILLKA,,1,2050,,,,,,2.91
InputActivityRatio,B_Opt_IndiaCostsFuel,GLOBAL,PWROILLKAXX,OILINT,,2,2023,,,,,,2.91
InputActivityRatio,B_Opt_IndiaCostsFuel,GLOBAL,PWROILLKAXX,OILINT,,2,2024,,,,,,2.91
InputActivityRatio,B_Opt_IndiaCostsFuel,GLOBAL,PWROILLKAXX,OILINT,,2,2025,,,,,,2.91
InputActivityRatio,B_Opt_IndiaCostsFuel,GLOBAL,PWROILLKAXX,OILINT,,2,2026,,,,,,2.91
InputActivityRatio,B_Opt_IndiaCostsFuel,GLOBAL,PWROILLKAXX,OILINT,,2,2027,,,,,,2.91
InputActivityRatio,B_Opt_IndiaCostsFuel,GLOBAL,PWROILLKAXX,OILINT,,2,2028,,,,,,2.91
InputActivityRatio,B_Opt_IndiaCostsFuel,GLOBAL,PWROILLKAXX,OILINT,,2,2029,,,,,,2.91
InputActivityRatio,B_Opt_IndiaCostsFuel,GLOBAL,PWROILLKAXX,OILINT,,2,2030,,,,,,2.91
InputActivityRatio,B_Opt_IndiaCostsFuel,GLOBAL,PWROILLKAXX,OILINT,,2,2031,,,,,,2.91
InputActivityRatio,B_Opt_IndiaCostsFuel,GLOBAL,PWROILLKAXX,OILINT,,2,2032,,,,,,2.91
InputActivityRatio,B_Opt_IndiaCostsFuel,GLOBAL,PWROILLKAXX,OILINT,,2,2033,,,,,,2.91
InputActivityRatio,B_Opt_IndiaCostsFuel,GLOBAL,PWROILLKAXX,OILINT,,2,2034,,,,,,2.91
InputActivityRatio,B_Opt_IndiaCostsFuel,GLOBAL,PWROILLKAXX,OILINT,,2,2035,,,,,,2.91
InputActivityRatio,B_Opt_IndiaCostsFuel,GLOBAL,PWROILLKAXX,OILINT,,2,2036,,,,,,2.91
InputActivityRatio,B_Opt_IndiaCostsFuel,GLOBAL,PWROILLKAXX,OILINT,,2,2037,,,,,,2.91
InputActivityRatio,B_Opt_IndiaCostsFuel,GLOBAL,PWROILLKAXX,OILINT,,2,2038,,,,,,2.91
InputActivityRatio,B_Opt_IndiaCostsFuel,GLOBAL,PWROILLKAXX,OILINT,,2,2039,,,,,,2.91
InputActivityRatio,B_Opt_IndiaCostsFuel,GLOBAL,PWROILLKAXX,OILINT,,2,2040,,,,,,2.91
InputActivityRatio,B_Opt_IndiaCostsFuel,GLOBAL,PWROILLKAXX,OILINT,,2,2041,,,,,,2.91
InputActivityRatio,B_Opt_IndiaCostsFuel,GLOBAL,PWROILLKAXX,OILINT,,2,2042,,,,,,2.91
InputActivityRatio,B_Opt_IndiaCostsFuel,GLOBAL,PWROILLKAXX,OILINT,,2,2043,,,,,,2.91
InputActivityRatio,B_Opt_IndiaCostsFuel,GLOBAL,PWROILLKAXX,OILINT,,2,2044,,,,,,2.91
InputActivityRatio,B_Opt_IndiaCostsFuel,GLOBAL,PWROILLKAXX,OILINT,,2,2045,,,,,,2.91
InputActivityRatio,B_Opt_IndiaCostsFuel,GLOBAL,PWROILLKAXX,OILINT,,2,2046,,,,,,2.91
InputActivityRatio,B_Opt_IndiaCostsFuel,GLOBAL,PWROILLKAXX,OILINT,,2,2047,,,,,,2.91
InputActivityRatio,B_Opt_IndiaCostsFuel,GLOBAL,PWROILLKAXX,OILINT,,2,2048,,,,,,2.91
InputActivityRatio,B_Opt_IndiaCostsFuel,GLOBAL,PWROILLKAXX,OILINT,,2,2049,,,,,,2.91
InputActivityRatio,B_Opt_IndiaCostsFuel,GLOBAL,PWROILLKAXX,OILINT,,2,2050,,,,,,2.91
InputActivityRatio,B_Opt_IndiaCostsFuel,GLOBAL,PWROTHBGDXX,OTHBGD,,1,2023,,,,,,1.0
InputActivityRatio,B_Opt_IndiaCostsFuel,GLOBAL,PWROTHBGDXX,OTHBGD,,1,2024,,,,,,1.0
InputActivityRatio,B_Opt_IndiaCostsFuel,GLOBAL,PWROTHBGDXX,OTHBGD,,1,2025,,,,,,1.0
InputActivityRatio,B_Opt_IndiaCostsFuel,GLOBAL,PWROTHBGDXX,OTHBGD,,1,2026,,,,,,1.0
InputActivityRatio,B_Opt_IndiaCostsFuel,GLOBAL,PWROTHBGDXX,OTHBGD,,1,2027,,,,,,1.0
InputActivityRatio,B_Opt_IndiaCostsFuel,GLOBAL,PWROTHBGDXX,OTHBGD,,1,2028,,,,,,1.0
InputActivityRatio,B_Opt_IndiaCostsFuel,GLOBAL,PWROTHBGDXX,OTHBGD,,1,2029,,,,,,1.0
InputActivityRatio,B_Opt_IndiaCostsFuel,GLOBAL,PWROTHBGDXX,OTHBGD,,1,2030,,,,,,1.0
InputActivityRatio,B_Opt_IndiaCostsFuel,GLOBAL,PWROTHBGDXX,OTHBGD,,1,2031,,,,,,1.0
InputActivityRatio,B_Opt_IndiaCostsFuel,GLOBAL,PWROTHBGDXX,OTHBGD,,1,2032,,,,,,1.0
InputActivityRatio,B_Opt_IndiaCostsFuel,GLOBAL,PWROTHBGDXX,OTHBGD,,1,2033,,,,,,1.0
InputActivityRatio,B_Opt_IndiaCostsFuel,GLOBAL,PWROTHBGDXX,OTHBGD,,1,2034,,,,,,1.0
InputActivityRatio,B_Opt_IndiaCostsFuel,GLOBAL,PWROTHBGDXX,OTHBGD,,1,2035,,,,,,1.0
InputActivityRatio,B_Opt_IndiaCostsFuel,GLOBAL,PWROTHBGDXX,OTHBGD,,1,2036,,,,,,1.0
InputActivityRatio,B_Opt_IndiaCostsFuel,GLOBAL,PWROTHBGDXX,OTHBGD,,1,2037,,,,,,1.0
InputActivityRatio,B_Opt_IndiaCostsFuel,GLOBAL,PWROTHBGDXX,OTHBGD,,1,2038,,,,,,1.0
InputActivityRatio,B_Opt_IndiaCostsFuel,GLOBAL,PWROTHBGDXX,OTHBGD,,1,2039,,,,,,1.0
InputActivityRatio,B_Opt_IndiaCostsFuel,GLOBAL,PWROTHBGDXX,OTHBGD,,1,2040,,,,,,1.0
InputActivityRatio,B_Opt_IndiaCostsFuel,GLOBAL,PWROTHBGDXX,OTHBGD,,1,2041,,,,,,1.0
InputActivityRatio,B_Opt_IndiaCostsFuel,GLOBAL,PWROTHBGDXX,OTHBGD,,1,2042,,,,,,1.0
InputActivityRatio,B_Opt_IndiaCostsFuel,GLOBAL,PWROTHBGDXX,OTHBGD,,1,2043,,,,,,1.0
InputActivityRatio,B_Opt_IndiaCostsFuel,GLOBAL,PWROTHBGDXX,OTHBGD,,1,2044,,,,,,1.0
InputActivityRatio,B_Opt_IndiaCostsFuel,GLOBAL,PWROTHBGDXX,OTHBGD,,1,2045,,,,,,1.0
InputActivityRatio,B_Opt_IndiaCostsFuel,GLOBAL,PWROTHBGDXX,OTHBGD,,1,2046,,,,,,1.0
InputActivityRatio,B_Opt_IndiaCostsFuel,GLOBAL,PWROTHBGDXX,OTHBGD,,1,2047,,,,,,1.0
InputActivityRatio,B_Opt_IndiaCostsFuel,GLOBAL,PWROTHBGDXX,OTHBGD,,1,2048,,,,,,1.0
InputActivityRatio,B_Opt_IndiaCostsFuel,GLOBAL,PWROTHBGDXX,OTHBGD,,1,2049,,,,,,1.0
InputActivityRatio,B_Opt_IndiaCostsFuel,GLOBAL,PWROTHBGDXX,OTHBGD,,1,2050,,,,,,1.0
InputActivityRatio,B_Opt_IndiaCostsFuel,GLOBAL,PWROTHBGDXX,OTHINT,,2,2023,,,,,,1.0
InputActivityRatio,B_Opt_IndiaCostsFuel,GLOBAL,PWROTHBGDXX,OTHINT,,2,2024,,,,,,1.0
InputActivityRatio,B_Opt_IndiaCostsFuel,GLOBAL,PWROTHBGDXX,OTHINT,,2,2025,,,,,,1.0
InputActivityRatio,B_Opt_IndiaCostsFuel,GLOBAL,PWROTHBGDXX,OTHINT,,2,2026,,,,,,1.0
InputActivityRatio,B_Opt_IndiaCostsFuel,GLOBAL,PWROTHBGDXX,OTHINT,,2,2027,,,,,,1.0
InputActivityRatio,B_Opt_IndiaCostsFuel,GLOBAL,PWROTHBGDXX,OTHINT,,2,2028,,,,,,1.0
InputActivityRatio,B_Opt_IndiaCostsFuel,GLOBAL,PWROTHBGDXX,OTHINT,,2,2029,,,,,,1.0
InputActivityRatio,B_Opt_IndiaCostsFuel,GLOBAL,PWROTHBGDXX,OTHINT,,2,2030,,,,,,1.0
InputActivityRatio,B_Opt_IndiaCostsFuel,GLOBAL,PWROTHBGDXX,OTHINT,,2,2031,,,,,,1.0
InputActivityRatio,B_Opt_IndiaCostsFuel,GLOBAL,PWROTHBGDXX,OTHINT,,2,2032,,,,,,1.0
InputActivityRatio,B_Opt_IndiaCostsFuel,GLOBAL,PWROTHBGDXX,OTHINT,,2,2033,,,,,,1.0
InputActivityRatio,B_Opt_IndiaCostsFuel,GLOBAL,PWROTHBGDXX,OTHINT,,2,2034,,,,,,1.0
InputActivityRatio,B_Opt_IndiaCostsFuel,GLOBAL,PWROTHBGDXX,OTHINT,,2,2035,,,,,,1.0
InputActivityRatio,B_Opt_IndiaCostsFuel,GLOBAL,PWROTHBGDXX,OTHINT,,2,2036,,,,,,1.0
InputActivityRatio,B_Opt_IndiaCostsFuel,GLOBAL,PWROTHBGDXX,OTHINT,,2,2037,,,,,,1.0
InputActivityRatio,B_Opt_IndiaCostsFuel,GLOBAL,PWROTHBGDXX,OTHINT,,2,2038,,,,,,1.0
InputActivityRatio,B_Opt_IndiaCostsFuel,GLOBAL,PWROTHBGDXX,OTHINT,,2,2039,,,,,,1.0
InputActivityRatio,B_Opt_IndiaCostsFuel,GLOBAL,PWROTHBGDXX,OTHINT,,2,2040,,,,,,1.0
InputActivityRatio,B_Opt_IndiaCostsFuel,GLOBAL,PWROTHBGDXX,OTHINT,,2,2041,,,,,,1.0
InputActivityRatio,B_Opt_IndiaCostsFuel,GLOBAL,PWROTHBGDXX,OTHINT,,2,2042,,,,,,1.0
InputActivityRatio,B_Opt_IndiaCostsFuel,GLOBAL,PWROTHBGDXX,OTHINT,,2,2043,,,,,,1.0
InputActivityRatio,B_Opt_IndiaCostsFuel,GLOBAL,PWROTHBGDXX,OTHINT,,2,2044,,,,,,1.0
InputActivityRatio,B_Opt_IndiaCostsFuel,GLOBAL,PWROTHBGDXX,OTHINT,,2,2045,,,,,,1.0
InputActivityRatio,B_Opt_IndiaCostsFuel,GLOBAL,PWROTHBGDXX,OTHINT,,2,2046,,,,,,1.0
InputActivityRatio,B_Opt_IndiaCostsFuel,GLOBAL,PWROTHBGDXX,OTHINT,,2,2047,,,,,,1.0
InputActivityRatio,B_Opt_IndiaCostsFuel,GLOBAL,PWROTHBGDXX,OTHINT,,2,2048,,,,,,1.0
InputActivityRatio,B_Opt_IndiaCostsFuel,GLOBAL,PWROTHBGDXX,OTHINT,,2,2049,,,,,,1.0
InputActivityRatio,B_Opt_IndiaCostsFuel,GLOBAL,PWROTHBGDXX,OTHINT,,2,2050,,,,,,1.0
InputActivityRatio,B_Opt_IndiaCostsFuel,GLOBAL,PWROTHBTNXX,OTHBTN,,1,2023,,,,,,1.0
InputActivityRatio,B_Opt_IndiaCostsFuel,GLOBAL,PWROTHBTNXX,OTHBTN,,1,2024,,,,,,1.0
InputActivityRatio,B_Opt_IndiaCostsFuel,GLOBAL,PWROTHBTNXX,OTHBTN,,1,2025,,,,,,1.0
InputActivityRatio,B_Opt_IndiaCostsFuel,GLOBAL,PWROTHBTNXX,OTHBTN,,1,2026,,,,,,1.0
InputActivityRatio,B_Opt_IndiaCostsFuel,GLOBAL,PWROTHBTNXX,OTHBTN,,1,2027,,,,,,1.0
InputActivityRatio,B_Opt_IndiaCostsFuel,GLOBAL,PWROTHBTNXX,OTHBTN,,1,2028,,,,,,1.0
InputActivityRatio,B_Opt_IndiaCostsFuel,GLOBAL,PWROTHBTNXX,OTHBTN,,1,2029,,,,,,1.0
InputActivityRatio,B_Opt_IndiaCostsFuel,GLOBAL,PWROTHBTNXX,OTHBTN,,1,2030,,,,,,1.0
InputActivityRatio,B_Opt_IndiaCostsFuel,GLOBAL,PWROTHBTNXX,OTHBTN,,1,2031,,,,,,1.0
InputActivityRatio,B_Opt_IndiaCostsFuel,GLOBAL,PWROTHBTNXX,OTHBTN,,1,2032,,,,,,1.0
InputActivityRatio,B_Opt_IndiaCostsFuel,GLOBAL,PWROTHBTNXX,OTHBTN,,1,2033,,,,,,1.0
InputActivityRatio,B_Opt_IndiaCostsFuel,GLOBAL,PWROTHBTNXX,OTHBTN,,1,2034,,,,,,1.0
InputActivityRatio,B_Opt_IndiaCostsFuel,GLOBAL,PWROTHBTNXX,OTHBTN,,1,2035,,,,,,1.0
InputActivityRatio,B_Opt_IndiaCostsFuel,GLOBAL,PWROTHBTNXX,OTHBTN,,1,2036,,,,,,1.0
InputActivityRatio,B_Opt_IndiaCostsFuel,GLOBAL,PWROTHBTNXX,OTHBTN,,1,2037,,,,,,1.0
InputActivityRatio,B_Opt_IndiaCostsFuel,GLOBAL,PWROTHBTNXX,OTHBTN,,1,2038,,,,,,1.0
InputActivityRatio,B_Opt_IndiaCostsFuel,GLOBAL,PWROTHBTNXX,OTHBTN,,1,2039,,,,,,1.0
InputActivityRatio,B_Opt_IndiaCostsFuel,GLOBAL,PWROTHBTNXX,OTHBTN,,1,2040,,,,,,1.0
InputActivityRatio,B_Opt_IndiaCostsFuel,GLOBAL,PWROTHBTNXX,OTHBTN,,1,2041,,,,,,1.0
InputActivityRatio,B_Opt_IndiaCostsFuel,GLOBAL,PWROTHBTNXX,OTHBTN,,1,2042,,,,,,1.0
InputActivityRatio,B_Opt_IndiaCostsFuel,GLOBAL,PWROTHBTNXX,OTHBTN,,1,2043,,,,,,1.0
InputActivityRatio,B_Opt_IndiaCostsFuel,GLOBAL,PWROTHBTNXX,OTHBTN,,1,2044,,,,,,1.0
InputActivityRatio,B_Opt_IndiaCostsFuel,GLOBAL,PWROTHBTNXX,OTHBTN,,1,2045,,,,,,1.0
InputActivityRatio,B_Opt_IndiaCostsFuel,GLOBAL,PWROTHBTNXX,OTHBTN,,1,2046,,,,,,1.0
InputActivityRatio,B_Opt_IndiaCostsFuel,GLOBAL,PWROTHBTNXX,OTHBTN,,1,2047,,,,,,1.0
InputActivityRatio,B_Opt_IndiaCostsFuel,GLOBAL,PWROTHBTNXX,OTHBTN,,1,2048,,,,,,1.0
InputActivityRatio,B_Opt_IndiaCostsFuel,GLOBAL,PWROTHBTNXX,OTHBTN,,1,2049,,,,,,1.0
InputActivityRatio,B_Opt_IndiaCostsFuel,GLOBAL,PWROTHBTNXX,OTHBTN,,1,2050,,,,,,1.0
InputActivityRatio,B_Opt_IndiaCostsFuel,GLOBAL,PWROTHBTNXX,OTHINT,,2,2023,,,,,,1.0
InputActivityRatio,B_Opt_IndiaCostsFuel,GLOBAL,PWROTHBTNXX,OTHINT,,2,2024,,,,,,1.0
InputActivityRatio,B_Opt_IndiaCostsFuel,GLOBAL,PWROTHBTNXX,OTHINT,,2,2025,,,,,,1.0
InputActivityRatio,B_Opt_IndiaCostsFuel,GLOBAL,PWROTHBTNXX,OTHINT,,2,2026,,,,,,1.0
InputActivityRatio,B_Opt_IndiaCostsFuel,GLOBAL,PWROTHBTNXX,OTHINT,,2,2027,,,,,,1.0
InputActivityRatio,B_Opt_IndiaCostsFuel,GLOBAL,PWROTHBTNXX,OTHINT,,2,2028,,,,,,1.0
InputActivityRatio,B_Opt_IndiaCostsFuel,GLOBAL,PWROTHBTNXX,OTHINT,,2,2029,,,,,,1.0
InputActivityRatio,B_Opt_IndiaCostsFuel,GLOBAL,PWROTHBTNXX,OTHINT,,2,2030,,,,,,1.0
InputActivityRatio,B_Opt_IndiaCostsFuel,GLOBAL,PWROTHBTNXX,OTHINT,,2,2031,,,,,,1.0
InputActivityRatio,B_Opt_IndiaCostsFuel,GLOBAL,PWROTHBTNXX,OTHINT,,2,2032,,,,,,1.0
InputActivityRatio,B_Opt_IndiaCostsFuel,GLOBAL,PWROTHBTNXX,OTHINT,,2,2033,,,,,,1.0
InputActivityRatio,B_Opt_IndiaCostsFuel,GLOBAL,PWROTHBTNXX,OTHINT,,2,2034,,,,,,1.0
InputActivityRatio,B_Opt_IndiaCostsFuel,GLOBAL,PWROTHBTNXX,OTHINT,,2,2035,,,,,,1.0
InputActivityRatio,B_Opt_IndiaCostsFuel,GLOBAL,PWROTHBTNXX,OTHINT,,2,2036,,,,,,1.0
InputActivityRatio,B_Opt_IndiaCostsFuel,GLOBAL,PWROTHBTNXX,OTHINT,,2,2037,,,,,,1.0
InputActivityRatio,B_Opt_IndiaCostsFuel,GLOBAL,PWROTHBTNXX,OTHINT,,2,2038,,,,,,1.0
InputActivityRatio,B_Opt_IndiaCostsFuel,GLOBAL,PWROTHBTNXX,OTHINT,,2,2039,,,,,,1.0
InputActivityRatio,B_Opt_IndiaCostsFuel,GLOBAL,PWROTHBTNXX,OTHINT,,2,2040,,,,,,1.0
InputActivityRatio,B_Opt_IndiaCostsFuel,GLOBAL,PWROTHBTNXX,OTHINT,,2,2041,,,,,,1.0
InputActivityRatio,B_Opt_IndiaCostsFuel,GLOBAL,PWROTHBTNXX,OTHINT,,2,2042,,,,,,1.0
InputActivityRatio,B_Opt_IndiaCostsFuel,GLOBAL,PWROTHBTNXX,OTHINT,,2,2043,,,,,,1.0
InputActivityRatio,B_Opt_IndiaCostsFuel,GLOBAL,PWROTHBTNXX,OTHINT,,2,2044,,,,,,1.0
InputActivityRatio,B_Opt_IndiaCostsFuel,GLOBAL,PWROTHBTNXX,OTHINT,,2,2045,,,,,,1.0
InputActivityRatio,B_Opt_IndiaCostsFuel,GLOBAL,PWROTHBTNXX,OTHINT,,2,2046,,,,,,1.0
InputActivityRatio,B_Opt_IndiaCostsFuel,GLOBAL,PWROTHBTNXX,OTHINT,,2,2047,,,,,,1.0
InputActivityRatio,B_Opt_IndiaCostsFuel,GLOBAL,PWROTHBTNXX,OTHINT,,2,2048,,,,,,1.0
InputActivityRatio,B_Opt_IndiaCostsFuel,GLOBAL,PWROTHBTNXX,OTHINT,,2,2049,,,,,,1.0
InputActivityRatio,B_Opt_IndiaCostsFuel,GLOBAL,PWROTHBTNXX,OTHINT,,2,2050,,,,,,1.0
InputActivityRatio,B_Opt_IndiaCostsFuel,GLOBAL,PWROTHINDEA,OTHIND,,1,2023,,,,,,1.0
InputActivityRatio,B_Opt_IndiaCostsFuel,GLOBAL,PWROTHINDEA,OTHIND,,1,2024,,,,,,1.0
InputActivityRatio,B_Opt_IndiaCostsFuel,GLOBAL,PWROTHINDEA,OTHIND,,1,2025,,,,,,1.0
InputActivityRatio,B_Opt_IndiaCostsFuel,GLOBAL,PWROTHINDEA,OTHIND,,1,2026,,,,,,1.0
InputActivityRatio,B_Opt_IndiaCostsFuel,GLOBAL,PWROTHINDEA,OTHIND,,1,2027,,,,,,1.0
InputActivityRatio,B_Opt_IndiaCostsFuel,GLOBAL,PWROTHINDEA,OTHIND,,1,2028,,,,,,1.0
InputActivityRatio,B_Opt_IndiaCostsFuel,GLOBAL,PWROTHINDEA,OTHIND,,1,2029,,,,,,1.0
InputActivityRatio,B_Opt_IndiaCostsFuel,GLOBAL,PWROTHINDEA,OTHIND,,1,2030,,,,,,1.0
InputActivityRatio,B_Opt_IndiaCostsFuel,GLOBAL,PWROTHINDEA,OTHIND,,1,2031,,,,,,1.0
InputActivityRatio,B_Opt_IndiaCostsFuel,GLOBAL,PWROTHINDEA,OTHIND,,1,2032,,,,,,1.0
InputActivityRatio,B_Opt_IndiaCostsFuel,GLOBAL,PWROTHINDEA,OTHIND,,1,2033,,,,,,1.0
InputActivityRatio,B_Opt_IndiaCostsFuel,GLOBAL,PWROTHINDEA,OTHIND,,1,2034,,,,,,1.0
InputActivityRatio,B_Opt_IndiaCostsFuel,GLOBAL,PWROTHINDEA,OTHIND,,1,2035,,,,,,1.0
InputActivityRatio,B_Opt_IndiaCostsFuel,GLOBAL,PWROTHINDEA,OTHIND,,1,2036,,,,,,1.0
InputActivityRatio,B_Opt_IndiaCostsFuel,GLOBAL,PWROTHINDEA,OTHIND,,1,2037,,,,,,1.0
InputActivityRatio,B_Opt_IndiaCostsFuel,GLOBAL,PWROTHINDEA,OTHIND,,1,2038,,,,,,1.0
InputActivityRatio,B_Opt_IndiaCostsFuel,GLOBAL,PWROTHINDEA,OTHIND,,1,2039,,,,,,1.0
InputActivityRatio,B_Opt_IndiaCostsFuel,GLOBAL,PWROTHINDEA,OTHIND,,1,2040,,,,,,1.0
InputActivityRatio,B_Opt_IndiaCostsFuel,GLOBAL,PWROTHINDEA,OTHIND,,1,2041,,,,,,1.0
InputActivityRatio,B_Opt_IndiaCostsFuel,GLOBAL,PWROTHINDEA,OTHIND,,1,2042,,,,,,1.0
InputActivityRatio,B_Opt_IndiaCostsFuel,GLOBAL,PWROTHINDEA,OTHIND,,1,2043,,,,,,1.0
InputActivityRatio,B_Opt_IndiaCostsFuel,GLOBAL,PWROTHINDEA,OTHIND,,1,2044,,,,,,1.0
InputActivityRatio,B_Opt_IndiaCostsFuel,GLOBAL,PWROTHINDEA,OTHIND,,1,2045,,,,,,1.0
InputActivityRatio,B_Opt_IndiaCostsFuel,GLOBAL,PWROTHINDEA,OTHIND,,1,2046,,,,,,1.0
InputActivityRatio,B_Opt_IndiaCostsFuel,GLOBAL,PWROTHINDEA,OTHIND,,1,2047,,,,,,1.0
InputActivityRatio,B_Opt_IndiaCostsFuel,GLOBAL,PWROTHINDEA,OTHIND,,1,2048,,,,,,1.0
InputActivityRatio,B_Opt_IndiaCostsFuel,GLOBAL,PWROTHINDEA,OTHIND,,1,2049,,,,,,1.0
InputActivityRatio,B_Opt_IndiaCostsFuel,GLOBAL,PWROTHINDEA,OTHIND,,1,2050,,,,,,1.0
InputActivityRatio,B_Opt_IndiaCostsFuel,GLOBAL,PWROTHINDEA,OTHINT,,2,2023,,,,,,1.0
InputActivityRatio,B_Opt_IndiaCostsFuel,GLOBAL,PWROTHINDEA,OTHINT,,2,2024,,,,,,1.0
InputActivityRatio,B_Opt_IndiaCostsFuel,GLOBAL,PWROTHINDEA,OTHINT,,2,2025,,,,,,1.0
InputActivityRatio,B_Opt_IndiaCostsFuel,GLOBAL,PWROTHINDEA,OTHINT,,2,2026,,,,,,1.0
InputActivityRatio,B_Opt_IndiaCostsFuel,GLOBAL,PWROTHINDEA,OTHINT,,2,2027,,,,,,1.0
InputActivityRatio,B_Opt_IndiaCostsFuel,GLOBAL,PWROTHINDEA,OTHINT,,2,2028,,,,,,1.0
InputActivityRatio,B_Opt_IndiaCostsFuel,GLOBAL,PWROTHINDEA,OTHINT,,2,2029,,,,,,1.0
InputActivityRatio,B_Opt_IndiaCostsFuel,GLOBAL,PWROTHINDEA,OTHINT,,2,2030,,,,,,1.0
InputActivityRatio,B_Opt_IndiaCostsFuel,GLOBAL,PWROTHINDEA,OTHINT,,2,2031,,,,,,1.0
InputActivityRatio,B_Opt_IndiaCostsFuel,GLOBAL,PWROTHINDEA,OTHINT,,2,2032,,,,,,1.0
InputActivityRatio,B_Opt_IndiaCostsFuel,GLOBAL,PWROTHINDEA,OTHINT,,2,2033,,,,,,1.0
InputActivityRatio,B_Opt_IndiaCostsFuel,GLOBAL,PWROTHINDEA,OTHINT,,2,2034,,,,,,1.0
InputActivityRatio,B_Opt_IndiaCostsFuel,GLOBAL,PWROTHINDEA,OTHINT,,2,2035,,,,,,1.0
InputActivityRatio,B_Opt_IndiaCostsFuel,GLOBAL,PWROTHINDEA,OTHINT,,2,2036,,,,,,1.0
InputActivityRatio,B_Opt_IndiaCostsFuel,GLOBAL,PWROTHINDEA,OTHINT,,2,2037,,,,,,1.0
InputActivityRatio,B_Opt_IndiaCostsFuel,GLOBAL,PWROTHINDEA,OTHINT,,2,2038,,,,,,1.0
InputActivityRatio,B_Opt_IndiaCostsFuel,GLOBAL,PWROTHINDEA,OTHINT,,2,2039,,,,,,1.0
InputActivityRatio,B_Opt_IndiaCostsFuel,GLOBAL,PWROTHINDEA,OTHINT,,2,2040,,,,,,1.0
InputActivityRatio,B_Opt_IndiaCostsFuel,GLOBAL,PWROTHINDEA,OTHINT,,2,2041,,,,,,1.0
InputActivityRatio,B_Opt_IndiaCostsFuel,GLOBAL,PWROTHINDEA,OTHINT,,2,2042,,,,,,1.0
InputActivityRatio,B_Opt_IndiaCostsFuel,GLOBAL,PWROTHINDEA,OTHINT,,2,2043,,,,,,1.0
InputActivityRatio,B_Opt_IndiaCostsFuel,GLOBAL,PWROTHINDEA,OTHINT,,2,2044,,,,,,1.0
InputActivityRatio,B_Opt_IndiaCostsFuel,GLOBAL,PWROTHINDEA,OTHINT,,2,2045,,,,,,1.0
InputActivityRatio,B_Opt_IndiaCostsFuel,GLOBAL,PWROTHINDEA,OTHINT,,2,2046,,,,,,1.0
InputActivityRatio,B_Opt_IndiaCostsFuel,GLOBAL,PWROTHINDEA,OTHINT,,2,2047,,,,,,1.0
InputActivityRatio,B_Opt_IndiaCostsFuel,GLOBAL,PWROTHINDEA,OTHINT,,2,2048,,,,,,1.0
InputActivityRatio,B_Opt_IndiaCostsFuel,GLOBAL,PWROTHINDEA,OTHINT,,2,2049,,,,,,1.0
InputActivityRatio,B_Opt_IndiaCostsFuel,GLOBAL,PWROTHINDEA,OTHINT,,2,2050,,,,,,1.0
InputActivityRatio,B_Opt_IndiaCostsFuel,GLOBAL,PWROTHINDNE,OTHIND,,1,2023,,,,,,1.0
InputActivityRatio,B_Opt_IndiaCostsFuel,GLOBAL,PWROTHINDNE,OTHIND,,1,2024,,,,,,1.0
InputActivityRatio,B_Opt_IndiaCostsFuel,GLOBAL,PWROTHINDNE,OTHIND,,1,2025,,,,,,1.0
InputActivityRatio,B_Opt_IndiaCostsFuel,GLOBAL,PWROTHINDNE,OTHIND,,1,2026,,,,,,1.0
InputActivityRatio,B_Opt_IndiaCostsFuel,GLOBAL,PWROTHINDNE,OTHIND,,1,2027,,,,,,1.0
InputActivityRatio,B_Opt_IndiaCostsFuel,GLOBAL,PWROTHINDNE,OTHIND,,1,2028,,,,,,1.0
InputActivityRatio,B_Opt_IndiaCostsFuel,GLOBAL,PWROTHINDNE,OTHIND,,1,2029,,,,,,1.0
InputActivityRatio,B_Opt_IndiaCostsFuel,GLOBAL,PWROTHINDNE,OTHIND,,1,2030,,,,,,1.0
InputActivityRatio,B_Opt_IndiaCostsFuel,GLOBAL,PWROTHINDNE,OTHIND,,1,2031,,,,,,1.0
InputActivityRatio,B_Opt_IndiaCostsFuel,GLOBAL,PWROTHINDNE,OTHIND,,1,2032,,,,,,1.0
InputActivityRatio,B_Opt_IndiaCostsFuel,GLOBAL,PWROTHINDNE,OTHIND,,1,2033,,,,,,1.0
InputActivityRatio,B_Opt_IndiaCostsFuel,GLOBAL,PWROTHINDNE,OTHIND,,1,2034,,,,,,1.0
InputActivityRatio,B_Opt_IndiaCostsFuel,GLOBAL,PWROTHINDNE,OTHIND,,1,2035,,,,,,1.0
InputActivityRatio,B_Opt_IndiaCostsFuel,GLOBAL,PWROTHINDNE,OTHIND,,1,2036,,,,,,1.0
InputActivityRatio,B_Opt_IndiaCostsFuel,GLOBAL,PWROTHINDNE,OTHIND,,1,2037,,,,,,1.0
InputActivityRatio,B_Opt_IndiaCostsFuel,GLOBAL,PWROTHINDNE,OTHIND,,1,2038,,,,,,1.0
InputActivityRatio,B_Opt_IndiaCostsFuel,GLOBAL,PWROTHINDNE,OTHIND,,1,2039,,,,,,1.0
InputActivityRatio,B_Opt_IndiaCostsFuel,GLOBAL,PWROTHINDNE,OTHIND,,1,2040,,,,,,1.0
InputActivityRatio,B_Opt_IndiaCostsFuel,GLOBAL,PWROTHINDNE,OTHIND,,1,2041,,,,,,1.0
InputActivityRatio,B_Opt_IndiaCostsFuel,GLOBAL,PWROTHINDNE,OTHIND,,1,2042,,,,,,1.0
InputActivityRatio,B_Opt_IndiaCostsFuel,GLOBAL,PWROTHINDNE,OTHIND,,1,2043,,,,,,1.0
InputActivityRatio,B_Opt_IndiaCostsFuel,GLOBAL,PWROTHINDNE,OTHIND,,1,2044,,,,,,1.0
InputActivityRatio,B_Opt_IndiaCostsFuel,GLOBAL,PWROTHINDNE,OTHIND,,1,2045,,,,,,1.0
InputActivityRatio,B_Opt_IndiaCostsFuel,GLOBAL,PWROTHINDNE,OTHIND,,1,2046,,,,,,1.0
InputActivityRatio,B_Opt_IndiaCostsFuel,GLOBAL,PWROTHINDNE,OTHIND,,1,2047,,,,,,1.0
InputActivityRatio,B_Opt_IndiaCostsFuel,GLOBAL,PWROTHINDNE,OTHIND,,1,2048,,,,,,1.0
InputActivityRatio,B_Opt_IndiaCostsFuel,GLOBAL,PWROTHINDNE,OTHIND,,1,2049,,,,,,1.0
InputActivityRatio,B_Opt_IndiaCostsFuel,GLOBAL,PWROTHINDNE,OTHIND,,1,2050,,,,,,1.0
InputActivityRatio,B_Opt_IndiaCostsFuel,GLOBAL,PWROTHINDNE,OTHINT,,2,2023,,,,,,1.0
InputActivityRatio,B_Opt_IndiaCostsFuel,GLOBAL,PWROTHINDNE,OTHINT,,2,2024,,,,,,1.0
InputActivityRatio,B_Opt_IndiaCostsFuel,GLOBAL,PWROTHINDNE,OTHINT,,2,2025,,,,,,1.0
InputActivityRatio,B_Opt_IndiaCostsFuel,GLOBAL,PWROTHINDNE,OTHINT,,2,2026,,,,,,1.0
InputActivityRatio,B_Opt_IndiaCostsFuel,GLOBAL,PWROTHINDNE,OTHINT,,2,2027,,,,,,1.0
InputActivityRatio,B_Opt_IndiaCostsFuel,GLOBAL,PWROTHINDNE,OTHINT,,2,2028,,,,,,1.0
InputActivityRatio,B_Opt_IndiaCostsFuel,GLOBAL,PWROTHINDNE,OTHINT,,2,2029,,,,,,1.0
InputActivityRatio,B_Opt_IndiaCostsFuel,GLOBAL,PWROTHINDNE,OTHINT,,2,2030,,,,,,1.0
InputActivityRatio,B_Opt_IndiaCostsFuel,GLOBAL,PWROTHINDNE,OTHINT,,2,2031,,,,,,1.0
InputActivityRatio,B_Opt_IndiaCostsFuel,GLOBAL,PWROTHINDNE,OTHINT,,2,2032,,,,,,1.0
InputActivityRatio,B_Opt_IndiaCostsFuel,GLOBAL,PWROTHINDNE,OTHINT,,2,2033,,,,,,1.0
InputActivityRatio,B_Opt_IndiaCostsFuel,GLOBAL,PWROTHINDNE,OTHINT,,2,2034,,,,,,1.0
InputActivityRatio,B_Opt_IndiaCostsFuel,GLOBAL,PWROTHINDNE,OTHINT,,2,2035,,,,,,1.0
InputActivityRatio,B_Opt_IndiaCostsFuel,GLOBAL,PWROTHINDNE,OTHINT,,2,2036,,,,,,1.0
InputActivityRatio,B_Opt_IndiaCostsFuel,GLOBAL,PWROTHINDNE,OTHINT,,2,2037,,,,,,1.0
InputActivityRatio,B_Opt_IndiaCostsFuel,GLOBAL,PWROTHINDNE,OTHINT,,2,2038,,,,,,1.0
InputActivityRatio,B_Opt_IndiaCostsFuel,GLOBAL,PWROTHINDNE,OTHINT,,2,2039,,,,,,1.0
InputActivityRatio,B_Opt_IndiaCostsFuel,GLOBAL,PWROTHINDNE,OTHINT,,2,2040,,,,,,1.0
InputActivityRatio,B_Opt_IndiaCostsFuel,GLOBAL,PWROTHINDNE,OTHINT,,2,2041,,,,,,1.0
InputActivityRatio,B_Opt_IndiaCostsFuel,GLOBAL,PWROTHINDNE,OTHINT,,2,2042,,,,,,1.0
InputActivityRatio,B_Opt_IndiaCostsFuel,GLOBAL,PWROTHINDNE,OTHINT,,2,2043,,,,,,1.0
InputActivityRatio,B_Opt_IndiaCostsFuel,GLOBAL,PWROTHINDNE,OTHINT,,2,2044,,,,,,1.0
InputActivityRatio,B_Opt_IndiaCostsFuel,GLOBAL,PWROTHINDNE,OTHINT,,2,2045,,,,,,1.0
InputActivityRatio,B_Opt_IndiaCostsFuel,GLOBAL,PWROTHINDNE,OTHINT,,2,2046,,,,,,1.0
InputActivityRatio,B_Opt_IndiaCostsFuel,GLOBAL,PWROTHINDNE,OTHINT,,2,2047,,,,,,1.0
InputActivityRatio,B_Opt_IndiaCostsFuel,GLOBAL,PWROTHINDNE,OTHINT,,2,2048,,,,,,1.0
InputActivityRatio,B_Opt_IndiaCostsFuel,GLOBAL,PWROTHINDNE,OTHINT,,2,2049,,,,,,1.0
InputActivityRatio,B_Opt_IndiaCostsFuel,GLOBAL,PWROTHINDNE,OTHINT,,2,2050,,,,,,1.0
InputActivityRatio,B_Opt_IndiaCostsFuel,GLOBAL,PWROTHINDNO,OTHIND,,1,2023,,,,,,1.0
InputActivityRatio,B_Opt_IndiaCostsFuel,GLOBAL,PWROTHINDNO,OTHIND,,1,2024,,,,,,1.0
InputActivityRatio,B_Opt_IndiaCostsFuel,GLOBAL,PWROTHINDNO,OTHIND,,1,2025,,,,,,1.0
InputActivityRatio,B_Opt_IndiaCostsFuel,GLOBAL,PWROTHINDNO,OTHIND,,1,2026,,,,,,1.0
InputActivityRatio,B_Opt_IndiaCostsFuel,GLOBAL,PWROTHINDNO,OTHIND,,1,2027,,,,,,1.0
InputActivityRatio,B_Opt_IndiaCostsFuel,GLOBAL,PWROTHINDNO,OTHIND,,1,2028,,,,,,1.0
InputActivityRatio,B_Opt_IndiaCostsFuel,GLOBAL,PWROTHINDNO,OTHIND,,1,2029,,,,,,1.0
InputActivityRatio,B_Opt_IndiaCostsFuel,GLOBAL,PWROTHINDNO,OTHIND,,1,2030,,,,,,1.0
InputActivityRatio,B_Opt_IndiaCostsFuel,GLOBAL,PWROTHINDNO,OTHIND,,1,2031,,,,,,1.0
InputActivityRatio,B_Opt_IndiaCostsFuel,GLOBAL,PWROTHINDNO,OTHIND,,1,2032,,,,,,1.0
InputActivityRatio,B_Opt_IndiaCostsFuel,GLOBAL,PWROTHINDNO,OTHIND,,1,2033,,,,,,1.0
InputActivityRatio,B_Opt_IndiaCostsFuel,GLOBAL,PWROTHINDNO,OTHIND,,1,2034,,,,,,1.0
InputActivityRatio,B_Opt_IndiaCostsFuel,GLOBAL,PWROTHINDNO,OTHIND,,1,2035,,,,,,1.0
InputActivityRatio,B_Opt_IndiaCostsFuel,GLOBAL,PWROTHINDNO,OTHIND,,1,2036,,,,,,1.0
InputActivityRatio,B_Opt_IndiaCostsFuel,GLOBAL,PWROTHINDNO,OTHIND,,1,2037,,,,,,1.0
InputActivityRatio,B_Opt_IndiaCostsFuel,GLOBAL,PWROTHINDNO,OTHIND,,1,2038,,,,,,1.0
InputActivityRatio,B_Opt_IndiaCostsFuel,GLOBAL,PWROTHINDNO,OTHIND,,1,2039,,,,,,1.0
InputActivityRatio,B_Opt_IndiaCostsFuel,GLOBAL,PWROTHINDNO,OTHIND,,1,2040,,,,,,1.0
InputActivityRatio,B_Opt_IndiaCostsFuel,GLOBAL,PWROTHINDNO,OTHIND,,1,2041,,,,,,1.0
InputActivityRatio,B_Opt_IndiaCostsFuel,GLOBAL,PWROTHINDNO,OTHIND,,1,2042,,,,,,1.0
InputActivityRatio,B_Opt_IndiaCostsFuel,GLOBAL,PWROTHINDNO,OTHIND,,1,2043,,,,,,1.0
InputActivityRatio,B_Opt_IndiaCostsFuel,GLOBAL,PWROTHINDNO,OTHIND,,1,2044,,,,,,1.0
InputActivityRatio,B_Opt_IndiaCostsFuel,GLOBAL,PWROTHINDNO,OTHIND,,1,2045,,,,,,1.0
InputActivityRatio,B_Opt_IndiaCostsFuel,GLOBAL,PWROTHINDNO,OTHIND,,1,2046,,,,,,1.0
InputActivityRatio,B_Opt_IndiaCostsFuel,GLOBAL,PWROTHINDNO,OTHIND,,1,2047,,,,,,1.0
InputActivityRatio,B_Opt_IndiaCostsFuel,GLOBAL,PWROTHINDNO,OTHIND,,1,2048,,,,,,1.0
InputActivityRatio,B_Opt_IndiaCostsFuel,GLOBAL,PWROTHINDNO,OTHIND,,1,2049,,,,,,1.0
InputActivityRatio,B_Opt_IndiaCostsFuel,GLOBAL,PWROTHINDNO,OTHIND,,1,2050,,,,,,1.0
InputActivityRatio,B_Opt_IndiaCostsFuel,GLOBAL,PWROTHINDNO,OTHINT,,2,2023,,,,,,1.0
InputActivityRatio,B_Opt_IndiaCostsFuel,GLOBAL,PWROTHINDNO,OTHINT,,2,2024,,,,,,1.0
InputActivityRatio,B_Opt_IndiaCostsFuel,GLOBAL,PWROTHINDNO,OTHINT,,2,2025,,,,,,1.0
InputActivityRatio,B_Opt_IndiaCostsFuel,GLOBAL,PWROTHINDNO,OTHINT,,2,2026,,,,,,1.0
InputActivityRatio,B_Opt_IndiaCostsFuel,GLOBAL,PWROTHINDNO,OTHINT,,2,2027,,,,,,1.0
InputActivityRatio,B_Opt_IndiaCostsFuel,GLOBAL,PWROTHINDNO,OTHINT,,2,2028,,,,,,1.0
InputActivityRatio,B_Opt_IndiaCostsFuel,GLOBAL,PWROTHINDNO,OTHINT,,2,2029,,,,,,1.0
InputActivityRatio,B_Opt_IndiaCostsFuel,GLOBAL,PWROTHINDNO,OTHINT,,2,2030,,,,,,1.0
InputActivityRatio,B_Opt_IndiaCostsFuel,GLOBAL,PWROTHINDNO,OTHINT,,2,2031,,,,,,1.0
InputActivityRatio,B_Opt_IndiaCostsFuel,GLOBAL,PWROTHINDNO,OTHINT,,2,2032,,,,,,1.0
InputActivityRatio,B_Opt_IndiaCostsFuel,GLOBAL,PWROTHINDNO,OTHINT,,2,2033,,,,,,1.0
InputActivityRatio,B_Opt_IndiaCostsFuel,GLOBAL,PWROTHINDNO,OTHINT,,2,2034,,,,,,1.0
InputActivityRatio,B_Opt_IndiaCostsFuel,GLOBAL,PWROTHINDNO,OTHINT,,2,2035,,,,,,1.0
InputActivityRatio,B_Opt_IndiaCostsFuel,GLOBAL,PWROTHINDNO,OTHINT,,2,2036,,,,,,1.0
InputActivityRatio,B_Opt_IndiaCostsFuel,GLOBAL,PWROTHINDNO,OTHINT,,2,2037,,,,,,1.0
InputActivityRatio,B_Opt_IndiaCostsFuel,GLOBAL,PWROTHINDNO,OTHINT,,2,2038,,,,,,1.0
InputActivityRatio,B_Opt_IndiaCostsFuel,GLOBAL,PWROTHINDNO,OTHINT,,2,2039,,,,,,1.0
InputActivityRatio,B_Opt_IndiaCostsFuel,GLOBAL,PWROTHINDNO,OTHINT,,2,2040,,,,,,1.0
InputActivityRatio,B_Opt_IndiaCostsFuel,GLOBAL,PWROTHINDNO,OTHINT,,2,2041,,,,,,1.0
InputActivityRatio,B_Opt_IndiaCostsFuel,GLOBAL,PWROTHINDNO,OTHINT,,2,2042,,,,,,1.0
InputActivityRatio,B_Opt_IndiaCostsFuel,GLOBAL,PWROTHINDNO,OTHINT,,2,2043,,,,,,1.0
InputActivityRatio,B_Opt_IndiaCostsFuel,GLOBAL,PWROTHINDNO,OTHINT,,2,2044,,,,,,1.0
InputActivityRatio,B_Opt_IndiaCostsFuel,GLOBAL,PWROTHINDNO,OTHINT,,2,2045,,,,,,1.0
InputActivityRatio,B_Opt_IndiaCostsFuel,GLOBAL,PWROTHINDNO,OTHINT,,2,2046,,,,,,1.0
InputActivityRatio,B_Opt_IndiaCostsFuel,GLOBAL,PWROTHINDNO,OTHINT,,2,2047,,,,,,1.0
InputActivityRatio,B_Opt_IndiaCostsFuel,GLOBAL,PWROTHINDNO,OTHINT,,2,2048,,,,,,1.0
InputActivityRatio,B_Opt_IndiaCostsFuel,GLOBAL,PWROTHINDNO,OTHINT,,2,2049,,,,,,1.0
InputActivityRatio,B_Opt_IndiaCostsFuel,GLOBAL,PWROTHINDNO,OTHINT,,2,2050,,,,,,1.0
InputActivityRatio,B_Opt_IndiaCostsFuel,GLOBAL,PWROTHINDSO,OTHIND,,1,2023,,,,,,1.0
InputActivityRatio,B_Opt_IndiaCostsFuel,GLOBAL,PWROTHINDSO,OTHIND,,1,2024,,,,,,1.0
InputActivityRatio,B_Opt_IndiaCostsFuel,GLOBAL,PWROTHINDSO,OTHIND,,1,2025,,,,,,1.0
InputActivityRatio,B_Opt_IndiaCostsFuel,GLOBAL,PWROTHINDSO,OTHIND,,1,2026,,,,,,1.0
InputActivityRatio,B_Opt_IndiaCostsFuel,GLOBAL,PWROTHINDSO,OTHIND,,1,2027,,,,,,1.0
InputActivityRatio,B_Opt_IndiaCostsFuel,GLOBAL,PWROTHINDSO,OTHIND,,1,2028,,,,,,1.0
InputActivityRatio,B_Opt_IndiaCostsFuel,GLOBAL,PWROTHINDSO,OTHIND,,1,2029,,,,,,1.0
InputActivityRatio,B_Opt_IndiaCostsFuel,GLOBAL,PWROTHINDSO,OTHIND,,1,2030,,,,,,1.0
InputActivityRatio,B_Opt_IndiaCostsFuel,GLOBAL,PWROTHINDSO,OTHIND,,1,2031,,,,,,1.0
InputActivityRatio,B_Opt_IndiaCostsFuel,GLOBAL,PWROTHINDSO,OTHIND,,1,2032,,,,,,1.0
InputActivityRatio,B_Opt_IndiaCostsFuel,GLOBAL,PWROTHINDSO,OTHIND,,1,2033,,,,,,1.0
InputActivityRatio,B_Opt_IndiaCostsFuel,GLOBAL,PWROTHINDSO,OTHIND,,1,2034,,,,,,1.0
InputActivityRatio,B_Opt_IndiaCostsFuel,GLOBAL,PWROTHINDSO,OTHIND,,1,2035,,,,,,1.0
InputActivityRatio,B_Opt_IndiaCostsFuel,GLOBAL,PWROTHINDSO,OTHIND,,1,2036,,,,,,1.0
InputActivityRatio,B_Opt_IndiaCostsFuel,GLOBAL,PWROTHINDSO,OTHIND,,1,2037,,,,,,1.0
InputActivityRatio,B_Opt_IndiaCostsFuel,GLOBAL,PWROTHINDSO,OTHIND,,1,2038,,,,,,1.0
InputActivityRatio,B_Opt_IndiaCostsFuel,GLOBAL,PWROTHINDSO,OTHIND,,1,2039,,,,,,1.0
InputActivityRatio,B_Opt_IndiaCostsFuel,GLOBAL,PWROTHINDSO,OTHIND,,1,2040,,,,,,1.0
InputActivityRatio,B_Opt_IndiaCostsFuel,GLOBAL,PWROTHINDSO,OTHIND,,1,2041,,,,,,1.0
InputActivityRatio,B_Opt_IndiaCostsFuel,GLOBAL,PWROTHINDSO,OTHIND,,1,2042,,,,,,1.0
InputActivityRatio,B_Opt_IndiaCostsFuel,GLOBAL,PWROTHINDSO,OTHIND,,1,2043,,,,,,1.0
InputActivityRatio,B_Opt_IndiaCostsFuel,GLOBAL,PWROTHINDSO,OTHIND,,1,2044,,,,,,1.0
InputActivityRatio,B_Opt_IndiaCostsFuel,GLOBAL,PWROTHINDSO,OTHIND,,1,2045,,,,,,1.0
InputActivityRatio,B_Opt_IndiaCostsFuel,GLOBAL,PWROTHINDSO,OTHIND,,1,2046,,,,,,1.0
InputActivityRatio,B_Opt_IndiaCostsFuel,GLOBAL,PWROTHINDSO,OTHIND,,1,2047,,,,,,1.0
InputActivityRatio,B_Opt_IndiaCostsFuel,GLOBAL,PWROTHINDSO,OTHIND,,1,2048,,,,,,1.0
InputActivityRatio,B_Opt_IndiaCostsFuel,GLOBAL,PWROTHINDSO,OTHIND,,1,2049,,,,,,1.0
InputActivityRatio,B_Opt_IndiaCostsFuel,GLOBAL,PWROTHINDSO,OTHIND,,1,2050,,,,,,1.0
InputActivityRatio,B_Opt_IndiaCostsFuel,GLOBAL,PWROTHINDSO,OTHINT,,2,2023,,,,,,1.0
InputActivityRatio,B_Opt_IndiaCostsFuel,GLOBAL,PWROTHINDSO,OTHINT,,2,2024,,,,,,1.0
InputActivityRatio,B_Opt_IndiaCostsFuel,GLOBAL,PWROTHINDSO,OTHINT,,2,2025,,,,,,1.0
InputActivityRatio,B_Opt_IndiaCostsFuel,GLOBAL,PWROTHINDSO,OTHINT,,2,2026,,,,,,1.0
InputActivityRatio,B_Opt_IndiaCostsFuel,GLOBAL,PWROTHINDSO,OTHINT,,2,2027,,,,,,1.0
InputActivityRatio,B_Opt_IndiaCostsFuel,GLOBAL,PWROTHINDSO,OTHINT,,2,2028,,,,,,1.0
InputActivityRatio,B_Opt_IndiaCostsFuel,GLOBAL,PWROTHINDSO,OTHINT,,2,2029,,,,,,1.0
InputActivityRatio,B_Opt_IndiaCostsFuel,GLOBAL,PWROTHINDSO,OTHINT,,2,2030,,,,,,1.0
InputActivityRatio,B_Opt_IndiaCostsFuel,GLOBAL,PWROTHINDSO,OTHINT,,2,2031,,,,,,1.0
InputActivityRatio,B_Opt_IndiaCostsFuel,GLOBAL,PWROTHINDSO,OTHINT,,2,2032,,,,,,1.0
InputActivityRatio,B_Opt_IndiaCostsFuel,GLOBAL,PWROTHINDSO,OTHINT,,2,2033,,,,,,1.0
InputActivityRatio,B_Opt_IndiaCostsFuel,GLOBAL,PWROTHINDSO,OTHINT,,2,2034,,,,,,1.0
InputActivityRatio,B_Opt_IndiaCostsFuel,GLOBAL,PWROTHINDSO,OTHINT,,2,2035,,,,,,1.0
InputActivityRatio,B_Opt_IndiaCostsFuel,GLOBAL,PWROTHINDSO,OTHINT,,2,2036,,,,,,1.0
InputActivityRatio,B_Opt_IndiaCostsFuel,GLOBAL,PWROTHINDSO,OTHINT,,2,2037,,,,,,1.0
InputActivityRatio,B_Opt_IndiaCostsFuel,GLOBAL,PWROTHINDSO,OTHINT,,2,2038,,,,,,1.0
InputActivityRatio,B_Opt_IndiaCostsFuel,GLOBAL,PWROTHINDSO,OTHINT,,2,2039,,,,,,1.0
InputActivityRatio,B_Opt_IndiaCostsFuel,GLOBAL,PWROTHINDSO,OTHINT,,2,2040,,,,,,1.0
InputActivityRatio,B_Opt_IndiaCostsFuel,GLOBAL,PWROTHINDSO,OTHINT,,2,2041,,,,,,1.0
InputActivityRatio,B_Opt_IndiaCostsFuel,GLOBAL,PWROTHINDSO,OTHINT,,2,2042,,,,,,1.0
InputActivityRatio,B_Opt_IndiaCostsFuel,GLOBAL,PWROTHINDSO,OTHINT,,2,2043,,,,,,1.0
InputActivityRatio,B_Opt_IndiaCostsFuel,GLOBAL,PWROTHINDSO,OTHINT,,2,2044,,,,,,1.0
InputActivityRatio,B_Opt_IndiaCostsFuel,GLOBAL,PWROTHINDSO,OTHINT,,2,2045,,,,,,1.0
InputActivityRatio,B_Opt_IndiaCostsFuel,GLOBAL,PWROTHINDSO,OTHINT,,2,2046,,,,,,1.0
InputActivityRatio,B_Opt_IndiaCostsFuel,GLOBAL,PWROTHINDSO,OTHINT,,2,2047,,,,,,1.0
InputActivityRatio,B_Opt_IndiaCostsFuel,GLOBAL,PWROTHINDSO,OTHINT,,2,2048,,,,,,1.0
InputActivityRatio,B_Opt_IndiaCostsFuel,GLOBAL,PWROTHINDSO,OTHINT,,2,2049,,,,,,1.0
InputActivityRatio,B_Opt_IndiaCostsFuel,GLOBAL,PWROTHINDSO,OTHINT,,2,2050,,,,,,1.0
InputActivityRatio,B_Opt_IndiaCostsFuel,GLOBAL,PWROTHINDWE,OTHIND,,1,2023,,,,,,1.0
InputActivityRatio,B_Opt_IndiaCostsFuel,GLOBAL,PWROTHINDWE,OTHIND,,1,2024,,,,,,1.0
InputActivityRatio,B_Opt_IndiaCostsFuel,GLOBAL,PWROTHINDWE,OTHIND,,1,2025,,,,,,1.0
InputActivityRatio,B_Opt_IndiaCostsFuel,GLOBAL,PWROTHINDWE,OTHIND,,1,2026,,,,,,1.0
InputActivityRatio,B_Opt_IndiaCostsFuel,GLOBAL,PWROTHINDWE,OTHIND,,1,2027,,,,,,1.0
InputActivityRatio,B_Opt_IndiaCostsFuel,GLOBAL,PWROTHINDWE,OTHIND,,1,2028,,,,,,1.0
InputActivityRatio,B_Opt_IndiaCostsFuel,GLOBAL,PWROTHINDWE,OTHIND,,1,2029,,,,,,1.0
InputActivityRatio,B_Opt_IndiaCostsFuel,GLOBAL,PWROTHINDWE,OTHIND,,1,2030,,,,,,1.0
InputActivityRatio,B_Opt_IndiaCostsFuel,GLOBAL,PWROTHINDWE,OTHIND,,1,2031,,,,,,1.0
InputActivityRatio,B_Opt_IndiaCostsFuel,GLOBAL,PWROTHINDWE,OTHIND,,1,2032,,,,,,1.0
InputActivityRatio,B_Opt_IndiaCostsFuel,GLOBAL,PWROTHINDWE,OTHIND,,1,2033,,,,,,1.0
InputActivityRatio,B_Opt_IndiaCostsFuel,GLOBAL,PWROTHINDWE,OTHIND,,1,2034,,,,,,1.0
InputActivityRatio,B_Opt_IndiaCostsFuel,GLOBAL,PWROTHINDWE,OTHIND,,1,2035,,,,,,1.0
InputActivityRatio,B_Opt_IndiaCostsFuel,GLOBAL,PWROTHINDWE,OTHIND,,1,2036,,,,,,1.0
InputActivityRatio,B_Opt_IndiaCostsFuel,GLOBAL,PWROTHINDWE,OTHIND,,1,2037,,,,,,1.0
InputActivityRatio,B_Opt_IndiaCostsFuel,GLOBAL,PWROTHINDWE,OTHIND,,1,2038,,,,,,1.0
InputActivityRatio,B_Opt_IndiaCostsFuel,GLOBAL,PWROTHINDWE,OTHIND,,1,2039,,,,,,1.0
InputActivityRatio,B_Opt_IndiaCostsFuel,GLOBAL,PWROTHINDWE,OTHIND,,1,2040,,,,,,1.0
InputActivityRatio,B_Opt_IndiaCostsFuel,GLOBAL,PWROTHINDWE,OTHIND,,1,2041,,,,,,1.0
InputActivityRatio,B_Opt_IndiaCostsFuel,GLOBAL,PWROTHINDWE,OTHIND,,1,2042,,,,,,1.0
InputActivityRatio,B_Opt_IndiaCostsFuel,GLOBAL,PWROTHINDWE,OTHIND,,1,2043,,,,,,1.0
InputActivityRatio,B_Opt_IndiaCostsFuel,GLOBAL,PWROTHINDWE,OTHIND,,1,2044,,,,,,1.0
InputActivityRatio,B_Opt_IndiaCostsFuel,GLOBAL,PWROTHINDWE,OTHIND,,1,2045,,,,,,1.0
InputActivityRatio,B_Opt_IndiaCostsFuel,GLOBAL,PWROTHINDWE,OTHIND,,1,2046,,,,,,1.0
InputActivityRatio,B_Opt_IndiaCostsFuel,GLOBAL,PWROTHINDWE,OTHIND,,1,2047,,,,,,1.0
InputActivityRatio,B_Opt_IndiaCostsFuel,GLOBAL,PWROTHINDWE,OTHIND,,1,2048,,,,,,1.0
InputActivityRatio,B_Opt_IndiaCostsFuel,GLOBAL,PWROTHINDWE,OTHIND,,1,2049,,,,,,1.0
InputActivityRatio,B_Opt_IndiaCostsFuel,GLOBAL,PWROTHINDWE,OTHIND,,1,2050,,,,,,1.0
InputActivityRatio,B_Opt_IndiaCostsFuel,GLOBAL,PWROTHINDWE,OTHINT,,2,2023,,,,,,1.0
InputActivityRatio,B_Opt_IndiaCostsFuel,GLOBAL,PWROTHINDWE,OTHINT,,2,2024,,,,,,1.0
InputActivityRatio,B_Opt_IndiaCostsFuel,GLOBAL,PWROTHINDWE,OTHINT,,2,2025,,,,,,1.0
InputActivityRatio,B_Opt_IndiaCostsFuel,GLOBAL,PWROTHINDWE,OTHINT,,2,2026,,,,,,1.0
InputActivityRatio,B_Opt_IndiaCostsFuel,GLOBAL,PWROTHINDWE,OTHINT,,2,2027,,,,,,1.0
InputActivityRatio,B_Opt_IndiaCostsFuel,GLOBAL,PWROTHINDWE,OTHINT,,2,2028,,,,,,1.0
InputActivityRatio,B_Opt_IndiaCostsFuel,GLOBAL,PWROTHINDWE,OTHINT,,2,2029,,,,,,1.0
InputActivityRatio,B_Opt_IndiaCostsFuel,GLOBAL,PWROTHINDWE,OTHINT,,2,2030,,,,,,1.0
InputActivityRatio,B_Opt_IndiaCostsFuel,GLOBAL,PWROTHINDWE,OTHINT,,2,2031,,,,,,1.0
InputActivityRatio,B_Opt_IndiaCostsFuel,GLOBAL,PWROTHINDWE,OTHINT,,2,2032,,,,,,1.0
InputActivityRatio,B_Opt_IndiaCostsFuel,GLOBAL,PWROTHINDWE,OTHINT,,2,2033,,,,,,1.0
InputActivityRatio,B_Opt_IndiaCostsFuel,GLOBAL,PWROTHINDWE,OTHINT,,2,2034,,,,,,1.0
InputActivityRatio,B_Opt_IndiaCostsFuel,GLOBAL,PWROTHINDWE,OTHINT,,2,2035,,,,,,1.0
InputActivityRatio,B_Opt_IndiaCostsFuel,GLOBAL,PWROTHINDWE,OTHINT,,2,2036,,,,,,1.0
InputActivityRatio,B_Opt_IndiaCostsFuel,GLOBAL,PWROTHINDWE,OTHINT,,2,2037,,,,,,1.0
InputActivityRatio,B_Opt_IndiaCostsFuel,GLOBAL,PWROTHINDWE,OTHINT,,2,2038,,,,,,1.0
InputActivityRatio,B_Opt_IndiaCostsFuel,GLOBAL,PWROTHINDWE,OTHINT,,2,2039,,,,,,1.0
InputActivityRatio,B_Opt_IndiaCostsFuel,GLOBAL,PWROTHINDWE,OTHINT,,2,2040,,,,,,1.0
InputActivityRatio,B_Opt_IndiaCostsFuel,GLOBAL,PWROTHINDWE,OTHINT,,2,2041,,,,,,1.0
InputActivityRatio,B_Opt_IndiaCostsFuel,GLOBAL,PWROTHINDWE,OTHINT,,2,2042,,,,,,1.0
InputActivityRatio,B_Opt_IndiaCostsFuel,GLOBAL,PWROTHINDWE,OTHINT,,2,2043,,,,,,1.0
InputActivityRatio,B_Opt_IndiaCostsFuel,GLOBAL,PWROTHINDWE,OTHINT,,2,2044,,,,,,1.0
InputActivityRatio,B_Opt_IndiaCostsFuel,GLOBAL,PWROTHINDWE,OTHINT,,2,2045,,,,,,1.0
InputActivityRatio,B_Opt_IndiaCostsFuel,GLOBAL,PWROTHINDWE,OTHINT,,2,2046,,,,,,1.0
InputActivityRatio,B_Opt_IndiaCostsFuel,GLOBAL,PWROTHINDWE,OTHINT,,2,2047,,,,,,1.0
InputActivityRatio,B_Opt_IndiaCostsFuel,GLOBAL,PWROTHINDWE,OTHINT,,2,2048,,,,,,1.0
InputActivityRatio,B_Opt_IndiaCostsFuel,GLOBAL,PWROTHINDWE,OTHINT,,2,2049,,,,,,1.0
InputActivityRatio,B_Opt_IndiaCostsFuel,GLOBAL,PWROTHINDWE,OTHINT,,2,2050,,,,,,1.0
InputActivityRatio,B_Opt_IndiaCostsFuel,GLOBAL,PWROTHLKAXX,OTHLKA,,1,2023,,,,,,1.0
InputActivityRatio,B_Opt_IndiaCostsFuel,GLOBAL,PWROTHLKAXX,OTHLKA,,1,2024,,,,,,1.0
InputActivityRatio,B_Opt_IndiaCostsFuel,GLOBAL,PWROTHLKAXX,OTHLKA,,1,2025,,,,,,1.0
InputActivityRatio,B_Opt_IndiaCostsFuel,GLOBAL,PWROTHLKAXX,OTHLKA,,1,2026,,,,,,1.0
InputActivityRatio,B_Opt_IndiaCostsFuel,GLOBAL,PWROTHLKAXX,OTHLKA,,1,2027,,,,,,1.0
InputActivityRatio,B_Opt_IndiaCostsFuel,GLOBAL,PWROTHLKAXX,OTHLKA,,1,2028,,,,,,1.0
InputActivityRatio,B_Opt_IndiaCostsFuel,GLOBAL,PWROTHLKAXX,OTHLKA,,1,2029,,,,,,1.0
InputActivityRatio,B_Opt_IndiaCostsFuel,GLOBAL,PWROTHLKAXX,OTHLKA,,1,2030,,,,,,1.0
InputActivityRatio,B_Opt_IndiaCostsFuel,GLOBAL,PWROTHLKAXX,OTHLKA,,1,2031,,,,,,1.0
InputActivityRatio,B_Opt_IndiaCostsFuel,GLOBAL,PWROTHLKAXX,OTHLKA,,1,2032,,,,,,1.0
InputActivityRatio,B_Opt_IndiaCostsFuel,GLOBAL,PWROTHLKAXX,OTHLKA,,1,2033,,,,,,1.0
InputActivityRatio,B_Opt_IndiaCostsFuel,GLOBAL,PWROTHLKAXX,OTHLKA,,1,2034,,,,,,1.0
InputActivityRatio,B_Opt_IndiaCostsFuel,GLOBAL,PWROTHLKAXX,OTHLKA,,1,2035,,,,,,1.0
InputActivityRatio,B_Opt_IndiaCostsFuel,GLOBAL,PWROTHLKAXX,OTHLKA,,1,2036,,,,,,1.0
InputActivityRatio,B_Opt_IndiaCostsFuel,GLOBAL,PWROTHLKAXX,OTHLKA,,1,2037,,,,,,1.0
InputActivityRatio,B_Opt_IndiaCostsFuel,GLOBAL,PWROTHLKAXX,OTHLKA,,1,2038,,,,,,1.0
InputActivityRatio,B_Opt_IndiaCostsFuel,GLOBAL,PWROTHLKAXX,OTHLKA,,1,2039,,,,,,1.0
InputActivityRatio,B_Opt_IndiaCostsFuel,GLOBAL,PWROTHLKAXX,OTHLKA,,1,2040,,,,,,1.0
InputActivityRatio,B_Opt_IndiaCostsFuel,GLOBAL,PWROTHLKAXX,OTHLKA,,1,2041,,,,,,1.0
InputActivityRatio,B_Opt_IndiaCostsFuel,GLOBAL,PWROTHLKAXX,OTHLKA,,1,2042,,,,,,1.0
InputActivityRatio,B_Opt_IndiaCostsFuel,GLOBAL,PWROTHLKAXX,OTHLKA,,1,2043,,,,,,1.0
InputActivityRatio,B_Opt_IndiaCostsFuel,GLOBAL,PWROTHLKAXX,OTHLKA,,1,2044,,,,,,1.0
InputActivityRatio,B_Opt_IndiaCostsFuel,GLOBAL,PWROTHLKAXX,OTHLKA,,1,2045,,,,,,1.0
InputActivityRatio,B_Opt_IndiaCostsFuel,GLOBAL,PWROTHLKAXX,OTHLKA,,1,2046,,,,,,1.0
InputActivityRatio,B_Opt_IndiaCostsFuel,GLOBAL,PWROTHLKAXX,OTHLKA,,1,2047,,,,,,1.0
InputActivityRatio,B_Opt_IndiaCostsFuel,GLOBAL,PWROTHLKAXX,OTHLKA,,1,2048,,,,,,1.0
InputActivityRatio,B_Opt_IndiaCostsFuel,GLOBAL,PWROTHLKAXX,OTHLKA,,1,2049,,,,,,1.0
InputActivityRatio,B_Opt_IndiaCostsFuel,GLOBAL,PWROTHLKAXX,OTHLKA,,1,2050,,,,,,1.0
InputActivityRatio,B_Opt_IndiaCostsFuel,GLOBAL,PWROTHLKAXX,OTHINT,,2,2023,,,,,,1.0
InputActivityRatio,B_Opt_IndiaCostsFuel,GLOBAL,PWROTHLKAXX,OTHINT,,2,2024,,,,,,1.0
InputActivityRatio,B_Opt_IndiaCostsFuel,GLOBAL,PWROTHLKAXX,OTHINT,,2,2025,,,,,,1.0
InputActivityRatio,B_Opt_IndiaCostsFuel,GLOBAL,PWROTHLKAXX,OTHINT,,2,2026,,,,,,1.0
InputActivityRatio,B_Opt_IndiaCostsFuel,GLOBAL,PWROTHLKAXX,OTHINT,,2,2027,,,,,,1.0
InputActivityRatio,B_Opt_IndiaCostsFuel,GLOBAL,PWROTHLKAXX,OTHINT,,2,2028,,,,,,1.0
InputActivityRatio,B_Opt_IndiaCostsFuel,GLOBAL,PWROTHLKAXX,OTHINT,,2,2029,,,,,,1.0
InputActivityRatio,B_Opt_IndiaCostsFuel,GLOBAL,PWROTHLKAXX,OTHINT,,2,2030,,,,,,1.0
InputActivityRatio,B_Opt_IndiaCostsFuel,GLOBAL,PWROTHLKAXX,OTHINT,,2,2031,,,,,,1.0
InputActivityRatio,B_Opt_IndiaCostsFuel,GLOBAL,PWROTHLKAXX,OTHINT,,2,2032,,,,,,1.0
InputActivityRatio,B_Opt_IndiaCostsFuel,GLOBAL,PWROTHLKAXX,OTHINT,,2,2033,,,,,,1.0
InputActivityRatio,B_Opt_IndiaCostsFuel,GLOBAL,PWROTHLKAXX,OTHINT,,2,2034,,,,,,1.0
InputActivityRatio,B_Opt_IndiaCostsFuel,GLOBAL,PWROTHLKAXX,OTHINT,,2,2035,,,,,,1.0
InputActivityRatio,B_Opt_IndiaCostsFuel,GLOBAL,PWROTHLKAXX,OTHINT,,2,2036,,,,,,1.0
InputActivityRatio,B_Opt_IndiaCostsFuel,GLOBAL,PWROTHLKAXX,OTHINT,,2,2037,,,,,,1.0
InputActivityRatio,B_Opt_IndiaCostsFuel,GLOBAL,PWROTHLKAXX,OTHINT,,2,2038,,,,,,1.0
InputActivityRatio,B_Opt_IndiaCostsFuel,GLOBAL,PWROTHLKAXX,OTHINT,,2,2039,,,,,,1.0
InputActivityRatio,B_Opt_IndiaCostsFuel,GLOBAL,PWROTHLKAXX,OTHINT,,2,2040,,,,,,1.0
InputActivityRatio,B_Opt_IndiaCostsFuel,GLOBAL,PWROTHLKAXX,OTHINT,,2,2041,,,,,,1.0
InputActivityRatio,B_Opt_IndiaCostsFuel,GLOBAL,PWROTHLKAXX,OTHINT,,2,2042,,,,,,1.0
InputActivityRatio,B_Opt_IndiaCostsFuel,GLOBAL,PWROTHLKAXX,OTHINT,,2,2043,,,,,,1.0
InputActivityRatio,B_Opt_IndiaCostsFuel,GLOBAL,PWROTHLKAXX,OTHINT,,2,2044,,,,,,1.0
InputActivityRatio,B_Opt_IndiaCostsFuel,GLOBAL,PWROTHLKAXX,OTHINT,,2,2045,,,,,,1.0
InputActivityRatio,B_Opt_IndiaCostsFuel,GLOBAL,PWROTHLKAXX,OTHINT,,2,2046,,,,,,1.0
InputActivityRatio,B_Opt_IndiaCostsFuel,GLOBAL,PWROTHLKAXX,OTHINT,,2,2047,,,,,,1.0
InputActivityRatio,B_Opt_IndiaCostsFuel,GLOBAL,PWROTHLKAXX,OTHINT,,2,2048,,,,,,1.0
InputActivityRatio,B_Opt_IndiaCostsFuel,GLOBAL,PWROTHLKAXX,OTHINT,,2,2049,,,,,,1.0
InputActivityRatio,B_Opt_IndiaCostsFuel,GLOBAL,PWROTHLKAXX,OTHINT,,2,2050,,,,,,1.0
InputActivityRatio,B_Opt_IndiaCostsFuel,GLOBAL,PWROTHMDVXX,OTHMDV,,1,2023,,,,,,1.0
InputActivityRatio,B_Opt_IndiaCostsFuel,GLOBAL,PWROTHMDVXX,OTHMDV,,1,2024,,,,,,1.0
InputActivityRatio,B_Opt_IndiaCostsFuel,GLOBAL,PWROTHMDVXX,OTHMDV,,1,2025,,,,,,1.0
InputActivityRatio,B_Opt_IndiaCostsFuel,GLOBAL,PWROTHMDVXX,OTHMDV,,1,2026,,,,,,1.0
InputActivityRatio,B_Opt_IndiaCostsFuel,GLOBAL,PWROTHMDVXX,OTHMDV,,1,2027,,,,,,1.0
InputActivityRatio,B_Opt_IndiaCostsFuel,GLOBAL,PWROTHMDVXX,OTHMDV,,1,2028,,,,,,1.0
InputActivityRatio,B_Opt_IndiaCostsFuel,GLOBAL,PWROTHMDVXX,OTHMDV,,1,2029,,,,,,1.0
InputActivityRatio,B_Opt_IndiaCostsFuel,GLOBAL,PWROTHMDVXX,OTHMDV,,1,2030,,,,,,1.0
InputActivityRatio,B_Opt_IndiaCostsFuel,GLOBAL,PWROTHMDVXX,OTHMDV,,1,2031,,,,,,1.0
InputActivityRatio,B_Opt_IndiaCostsFuel,GLOBAL,PWROTHMDVXX,OTHMDV,,1,2032,,,,,,1.0
InputActivityRatio,B_Opt_IndiaCostsFuel,GLOBAL,PWROTHMDVXX,OTHMDV,,1,2033,,,,,,1.0
InputActivityRatio,B_Opt_IndiaCostsFuel,GLOBAL,PWROTHMDVXX,OTHMDV,,1,2034,,,,,,1.0
InputActivityRatio,B_Opt_IndiaCostsFuel,GLOBAL,PWROTHMDVXX,OTHMDV,,1,2035,,,,,,1.0
InputActivityRatio,B_Opt_IndiaCostsFuel,GLOBAL,PWROTHMDVXX,OTHMDV,,1,2036,,,,,,1.0
InputActivityRatio,B_Opt_IndiaCostsFuel,GLOBAL,PWROTHMDVXX,OTHMDV,,1,2037,,,,,,1.0
InputActivityRatio,B_Opt_IndiaCostsFuel,GLOBAL,PWROTHMDVXX,OTHMDV,,1,2038,,,,,,1.0
InputActivityRatio,B_Opt_IndiaCostsFuel,GLOBAL,PWROTHMDVXX,OTHMDV,,1,2039,,,,,,1.0
InputActivityRatio,B_Opt_IndiaCostsFuel,GLOBAL,PWROTHMDVXX,OTHMDV,,1,2040,,,,,,1.0
InputActivityRatio,B_Opt_IndiaCostsFuel,GLOBAL,PWROTHMDVXX,OTHMDV,,1,2041,,,,,,1.0
InputActivityRatio,B_Opt_IndiaCostsFuel,GLOBAL,PWROTHMDVXX,OTHMDV,,1,2042,,,,,,1.0
InputActivityRatio,B_Opt_IndiaCostsFuel,GLOBAL,PWROTHMDVXX,OTHMDV,,1,2043,,,,,,1.0
InputActivityRatio,B_Opt_IndiaCostsFuel,GLOBAL,PWROTHMDVXX,OTHMDV,,1,2044,,,,,,1.0
InputActivityRatio,B_Opt_IndiaCostsFuel,GLOBAL,PWROTHMDVXX,OTHMDV,,1,2045,,,,,,1.0
InputActivityRatio,B_Opt_IndiaCostsFuel,GLOBAL,PWROTHMDVXX,OTHMDV,,1,2046,,,,,,1.0
InputActivityRatio,B_Opt_IndiaCostsFuel,GLOBAL,PWROTHMDVXX,OTHMDV,,1,2047,,,,,,1.0
InputActivityRatio,B_Opt_IndiaCostsFuel,GLOBAL,PWROTHMDVXX,OTHMDV,,1,2048,,,,,,1.0
InputActivityRatio,B_Opt_IndiaCostsFuel,GLOBAL,PWROTHMDVXX,OTHMDV,,1,2049,,,,,,1.0
InputActivityRatio,B_Opt_IndiaCostsFuel,GLOBAL,PWROTHMDVXX,OTHMDV,,1,2050,,,,,,1.0
InputActivityRatio,B_Opt_IndiaCostsFuel,GLOBAL,PWROTHMDVXX,OTHINT,,2,2023,,,,,,1.0
InputActivityRatio,B_Opt_IndiaCostsFuel,GLOBAL,PWROTHMDVXX,OTHINT,,2,2024,,,,,,1.0
InputActivityRatio,B_Opt_IndiaCostsFuel,GLOBAL,PWROTHMDVXX,OTHINT,,2,2025,,,,,,1.0
InputActivityRatio,B_Opt_IndiaCostsFuel,GLOBAL,PWROTHMDVXX,OTHINT,,2,2026,,,,,,1.0
InputActivityRatio,B_Opt_IndiaCostsFuel,GLOBAL,PWROTHMDVXX,OTHINT,,2,2027,,,,,,1.0
InputActivityRatio,B_Opt_IndiaCostsFuel,GLOBAL,PWROTHMDVXX,OTHINT,,2,2028,,,,,,1.0
InputActivityRatio,B_Opt_IndiaCostsFuel,GLOBAL,PWROTHMDVXX,OTHINT,,2,2029,,,,,,1.0
InputActivityRatio,B_Opt_IndiaCostsFuel,GLOBAL,PWROTHMDVXX,OTHINT,,2,2030,,,,,,1.0
InputActivityRatio,B_Opt_IndiaCostsFuel,GLOBAL,PWROTHMDVXX,OTHINT,,2,2031,,,,,,1.0
InputActivityRatio,B_Opt_IndiaCostsFuel,GLOBAL,PWROTHMDVXX,OTHINT,,2,2032,,,,,,1.0
InputActivityRatio,B_Opt_IndiaCostsFuel,GLOBAL,PWROTHMDVXX,OTHINT,,2,2033,,,,,,1.0
InputActivityRatio,B_Opt_IndiaCostsFuel,GLOBAL,PWROTHMDVXX,OTHINT,,2,2034,,,,,,1.0
InputActivityRatio,B_Opt_IndiaCostsFuel,GLOBAL,PWROTHMDVXX,OTHINT,,2,2035,,,,,,1.0
InputActivityRatio,B_Opt_IndiaCostsFuel,GLOBAL,PWROTHMDVXX,OTHINT,,2,2036,,,,,,1.0
InputActivityRatio,B_Opt_IndiaCostsFuel,GLOBAL,PWROTHMDVXX,OTHINT,,2,2037,,,,,,1.0
InputActivityRatio,B_Opt_IndiaCostsFuel,GLOBAL,PWROTHMDVXX,OTHINT,,2,2038,,,,,,1.0
InputActivityRatio,B_Opt_IndiaCostsFuel,GLOBAL,PWROTHMDVXX,OTHINT,,2,2039,,,,,,1.0
InputActivityRatio,B_Opt_IndiaCostsFuel,GLOBAL,PWROTHMDVXX,OTHINT,,2,2040,,,,,,1.0
InputActivityRatio,B_Opt_IndiaCostsFuel,GLOBAL,PWROTHMDVXX,OTHINT,,2,2041,,,,,,1.0
InputActivityRatio,B_Opt_IndiaCostsFuel,GLOBAL,PWROTHMDVXX,OTHINT,,2,2042,,,,,,1.0
InputActivityRatio,B_Opt_IndiaCostsFuel,GLOBAL,PWROTHMDVXX,OTHINT,,2,2043,,,,,,1.0
InputActivityRatio,B_Opt_IndiaCostsFuel,GLOBAL,PWROTHMDVXX,OTHINT,,2,2044,,,,,,1.0
InputActivityRatio,B_Opt_IndiaCostsFuel,GLOBAL,PWROTHMDVXX,OTHINT,,2,2045,,,,,,1.0
InputActivityRatio,B_Opt_IndiaCostsFuel,GLOBAL,PWROTHMDVXX,OTHINT,,2,2046,,,,,,1.0
InputActivityRatio,B_Opt_IndiaCostsFuel,GLOBAL,PWROTHMDVXX,OTHINT,,2,2047,,,,,,1.0
InputActivityRatio,B_Opt_IndiaCostsFuel,GLOBAL,PWROTHMDVXX,OTHINT,,2,2048,,,,,,1.0
InputActivityRatio,B_Opt_IndiaCostsFuel,GLOBAL,PWROTHMDVXX,OTHINT,,2,2049,,,,,,1.0
InputActivityRatio,B_Opt_IndiaCostsFuel,GLOBAL,PWROTHMDVXX,OTHINT,,2,2050,,,,,,1.0
InputActivityRatio,B_Opt_IndiaCostsFuel,GLOBAL,PWROTHNPLXX,OTHNPL,,1,2023,,,,,,1.0
InputActivityRatio,B_Opt_IndiaCostsFuel,GLOBAL,PWROTHNPLXX,OTHNPL,,1,2024,,,,,,1.0
InputActivityRatio,B_Opt_IndiaCostsFuel,GLOBAL,PWROTHNPLXX,OTHNPL,,1,2025,,,,,,1.0
InputActivityRatio,B_Opt_IndiaCostsFuel,GLOBAL,PWROTHNPLXX,OTHNPL,,1,2026,,,,,,1.0
InputActivityRatio,B_Opt_IndiaCostsFuel,GLOBAL,PWROTHNPLXX,OTHNPL,,1,2027,,,,,,1.0
InputActivityRatio,B_Opt_IndiaCostsFuel,GLOBAL,PWROTHNPLXX,OTHNPL,,1,2028,,,,,,1.0
InputActivityRatio,B_Opt_IndiaCostsFuel,GLOBAL,PWROTHNPLXX,OTHNPL,,1,2029,,,,,,1.0
InputActivityRatio,B_Opt_IndiaCostsFuel,GLOBAL,PWROTHNPLXX,OTHNPL,,1,2030,,,,,,1.0
InputActivityRatio,B_Opt_IndiaCostsFuel,GLOBAL,PWROTHNPLXX,OTHNPL,,1,2031,,,,,,1.0
InputActivityRatio,B_Opt_IndiaCostsFuel,GLOBAL,PWROTHNPLXX,OTHNPL,,1,2032,,,,,,1.0
InputActivityRatio,B_Opt_IndiaCostsFuel,GLOBAL,PWROTHNPLXX,OTHNPL,,1,2033,,,,,,1.0
InputActivityRatio,B_Opt_IndiaCostsFuel,GLOBAL,PWROTHNPLXX,OTHNPL,,1,2034,,,,,,1.0
InputActivityRatio,B_Opt_IndiaCostsFuel,GLOBAL,PWROTHNPLXX,OTHNPL,,1,2035,,,,,,1.0
InputActivityRatio,B_Opt_IndiaCostsFuel,GLOBAL,PWROTHNPLXX,OTHNPL,,1,2036,,,,,,1.0
InputActivityRatio,B_Opt_IndiaCostsFuel,GLOBAL,PWROTHNPLXX,OTHNPL,,1,2037,,,,,,1.0
InputActivityRatio,B_Opt_IndiaCostsFuel,GLOBAL,PWROTHNPLXX,OTHNPL,,1,2038,,,,,,1.0
InputActivityRatio,B_Opt_IndiaCostsFuel,GLOBAL,PWROTHNPLXX,OTHNPL,,1,2039,,,,,,1.0
InputActivityRatio,B_Opt_IndiaCostsFuel,GLOBAL,PWROTHNPLXX,OTHNPL,,1,2040,,,,,,1.0
InputActivityRatio,B_Opt_IndiaCostsFuel,GLOBAL,PWROTHNPLXX,OTHNPL,,1,2041,,,,,,1.0
InputActivityRatio,B_Opt_IndiaCostsFuel,GLOBAL,PWROTHNPLXX,OTHNPL,,1,2042,,,,,,1.0
InputActivityRatio,B_Opt_IndiaCostsFuel,GLOBAL,PWROTHNPLXX,OTHNPL,,1,2043,,,,,,1.0
InputActivityRatio,B_Opt_IndiaCostsFuel,GLOBAL,PWROTHNPLXX,OTHNPL,,1,2044,,,,,,1.0
InputActivityRatio,B_Opt_IndiaCostsFuel,GLOBAL,PWROTHNPLXX,OTHNPL,,1,2045,,,,,,1.0
InputActivityRatio,B_Opt_IndiaCostsFuel,GLOBAL,PWROTHNPLXX,OTHNPL,,1,2046,,,,,,1.0
InputActivityRatio,B_Opt_IndiaCostsFuel,GLOBAL,PWROTHNPLXX,OTHNPL,,1,2047,,,,,,1.0
InputActivityRatio,B_Opt_IndiaCostsFuel,GLOBAL,PWROTHNPLXX,OTHNPL,,1,2048,,,,,,1.0
InputActivityRatio,B_Opt_IndiaCostsFuel,GLOBAL,PWROTHNPLXX,OTHNPL,,1,2049,,,,,,1.0
InputActivityRatio,B_Opt_IndiaCostsFuel,GLOBAL,PWROTHNPLXX,OTHNPL,,1,2050,,,,,,1.0
InputActivityRatio,B_Opt_IndiaCostsFuel,GLOBAL,PWROTHNPLXX,OTHINT,,2,2023,,,,,,1.0
InputActivityRatio,B_Opt_IndiaCostsFuel,GLOBAL,PWROTHNPLXX,OTHINT,,2,2024,,,,,,1.0
InputActivityRatio,B_Opt_IndiaCostsFuel,GLOBAL,PWROTHNPLXX,OTHINT,,2,2025,,,,,,1.0
InputActivityRatio,B_Opt_IndiaCostsFuel,GLOBAL,PWROTHNPLXX,OTHINT,,2,2026,,,,,,1.0
InputActivityRatio,B_Opt_IndiaCostsFuel,GLOBAL,PWROTHNPLXX,OTHINT,,2,2027,,,,,,1.0
InputActivityRatio,B_Opt_IndiaCostsFuel,GLOBAL,PWROTHNPLXX,OTHINT,,2,2028,,,,,,1.0
InputActivityRatio,B_Opt_IndiaCostsFuel,GLOBAL,PWROTHNPLXX,OTHINT,,2,2029,,,,,,1.0
InputActivityRatio,B_Opt_IndiaCostsFuel,GLOBAL,PWROTHNPLXX,OTHINT,,2,2030,,,,,,1.0
InputActivityRatio,B_Opt_IndiaCostsFuel,GLOBAL,PWROTHNPLXX,OTHINT,,2,2031,,,,,,1.0
InputActivityRatio,B_Opt_IndiaCostsFuel,GLOBAL,PWROTHNPLXX,OTHINT,,2,2032,,,,,,1.0
InputActivityRatio,B_Opt_IndiaCostsFuel,GLOBAL,PWROTHNPLXX,OTHINT,,2,2033,,,,,,1.0
InputActivityRatio,B_Opt_IndiaCostsFuel,GLOBAL,PWROTHNPLXX,OTHINT,,2,2034,,,,,,1.0
InputActivityRatio,B_Opt_IndiaCostsFuel,GLOBAL,PWROTHNPLXX,OTHINT,,2,2035,,,,,,1.0
InputActivityRatio,B_Opt_IndiaCostsFuel,GLOBAL,PWROTHNPLXX,OTHINT,,2,2036,,,,,,1.0
InputActivityRatio,B_Opt_IndiaCostsFuel,GLOBAL,PWROTHNPLXX,OTHINT,,2,2037,,,,,,1.0
InputActivityRatio,B_Opt_IndiaCostsFuel,GLOBAL,PWROTHNPLXX,OTHINT,,2,2038,,,,,,1.0
InputActivityRatio,B_Opt_IndiaCostsFuel,GLOBAL,PWROTHNPLXX,OTHINT,,2,2039,,,,,,1.0
InputActivityRatio,B_Opt_IndiaCostsFuel,GLOBAL,PWROTHNPLXX,OTHINT,,2,2040,,,,,,1.0
InputActivityRatio,B_Opt_IndiaCostsFuel,GLOBAL,PWROTHNPLXX,OTHINT,,2,2041,,,,,,1.0
InputActivityRatio,B_Opt_IndiaCostsFuel,GLOBAL,PWROTHNPLXX,OTHINT,,2,2042,,,,,,1.0
InputActivityRatio,B_Opt_IndiaCostsFuel,GLOBAL,PWROTHNPLXX,OTHINT,,2,2043,,,,,,1.0
InputActivityRatio,B_Opt_IndiaCostsFuel,GLOBAL,PWROTHNPLXX,OTHINT,,2,2044,,,,,,1.0
InputActivityRatio,B_Opt_IndiaCostsFuel,GLOBAL,PWROTHNPLXX,OTHINT,,2,2045,,,,,,1.0
InputActivityRatio,B_Opt_IndiaCostsFuel,GLOBAL,PWROTHNPLXX,OTHINT,,2,2046,,,,,,1.0
InputActivityRatio,B_Opt_IndiaCostsFuel,GLOBAL,PWROTHNPLXX,OTHINT,,2,2047,,,,,,1.0
InputActivityRatio,B_Opt_IndiaCostsFuel,GLOBAL,PWROTHNPLXX,OTHINT,,2,2048,,,,,,1.0
InputActivityRatio,B_Opt_IndiaCostsFuel,GLOBAL,PWROTHNPLXX,OTHINT,,2,2049,,,,,,1.0
InputActivityRatio,B_Opt_IndiaCostsFuel,GLOBAL,PWROTHNPLXX,OTHINT,,2,2050,,,,,,1.0
InputActivityRatio,B_Opt_IndiaCostsFuel,GLOBAL,PWRPETBGDXX,PETBGD,,1,2023,,,,,,3.06
InputActivityRatio,B_Opt_IndiaCostsFuel,GLOBAL,PWRPETBGDXX,PETBGD,,1,2024,,,,,,3.06
InputActivityRatio,B_Opt_IndiaCostsFuel,GLOBAL,PWRPETBGDXX,PETBGD,,1,2025,,,,,,3.06
InputActivityRatio,B_Opt_IndiaCostsFuel,GLOBAL,PWRPETBGDXX,PETBGD,,1,2026,,,,,,3.06
InputActivityRatio,B_Opt_IndiaCostsFuel,GLOBAL,PWRPETBGDXX,PETBGD,,1,2027,,,,,,3.06
InputActivityRatio,B_Opt_IndiaCostsFuel,GLOBAL,PWRPETBGDXX,PETBGD,,1,2028,,,,,,3.06
InputActivityRatio,B_Opt_IndiaCostsFuel,GLOBAL,PWRPETBGDXX,PETBGD,,1,2029,,,,,,3.06
InputActivityRatio,B_Opt_IndiaCostsFuel,GLOBAL,PWRPETBGDXX,PETBGD,,1,2030,,,,,,3.06
InputActivityRatio,B_Opt_IndiaCostsFuel,GLOBAL,PWRPETBGDXX,PETBGD,,1,2031,,,,,,3.06
InputActivityRatio,B_Opt_IndiaCostsFuel,GLOBAL,PWRPETBGDXX,PETBGD,,1,2032,,,,,,3.06
InputActivityRatio,B_Opt_IndiaCostsFuel,GLOBAL,PWRPETBGDXX,PETBGD,,1,2033,,,,,,3.06
InputActivityRatio,B_Opt_IndiaCostsFuel,GLOBAL,PWRPETBGDXX,PETBGD,,1,2034,,,,,,3.06
InputActivityRatio,B_Opt_IndiaCostsFuel,GLOBAL,PWRPETBGDXX,PETBGD,,1,2035,,,,,,3.06
InputActivityRatio,B_Opt_IndiaCostsFuel,GLOBAL,PWRPETBGDXX,PETBGD,,1,2036,,,,,,3.06
InputActivityRatio,B_Opt_IndiaCostsFuel,GLOBAL,PWRPETBGDXX,PETBGD,,1,2037,,,,,,3.06
InputActivityRatio,B_Opt_IndiaCostsFuel,GLOBAL,PWRPETBGDXX,PETBGD,,1,2038,,,,,,3.06
InputActivityRatio,B_Opt_IndiaCostsFuel,GLOBAL,PWRPETBGDXX,PETBGD,,1,2039,,,,,,3.06
InputActivityRatio,B_Opt_IndiaCostsFuel,GLOBAL,PWRPETBGDXX,PETBGD,,1,2040,,,,,,3.06
InputActivityRatio,B_Opt_IndiaCostsFuel,GLOBAL,PWRPETBGDXX,PETBGD,,1,2041,,,,,,3.06
InputActivityRatio,B_Opt_IndiaCostsFuel,GLOBAL,PWRPETBGDXX,PETBGD,,1,2042,,,,,,3.06
InputActivityRatio,B_Opt_IndiaCostsFuel,GLOBAL,PWRPETBGDXX,PETBGD,,1,2043,,,,,,3.06
InputActivityRatio,B_Opt_IndiaCostsFuel,GLOBAL,PWRPETBGDXX,PETBGD,,1,2044,,,,,,3.06
InputActivityRatio,B_Opt_IndiaCostsFuel,GLOBAL,PWRPETBGDXX,PETBGD,,1,2045,,,,,,3.06
InputActivityRatio,B_Opt_IndiaCostsFuel,GLOBAL,PWRPETBGDXX,PETBGD,,1,2046,,,,,,3.06
InputActivityRatio,B_Opt_IndiaCostsFuel,GLOBAL,PWRPETBGDXX,PETBGD,,1,2047,,,,,,3.06
InputActivityRatio,B_Opt_IndiaCostsFuel,GLOBAL,PWRPETBGDXX,PETBGD,,1,2048,,,,,,3.06
InputActivityRatio,B_Opt_IndiaCostsFuel,GLOBAL,PWRPETBGDXX,PETBGD,,1,2049,,,,,,3.06
InputActivityRatio,B_Opt_IndiaCostsFuel,GLOBAL,PWRPETBGDXX,PETBGD,,1,2050,,,,,,3.06
InputActivityRatio,B_Opt_IndiaCostsFuel,GLOBAL,PWRPETBGDXX,PETINT,,2,2023,,,,,,3.06
InputActivityRatio,B_Opt_IndiaCostsFuel,GLOBAL,PWRPETBGDXX,PETINT,,2,2024,,,,,,3.06
InputActivityRatio,B_Opt_IndiaCostsFuel,GLOBAL,PWRPETBGDXX,PETINT,,2,2025,,,,,,3.06
InputActivityRatio,B_Opt_IndiaCostsFuel,GLOBAL,PWRPETBGDXX,PETINT,,2,2026,,,,,,3.06
InputActivityRatio,B_Opt_IndiaCostsFuel,GLOBAL,PWRPETBGDXX,PETINT,,2,2027,,,,,,3.06
InputActivityRatio,B_Opt_IndiaCostsFuel,GLOBAL,PWRPETBGDXX,PETINT,,2,2028,,,,,,3.06
InputActivityRatio,B_Opt_IndiaCostsFuel,GLOBAL,PWRPETBGDXX,PETINT,,2,2029,,,,,,3.06
InputActivityRatio,B_Opt_IndiaCostsFuel,GLOBAL,PWRPETBGDXX,PETINT,,2,2030,,,,,,3.06
InputActivityRatio,B_Opt_IndiaCostsFuel,GLOBAL,PWRPETBGDXX,PETINT,,2,2031,,,,,,3.06
InputActivityRatio,B_Opt_IndiaCostsFuel,GLOBAL,PWRPETBGDXX,PETINT,,2,2032,,,,,,3.06
InputActivityRatio,B_Opt_IndiaCostsFuel,GLOBAL,PWRPETBGDXX,PETINT,,2,2033,,,,,,3.06
InputActivityRatio,B_Opt_IndiaCostsFuel,GLOBAL,PWRPETBGDXX,PETINT,,2,2034,,,,,,3.06
InputActivityRatio,B_Opt_IndiaCostsFuel,GLOBAL,PWRPETBGDXX,PETINT,,2,2035,,,,,,3.06
InputActivityRatio,B_Opt_IndiaCostsFuel,GLOBAL,PWRPETBGDXX,PETINT,,2,2036,,,,,,3.06
InputActivityRatio,B_Opt_IndiaCostsFuel,GLOBAL,PWRPETBGDXX,PETINT,,2,2037,,,,,,3.06
InputActivityRatio,B_Opt_IndiaCostsFuel,GLOBAL,PWRPETBGDXX,PETINT,,2,2038,,,,,,3.06
InputActivityRatio,B_Opt_IndiaCostsFuel,GLOBAL,PWRPETBGDXX,PETINT,,2,2039,,,,,,3.06
InputActivityRatio,B_Opt_IndiaCostsFuel,GLOBAL,PWRPETBGDXX,PETINT,,2,2040,,,,,,3.06
InputActivityRatio,B_Opt_IndiaCostsFuel,GLOBAL,PWRPETBGDXX,PETINT,,2,2041,,,,,,3.06
InputActivityRatio,B_Opt_IndiaCostsFuel,GLOBAL,PWRPETBGDXX,PETINT,,2,2042,,,,,,3.06
InputActivityRatio,B_Opt_IndiaCostsFuel,GLOBAL,PWRPETBGDXX,PETINT,,2,2043,,,,,,3.06
InputActivityRatio,B_Opt_IndiaCostsFuel,GLOBAL,PWRPETBGDXX,PETINT,,2,2044,,,,,,3.06
InputActivityRatio,B_Opt_IndiaCostsFuel,GLOBAL,PWRPETBGDXX,PETINT,,2,2045,,,,,,3.06
InputActivityRatio,B_Opt_IndiaCostsFuel,GLOBAL,PWRPETBGDXX,PETINT,,2,2046,,,,,,3.06
InputActivityRatio,B_Opt_IndiaCostsFuel,GLOBAL,PWRPETBGDXX,PETINT,,2,2047,,,,,,3.06
InputActivityRatio,B_Opt_IndiaCostsFuel,GLOBAL,PWRPETBGDXX,PETINT,,2,2048,,,,,,3.06
InputActivityRatio,B_Opt_IndiaCostsFuel,GLOBAL,PWRPETBGDXX,PETINT,,2,2049,,,,,,3.06
InputActivityRatio,B_Opt_IndiaCostsFuel,GLOBAL,PWRPETBGDXX,PETINT,,2,2050,,,,,,3.06
InputActivityRatio,B_Opt_IndiaCostsFuel,GLOBAL,PWRPETBTNXX,PETBTN,,1,2023,,,,,,3.06
InputActivityRatio,B_Opt_IndiaCostsFuel,GLOBAL,PWRPETBTNXX,PETBTN,,1,2024,,,,,,3.06
InputActivityRatio,B_Opt_IndiaCostsFuel,GLOBAL,PWRPETBTNXX,PETBTN,,1,2025,,,,,,3.06
InputActivityRatio,B_Opt_IndiaCostsFuel,GLOBAL,PWRPETBTNXX,PETBTN,,1,2026,,,,,,3.06
InputActivityRatio,B_Opt_IndiaCostsFuel,GLOBAL,PWRPETBTNXX,PETBTN,,1,2027,,,,,,3.06
InputActivityRatio,B_Opt_IndiaCostsFuel,GLOBAL,PWRPETBTNXX,PETBTN,,1,2028,,,,,,3.06
InputActivityRatio,B_Opt_IndiaCostsFuel,GLOBAL,PWRPETBTNXX,PETBTN,,1,2029,,,,,,3.06
InputActivityRatio,B_Opt_IndiaCostsFuel,GLOBAL,PWRPETBTNXX,PETBTN,,1,2030,,,,,,3.06
InputActivityRatio,B_Opt_IndiaCostsFuel,GLOBAL,PWRPETBTNXX,PETBTN,,1,2031,,,,,,3.06
InputActivityRatio,B_Opt_IndiaCostsFuel,GLOBAL,PWRPETBTNXX,PETBTN,,1,2032,,,,,,3.06
InputActivityRatio,B_Opt_IndiaCostsFuel,GLOBAL,PWRPETBTNXX,PETBTN,,1,2033,,,,,,3.06
InputActivityRatio,B_Opt_IndiaCostsFuel,GLOBAL,PWRPETBTNXX,PETBTN,,1,2034,,,,,,3.06
InputActivityRatio,B_Opt_IndiaCostsFuel,GLOBAL,PWRPETBTNXX,PETBTN,,1,2035,,,,,,3.06
InputActivityRatio,B_Opt_IndiaCostsFuel,GLOBAL,PWRPETBTNXX,PETBTN,,1,2036,,,,,,3.06
InputActivityRatio,B_Opt_IndiaCostsFuel,GLOBAL,PWRPETBTNXX,PETBTN,,1,2037,,,,,,3.06
InputActivityRatio,B_Opt_IndiaCostsFuel,GLOBAL,PWRPETBTNXX,PETBTN,,1,2038,,,,,,3.06
InputActivityRatio,B_Opt_IndiaCostsFuel,GLOBAL,PWRPETBTNXX,PETBTN,,1,2039,,,,,,3.06
InputActivityRatio,B_Opt_IndiaCostsFuel,GLOBAL,PWRPETBTNXX,PETBTN,,1,2040,,,,,,3.06
InputActivityRatio,B_Opt_IndiaCostsFuel,GLOBAL,PWRPETBTNXX,PETBTN,,1,2041,,,,,,3.06
InputActivityRatio,B_Opt_IndiaCostsFuel,GLOBAL,PWRPETBTNXX,PETBTN,,1,2042,,,,,,3.06
InputActivityRatio,B_Opt_IndiaCostsFuel,GLOBAL,PWRPETBTNXX,PETBTN,,1,2043,,,,,,3.06
InputActivityRatio,B_Opt_IndiaCostsFuel,GLOBAL,PWRPETBTNXX,PETBTN,,1,2044,,,,,,3.06
InputActivityRatio,B_Opt_IndiaCostsFuel,GLOBAL,PWRPETBTNXX,PETBTN,,1,2045,,,,,,3.06
InputActivityRatio,B_Opt_IndiaCostsFuel,GLOBAL,PWRPETBTNXX,PETBTN,,1,2046,,,,,,3.06
InputActivityRatio,B_Opt_IndiaCostsFuel,GLOBAL,PWRPETBTNXX,PETBTN,,1,2047,,,,,,3.06
InputActivityRatio,B_Opt_IndiaCostsFuel,GLOBAL,PWRPETBTNXX,PETBTN,,1,2048,,,,,,3.06
InputActivityRatio,B_Opt_IndiaCostsFuel,GLOBAL,PWRPETBTNXX,PETBTN,,1,2049,,,,,,3.06
InputActivityRatio,B_Opt_IndiaCostsFuel,GLOBAL,PWRPETBTNXX,PETBTN,,1,2050,,,,,,3.06
InputActivityRatio,B_Opt_IndiaCostsFuel,GLOBAL,PWRPETBTNXX,PETINT,,2,2023,,,,,,3.06
InputActivityRatio,B_Opt_IndiaCostsFuel,GLOBAL,PWRPETBTNXX,PETINT,,2,2024,,,,,,3.06
InputActivityRatio,B_Opt_IndiaCostsFuel,GLOBAL,PWRPETBTNXX,PETINT,,2,2025,,,,,,3.06
InputActivityRatio,B_Opt_IndiaCostsFuel,GLOBAL,PWRPETBTNXX,PETINT,,2,2026,,,,,,3.06
InputActivityRatio,B_Opt_IndiaCostsFuel,GLOBAL,PWRPETBTNXX,PETINT,,2,2027,,,,,,3.06
InputActivityRatio,B_Opt_IndiaCostsFuel,GLOBAL,PWRPETBTNXX,PETINT,,2,2028,,,,,,3.06
InputActivityRatio,B_Opt_IndiaCostsFuel,GLOBAL,PWRPETBTNXX,PETINT,,2,2029,,,,,,3.06
InputActivityRatio,B_Opt_IndiaCostsFuel,GLOBAL,PWRPETBTNXX,PETINT,,2,2030,,,,,,3.06
InputActivityRatio,B_Opt_IndiaCostsFuel,GLOBAL,PWRPETBTNXX,PETINT,,2,2031,,,,,,3.06
InputActivityRatio,B_Opt_IndiaCostsFuel,GLOBAL,PWRPETBTNXX,PETINT,,2,2032,,,,,,3.06
InputActivityRatio,B_Opt_IndiaCostsFuel,GLOBAL,PWRPETBTNXX,PETINT,,2,2033,,,,,,3.06
InputActivityRatio,B_Opt_IndiaCostsFuel,GLOBAL,PWRPETBTNXX,PETINT,,2,2034,,,,,,3.06
InputActivityRatio,B_Opt_IndiaCostsFuel,GLOBAL,PWRPETBTNXX,PETINT,,2,2035,,,,,,3.06
InputActivityRatio,B_Opt_IndiaCostsFuel,GLOBAL,PWRPETBTNXX,PETINT,,2,2036,,,,,,3.06
InputActivityRatio,B_Opt_IndiaCostsFuel,GLOBAL,PWRPETBTNXX,PETINT,,2,2037,,,,,,3.06
InputActivityRatio,B_Opt_IndiaCostsFuel,GLOBAL,PWRPETBTNXX,PETINT,,2,2038,,,,,,3.06
InputActivityRatio,B_Opt_IndiaCostsFuel,GLOBAL,PWRPETBTNXX,PETINT,,2,2039,,,,,,3.06
InputActivityRatio,B_Opt_IndiaCostsFuel,GLOBAL,PWRPETBTNXX,PETINT,,2,2040,,,,,,3.06
InputActivityRatio,B_Opt_IndiaCostsFuel,GLOBAL,PWRPETBTNXX,PETINT,,2,2041,,,,,,3.06
InputActivityRatio,B_Opt_IndiaCostsFuel,GLOBAL,PWRPETBTNXX,PETINT,,2,2042,,,,,,3.06
InputActivityRatio,B_Opt_IndiaCostsFuel,GLOBAL,PWRPETBTNXX,PETINT,,2,2043,,,,,,3.06
InputActivityRatio,B_Opt_IndiaCostsFuel,GLOBAL,PWRPETBTNXX,PETINT,,2,2044,,,,,,3.06
InputActivityRatio,B_Opt_IndiaCostsFuel,GLOBAL,PWRPETBTNXX,PETINT,,2,2045,,,,,,3.06
InputActivityRatio,B_Opt_IndiaCostsFuel,GLOBAL,PWRPETBTNXX,PETINT,,2,2046,,,,,,3.06
InputActivityRatio,B_Opt_IndiaCostsFuel,GLOBAL,PWRPETBTNXX,PETINT,,2,2047,,,,,,3.06
InputActivityRatio,B_Opt_IndiaCostsFuel,GLOBAL,PWRPETBTNXX,PETINT,,2,2048,,,,,,3.06
InputActivityRatio,B_Opt_IndiaCostsFuel,GLOBAL,PWRPETBTNXX,PETINT,,2,2049,,,,,,3.06
InputActivityRatio,B_Opt_IndiaCostsFuel,GLOBAL,PWRPETBTNXX,PETINT,,2,2050,,,,,,3.06
InputActivityRatio,B_Opt_IndiaCostsFuel,GLOBAL,PWRPETINDEA,PETIND,,1,2023,,,,,,3.06
InputActivityRatio,B_Opt_IndiaCostsFuel,GLOBAL,PWRPETINDEA,PETIND,,1,2024,,,,,,3.06
InputActivityRatio,B_Opt_IndiaCostsFuel,GLOBAL,PWRPETINDEA,PETIND,,1,2025,,,,,,3.06
InputActivityRatio,B_Opt_IndiaCostsFuel,GLOBAL,PWRPETINDEA,PETIND,,1,2026,,,,,,3.06
InputActivityRatio,B_Opt_IndiaCostsFuel,GLOBAL,PWRPETINDEA,PETIND,,1,2027,,,,,,3.06
InputActivityRatio,B_Opt_IndiaCostsFuel,GLOBAL,PWRPETINDEA,PETIND,,1,2028,,,,,,3.06
InputActivityRatio,B_Opt_IndiaCostsFuel,GLOBAL,PWRPETINDEA,PETIND,,1,2029,,,,,,3.06
InputActivityRatio,B_Opt_IndiaCostsFuel,GLOBAL,PWRPETINDEA,PETIND,,1,2030,,,,,,3.06
InputActivityRatio,B_Opt_IndiaCostsFuel,GLOBAL,PWRPETINDEA,PETIND,,1,2031,,,,,,3.06
InputActivityRatio,B_Opt_IndiaCostsFuel,GLOBAL,PWRPETINDEA,PETIND,,1,2032,,,,,,3.06
InputActivityRatio,B_Opt_IndiaCostsFuel,GLOBAL,PWRPETINDEA,PETIND,,1,2033,,,,,,3.06
InputActivityRatio,B_Opt_IndiaCostsFuel,GLOBAL,PWRPETINDEA,PETIND,,1,2034,,,,,,3.06
InputActivityRatio,B_Opt_IndiaCostsFuel,GLOBAL,PWRPETINDEA,PETIND,,1,2035,,,,,,3.06
InputActivityRatio,B_Opt_IndiaCostsFuel,GLOBAL,PWRPETINDEA,PETIND,,1,2036,,,,,,3.06
InputActivityRatio,B_Opt_IndiaCostsFuel,GLOBAL,PWRPETINDEA,PETIND,,1,2037,,,,,,3.06
InputActivityRatio,B_Opt_IndiaCostsFuel,GLOBAL,PWRPETINDEA,PETIND,,1,2038,,,,,,3.06
InputActivityRatio,B_Opt_IndiaCostsFuel,GLOBAL,PWRPETINDEA,PETIND,,1,2039,,,,,,3.06
InputActivityRatio,B_Opt_IndiaCostsFuel,GLOBAL,PWRPETINDEA,PETIND,,1,2040,,,,,,3.06
InputActivityRatio,B_Opt_IndiaCostsFuel,GLOBAL,PWRPETINDEA,PETIND,,1,2041,,,,,,3.06
InputActivityRatio,B_Opt_IndiaCostsFuel,GLOBAL,PWRPETINDEA,PETIND,,1,2042,,,,,,3.06
InputActivityRatio,B_Opt_IndiaCostsFuel,GLOBAL,PWRPETINDEA,PETIND,,1,2043,,,,,,3.06
InputActivityRatio,B_Opt_IndiaCostsFuel,GLOBAL,PWRPETINDEA,PETIND,,1,2044,,,,,,3.06
InputActivityRatio,B_Opt_IndiaCostsFuel,GLOBAL,PWRPETINDEA,PETIND,,1,2045,,,,,,3.06
InputActivityRatio,B_Opt_IndiaCostsFuel,GLOBAL,PWRPETINDEA,PETIND,,1,2046,,,,,,3.06
InputActivityRatio,B_Opt_IndiaCostsFuel,GLOBAL,PWRPETINDEA,PETIND,,1,2047,,,,,,3.06
InputActivityRatio,B_Opt_IndiaCostsFuel,GLOBAL,PWRPETINDEA,PETIND,,1,2048,,,,,,3.06
InputActivityRatio,B_Opt_IndiaCostsFuel,GLOBAL,PWRPETINDEA,PETIND,,1,2049,,,,,,3.06
InputActivityRatio,B_Opt_IndiaCostsFuel,GLOBAL,PWRPETINDEA,PETIND,,1,2050,,,,,,3.06
InputActivityRatio,B_Opt_IndiaCostsFuel,GLOBAL,PWRPETINDEA,PETINT,,2,2023,,,,,,3.06
InputActivityRatio,B_Opt_IndiaCostsFuel,GLOBAL,PWRPETINDEA,PETINT,,2,2024,,,,,,3.06
InputActivityRatio,B_Opt_IndiaCostsFuel,GLOBAL,PWRPETINDEA,PETINT,,2,2025,,,,,,3.06
InputActivityRatio,B_Opt_IndiaCostsFuel,GLOBAL,PWRPETINDEA,PETINT,,2,2026,,,,,,3.06
InputActivityRatio,B_Opt_IndiaCostsFuel,GLOBAL,PWRPETINDEA,PETINT,,2,2027,,,,,,3.06
InputActivityRatio,B_Opt_IndiaCostsFuel,GLOBAL,PWRPETINDEA,PETINT,,2,2028,,,,,,3.06
InputActivityRatio,B_Opt_IndiaCostsFuel,GLOBAL,PWRPETINDEA,PETINT,,2,2029,,,,,,3.06
InputActivityRatio,B_Opt_IndiaCostsFuel,GLOBAL,PWRPETINDEA,PETINT,,2,2030,,,,,,3.06
InputActivityRatio,B_Opt_IndiaCostsFuel,GLOBAL,PWRPETINDEA,PETINT,,2,2031,,,,,,3.06
InputActivityRatio,B_Opt_IndiaCostsFuel,GLOBAL,PWRPETINDEA,PETINT,,2,2032,,,,,,3.06
InputActivityRatio,B_Opt_IndiaCostsFuel,GLOBAL,PWRPETINDEA,PETINT,,2,2033,,,,,,3.06
InputActivityRatio,B_Opt_IndiaCostsFuel,GLOBAL,PWRPETINDEA,PETINT,,2,2034,,,,,,3.06
InputActivityRatio,B_Opt_IndiaCostsFuel,GLOBAL,PWRPETINDEA,PETINT,,2,2035,,,,,,3.06
InputActivityRatio,B_Opt_IndiaCostsFuel,GLOBAL,PWRPETINDEA,PETINT,,2,2036,,,,,,3.06
InputActivityRatio,B_Opt_IndiaCostsFuel,GLOBAL,PWRPETINDEA,PETINT,,2,2037,,,,,,3.06
InputActivityRatio,B_Opt_IndiaCostsFuel,GLOBAL,PWRPETINDEA,PETINT,,2,2038,,,,,,3.06
InputActivityRatio,B_Opt_IndiaCostsFuel,GLOBAL,PWRPETINDEA,PETINT,,2,2039,,,,,,3.06
InputActivityRatio,B_Opt_IndiaCostsFuel,GLOBAL,PWRPETINDEA,PETINT,,2,2040,,,,,,3.06
InputActivityRatio,B_Opt_IndiaCostsFuel,GLOBAL,PWRPETINDEA,PETINT,,2,2041,,,,,,3.06
InputActivityRatio,B_Opt_IndiaCostsFuel,GLOBAL,PWRPETINDEA,PETINT,,2,2042,,,,,,3.06
InputActivityRatio,B_Opt_IndiaCostsFuel,GLOBAL,PWRPETINDEA,PETINT,,2,2043,,,,,,3.06
InputActivityRatio,B_Opt_IndiaCostsFuel,GLOBAL,PWRPETINDEA,PETINT,,2,2044,,,,,,3.06
InputActivityRatio,B_Opt_IndiaCostsFuel,GLOBAL,PWRPETINDEA,PETINT,,2,2045,,,,,,3.06
InputActivityRatio,B_Opt_IndiaCostsFuel,GLOBAL,PWRPETINDEA,PETINT,,2,2046,,,,,,3.06
InputActivityRatio,B_Opt_IndiaCostsFuel,GLOBAL,PWRPETINDEA,PETINT,,2,2047,,,,,,3.06
InputActivityRatio,B_Opt_IndiaCostsFuel,GLOBAL,PWRPETINDEA,PETINT,,2,2048,,,,,,3.06
InputActivityRatio,B_Opt_IndiaCostsFuel,GLOBAL,PWRPETINDEA,PETINT,,2,2049,,,,,,3.06
InputActivityRatio,B_Opt_IndiaCostsFuel,GLOBAL,PWRPETINDEA,PETINT,,2,2050,,,,,,3.06
InputActivityRatio,B_Opt_IndiaCostsFuel,GLOBAL,PWRPETINDNE,PETIND,,1,2023,,,,,,3.06
InputActivityRatio,B_Opt_IndiaCostsFuel,GLOBAL,PWRPETINDNE,PETIND,,1,2024,,,,,,3.06
InputActivityRatio,B_Opt_IndiaCostsFuel,GLOBAL,PWRPETINDNE,PETIND,,1,2025,,,,,,3.06
InputActivityRatio,B_Opt_IndiaCostsFuel,GLOBAL,PWRPETINDNE,PETIND,,1,2026,,,,,,3.06
InputActivityRatio,B_Opt_IndiaCostsFuel,GLOBAL,PWRPETINDNE,PETIND,,1,2027,,,,,,3.06
InputActivityRatio,B_Opt_IndiaCostsFuel,GLOBAL,PWRPETINDNE,PETIND,,1,2028,,,,,,3.06
InputActivityRatio,B_Opt_IndiaCostsFuel,GLOBAL,PWRPETINDNE,PETIND,,1,2029,,,,,,3.06
InputActivityRatio,B_Opt_IndiaCostsFuel,GLOBAL,PWRPETINDNE,PETIND,,1,2030,,,,,,3.06
InputActivityRatio,B_Opt_IndiaCostsFuel,GLOBAL,PWRPETINDNE,PETIND,,1,2031,,,,,,3.06
InputActivityRatio,B_Opt_IndiaCostsFuel,GLOBAL,PWRPETINDNE,PETIND,,1,2032,,,,,,3.06
InputActivityRatio,B_Opt_IndiaCostsFuel,GLOBAL,PWRPETINDNE,PETIND,,1,2033,,,,,,3.06
InputActivityRatio,B_Opt_IndiaCostsFuel,GLOBAL,PWRPETINDNE,PETIND,,1,2034,,,,,,3.06
InputActivityRatio,B_Opt_IndiaCostsFuel,GLOBAL,PWRPETINDNE,PETIND,,1,2035,,,,,,3.06
InputActivityRatio,B_Opt_IndiaCostsFuel,GLOBAL,PWRPETINDNE,PETIND,,1,2036,,,,,,3.06
InputActivityRatio,B_Opt_IndiaCostsFuel,GLOBAL,PWRPETINDNE,PETIND,,1,2037,,,,,,3.06
InputActivityRatio,B_Opt_IndiaCostsFuel,GLOBAL,PWRPETINDNE,PETIND,,1,2038,,,,,,3.06
InputActivityRatio,B_Opt_IndiaCostsFuel,GLOBAL,PWRPETINDNE,PETIND,,1,2039,,,,,,3.06
InputActivityRatio,B_Opt_IndiaCostsFuel,GLOBAL,PWRPETINDNE,PETIND,,1,2040,,,,,,3.06
InputActivityRatio,B_Opt_IndiaCostsFuel,GLOBAL,PWRPETINDNE,PETIND,,1,2041,,,,,,3.06
InputActivityRatio,B_Opt_IndiaCostsFuel,GLOBAL,PWRPETINDNE,PETIND,,1,2042,,,,,,3.06
InputActivityRatio,B_Opt_IndiaCostsFuel,GLOBAL,PWRPETINDNE,PETIND,,1,2043,,,,,,3.06
InputActivityRatio,B_Opt_IndiaCostsFuel,GLOBAL,PWRPETINDNE,PETIND,,1,2044,,,,,,3.06
InputActivityRatio,B_Opt_IndiaCostsFuel,GLOBAL,PWRPETINDNE,PETIND,,1,2045,,,,,,3.06
InputActivityRatio,B_Opt_IndiaCostsFuel,GLOBAL,PWRPETINDNE,PETIND,,1,2046,,,,,,3.06
InputActivityRatio,B_Opt_IndiaCostsFuel,GLOBAL,PWRPETINDNE,PETIND,,1,2047,,,,,,3.06
InputActivityRatio,B_Opt_IndiaCostsFuel,GLOBAL,PWRPETINDNE,PETIND,,1,2048,,,,,,3.06
InputActivityRatio,B_Opt_IndiaCostsFuel,GLOBAL,PWRPETINDNE,PETIND,,1,2049,,,,,,3.06
InputActivityRatio,B_Opt_IndiaCostsFuel,GLOBAL,PWRPETINDNE,PETIND,,1,2050,,,,,,3.06
InputActivityRatio,B_Opt_IndiaCostsFuel,GLOBAL,PWRPETINDNE,PETINT,,2,2023,,,,,,3.06
InputActivityRatio,B_Opt_IndiaCostsFuel,GLOBAL,PWRPETINDNE,PETINT,,2,2024,,,,,,3.06
InputActivityRatio,B_Opt_IndiaCostsFuel,GLOBAL,PWRPETINDNE,PETINT,,2,2025,,,,,,3.06
InputActivityRatio,B_Opt_IndiaCostsFuel,GLOBAL,PWRPETINDNE,PETINT,,2,2026,,,,,,3.06
InputActivityRatio,B_Opt_IndiaCostsFuel,GLOBAL,PWRPETINDNE,PETINT,,2,2027,,,,,,3.06
InputActivityRatio,B_Opt_IndiaCostsFuel,GLOBAL,PWRPETINDNE,PETINT,,2,2028,,,,,,3.06
InputActivityRatio,B_Opt_IndiaCostsFuel,GLOBAL,PWRPETINDNE,PETINT,,2,2029,,,,,,3.06
InputActivityRatio,B_Opt_IndiaCostsFuel,GLOBAL,PWRPETINDNE,PETINT,,2,2030,,,,,,3.06
InputActivityRatio,B_Opt_IndiaCostsFuel,GLOBAL,PWRPETINDNE,PETINT,,2,2031,,,,,,3.06
InputActivityRatio,B_Opt_IndiaCostsFuel,GLOBAL,PWRPETINDNE,PETINT,,2,2032,,,,,,3.06
InputActivityRatio,B_Opt_IndiaCostsFuel,GLOBAL,PWRPETINDNE,PETINT,,2,2033,,,,,,3.06
InputActivityRatio,B_Opt_IndiaCostsFuel,GLOBAL,PWRPETINDNE,PETINT,,2,2034,,,,,,3.06
InputActivityRatio,B_Opt_IndiaCostsFuel,GLOBAL,PWRPETINDNE,PETINT,,2,2035,,,,,,3.06
InputActivityRatio,B_Opt_IndiaCostsFuel,GLOBAL,PWRPETINDNE,PETINT,,2,2036,,,,,,3.06
InputActivityRatio,B_Opt_IndiaCostsFuel,GLOBAL,PWRPETINDNE,PETINT,,2,2037,,,,,,3.06
InputActivityRatio,B_Opt_IndiaCostsFuel,GLOBAL,PWRPETINDNE,PETINT,,2,2038,,,,,,3.06
InputActivityRatio,B_Opt_IndiaCostsFuel,GLOBAL,PWRPETINDNE,PETINT,,2,2039,,,,,,3.06
InputActivityRatio,B_Opt_IndiaCostsFuel,GLOBAL,PWRPETINDNE,PETINT,,2,2040,,,,,,3.06
InputActivityRatio,B_Opt_IndiaCostsFuel,GLOBAL,PWRPETINDNE,PETINT,,2,2041,,,,,,3.06
InputActivityRatio,B_Opt_IndiaCostsFuel,GLOBAL,PWRPETINDNE,PETINT,,2,2042,,,,,,3.06
InputActivityRatio,B_Opt_IndiaCostsFuel,GLOBAL,PWRPETINDNE,PETINT,,2,2043,,,,,,3.06
InputActivityRatio,B_Opt_IndiaCostsFuel,GLOBAL,PWRPETINDNE,PETINT,,2,2044,,,,,,3.06
InputActivityRatio,B_Opt_IndiaCostsFuel,GLOBAL,PWRPETINDNE,PETINT,,2,2045,,,,,,3.06
InputActivityRatio,B_Opt_IndiaCostsFuel,GLOBAL,PWRPETINDNE,PETINT,,2,2046,,,,,,3.06
InputActivityRatio,B_Opt_IndiaCostsFuel,GLOBAL,PWRPETINDNE,PETINT,,2,2047,,,,,,3.06
InputActivityRatio,B_Opt_IndiaCostsFuel,GLOBAL,PWRPETINDNE,PETINT,,2,2048,,,,,,3.06
InputActivityRatio,B_Opt_IndiaCostsFuel,GLOBAL,PWRPETINDNE,PETINT,,2,2049,,,,,,3.06
InputActivityRatio,B_Opt_IndiaCostsFuel,GLOBAL,PWRPETINDNE,PETINT,,2,2050,,,,,,3.06
InputActivityRatio,B_Opt_IndiaCostsFuel,GLOBAL,PWRPETINDNO,PETIND,,1,2023,,,,,,3.06
InputActivityRatio,B_Opt_IndiaCostsFuel,GLOBAL,PWRPETINDNO,PETIND,,1,2024,,,,,,3.06
InputActivityRatio,B_Opt_IndiaCostsFuel,GLOBAL,PWRPETINDNO,PETIND,,1,2025,,,,,,3.06
InputActivityRatio,B_Opt_IndiaCostsFuel,GLOBAL,PWRPETINDNO,PETIND,,1,2026,,,,,,3.06
InputActivityRatio,B_Opt_IndiaCostsFuel,GLOBAL,PWRPETINDNO,PETIND,,1,2027,,,,,,3.06
InputActivityRatio,B_Opt_IndiaCostsFuel,GLOBAL,PWRPETINDNO,PETIND,,1,2028,,,,,,3.06
InputActivityRatio,B_Opt_IndiaCostsFuel,GLOBAL,PWRPETINDNO,PETIND,,1,2029,,,,,,3.06
InputActivityRatio,B_Opt_IndiaCostsFuel,GLOBAL,PWRPETINDNO,PETIND,,1,2030,,,,,,3.06
InputActivityRatio,B_Opt_IndiaCostsFuel,GLOBAL,PWRPETINDNO,PETIND,,1,2031,,,,,,3.06
InputActivityRatio,B_Opt_IndiaCostsFuel,GLOBAL,PWRPETINDNO,PETIND,,1,2032,,,,,,3.06
InputActivityRatio,B_Opt_IndiaCostsFuel,GLOBAL,PWRPETINDNO,PETIND,,1,2033,,,,,,3.06
InputActivityRatio,B_Opt_IndiaCostsFuel,GLOBAL,PWRPETINDNO,PETIND,,1,2034,,,,,,3.06
InputActivityRatio,B_Opt_IndiaCostsFuel,GLOBAL,PWRPETINDNO,PETIND,,1,2035,,,,,,3.06
InputActivityRatio,B_Opt_IndiaCostsFuel,GLOBAL,PWRPETINDNO,PETIND,,1,2036,,,,,,3.06
InputActivityRatio,B_Opt_IndiaCostsFuel,GLOBAL,PWRPETINDNO,PETIND,,1,2037,,,,,,3.06
InputActivityRatio,B_Opt_IndiaCostsFuel,GLOBAL,PWRPETINDNO,PETIND,,1,2038,,,,,,3.06
InputActivityRatio,B_Opt_IndiaCostsFuel,GLOBAL,PWRPETINDNO,PETIND,,1,2039,,,,,,3.06
InputActivityRatio,B_Opt_IndiaCostsFuel,GLOBAL,PWRPETINDNO,PETIND,,1,2040,,,,,,3.06
InputActivityRatio,B_Opt_IndiaCostsFuel,GLOBAL,PWRPETINDNO,PETIND,,1,2041,,,,,,3.06
InputActivityRatio,B_Opt_IndiaCostsFuel,GLOBAL,PWRPETINDNO,PETIND,,1,2042,,,,,,3.06
InputActivityRatio,B_Opt_IndiaCostsFuel,GLOBAL,PWRPETINDNO,PETIND,,1,2043,,,,,,3.06
InputActivityRatio,B_Opt_IndiaCostsFuel,GLOBAL,PWRPETINDNO,PETIND,,1,2044,,,,,,3.06
InputActivityRatio,B_Opt_IndiaCostsFuel,GLOBAL,PWRPETINDNO,PETIND,,1,2045,,,,,,3.06
InputActivityRatio,B_Opt_IndiaCostsFuel,GLOBAL,PWRPETINDNO,PETIND,,1,2046,,,,,,3.06
InputActivityRatio,B_Opt_IndiaCostsFuel,GLOBAL,PWRPETINDNO,PETIND,,1,2047,,,,,,3.06
InputActivityRatio,B_Opt_IndiaCostsFuel,GLOBAL,PWRPETINDNO,PETIND,,1,2048,,,,,,3.06
InputActivityRatio,B_Opt_IndiaCostsFuel,GLOBAL,PWRPETINDNO,PETIND,,1,2049,,,,,,3.06
InputActivityRatio,B_Opt_IndiaCostsFuel,GLOBAL,PWRPETINDNO,PETIND,,1,2050,,,,,,3.06
InputActivityRatio,B_Opt_IndiaCostsFuel,GLOBAL,PWRPETINDNO,PETINT,,2,2023,,,,,,3.06
InputActivityRatio,B_Opt_IndiaCostsFuel,GLOBAL,PWRPETINDNO,PETINT,,2,2024,,,,,,3.06
InputActivityRatio,B_Opt_IndiaCostsFuel,GLOBAL,PWRPETINDNO,PETINT,,2,2025,,,,,,3.06
InputActivityRatio,B_Opt_IndiaCostsFuel,GLOBAL,PWRPETINDNO,PETINT,,2,2026,,,,,,3.06
InputActivityRatio,B_Opt_IndiaCostsFuel,GLOBAL,PWRPETINDNO,PETINT,,2,2027,,,,,,3.06
InputActivityRatio,B_Opt_IndiaCostsFuel,GLOBAL,PWRPETINDNO,PETINT,,2,2028,,,,,,3.06
InputActivityRatio,B_Opt_IndiaCostsFuel,GLOBAL,PWRPETINDNO,PETINT,,2,2029,,,,,,3.06
InputActivityRatio,B_Opt_IndiaCostsFuel,GLOBAL,PWRPETINDNO,PETINT,,2,2030,,,,,,3.06
InputActivityRatio,B_Opt_IndiaCostsFuel,GLOBAL,PWRPETINDNO,PETINT,,2,2031,,,,,,3.06
InputActivityRatio,B_Opt_IndiaCostsFuel,GLOBAL,PWRPETINDNO,PETINT,,2,2032,,,,,,3.06
InputActivityRatio,B_Opt_IndiaCostsFuel,GLOBAL,PWRPETINDNO,PETINT,,2,2033,,,,,,3.06
InputActivityRatio,B_Opt_IndiaCostsFuel,GLOBAL,PWRPETINDNO,PETINT,,2,2034,,,,,,3.06
InputActivityRatio,B_Opt_IndiaCostsFuel,GLOBAL,PWRPETINDNO,PETINT,,2,2035,,,,,,3.06
InputActivityRatio,B_Opt_IndiaCostsFuel,GLOBAL,PWRPETINDNO,PETINT,,2,2036,,,,,,3.06
InputActivityRatio,B_Opt_IndiaCostsFuel,GLOBAL,PWRPETINDNO,PETINT,,2,2037,,,,,,3.06
InputActivityRatio,B_Opt_IndiaCostsFuel,GLOBAL,PWRPETINDNO,PETINT,,2,2038,,,,,,3.06
InputActivityRatio,B_Opt_IndiaCostsFuel,GLOBAL,PWRPETINDNO,PETINT,,2,2039,,,,,,3.06
InputActivityRatio,B_Opt_IndiaCostsFuel,GLOBAL,PWRPETINDNO,PETINT,,2,2040,,,,,,3.06
InputActivityRatio,B_Opt_IndiaCostsFuel,GLOBAL,PWRPETINDNO,PETINT,,2,2041,,,,,,3.06
InputActivityRatio,B_Opt_IndiaCostsFuel,GLOBAL,PWRPETINDNO,PETINT,,2,2042,,,,,,3.06
InputActivityRatio,B_Opt_IndiaCostsFuel,GLOBAL,PWRPETINDNO,PETINT,,2,2043,,,,,,3.06
InputActivityRatio,B_Opt_IndiaCostsFuel,GLOBAL,PWRPETINDNO,PETINT,,2,2044,,,,,,3.06
InputActivityRatio,B_Opt_IndiaCostsFuel,GLOBAL,PWRPETINDNO,PETINT,,2,2045,,,,,,3.06
InputActivityRatio,B_Opt_IndiaCostsFuel,GLOBAL,PWRPETINDNO,PETINT,,2,2046,,,,,,3.06
InputActivityRatio,B_Opt_IndiaCostsFuel,GLOBAL,PWRPETINDNO,PETINT,,2,2047,,,,,,3.06
InputActivityRatio,B_Opt_IndiaCostsFuel,GLOBAL,PWRPETINDNO,PETINT,,2,2048,,,,,,3.06
InputActivityRatio,B_Opt_IndiaCostsFuel,GLOBAL,PWRPETINDNO,PETINT,,2,2049,,,,,,3.06
InputActivityRatio,B_Opt_IndiaCostsFuel,GLOBAL,PWRPETINDNO,PETINT,,2,2050,,,,,,3.06
InputActivityRatio,B_Opt_IndiaCostsFuel,GLOBAL,PWRPETINDSO,PETIND,,1,2023,,,,,,3.06
InputActivityRatio,B_Opt_IndiaCostsFuel,GLOBAL,PWRPETINDSO,PETIND,,1,2024,,,,,,3.06
InputActivityRatio,B_Opt_IndiaCostsFuel,GLOBAL,PWRPETINDSO,PETIND,,1,2025,,,,,,3.06
InputActivityRatio,B_Opt_IndiaCostsFuel,GLOBAL,PWRPETINDSO,PETIND,,1,2026,,,,,,3.06
InputActivityRatio,B_Opt_IndiaCostsFuel,GLOBAL,PWRPETINDSO,PETIND,,1,2027,,,,,,3.06
InputActivityRatio,B_Opt_IndiaCostsFuel,GLOBAL,PWRPETINDSO,PETIND,,1,2028,,,,,,3.06
InputActivityRatio,B_Opt_IndiaCostsFuel,GLOBAL,PWRPETINDSO,PETIND,,1,2029,,,,,,3.06
InputActivityRatio,B_Opt_IndiaCostsFuel,GLOBAL,PWRPETINDSO,PETIND,,1,2030,,,,,,3.06
InputActivityRatio,B_Opt_IndiaCostsFuel,GLOBAL,PWRPETINDSO,PETIND,,1,2031,,,,,,3.06
InputActivityRatio,B_Opt_IndiaCostsFuel,GLOBAL,PWRPETINDSO,PETIND,,1,2032,,,,,,3.06
InputActivityRatio,B_Opt_IndiaCostsFuel,GLOBAL,PWRPETINDSO,PETIND,,1,2033,,,,,,3.06
InputActivityRatio,B_Opt_IndiaCostsFuel,GLOBAL,PWRPETINDSO,PETIND,,1,2034,,,,,,3.06
InputActivityRatio,B_Opt_IndiaCostsFuel,GLOBAL,PWRPETINDSO,PETIND,,1,2035,,,,,,3.06
InputActivityRatio,B_Opt_IndiaCostsFuel,GLOBAL,PWRPETINDSO,PETIND,,1,2036,,,,,,3.06
InputActivityRatio,B_Opt_IndiaCostsFuel,GLOBAL,PWRPETINDSO,PETIND,,1,2037,,,,,,3.06
InputActivityRatio,B_Opt_IndiaCostsFuel,GLOBAL,PWRPETINDSO,PETIND,,1,2038,,,,,,3.06
InputActivityRatio,B_Opt_IndiaCostsFuel,GLOBAL,PWRPETINDSO,PETIND,,1,2039,,,,,,3.06
InputActivityRatio,B_Opt_IndiaCostsFuel,GLOBAL,PWRPETINDSO,PETIND,,1,2040,,,,,,3.06
InputActivityRatio,B_Opt_IndiaCostsFuel,GLOBAL,PWRPETINDSO,PETIND,,1,2041,,,,,,3.06
InputActivityRatio,B_Opt_IndiaCostsFuel,GLOBAL,PWRPETINDSO,PETIND,,1,2042,,,,,,3.06
InputActivityRatio,B_Opt_IndiaCostsFuel,GLOBAL,PWRPETINDSO,PETIND,,1,2043,,,,,,3.06
InputActivityRatio,B_Opt_IndiaCostsFuel,GLOBAL,PWRPETINDSO,PETIND,,1,2044,,,,,,3.06
InputActivityRatio,B_Opt_IndiaCostsFuel,GLOBAL,PWRPETINDSO,PETIND,,1,2045,,,,,,3.06
InputActivityRatio,B_Opt_IndiaCostsFuel,GLOBAL,PWRPETINDSO,PETIND,,1,2046,,,,,,3.06
InputActivityRatio,B_Opt_IndiaCostsFuel,GLOBAL,PWRPETINDSO,PETIND,,1,2047,,,,,,3.06
InputActivityRatio,B_Opt_IndiaCostsFuel,GLOBAL,PWRPETINDSO,PETIND,,1,2048,,,,,,3.06
InputActivityRatio,B_Opt_IndiaCostsFuel,GLOBAL,PWRPETINDSO,PETIND,,1,2049,,,,,,3.06
InputActivityRatio,B_Opt_IndiaCostsFuel,GLOBAL,PWRPETINDSO,PETIND,,1,2050,,,,,,3.06
InputActivityRatio,B_Opt_IndiaCostsFuel,GLOBAL,PWRPETINDSO,PETINT,,2,2023,,,,,,3.06
InputActivityRatio,B_Opt_IndiaCostsFuel,GLOBAL,PWRPETINDSO,PETINT,,2,2024,,,,,,3.06
InputActivityRatio,B_Opt_IndiaCostsFuel,GLOBAL,PWRPETINDSO,PETINT,,2,2025,,,,,,3.06
InputActivityRatio,B_Opt_IndiaCostsFuel,GLOBAL,PWRPETINDSO,PETINT,,2,2026,,,,,,3.06
InputActivityRatio,B_Opt_IndiaCostsFuel,GLOBAL,PWRPETINDSO,PETINT,,2,2027,,,,,,3.06
InputActivityRatio,B_Opt_IndiaCostsFuel,GLOBAL,PWRPETINDSO,PETINT,,2,2028,,,,,,3.06
InputActivityRatio,B_Opt_IndiaCostsFuel,GLOBAL,PWRPETINDSO,PETINT,,2,2029,,,,,,3.06
InputActivityRatio,B_Opt_IndiaCostsFuel,GLOBAL,PWRPETINDSO,PETINT,,2,2030,,,,,,3.06
InputActivityRatio,B_Opt_IndiaCostsFuel,GLOBAL,PWRPETINDSO,PETINT,,2,2031,,,,,,3.06
InputActivityRatio,B_Opt_IndiaCostsFuel,GLOBAL,PWRPETINDSO,PETINT,,2,2032,,,,,,3.06
InputActivityRatio,B_Opt_IndiaCostsFuel,GLOBAL,PWRPETINDSO,PETINT,,2,2033,,,,,,3.06
InputActivityRatio,B_Opt_IndiaCostsFuel,GLOBAL,PWRPETINDSO,PETINT,,2,2034,,,,,,3.06
InputActivityRatio,B_Opt_IndiaCostsFuel,GLOBAL,PWRPETINDSO,PETINT,,2,2035,,,,,,3.06
InputActivityRatio,B_Opt_IndiaCostsFuel,GLOBAL,PWRPETINDSO,PETINT,,2,2036,,,,,,3.06
InputActivityRatio,B_Opt_IndiaCostsFuel,GLOBAL,PWRPETINDSO,PETINT,,2,2037,,,,,,3.06
InputActivityRatio,B_Opt_IndiaCostsFuel,GLOBAL,PWRPETINDSO,PETINT,,2,2038,,,,,,3.06
InputActivityRatio,B_Opt_IndiaCostsFuel,GLOBAL,PWRPETINDSO,PETINT,,2,2039,,,,,,3.06
InputActivityRatio,B_Opt_IndiaCostsFuel,GLOBAL,PWRPETINDSO,PETINT,,2,2040,,,,,,3.06
InputActivityRatio,B_Opt_IndiaCostsFuel,GLOBAL,PWRPETINDSO,PETINT,,2,2041,,,,,,3.06
InputActivityRatio,B_Opt_IndiaCostsFuel,GLOBAL,PWRPETINDSO,PETINT,,2,2042,,,,,,3.06
InputActivityRatio,B_Opt_IndiaCostsFuel,GLOBAL,PWRPETINDSO,PETINT,,2,2043,,,,,,3.06
InputActivityRatio,B_Opt_IndiaCostsFuel,GLOBAL,PWRPETINDSO,PETINT,,2,2044,,,,,,3.06
InputActivityRatio,B_Opt_IndiaCostsFuel,GLOBAL,PWRPETINDSO,PETINT,,2,2045,,,,,,3.06
InputActivityRatio,B_Opt_IndiaCostsFuel,GLOBAL,PWRPETINDSO,PETINT,,2,2046,,,,,,3.06
InputActivityRatio,B_Opt_IndiaCostsFuel,GLOBAL,PWRPETINDSO,PETINT,,2,2047,,,,,,3.06
InputActivityRatio,B_Opt_IndiaCostsFuel,GLOBAL,PWRPETINDSO,PETINT,,2,2048,,,,,,3.06
InputActivityRatio,B_Opt_IndiaCostsFuel,GLOBAL,PWRPETINDSO,PETINT,,2,2049,,,,,,3.06
InputActivityRatio,B_Opt_IndiaCostsFuel,GLOBAL,PWRPETINDSO,PETINT,,2,2050,,,,,,3.06
InputActivityRatio,B_Opt_IndiaCostsFuel,GLOBAL,PWRPETINDWE,PETIND,,1,2023,,,,,,3.06
InputActivityRatio,B_Opt_IndiaCostsFuel,GLOBAL,PWRPETINDWE,PETIND,,1,2024,,,,,,3.06
InputActivityRatio,B_Opt_IndiaCostsFuel,GLOBAL,PWRPETINDWE,PETIND,,1,2025,,,,,,3.06
InputActivityRatio,B_Opt_IndiaCostsFuel,GLOBAL,PWRPETINDWE,PETIND,,1,2026,,,,,,3.06
InputActivityRatio,B_Opt_IndiaCostsFuel,GLOBAL,PWRPETINDWE,PETIND,,1,2027,,,,,,3.06
InputActivityRatio,B_Opt_IndiaCostsFuel,GLOBAL,PWRPETINDWE,PETIND,,1,2028,,,,,,3.06
InputActivityRatio,B_Opt_IndiaCostsFuel,GLOBAL,PWRPETINDWE,PETIND,,1,2029,,,,,,3.06
InputActivityRatio,B_Opt_IndiaCostsFuel,GLOBAL,PWRPETINDWE,PETIND,,1,2030,,,,,,3.06
InputActivityRatio,B_Opt_IndiaCostsFuel,GLOBAL,PWRPETINDWE,PETIND,,1,2031,,,,,,3.06
InputActivityRatio,B_Opt_IndiaCostsFuel,GLOBAL,PWRPETINDWE,PETIND,,1,2032,,,,,,3.06
InputActivityRatio,B_Opt_IndiaCostsFuel,GLOBAL,PWRPETINDWE,PETIND,,1,2033,,,,,,3.06
InputActivityRatio,B_Opt_IndiaCostsFuel,GLOBAL,PWRPETINDWE,PETIND,,1,2034,,,,,,3.06
InputActivityRatio,B_Opt_IndiaCostsFuel,GLOBAL,PWRPETINDWE,PETIND,,1,2035,,,,,,3.06
InputActivityRatio,B_Opt_IndiaCostsFuel,GLOBAL,PWRPETINDWE,PETIND,,1,2036,,,,,,3.06
InputActivityRatio,B_Opt_IndiaCostsFuel,GLOBAL,PWRPETINDWE,PETIND,,1,2037,,,,,,3.06
InputActivityRatio,B_Opt_IndiaCostsFuel,GLOBAL,PWRPETINDWE,PETIND,,1,2038,,,,,,3.06
InputActivityRatio,B_Opt_IndiaCostsFuel,GLOBAL,PWRPETINDWE,PETIND,,1,2039,,,,,,3.06
InputActivityRatio,B_Opt_IndiaCostsFuel,GLOBAL,PWRPETINDWE,PETIND,,1,2040,,,,,,3.06
InputActivityRatio,B_Opt_IndiaCostsFuel,GLOBAL,PWRPETINDWE,PETIND,,1,2041,,,,,,3.06
InputActivityRatio,B_Opt_IndiaCostsFuel,GLOBAL,PWRPETINDWE,PETIND,,1,2042,,,,,,3.06
InputActivityRatio,B_Opt_IndiaCostsFuel,GLOBAL,PWRPETINDWE,PETIND,,1,2043,,,,,,3.06
InputActivityRatio,B_Opt_IndiaCostsFuel,GLOBAL,PWRPETINDWE,PETIND,,1,2044,,,,,,3.06
InputActivityRatio,B_Opt_IndiaCostsFuel,GLOBAL,PWRPETINDWE,PETIND,,1,2045,,,,,,3.06
InputActivityRatio,B_Opt_IndiaCostsFuel,GLOBAL,PWRPETINDWE,PETIND,,1,2046,,,,,,3.06
InputActivityRatio,B_Opt_IndiaCostsFuel,GLOBAL,PWRPETINDWE,PETIND,,1,2047,,,,,,3.06
InputActivityRatio,B_Opt_IndiaCostsFuel,GLOBAL,PWRPETINDWE,PETIND,,1,2048,,,,,,3.06
InputActivityRatio,B_Opt_IndiaCostsFuel,GLOBAL,PWRPETINDWE,PETIND,,1,2049,,,,,,3.06
InputActivityRatio,B_Opt_IndiaCostsFuel,GLOBAL,PWRPETINDWE,PETIND,,1,2050,,,,,,3.06
InputActivityRatio,B_Opt_IndiaCostsFuel,GLOBAL,PWRPETINDWE,PETINT,,2,2023,,,,,,3.06
InputActivityRatio,B_Opt_IndiaCostsFuel,GLOBAL,PWRPETINDWE,PETINT,,2,2024,,,,,,3.06
InputActivityRatio,B_Opt_IndiaCostsFuel,GLOBAL,PWRPETINDWE,PETINT,,2,2025,,,,,,3.06
InputActivityRatio,B_Opt_IndiaCostsFuel,GLOBAL,PWRPETINDWE,PETINT,,2,2026,,,,,,3.06
InputActivityRatio,B_Opt_IndiaCostsFuel,GLOBAL,PWRPETINDWE,PETINT,,2,2027,,,,,,3.06
InputActivityRatio,B_Opt_IndiaCostsFuel,GLOBAL,PWRPETINDWE,PETINT,,2,2028,,,,,,3.06
InputActivityRatio,B_Opt_IndiaCostsFuel,GLOBAL,PWRPETINDWE,PETINT,,2,2029,,,,,,3.06
InputActivityRatio,B_Opt_IndiaCostsFuel,GLOBAL,PWRPETINDWE,PETINT,,2,2030,,,,,,3.06
InputActivityRatio,B_Opt_IndiaCostsFuel,GLOBAL,PWRPETINDWE,PETINT,,2,2031,,,,,,3.06
InputActivityRatio,B_Opt_IndiaCostsFuel,GLOBAL,PWRPETINDWE,PETINT,,2,2032,,,,,,3.06
InputActivityRatio,B_Opt_IndiaCostsFuel,GLOBAL,PWRPETINDWE,PETINT,,2,2033,,,,,,3.06
InputActivityRatio,B_Opt_IndiaCostsFuel,GLOBAL,PWRPETINDWE,PETINT,,2,2034,,,,,,3.06
InputActivityRatio,B_Opt_IndiaCostsFuel,GLOBAL,PWRPETINDWE,PETINT,,2,2035,,,,,,3.06
InputActivityRatio,B_Opt_IndiaCostsFuel,GLOBAL,PWRPETINDWE,PETINT,,2,2036,,,,,,3.06
InputActivityRatio,B_Opt_IndiaCostsFuel,GLOBAL,PWRPETINDWE,PETINT,,2,2037,,,,,,3.06
InputActivityRatio,B_Opt_IndiaCostsFuel,GLOBAL,PWRPETINDWE,PETINT,,2,2038,,,,,,3.06
InputActivityRatio,B_Opt_IndiaCostsFuel,GLOBAL,PWRPETINDWE,PETINT,,2,2039,,,,,,3.06
InputActivityRatio,B_Opt_IndiaCostsFuel,GLOBAL,PWRPETINDWE,PETINT,,2,2040,,,,,,3.06
InputActivityRatio,B_Opt_IndiaCostsFuel,GLOBAL,PWRPETINDWE,PETINT,,2,2041,,,,,,3.06
InputActivityRatio,B_Opt_IndiaCostsFuel,GLOBAL,PWRPETINDWE,PETINT,,2,2042,,,,,,3.06
InputActivityRatio,B_Opt_IndiaCostsFuel,GLOBAL,PWRPETINDWE,PETINT,,2,2043,,,,,,3.06
InputActivityRatio,B_Opt_IndiaCostsFuel,GLOBAL,PWRPETINDWE,PETINT,,2,2044,,,,,,3.06
InputActivityRatio,B_Opt_IndiaCostsFuel,GLOBAL,PWRPETINDWE,PETINT,,2,2045,,,,,,3.06
InputActivityRatio,B_Opt_IndiaCostsFuel,GLOBAL,PWRPETINDWE,PETINT,,2,2046,,,,,,3.06
InputActivityRatio,B_Opt_IndiaCostsFuel,GLOBAL,PWRPETINDWE,PETINT,,2,2047,,,,,,3.06
InputActivityRatio,B_Opt_IndiaCostsFuel,GLOBAL,PWRPETINDWE,PETINT,,2,2048,,,,,,3.06
InputActivityRatio,B_Opt_IndiaCostsFuel,GLOBAL,PWRPETINDWE,PETINT,,2,2049,,,,,,3.06
InputActivityRatio,B_Opt_IndiaCostsFuel,GLOBAL,PWRPETINDWE,PETINT,,2,2050,,,,,,3.06
InputActivityRatio,B_Opt_IndiaCostsFuel,GLOBAL,PWRPETLKAXX,PETLKA,,1,2023,,,,,,3.06
InputActivityRatio,B_Opt_IndiaCostsFuel,GLOBAL,PWRPETLKAXX,PETLKA,,1,2024,,,,,,3.06
InputActivityRatio,B_Opt_IndiaCostsFuel,GLOBAL,PWRPETLKAXX,PETLKA,,1,2025,,,,,,3.06
InputActivityRatio,B_Opt_IndiaCostsFuel,GLOBAL,PWRPETLKAXX,PETLKA,,1,2026,,,,,,3.06
InputActivityRatio,B_Opt_IndiaCostsFuel,GLOBAL,PWRPETLKAXX,PETLKA,,1,2027,,,,,,3.06
InputActivityRatio,B_Opt_IndiaCostsFuel,GLOBAL,PWRPETLKAXX,PETLKA,,1,2028,,,,,,3.06
InputActivityRatio,B_Opt_IndiaCostsFuel,GLOBAL,PWRPETLKAXX,PETLKA,,1,2029,,,,,,3.06
InputActivityRatio,B_Opt_IndiaCostsFuel,GLOBAL,PWRPETLKAXX,PETLKA,,1,2030,,,,,,3.06
InputActivityRatio,B_Opt_IndiaCostsFuel,GLOBAL,PWRPETLKAXX,PETLKA,,1,2031,,,,,,3.06
InputActivityRatio,B_Opt_IndiaCostsFuel,GLOBAL,PWRPETLKAXX,PETLKA,,1,2032,,,,,,3.06
InputActivityRatio,B_Opt_IndiaCostsFuel,GLOBAL,PWRPETLKAXX,PETLKA,,1,2033,,,,,,3.06
InputActivityRatio,B_Opt_IndiaCostsFuel,GLOBAL,PWRPETLKAXX,PETLKA,,1,2034,,,,,,3.06
InputActivityRatio,B_Opt_IndiaCostsFuel,GLOBAL,PWRPETLKAXX,PETLKA,,1,2035,,,,,,3.06
InputActivityRatio,B_Opt_IndiaCostsFuel,GLOBAL,PWRPETLKAXX,PETLKA,,1,2036,,,,,,3.06
InputActivityRatio,B_Opt_IndiaCostsFuel,GLOBAL,PWRPETLKAXX,PETLKA,,1,2037,,,,,,3.06
InputActivityRatio,B_Opt_IndiaCostsFuel,GLOBAL,PWRPETLKAXX,PETLKA,,1,2038,,,,,,3.06
InputActivityRatio,B_Opt_IndiaCostsFuel,GLOBAL,PWRPETLKAXX,PETLKA,,1,2039,,,,,,3.06
InputActivityRatio,B_Opt_IndiaCostsFuel,GLOBAL,PWRPETLKAXX,PETLKA,,1,2040,,,,,,3.06
InputActivityRatio,B_Opt_IndiaCostsFuel,GLOBAL,PWRPETLKAXX,PETLKA,,1,2041,,,,,,3.06
InputActivityRatio,B_Opt_IndiaCostsFuel,GLOBAL,PWRPETLKAXX,PETLKA,,1,2042,,,,,,3.06
InputActivityRatio,B_Opt_IndiaCostsFuel,GLOBAL,PWRPETLKAXX,PETLKA,,1,2043,,,,,,3.06
InputActivityRatio,B_Opt_IndiaCostsFuel,GLOBAL,PWRPETLKAXX,PETLKA,,1,2044,,,,,,3.06
InputActivityRatio,B_Opt_IndiaCostsFuel,GLOBAL,PWRPETLKAXX,PETLKA,,1,2045,,,,,,3.06
InputActivityRatio,B_Opt_IndiaCostsFuel,GLOBAL,PWRPETLKAXX,PETLKA,,1,2046,,,,,,3.06
InputActivityRatio,B_Opt_IndiaCostsFuel,GLOBAL,PWRPETLKAXX,PETLKA,,1,2047,,,,,,3.06
InputActivityRatio,B_Opt_IndiaCostsFuel,GLOBAL,PWRPETLKAXX,PETLKA,,1,2048,,,,,,3.06
InputActivityRatio,B_Opt_IndiaCostsFuel,GLOBAL,PWRPETLKAXX,PETLKA,,1,2049,,,,,,3.06
InputActivityRatio,B_Opt_IndiaCostsFuel,GLOBAL,PWRPETLKAXX,PETLKA,,1,2050,,,,,,3.06
InputActivityRatio,B_Opt_IndiaCostsFuel,GLOBAL,PWRPETLKAXX,PETINT,,2,2023,,,,,,3.06
InputActivityRatio,B_Opt_IndiaCostsFuel,GLOBAL,PWRPETLKAXX,PETINT,,2,2024,,,,,,3.06
InputActivityRatio,B_Opt_IndiaCostsFuel,GLOBAL,PWRPETLKAXX,PETINT,,2,2025,,,,,,3.06
InputActivityRatio,B_Opt_IndiaCostsFuel,GLOBAL,PWRPETLKAXX,PETINT,,2,2026,,,,,,3.06
InputActivityRatio,B_Opt_IndiaCostsFuel,GLOBAL,PWRPETLKAXX,PETINT,,2,2027,,,,,,3.06
InputActivityRatio,B_Opt_IndiaCostsFuel,GLOBAL,PWRPETLKAXX,PETINT,,2,2028,,,,,,3.06
InputActivityRatio,B_Opt_IndiaCostsFuel,GLOBAL,PWRPETLKAXX,PETINT,,2,2029,,,,,,3.06
InputActivityRatio,B_Opt_IndiaCostsFuel,GLOBAL,PWRPETLKAXX,PETINT,,2,2030,,,,,,3.06
InputActivityRatio,B_Opt_IndiaCostsFuel,GLOBAL,PWRPETLKAXX,PETINT,,2,2031,,,,,,3.06
InputActivityRatio,B_Opt_IndiaCostsFuel,GLOBAL,PWRPETLKAXX,PETINT,,2,2032,,,,,,3.06
InputActivityRatio,B_Opt_IndiaCostsFuel,GLOBAL,PWRPETLKAXX,PETINT,,2,2033,,,,,,3.06
InputActivityRatio,B_Opt_IndiaCostsFuel,GLOBAL,PWRPETLKAXX,PETINT,,2,2034,,,,,,3.06
InputActivityRatio,B_Opt_IndiaCostsFuel,GLOBAL,PWRPETLKAXX,PETINT,,2,2035,,,,,,3.06
InputActivityRatio,B_Opt_IndiaCostsFuel,GLOBAL,PWRPETLKAXX,PETINT,,2,2036,,,,,,3.06
InputActivityRatio,B_Opt_IndiaCostsFuel,GLOBAL,PWRPETLKAXX,PETINT,,2,2037,,,,,,3.06
InputActivityRatio,B_Opt_IndiaCostsFuel,GLOBAL,PWRPETLKAXX,PETINT,,2,2038,,,,,,3.06
InputActivityRatio,B_Opt_IndiaCostsFuel,GLOBAL,PWRPETLKAXX,PETINT,,2,2039,,,,,,3.06
InputActivityRatio,B_Opt_IndiaCostsFuel,GLOBAL,PWRPETLKAXX,PETINT,,2,2040,,,,,,3.06
InputActivityRatio,B_Opt_IndiaCostsFuel,GLOBAL,PWRPETLKAXX,PETINT,,2,2041,,,,,,3.06
InputActivityRatio,B_Opt_IndiaCostsFuel,GLOBAL,PWRPETLKAXX,PETINT,,2,2042,,,,,,3.06
InputActivityRatio,B_Opt_IndiaCostsFuel,GLOBAL,PWRPETLKAXX,PETINT,,2,2043,,,,,,3.06
InputActivityRatio,B_Opt_IndiaCostsFuel,GLOBAL,PWRPETLKAXX,PETINT,,2,2044,,,,,,3.06
InputActivityRatio,B_Opt_IndiaCostsFuel,GLOBAL,PWRPETLKAXX,PETINT,,2,2045,,,,,,3.06
InputActivityRatio,B_Opt_IndiaCostsFuel,GLOBAL,PWRPETLKAXX,PETINT,,2,2046,,,,,,3.06
InputActivityRatio,B_Opt_IndiaCostsFuel,GLOBAL,PWRPETLKAXX,PETINT,,2,2047,,,,,,3.06
InputActivityRatio,B_Opt_IndiaCostsFuel,GLOBAL,PWRPETLKAXX,PETINT,,2,2048,,,,,,3.06
InputActivityRatio,B_Opt_IndiaCostsFuel,GLOBAL,PWRPETLKAXX,PETINT,,2,2049,,,,,,3.06
InputActivityRatio,B_Opt_IndiaCostsFuel,GLOBAL,PWRPETLKAXX,PETINT,,2,2050,,,,,,3.06
InputActivityRatio,B_Opt_IndiaCostsFuel,GLOBAL,PWRPETMDVXX,PETMDV,,1,2023,,,,,,3.06
InputActivityRatio,B_Opt_IndiaCostsFuel,GLOBAL,PWRPETMDVXX,PETMDV,,1,2024,,,,,,3.06
InputActivityRatio,B_Opt_IndiaCostsFuel,GLOBAL,PWRPETMDVXX,PETMDV,,1,2025,,,,,,3.06
InputActivityRatio,B_Opt_IndiaCostsFuel,GLOBAL,PWRPETMDVXX,PETMDV,,1,2026,,,,,,3.06
InputActivityRatio,B_Opt_IndiaCostsFuel,GLOBAL,PWRPETMDVXX,PETMDV,,1,2027,,,,,,3.06
InputActivityRatio,B_Opt_IndiaCostsFuel,GLOBAL,PWRPETMDVXX,PETMDV,,1,2028,,,,,,3.06
InputActivityRatio,B_Opt_IndiaCostsFuel,GLOBAL,PWRPETMDVXX,PETMDV,,1,2029,,,,,,3.06
InputActivityRatio,B_Opt_IndiaCostsFuel,GLOBAL,PWRPETMDVXX,PETMDV,,1,2030,,,,,,3.06
InputActivityRatio,B_Opt_IndiaCostsFuel,GLOBAL,PWRPETMDVXX,PETMDV,,1,2031,,,,,,3.06
InputActivityRatio,B_Opt_IndiaCostsFuel,GLOBAL,PWRPETMDVXX,PETMDV,,1,2032,,,,,,3.06
InputActivityRatio,B_Opt_IndiaCostsFuel,GLOBAL,PWRPETMDVXX,PETMDV,,1,2033,,,,,,3.06
InputActivityRatio,B_Opt_IndiaCostsFuel,GLOBAL,PWRPETMDVXX,PETMDV,,1,2034,,,,,,3.06
InputActivityRatio,B_Opt_IndiaCostsFuel,GLOBAL,PWRPETMDVXX,PETMDV,,1,2035,,,,,,3.06
InputActivityRatio,B_Opt_IndiaCostsFuel,GLOBAL,PWRPETMDVXX,PETMDV,,1,2036,,,,,,3.06
InputActivityRatio,B_Opt_IndiaCostsFuel,GLOBAL,PWRPETMDVXX,PETMDV,,1,2037,,,,,,3.06
InputActivityRatio,B_Opt_IndiaCostsFuel,GLOBAL,PWRPETMDVXX,PETMDV,,1,2038,,,,,,3.06
InputActivityRatio,B_Opt_IndiaCostsFuel,GLOBAL,PWRPETMDVXX,PETMDV,,1,2039,,,,,,3.06
InputActivityRatio,B_Opt_IndiaCostsFuel,GLOBAL,PWRPETMDVXX,PETMDV,,1,2040,,,,,,3.06
InputActivityRatio,B_Opt_IndiaCostsFuel,GLOBAL,PWRPETMDVXX,PETMDV,,1,2041,,,,,,3.06
InputActivityRatio,B_Opt_IndiaCostsFuel,GLOBAL,PWRPETMDVXX,PETMDV,,1,2042,,,,,,3.06
InputActivityRatio,B_Opt_IndiaCostsFuel,GLOBAL,PWRPETMDVXX,PETMDV,,1,2043,,,,,,3.06
InputActivityRatio,B_Opt_IndiaCostsFuel,GLOBAL,PWRPETMDVXX,PETMDV,,1,2044,,,,,,3.06
InputActivityRatio,B_Opt_IndiaCostsFuel,GLOBAL,PWRPETMDVXX,PETMDV,,1,2045,,,,,,3.06
InputActivityRatio,B_Opt_IndiaCostsFuel,GLOBAL,PWRPETMDVXX,PETMDV,,1,2046,,,,,,3.06
InputActivityRatio,B_Opt_IndiaCostsFuel,GLOBAL,PWRPETMDVXX,PETMDV,,1,2047,,,,,,3.06
InputActivityRatio,B_Opt_IndiaCostsFuel,GLOBAL,PWRPETMDVXX,PETMDV,,1,2048,,,,,,3.06
InputActivityRatio,B_Opt_IndiaCostsFuel,GLOBAL,PWRPETMDVXX,PETMDV,,1,2049,,,,,,3.06
InputActivityRatio,B_Opt_IndiaCostsFuel,GLOBAL,PWRPETMDVXX,PETMDV,,1,2050,,,,,,3.06
InputActivityRatio,B_Opt_IndiaCostsFuel,GLOBAL,PWRPETMDVXX,PETINT,,2,2023,,,,,,3.06
InputActivityRatio,B_Opt_IndiaCostsFuel,GLOBAL,PWRPETMDVXX,PETINT,,2,2024,,,,,,3.06
InputActivityRatio,B_Opt_IndiaCostsFuel,GLOBAL,PWRPETMDVXX,PETINT,,2,2025,,,,,,3.06
InputActivityRatio,B_Opt_IndiaCostsFuel,GLOBAL,PWRPETMDVXX,PETINT,,2,2026,,,,,,3.06
InputActivityRatio,B_Opt_IndiaCostsFuel,GLOBAL,PWRPETMDVXX,PETINT,,2,2027,,,,,,3.06
InputActivityRatio,B_Opt_IndiaCostsFuel,GLOBAL,PWRPETMDVXX,PETINT,,2,2028,,,,,,3.06
InputActivityRatio,B_Opt_IndiaCostsFuel,GLOBAL,PWRPETMDVXX,PETINT,,2,2029,,,,,,3.06
InputActivityRatio,B_Opt_IndiaCostsFuel,GLOBAL,PWRPETMDVXX,PETINT,,2,2030,,,,,,3.06
InputActivityRatio,B_Opt_IndiaCostsFuel,GLOBAL,PWRPETMDVXX,PETINT,,2,2031,,,,,,3.06
InputActivityRatio,B_Opt_IndiaCostsFuel,GLOBAL,PWRPETMDVXX,PETINT,,2,2032,,,,,,3.06
InputActivityRatio,B_Opt_IndiaCostsFuel,GLOBAL,PWRPETMDVXX,PETINT,,2,2033,,,,,,3.06
InputActivityRatio,B_Opt_IndiaCostsFuel,GLOBAL,PWRPETMDVXX,PETINT,,2,2034,,,,,,3.06
InputActivityRatio,B_Opt_IndiaCostsFuel,GLOBAL,PWRPETMDVXX,PETINT,,2,2035,,,,,,3.06
InputActivityRatio,B_Opt_IndiaCostsFuel,GLOBAL,PWRPETMDVXX,PETINT,,2,2036,,,,,,3.06
InputActivityRatio,B_Opt_IndiaCostsFuel,GLOBAL,PWRPETMDVXX,PETINT,,2,2037,,,,,,3.06
InputActivityRatio,B_Opt_IndiaCostsFuel,GLOBAL,PWRPETMDVXX,PETINT,,2,2038,,,,,,3.06
InputActivityRatio,B_Opt_IndiaCostsFuel,GLOBAL,PWRPETMDVXX,PETINT,,2,2039,,,,,,3.06
InputActivityRatio,B_Opt_IndiaCostsFuel,GLOBAL,PWRPETMDVXX,PETINT,,2,2040,,,,,,3.06
InputActivityRatio,B_Opt_IndiaCostsFuel,GLOBAL,PWRPETMDVXX,PETINT,,2,2041,,,,,,3.06
InputActivityRatio,B_Opt_IndiaCostsFuel,GLOBAL,PWRPETMDVXX,PETINT,,2,2042,,,,,,3.06
InputActivityRatio,B_Opt_IndiaCostsFuel,GLOBAL,PWRPETMDVXX,PETINT,,2,2043,,,,,,3.06
InputActivityRatio,B_Opt_IndiaCostsFuel,GLOBAL,PWRPETMDVXX,PETINT,,2,2044,,,,,,3.06
InputActivityRatio,B_Opt_IndiaCostsFuel,GLOBAL,PWRPETMDVXX,PETINT,,2,2045,,,,,,3.06
InputActivityRatio,B_Opt_IndiaCostsFuel,GLOBAL,PWRPETMDVXX,PETINT,,2,2046,,,,,,3.06
InputActivityRatio,B_Opt_IndiaCostsFuel,GLOBAL,PWRPETMDVXX,PETINT,,2,2047,,,,,,3.06
InputActivityRatio,B_Opt_IndiaCostsFuel,GLOBAL,PWRPETMDVXX,PETINT,,2,2048,,,,,,3.06
InputActivityRatio,B_Opt_IndiaCostsFuel,GLOBAL,PWRPETMDVXX,PETINT,,2,2049,,,,,,3.06
InputActivityRatio,B_Opt_IndiaCostsFuel,GLOBAL,PWRPETMDVXX,PETINT,,2,2050,,,,,,3.06
InputActivityRatio,B_Opt_IndiaCostsFuel,GLOBAL,PWRPETNPLXX,PETNPL,,1,2023,,,,,,3.06
InputActivityRatio,B_Opt_IndiaCostsFuel,GLOBAL,PWRPETNPLXX,PETNPL,,1,2024,,,,,,3.06
InputActivityRatio,B_Opt_IndiaCostsFuel,GLOBAL,PWRPETNPLXX,PETNPL,,1,2025,,,,,,3.06
InputActivityRatio,B_Opt_IndiaCostsFuel,GLOBAL,PWRPETNPLXX,PETNPL,,1,2026,,,,,,3.06
InputActivityRatio,B_Opt_IndiaCostsFuel,GLOBAL,PWRPETNPLXX,PETNPL,,1,2027,,,,,,3.06
InputActivityRatio,B_Opt_IndiaCostsFuel,GLOBAL,PWRPETNPLXX,PETNPL,,1,2028,,,,,,3.06
InputActivityRatio,B_Opt_IndiaCostsFuel,GLOBAL,PWRPETNPLXX,PETNPL,,1,2029,,,,,,3.06
InputActivityRatio,B_Opt_IndiaCostsFuel,GLOBAL,PWRPETNPLXX,PETNPL,,1,2030,,,,,,3.06
InputActivityRatio,B_Opt_IndiaCostsFuel,GLOBAL,PWRPETNPLXX,PETNPL,,1,2031,,,,,,3.06
InputActivityRatio,B_Opt_IndiaCostsFuel,GLOBAL,PWRPETNPLXX,PETNPL,,1,2032,,,,,,3.06
InputActivityRatio,B_Opt_IndiaCostsFuel,GLOBAL,PWRPETNPLXX,PETNPL,,1,2033,,,,,,3.06
InputActivityRatio,B_Opt_IndiaCostsFuel,GLOBAL,PWRPETNPLXX,PETNPL,,1,2034,,,,,,3.06
InputActivityRatio,B_Opt_IndiaCostsFuel,GLOBAL,PWRPETNPLXX,PETNPL,,1,2035,,,,,,3.06
InputActivityRatio,B_Opt_IndiaCostsFuel,GLOBAL,PWRPETNPLXX,PETNPL,,1,2036,,,,,,3.06
InputActivityRatio,B_Opt_IndiaCostsFuel,GLOBAL,PWRPETNPLXX,PETNPL,,1,2037,,,,,,3.06
InputActivityRatio,B_Opt_IndiaCostsFuel,GLOBAL,PWRPETNPLXX,PETNPL,,1,2038,,,,,,3.06
InputActivityRatio,B_Opt_IndiaCostsFuel,GLOBAL,PWRPETNPLXX,PETNPL,,1,2039,,,,,,3.06
InputActivityRatio,B_Opt_IndiaCostsFuel,GLOBAL,PWRPETNPLXX,PETNPL,,1,2040,,,,,,3.06
InputActivityRatio,B_Opt_IndiaCostsFuel,GLOBAL,PWRPETNPLXX,PETNPL,,1,2041,,,,,,3.06
InputActivityRatio,B_Opt_IndiaCostsFuel,GLOBAL,PWRPETNPLXX,PETNPL,,1,2042,,,,,,3.06
InputActivityRatio,B_Opt_IndiaCostsFuel,GLOBAL,PWRPETNPLXX,PETNPL,,1,2043,,,,,,3.06
InputActivityRatio,B_Opt_IndiaCostsFuel,GLOBAL,PWRPETNPLXX,PETNPL,,1,2044,,,,,,3.06
InputActivityRatio,B_Opt_IndiaCostsFuel,GLOBAL,PWRPETNPLXX,PETNPL,,1,2045,,,,,,3.06
InputActivityRatio,B_Opt_IndiaCostsFuel,GLOBAL,PWRPETNPLXX,PETNPL,,1,2046,,,,,,3.06
InputActivityRatio,B_Opt_IndiaCostsFuel,GLOBAL,PWRPETNPLXX,PETNPL,,1,2047,,,,,,3.06
InputActivityRatio,B_Opt_IndiaCostsFuel,GLOBAL,PWRPETNPLXX,PETNPL,,1,2048,,,,,,3.06
InputActivityRatio,B_Opt_IndiaCostsFuel,GLOBAL,PWRPETNPLXX,PETNPL,,1,2049,,,,,,3.06
InputActivityRatio,B_Opt_IndiaCostsFuel,GLOBAL,PWRPETNPLXX,PETNPL,,1,2050,,,,,,3.06
InputActivityRatio,B_Opt_IndiaCostsFuel,GLOBAL,PWRPETNPLXX,PETINT,,2,2023,,,,,,3.06
InputActivityRatio,B_Opt_IndiaCostsFuel,GLOBAL,PWRPETNPLXX,PETINT,,2,2024,,,,,,3.06
InputActivityRatio,B_Opt_IndiaCostsFuel,GLOBAL,PWRPETNPLXX,PETINT,,2,2025,,,,,,3.06
InputActivityRatio,B_Opt_IndiaCostsFuel,GLOBAL,PWRPETNPLXX,PETINT,,2,2026,,,,,,3.06
InputActivityRatio,B_Opt_IndiaCostsFuel,GLOBAL,PWRPETNPLXX,PETINT,,2,2027,,,,,,3.06
InputActivityRatio,B_Opt_IndiaCostsFuel,GLOBAL,PWRPETNPLXX,PETINT,,2,2028,,,,,,3.06
InputActivityRatio,B_Opt_IndiaCostsFuel,GLOBAL,PWRPETNPLXX,PETINT,,2,2029,,,,,,3.06
InputActivityRatio,B_Opt_IndiaCostsFuel,GLOBAL,PWRPETNPLXX,PETINT,,2,2030,,,,,,3.06
InputActivityRatio,B_Opt_IndiaCostsFuel,GLOBAL,PWRPETNPLXX,PETINT,,2,2031,,,,,,3.06
InputActivityRatio,B_Opt_IndiaCostsFuel,GLOBAL,PWRPETNPLXX,PETINT,,2,2032,,,,,,3.06
InputActivityRatio,B_Opt_IndiaCostsFuel,GLOBAL,PWRPETNPLXX,PETINT,,2,2033,,,,,,3.06
InputActivityRatio,B_Opt_IndiaCostsFuel,GLOBAL,PWRPETNPLXX,PETINT,,2,2034,,,,,,3.06
InputActivityRatio,B_Opt_IndiaCostsFuel,GLOBAL,PWRPETNPLXX,PETINT,,2,2035,,,,,,3.06
InputActivityRatio,B_Opt_IndiaCostsFuel,GLOBAL,PWRPETNPLXX,PETINT,,2,2036,,,,,,3.06
InputActivityRatio,B_Opt_IndiaCostsFuel,GLOBAL,PWRPETNPLXX,PETINT,,2,2037,,,,,,3.06
InputActivityRatio,B_Opt_IndiaCostsFuel,GLOBAL,PWRPETNPLXX,PETINT,,2,2038,,,,,,3.06
InputActivityRatio,B_Opt_IndiaCostsFuel,GLOBAL,PWRPETNPLXX,PETINT,,2,2039,,,,,,3.06
InputActivityRatio,B_Opt_IndiaCostsFuel,GLOBAL,PWRPETNPLXX,PETINT,,2,2040,,,,,,3.06
InputActivityRatio,B_Opt_IndiaCostsFuel,GLOBAL,PWRPETNPLXX,PETINT,,2,2041,,,,,,3.06
InputActivityRatio,B_Opt_IndiaCostsFuel,GLOBAL,PWRPETNPLXX,PETINT,,2,2042,,,,,,3.06
InputActivityRatio,B_Opt_IndiaCostsFuel,GLOBAL,PWRPETNPLXX,PETINT,,2,2043,,,,,,3.06
InputActivityRatio,B_Opt_IndiaCostsFuel,GLOBAL,PWRPETNPLXX,PETINT,,2,2044,,,,,,3.06
InputActivityRatio,B_Opt_IndiaCostsFuel,GLOBAL,PWRPETNPLXX,PETINT,,2,2045,,,,,,3.06
InputActivityRatio,B_Opt_IndiaCostsFuel,GLOBAL,PWRPETNPLXX,PETINT,,2,2046,,,,,,3.06
InputActivityRatio,B_Opt_IndiaCostsFuel,GLOBAL,PWRPETNPLXX,PETINT,,2,2047,,,,,,3.06
InputActivityRatio,B_Opt_IndiaCostsFuel,GLOBAL,PWRPETNPLXX,PETINT,,2,2048,,,,,,3.06
InputActivityRatio,B_Opt_IndiaCostsFuel,GLOBAL,PWRPETNPLXX,PETINT,,2,2049,,,,,,3.06
InputActivityRatio,B_Opt_IndiaCostsFuel,GLOBAL,PWRPETNPLXX,PETINT,,2,2050,,,,,,3.06
InputActivityRatio,B_Opt_IndiaCostsFuel,GLOBAL,PWRSPVBGDXX,SPVBGDXX,,1,2023,,,,,,1.0
InputActivityRatio,B_Opt_IndiaCostsFuel,GLOBAL,PWRSPVBGDXX,SPVBGDXX,,1,2024,,,,,,1.0
InputActivityRatio,B_Opt_IndiaCostsFuel,GLOBAL,PWRSPVBGDXX,SPVBGDXX,,1,2025,,,,,,1.0
InputActivityRatio,B_Opt_IndiaCostsFuel,GLOBAL,PWRSPVBGDXX,SPVBGDXX,,1,2026,,,,,,1.0
InputActivityRatio,B_Opt_IndiaCostsFuel,GLOBAL,PWRSPVBGDXX,SPVBGDXX,,1,2027,,,,,,1.0
InputActivityRatio,B_Opt_IndiaCostsFuel,GLOBAL,PWRSPVBGDXX,SPVBGDXX,,1,2028,,,,,,1.0
InputActivityRatio,B_Opt_IndiaCostsFuel,GLOBAL,PWRSPVBGDXX,SPVBGDXX,,1,2029,,,,,,1.0
InputActivityRatio,B_Opt_IndiaCostsFuel,GLOBAL,PWRSPVBGDXX,SPVBGDXX,,1,2030,,,,,,1.0
InputActivityRatio,B_Opt_IndiaCostsFuel,GLOBAL,PWRSPVBGDXX,SPVBGDXX,,1,2031,,,,,,1.0
InputActivityRatio,B_Opt_IndiaCostsFuel,GLOBAL,PWRSPVBGDXX,SPVBGDXX,,1,2032,,,,,,1.0
InputActivityRatio,B_Opt_IndiaCostsFuel,GLOBAL,PWRSPVBGDXX,SPVBGDXX,,1,2033,,,,,,1.0
InputActivityRatio,B_Opt_IndiaCostsFuel,GLOBAL,PWRSPVBGDXX,SPVBGDXX,,1,2034,,,,,,1.0
InputActivityRatio,B_Opt_IndiaCostsFuel,GLOBAL,PWRSPVBGDXX,SPVBGDXX,,1,2035,,,,,,1.0
InputActivityRatio,B_Opt_IndiaCostsFuel,GLOBAL,PWRSPVBGDXX,SPVBGDXX,,1,2036,,,,,,1.0
InputActivityRatio,B_Opt_IndiaCostsFuel,GLOBAL,PWRSPVBGDXX,SPVBGDXX,,1,2037,,,,,,1.0
InputActivityRatio,B_Opt_IndiaCostsFuel,GLOBAL,PWRSPVBGDXX,SPVBGDXX,,1,2038,,,,,,1.0
InputActivityRatio,B_Opt_IndiaCostsFuel,GLOBAL,PWRSPVBGDXX,SPVBGDXX,,1,2039,,,,,,1.0
InputActivityRatio,B_Opt_IndiaCostsFuel,GLOBAL,PWRSPVBGDXX,SPVBGDXX,,1,2040,,,,,,1.0
InputActivityRatio,B_Opt_IndiaCostsFuel,GLOBAL,PWRSPVBGDXX,SPVBGDXX,,1,2041,,,,,,1.0
InputActivityRatio,B_Opt_IndiaCostsFuel,GLOBAL,PWRSPVBGDXX,SPVBGDXX,,1,2042,,,,,,1.0
InputActivityRatio,B_Opt_IndiaCostsFuel,GLOBAL,PWRSPVBGDXX,SPVBGDXX,,1,2043,,,,,,1.0
InputActivityRatio,B_Opt_IndiaCostsFuel,GLOBAL,PWRSPVBGDXX,SPVBGDXX,,1,2044,,,,,,1.0
InputActivityRatio,B_Opt_IndiaCostsFuel,GLOBAL,PWRSPVBGDXX,SPVBGDXX,,1,2045,,,,,,1.0
InputActivityRatio,B_Opt_IndiaCostsFuel,GLOBAL,PWRSPVBGDXX,SPVBGDXX,,1,2046,,,,,,1.0
InputActivityRatio,B_Opt_IndiaCostsFuel,GLOBAL,PWRSPVBGDXX,SPVBGDXX,,1,2047,,,,,,1.0
InputActivityRatio,B_Opt_IndiaCostsFuel,GLOBAL,PWRSPVBGDXX,SPVBGDXX,,1,2048,,,,,,1.0
InputActivityRatio,B_Opt_IndiaCostsFuel,GLOBAL,PWRSPVBGDXX,SPVBGDXX,,1,2049,,,,,,1.0
InputActivityRatio,B_Opt_IndiaCostsFuel,GLOBAL,PWRSPVBGDXX,SPVBGDXX,,1,2050,,,,,,1.0
InputActivityRatio,B_Opt_IndiaCostsFuel,GLOBAL,PWRSPVBTNXX,SPVBTNXX,,1,2023,,,,,,1.0
InputActivityRatio,B_Opt_IndiaCostsFuel,GLOBAL,PWRSPVBTNXX,SPVBTNXX,,1,2024,,,,,,1.0
InputActivityRatio,B_Opt_IndiaCostsFuel,GLOBAL,PWRSPVBTNXX,SPVBTNXX,,1,2025,,,,,,1.0
InputActivityRatio,B_Opt_IndiaCostsFuel,GLOBAL,PWRSPVBTNXX,SPVBTNXX,,1,2026,,,,,,1.0
InputActivityRatio,B_Opt_IndiaCostsFuel,GLOBAL,PWRSPVBTNXX,SPVBTNXX,,1,2027,,,,,,1.0
InputActivityRatio,B_Opt_IndiaCostsFuel,GLOBAL,PWRSPVBTNXX,SPVBTNXX,,1,2028,,,,,,1.0
InputActivityRatio,B_Opt_IndiaCostsFuel,GLOBAL,PWRSPVBTNXX,SPVBTNXX,,1,2029,,,,,,1.0
InputActivityRatio,B_Opt_IndiaCostsFuel,GLOBAL,PWRSPVBTNXX,SPVBTNXX,,1,2030,,,,,,1.0
InputActivityRatio,B_Opt_IndiaCostsFuel,GLOBAL,PWRSPVBTNXX,SPVBTNXX,,1,2031,,,,,,1.0
InputActivityRatio,B_Opt_IndiaCostsFuel,GLOBAL,PWRSPVBTNXX,SPVBTNXX,,1,2032,,,,,,1.0
InputActivityRatio,B_Opt_IndiaCostsFuel,GLOBAL,PWRSPVBTNXX,SPVBTNXX,,1,2033,,,,,,1.0
InputActivityRatio,B_Opt_IndiaCostsFuel,GLOBAL,PWRSPVBTNXX,SPVBTNXX,,1,2034,,,,,,1.0
InputActivityRatio,B_Opt_IndiaCostsFuel,GLOBAL,PWRSPVBTNXX,SPVBTNXX,,1,2035,,,,,,1.0
InputActivityRatio,B_Opt_IndiaCostsFuel,GLOBAL,PWRSPVBTNXX,SPVBTNXX,,1,2036,,,,,,1.0
InputActivityRatio,B_Opt_IndiaCostsFuel,GLOBAL,PWRSPVBTNXX,SPVBTNXX,,1,2037,,,,,,1.0
InputActivityRatio,B_Opt_IndiaCostsFuel,GLOBAL,PWRSPVBTNXX,SPVBTNXX,,1,2038,,,,,,1.0
InputActivityRatio,B_Opt_IndiaCostsFuel,GLOBAL,PWRSPVBTNXX,SPVBTNXX,,1,2039,,,,,,1.0
InputActivityRatio,B_Opt_IndiaCostsFuel,GLOBAL,PWRSPVBTNXX,SPVBTNXX,,1,2040,,,,,,1.0
InputActivityRatio,B_Opt_IndiaCostsFuel,GLOBAL,PWRSPVBTNXX,SPVBTNXX,,1,2041,,,,,,1.0
InputActivityRatio,B_Opt_IndiaCostsFuel,GLOBAL,PWRSPVBTNXX,SPVBTNXX,,1,2042,,,,,,1.0
InputActivityRatio,B_Opt_IndiaCostsFuel,GLOBAL,PWRSPVBTNXX,SPVBTNXX,,1,2043,,,,,,1.0
InputActivityRatio,B_Opt_IndiaCostsFuel,GLOBAL,PWRSPVBTNXX,SPVBTNXX,,1,2044,,,,,,1.0
InputActivityRatio,B_Opt_IndiaCostsFuel,GLOBAL,PWRSPVBTNXX,SPVBTNXX,,1,2045,,,,,,1.0
InputActivityRatio,B_Opt_IndiaCostsFuel,GLOBAL,PWRSPVBTNXX,SPVBTNXX,,1,2046,,,,,,1.0
InputActivityRatio,B_Opt_IndiaCostsFuel,GLOBAL,PWRSPVBTNXX,SPVBTNXX,,1,2047,,,,,,1.0
InputActivityRatio,B_Opt_IndiaCostsFuel,GLOBAL,PWRSPVBTNXX,SPVBTNXX,,1,2048,,,,,,1.0
InputActivityRatio,B_Opt_IndiaCostsFuel,GLOBAL,PWRSPVBTNXX,SPVBTNXX,,1,2049,,,,,,1.0
InputActivityRatio,B_Opt_IndiaCostsFuel,GLOBAL,PWRSPVBTNXX,SPVBTNXX,,1,2050,,,,,,1.0
InputActivityRatio,B_Opt_IndiaCostsFuel,GLOBAL,PWRSPVINDEA,SPVINDEA,,1,2023,,,,,,1.0
InputActivityRatio,B_Opt_IndiaCostsFuel,GLOBAL,PWRSPVINDEA,SPVINDEA,,1,2024,,,,,,1.0
InputActivityRatio,B_Opt_IndiaCostsFuel,GLOBAL,PWRSPVINDEA,SPVINDEA,,1,2025,,,,,,1.0
InputActivityRatio,B_Opt_IndiaCostsFuel,GLOBAL,PWRSPVINDEA,SPVINDEA,,1,2026,,,,,,1.0
InputActivityRatio,B_Opt_IndiaCostsFuel,GLOBAL,PWRSPVINDEA,SPVINDEA,,1,2027,,,,,,1.0
InputActivityRatio,B_Opt_IndiaCostsFuel,GLOBAL,PWRSPVINDEA,SPVINDEA,,1,2028,,,,,,1.0
InputActivityRatio,B_Opt_IndiaCostsFuel,GLOBAL,PWRSPVINDEA,SPVINDEA,,1,2029,,,,,,1.0
InputActivityRatio,B_Opt_IndiaCostsFuel,GLOBAL,PWRSPVINDEA,SPVINDEA,,1,2030,,,,,,1.0
InputActivityRatio,B_Opt_IndiaCostsFuel,GLOBAL,PWRSPVINDEA,SPVINDEA,,1,2031,,,,,,1.0
InputActivityRatio,B_Opt_IndiaCostsFuel,GLOBAL,PWRSPVINDEA,SPVINDEA,,1,2032,,,,,,1.0
InputActivityRatio,B_Opt_IndiaCostsFuel,GLOBAL,PWRSPVINDEA,SPVINDEA,,1,2033,,,,,,1.0
InputActivityRatio,B_Opt_IndiaCostsFuel,GLOBAL,PWRSPVINDEA,SPVINDEA,,1,2034,,,,,,1.0
InputActivityRatio,B_Opt_IndiaCostsFuel,GLOBAL,PWRSPVINDEA,SPVINDEA,,1,2035,,,,,,1.0
InputActivityRatio,B_Opt_IndiaCostsFuel,GLOBAL,PWRSPVINDEA,SPVINDEA,,1,2036,,,,,,1.0
InputActivityRatio,B_Opt_IndiaCostsFuel,GLOBAL,PWRSPVINDEA,SPVINDEA,,1,2037,,,,,,1.0
InputActivityRatio,B_Opt_IndiaCostsFuel,GLOBAL,PWRSPVINDEA,SPVINDEA,,1,2038,,,,,,1.0
InputActivityRatio,B_Opt_IndiaCostsFuel,GLOBAL,PWRSPVINDEA,SPVINDEA,,1,2039,,,,,,1.0
InputActivityRatio,B_Opt_IndiaCostsFuel,GLOBAL,PWRSPVINDEA,SPVINDEA,,1,2040,,,,,,1.0
InputActivityRatio,B_Opt_IndiaCostsFuel,GLOBAL,PWRSPVINDEA,SPVINDEA,,1,2041,,,,,,1.0
InputActivityRatio,B_Opt_IndiaCostsFuel,GLOBAL,PWRSPVINDEA,SPVINDEA,,1,2042,,,,,,1.0
InputActivityRatio,B_Opt_IndiaCostsFuel,GLOBAL,PWRSPVINDEA,SPVINDEA,,1,2043,,,,,,1.0
InputActivityRatio,B_Opt_IndiaCostsFuel,GLOBAL,PWRSPVINDEA,SPVINDEA,,1,2044,,,,,,1.0
InputActivityRatio,B_Opt_IndiaCostsFuel,GLOBAL,PWRSPVINDEA,SPVINDEA,,1,2045,,,,,,1.0
InputActivityRatio,B_Opt_IndiaCostsFuel,GLOBAL,PWRSPVINDEA,SPVINDEA,,1,2046,,,,,,1.0
InputActivityRatio,B_Opt_IndiaCostsFuel,GLOBAL,PWRSPVINDEA,SPVINDEA,,1,2047,,,,,,1.0
InputActivityRatio,B_Opt_IndiaCostsFuel,GLOBAL,PWRSPVINDEA,SPVINDEA,,1,2048,,,,,,1.0
InputActivityRatio,B_Opt_IndiaCostsFuel,GLOBAL,PWRSPVINDEA,SPVINDEA,,1,2049,,,,,,1.0
InputActivityRatio,B_Opt_IndiaCostsFuel,GLOBAL,PWRSPVINDEA,SPVINDEA,,1,2050,,,,,,1.0
InputActivityRatio,B_Opt_IndiaCostsFuel,GLOBAL,PWRSPVINDNE,SPVINDNE,,1,2023,,,,,,1.0
InputActivityRatio,B_Opt_IndiaCostsFuel,GLOBAL,PWRSPVINDNE,SPVINDNE,,1,2024,,,,,,1.0
InputActivityRatio,B_Opt_IndiaCostsFuel,GLOBAL,PWRSPVINDNE,SPVINDNE,,1,2025,,,,,,1.0
InputActivityRatio,B_Opt_IndiaCostsFuel,GLOBAL,PWRSPVINDNE,SPVINDNE,,1,2026,,,,,,1.0
InputActivityRatio,B_Opt_IndiaCostsFuel,GLOBAL,PWRSPVINDNE,SPVINDNE,,1,2027,,,,,,1.0
InputActivityRatio,B_Opt_IndiaCostsFuel,GLOBAL,PWRSPVINDNE,SPVINDNE,,1,2028,,,,,,1.0
InputActivityRatio,B_Opt_IndiaCostsFuel,GLOBAL,PWRSPVINDNE,SPVINDNE,,1,2029,,,,,,1.0
InputActivityRatio,B_Opt_IndiaCostsFuel,GLOBAL,PWRSPVINDNE,SPVINDNE,,1,2030,,,,,,1.0
InputActivityRatio,B_Opt_IndiaCostsFuel,GLOBAL,PWRSPVINDNE,SPVINDNE,,1,2031,,,,,,1.0
InputActivityRatio,B_Opt_IndiaCostsFuel,GLOBAL,PWRSPVINDNE,SPVINDNE,,1,2032,,,,,,1.0
InputActivityRatio,B_Opt_IndiaCostsFuel,GLOBAL,PWRSPVINDNE,SPVINDNE,,1,2033,,,,,,1.0
InputActivityRatio,B_Opt_IndiaCostsFuel,GLOBAL,PWRSPVINDNE,SPVINDNE,,1,2034,,,,,,1.0
InputActivityRatio,B_Opt_IndiaCostsFuel,GLOBAL,PWRSPVINDNE,SPVINDNE,,1,2035,,,,,,1.0
InputActivityRatio,B_Opt_IndiaCostsFuel,GLOBAL,PWRSPVINDNE,SPVINDNE,,1,2036,,,,,,1.0
InputActivityRatio,B_Opt_IndiaCostsFuel,GLOBAL,PWRSPVINDNE,SPVINDNE,,1,2037,,,,,,1.0
InputActivityRatio,B_Opt_IndiaCostsFuel,GLOBAL,PWRSPVINDNE,SPVINDNE,,1,2038,,,,,,1.0
InputActivityRatio,B_Opt_IndiaCostsFuel,GLOBAL,PWRSPVINDNE,SPVINDNE,,1,2039,,,,,,1.0
InputActivityRatio,B_Opt_IndiaCostsFuel,GLOBAL,PWRSPVINDNE,SPVINDNE,,1,2040,,,,,,1.0
InputActivityRatio,B_Opt_IndiaCostsFuel,GLOBAL,PWRSPVINDNE,SPVINDNE,,1,2041,,,,,,1.0
InputActivityRatio,B_Opt_IndiaCostsFuel,GLOBAL,PWRSPVINDNE,SPVINDNE,,1,2042,,,,,,1.0
InputActivityRatio,B_Opt_IndiaCostsFuel,GLOBAL,PWRSPVINDNE,SPVINDNE,,1,2043,,,,,,1.0
InputActivityRatio,B_Opt_IndiaCostsFuel,GLOBAL,PWRSPVINDNE,SPVINDNE,,1,2044,,,,,,1.0
InputActivityRatio,B_Opt_IndiaCostsFuel,GLOBAL,PWRSPVINDNE,SPVINDNE,,1,2045,,,,,,1.0
InputActivityRatio,B_Opt_IndiaCostsFuel,GLOBAL,PWRSPVINDNE,SPVINDNE,,1,2046,,,,,,1.0
InputActivityRatio,B_Opt_IndiaCostsFuel,GLOBAL,PWRSPVINDNE,SPVINDNE,,1,2047,,,,,,1.0
InputActivityRatio,B_Opt_IndiaCostsFuel,GLOBAL,PWRSPVINDNE,SPVINDNE,,1,2048,,,,,,1.0
InputActivityRatio,B_Opt_IndiaCostsFuel,GLOBAL,PWRSPVINDNE,SPVINDNE,,1,2049,,,,,,1.0
InputActivityRatio,B_Opt_IndiaCostsFuel,GLOBAL,PWRSPVINDNE,SPVINDNE,,1,2050,,,,,,1.0
InputActivityRatio,B_Opt_IndiaCostsFuel,GLOBAL,PWRSPVINDNO,SPVINDNO,,1,2023,,,,,,1.0
InputActivityRatio,B_Opt_IndiaCostsFuel,GLOBAL,PWRSPVINDNO,SPVINDNO,,1,2024,,,,,,1.0
InputActivityRatio,B_Opt_IndiaCostsFuel,GLOBAL,PWRSPVINDNO,SPVINDNO,,1,2025,,,,,,1.0
InputActivityRatio,B_Opt_IndiaCostsFuel,GLOBAL,PWRSPVINDNO,SPVINDNO,,1,2026,,,,,,1.0
InputActivityRatio,B_Opt_IndiaCostsFuel,GLOBAL,PWRSPVINDNO,SPVINDNO,,1,2027,,,,,,1.0
InputActivityRatio,B_Opt_IndiaCostsFuel,GLOBAL,PWRSPVINDNO,SPVINDNO,,1,2028,,,,,,1.0
InputActivityRatio,B_Opt_IndiaCostsFuel,GLOBAL,PWRSPVINDNO,SPVINDNO,,1,2029,,,,,,1.0
InputActivityRatio,B_Opt_IndiaCostsFuel,GLOBAL,PWRSPVINDNO,SPVINDNO,,1,2030,,,,,,1.0
InputActivityRatio,B_Opt_IndiaCostsFuel,GLOBAL,PWRSPVINDNO,SPVINDNO,,1,2031,,,,,,1.0
InputActivityRatio,B_Opt_IndiaCostsFuel,GLOBAL,PWRSPVINDNO,SPVINDNO,,1,2032,,,,,,1.0
InputActivityRatio,B_Opt_IndiaCostsFuel,GLOBAL,PWRSPVINDNO,SPVINDNO,,1,2033,,,,,,1.0
InputActivityRatio,B_Opt_IndiaCostsFuel,GLOBAL,PWRSPVINDNO,SPVINDNO,,1,2034,,,,,,1.0
InputActivityRatio,B_Opt_IndiaCostsFuel,GLOBAL,PWRSPVINDNO,SPVINDNO,,1,2035,,,,,,1.0
InputActivityRatio,B_Opt_IndiaCostsFuel,GLOBAL,PWRSPVINDNO,SPVINDNO,,1,2036,,,,,,1.0
InputActivityRatio,B_Opt_IndiaCostsFuel,GLOBAL,PWRSPVINDNO,SPVINDNO,,1,2037,,,,,,1.0
InputActivityRatio,B_Opt_IndiaCostsFuel,GLOBAL,PWRSPVINDNO,SPVINDNO,,1,2038,,,,,,1.0
InputActivityRatio,B_Opt_IndiaCostsFuel,GLOBAL,PWRSPVINDNO,SPVINDNO,,1,2039,,,,,,1.0
InputActivityRatio,B_Opt_IndiaCostsFuel,GLOBAL,PWRSPVINDNO,SPVINDNO,,1,2040,,,,,,1.0
InputActivityRatio,B_Opt_IndiaCostsFuel,GLOBAL,PWRSPVINDNO,SPVINDNO,,1,2041,,,,,,1.0
InputActivityRatio,B_Opt_IndiaCostsFuel,GLOBAL,PWRSPVINDNO,SPVINDNO,,1,2042,,,,,,1.0
InputActivityRatio,B_Opt_IndiaCostsFuel,GLOBAL,PWRSPVINDNO,SPVINDNO,,1,2043,,,,,,1.0
InputActivityRatio,B_Opt_IndiaCostsFuel,GLOBAL,PWRSPVINDNO,SPVINDNO,,1,2044,,,,,,1.0
InputActivityRatio,B_Opt_IndiaCostsFuel,GLOBAL,PWRSPVINDNO,SPVINDNO,,1,2045,,,,,,1.0
InputActivityRatio,B_Opt_IndiaCostsFuel,GLOBAL,PWRSPVINDNO,SPVINDNO,,1,2046,,,,,,1.0
InputActivityRatio,B_Opt_IndiaCostsFuel,GLOBAL,PWRSPVINDNO,SPVINDNO,,1,2047,,,,,,1.0
InputActivityRatio,B_Opt_IndiaCostsFuel,GLOBAL,PWRSPVINDNO,SPVINDNO,,1,2048,,,,,,1.0
InputActivityRatio,B_Opt_IndiaCostsFuel,GLOBAL,PWRSPVINDNO,SPVINDNO,,1,2049,,,,,,1.0
InputActivityRatio,B_Opt_IndiaCostsFuel,GLOBAL,PWRSPVINDNO,SPVINDNO,,1,2050,,,,,,1.0
InputActivityRatio,B_Opt_IndiaCostsFuel,GLOBAL,PWRSPVINDSO,SPVINDSO,,1,2023,,,,,,1.0
InputActivityRatio,B_Opt_IndiaCostsFuel,GLOBAL,PWRSPVINDSO,SPVINDSO,,1,2024,,,,,,1.0
InputActivityRatio,B_Opt_IndiaCostsFuel,GLOBAL,PWRSPVINDSO,SPVINDSO,,1,2025,,,,,,1.0
InputActivityRatio,B_Opt_IndiaCostsFuel,GLOBAL,PWRSPVINDSO,SPVINDSO,,1,2026,,,,,,1.0
InputActivityRatio,B_Opt_IndiaCostsFuel,GLOBAL,PWRSPVINDSO,SPVINDSO,,1,2027,,,,,,1.0
InputActivityRatio,B_Opt_IndiaCostsFuel,GLOBAL,PWRSPVINDSO,SPVINDSO,,1,2028,,,,,,1.0
InputActivityRatio,B_Opt_IndiaCostsFuel,GLOBAL,PWRSPVINDSO,SPVINDSO,,1,2029,,,,,,1.0
InputActivityRatio,B_Opt_IndiaCostsFuel,GLOBAL,PWRSPVINDSO,SPVINDSO,,1,2030,,,,,,1.0
InputActivityRatio,B_Opt_IndiaCostsFuel,GLOBAL,PWRSPVINDSO,SPVINDSO,,1,2031,,,,,,1.0
InputActivityRatio,B_Opt_IndiaCostsFuel,GLOBAL,PWRSPVINDSO,SPVINDSO,,1,2032,,,,,,1.0
InputActivityRatio,B_Opt_IndiaCostsFuel,GLOBAL,PWRSPVINDSO,SPVINDSO,,1,2033,,,,,,1.0
InputActivityRatio,B_Opt_IndiaCostsFuel,GLOBAL,PWRSPVINDSO,SPVINDSO,,1,2034,,,,,,1.0
InputActivityRatio,B_Opt_IndiaCostsFuel,GLOBAL,PWRSPVINDSO,SPVINDSO,,1,2035,,,,,,1.0
InputActivityRatio,B_Opt_IndiaCostsFuel,GLOBAL,PWRSPVINDSO,SPVINDSO,,1,2036,,,,,,1.0
InputActivityRatio,B_Opt_IndiaCostsFuel,GLOBAL,PWRSPVINDSO,SPVINDSO,,1,2037,,,,,,1.0
InputActivityRatio,B_Opt_IndiaCostsFuel,GLOBAL,PWRSPVINDSO,SPVINDSO,,1,2038,,,,,,1.0
InputActivityRatio,B_Opt_IndiaCostsFuel,GLOBAL,PWRSPVINDSO,SPVINDSO,,1,2039,,,,,,1.0
InputActivityRatio,B_Opt_IndiaCostsFuel,GLOBAL,PWRSPVINDSO,SPVINDSO,,1,2040,,,,,,1.0
InputActivityRatio,B_Opt_IndiaCostsFuel,GLOBAL,PWRSPVINDSO,SPVINDSO,,1,2041,,,,,,1.0
InputActivityRatio,B_Opt_IndiaCostsFuel,GLOBAL,PWRSPVINDSO,SPVINDSO,,1,2042,,,,,,1.0
InputActivityRatio,B_Opt_IndiaCostsFuel,GLOBAL,PWRSPVINDSO,SPVINDSO,,1,2043,,,,,,1.0
InputActivityRatio,B_Opt_IndiaCostsFuel,GLOBAL,PWRSPVINDSO,SPVINDSO,,1,2044,,,,,,1.0
InputActivityRatio,B_Opt_IndiaCostsFuel,GLOBAL,PWRSPVINDSO,SPVINDSO,,1,2045,,,,,,1.0
InputActivityRatio,B_Opt_IndiaCostsFuel,GLOBAL,PWRSPVINDSO,SPVINDSO,,1,2046,,,,,,1.0
InputActivityRatio,B_Opt_IndiaCostsFuel,GLOBAL,PWRSPVINDSO,SPVINDSO,,1,2047,,,,,,1.0
InputActivityRatio,B_Opt_IndiaCostsFuel,GLOBAL,PWRSPVINDSO,SPVINDSO,,1,2048,,,,,,1.0
InputActivityRatio,B_Opt_IndiaCostsFuel,GLOBAL,PWRSPVINDSO,SPVINDSO,,1,2049,,,,,,1.0
InputActivityRatio,B_Opt_IndiaCostsFuel,GLOBAL,PWRSPVINDSO,SPVINDSO,,1,2050,,,,,,1.0
InputActivityRatio,B_Opt_IndiaCostsFuel,GLOBAL,PWRSPVINDWE,SPVINDWE,,1,2023,,,,,,1.0
InputActivityRatio,B_Opt_IndiaCostsFuel,GLOBAL,PWRSPVINDWE,SPVINDWE,,1,2024,,,,,,1.0
InputActivityRatio,B_Opt_IndiaCostsFuel,GLOBAL,PWRSPVINDWE,SPVINDWE,,1,2025,,,,,,1.0
InputActivityRatio,B_Opt_IndiaCostsFuel,GLOBAL,PWRSPVINDWE,SPVINDWE,,1,2026,,,,,,1.0
InputActivityRatio,B_Opt_IndiaCostsFuel,GLOBAL,PWRSPVINDWE,SPVINDWE,,1,2027,,,,,,1.0
InputActivityRatio,B_Opt_IndiaCostsFuel,GLOBAL,PWRSPVINDWE,SPVINDWE,,1,2028,,,,,,1.0
InputActivityRatio,B_Opt_IndiaCostsFuel,GLOBAL,PWRSPVINDWE,SPVINDWE,,1,2029,,,,,,1.0
InputActivityRatio,B_Opt_IndiaCostsFuel,GLOBAL,PWRSPVINDWE,SPVINDWE,,1,2030,,,,,,1.0
InputActivityRatio,B_Opt_IndiaCostsFuel,GLOBAL,PWRSPVINDWE,SPVINDWE,,1,2031,,,,,,1.0
InputActivityRatio,B_Opt_IndiaCostsFuel,GLOBAL,PWRSPVINDWE,SPVINDWE,,1,2032,,,,,,1.0
InputActivityRatio,B_Opt_IndiaCostsFuel,GLOBAL,PWRSPVINDWE,SPVINDWE,,1,2033,,,,,,1.0
InputActivityRatio,B_Opt_IndiaCostsFuel,GLOBAL,PWRSPVINDWE,SPVINDWE,,1,2034,,,,,,1.0
InputActivityRatio,B_Opt_IndiaCostsFuel,GLOBAL,PWRSPVINDWE,SPVINDWE,,1,2035,,,,,,1.0
InputActivityRatio,B_Opt_IndiaCostsFuel,GLOBAL,PWRSPVINDWE,SPVINDWE,,1,2036,,,,,,1.0
InputActivityRatio,B_Opt_IndiaCostsFuel,GLOBAL,PWRSPVINDWE,SPVINDWE,,1,2037,,,,,,1.0
InputActivityRatio,B_Opt_IndiaCostsFuel,GLOBAL,PWRSPVINDWE,SPVINDWE,,1,2038,,,,,,1.0
InputActivityRatio,B_Opt_IndiaCostsFuel,GLOBAL,PWRSPVINDWE,SPVINDWE,,1,2039,,,,,,1.0
InputActivityRatio,B_Opt_IndiaCostsFuel,GLOBAL,PWRSPVINDWE,SPVINDWE,,1,2040,,,,,,1.0
InputActivityRatio,B_Opt_IndiaCostsFuel,GLOBAL,PWRSPVINDWE,SPVINDWE,,1,2041,,,,,,1.0
InputActivityRatio,B_Opt_IndiaCostsFuel,GLOBAL,PWRSPVINDWE,SPVINDWE,,1,2042,,,,,,1.0
InputActivityRatio,B_Opt_IndiaCostsFuel,GLOBAL,PWRSPVINDWE,SPVINDWE,,1,2043,,,,,,1.0
InputActivityRatio,B_Opt_IndiaCostsFuel,GLOBAL,PWRSPVINDWE,SPVINDWE,,1,2044,,,,,,1.0
InputActivityRatio,B_Opt_IndiaCostsFuel,GLOBAL,PWRSPVINDWE,SPVINDWE,,1,2045,,,,,,1.0
InputActivityRatio,B_Opt_IndiaCostsFuel,GLOBAL,PWRSPVINDWE,SPVINDWE,,1,2046,,,,,,1.0
InputActivityRatio,B_Opt_IndiaCostsFuel,GLOBAL,PWRSPVINDWE,SPVINDWE,,1,2047,,,,,,1.0
InputActivityRatio,B_Opt_IndiaCostsFuel,GLOBAL,PWRSPVINDWE,SPVINDWE,,1,2048,,,,,,1.0
InputActivityRatio,B_Opt_IndiaCostsFuel,GLOBAL,PWRSPVINDWE,SPVINDWE,,1,2049,,,,,,1.0
InputActivityRatio,B_Opt_IndiaCostsFuel,GLOBAL,PWRSPVINDWE,SPVINDWE,,1,2050,,,,,,1.0
InputActivityRatio,B_Opt_IndiaCostsFuel,GLOBAL,PWRSPVLKAXX,SPVLKAXX,,1,2023,,,,,,1.0
InputActivityRatio,B_Opt_IndiaCostsFuel,GLOBAL,PWRSPVLKAXX,SPVLKAXX,,1,2024,,,,,,1.0
InputActivityRatio,B_Opt_IndiaCostsFuel,GLOBAL,PWRSPVLKAXX,SPVLKAXX,,1,2025,,,,,,1.0
InputActivityRatio,B_Opt_IndiaCostsFuel,GLOBAL,PWRSPVLKAXX,SPVLKAXX,,1,2026,,,,,,1.0
InputActivityRatio,B_Opt_IndiaCostsFuel,GLOBAL,PWRSPVLKAXX,SPVLKAXX,,1,2027,,,,,,1.0
InputActivityRatio,B_Opt_IndiaCostsFuel,GLOBAL,PWRSPVLKAXX,SPVLKAXX,,1,2028,,,,,,1.0
InputActivityRatio,B_Opt_IndiaCostsFuel,GLOBAL,PWRSPVLKAXX,SPVLKAXX,,1,2029,,,,,,1.0
InputActivityRatio,B_Opt_IndiaCostsFuel,GLOBAL,PWRSPVLKAXX,SPVLKAXX,,1,2030,,,,,,1.0
InputActivityRatio,B_Opt_IndiaCostsFuel,GLOBAL,PWRSPVLKAXX,SPVLKAXX,,1,2031,,,,,,1.0
InputActivityRatio,B_Opt_IndiaCostsFuel,GLOBAL,PWRSPVLKAXX,SPVLKAXX,,1,2032,,,,,,1.0
InputActivityRatio,B_Opt_IndiaCostsFuel,GLOBAL,PWRSPVLKAXX,SPVLKAXX,,1,2033,,,,,,1.0
InputActivityRatio,B_Opt_IndiaCostsFuel,GLOBAL,PWRSPVLKAXX,SPVLKAXX,,1,2034,,,,,,1.0
InputActivityRatio,B_Opt_IndiaCostsFuel,GLOBAL,PWRSPVLKAXX,SPVLKAXX,,1,2035,,,,,,1.0
InputActivityRatio,B_Opt_IndiaCostsFuel,GLOBAL,PWRSPVLKAXX,SPVLKAXX,,1,2036,,,,,,1.0
InputActivityRatio,B_Opt_IndiaCostsFuel,GLOBAL,PWRSPVLKAXX,SPVLKAXX,,1,2037,,,,,,1.0
InputActivityRatio,B_Opt_IndiaCostsFuel,GLOBAL,PWRSPVLKAXX,SPVLKAXX,,1,2038,,,,,,1.0
InputActivityRatio,B_Opt_IndiaCostsFuel,GLOBAL,PWRSPVLKAXX,SPVLKAXX,,1,2039,,,,,,1.0
InputActivityRatio,B_Opt_IndiaCostsFuel,GLOBAL,PWRSPVLKAXX,SPVLKAXX,,1,2040,,,,,,1.0
InputActivityRatio,B_Opt_IndiaCostsFuel,GLOBAL,PWRSPVLKAXX,SPVLKAXX,,1,2041,,,,,,1.0
InputActivityRatio,B_Opt_IndiaCostsFuel,GLOBAL,PWRSPVLKAXX,SPVLKAXX,,1,2042,,,,,,1.0
InputActivityRatio,B_Opt_IndiaCostsFuel,GLOBAL,PWRSPVLKAXX,SPVLKAXX,,1,2043,,,,,,1.0
InputActivityRatio,B_Opt_IndiaCostsFuel,GLOBAL,PWRSPVLKAXX,SPVLKAXX,,1,2044,,,,,,1.0
InputActivityRatio,B_Opt_IndiaCostsFuel,GLOBAL,PWRSPVLKAXX,SPVLKAXX,,1,2045,,,,,,1.0
InputActivityRatio,B_Opt_IndiaCostsFuel,GLOBAL,PWRSPVLKAXX,SPVLKAXX,,1,2046,,,,,,1.0
InputActivityRatio,B_Opt_IndiaCostsFuel,GLOBAL,PWRSPVLKAXX,SPVLKAXX,,1,2047,,,,,,1.0
InputActivityRatio,B_Opt_IndiaCostsFuel,GLOBAL,PWRSPVLKAXX,SPVLKAXX,,1,2048,,,,,,1.0
InputActivityRatio,B_Opt_IndiaCostsFuel,GLOBAL,PWRSPVLKAXX,SPVLKAXX,,1,2049,,,,,,1.0
InputActivityRatio,B_Opt_IndiaCostsFuel,GLOBAL,PWRSPVLKAXX,SPVLKAXX,,1,2050,,,,,,1.0
InputActivityRatio,B_Opt_IndiaCostsFuel,GLOBAL,PWRSPVMDVXX,SPVMDVXX,,1,2023,,,,,,1.0
InputActivityRatio,B_Opt_IndiaCostsFuel,GLOBAL,PWRSPVMDVXX,SPVMDVXX,,1,2024,,,,,,1.0
InputActivityRatio,B_Opt_IndiaCostsFuel,GLOBAL,PWRSPVMDVXX,SPVMDVXX,,1,2025,,,,,,1.0
InputActivityRatio,B_Opt_IndiaCostsFuel,GLOBAL,PWRSPVMDVXX,SPVMDVXX,,1,2026,,,,,,1.0
InputActivityRatio,B_Opt_IndiaCostsFuel,GLOBAL,PWRSPVMDVXX,SPVMDVXX,,1,2027,,,,,,1.0
InputActivityRatio,B_Opt_IndiaCostsFuel,GLOBAL,PWRSPVMDVXX,SPVMDVXX,,1,2028,,,,,,1.0
InputActivityRatio,B_Opt_IndiaCostsFuel,GLOBAL,PWRSPVMDVXX,SPVMDVXX,,1,2029,,,,,,1.0
InputActivityRatio,B_Opt_IndiaCostsFuel,GLOBAL,PWRSPVMDVXX,SPVMDVXX,,1,2030,,,,,,1.0
InputActivityRatio,B_Opt_IndiaCostsFuel,GLOBAL,PWRSPVMDVXX,SPVMDVXX,,1,2031,,,,,,1.0
InputActivityRatio,B_Opt_IndiaCostsFuel,GLOBAL,PWRSPVMDVXX,SPVMDVXX,,1,2032,,,,,,1.0
InputActivityRatio,B_Opt_IndiaCostsFuel,GLOBAL,PWRSPVMDVXX,SPVMDVXX,,1,2033,,,,,,1.0
InputActivityRatio,B_Opt_IndiaCostsFuel,GLOBAL,PWRSPVMDVXX,SPVMDVXX,,1,2034,,,,,,1.0
InputActivityRatio,B_Opt_IndiaCostsFuel,GLOBAL,PWRSPVMDVXX,SPVMDVXX,,1,2035,,,,,,1.0
InputActivityRatio,B_Opt_IndiaCostsFuel,GLOBAL,PWRSPVMDVXX,SPVMDVXX,,1,2036,,,,,,1.0
InputActivityRatio,B_Opt_IndiaCostsFuel,GLOBAL,PWRSPVMDVXX,SPVMDVXX,,1,2037,,,,,,1.0
InputActivityRatio,B_Opt_IndiaCostsFuel,GLOBAL,PWRSPVMDVXX,SPVMDVXX,,1,2038,,,,,,1.0
InputActivityRatio,B_Opt_IndiaCostsFuel,GLOBAL,PWRSPVMDVXX,SPVMDVXX,,1,2039,,,,,,1.0
InputActivityRatio,B_Opt_IndiaCostsFuel,GLOBAL,PWRSPVMDVXX,SPVMDVXX,,1,2040,,,,,,1.0
InputActivityRatio,B_Opt_IndiaCostsFuel,GLOBAL,PWRSPVMDVXX,SPVMDVXX,,1,2041,,,,,,1.0
InputActivityRatio,B_Opt_IndiaCostsFuel,GLOBAL,PWRSPVMDVXX,SPVMDVXX,,1,2042,,,,,,1.0
InputActivityRatio,B_Opt_IndiaCostsFuel,GLOBAL,PWRSPVMDVXX,SPVMDVXX,,1,2043,,,,,,1.0
InputActivityRatio,B_Opt_IndiaCostsFuel,GLOBAL,PWRSPVMDVXX,SPVMDVXX,,1,2044,,,,,,1.0
InputActivityRatio,B_Opt_IndiaCostsFuel,GLOBAL,PWRSPVMDVXX,SPVMDVXX,,1,2045,,,,,,1.0
InputActivityRatio,B_Opt_IndiaCostsFuel,GLOBAL,PWRSPVMDVXX,SPVMDVXX,,1,2046,,,,,,1.0
InputActivityRatio,B_Opt_IndiaCostsFuel,GLOBAL,PWRSPVMDVXX,SPVMDVXX,,1,2047,,,,,,1.0
InputActivityRatio,B_Opt_IndiaCostsFuel,GLOBAL,PWRSPVMDVXX,SPVMDVXX,,1,2048,,,,,,1.0
InputActivityRatio,B_Opt_IndiaCostsFuel,GLOBAL,PWRSPVMDVXX,SPVMDVXX,,1,2049,,,,,,1.0
InputActivityRatio,B_Opt_IndiaCostsFuel,GLOBAL,PWRSPVMDVXX,SPVMDVXX,,1,2050,,,,,,1.0
InputActivityRatio,B_Opt_IndiaCostsFuel,GLOBAL,PWRSPVNPLXX,SPVNPLXX,,1,2023,,,,,,1.0
InputActivityRatio,B_Opt_IndiaCostsFuel,GLOBAL,PWRSPVNPLXX,SPVNPLXX,,1,2024,,,,,,1.0
InputActivityRatio,B_Opt_IndiaCostsFuel,GLOBAL,PWRSPVNPLXX,SPVNPLXX,,1,2025,,,,,,1.0
InputActivityRatio,B_Opt_IndiaCostsFuel,GLOBAL,PWRSPVNPLXX,SPVNPLXX,,1,2026,,,,,,1.0
InputActivityRatio,B_Opt_IndiaCostsFuel,GLOBAL,PWRSPVNPLXX,SPVNPLXX,,1,2027,,,,,,1.0
InputActivityRatio,B_Opt_IndiaCostsFuel,GLOBAL,PWRSPVNPLXX,SPVNPLXX,,1,2028,,,,,,1.0
InputActivityRatio,B_Opt_IndiaCostsFuel,GLOBAL,PWRSPVNPLXX,SPVNPLXX,,1,2029,,,,,,1.0
InputActivityRatio,B_Opt_IndiaCostsFuel,GLOBAL,PWRSPVNPLXX,SPVNPLXX,,1,2030,,,,,,1.0
InputActivityRatio,B_Opt_IndiaCostsFuel,GLOBAL,PWRSPVNPLXX,SPVNPLXX,,1,2031,,,,,,1.0
InputActivityRatio,B_Opt_IndiaCostsFuel,GLOBAL,PWRSPVNPLXX,SPVNPLXX,,1,2032,,,,,,1.0
InputActivityRatio,B_Opt_IndiaCostsFuel,GLOBAL,PWRSPVNPLXX,SPVNPLXX,,1,2033,,,,,,1.0
InputActivityRatio,B_Opt_IndiaCostsFuel,GLOBAL,PWRSPVNPLXX,SPVNPLXX,,1,2034,,,,,,1.0
InputActivityRatio,B_Opt_IndiaCostsFuel,GLOBAL,PWRSPVNPLXX,SPVNPLXX,,1,2035,,,,,,1.0
InputActivityRatio,B_Opt_IndiaCostsFuel,GLOBAL,PWRSPVNPLXX,SPVNPLXX,,1,2036,,,,,,1.0
InputActivityRatio,B_Opt_IndiaCostsFuel,GLOBAL,PWRSPVNPLXX,SPVNPLXX,,1,2037,,,,,,1.0
InputActivityRatio,B_Opt_IndiaCostsFuel,GLOBAL,PWRSPVNPLXX,SPVNPLXX,,1,2038,,,,,,1.0
InputActivityRatio,B_Opt_IndiaCostsFuel,GLOBAL,PWRSPVNPLXX,SPVNPLXX,,1,2039,,,,,,1.0
InputActivityRatio,B_Opt_IndiaCostsFuel,GLOBAL,PWRSPVNPLXX,SPVNPLXX,,1,2040,,,,,,1.0
InputActivityRatio,B_Opt_IndiaCostsFuel,GLOBAL,PWRSPVNPLXX,SPVNPLXX,,1,2041,,,,,,1.0
InputActivityRatio,B_Opt_IndiaCostsFuel,GLOBAL,PWRSPVNPLXX,SPVNPLXX,,1,2042,,,,,,1.0
InputActivityRatio,B_Opt_IndiaCostsFuel,GLOBAL,PWRSPVNPLXX,SPVNPLXX,,1,2043,,,,,,1.0
InputActivityRatio,B_Opt_IndiaCostsFuel,GLOBAL,PWRSPVNPLXX,SPVNPLXX,,1,2044,,,,,,1.0
InputActivityRatio,B_Opt_IndiaCostsFuel,GLOBAL,PWRSPVNPLXX,SPVNPLXX,,1,2045,,,,,,1.0
InputActivityRatio,B_Opt_IndiaCostsFuel,GLOBAL,PWRSPVNPLXX,SPVNPLXX,,1,2046,,,,,,1.0
InputActivityRatio,B_Opt_IndiaCostsFuel,GLOBAL,PWRSPVNPLXX,SPVNPLXX,,1,2047,,,,,,1.0
InputActivityRatio,B_Opt_IndiaCostsFuel,GLOBAL,PWRSPVNPLXX,SPVNPLXX,,1,2048,,,,,,1.0
InputActivityRatio,B_Opt_IndiaCostsFuel,GLOBAL,PWRSPVNPLXX,SPVNPLXX,,1,2049,,,,,,1.0
InputActivityRatio,B_Opt_IndiaCostsFuel,GLOBAL,PWRSPVNPLXX,SPVNPLXX,,1,2050,,,,,,1.0
InputActivityRatio,B_Opt_IndiaCostsFuel,GLOBAL,PWRURNBGDXX,URNBGD,,1,2023,,,,,,2.22
InputActivityRatio,B_Opt_IndiaCostsFuel,GLOBAL,PWRURNBGDXX,URNBGD,,1,2024,,,,,,2.22
InputActivityRatio,B_Opt_IndiaCostsFuel,GLOBAL,PWRURNBGDXX,URNBGD,,1,2025,,,,,,2.22
InputActivityRatio,B_Opt_IndiaCostsFuel,GLOBAL,PWRURNBGDXX,URNBGD,,1,2026,,,,,,2.22
InputActivityRatio,B_Opt_IndiaCostsFuel,GLOBAL,PWRURNBGDXX,URNBGD,,1,2027,,,,,,2.22
InputActivityRatio,B_Opt_IndiaCostsFuel,GLOBAL,PWRURNBGDXX,URNBGD,,1,2028,,,,,,2.22
InputActivityRatio,B_Opt_IndiaCostsFuel,GLOBAL,PWRURNBGDXX,URNBGD,,1,2029,,,,,,2.22
InputActivityRatio,B_Opt_IndiaCostsFuel,GLOBAL,PWRURNBGDXX,URNBGD,,1,2030,,,,,,2.22
InputActivityRatio,B_Opt_IndiaCostsFuel,GLOBAL,PWRURNBGDXX,URNBGD,,1,2031,,,,,,2.22
InputActivityRatio,B_Opt_IndiaCostsFuel,GLOBAL,PWRURNBGDXX,URNBGD,,1,2032,,,,,,2.22
InputActivityRatio,B_Opt_IndiaCostsFuel,GLOBAL,PWRURNBGDXX,URNBGD,,1,2033,,,,,,2.22
InputActivityRatio,B_Opt_IndiaCostsFuel,GLOBAL,PWRURNBGDXX,URNBGD,,1,2034,,,,,,2.22
InputActivityRatio,B_Opt_IndiaCostsFuel,GLOBAL,PWRURNBGDXX,URNBGD,,1,2035,,,,,,2.22
InputActivityRatio,B_Opt_IndiaCostsFuel,GLOBAL,PWRURNBGDXX,URNBGD,,1,2036,,,,,,2.22
InputActivityRatio,B_Opt_IndiaCostsFuel,GLOBAL,PWRURNBGDXX,URNBGD,,1,2037,,,,,,2.22
InputActivityRatio,B_Opt_IndiaCostsFuel,GLOBAL,PWRURNBGDXX,URNBGD,,1,2038,,,,,,2.22
InputActivityRatio,B_Opt_IndiaCostsFuel,GLOBAL,PWRURNBGDXX,URNBGD,,1,2039,,,,,,2.22
InputActivityRatio,B_Opt_IndiaCostsFuel,GLOBAL,PWRURNBGDXX,URNBGD,,1,2040,,,,,,2.22
InputActivityRatio,B_Opt_IndiaCostsFuel,GLOBAL,PWRURNBGDXX,URNBGD,,1,2041,,,,,,2.22
InputActivityRatio,B_Opt_IndiaCostsFuel,GLOBAL,PWRURNBGDXX,URNBGD,,1,2042,,,,,,2.22
InputActivityRatio,B_Opt_IndiaCostsFuel,GLOBAL,PWRURNBGDXX,URNBGD,,1,2043,,,,,,2.22
InputActivityRatio,B_Opt_IndiaCostsFuel,GLOBAL,PWRURNBGDXX,URNBGD,,1,2044,,,,,,2.22
InputActivityRatio,B_Opt_IndiaCostsFuel,GLOBAL,PWRURNBGDXX,URNBGD,,1,2045,,,,,,2.22
InputActivityRatio,B_Opt_IndiaCostsFuel,GLOBAL,PWRURNBGDXX,URNBGD,,1,2046,,,,,,2.22
InputActivityRatio,B_Opt_IndiaCostsFuel,GLOBAL,PWRURNBGDXX,URNBGD,,1,2047,,,,,,2.22
InputActivityRatio,B_Opt_IndiaCostsFuel,GLOBAL,PWRURNBGDXX,URNBGD,,1,2048,,,,,,2.22
InputActivityRatio,B_Opt_IndiaCostsFuel,GLOBAL,PWRURNBGDXX,URNBGD,,1,2049,,,,,,2.22
InputActivityRatio,B_Opt_IndiaCostsFuel,GLOBAL,PWRURNBGDXX,URNBGD,,1,2050,,,,,,2.22
InputActivityRatio,B_Opt_IndiaCostsFuel,GLOBAL,PWRURNBGDXX,URNINT,,2,2023,,,,,,2.22
InputActivityRatio,B_Opt_IndiaCostsFuel,GLOBAL,PWRURNBGDXX,URNINT,,2,2024,,,,,,2.22
InputActivityRatio,B_Opt_IndiaCostsFuel,GLOBAL,PWRURNBGDXX,URNINT,,2,2025,,,,,,2.22
InputActivityRatio,B_Opt_IndiaCostsFuel,GLOBAL,PWRURNBGDXX,URNINT,,2,2026,,,,,,2.22
InputActivityRatio,B_Opt_IndiaCostsFuel,GLOBAL,PWRURNBGDXX,URNINT,,2,2027,,,,,,2.22
InputActivityRatio,B_Opt_IndiaCostsFuel,GLOBAL,PWRURNBGDXX,URNINT,,2,2028,,,,,,2.22
InputActivityRatio,B_Opt_IndiaCostsFuel,GLOBAL,PWRURNBGDXX,URNINT,,2,2029,,,,,,2.22
InputActivityRatio,B_Opt_IndiaCostsFuel,GLOBAL,PWRURNBGDXX,URNINT,,2,2030,,,,,,2.22
InputActivityRatio,B_Opt_IndiaCostsFuel,GLOBAL,PWRURNBGDXX,URNINT,,2,2031,,,,,,2.22
InputActivityRatio,B_Opt_IndiaCostsFuel,GLOBAL,PWRURNBGDXX,URNINT,,2,2032,,,,,,2.22
InputActivityRatio,B_Opt_IndiaCostsFuel,GLOBAL,PWRURNBGDXX,URNINT,,2,2033,,,,,,2.22
InputActivityRatio,B_Opt_IndiaCostsFuel,GLOBAL,PWRURNBGDXX,URNINT,,2,2034,,,,,,2.22
InputActivityRatio,B_Opt_IndiaCostsFuel,GLOBAL,PWRURNBGDXX,URNINT,,2,2035,,,,,,2.22
InputActivityRatio,B_Opt_IndiaCostsFuel,GLOBAL,PWRURNBGDXX,URNINT,,2,2036,,,,,,2.22
InputActivityRatio,B_Opt_IndiaCostsFuel,GLOBAL,PWRURNBGDXX,URNINT,,2,2037,,,,,,2.22
InputActivityRatio,B_Opt_IndiaCostsFuel,GLOBAL,PWRURNBGDXX,URNINT,,2,2038,,,,,,2.22
InputActivityRatio,B_Opt_IndiaCostsFuel,GLOBAL,PWRURNBGDXX,URNINT,,2,2039,,,,,,2.22
InputActivityRatio,B_Opt_IndiaCostsFuel,GLOBAL,PWRURNBGDXX,URNINT,,2,2040,,,,,,2.22
InputActivityRatio,B_Opt_IndiaCostsFuel,GLOBAL,PWRURNBGDXX,URNINT,,2,2041,,,,,,2.22
InputActivityRatio,B_Opt_IndiaCostsFuel,GLOBAL,PWRURNBGDXX,URNINT,,2,2042,,,,,,2.22
InputActivityRatio,B_Opt_IndiaCostsFuel,GLOBAL,PWRURNBGDXX,URNINT,,2,2043,,,,,,2.22
InputActivityRatio,B_Opt_IndiaCostsFuel,GLOBAL,PWRURNBGDXX,URNINT,,2,2044,,,,,,2.22
InputActivityRatio,B_Opt_IndiaCostsFuel,GLOBAL,PWRURNBGDXX,URNINT,,2,2045,,,,,,2.22
InputActivityRatio,B_Opt_IndiaCostsFuel,GLOBAL,PWRURNBGDXX,URNINT,,2,2046,,,,,,2.22
InputActivityRatio,B_Opt_IndiaCostsFuel,GLOBAL,PWRURNBGDXX,URNINT,,2,2047,,,,,,2.22
InputActivityRatio,B_Opt_IndiaCostsFuel,GLOBAL,PWRURNBGDXX,URNINT,,2,2048,,,,,,2.22
InputActivityRatio,B_Opt_IndiaCostsFuel,GLOBAL,PWRURNBGDXX,URNINT,,2,2049,,,,,,2.22
InputActivityRatio,B_Opt_IndiaCostsFuel,GLOBAL,PWRURNBGDXX,URNINT,,2,2050,,,,,,2.22
InputActivityRatio,B_Opt_IndiaCostsFuel,GLOBAL,PWRURNINDEA,URNIND,,1,2023,,,,,,2.22
InputActivityRatio,B_Opt_IndiaCostsFuel,GLOBAL,PWRURNINDEA,URNIND,,1,2024,,,,,,2.22
InputActivityRatio,B_Opt_IndiaCostsFuel,GLOBAL,PWRURNINDEA,URNIND,,1,2025,,,,,,2.22
InputActivityRatio,B_Opt_IndiaCostsFuel,GLOBAL,PWRURNINDEA,URNIND,,1,2026,,,,,,2.22
InputActivityRatio,B_Opt_IndiaCostsFuel,GLOBAL,PWRURNINDEA,URNIND,,1,2027,,,,,,2.22
InputActivityRatio,B_Opt_IndiaCostsFuel,GLOBAL,PWRURNINDEA,URNIND,,1,2028,,,,,,2.22
InputActivityRatio,B_Opt_IndiaCostsFuel,GLOBAL,PWRURNINDEA,URNIND,,1,2029,,,,,,2.22
InputActivityRatio,B_Opt_IndiaCostsFuel,GLOBAL,PWRURNINDEA,URNIND,,1,2030,,,,,,2.22
InputActivityRatio,B_Opt_IndiaCostsFuel,GLOBAL,PWRURNINDEA,URNIND,,1,2031,,,,,,2.22
InputActivityRatio,B_Opt_IndiaCostsFuel,GLOBAL,PWRURNINDEA,URNIND,,1,2032,,,,,,2.22
InputActivityRatio,B_Opt_IndiaCostsFuel,GLOBAL,PWRURNINDEA,URNIND,,1,2033,,,,,,2.22
InputActivityRatio,B_Opt_IndiaCostsFuel,GLOBAL,PWRURNINDEA,URNIND,,1,2034,,,,,,2.22
InputActivityRatio,B_Opt_IndiaCostsFuel,GLOBAL,PWRURNINDEA,URNIND,,1,2035,,,,,,2.22
InputActivityRatio,B_Opt_IndiaCostsFuel,GLOBAL,PWRURNINDEA,URNIND,,1,2036,,,,,,2.22
InputActivityRatio,B_Opt_IndiaCostsFuel,GLOBAL,PWRURNINDEA,URNIND,,1,2037,,,,,,2.22
InputActivityRatio,B_Opt_IndiaCostsFuel,GLOBAL,PWRURNINDEA,URNIND,,1,2038,,,,,,2.22
InputActivityRatio,B_Opt_IndiaCostsFuel,GLOBAL,PWRURNINDEA,URNIND,,1,2039,,,,,,2.22
InputActivityRatio,B_Opt_IndiaCostsFuel,GLOBAL,PWRURNINDEA,URNIND,,1,2040,,,,,,2.22
InputActivityRatio,B_Opt_IndiaCostsFuel,GLOBAL,PWRURNINDEA,URNIND,,1,2041,,,,,,2.22
InputActivityRatio,B_Opt_IndiaCostsFuel,GLOBAL,PWRURNINDEA,URNIND,,1,2042,,,,,,2.22
InputActivityRatio,B_Opt_IndiaCostsFuel,GLOBAL,PWRURNINDEA,URNIND,,1,2043,,,,,,2.22
InputActivityRatio,B_Opt_IndiaCostsFuel,GLOBAL,PWRURNINDEA,URNIND,,1,2044,,,,,,2.22
InputActivityRatio,B_Opt_IndiaCostsFuel,GLOBAL,PWRURNINDEA,URNIND,,1,2045,,,,,,2.22
InputActivityRatio,B_Opt_IndiaCostsFuel,GLOBAL,PWRURNINDEA,URNIND,,1,2046,,,,,,2.22
InputActivityRatio,B_Opt_IndiaCostsFuel,GLOBAL,PWRURNINDEA,URNIND,,1,2047,,,,,,2.22
InputActivityRatio,B_Opt_IndiaCostsFuel,GLOBAL,PWRURNINDEA,URNIND,,1,2048,,,,,,2.22
InputActivityRatio,B_Opt_IndiaCostsFuel,GLOBAL,PWRURNINDEA,URNIND,,1,2049,,,,,,2.22
InputActivityRatio,B_Opt_IndiaCostsFuel,GLOBAL,PWRURNINDEA,URNIND,,1,2050,,,,,,2.22
InputActivityRatio,B_Opt_IndiaCostsFuel,GLOBAL,PWRURNINDEA,URNINT,,2,2023,,,,,,2.22
InputActivityRatio,B_Opt_IndiaCostsFuel,GLOBAL,PWRURNINDEA,URNINT,,2,2024,,,,,,2.22
InputActivityRatio,B_Opt_IndiaCostsFuel,GLOBAL,PWRURNINDEA,URNINT,,2,2025,,,,,,2.22
InputActivityRatio,B_Opt_IndiaCostsFuel,GLOBAL,PWRURNINDEA,URNINT,,2,2026,,,,,,2.22
InputActivityRatio,B_Opt_IndiaCostsFuel,GLOBAL,PWRURNINDEA,URNINT,,2,2027,,,,,,2.22
InputActivityRatio,B_Opt_IndiaCostsFuel,GLOBAL,PWRURNINDEA,URNINT,,2,2028,,,,,,2.22
InputActivityRatio,B_Opt_IndiaCostsFuel,GLOBAL,PWRURNINDEA,URNINT,,2,2029,,,,,,2.22
InputActivityRatio,B_Opt_IndiaCostsFuel,GLOBAL,PWRURNINDEA,URNINT,,2,2030,,,,,,2.22
InputActivityRatio,B_Opt_IndiaCostsFuel,GLOBAL,PWRURNINDEA,URNINT,,2,2031,,,,,,2.22
InputActivityRatio,B_Opt_IndiaCostsFuel,GLOBAL,PWRURNINDEA,URNINT,,2,2032,,,,,,2.22
InputActivityRatio,B_Opt_IndiaCostsFuel,GLOBAL,PWRURNINDEA,URNINT,,2,2033,,,,,,2.22
InputActivityRatio,B_Opt_IndiaCostsFuel,GLOBAL,PWRURNINDEA,URNINT,,2,2034,,,,,,2.22
InputActivityRatio,B_Opt_IndiaCostsFuel,GLOBAL,PWRURNINDEA,URNINT,,2,2035,,,,,,2.22
InputActivityRatio,B_Opt_IndiaCostsFuel,GLOBAL,PWRURNINDEA,URNINT,,2,2036,,,,,,2.22
InputActivityRatio,B_Opt_IndiaCostsFuel,GLOBAL,PWRURNINDEA,URNINT,,2,2037,,,,,,2.22
InputActivityRatio,B_Opt_IndiaCostsFuel,GLOBAL,PWRURNINDEA,URNINT,,2,2038,,,,,,2.22
InputActivityRatio,B_Opt_IndiaCostsFuel,GLOBAL,PWRURNINDEA,URNINT,,2,2039,,,,,,2.22
InputActivityRatio,B_Opt_IndiaCostsFuel,GLOBAL,PWRURNINDEA,URNINT,,2,2040,,,,,,2.22
InputActivityRatio,B_Opt_IndiaCostsFuel,GLOBAL,PWRURNINDEA,URNINT,,2,2041,,,,,,2.22
InputActivityRatio,B_Opt_IndiaCostsFuel,GLOBAL,PWRURNINDEA,URNINT,,2,2042,,,,,,2.22
InputActivityRatio,B_Opt_IndiaCostsFuel,GLOBAL,PWRURNINDEA,URNINT,,2,2043,,,,,,2.22
InputActivityRatio,B_Opt_IndiaCostsFuel,GLOBAL,PWRURNINDEA,URNINT,,2,2044,,,,,,2.22
InputActivityRatio,B_Opt_IndiaCostsFuel,GLOBAL,PWRURNINDEA,URNINT,,2,2045,,,,,,2.22
InputActivityRatio,B_Opt_IndiaCostsFuel,GLOBAL,PWRURNINDEA,URNINT,,2,2046,,,,,,2.22
InputActivityRatio,B_Opt_IndiaCostsFuel,GLOBAL,PWRURNINDEA,URNINT,,2,2047,,,,,,2.22
InputActivityRatio,B_Opt_IndiaCostsFuel,GLOBAL,PWRURNINDEA,URNINT,,2,2048,,,,,,2.22
InputActivityRatio,B_Opt_IndiaCostsFuel,GLOBAL,PWRURNINDEA,URNINT,,2,2049,,,,,,2.22
InputActivityRatio,B_Opt_IndiaCostsFuel,GLOBAL,PWRURNINDEA,URNINT,,2,2050,,,,,,2.22
InputActivityRatio,B_Opt_IndiaCostsFuel,GLOBAL,PWRURNINDNE,URNIND,,1,2023,,,,,,2.22
InputActivityRatio,B_Opt_IndiaCostsFuel,GLOBAL,PWRURNINDNE,URNIND,,1,2024,,,,,,2.22
InputActivityRatio,B_Opt_IndiaCostsFuel,GLOBAL,PWRURNINDNE,URNIND,,1,2025,,,,,,2.22
InputActivityRatio,B_Opt_IndiaCostsFuel,GLOBAL,PWRURNINDNE,URNIND,,1,2026,,,,,,2.22
InputActivityRatio,B_Opt_IndiaCostsFuel,GLOBAL,PWRURNINDNE,URNIND,,1,2027,,,,,,2.22
InputActivityRatio,B_Opt_IndiaCostsFuel,GLOBAL,PWRURNINDNE,URNIND,,1,2028,,,,,,2.22
InputActivityRatio,B_Opt_IndiaCostsFuel,GLOBAL,PWRURNINDNE,URNIND,,1,2029,,,,,,2.22
InputActivityRatio,B_Opt_IndiaCostsFuel,GLOBAL,PWRURNINDNE,URNIND,,1,2030,,,,,,2.22
InputActivityRatio,B_Opt_IndiaCostsFuel,GLOBAL,PWRURNINDNE,URNIND,,1,2031,,,,,,2.22
InputActivityRatio,B_Opt_IndiaCostsFuel,GLOBAL,PWRURNINDNE,URNIND,,1,2032,,,,,,2.22
InputActivityRatio,B_Opt_IndiaCostsFuel,GLOBAL,PWRURNINDNE,URNIND,,1,2033,,,,,,2.22
InputActivityRatio,B_Opt_IndiaCostsFuel,GLOBAL,PWRURNINDNE,URNIND,,1,2034,,,,,,2.22
InputActivityRatio,B_Opt_IndiaCostsFuel,GLOBAL,PWRURNINDNE,URNIND,,1,2035,,,,,,2.22
InputActivityRatio,B_Opt_IndiaCostsFuel,GLOBAL,PWRURNINDNE,URNIND,,1,2036,,,,,,2.22
InputActivityRatio,B_Opt_IndiaCostsFuel,GLOBAL,PWRURNINDNE,URNIND,,1,2037,,,,,,2.22
InputActivityRatio,B_Opt_IndiaCostsFuel,GLOBAL,PWRURNINDNE,URNIND,,1,2038,,,,,,2.22
InputActivityRatio,B_Opt_IndiaCostsFuel,GLOBAL,PWRURNINDNE,URNIND,,1,2039,,,,,,2.22
InputActivityRatio,B_Opt_IndiaCostsFuel,GLOBAL,PWRURNINDNE,URNIND,,1,2040,,,,,,2.22
InputActivityRatio,B_Opt_IndiaCostsFuel,GLOBAL,PWRURNINDNE,URNIND,,1,2041,,,,,,2.22
InputActivityRatio,B_Opt_IndiaCostsFuel,GLOBAL,PWRURNINDNE,URNIND,,1,2042,,,,,,2.22
InputActivityRatio,B_Opt_IndiaCostsFuel,GLOBAL,PWRURNINDNE,URNIND,,1,2043,,,,,,2.22
InputActivityRatio,B_Opt_IndiaCostsFuel,GLOBAL,PWRURNINDNE,URNIND,,1,2044,,,,,,2.22
InputActivityRatio,B_Opt_IndiaCostsFuel,GLOBAL,PWRURNINDNE,URNIND,,1,2045,,,,,,2.22
InputActivityRatio,B_Opt_IndiaCostsFuel,GLOBAL,PWRURNINDNE,URNIND,,1,2046,,,,,,2.22
InputActivityRatio,B_Opt_IndiaCostsFuel,GLOBAL,PWRURNINDNE,URNIND,,1,2047,,,,,,2.22
InputActivityRatio,B_Opt_IndiaCostsFuel,GLOBAL,PWRURNINDNE,URNIND,,1,2048,,,,,,2.22
InputActivityRatio,B_Opt_IndiaCostsFuel,GLOBAL,PWRURNINDNE,URNIND,,1,2049,,,,,,2.22
InputActivityRatio,B_Opt_IndiaCostsFuel,GLOBAL,PWRURNINDNE,URNIND,,1,2050,,,,,,2.22
InputActivityRatio,B_Opt_IndiaCostsFuel,GLOBAL,PWRURNINDNE,URNINT,,2,2023,,,,,,2.22
InputActivityRatio,B_Opt_IndiaCostsFuel,GLOBAL,PWRURNINDNE,URNINT,,2,2024,,,,,,2.22
InputActivityRatio,B_Opt_IndiaCostsFuel,GLOBAL,PWRURNINDNE,URNINT,,2,2025,,,,,,2.22
InputActivityRatio,B_Opt_IndiaCostsFuel,GLOBAL,PWRURNINDNE,URNINT,,2,2026,,,,,,2.22
InputActivityRatio,B_Opt_IndiaCostsFuel,GLOBAL,PWRURNINDNE,URNINT,,2,2027,,,,,,2.22
InputActivityRatio,B_Opt_IndiaCostsFuel,GLOBAL,PWRURNINDNE,URNINT,,2,2028,,,,,,2.22
InputActivityRatio,B_Opt_IndiaCostsFuel,GLOBAL,PWRURNINDNE,URNINT,,2,2029,,,,,,2.22
InputActivityRatio,B_Opt_IndiaCostsFuel,GLOBAL,PWRURNINDNE,URNINT,,2,2030,,,,,,2.22
InputActivityRatio,B_Opt_IndiaCostsFuel,GLOBAL,PWRURNINDNE,URNINT,,2,2031,,,,,,2.22
InputActivityRatio,B_Opt_IndiaCostsFuel,GLOBAL,PWRURNINDNE,URNINT,,2,2032,,,,,,2.22
InputActivityRatio,B_Opt_IndiaCostsFuel,GLOBAL,PWRURNINDNE,URNINT,,2,2033,,,,,,2.22
InputActivityRatio,B_Opt_IndiaCostsFuel,GLOBAL,PWRURNINDNE,URNINT,,2,2034,,,,,,2.22
InputActivityRatio,B_Opt_IndiaCostsFuel,GLOBAL,PWRURNINDNE,URNINT,,2,2035,,,,,,2.22
InputActivityRatio,B_Opt_IndiaCostsFuel,GLOBAL,PWRURNINDNE,URNINT,,2,2036,,,,,,2.22
InputActivityRatio,B_Opt_IndiaCostsFuel,GLOBAL,PWRURNINDNE,URNINT,,2,2037,,,,,,2.22
InputActivityRatio,B_Opt_IndiaCostsFuel,GLOBAL,PWRURNINDNE,URNINT,,2,2038,,,,,,2.22
InputActivityRatio,B_Opt_IndiaCostsFuel,GLOBAL,PWRURNINDNE,URNINT,,2,2039,,,,,,2.22
InputActivityRatio,B_Opt_IndiaCostsFuel,GLOBAL,PWRURNINDNE,URNINT,,2,2040,,,,,,2.22
InputActivityRatio,B_Opt_IndiaCostsFuel,GLOBAL,PWRURNINDNE,URNINT,,2,2041,,,,,,2.22
InputActivityRatio,B_Opt_IndiaCostsFuel,GLOBAL,PWRURNINDNE,URNINT,,2,2042,,,,,,2.22
InputActivityRatio,B_Opt_IndiaCostsFuel,GLOBAL,PWRURNINDNE,URNINT,,2,2043,,,,,,2.22
InputActivityRatio,B_Opt_IndiaCostsFuel,GLOBAL,PWRURNINDNE,URNINT,,2,2044,,,,,,2.22
InputActivityRatio,B_Opt_IndiaCostsFuel,GLOBAL,PWRURNINDNE,URNINT,,2,2045,,,,,,2.22
InputActivityRatio,B_Opt_IndiaCostsFuel,GLOBAL,PWRURNINDNE,URNINT,,2,2046,,,,,,2.22
InputActivityRatio,B_Opt_IndiaCostsFuel,GLOBAL,PWRURNINDNE,URNINT,,2,2047,,,,,,2.22
InputActivityRatio,B_Opt_IndiaCostsFuel,GLOBAL,PWRURNINDNE,URNINT,,2,2048,,,,,,2.22
InputActivityRatio,B_Opt_IndiaCostsFuel,GLOBAL,PWRURNINDNE,URNINT,,2,2049,,,,,,2.22
InputActivityRatio,B_Opt_IndiaCostsFuel,GLOBAL,PWRURNINDNE,URNINT,,2,2050,,,,,,2.22
InputActivityRatio,B_Opt_IndiaCostsFuel,GLOBAL,PWRURNINDNO,URNIND,,1,2023,,,,,,2.22
InputActivityRatio,B_Opt_IndiaCostsFuel,GLOBAL,PWRURNINDNO,URNIND,,1,2024,,,,,,2.22
InputActivityRatio,B_Opt_IndiaCostsFuel,GLOBAL,PWRURNINDNO,URNIND,,1,2025,,,,,,2.22
InputActivityRatio,B_Opt_IndiaCostsFuel,GLOBAL,PWRURNINDNO,URNIND,,1,2026,,,,,,2.22
InputActivityRatio,B_Opt_IndiaCostsFuel,GLOBAL,PWRURNINDNO,URNIND,,1,2027,,,,,,2.22
InputActivityRatio,B_Opt_IndiaCostsFuel,GLOBAL,PWRURNINDNO,URNIND,,1,2028,,,,,,2.22
InputActivityRatio,B_Opt_IndiaCostsFuel,GLOBAL,PWRURNINDNO,URNIND,,1,2029,,,,,,2.22
InputActivityRatio,B_Opt_IndiaCostsFuel,GLOBAL,PWRURNINDNO,URNIND,,1,2030,,,,,,2.22
InputActivityRatio,B_Opt_IndiaCostsFuel,GLOBAL,PWRURNINDNO,URNIND,,1,2031,,,,,,2.22
InputActivityRatio,B_Opt_IndiaCostsFuel,GLOBAL,PWRURNINDNO,URNIND,,1,2032,,,,,,2.22
InputActivityRatio,B_Opt_IndiaCostsFuel,GLOBAL,PWRURNINDNO,URNIND,,1,2033,,,,,,2.22
InputActivityRatio,B_Opt_IndiaCostsFuel,GLOBAL,PWRURNINDNO,URNIND,,1,2034,,,,,,2.22
InputActivityRatio,B_Opt_IndiaCostsFuel,GLOBAL,PWRURNINDNO,URNIND,,1,2035,,,,,,2.22
InputActivityRatio,B_Opt_IndiaCostsFuel,GLOBAL,PWRURNINDNO,URNIND,,1,2036,,,,,,2.22
InputActivityRatio,B_Opt_IndiaCostsFuel,GLOBAL,PWRURNINDNO,URNIND,,1,2037,,,,,,2.22
InputActivityRatio,B_Opt_IndiaCostsFuel,GLOBAL,PWRURNINDNO,URNIND,,1,2038,,,,,,2.22
InputActivityRatio,B_Opt_IndiaCostsFuel,GLOBAL,PWRURNINDNO,URNIND,,1,2039,,,,,,2.22
InputActivityRatio,B_Opt_IndiaCostsFuel,GLOBAL,PWRURNINDNO,URNIND,,1,2040,,,,,,2.22
InputActivityRatio,B_Opt_IndiaCostsFuel,GLOBAL,PWRURNINDNO,URNIND,,1,2041,,,,,,2.22
InputActivityRatio,B_Opt_IndiaCostsFuel,GLOBAL,PWRURNINDNO,URNIND,,1,2042,,,,,,2.22
InputActivityRatio,B_Opt_IndiaCostsFuel,GLOBAL,PWRURNINDNO,URNIND,,1,2043,,,,,,2.22
InputActivityRatio,B_Opt_IndiaCostsFuel,GLOBAL,PWRURNINDNO,URNIND,,1,2044,,,,,,2.22
InputActivityRatio,B_Opt_IndiaCostsFuel,GLOBAL,PWRURNINDNO,URNIND,,1,2045,,,,,,2.22
InputActivityRatio,B_Opt_IndiaCostsFuel,GLOBAL,PWRURNINDNO,URNIND,,1,2046,,,,,,2.22
InputActivityRatio,B_Opt_IndiaCostsFuel,GLOBAL,PWRURNINDNO,URNIND,,1,2047,,,,,,2.22
InputActivityRatio,B_Opt_IndiaCostsFuel,GLOBAL,PWRURNINDNO,URNIND,,1,2048,,,,,,2.22
InputActivityRatio,B_Opt_IndiaCostsFuel,GLOBAL,PWRURNINDNO,URNIND,,1,2049,,,,,,2.22
InputActivityRatio,B_Opt_IndiaCostsFuel,GLOBAL,PWRURNINDNO,URNIND,,1,2050,,,,,,2.22
InputActivityRatio,B_Opt_IndiaCostsFuel,GLOBAL,PWRURNINDNO,URNINT,,2,2023,,,,,,2.22
InputActivityRatio,B_Opt_IndiaCostsFuel,GLOBAL,PWRURNINDNO,URNINT,,2,2024,,,,,,2.22
InputActivityRatio,B_Opt_IndiaCostsFuel,GLOBAL,PWRURNINDNO,URNINT,,2,2025,,,,,,2.22
InputActivityRatio,B_Opt_IndiaCostsFuel,GLOBAL,PWRURNINDNO,URNINT,,2,2026,,,,,,2.22
InputActivityRatio,B_Opt_IndiaCostsFuel,GLOBAL,PWRURNINDNO,URNINT,,2,2027,,,,,,2.22
InputActivityRatio,B_Opt_IndiaCostsFuel,GLOBAL,PWRURNINDNO,URNINT,,2,2028,,,,,,2.22
InputActivityRatio,B_Opt_IndiaCostsFuel,GLOBAL,PWRURNINDNO,URNINT,,2,2029,,,,,,2.22
InputActivityRatio,B_Opt_IndiaCostsFuel,GLOBAL,PWRURNINDNO,URNINT,,2,2030,,,,,,2.22
InputActivityRatio,B_Opt_IndiaCostsFuel,GLOBAL,PWRURNINDNO,URNINT,,2,2031,,,,,,2.22
InputActivityRatio,B_Opt_IndiaCostsFuel,GLOBAL,PWRURNINDNO,URNINT,,2,2032,,,,,,2.22
InputActivityRatio,B_Opt_IndiaCostsFuel,GLOBAL,PWRURNINDNO,URNINT,,2,2033,,,,,,2.22
InputActivityRatio,B_Opt_IndiaCostsFuel,GLOBAL,PWRURNINDNO,URNINT,,2,2034,,,,,,2.22
InputActivityRatio,B_Opt_IndiaCostsFuel,GLOBAL,PWRURNINDNO,URNINT,,2,2035,,,,,,2.22
InputActivityRatio,B_Opt_IndiaCostsFuel,GLOBAL,PWRURNINDNO,URNINT,,2,2036,,,,,,2.22
InputActivityRatio,B_Opt_IndiaCostsFuel,GLOBAL,PWRURNINDNO,URNINT,,2,2037,,,,,,2.22
InputActivityRatio,B_Opt_IndiaCostsFuel,GLOBAL,PWRURNINDNO,URNINT,,2,2038,,,,,,2.22
InputActivityRatio,B_Opt_IndiaCostsFuel,GLOBAL,PWRURNINDNO,URNINT,,2,2039,,,,,,2.22
InputActivityRatio,B_Opt_IndiaCostsFuel,GLOBAL,PWRURNINDNO,URNINT,,2,2040,,,,,,2.22
InputActivityRatio,B_Opt_IndiaCostsFuel,GLOBAL,PWRURNINDNO,URNINT,,2,2041,,,,,,2.22
InputActivityRatio,B_Opt_IndiaCostsFuel,GLOBAL,PWRURNINDNO,URNINT,,2,2042,,,,,,2.22
InputActivityRatio,B_Opt_IndiaCostsFuel,GLOBAL,PWRURNINDNO,URNINT,,2,2043,,,,,,2.22
InputActivityRatio,B_Opt_IndiaCostsFuel,GLOBAL,PWRURNINDNO,URNINT,,2,2044,,,,,,2.22
InputActivityRatio,B_Opt_IndiaCostsFuel,GLOBAL,PWRURNINDNO,URNINT,,2,2045,,,,,,2.22
InputActivityRatio,B_Opt_IndiaCostsFuel,GLOBAL,PWRURNINDNO,URNINT,,2,2046,,,,,,2.22
InputActivityRatio,B_Opt_IndiaCostsFuel,GLOBAL,PWRURNINDNO,URNINT,,2,2047,,,,,,2.22
InputActivityRatio,B_Opt_IndiaCostsFuel,GLOBAL,PWRURNINDNO,URNINT,,2,2048,,,,,,2.22
InputActivityRatio,B_Opt_IndiaCostsFuel,GLOBAL,PWRURNINDNO,URNINT,,2,2049,,,,,,2.22
InputActivityRatio,B_Opt_IndiaCostsFuel,GLOBAL,PWRURNINDNO,URNINT,,2,2050,,,,,,2.22
InputActivityRatio,B_Opt_IndiaCostsFuel,GLOBAL,PWRURNINDSO,URNIND,,1,2023,,,,,,2.22
InputActivityRatio,B_Opt_IndiaCostsFuel,GLOBAL,PWRURNINDSO,URNIND,,1,2024,,,,,,2.22
InputActivityRatio,B_Opt_IndiaCostsFuel,GLOBAL,PWRURNINDSO,URNIND,,1,2025,,,,,,2.22
InputActivityRatio,B_Opt_IndiaCostsFuel,GLOBAL,PWRURNINDSO,URNIND,,1,2026,,,,,,2.22
InputActivityRatio,B_Opt_IndiaCostsFuel,GLOBAL,PWRURNINDSO,URNIND,,1,2027,,,,,,2.22
InputActivityRatio,B_Opt_IndiaCostsFuel,GLOBAL,PWRURNINDSO,URNIND,,1,2028,,,,,,2.22
InputActivityRatio,B_Opt_IndiaCostsFuel,GLOBAL,PWRURNINDSO,URNIND,,1,2029,,,,,,2.22
InputActivityRatio,B_Opt_IndiaCostsFuel,GLOBAL,PWRURNINDSO,URNIND,,1,2030,,,,,,2.22
InputActivityRatio,B_Opt_IndiaCostsFuel,GLOBAL,PWRURNINDSO,URNIND,,1,2031,,,,,,2.22
InputActivityRatio,B_Opt_IndiaCostsFuel,GLOBAL,PWRURNINDSO,URNIND,,1,2032,,,,,,2.22
InputActivityRatio,B_Opt_IndiaCostsFuel,GLOBAL,PWRURNINDSO,URNIND,,1,2033,,,,,,2.22
InputActivityRatio,B_Opt_IndiaCostsFuel,GLOBAL,PWRURNINDSO,URNIND,,1,2034,,,,,,2.22
InputActivityRatio,B_Opt_IndiaCostsFuel,GLOBAL,PWRURNINDSO,URNIND,,1,2035,,,,,,2.22
InputActivityRatio,B_Opt_IndiaCostsFuel,GLOBAL,PWRURNINDSO,URNIND,,1,2036,,,,,,2.22
InputActivityRatio,B_Opt_IndiaCostsFuel,GLOBAL,PWRURNINDSO,URNIND,,1,2037,,,,,,2.22
InputActivityRatio,B_Opt_IndiaCostsFuel,GLOBAL,PWRURNINDSO,URNIND,,1,2038,,,,,,2.22
InputActivityRatio,B_Opt_IndiaCostsFuel,GLOBAL,PWRURNINDSO,URNIND,,1,2039,,,,,,2.22
InputActivityRatio,B_Opt_IndiaCostsFuel,GLOBAL,PWRURNINDSO,URNIND,,1,2040,,,,,,2.22
InputActivityRatio,B_Opt_IndiaCostsFuel,GLOBAL,PWRURNINDSO,URNIND,,1,2041,,,,,,2.22
InputActivityRatio,B_Opt_IndiaCostsFuel,GLOBAL,PWRURNINDSO,URNIND,,1,2042,,,,,,2.22
InputActivityRatio,B_Opt_IndiaCostsFuel,GLOBAL,PWRURNINDSO,URNIND,,1,2043,,,,,,2.22
InputActivityRatio,B_Opt_IndiaCostsFuel,GLOBAL,PWRURNINDSO,URNIND,,1,2044,,,,,,2.22
InputActivityRatio,B_Opt_IndiaCostsFuel,GLOBAL,PWRURNINDSO,URNIND,,1,2045,,,,,,2.22
InputActivityRatio,B_Opt_IndiaCostsFuel,GLOBAL,PWRURNINDSO,URNIND,,1,2046,,,,,,2.22
InputActivityRatio,B_Opt_IndiaCostsFuel,GLOBAL,PWRURNINDSO,URNIND,,1,2047,,,,,,2.22
InputActivityRatio,B_Opt_IndiaCostsFuel,GLOBAL,PWRURNINDSO,URNIND,,1,2048,,,,,,2.22
InputActivityRatio,B_Opt_IndiaCostsFuel,GLOBAL,PWRURNINDSO,URNIND,,1,2049,,,,,,2.22
InputActivityRatio,B_Opt_IndiaCostsFuel,GLOBAL,PWRURNINDSO,URNIND,,1,2050,,,,,,2.22
InputActivityRatio,B_Opt_IndiaCostsFuel,GLOBAL,PWRURNINDSO,URNINT,,2,2023,,,,,,2.22
InputActivityRatio,B_Opt_IndiaCostsFuel,GLOBAL,PWRURNINDSO,URNINT,,2,2024,,,,,,2.22
InputActivityRatio,B_Opt_IndiaCostsFuel,GLOBAL,PWRURNINDSO,URNINT,,2,2025,,,,,,2.22
InputActivityRatio,B_Opt_IndiaCostsFuel,GLOBAL,PWRURNINDSO,URNINT,,2,2026,,,,,,2.22
InputActivityRatio,B_Opt_IndiaCostsFuel,GLOBAL,PWRURNINDSO,URNINT,,2,2027,,,,,,2.22
InputActivityRatio,B_Opt_IndiaCostsFuel,GLOBAL,PWRURNINDSO,URNINT,,2,2028,,,,,,2.22
InputActivityRatio,B_Opt_IndiaCostsFuel,GLOBAL,PWRURNINDSO,URNINT,,2,2029,,,,,,2.22
InputActivityRatio,B_Opt_IndiaCostsFuel,GLOBAL,PWRURNINDSO,URNINT,,2,2030,,,,,,2.22
InputActivityRatio,B_Opt_IndiaCostsFuel,GLOBAL,PWRURNINDSO,URNINT,,2,2031,,,,,,2.22
InputActivityRatio,B_Opt_IndiaCostsFuel,GLOBAL,PWRURNINDSO,URNINT,,2,2032,,,,,,2.22
InputActivityRatio,B_Opt_IndiaCostsFuel,GLOBAL,PWRURNINDSO,URNINT,,2,2033,,,,,,2.22
InputActivityRatio,B_Opt_IndiaCostsFuel,GLOBAL,PWRURNINDSO,URNINT,,2,2034,,,,,,2.22
InputActivityRatio,B_Opt_IndiaCostsFuel,GLOBAL,PWRURNINDSO,URNINT,,2,2035,,,,,,2.22
InputActivityRatio,B_Opt_IndiaCostsFuel,GLOBAL,PWRURNINDSO,URNINT,,2,2036,,,,,,2.22
InputActivityRatio,B_Opt_IndiaCostsFuel,GLOBAL,PWRURNINDSO,URNINT,,2,2037,,,,,,2.22
InputActivityRatio,B_Opt_IndiaCostsFuel,GLOBAL,PWRURNINDSO,URNINT,,2,2038,,,,,,2.22
InputActivityRatio,B_Opt_IndiaCostsFuel,GLOBAL,PWRURNINDSO,URNINT,,2,2039,,,,,,2.22
InputActivityRatio,B_Opt_IndiaCostsFuel,GLOBAL,PWRURNINDSO,URNINT,,2,2040,,,,,,2.22
InputActivityRatio,B_Opt_IndiaCostsFuel,GLOBAL,PWRURNINDSO,URNINT,,2,2041,,,,,,2.22
InputActivityRatio,B_Opt_IndiaCostsFuel,GLOBAL,PWRURNINDSO,URNINT,,2,2042,,,,,,2.22
InputActivityRatio,B_Opt_IndiaCostsFuel,GLOBAL,PWRURNINDSO,URNINT,,2,2043,,,,,,2.22
InputActivityRatio,B_Opt_IndiaCostsFuel,GLOBAL,PWRURNINDSO,URNINT,,2,2044,,,,,,2.22
InputActivityRatio,B_Opt_IndiaCostsFuel,GLOBAL,PWRURNINDSO,URNINT,,2,2045,,,,,,2.22
InputActivityRatio,B_Opt_IndiaCostsFuel,GLOBAL,PWRURNINDSO,URNINT,,2,2046,,,,,,2.22
InputActivityRatio,B_Opt_IndiaCostsFuel,GLOBAL,PWRURNINDSO,URNINT,,2,2047,,,,,,2.22
InputActivityRatio,B_Opt_IndiaCostsFuel,GLOBAL,PWRURNINDSO,URNINT,,2,2048,,,,,,2.22
InputActivityRatio,B_Opt_IndiaCostsFuel,GLOBAL,PWRURNINDSO,URNINT,,2,2049,,,,,,2.22
InputActivityRatio,B_Opt_IndiaCostsFuel,GLOBAL,PWRURNINDSO,URNINT,,2,2050,,,,,,2.22
InputActivityRatio,B_Opt_IndiaCostsFuel,GLOBAL,PWRURNINDWE,URNIND,,1,2023,,,,,,2.22
InputActivityRatio,B_Opt_IndiaCostsFuel,GLOBAL,PWRURNINDWE,URNIND,,1,2024,,,,,,2.22
InputActivityRatio,B_Opt_IndiaCostsFuel,GLOBAL,PWRURNINDWE,URNIND,,1,2025,,,,,,2.22
InputActivityRatio,B_Opt_IndiaCostsFuel,GLOBAL,PWRURNINDWE,URNIND,,1,2026,,,,,,2.22
InputActivityRatio,B_Opt_IndiaCostsFuel,GLOBAL,PWRURNINDWE,URNIND,,1,2027,,,,,,2.22
InputActivityRatio,B_Opt_IndiaCostsFuel,GLOBAL,PWRURNINDWE,URNIND,,1,2028,,,,,,2.22
InputActivityRatio,B_Opt_IndiaCostsFuel,GLOBAL,PWRURNINDWE,URNIND,,1,2029,,,,,,2.22
InputActivityRatio,B_Opt_IndiaCostsFuel,GLOBAL,PWRURNINDWE,URNIND,,1,2030,,,,,,2.22
InputActivityRatio,B_Opt_IndiaCostsFuel,GLOBAL,PWRURNINDWE,URNIND,,1,2031,,,,,,2.22
InputActivityRatio,B_Opt_IndiaCostsFuel,GLOBAL,PWRURNINDWE,URNIND,,1,2032,,,,,,2.22
InputActivityRatio,B_Opt_IndiaCostsFuel,GLOBAL,PWRURNINDWE,URNIND,,1,2033,,,,,,2.22
InputActivityRatio,B_Opt_IndiaCostsFuel,GLOBAL,PWRURNINDWE,URNIND,,1,2034,,,,,,2.22
InputActivityRatio,B_Opt_IndiaCostsFuel,GLOBAL,PWRURNINDWE,URNIND,,1,2035,,,,,,2.22
InputActivityRatio,B_Opt_IndiaCostsFuel,GLOBAL,PWRURNINDWE,URNIND,,1,2036,,,,,,2.22
InputActivityRatio,B_Opt_IndiaCostsFuel,GLOBAL,PWRURNINDWE,URNIND,,1,2037,,,,,,2.22
InputActivityRatio,B_Opt_IndiaCostsFuel,GLOBAL,PWRURNINDWE,URNIND,,1,2038,,,,,,2.22
InputActivityRatio,B_Opt_IndiaCostsFuel,GLOBAL,PWRURNINDWE,URNIND,,1,2039,,,,,,2.22
InputActivityRatio,B_Opt_IndiaCostsFuel,GLOBAL,PWRURNINDWE,URNIND,,1,2040,,,,,,2.22
InputActivityRatio,B_Opt_IndiaCostsFuel,GLOBAL,PWRURNINDWE,URNIND,,1,2041,,,,,,2.22
InputActivityRatio,B_Opt_IndiaCostsFuel,GLOBAL,PWRURNINDWE,URNIND,,1,2042,,,,,,2.22
InputActivityRatio,B_Opt_IndiaCostsFuel,GLOBAL,PWRURNINDWE,URNIND,,1,2043,,,,,,2.22
InputActivityRatio,B_Opt_IndiaCostsFuel,GLOBAL,PWRURNINDWE,URNIND,,1,2044,,,,,,2.22
InputActivityRatio,B_Opt_IndiaCostsFuel,GLOBAL,PWRURNINDWE,URNIND,,1,2045,,,,,,2.22
InputActivityRatio,B_Opt_IndiaCostsFuel,GLOBAL,PWRURNINDWE,URNIND,,1,2046,,,,,,2.22
InputActivityRatio,B_Opt_IndiaCostsFuel,GLOBAL,PWRURNINDWE,URNIND,,1,2047,,,,,,2.22
InputActivityRatio,B_Opt_IndiaCostsFuel,GLOBAL,PWRURNINDWE,URNIND,,1,2048,,,,,,2.22
InputActivityRatio,B_Opt_IndiaCostsFuel,GLOBAL,PWRURNINDWE,URNIND,,1,2049,,,,,,2.22
InputActivityRatio,B_Opt_IndiaCostsFuel,GLOBAL,PWRURNINDWE,URNIND,,1,2050,,,,,,2.22
InputActivityRatio,B_Opt_IndiaCostsFuel,GLOBAL,PWRURNINDWE,URNINT,,2,2023,,,,,,2.22
InputActivityRatio,B_Opt_IndiaCostsFuel,GLOBAL,PWRURNINDWE,URNINT,,2,2024,,,,,,2.22
InputActivityRatio,B_Opt_IndiaCostsFuel,GLOBAL,PWRURNINDWE,URNINT,,2,2025,,,,,,2.22
InputActivityRatio,B_Opt_IndiaCostsFuel,GLOBAL,PWRURNINDWE,URNINT,,2,2026,,,,,,2.22
InputActivityRatio,B_Opt_IndiaCostsFuel,GLOBAL,PWRURNINDWE,URNINT,,2,2027,,,,,,2.22
InputActivityRatio,B_Opt_IndiaCostsFuel,GLOBAL,PWRURNINDWE,URNINT,,2,2028,,,,,,2.22
InputActivityRatio,B_Opt_IndiaCostsFuel,GLOBAL,PWRURNINDWE,URNINT,,2,2029,,,,,,2.22
InputActivityRatio,B_Opt_IndiaCostsFuel,GLOBAL,PWRURNINDWE,URNINT,,2,2030,,,,,,2.22
InputActivityRatio,B_Opt_IndiaCostsFuel,GLOBAL,PWRURNINDWE,URNINT,,2,2031,,,,,,2.22
InputActivityRatio,B_Opt_IndiaCostsFuel,GLOBAL,PWRURNINDWE,URNINT,,2,2032,,,,,,2.22
InputActivityRatio,B_Opt_IndiaCostsFuel,GLOBAL,PWRURNINDWE,URNINT,,2,2033,,,,,,2.22
InputActivityRatio,B_Opt_IndiaCostsFuel,GLOBAL,PWRURNINDWE,URNINT,,2,2034,,,,,,2.22
InputActivityRatio,B_Opt_IndiaCostsFuel,GLOBAL,PWRURNINDWE,URNINT,,2,2035,,,,,,2.22
InputActivityRatio,B_Opt_IndiaCostsFuel,GLOBAL,PWRURNINDWE,URNINT,,2,2036,,,,,,2.22
InputActivityRatio,B_Opt_IndiaCostsFuel,GLOBAL,PWRURNINDWE,URNINT,,2,2037,,,,,,2.22
InputActivityRatio,B_Opt_IndiaCostsFuel,GLOBAL,PWRURNINDWE,URNINT,,2,2038,,,,,,2.22
InputActivityRatio,B_Opt_IndiaCostsFuel,GLOBAL,PWRURNINDWE,URNINT,,2,2039,,,,,,2.22
InputActivityRatio,B_Opt_IndiaCostsFuel,GLOBAL,PWRURNINDWE,URNINT,,2,2040,,,,,,2.22
InputActivityRatio,B_Opt_IndiaCostsFuel,GLOBAL,PWRURNINDWE,URNINT,,2,2041,,,,,,2.22
InputActivityRatio,B_Opt_IndiaCostsFuel,GLOBAL,PWRURNINDWE,URNINT,,2,2042,,,,,,2.22
InputActivityRatio,B_Opt_IndiaCostsFuel,GLOBAL,PWRURNINDWE,URNINT,,2,2043,,,,,,2.22
InputActivityRatio,B_Opt_IndiaCostsFuel,GLOBAL,PWRURNINDWE,URNINT,,2,2044,,,,,,2.22
InputActivityRatio,B_Opt_IndiaCostsFuel,GLOBAL,PWRURNINDWE,URNINT,,2,2045,,,,,,2.22
InputActivityRatio,B_Opt_IndiaCostsFuel,GLOBAL,PWRURNINDWE,URNINT,,2,2046,,,,,,2.22
InputActivityRatio,B_Opt_IndiaCostsFuel,GLOBAL,PWRURNINDWE,URNINT,,2,2047,,,,,,2.22
InputActivityRatio,B_Opt_IndiaCostsFuel,GLOBAL,PWRURNINDWE,URNINT,,2,2048,,,,,,2.22
InputActivityRatio,B_Opt_IndiaCostsFuel,GLOBAL,PWRURNINDWE,URNINT,,2,2049,,,,,,2.22
InputActivityRatio,B_Opt_IndiaCostsFuel,GLOBAL,PWRURNINDWE,URNINT,,2,2050,,,,,,2.22
InputActivityRatio,B_Opt_IndiaCostsFuel,GLOBAL,PWRWASBGDXX,WASBGDXX,,1,2023,,,,,,1.0
InputActivityRatio,B_Opt_IndiaCostsFuel,GLOBAL,PWRWASBGDXX,WASBGDXX,,1,2024,,,,,,1.0
InputActivityRatio,B_Opt_IndiaCostsFuel,GLOBAL,PWRWASBGDXX,WASBGDXX,,1,2025,,,,,,1.0
InputActivityRatio,B_Opt_IndiaCostsFuel,GLOBAL,PWRWASBGDXX,WASBGDXX,,1,2026,,,,,,1.0
InputActivityRatio,B_Opt_IndiaCostsFuel,GLOBAL,PWRWASBGDXX,WASBGDXX,,1,2027,,,,,,1.0
InputActivityRatio,B_Opt_IndiaCostsFuel,GLOBAL,PWRWASBGDXX,WASBGDXX,,1,2028,,,,,,1.0
InputActivityRatio,B_Opt_IndiaCostsFuel,GLOBAL,PWRWASBGDXX,WASBGDXX,,1,2029,,,,,,1.0
InputActivityRatio,B_Opt_IndiaCostsFuel,GLOBAL,PWRWASBGDXX,WASBGDXX,,1,2030,,,,,,1.0
InputActivityRatio,B_Opt_IndiaCostsFuel,GLOBAL,PWRWASBGDXX,WASBGDXX,,1,2031,,,,,,1.0
InputActivityRatio,B_Opt_IndiaCostsFuel,GLOBAL,PWRWASBGDXX,WASBGDXX,,1,2032,,,,,,1.0
InputActivityRatio,B_Opt_IndiaCostsFuel,GLOBAL,PWRWASBGDXX,WASBGDXX,,1,2033,,,,,,1.0
InputActivityRatio,B_Opt_IndiaCostsFuel,GLOBAL,PWRWASBGDXX,WASBGDXX,,1,2034,,,,,,1.0
InputActivityRatio,B_Opt_IndiaCostsFuel,GLOBAL,PWRWASBGDXX,WASBGDXX,,1,2035,,,,,,1.0
InputActivityRatio,B_Opt_IndiaCostsFuel,GLOBAL,PWRWASBGDXX,WASBGDXX,,1,2036,,,,,,1.0
InputActivityRatio,B_Opt_IndiaCostsFuel,GLOBAL,PWRWASBGDXX,WASBGDXX,,1,2037,,,,,,1.0
InputActivityRatio,B_Opt_IndiaCostsFuel,GLOBAL,PWRWASBGDXX,WASBGDXX,,1,2038,,,,,,1.0
InputActivityRatio,B_Opt_IndiaCostsFuel,GLOBAL,PWRWASBGDXX,WASBGDXX,,1,2039,,,,,,1.0
InputActivityRatio,B_Opt_IndiaCostsFuel,GLOBAL,PWRWASBGDXX,WASBGDXX,,1,2040,,,,,,1.0
InputActivityRatio,B_Opt_IndiaCostsFuel,GLOBAL,PWRWASBGDXX,WASBGDXX,,1,2041,,,,,,1.0
InputActivityRatio,B_Opt_IndiaCostsFuel,GLOBAL,PWRWASBGDXX,WASBGDXX,,1,2042,,,,,,1.0
InputActivityRatio,B_Opt_IndiaCostsFuel,GLOBAL,PWRWASBGDXX,WASBGDXX,,1,2043,,,,,,1.0
InputActivityRatio,B_Opt_IndiaCostsFuel,GLOBAL,PWRWASBGDXX,WASBGDXX,,1,2044,,,,,,1.0
InputActivityRatio,B_Opt_IndiaCostsFuel,GLOBAL,PWRWASBGDXX,WASBGDXX,,1,2045,,,,,,1.0
InputActivityRatio,B_Opt_IndiaCostsFuel,GLOBAL,PWRWASBGDXX,WASBGDXX,,1,2046,,,,,,1.0
InputActivityRatio,B_Opt_IndiaCostsFuel,GLOBAL,PWRWASBGDXX,WASBGDXX,,1,2047,,,,,,1.0
InputActivityRatio,B_Opt_IndiaCostsFuel,GLOBAL,PWRWASBGDXX,WASBGDXX,,1,2048,,,,,,1.0
InputActivityRatio,B_Opt_IndiaCostsFuel,GLOBAL,PWRWASBGDXX,WASBGDXX,,1,2049,,,,,,1.0
InputActivityRatio,B_Opt_IndiaCostsFuel,GLOBAL,PWRWASBGDXX,WASBGDXX,,1,2050,,,,,,1.0
InputActivityRatio,B_Opt_IndiaCostsFuel,GLOBAL,PWRWASINDEA,WASINDEA,,1,2023,,,,,,1.0
InputActivityRatio,B_Opt_IndiaCostsFuel,GLOBAL,PWRWASINDEA,WASINDEA,,1,2024,,,,,,1.0
InputActivityRatio,B_Opt_IndiaCostsFuel,GLOBAL,PWRWASINDEA,WASINDEA,,1,2025,,,,,,1.0
InputActivityRatio,B_Opt_IndiaCostsFuel,GLOBAL,PWRWASINDEA,WASINDEA,,1,2026,,,,,,1.0
InputActivityRatio,B_Opt_IndiaCostsFuel,GLOBAL,PWRWASINDEA,WASINDEA,,1,2027,,,,,,1.0
InputActivityRatio,B_Opt_IndiaCostsFuel,GLOBAL,PWRWASINDEA,WASINDEA,,1,2028,,,,,,1.0
InputActivityRatio,B_Opt_IndiaCostsFuel,GLOBAL,PWRWASINDEA,WASINDEA,,1,2029,,,,,,1.0
InputActivityRatio,B_Opt_IndiaCostsFuel,GLOBAL,PWRWASINDEA,WASINDEA,,1,2030,,,,,,1.0
InputActivityRatio,B_Opt_IndiaCostsFuel,GLOBAL,PWRWASINDEA,WASINDEA,,1,2031,,,,,,1.0
InputActivityRatio,B_Opt_IndiaCostsFuel,GLOBAL,PWRWASINDEA,WASINDEA,,1,2032,,,,,,1.0
InputActivityRatio,B_Opt_IndiaCostsFuel,GLOBAL,PWRWASINDEA,WASINDEA,,1,2033,,,,,,1.0
InputActivityRatio,B_Opt_IndiaCostsFuel,GLOBAL,PWRWASINDEA,WASINDEA,,1,2034,,,,,,1.0
InputActivityRatio,B_Opt_IndiaCostsFuel,GLOBAL,PWRWASINDEA,WASINDEA,,1,2035,,,,,,1.0
InputActivityRatio,B_Opt_IndiaCostsFuel,GLOBAL,PWRWASINDEA,WASINDEA,,1,2036,,,,,,1.0
InputActivityRatio,B_Opt_IndiaCostsFuel,GLOBAL,PWRWASINDEA,WASINDEA,,1,2037,,,,,,1.0
InputActivityRatio,B_Opt_IndiaCostsFuel,GLOBAL,PWRWASINDEA,WASINDEA,,1,2038,,,,,,1.0
InputActivityRatio,B_Opt_IndiaCostsFuel,GLOBAL,PWRWASINDEA,WASINDEA,,1,2039,,,,,,1.0
InputActivityRatio,B_Opt_IndiaCostsFuel,GLOBAL,PWRWASINDEA,WASINDEA,,1,2040,,,,,,1.0
InputActivityRatio,B_Opt_IndiaCostsFuel,GLOBAL,PWRWASINDEA,WASINDEA,,1,2041,,,,,,1.0
InputActivityRatio,B_Opt_IndiaCostsFuel,GLOBAL,PWRWASINDEA,WASINDEA,,1,2042,,,,,,1.0
InputActivityRatio,B_Opt_IndiaCostsFuel,GLOBAL,PWRWASINDEA,WASINDEA,,1,2043,,,,,,1.0
InputActivityRatio,B_Opt_IndiaCostsFuel,GLOBAL,PWRWASINDEA,WASINDEA,,1,2044,,,,,,1.0
InputActivityRatio,B_Opt_IndiaCostsFuel,GLOBAL,PWRWASINDEA,WASINDEA,,1,2045,,,,,,1.0
InputActivityRatio,B_Opt_IndiaCostsFuel,GLOBAL,PWRWASINDEA,WASINDEA,,1,2046,,,,,,1.0
InputActivityRatio,B_Opt_IndiaCostsFuel,GLOBAL,PWRWASINDEA,WASINDEA,,1,2047,,,,,,1.0
InputActivityRatio,B_Opt_IndiaCostsFuel,GLOBAL,PWRWASINDEA,WASINDEA,,1,2048,,,,,,1.0
InputActivityRatio,B_Opt_IndiaCostsFuel,GLOBAL,PWRWASINDEA,WASINDEA,,1,2049,,,,,,1.0
InputActivityRatio,B_Opt_IndiaCostsFuel,GLOBAL,PWRWASINDEA,WASINDEA,,1,2050,,,,,,1.0
InputActivityRatio,B_Opt_IndiaCostsFuel,GLOBAL,PWRWASINDNE,WASINDNE,,1,2023,,,,,,1.0
InputActivityRatio,B_Opt_IndiaCostsFuel,GLOBAL,PWRWASINDNE,WASINDNE,,1,2024,,,,,,1.0
InputActivityRatio,B_Opt_IndiaCostsFuel,GLOBAL,PWRWASINDNE,WASINDNE,,1,2025,,,,,,1.0
InputActivityRatio,B_Opt_IndiaCostsFuel,GLOBAL,PWRWASINDNE,WASINDNE,,1,2026,,,,,,1.0
InputActivityRatio,B_Opt_IndiaCostsFuel,GLOBAL,PWRWASINDNE,WASINDNE,,1,2027,,,,,,1.0
InputActivityRatio,B_Opt_IndiaCostsFuel,GLOBAL,PWRWASINDNE,WASINDNE,,1,2028,,,,,,1.0
InputActivityRatio,B_Opt_IndiaCostsFuel,GLOBAL,PWRWASINDNE,WASINDNE,,1,2029,,,,,,1.0
InputActivityRatio,B_Opt_IndiaCostsFuel,GLOBAL,PWRWASINDNE,WASINDNE,,1,2030,,,,,,1.0
InputActivityRatio,B_Opt_IndiaCostsFuel,GLOBAL,PWRWASINDNE,WASINDNE,,1,2031,,,,,,1.0
InputActivityRatio,B_Opt_IndiaCostsFuel,GLOBAL,PWRWASINDNE,WASINDNE,,1,2032,,,,,,1.0
InputActivityRatio,B_Opt_IndiaCostsFuel,GLOBAL,PWRWASINDNE,WASINDNE,,1,2033,,,,,,1.0
InputActivityRatio,B_Opt_IndiaCostsFuel,GLOBAL,PWRWASINDNE,WASINDNE,,1,2034,,,,,,1.0
InputActivityRatio,B_Opt_IndiaCostsFuel,GLOBAL,PWRWASINDNE,WASINDNE,,1,2035,,,,,,1.0
InputActivityRatio,B_Opt_IndiaCostsFuel,GLOBAL,PWRWASINDNE,WASINDNE,,1,2036,,,,,,1.0
InputActivityRatio,B_Opt_IndiaCostsFuel,GLOBAL,PWRWASINDNE,WASINDNE,,1,2037,,,,,,1.0
InputActivityRatio,B_Opt_IndiaCostsFuel,GLOBAL,PWRWASINDNE,WASINDNE,,1,2038,,,,,,1.0
InputActivityRatio,B_Opt_IndiaCostsFuel,GLOBAL,PWRWASINDNE,WASINDNE,,1,2039,,,,,,1.0
InputActivityRatio,B_Opt_IndiaCostsFuel,GLOBAL,PWRWASINDNE,WASINDNE,,1,2040,,,,,,1.0
InputActivityRatio,B_Opt_IndiaCostsFuel,GLOBAL,PWRWASINDNE,WASINDNE,,1,2041,,,,,,1.0
InputActivityRatio,B_Opt_IndiaCostsFuel,GLOBAL,PWRWASINDNE,WASINDNE,,1,2042,,,,,,1.0
InputActivityRatio,B_Opt_IndiaCostsFuel,GLOBAL,PWRWASINDNE,WASINDNE,,1,2043,,,,,,1.0
InputActivityRatio,B_Opt_IndiaCostsFuel,GLOBAL,PWRWASINDNE,WASINDNE,,1,2044,,,,,,1.0
InputActivityRatio,B_Opt_IndiaCostsFuel,GLOBAL,PWRWASINDNE,WASINDNE,,1,2045,,,,,,1.0
InputActivityRatio,B_Opt_IndiaCostsFuel,GLOBAL,PWRWASINDNE,WASINDNE,,1,2046,,,,,,1.0
InputActivityRatio,B_Opt_IndiaCostsFuel,GLOBAL,PWRWASINDNE,WASINDNE,,1,2047,,,,,,1.0
InputActivityRatio,B_Opt_IndiaCostsFuel,GLOBAL,PWRWASINDNE,WASINDNE,,1,2048,,,,,,1.0
InputActivityRatio,B_Opt_IndiaCostsFuel,GLOBAL,PWRWASINDNE,WASINDNE,,1,2049,,,,,,1.0
InputActivityRatio,B_Opt_IndiaCostsFuel,GLOBAL,PWRWASINDNE,WASINDNE,,1,2050,,,,,,1.0
InputActivityRatio,B_Opt_IndiaCostsFuel,GLOBAL,PWRWASINDNO,WASINDNO,,1,2023,,,,,,1.0
InputActivityRatio,B_Opt_IndiaCostsFuel,GLOBAL,PWRWASINDNO,WASINDNO,,1,2024,,,,,,1.0
InputActivityRatio,B_Opt_IndiaCostsFuel,GLOBAL,PWRWASINDNO,WASINDNO,,1,2025,,,,,,1.0
InputActivityRatio,B_Opt_IndiaCostsFuel,GLOBAL,PWRWASINDNO,WASINDNO,,1,2026,,,,,,1.0
InputActivityRatio,B_Opt_IndiaCostsFuel,GLOBAL,PWRWASINDNO,WASINDNO,,1,2027,,,,,,1.0
InputActivityRatio,B_Opt_IndiaCostsFuel,GLOBAL,PWRWASINDNO,WASINDNO,,1,2028,,,,,,1.0
InputActivityRatio,B_Opt_IndiaCostsFuel,GLOBAL,PWRWASINDNO,WASINDNO,,1,2029,,,,,,1.0
InputActivityRatio,B_Opt_IndiaCostsFuel,GLOBAL,PWRWASINDNO,WASINDNO,,1,2030,,,,,,1.0
InputActivityRatio,B_Opt_IndiaCostsFuel,GLOBAL,PWRWASINDNO,WASINDNO,,1,2031,,,,,,1.0
InputActivityRatio,B_Opt_IndiaCostsFuel,GLOBAL,PWRWASINDNO,WASINDNO,,1,2032,,,,,,1.0
InputActivityRatio,B_Opt_IndiaCostsFuel,GLOBAL,PWRWASINDNO,WASINDNO,,1,2033,,,,,,1.0
InputActivityRatio,B_Opt_IndiaCostsFuel,GLOBAL,PWRWASINDNO,WASINDNO,,1,2034,,,,,,1.0
InputActivityRatio,B_Opt_IndiaCostsFuel,GLOBAL,PWRWASINDNO,WASINDNO,,1,2035,,,,,,1.0
InputActivityRatio,B_Opt_IndiaCostsFuel,GLOBAL,PWRWASINDNO,WASINDNO,,1,2036,,,,,,1.0
InputActivityRatio,B_Opt_IndiaCostsFuel,GLOBAL,PWRWASINDNO,WASINDNO,,1,2037,,,,,,1.0
InputActivityRatio,B_Opt_IndiaCostsFuel,GLOBAL,PWRWASINDNO,WASINDNO,,1,2038,,,,,,1.0
InputActivityRatio,B_Opt_IndiaCostsFuel,GLOBAL,PWRWASINDNO,WASINDNO,,1,2039,,,,,,1.0
InputActivityRatio,B_Opt_IndiaCostsFuel,GLOBAL,PWRWASINDNO,WASINDNO,,1,2040,,,,,,1.0
InputActivityRatio,B_Opt_IndiaCostsFuel,GLOBAL,PWRWASINDNO,WASINDNO,,1,2041,,,,,,1.0
InputActivityRatio,B_Opt_IndiaCostsFuel,GLOBAL,PWRWASINDNO,WASINDNO,,1,2042,,,,,,1.0
InputActivityRatio,B_Opt_IndiaCostsFuel,GLOBAL,PWRWASINDNO,WASINDNO,,1,2043,,,,,,1.0
InputActivityRatio,B_Opt_IndiaCostsFuel,GLOBAL,PWRWASINDNO,WASINDNO,,1,2044,,,,,,1.0
InputActivityRatio,B_Opt_IndiaCostsFuel,GLOBAL,PWRWASINDNO,WASINDNO,,1,2045,,,,,,1.0
InputActivityRatio,B_Opt_IndiaCostsFuel,GLOBAL,PWRWASINDNO,WASINDNO,,1,2046,,,,,,1.0
InputActivityRatio,B_Opt_IndiaCostsFuel,GLOBAL,PWRWASINDNO,WASINDNO,,1,2047,,,,,,1.0
InputActivityRatio,B_Opt_IndiaCostsFuel,GLOBAL,PWRWASINDNO,WASINDNO,,1,2048,,,,,,1.0
InputActivityRatio,B_Opt_IndiaCostsFuel,GLOBAL,PWRWASINDNO,WASINDNO,,1,2049,,,,,,1.0
InputActivityRatio,B_Opt_IndiaCostsFuel,GLOBAL,PWRWASINDNO,WASINDNO,,1,2050,,,,,,1.0
InputActivityRatio,B_Opt_IndiaCostsFuel,GLOBAL,PWRWASINDSO,WASINDSO,,1,2023,,,,,,1.0
InputActivityRatio,B_Opt_IndiaCostsFuel,GLOBAL,PWRWASINDSO,WASINDSO,,1,2024,,,,,,1.0
InputActivityRatio,B_Opt_IndiaCostsFuel,GLOBAL,PWRWASINDSO,WASINDSO,,1,2025,,,,,,1.0
InputActivityRatio,B_Opt_IndiaCostsFuel,GLOBAL,PWRWASINDSO,WASINDSO,,1,2026,,,,,,1.0
InputActivityRatio,B_Opt_IndiaCostsFuel,GLOBAL,PWRWASINDSO,WASINDSO,,1,2027,,,,,,1.0
InputActivityRatio,B_Opt_IndiaCostsFuel,GLOBAL,PWRWASINDSO,WASINDSO,,1,2028,,,,,,1.0
InputActivityRatio,B_Opt_IndiaCostsFuel,GLOBAL,PWRWASINDSO,WASINDSO,,1,2029,,,,,,1.0
InputActivityRatio,B_Opt_IndiaCostsFuel,GLOBAL,PWRWASINDSO,WASINDSO,,1,2030,,,,,,1.0
InputActivityRatio,B_Opt_IndiaCostsFuel,GLOBAL,PWRWASINDSO,WASINDSO,,1,2031,,,,,,1.0
InputActivityRatio,B_Opt_IndiaCostsFuel,GLOBAL,PWRWASINDSO,WASINDSO,,1,2032,,,,,,1.0
InputActivityRatio,B_Opt_IndiaCostsFuel,GLOBAL,PWRWASINDSO,WASINDSO,,1,2033,,,,,,1.0
InputActivityRatio,B_Opt_IndiaCostsFuel,GLOBAL,PWRWASINDSO,WASINDSO,,1,2034,,,,,,1.0
InputActivityRatio,B_Opt_IndiaCostsFuel,GLOBAL,PWRWASINDSO,WASINDSO,,1,2035,,,,,,1.0
InputActivityRatio,B_Opt_IndiaCostsFuel,GLOBAL,PWRWASINDSO,WASINDSO,,1,2036,,,,,,1.0
InputActivityRatio,B_Opt_IndiaCostsFuel,GLOBAL,PWRWASINDSO,WASINDSO,,1,2037,,,,,,1.0
InputActivityRatio,B_Opt_IndiaCostsFuel,GLOBAL,PWRWASINDSO,WASINDSO,,1,2038,,,,,,1.0
InputActivityRatio,B_Opt_IndiaCostsFuel,GLOBAL,PWRWASINDSO,WASINDSO,,1,2039,,,,,,1.0
InputActivityRatio,B_Opt_IndiaCostsFuel,GLOBAL,PWRWASINDSO,WASINDSO,,1,2040,,,,,,1.0
InputActivityRatio,B_Opt_IndiaCostsFuel,GLOBAL,PWRWASINDSO,WASINDSO,,1,2041,,,,,,1.0
InputActivityRatio,B_Opt_IndiaCostsFuel,GLOBAL,PWRWASINDSO,WASINDSO,,1,2042,,,,,,1.0
InputActivityRatio,B_Opt_IndiaCostsFuel,GLOBAL,PWRWASINDSO,WASINDSO,,1,2043,,,,,,1.0
InputActivityRatio,B_Opt_IndiaCostsFuel,GLOBAL,PWRWASINDSO,WASINDSO,,1,2044,,,,,,1.0
InputActivityRatio,B_Opt_IndiaCostsFuel,GLOBAL,PWRWASINDSO,WASINDSO,,1,2045,,,,,,1.0
InputActivityRatio,B_Opt_IndiaCostsFuel,GLOBAL,PWRWASINDSO,WASINDSO,,1,2046,,,,,,1.0
InputActivityRatio,B_Opt_IndiaCostsFuel,GLOBAL,PWRWASINDSO,WASINDSO,,1,2047,,,,,,1.0
InputActivityRatio,B_Opt_IndiaCostsFuel,GLOBAL,PWRWASINDSO,WASINDSO,,1,2048,,,,,,1.0
InputActivityRatio,B_Opt_IndiaCostsFuel,GLOBAL,PWRWASINDSO,WASINDSO,,1,2049,,,,,,1.0
InputActivityRatio,B_Opt_IndiaCostsFuel,GLOBAL,PWRWASINDSO,WASINDSO,,1,2050,,,,,,1.0
InputActivityRatio,B_Opt_IndiaCostsFuel,GLOBAL,PWRWASINDWE,WASINDWE,,1,2023,,,,,,1.0
InputActivityRatio,B_Opt_IndiaCostsFuel,GLOBAL,PWRWASINDWE,WASINDWE,,1,2024,,,,,,1.0
InputActivityRatio,B_Opt_IndiaCostsFuel,GLOBAL,PWRWASINDWE,WASINDWE,,1,2025,,,,,,1.0
InputActivityRatio,B_Opt_IndiaCostsFuel,GLOBAL,PWRWASINDWE,WASINDWE,,1,2026,,,,,,1.0
InputActivityRatio,B_Opt_IndiaCostsFuel,GLOBAL,PWRWASINDWE,WASINDWE,,1,2027,,,,,,1.0
InputActivityRatio,B_Opt_IndiaCostsFuel,GLOBAL,PWRWASINDWE,WASINDWE,,1,2028,,,,,,1.0
InputActivityRatio,B_Opt_IndiaCostsFuel,GLOBAL,PWRWASINDWE,WASINDWE,,1,2029,,,,,,1.0
InputActivityRatio,B_Opt_IndiaCostsFuel,GLOBAL,PWRWASINDWE,WASINDWE,,1,2030,,,,,,1.0
InputActivityRatio,B_Opt_IndiaCostsFuel,GLOBAL,PWRWASINDWE,WASINDWE,,1,2031,,,,,,1.0
InputActivityRatio,B_Opt_IndiaCostsFuel,GLOBAL,PWRWASINDWE,WASINDWE,,1,2032,,,,,,1.0
InputActivityRatio,B_Opt_IndiaCostsFuel,GLOBAL,PWRWASINDWE,WASINDWE,,1,2033,,,,,,1.0
InputActivityRatio,B_Opt_IndiaCostsFuel,GLOBAL,PWRWASINDWE,WASINDWE,,1,2034,,,,,,1.0
InputActivityRatio,B_Opt_IndiaCostsFuel,GLOBAL,PWRWASINDWE,WASINDWE,,1,2035,,,,,,1.0
InputActivityRatio,B_Opt_IndiaCostsFuel,GLOBAL,PWRWASINDWE,WASINDWE,,1,2036,,,,,,1.0
InputActivityRatio,B_Opt_IndiaCostsFuel,GLOBAL,PWRWASINDWE,WASINDWE,,1,2037,,,,,,1.0
InputActivityRatio,B_Opt_IndiaCostsFuel,GLOBAL,PWRWASINDWE,WASINDWE,,1,2038,,,,,,1.0
InputActivityRatio,B_Opt_IndiaCostsFuel,GLOBAL,PWRWASINDWE,WASINDWE,,1,2039,,,,,,1.0
InputActivityRatio,B_Opt_IndiaCostsFuel,GLOBAL,PWRWASINDWE,WASINDWE,,1,2040,,,,,,1.0
InputActivityRatio,B_Opt_IndiaCostsFuel,GLOBAL,PWRWASINDWE,WASINDWE,,1,2041,,,,,,1.0
InputActivityRatio,B_Opt_IndiaCostsFuel,GLOBAL,PWRWASINDWE,WASINDWE,,1,2042,,,,,,1.0
InputActivityRatio,B_Opt_IndiaCostsFuel,GLOBAL,PWRWASINDWE,WASINDWE,,1,2043,,,,,,1.0
InputActivityRatio,B_Opt_IndiaCostsFuel,GLOBAL,PWRWASINDWE,WASINDWE,,1,2044,,,,,,1.0
InputActivityRatio,B_Opt_IndiaCostsFuel,GLOBAL,PWRWASINDWE,WASINDWE,,1,2045,,,,,,1.0
InputActivityRatio,B_Opt_IndiaCostsFuel,GLOBAL,PWRWASINDWE,WASINDWE,,1,2046,,,,,,1.0
InputActivityRatio,B_Opt_IndiaCostsFuel,GLOBAL,PWRWASINDWE,WASINDWE,,1,2047,,,,,,1.0
InputActivityRatio,B_Opt_IndiaCostsFuel,GLOBAL,PWRWASINDWE,WASINDWE,,1,2048,,,,,,1.0
InputActivityRatio,B_Opt_IndiaCostsFuel,GLOBAL,PWRWASINDWE,WASINDWE,,1,2049,,,,,,1.0
InputActivityRatio,B_Opt_IndiaCostsFuel,GLOBAL,PWRWASINDWE,WASINDWE,,1,2050,,,,,,1.0
InputActivityRatio,B_Opt_IndiaCostsFuel,GLOBAL,PWRWASLKAXX,WASLKAXX,,1,2023,,,,,,1.0
InputActivityRatio,B_Opt_IndiaCostsFuel,GLOBAL,PWRWASLKAXX,WASLKAXX,,1,2024,,,,,,1.0
InputActivityRatio,B_Opt_IndiaCostsFuel,GLOBAL,PWRWASLKAXX,WASLKAXX,,1,2025,,,,,,1.0
InputActivityRatio,B_Opt_IndiaCostsFuel,GLOBAL,PWRWASLKAXX,WASLKAXX,,1,2026,,,,,,1.0
InputActivityRatio,B_Opt_IndiaCostsFuel,GLOBAL,PWRWASLKAXX,WASLKAXX,,1,2027,,,,,,1.0
InputActivityRatio,B_Opt_IndiaCostsFuel,GLOBAL,PWRWASLKAXX,WASLKAXX,,1,2028,,,,,,1.0
InputActivityRatio,B_Opt_IndiaCostsFuel,GLOBAL,PWRWASLKAXX,WASLKAXX,,1,2029,,,,,,1.0
InputActivityRatio,B_Opt_IndiaCostsFuel,GLOBAL,PWRWASLKAXX,WASLKAXX,,1,2030,,,,,,1.0
InputActivityRatio,B_Opt_IndiaCostsFuel,GLOBAL,PWRWASLKAXX,WASLKAXX,,1,2031,,,,,,1.0
InputActivityRatio,B_Opt_IndiaCostsFuel,GLOBAL,PWRWASLKAXX,WASLKAXX,,1,2032,,,,,,1.0
InputActivityRatio,B_Opt_IndiaCostsFuel,GLOBAL,PWRWASLKAXX,WASLKAXX,,1,2033,,,,,,1.0
InputActivityRatio,B_Opt_IndiaCostsFuel,GLOBAL,PWRWASLKAXX,WASLKAXX,,1,2034,,,,,,1.0
InputActivityRatio,B_Opt_IndiaCostsFuel,GLOBAL,PWRWASLKAXX,WASLKAXX,,1,2035,,,,,,1.0
InputActivityRatio,B_Opt_IndiaCostsFuel,GLOBAL,PWRWASLKAXX,WASLKAXX,,1,2036,,,,,,1.0
InputActivityRatio,B_Opt_IndiaCostsFuel,GLOBAL,PWRWASLKAXX,WASLKAXX,,1,2037,,,,,,1.0
InputActivityRatio,B_Opt_IndiaCostsFuel,GLOBAL,PWRWASLKAXX,WASLKAXX,,1,2038,,,,,,1.0
InputActivityRatio,B_Opt_IndiaCostsFuel,GLOBAL,PWRWASLKAXX,WASLKAXX,,1,2039,,,,,,1.0
InputActivityRatio,B_Opt_IndiaCostsFuel,GLOBAL,PWRWASLKAXX,WASLKAXX,,1,2040,,,,,,1.0
InputActivityRatio,B_Opt_IndiaCostsFuel,GLOBAL,PWRWASLKAXX,WASLKAXX,,1,2041,,,,,,1.0
InputActivityRatio,B_Opt_IndiaCostsFuel,GLOBAL,PWRWASLKAXX,WASLKAXX,,1,2042,,,,,,1.0
InputActivityRatio,B_Opt_IndiaCostsFuel,GLOBAL,PWRWASLKAXX,WASLKAXX,,1,2043,,,,,,1.0
InputActivityRatio,B_Opt_IndiaCostsFuel,GLOBAL,PWRWASLKAXX,WASLKAXX,,1,2044,,,,,,1.0
InputActivityRatio,B_Opt_IndiaCostsFuel,GLOBAL,PWRWASLKAXX,WASLKAXX,,1,2045,,,,,,1.0
InputActivityRatio,B_Opt_IndiaCostsFuel,GLOBAL,PWRWASLKAXX,WASLKAXX,,1,2046,,,,,,1.0
InputActivityRatio,B_Opt_IndiaCostsFuel,GLOBAL,PWRWASLKAXX,WASLKAXX,,1,2047,,,,,,1.0
InputActivityRatio,B_Opt_IndiaCostsFuel,GLOBAL,PWRWASLKAXX,WASLKAXX,,1,2048,,,,,,1.0
InputActivityRatio,B_Opt_IndiaCostsFuel,GLOBAL,PWRWASLKAXX,WASLKAXX,,1,2049,,,,,,1.0
InputActivityRatio,B_Opt_IndiaCostsFuel,GLOBAL,PWRWASLKAXX,WASLKAXX,,1,2050,,,,,,1.0
InputActivityRatio,B_Opt_IndiaCostsFuel,GLOBAL,PWRWASNPLXX,WASNPLXX,,1,2023,,,,,,1.0
InputActivityRatio,B_Opt_IndiaCostsFuel,GLOBAL,PWRWASNPLXX,WASNPLXX,,1,2024,,,,,,1.0
InputActivityRatio,B_Opt_IndiaCostsFuel,GLOBAL,PWRWASNPLXX,WASNPLXX,,1,2025,,,,,,1.0
InputActivityRatio,B_Opt_IndiaCostsFuel,GLOBAL,PWRWASNPLXX,WASNPLXX,,1,2026,,,,,,1.0
InputActivityRatio,B_Opt_IndiaCostsFuel,GLOBAL,PWRWASNPLXX,WASNPLXX,,1,2027,,,,,,1.0
InputActivityRatio,B_Opt_IndiaCostsFuel,GLOBAL,PWRWASNPLXX,WASNPLXX,,1,2028,,,,,,1.0
InputActivityRatio,B_Opt_IndiaCostsFuel,GLOBAL,PWRWASNPLXX,WASNPLXX,,1,2029,,,,,,1.0
InputActivityRatio,B_Opt_IndiaCostsFuel,GLOBAL,PWRWASNPLXX,WASNPLXX,,1,2030,,,,,,1.0
InputActivityRatio,B_Opt_IndiaCostsFuel,GLOBAL,PWRWASNPLXX,WASNPLXX,,1,2031,,,,,,1.0
InputActivityRatio,B_Opt_IndiaCostsFuel,GLOBAL,PWRWASNPLXX,WASNPLXX,,1,2032,,,,,,1.0
InputActivityRatio,B_Opt_IndiaCostsFuel,GLOBAL,PWRWASNPLXX,WASNPLXX,,1,2033,,,,,,1.0
InputActivityRatio,B_Opt_IndiaCostsFuel,GLOBAL,PWRWASNPLXX,WASNPLXX,,1,2034,,,,,,1.0
InputActivityRatio,B_Opt_IndiaCostsFuel,GLOBAL,PWRWASNPLXX,WASNPLXX,,1,2035,,,,,,1.0
InputActivityRatio,B_Opt_IndiaCostsFuel,GLOBAL,PWRWASNPLXX,WASNPLXX,,1,2036,,,,,,1.0
InputActivityRatio,B_Opt_IndiaCostsFuel,GLOBAL,PWRWASNPLXX,WASNPLXX,,1,2037,,,,,,1.0
InputActivityRatio,B_Opt_IndiaCostsFuel,GLOBAL,PWRWASNPLXX,WASNPLXX,,1,2038,,,,,,1.0
InputActivityRatio,B_Opt_IndiaCostsFuel,GLOBAL,PWRWASNPLXX,WASNPLXX,,1,2039,,,,,,1.0
InputActivityRatio,B_Opt_IndiaCostsFuel,GLOBAL,PWRWASNPLXX,WASNPLXX,,1,2040,,,,,,1.0
InputActivityRatio,B_Opt_IndiaCostsFuel,GLOBAL,PWRWASNPLXX,WASNPLXX,,1,2041,,,,,,1.0
InputActivityRatio,B_Opt_IndiaCostsFuel,GLOBAL,PWRWASNPLXX,WASNPLXX,,1,2042,,,,,,1.0
InputActivityRatio,B_Opt_IndiaCostsFuel,GLOBAL,PWRWASNPLXX,WASNPLXX,,1,2043,,,,,,1.0
InputActivityRatio,B_Opt_IndiaCostsFuel,GLOBAL,PWRWASNPLXX,WASNPLXX,,1,2044,,,,,,1.0
InputActivityRatio,B_Opt_IndiaCostsFuel,GLOBAL,PWRWASNPLXX,WASNPLXX,,1,2045,,,,,,1.0
InputActivityRatio,B_Opt_IndiaCostsFuel,GLOBAL,PWRWASNPLXX,WASNPLXX,,1,2046,,,,,,1.0
InputActivityRatio,B_Opt_IndiaCostsFuel,GLOBAL,PWRWASNPLXX,WASNPLXX,,1,2047,,,,,,1.0
InputActivityRatio,B_Opt_IndiaCostsFuel,GLOBAL,PWRWASNPLXX,WASNPLXX,,1,2048,,,,,,1.0
InputActivityRatio,B_Opt_IndiaCostsFuel,GLOBAL,PWRWASNPLXX,WASNPLXX,,1,2049,,,,,,1.0
InputActivityRatio,B_Opt_IndiaCostsFuel,GLOBAL,PWRWASNPLXX,WASNPLXX,,1,2050,,,,,,1.0
InputActivityRatio,B_Opt_IndiaCostsFuel,GLOBAL,PWRWOFBGDXX,WOFBGDXX,,1,2023,,,,,,1.0
InputActivityRatio,B_Opt_IndiaCostsFuel,GLOBAL,PWRWOFBGDXX,WOFBGDXX,,1,2024,,,,,,1.0
InputActivityRatio,B_Opt_IndiaCostsFuel,GLOBAL,PWRWOFBGDXX,WOFBGDXX,,1,2025,,,,,,1.0
InputActivityRatio,B_Opt_IndiaCostsFuel,GLOBAL,PWRWOFBGDXX,WOFBGDXX,,1,2026,,,,,,1.0
InputActivityRatio,B_Opt_IndiaCostsFuel,GLOBAL,PWRWOFBGDXX,WOFBGDXX,,1,2027,,,,,,1.0
InputActivityRatio,B_Opt_IndiaCostsFuel,GLOBAL,PWRWOFBGDXX,WOFBGDXX,,1,2028,,,,,,1.0
InputActivityRatio,B_Opt_IndiaCostsFuel,GLOBAL,PWRWOFBGDXX,WOFBGDXX,,1,2029,,,,,,1.0
InputActivityRatio,B_Opt_IndiaCostsFuel,GLOBAL,PWRWOFBGDXX,WOFBGDXX,,1,2030,,,,,,1.0
InputActivityRatio,B_Opt_IndiaCostsFuel,GLOBAL,PWRWOFBGDXX,WOFBGDXX,,1,2031,,,,,,1.0
InputActivityRatio,B_Opt_IndiaCostsFuel,GLOBAL,PWRWOFBGDXX,WOFBGDXX,,1,2032,,,,,,1.0
InputActivityRatio,B_Opt_IndiaCostsFuel,GLOBAL,PWRWOFBGDXX,WOFBGDXX,,1,2033,,,,,,1.0
InputActivityRatio,B_Opt_IndiaCostsFuel,GLOBAL,PWRWOFBGDXX,WOFBGDXX,,1,2034,,,,,,1.0
InputActivityRatio,B_Opt_IndiaCostsFuel,GLOBAL,PWRWOFBGDXX,WOFBGDXX,,1,2035,,,,,,1.0
InputActivityRatio,B_Opt_IndiaCostsFuel,GLOBAL,PWRWOFBGDXX,WOFBGDXX,,1,2036,,,,,,1.0
InputActivityRatio,B_Opt_IndiaCostsFuel,GLOBAL,PWRWOFBGDXX,WOFBGDXX,,1,2037,,,,,,1.0
InputActivityRatio,B_Opt_IndiaCostsFuel,GLOBAL,PWRWOFBGDXX,WOFBGDXX,,1,2038,,,,,,1.0
InputActivityRatio,B_Opt_IndiaCostsFuel,GLOBAL,PWRWOFBGDXX,WOFBGDXX,,1,2039,,,,,,1.0
InputActivityRatio,B_Opt_IndiaCostsFuel,GLOBAL,PWRWOFBGDXX,WOFBGDXX,,1,2040,,,,,,1.0
InputActivityRatio,B_Opt_IndiaCostsFuel,GLOBAL,PWRWOFBGDXX,WOFBGDXX,,1,2041,,,,,,1.0
InputActivityRatio,B_Opt_IndiaCostsFuel,GLOBAL,PWRWOFBGDXX,WOFBGDXX,,1,2042,,,,,,1.0
InputActivityRatio,B_Opt_IndiaCostsFuel,GLOBAL,PWRWOFBGDXX,WOFBGDXX,,1,2043,,,,,,1.0
InputActivityRatio,B_Opt_IndiaCostsFuel,GLOBAL,PWRWOFBGDXX,WOFBGDXX,,1,2044,,,,,,1.0
InputActivityRatio,B_Opt_IndiaCostsFuel,GLOBAL,PWRWOFBGDXX,WOFBGDXX,,1,2045,,,,,,1.0
InputActivityRatio,B_Opt_IndiaCostsFuel,GLOBAL,PWRWOFBGDXX,WOFBGDXX,,1,2046,,,,,,1.0
InputActivityRatio,B_Opt_IndiaCostsFuel,GLOBAL,PWRWOFBGDXX,WOFBGDXX,,1,2047,,,,,,1.0
InputActivityRatio,B_Opt_IndiaCostsFuel,GLOBAL,PWRWOFBGDXX,WOFBGDXX,,1,2048,,,,,,1.0
InputActivityRatio,B_Opt_IndiaCostsFuel,GLOBAL,PWRWOFBGDXX,WOFBGDXX,,1,2049,,,,,,1.0
InputActivityRatio,B_Opt_IndiaCostsFuel,GLOBAL,PWRWOFBGDXX,WOFBGDXX,,1,2050,,,,,,1.0
InputActivityRatio,B_Opt_IndiaCostsFuel,GLOBAL,PWRWOFINDEA,WOFINDEA,,1,2023,,,,,,1.0
InputActivityRatio,B_Opt_IndiaCostsFuel,GLOBAL,PWRWOFINDEA,WOFINDEA,,1,2024,,,,,,1.0
InputActivityRatio,B_Opt_IndiaCostsFuel,GLOBAL,PWRWOFINDEA,WOFINDEA,,1,2025,,,,,,1.0
InputActivityRatio,B_Opt_IndiaCostsFuel,GLOBAL,PWRWOFINDEA,WOFINDEA,,1,2026,,,,,,1.0
InputActivityRatio,B_Opt_IndiaCostsFuel,GLOBAL,PWRWOFINDEA,WOFINDEA,,1,2027,,,,,,1.0
InputActivityRatio,B_Opt_IndiaCostsFuel,GLOBAL,PWRWOFINDEA,WOFINDEA,,1,2028,,,,,,1.0
InputActivityRatio,B_Opt_IndiaCostsFuel,GLOBAL,PWRWOFINDEA,WOFINDEA,,1,2029,,,,,,1.0
InputActivityRatio,B_Opt_IndiaCostsFuel,GLOBAL,PWRWOFINDEA,WOFINDEA,,1,2030,,,,,,1.0
InputActivityRatio,B_Opt_IndiaCostsFuel,GLOBAL,PWRWOFINDEA,WOFINDEA,,1,2031,,,,,,1.0
InputActivityRatio,B_Opt_IndiaCostsFuel,GLOBAL,PWRWOFINDEA,WOFINDEA,,1,2032,,,,,,1.0
InputActivityRatio,B_Opt_IndiaCostsFuel,GLOBAL,PWRWOFINDEA,WOFINDEA,,1,2033,,,,,,1.0
InputActivityRatio,B_Opt_IndiaCostsFuel,GLOBAL,PWRWOFINDEA,WOFINDEA,,1,2034,,,,,,1.0
InputActivityRatio,B_Opt_IndiaCostsFuel,GLOBAL,PWRWOFINDEA,WOFINDEA,,1,2035,,,,,,1.0
InputActivityRatio,B_Opt_IndiaCostsFuel,GLOBAL,PWRWOFINDEA,WOFINDEA,,1,2036,,,,,,1.0
InputActivityRatio,B_Opt_IndiaCostsFuel,GLOBAL,PWRWOFINDEA,WOFINDEA,,1,2037,,,,,,1.0
InputActivityRatio,B_Opt_IndiaCostsFuel,GLOBAL,PWRWOFINDEA,WOFINDEA,,1,2038,,,,,,1.0
InputActivityRatio,B_Opt_IndiaCostsFuel,GLOBAL,PWRWOFINDEA,WOFINDEA,,1,2039,,,,,,1.0
InputActivityRatio,B_Opt_IndiaCostsFuel,GLOBAL,PWRWOFINDEA,WOFINDEA,,1,2040,,,,,,1.0
InputActivityRatio,B_Opt_IndiaCostsFuel,GLOBAL,PWRWOFINDEA,WOFINDEA,,1,2041,,,,,,1.0
InputActivityRatio,B_Opt_IndiaCostsFuel,GLOBAL,PWRWOFINDEA,WOFINDEA,,1,2042,,,,,,1.0
InputActivityRatio,B_Opt_IndiaCostsFuel,GLOBAL,PWRWOFINDEA,WOFINDEA,,1,2043,,,,,,1.0
InputActivityRatio,B_Opt_IndiaCostsFuel,GLOBAL,PWRWOFINDEA,WOFINDEA,,1,2044,,,,,,1.0
InputActivityRatio,B_Opt_IndiaCostsFuel,GLOBAL,PWRWOFINDEA,WOFINDEA,,1,2045,,,,,,1.0
InputActivityRatio,B_Opt_IndiaCostsFuel,GLOBAL,PWRWOFINDEA,WOFINDEA,,1,2046,,,,,,1.0
InputActivityRatio,B_Opt_IndiaCostsFuel,GLOBAL,PWRWOFINDEA,WOFINDEA,,1,2047,,,,,,1.0
InputActivityRatio,B_Opt_IndiaCostsFuel,GLOBAL,PWRWOFINDEA,WOFINDEA,,1,2048,,,,,,1.0
InputActivityRatio,B_Opt_IndiaCostsFuel,GLOBAL,PWRWOFINDEA,WOFINDEA,,1,2049,,,,,,1.0
InputActivityRatio,B_Opt_IndiaCostsFuel,GLOBAL,PWRWOFINDEA,WOFINDEA,,1,2050,,,,,,1.0
InputActivityRatio,B_Opt_IndiaCostsFuel,GLOBAL,PWRWOFINDNE,WOFINDNE,,1,2023,,,,,,1.0
InputActivityRatio,B_Opt_IndiaCostsFuel,GLOBAL,PWRWOFINDNE,WOFINDNE,,1,2024,,,,,,1.0
InputActivityRatio,B_Opt_IndiaCostsFuel,GLOBAL,PWRWOFINDNE,WOFINDNE,,1,2025,,,,,,1.0
InputActivityRatio,B_Opt_IndiaCostsFuel,GLOBAL,PWRWOFINDNE,WOFINDNE,,1,2026,,,,,,1.0
InputActivityRatio,B_Opt_IndiaCostsFuel,GLOBAL,PWRWOFINDNE,WOFINDNE,,1,2027,,,,,,1.0
InputActivityRatio,B_Opt_IndiaCostsFuel,GLOBAL,PWRWOFINDNE,WOFINDNE,,1,2028,,,,,,1.0
InputActivityRatio,B_Opt_IndiaCostsFuel,GLOBAL,PWRWOFINDNE,WOFINDNE,,1,2029,,,,,,1.0
InputActivityRatio,B_Opt_IndiaCostsFuel,GLOBAL,PWRWOFINDNE,WOFINDNE,,1,2030,,,,,,1.0
InputActivityRatio,B_Opt_IndiaCostsFuel,GLOBAL,PWRWOFINDNE,WOFINDNE,,1,2031,,,,,,1.0
InputActivityRatio,B_Opt_IndiaCostsFuel,GLOBAL,PWRWOFINDNE,WOFINDNE,,1,2032,,,,,,1.0
InputActivityRatio,B_Opt_IndiaCostsFuel,GLOBAL,PWRWOFINDNE,WOFINDNE,,1,2033,,,,,,1.0
InputActivityRatio,B_Opt_IndiaCostsFuel,GLOBAL,PWRWOFINDNE,WOFINDNE,,1,2034,,,,,,1.0
InputActivityRatio,B_Opt_IndiaCostsFuel,GLOBAL,PWRWOFINDNE,WOFINDNE,,1,2035,,,,,,1.0
InputActivityRatio,B_Opt_IndiaCostsFuel,GLOBAL,PWRWOFINDNE,WOFINDNE,,1,2036,,,,,,1.0
InputActivityRatio,B_Opt_IndiaCostsFuel,GLOBAL,PWRWOFINDNE,WOFINDNE,,1,2037,,,,,,1.0
InputActivityRatio,B_Opt_IndiaCostsFuel,GLOBAL,PWRWOFINDNE,WOFINDNE,,1,2038,,,,,,1.0
InputActivityRatio,B_Opt_IndiaCostsFuel,GLOBAL,PWRWOFINDNE,WOFINDNE,,1,2039,,,,,,1.0
InputActivityRatio,B_Opt_IndiaCostsFuel,GLOBAL,PWRWOFINDNE,WOFINDNE,,1,2040,,,,,,1.0
InputActivityRatio,B_Opt_IndiaCostsFuel,GLOBAL,PWRWOFINDNE,WOFINDNE,,1,2041,,,,,,1.0
InputActivityRatio,B_Opt_IndiaCostsFuel,GLOBAL,PWRWOFINDNE,WOFINDNE,,1,2042,,,,,,1.0
InputActivityRatio,B_Opt_IndiaCostsFuel,GLOBAL,PWRWOFINDNE,WOFINDNE,,1,2043,,,,,,1.0
InputActivityRatio,B_Opt_IndiaCostsFuel,GLOBAL,PWRWOFINDNE,WOFINDNE,,1,2044,,,,,,1.0
InputActivityRatio,B_Opt_IndiaCostsFuel,GLOBAL,PWRWOFINDNE,WOFINDNE,,1,2045,,,,,,1.0
InputActivityRatio,B_Opt_IndiaCostsFuel,GLOBAL,PWRWOFINDNE,WOFINDNE,,1,2046,,,,,,1.0
InputActivityRatio,B_Opt_IndiaCostsFuel,GLOBAL,PWRWOFINDNE,WOFINDNE,,1,2047,,,,,,1.0
InputActivityRatio,B_Opt_IndiaCostsFuel,GLOBAL,PWRWOFINDNE,WOFINDNE,,1,2048,,,,,,1.0
InputActivityRatio,B_Opt_IndiaCostsFuel,GLOBAL,PWRWOFINDNE,WOFINDNE,,1,2049,,,,,,1.0
InputActivityRatio,B_Opt_IndiaCostsFuel,GLOBAL,PWRWOFINDNE,WOFINDNE,,1,2050,,,,,,1.0
InputActivityRatio,B_Opt_IndiaCostsFuel,GLOBAL,PWRWOFINDNO,WOFINDNO,,1,2023,,,,,,1.0
InputActivityRatio,B_Opt_IndiaCostsFuel,GLOBAL,PWRWOFINDNO,WOFINDNO,,1,2024,,,,,,1.0
InputActivityRatio,B_Opt_IndiaCostsFuel,GLOBAL,PWRWOFINDNO,WOFINDNO,,1,2025,,,,,,1.0
InputActivityRatio,B_Opt_IndiaCostsFuel,GLOBAL,PWRWOFINDNO,WOFINDNO,,1,2026,,,,,,1.0
InputActivityRatio,B_Opt_IndiaCostsFuel,GLOBAL,PWRWOFINDNO,WOFINDNO,,1,2027,,,,,,1.0
InputActivityRatio,B_Opt_IndiaCostsFuel,GLOBAL,PWRWOFINDNO,WOFINDNO,,1,2028,,,,,,1.0
InputActivityRatio,B_Opt_IndiaCostsFuel,GLOBAL,PWRWOFINDNO,WOFINDNO,,1,2029,,,,,,1.0
InputActivityRatio,B_Opt_IndiaCostsFuel,GLOBAL,PWRWOFINDNO,WOFINDNO,,1,2030,,,,,,1.0
InputActivityRatio,B_Opt_IndiaCostsFuel,GLOBAL,PWRWOFINDNO,WOFINDNO,,1,2031,,,,,,1.0
InputActivityRatio,B_Opt_IndiaCostsFuel,GLOBAL,PWRWOFINDNO,WOFINDNO,,1,2032,,,,,,1.0
InputActivityRatio,B_Opt_IndiaCostsFuel,GLOBAL,PWRWOFINDNO,WOFINDNO,,1,2033,,,,,,1.0
InputActivityRatio,B_Opt_IndiaCostsFuel,GLOBAL,PWRWOFINDNO,WOFINDNO,,1,2034,,,,,,1.0
InputActivityRatio,B_Opt_IndiaCostsFuel,GLOBAL,PWRWOFINDNO,WOFINDNO,,1,2035,,,,,,1.0
InputActivityRatio,B_Opt_IndiaCostsFuel,GLOBAL,PWRWOFINDNO,WOFINDNO,,1,2036,,,,,,1.0
InputActivityRatio,B_Opt_IndiaCostsFuel,GLOBAL,PWRWOFINDNO,WOFINDNO,,1,2037,,,,,,1.0
InputActivityRatio,B_Opt_IndiaCostsFuel,GLOBAL,PWRWOFINDNO,WOFINDNO,,1,2038,,,,,,1.0
InputActivityRatio,B_Opt_IndiaCostsFuel,GLOBAL,PWRWOFINDNO,WOFINDNO,,1,2039,,,,,,1.0
InputActivityRatio,B_Opt_IndiaCostsFuel,GLOBAL,PWRWOFINDNO,WOFINDNO,,1,2040,,,,,,1.0
InputActivityRatio,B_Opt_IndiaCostsFuel,GLOBAL,PWRWOFINDNO,WOFINDNO,,1,2041,,,,,,1.0
InputActivityRatio,B_Opt_IndiaCostsFuel,GLOBAL,PWRWOFINDNO,WOFINDNO,,1,2042,,,,,,1.0
InputActivityRatio,B_Opt_IndiaCostsFuel,GLOBAL,PWRWOFINDNO,WOFINDNO,,1,2043,,,,,,1.0
InputActivityRatio,B_Opt_IndiaCostsFuel,GLOBAL,PWRWOFINDNO,WOFINDNO,,1,2044,,,,,,1.0
InputActivityRatio,B_Opt_IndiaCostsFuel,GLOBAL,PWRWOFINDNO,WOFINDNO,,1,2045,,,,,,1.0
InputActivityRatio,B_Opt_IndiaCostsFuel,GLOBAL,PWRWOFINDNO,WOFINDNO,,1,2046,,,,,,1.0
InputActivityRatio,B_Opt_IndiaCostsFuel,GLOBAL,PWRWOFINDNO,WOFINDNO,,1,2047,,,,,,1.0
InputActivityRatio,B_Opt_IndiaCostsFuel,GLOBAL,PWRWOFINDNO,WOFINDNO,,1,2048,,,,,,1.0
InputActivityRatio,B_Opt_IndiaCostsFuel,GLOBAL,PWRWOFINDNO,WOFINDNO,,1,2049,,,,,,1.0
InputActivityRatio,B_Opt_IndiaCostsFuel,GLOBAL,PWRWOFINDNO,WOFINDNO,,1,2050,,,,,,1.0
InputActivityRatio,B_Opt_IndiaCostsFuel,GLOBAL,PWRWOFINDSO,WOFINDSO,,1,2023,,,,,,1.0
InputActivityRatio,B_Opt_IndiaCostsFuel,GLOBAL,PWRWOFINDSO,WOFINDSO,,1,2024,,,,,,1.0
InputActivityRatio,B_Opt_IndiaCostsFuel,GLOBAL,PWRWOFINDSO,WOFINDSO,,1,2025,,,,,,1.0
InputActivityRatio,B_Opt_IndiaCostsFuel,GLOBAL,PWRWOFINDSO,WOFINDSO,,1,2026,,,,,,1.0
InputActivityRatio,B_Opt_IndiaCostsFuel,GLOBAL,PWRWOFINDSO,WOFINDSO,,1,2027,,,,,,1.0
InputActivityRatio,B_Opt_IndiaCostsFuel,GLOBAL,PWRWOFINDSO,WOFINDSO,,1,2028,,,,,,1.0
InputActivityRatio,B_Opt_IndiaCostsFuel,GLOBAL,PWRWOFINDSO,WOFINDSO,,1,2029,,,,,,1.0
InputActivityRatio,B_Opt_IndiaCostsFuel,GLOBAL,PWRWOFINDSO,WOFINDSO,,1,2030,,,,,,1.0
InputActivityRatio,B_Opt_IndiaCostsFuel,GLOBAL,PWRWOFINDSO,WOFINDSO,,1,2031,,,,,,1.0
InputActivityRatio,B_Opt_IndiaCostsFuel,GLOBAL,PWRWOFINDSO,WOFINDSO,,1,2032,,,,,,1.0
InputActivityRatio,B_Opt_IndiaCostsFuel,GLOBAL,PWRWOFINDSO,WOFINDSO,,1,2033,,,,,,1.0
InputActivityRatio,B_Opt_IndiaCostsFuel,GLOBAL,PWRWOFINDSO,WOFINDSO,,1,2034,,,,,,1.0
InputActivityRatio,B_Opt_IndiaCostsFuel,GLOBAL,PWRWOFINDSO,WOFINDSO,,1,2035,,,,,,1.0
InputActivityRatio,B_Opt_IndiaCostsFuel,GLOBAL,PWRWOFINDSO,WOFINDSO,,1,2036,,,,,,1.0
InputActivityRatio,B_Opt_IndiaCostsFuel,GLOBAL,PWRWOFINDSO,WOFINDSO,,1,2037,,,,,,1.0
InputActivityRatio,B_Opt_IndiaCostsFuel,GLOBAL,PWRWOFINDSO,WOFINDSO,,1,2038,,,,,,1.0
InputActivityRatio,B_Opt_IndiaCostsFuel,GLOBAL,PWRWOFINDSO,WOFINDSO,,1,2039,,,,,,1.0
InputActivityRatio,B_Opt_IndiaCostsFuel,GLOBAL,PWRWOFINDSO,WOFINDSO,,1,2040,,,,,,1.0
InputActivityRatio,B_Opt_IndiaCostsFuel,GLOBAL,PWRWOFINDSO,WOFINDSO,,1,2041,,,,,,1.0
InputActivityRatio,B_Opt_IndiaCostsFuel,GLOBAL,PWRWOFINDSO,WOFINDSO,,1,2042,,,,,,1.0
InputActivityRatio,B_Opt_IndiaCostsFuel,GLOBAL,PWRWOFINDSO,WOFINDSO,,1,2043,,,,,,1.0
InputActivityRatio,B_Opt_IndiaCostsFuel,GLOBAL,PWRWOFINDSO,WOFINDSO,,1,2044,,,,,,1.0
InputActivityRatio,B_Opt_IndiaCostsFuel,GLOBAL,PWRWOFINDSO,WOFINDSO,,1,2045,,,,,,1.0
InputActivityRatio,B_Opt_IndiaCostsFuel,GLOBAL,PWRWOFINDSO,WOFINDSO,,1,2046,,,,,,1.0
InputActivityRatio,B_Opt_IndiaCostsFuel,GLOBAL,PWRWOFINDSO,WOFINDSO,,1,2047,,,,,,1.0
InputActivityRatio,B_Opt_IndiaCostsFuel,GLOBAL,PWRWOFINDSO,WOFINDSO,,1,2048,,,,,,1.0
InputActivityRatio,B_Opt_IndiaCostsFuel,GLOBAL,PWRWOFINDSO,WOFINDSO,,1,2049,,,,,,1.0
InputActivityRatio,B_Opt_IndiaCostsFuel,GLOBAL,PWRWOFINDSO,WOFINDSO,,1,2050,,,,,,1.0
InputActivityRatio,B_Opt_IndiaCostsFuel,GLOBAL,PWRWOFINDWE,WOFINDWE,,1,2023,,,,,,1.0
InputActivityRatio,B_Opt_IndiaCostsFuel,GLOBAL,PWRWOFINDWE,WOFINDWE,,1,2024,,,,,,1.0
InputActivityRatio,B_Opt_IndiaCostsFuel,GLOBAL,PWRWOFINDWE,WOFINDWE,,1,2025,,,,,,1.0
InputActivityRatio,B_Opt_IndiaCostsFuel,GLOBAL,PWRWOFINDWE,WOFINDWE,,1,2026,,,,,,1.0
InputActivityRatio,B_Opt_IndiaCostsFuel,GLOBAL,PWRWOFINDWE,WOFINDWE,,1,2027,,,,,,1.0
InputActivityRatio,B_Opt_IndiaCostsFuel,GLOBAL,PWRWOFINDWE,WOFINDWE,,1,2028,,,,,,1.0
InputActivityRatio,B_Opt_IndiaCostsFuel,GLOBAL,PWRWOFINDWE,WOFINDWE,,1,2029,,,,,,1.0
InputActivityRatio,B_Opt_IndiaCostsFuel,GLOBAL,PWRWOFINDWE,WOFINDWE,,1,2030,,,,,,1.0
InputActivityRatio,B_Opt_IndiaCostsFuel,GLOBAL,PWRWOFINDWE,WOFINDWE,,1,2031,,,,,,1.0
InputActivityRatio,B_Opt_IndiaCostsFuel,GLOBAL,PWRWOFINDWE,WOFINDWE,,1,2032,,,,,,1.0
InputActivityRatio,B_Opt_IndiaCostsFuel,GLOBAL,PWRWOFINDWE,WOFINDWE,,1,2033,,,,,,1.0
InputActivityRatio,B_Opt_IndiaCostsFuel,GLOBAL,PWRWOFINDWE,WOFINDWE,,1,2034,,,,,,1.0
InputActivityRatio,B_Opt_IndiaCostsFuel,GLOBAL,PWRWOFINDWE,WOFINDWE,,1,2035,,,,,,1.0
InputActivityRatio,B_Opt_IndiaCostsFuel,GLOBAL,PWRWOFINDWE,WOFINDWE,,1,2036,,,,,,1.0
InputActivityRatio,B_Opt_IndiaCostsFuel,GLOBAL,PWRWOFINDWE,WOFINDWE,,1,2037,,,,,,1.0
InputActivityRatio,B_Opt_IndiaCostsFuel,GLOBAL,PWRWOFINDWE,WOFINDWE,,1,2038,,,,,,1.0
InputActivityRatio,B_Opt_IndiaCostsFuel,GLOBAL,PWRWOFINDWE,WOFINDWE,,1,2039,,,,,,1.0
InputActivityRatio,B_Opt_IndiaCostsFuel,GLOBAL,PWRWOFINDWE,WOFINDWE,,1,2040,,,,,,1.0
InputActivityRatio,B_Opt_IndiaCostsFuel,GLOBAL,PWRWOFINDWE,WOFINDWE,,1,2041,,,,,,1.0
InputActivityRatio,B_Opt_IndiaCostsFuel,GLOBAL,PWRWOFINDWE,WOFINDWE,,1,2042,,,,,,1.0
InputActivityRatio,B_Opt_IndiaCostsFuel,GLOBAL,PWRWOFINDWE,WOFINDWE,,1,2043,,,,,,1.0
InputActivityRatio,B_Opt_IndiaCostsFuel,GLOBAL,PWRWOFINDWE,WOFINDWE,,1,2044,,,,,,1.0
InputActivityRatio,B_Opt_IndiaCostsFuel,GLOBAL,PWRWOFINDWE,WOFINDWE,,1,2045,,,,,,1.0
InputActivityRatio,B_Opt_IndiaCostsFuel,GLOBAL,PWRWOFINDWE,WOFINDWE,,1,2046,,,,,,1.0
InputActivityRatio,B_Opt_IndiaCostsFuel,GLOBAL,PWRWOFINDWE,WOFINDWE,,1,2047,,,,,,1.0
InputActivityRatio,B_Opt_IndiaCostsFuel,GLOBAL,PWRWOFINDWE,WOFINDWE,,1,2048,,,,,,1.0
InputActivityRatio,B_Opt_IndiaCostsFuel,GLOBAL,PWRWOFINDWE,WOFINDWE,,1,2049,,,,,,1.0
InputActivityRatio,B_Opt_IndiaCostsFuel,GLOBAL,PWRWOFINDWE,WOFINDWE,,1,2050,,,,,,1.0
InputActivityRatio,B_Opt_IndiaCostsFuel,GLOBAL,PWRWOFLKAXX,WOFLKAXX,,1,2023,,,,,,1.0
InputActivityRatio,B_Opt_IndiaCostsFuel,GLOBAL,PWRWOFLKAXX,WOFLKAXX,,1,2024,,,,,,1.0
InputActivityRatio,B_Opt_IndiaCostsFuel,GLOBAL,PWRWOFLKAXX,WOFLKAXX,,1,2025,,,,,,1.0
InputActivityRatio,B_Opt_IndiaCostsFuel,GLOBAL,PWRWOFLKAXX,WOFLKAXX,,1,2026,,,,,,1.0
InputActivityRatio,B_Opt_IndiaCostsFuel,GLOBAL,PWRWOFLKAXX,WOFLKAXX,,1,2027,,,,,,1.0
InputActivityRatio,B_Opt_IndiaCostsFuel,GLOBAL,PWRWOFLKAXX,WOFLKAXX,,1,2028,,,,,,1.0
InputActivityRatio,B_Opt_IndiaCostsFuel,GLOBAL,PWRWOFLKAXX,WOFLKAXX,,1,2029,,,,,,1.0
InputActivityRatio,B_Opt_IndiaCostsFuel,GLOBAL,PWRWOFLKAXX,WOFLKAXX,,1,2030,,,,,,1.0
InputActivityRatio,B_Opt_IndiaCostsFuel,GLOBAL,PWRWOFLKAXX,WOFLKAXX,,1,2031,,,,,,1.0
InputActivityRatio,B_Opt_IndiaCostsFuel,GLOBAL,PWRWOFLKAXX,WOFLKAXX,,1,2032,,,,,,1.0
InputActivityRatio,B_Opt_IndiaCostsFuel,GLOBAL,PWRWOFLKAXX,WOFLKAXX,,1,2033,,,,,,1.0
InputActivityRatio,B_Opt_IndiaCostsFuel,GLOBAL,PWRWOFLKAXX,WOFLKAXX,,1,2034,,,,,,1.0
InputActivityRatio,B_Opt_IndiaCostsFuel,GLOBAL,PWRWOFLKAXX,WOFLKAXX,,1,2035,,,,,,1.0
InputActivityRatio,B_Opt_IndiaCostsFuel,GLOBAL,PWRWOFLKAXX,WOFLKAXX,,1,2036,,,,,,1.0
InputActivityRatio,B_Opt_IndiaCostsFuel,GLOBAL,PWRWOFLKAXX,WOFLKAXX,,1,2037,,,,,,1.0
InputActivityRatio,B_Opt_IndiaCostsFuel,GLOBAL,PWRWOFLKAXX,WOFLKAXX,,1,2038,,,,,,1.0
InputActivityRatio,B_Opt_IndiaCostsFuel,GLOBAL,PWRWOFLKAXX,WOFLKAXX,,1,2039,,,,,,1.0
InputActivityRatio,B_Opt_IndiaCostsFuel,GLOBAL,PWRWOFLKAXX,WOFLKAXX,,1,2040,,,,,,1.0
InputActivityRatio,B_Opt_IndiaCostsFuel,GLOBAL,PWRWOFLKAXX,WOFLKAXX,,1,2041,,,,,,1.0
InputActivityRatio,B_Opt_IndiaCostsFuel,GLOBAL,PWRWOFLKAXX,WOFLKAXX,,1,2042,,,,,,1.0
InputActivityRatio,B_Opt_IndiaCostsFuel,GLOBAL,PWRWOFLKAXX,WOFLKAXX,,1,2043,,,,,,1.0
InputActivityRatio,B_Opt_IndiaCostsFuel,GLOBAL,PWRWOFLKAXX,WOFLKAXX,,1,2044,,,,,,1.0
InputActivityRatio,B_Opt_IndiaCostsFuel,GLOBAL,PWRWOFLKAXX,WOFLKAXX,,1,2045,,,,,,1.0
InputActivityRatio,B_Opt_IndiaCostsFuel,GLOBAL,PWRWOFLKAXX,WOFLKAXX,,1,2046,,,,,,1.0
InputActivityRatio,B_Opt_IndiaCostsFuel,GLOBAL,PWRWOFLKAXX,WOFLKAXX,,1,2047,,,,,,1.0
InputActivityRatio,B_Opt_IndiaCostsFuel,GLOBAL,PWRWOFLKAXX,WOFLKAXX,,1,2048,,,,,,1.0
InputActivityRatio,B_Opt_IndiaCostsFuel,GLOBAL,PWRWOFLKAXX,WOFLKAXX,,1,2049,,,,,,1.0
InputActivityRatio,B_Opt_IndiaCostsFuel,GLOBAL,PWRWOFLKAXX,WOFLKAXX,,1,2050,,,,,,1.0
InputActivityRatio,B_Opt_IndiaCostsFuel,GLOBAL,PWRWONBGDXX,WONBGDXX,,1,2023,,,,,,1.0
InputActivityRatio,B_Opt_IndiaCostsFuel,GLOBAL,PWRWONBGDXX,WONBGDXX,,1,2024,,,,,,1.0
InputActivityRatio,B_Opt_IndiaCostsFuel,GLOBAL,PWRWONBGDXX,WONBGDXX,,1,2025,,,,,,1.0
InputActivityRatio,B_Opt_IndiaCostsFuel,GLOBAL,PWRWONBGDXX,WONBGDXX,,1,2026,,,,,,1.0
InputActivityRatio,B_Opt_IndiaCostsFuel,GLOBAL,PWRWONBGDXX,WONBGDXX,,1,2027,,,,,,1.0
InputActivityRatio,B_Opt_IndiaCostsFuel,GLOBAL,PWRWONBGDXX,WONBGDXX,,1,2028,,,,,,1.0
InputActivityRatio,B_Opt_IndiaCostsFuel,GLOBAL,PWRWONBGDXX,WONBGDXX,,1,2029,,,,,,1.0
InputActivityRatio,B_Opt_IndiaCostsFuel,GLOBAL,PWRWONBGDXX,WONBGDXX,,1,2030,,,,,,1.0
InputActivityRatio,B_Opt_IndiaCostsFuel,GLOBAL,PWRWONBGDXX,WONBGDXX,,1,2031,,,,,,1.0
InputActivityRatio,B_Opt_IndiaCostsFuel,GLOBAL,PWRWONBGDXX,WONBGDXX,,1,2032,,,,,,1.0
InputActivityRatio,B_Opt_IndiaCostsFuel,GLOBAL,PWRWONBGDXX,WONBGDXX,,1,2033,,,,,,1.0
InputActivityRatio,B_Opt_IndiaCostsFuel,GLOBAL,PWRWONBGDXX,WONBGDXX,,1,2034,,,,,,1.0
InputActivityRatio,B_Opt_IndiaCostsFuel,GLOBAL,PWRWONBGDXX,WONBGDXX,,1,2035,,,,,,1.0
InputActivityRatio,B_Opt_IndiaCostsFuel,GLOBAL,PWRWONBGDXX,WONBGDXX,,1,2036,,,,,,1.0
InputActivityRatio,B_Opt_IndiaCostsFuel,GLOBAL,PWRWONBGDXX,WONBGDXX,,1,2037,,,,,,1.0
InputActivityRatio,B_Opt_IndiaCostsFuel,GLOBAL,PWRWONBGDXX,WONBGDXX,,1,2038,,,,,,1.0
InputActivityRatio,B_Opt_IndiaCostsFuel,GLOBAL,PWRWONBGDXX,WONBGDXX,,1,2039,,,,,,1.0
InputActivityRatio,B_Opt_IndiaCostsFuel,GLOBAL,PWRWONBGDXX,WONBGDXX,,1,2040,,,,,,1.0
InputActivityRatio,B_Opt_IndiaCostsFuel,GLOBAL,PWRWONBGDXX,WONBGDXX,,1,2041,,,,,,1.0
InputActivityRatio,B_Opt_IndiaCostsFuel,GLOBAL,PWRWONBGDXX,WONBGDXX,,1,2042,,,,,,1.0
InputActivityRatio,B_Opt_IndiaCostsFuel,GLOBAL,PWRWONBGDXX,WONBGDXX,,1,2043,,,,,,1.0
InputActivityRatio,B_Opt_IndiaCostsFuel,GLOBAL,PWRWONBGDXX,WONBGDXX,,1,2044,,,,,,1.0
InputActivityRatio,B_Opt_IndiaCostsFuel,GLOBAL,PWRWONBGDXX,WONBGDXX,,1,2045,,,,,,1.0
InputActivityRatio,B_Opt_IndiaCostsFuel,GLOBAL,PWRWONBGDXX,WONBGDXX,,1,2046,,,,,,1.0
InputActivityRatio,B_Opt_IndiaCostsFuel,GLOBAL,PWRWONBGDXX,WONBGDXX,,1,2047,,,,,,1.0
InputActivityRatio,B_Opt_IndiaCostsFuel,GLOBAL,PWRWONBGDXX,WONBGDXX,,1,2048,,,,,,1.0
InputActivityRatio,B_Opt_IndiaCostsFuel,GLOBAL,PWRWONBGDXX,WONBGDXX,,1,2049,,,,,,1.0
InputActivityRatio,B_Opt_IndiaCostsFuel,GLOBAL,PWRWONBGDXX,WONBGDXX,,1,2050,,,,,,1.0
InputActivityRatio,B_Opt_IndiaCostsFuel,GLOBAL,PWRWONBTNXX,WONBTNXX,,1,2023,,,,,,1.0
InputActivityRatio,B_Opt_IndiaCostsFuel,GLOBAL,PWRWONBTNXX,WONBTNXX,,1,2024,,,,,,1.0
InputActivityRatio,B_Opt_IndiaCostsFuel,GLOBAL,PWRWONBTNXX,WONBTNXX,,1,2025,,,,,,1.0
InputActivityRatio,B_Opt_IndiaCostsFuel,GLOBAL,PWRWONBTNXX,WONBTNXX,,1,2026,,,,,,1.0
InputActivityRatio,B_Opt_IndiaCostsFuel,GLOBAL,PWRWONBTNXX,WONBTNXX,,1,2027,,,,,,1.0
InputActivityRatio,B_Opt_IndiaCostsFuel,GLOBAL,PWRWONBTNXX,WONBTNXX,,1,2028,,,,,,1.0
InputActivityRatio,B_Opt_IndiaCostsFuel,GLOBAL,PWRWONBTNXX,WONBTNXX,,1,2029,,,,,,1.0
InputActivityRatio,B_Opt_IndiaCostsFuel,GLOBAL,PWRWONBTNXX,WONBTNXX,,1,2030,,,,,,1.0
InputActivityRatio,B_Opt_IndiaCostsFuel,GLOBAL,PWRWONBTNXX,WONBTNXX,,1,2031,,,,,,1.0
InputActivityRatio,B_Opt_IndiaCostsFuel,GLOBAL,PWRWONBTNXX,WONBTNXX,,1,2032,,,,,,1.0
InputActivityRatio,B_Opt_IndiaCostsFuel,GLOBAL,PWRWONBTNXX,WONBTNXX,,1,2033,,,,,,1.0
InputActivityRatio,B_Opt_IndiaCostsFuel,GLOBAL,PWRWONBTNXX,WONBTNXX,,1,2034,,,,,,1.0
InputActivityRatio,B_Opt_IndiaCostsFuel,GLOBAL,PWRWONBTNXX,WONBTNXX,,1,2035,,,,,,1.0
InputActivityRatio,B_Opt_IndiaCostsFuel,GLOBAL,PWRWONBTNXX,WONBTNXX,,1,2036,,,,,,1.0
InputActivityRatio,B_Opt_IndiaCostsFuel,GLOBAL,PWRWONBTNXX,WONBTNXX,,1,2037,,,,,,1.0
InputActivityRatio,B_Opt_IndiaCostsFuel,GLOBAL,PWRWONBTNXX,WONBTNXX,,1,2038,,,,,,1.0
InputActivityRatio,B_Opt_IndiaCostsFuel,GLOBAL,PWRWONBTNXX,WONBTNXX,,1,2039,,,,,,1.0
InputActivityRatio,B_Opt_IndiaCostsFuel,GLOBAL,PWRWONBTNXX,WONBTNXX,,1,2040,,,,,,1.0
InputActivityRatio,B_Opt_IndiaCostsFuel,GLOBAL,PWRWONBTNXX,WONBTNXX,,1,2041,,,,,,1.0
InputActivityRatio,B_Opt_IndiaCostsFuel,GLOBAL,PWRWONBTNXX,WONBTNXX,,1,2042,,,,,,1.0
InputActivityRatio,B_Opt_IndiaCostsFuel,GLOBAL,PWRWONBTNXX,WONBTNXX,,1,2043,,,,,,1.0
InputActivityRatio,B_Opt_IndiaCostsFuel,GLOBAL,PWRWONBTNXX,WONBTNXX,,1,2044,,,,,,1.0
InputActivityRatio,B_Opt_IndiaCostsFuel,GLOBAL,PWRWONBTNXX,WONBTNXX,,1,2045,,,,,,1.0
InputActivityRatio,B_Opt_IndiaCostsFuel,GLOBAL,PWRWONBTNXX,WONBTNXX,,1,2046,,,,,,1.0
InputActivityRatio,B_Opt_IndiaCostsFuel,GLOBAL,PWRWONBTNXX,WONBTNXX,,1,2047,,,,,,1.0
InputActivityRatio,B_Opt_IndiaCostsFuel,GLOBAL,PWRWONBTNXX,WONBTNXX,,1,2048,,,,,,1.0
InputActivityRatio,B_Opt_IndiaCostsFuel,GLOBAL,PWRWONBTNXX,WONBTNXX,,1,2049,,,,,,1.0
InputActivityRatio,B_Opt_IndiaCostsFuel,GLOBAL,PWRWONBTNXX,WONBTNXX,,1,2050,,,,,,1.0
InputActivityRatio,B_Opt_IndiaCostsFuel,GLOBAL,PWRWONINDEA,WONINDEA,,1,2023,,,,,,1.0
InputActivityRatio,B_Opt_IndiaCostsFuel,GLOBAL,PWRWONINDEA,WONINDEA,,1,2024,,,,,,1.0
InputActivityRatio,B_Opt_IndiaCostsFuel,GLOBAL,PWRWONINDEA,WONINDEA,,1,2025,,,,,,1.0
InputActivityRatio,B_Opt_IndiaCostsFuel,GLOBAL,PWRWONINDEA,WONINDEA,,1,2026,,,,,,1.0
InputActivityRatio,B_Opt_IndiaCostsFuel,GLOBAL,PWRWONINDEA,WONINDEA,,1,2027,,,,,,1.0
InputActivityRatio,B_Opt_IndiaCostsFuel,GLOBAL,PWRWONINDEA,WONINDEA,,1,2028,,,,,,1.0
InputActivityRatio,B_Opt_IndiaCostsFuel,GLOBAL,PWRWONINDEA,WONINDEA,,1,2029,,,,,,1.0
InputActivityRatio,B_Opt_IndiaCostsFuel,GLOBAL,PWRWONINDEA,WONINDEA,,1,2030,,,,,,1.0
InputActivityRatio,B_Opt_IndiaCostsFuel,GLOBAL,PWRWONINDEA,WONINDEA,,1,2031,,,,,,1.0
InputActivityRatio,B_Opt_IndiaCostsFuel,GLOBAL,PWRWONINDEA,WONINDEA,,1,2032,,,,,,1.0
InputActivityRatio,B_Opt_IndiaCostsFuel,GLOBAL,PWRWONINDEA,WONINDEA,,1,2033,,,,,,1.0
InputActivityRatio,B_Opt_IndiaCostsFuel,GLOBAL,PWRWONINDEA,WONINDEA,,1,2034,,,,,,1.0
InputActivityRatio,B_Opt_IndiaCostsFuel,GLOBAL,PWRWONINDEA,WONINDEA,,1,2035,,,,,,1.0
InputActivityRatio,B_Opt_IndiaCostsFuel,GLOBAL,PWRWONINDEA,WONINDEA,,1,2036,,,,,,1.0
InputActivityRatio,B_Opt_IndiaCostsFuel,GLOBAL,PWRWONINDEA,WONINDEA,,1,2037,,,,,,1.0
InputActivityRatio,B_Opt_IndiaCostsFuel,GLOBAL,PWRWONINDEA,WONINDEA,,1,2038,,,,,,1.0
InputActivityRatio,B_Opt_IndiaCostsFuel,GLOBAL,PWRWONINDEA,WONINDEA,,1,2039,,,,,,1.0
InputActivityRatio,B_Opt_IndiaCostsFuel,GLOBAL,PWRWONINDEA,WONINDEA,,1,2040,,,,,,1.0
InputActivityRatio,B_Opt_IndiaCostsFuel,GLOBAL,PWRWONINDEA,WONINDEA,,1,2041,,,,,,1.0
InputActivityRatio,B_Opt_IndiaCostsFuel,GLOBAL,PWRWONINDEA,WONINDEA,,1,2042,,,,,,1.0
InputActivityRatio,B_Opt_IndiaCostsFuel,GLOBAL,PWRWONINDEA,WONINDEA,,1,2043,,,,,,1.0
InputActivityRatio,B_Opt_IndiaCostsFuel,GLOBAL,PWRWONINDEA,WONINDEA,,1,2044,,,,,,1.0
InputActivityRatio,B_Opt_IndiaCostsFuel,GLOBAL,PWRWONINDEA,WONINDEA,,1,2045,,,,,,1.0
InputActivityRatio,B_Opt_IndiaCostsFuel,GLOBAL,PWRWONINDEA,WONINDEA,,1,2046,,,,,,1.0
InputActivityRatio,B_Opt_IndiaCostsFuel,GLOBAL,PWRWONINDEA,WONINDEA,,1,2047,,,,,,1.0
InputActivityRatio,B_Opt_IndiaCostsFuel,GLOBAL,PWRWONINDEA,WONINDEA,,1,2048,,,,,,1.0
InputActivityRatio,B_Opt_IndiaCostsFuel,GLOBAL,PWRWONINDEA,WONINDEA,,1,2049,,,,,,1.0
InputActivityRatio,B_Opt_IndiaCostsFuel,GLOBAL,PWRWONINDEA,WONINDEA,,1,2050,,,,,,1.0
InputActivityRatio,B_Opt_IndiaCostsFuel,GLOBAL,PWRWONINDNE,WONINDNE,,1,2023,,,,,,1.0
InputActivityRatio,B_Opt_IndiaCostsFuel,GLOBAL,PWRWONINDNE,WONINDNE,,1,2024,,,,,,1.0
InputActivityRatio,B_Opt_IndiaCostsFuel,GLOBAL,PWRWONINDNE,WONINDNE,,1,2025,,,,,,1.0
InputActivityRatio,B_Opt_IndiaCostsFuel,GLOBAL,PWRWONINDNE,WONINDNE,,1,2026,,,,,,1.0
InputActivityRatio,B_Opt_IndiaCostsFuel,GLOBAL,PWRWONINDNE,WONINDNE,,1,2027,,,,,,1.0
InputActivityRatio,B_Opt_IndiaCostsFuel,GLOBAL,PWRWONINDNE,WONINDNE,,1,2028,,,,,,1.0
InputActivityRatio,B_Opt_IndiaCostsFuel,GLOBAL,PWRWONINDNE,WONINDNE,,1,2029,,,,,,1.0
InputActivityRatio,B_Opt_IndiaCostsFuel,GLOBAL,PWRWONINDNE,WONINDNE,,1,2030,,,,,,1.0
InputActivityRatio,B_Opt_IndiaCostsFuel,GLOBAL,PWRWONINDNE,WONINDNE,,1,2031,,,,,,1.0
InputActivityRatio,B_Opt_IndiaCostsFuel,GLOBAL,PWRWONINDNE,WONINDNE,,1,2032,,,,,,1.0
InputActivityRatio,B_Opt_IndiaCostsFuel,GLOBAL,PWRWONINDNE,WONINDNE,,1,2033,,,,,,1.0
InputActivityRatio,B_Opt_IndiaCostsFuel,GLOBAL,PWRWONINDNE,WONINDNE,,1,2034,,,,,,1.0
InputActivityRatio,B_Opt_IndiaCostsFuel,GLOBAL,PWRWONINDNE,WONINDNE,,1,2035,,,,,,1.0
InputActivityRatio,B_Opt_IndiaCostsFuel,GLOBAL,PWRWONINDNE,WONINDNE,,1,2036,,,,,,1.0
InputActivityRatio,B_Opt_IndiaCostsFuel,GLOBAL,PWRWONINDNE,WONINDNE,,1,2037,,,,,,1.0
InputActivityRatio,B_Opt_IndiaCostsFuel,GLOBAL,PWRWONINDNE,WONINDNE,,1,2038,,,,,,1.0
InputActivityRatio,B_Opt_IndiaCostsFuel,GLOBAL,PWRWONINDNE,WONINDNE,,1,2039,,,,,,1.0
InputActivityRatio,B_Opt_IndiaCostsFuel,GLOBAL,PWRWONINDNE,WONINDNE,,1,2040,,,,,,1.0
InputActivityRatio,B_Opt_IndiaCostsFuel,GLOBAL,PWRWONINDNE,WONINDNE,,1,2041,,,,,,1.0
InputActivityRatio,B_Opt_IndiaCostsFuel,GLOBAL,PWRWONINDNE,WONINDNE,,1,2042,,,,,,1.0
InputActivityRatio,B_Opt_IndiaCostsFuel,GLOBAL,PWRWONINDNE,WONINDNE,,1,2043,,,,,,1.0
InputActivityRatio,B_Opt_IndiaCostsFuel,GLOBAL,PWRWONINDNE,WONINDNE,,1,2044,,,,,,1.0
InputActivityRatio,B_Opt_IndiaCostsFuel,GLOBAL,PWRWONINDNE,WONINDNE,,1,2045,,,,,,1.0
InputActivityRatio,B_Opt_IndiaCostsFuel,GLOBAL,PWRWONINDNE,WONINDNE,,1,2046,,,,,,1.0
InputActivityRatio,B_Opt_IndiaCostsFuel,GLOBAL,PWRWONINDNE,WONINDNE,,1,2047,,,,,,1.0
InputActivityRatio,B_Opt_IndiaCostsFuel,GLOBAL,PWRWONINDNE,WONINDNE,,1,2048,,,,,,1.0
InputActivityRatio,B_Opt_IndiaCostsFuel,GLOBAL,PWRWONINDNE,WONINDNE,,1,2049,,,,,,1.0
InputActivityRatio,B_Opt_IndiaCostsFuel,GLOBAL,PWRWONINDNE,WONINDNE,,1,2050,,,,,,1.0
InputActivityRatio,B_Opt_IndiaCostsFuel,GLOBAL,PWRWONINDNO,WONINDNO,,1,2023,,,,,,1.0
InputActivityRatio,B_Opt_IndiaCostsFuel,GLOBAL,PWRWONINDNO,WONINDNO,,1,2024,,,,,,1.0
InputActivityRatio,B_Opt_IndiaCostsFuel,GLOBAL,PWRWONINDNO,WONINDNO,,1,2025,,,,,,1.0
InputActivityRatio,B_Opt_IndiaCostsFuel,GLOBAL,PWRWONINDNO,WONINDNO,,1,2026,,,,,,1.0
InputActivityRatio,B_Opt_IndiaCostsFuel,GLOBAL,PWRWONINDNO,WONINDNO,,1,2027,,,,,,1.0
InputActivityRatio,B_Opt_IndiaCostsFuel,GLOBAL,PWRWONINDNO,WONINDNO,,1,2028,,,,,,1.0
InputActivityRatio,B_Opt_IndiaCostsFuel,GLOBAL,PWRWONINDNO,WONINDNO,,1,2029,,,,,,1.0
InputActivityRatio,B_Opt_IndiaCostsFuel,GLOBAL,PWRWONINDNO,WONINDNO,,1,2030,,,,,,1.0
InputActivityRatio,B_Opt_IndiaCostsFuel,GLOBAL,PWRWONINDNO,WONINDNO,,1,2031,,,,,,1.0
InputActivityRatio,B_Opt_IndiaCostsFuel,GLOBAL,PWRWONINDNO,WONINDNO,,1,2032,,,,,,1.0
InputActivityRatio,B_Opt_IndiaCostsFuel,GLOBAL,PWRWONINDNO,WONINDNO,,1,2033,,,,,,1.0
InputActivityRatio,B_Opt_IndiaCostsFuel,GLOBAL,PWRWONINDNO,WONINDNO,,1,2034,,,,,,1.0
InputActivityRatio,B_Opt_IndiaCostsFuel,GLOBAL,PWRWONINDNO,WONINDNO,,1,2035,,,,,,1.0
InputActivityRatio,B_Opt_IndiaCostsFuel,GLOBAL,PWRWONINDNO,WONINDNO,,1,2036,,,,,,1.0
InputActivityRatio,B_Opt_IndiaCostsFuel,GLOBAL,PWRWONINDNO,WONINDNO,,1,2037,,,,,,1.0
InputActivityRatio,B_Opt_IndiaCostsFuel,GLOBAL,PWRWONINDNO,WONINDNO,,1,2038,,,,,,1.0
InputActivityRatio,B_Opt_IndiaCostsFuel,GLOBAL,PWRWONINDNO,WONINDNO,,1,2039,,,,,,1.0
InputActivityRatio,B_Opt_IndiaCostsFuel,GLOBAL,PWRWONINDNO,WONINDNO,,1,2040,,,,,,1.0
InputActivityRatio,B_Opt_IndiaCostsFuel,GLOBAL,PWRWONINDNO,WONINDNO,,1,2041,,,,,,1.0
InputActivityRatio,B_Opt_IndiaCostsFuel,GLOBAL,PWRWONINDNO,WONINDNO,,1,2042,,,,,,1.0
InputActivityRatio,B_Opt_IndiaCostsFuel,GLOBAL,PWRWONINDNO,WONINDNO,,1,2043,,,,,,1.0
InputActivityRatio,B_Opt_IndiaCostsFuel,GLOBAL,PWRWONINDNO,WONINDNO,,1,2044,,,,,,1.0
InputActivityRatio,B_Opt_IndiaCostsFuel,GLOBAL,PWRWONINDNO,WONINDNO,,1,2045,,,,,,1.0
InputActivityRatio,B_Opt_IndiaCostsFuel,GLOBAL,PWRWONINDNO,WONINDNO,,1,2046,,,,,,1.0
InputActivityRatio,B_Opt_IndiaCostsFuel,GLOBAL,PWRWONINDNO,WONINDNO,,1,2047,,,,,,1.0
InputActivityRatio,B_Opt_IndiaCostsFuel,GLOBAL,PWRWONINDNO,WONINDNO,,1,2048,,,,,,1.0
InputActivityRatio,B_Opt_IndiaCostsFuel,GLOBAL,PWRWONINDNO,WONINDNO,,1,2049,,,,,,1.0
InputActivityRatio,B_Opt_IndiaCostsFuel,GLOBAL,PWRWONINDNO,WONINDNO,,1,2050,,,,,,1.0
InputActivityRatio,B_Opt_IndiaCostsFuel,GLOBAL,PWRWONINDSO,WONINDSO,,1,2023,,,,,,1.0
InputActivityRatio,B_Opt_IndiaCostsFuel,GLOBAL,PWRWONINDSO,WONINDSO,,1,2024,,,,,,1.0
InputActivityRatio,B_Opt_IndiaCostsFuel,GLOBAL,PWRWONINDSO,WONINDSO,,1,2025,,,,,,1.0
InputActivityRatio,B_Opt_IndiaCostsFuel,GLOBAL,PWRWONINDSO,WONINDSO,,1,2026,,,,,,1.0
InputActivityRatio,B_Opt_IndiaCostsFuel,GLOBAL,PWRWONINDSO,WONINDSO,,1,2027,,,,,,1.0
InputActivityRatio,B_Opt_IndiaCostsFuel,GLOBAL,PWRWONINDSO,WONINDSO,,1,2028,,,,,,1.0
InputActivityRatio,B_Opt_IndiaCostsFuel,GLOBAL,PWRWONINDSO,WONINDSO,,1,2029,,,,,,1.0
InputActivityRatio,B_Opt_IndiaCostsFuel,GLOBAL,PWRWONINDSO,WONINDSO,,1,2030,,,,,,1.0
InputActivityRatio,B_Opt_IndiaCostsFuel,GLOBAL,PWRWONINDSO,WONINDSO,,1,2031,,,,,,1.0
InputActivityRatio,B_Opt_IndiaCostsFuel,GLOBAL,PWRWONINDSO,WONINDSO,,1,2032,,,,,,1.0
InputActivityRatio,B_Opt_IndiaCostsFuel,GLOBAL,PWRWONINDSO,WONINDSO,,1,2033,,,,,,1.0
InputActivityRatio,B_Opt_IndiaCostsFuel,GLOBAL,PWRWONINDSO,WONINDSO,,1,2034,,,,,,1.0
InputActivityRatio,B_Opt_IndiaCostsFuel,GLOBAL,PWRWONINDSO,WONINDSO,,1,2035,,,,,,1.0
InputActivityRatio,B_Opt_IndiaCostsFuel,GLOBAL,PWRWONINDSO,WONINDSO,,1,2036,,,,,,1.0
InputActivityRatio,B_Opt_IndiaCostsFuel,GLOBAL,PWRWONINDSO,WONINDSO,,1,2037,,,,,,1.0
InputActivityRatio,B_Opt_IndiaCostsFuel,GLOBAL,PWRWONINDSO,WONINDSO,,1,2038,,,,,,1.0
InputActivityRatio,B_Opt_IndiaCostsFuel,GLOBAL,PWRWONINDSO,WONINDSO,,1,2039,,,,,,1.0
InputActivityRatio,B_Opt_IndiaCostsFuel,GLOBAL,PWRWONINDSO,WONINDSO,,1,2040,,,,,,1.0
InputActivityRatio,B_Opt_IndiaCostsFuel,GLOBAL,PWRWONINDSO,WONINDSO,,1,2041,,,,,,1.0
InputActivityRatio,B_Opt_IndiaCostsFuel,GLOBAL,PWRWONINDSO,WONINDSO,,1,2042,,,,,,1.0
InputActivityRatio,B_Opt_IndiaCostsFuel,GLOBAL,PWRWONINDSO,WONINDSO,,1,2043,,,,,,1.0
InputActivityRatio,B_Opt_IndiaCostsFuel,GLOBAL,PWRWONINDSO,WONINDSO,,1,2044,,,,,,1.0
InputActivityRatio,B_Opt_IndiaCostsFuel,GLOBAL,PWRWONINDSO,WONINDSO,,1,2045,,,,,,1.0
InputActivityRatio,B_Opt_IndiaCostsFuel,GLOBAL,PWRWONINDSO,WONINDSO,,1,2046,,,,,,1.0
InputActivityRatio,B_Opt_IndiaCostsFuel,GLOBAL,PWRWONINDSO,WONINDSO,,1,2047,,,,,,1.0
InputActivityRatio,B_Opt_IndiaCostsFuel,GLOBAL,PWRWONINDSO,WONINDSO,,1,2048,,,,,,1.0
InputActivityRatio,B_Opt_IndiaCostsFuel,GLOBAL,PWRWONINDSO,WONINDSO,,1,2049,,,,,,1.0
InputActivityRatio,B_Opt_IndiaCostsFuel,GLOBAL,PWRWONINDSO,WONINDSO,,1,2050,,,,,,1.0
InputActivityRatio,B_Opt_IndiaCostsFuel,GLOBAL,PWRWONINDWE,WONINDWE,,1,2023,,,,,,1.0
InputActivityRatio,B_Opt_IndiaCostsFuel,GLOBAL,PWRWONINDWE,WONINDWE,,1,2024,,,,,,1.0
InputActivityRatio,B_Opt_IndiaCostsFuel,GLOBAL,PWRWONINDWE,WONINDWE,,1,2025,,,,,,1.0
InputActivityRatio,B_Opt_IndiaCostsFuel,GLOBAL,PWRWONINDWE,WONINDWE,,1,2026,,,,,,1.0
InputActivityRatio,B_Opt_IndiaCostsFuel,GLOBAL,PWRWONINDWE,WONINDWE,,1,2027,,,,,,1.0
InputActivityRatio,B_Opt_IndiaCostsFuel,GLOBAL,PWRWONINDWE,WONINDWE,,1,2028,,,,,,1.0
InputActivityRatio,B_Opt_IndiaCostsFuel,GLOBAL,PWRWONINDWE,WONINDWE,,1,2029,,,,,,1.0
InputActivityRatio,B_Opt_IndiaCostsFuel,GLOBAL,PWRWONINDWE,WONINDWE,,1,2030,,,,,,1.0
InputActivityRatio,B_Opt_IndiaCostsFuel,GLOBAL,PWRWONINDWE,WONINDWE,,1,2031,,,,,,1.0
InputActivityRatio,B_Opt_IndiaCostsFuel,GLOBAL,PWRWONINDWE,WONINDWE,,1,2032,,,,,,1.0
InputActivityRatio,B_Opt_IndiaCostsFuel,GLOBAL,PWRWONINDWE,WONINDWE,,1,2033,,,,,,1.0
InputActivityRatio,B_Opt_IndiaCostsFuel,GLOBAL,PWRWONINDWE,WONINDWE,,1,2034,,,,,,1.0
InputActivityRatio,B_Opt_IndiaCostsFuel,GLOBAL,PWRWONINDWE,WONINDWE,,1,2035,,,,,,1.0
InputActivityRatio,B_Opt_IndiaCostsFuel,GLOBAL,PWRWONINDWE,WONINDWE,,1,2036,,,,,,1.0
InputActivityRatio,B_Opt_IndiaCostsFuel,GLOBAL,PWRWONINDWE,WONINDWE,,1,2037,,,,,,1.0
InputActivityRatio,B_Opt_IndiaCostsFuel,GLOBAL,PWRWONINDWE,WONINDWE,,1,2038,,,,,,1.0
InputActivityRatio,B_Opt_IndiaCostsFuel,GLOBAL,PWRWONINDWE,WONINDWE,,1,2039,,,,,,1.0
InputActivityRatio,B_Opt_IndiaCostsFuel,GLOBAL,PWRWONINDWE,WONINDWE,,1,2040,,,,,,1.0
InputActivityRatio,B_Opt_IndiaCostsFuel,GLOBAL,PWRWONINDWE,WONINDWE,,1,2041,,,,,,1.0
InputActivityRatio,B_Opt_IndiaCostsFuel,GLOBAL,PWRWONINDWE,WONINDWE,,1,2042,,,,,,1.0
InputActivityRatio,B_Opt_IndiaCostsFuel,GLOBAL,PWRWONINDWE,WONINDWE,,1,2043,,,,,,1.0
InputActivityRatio,B_Opt_IndiaCostsFuel,GLOBAL,PWRWONINDWE,WONINDWE,,1,2044,,,,,,1.0
InputActivityRatio,B_Opt_IndiaCostsFuel,GLOBAL,PWRWONINDWE,WONINDWE,,1,2045,,,,,,1.0
InputActivityRatio,B_Opt_IndiaCostsFuel,GLOBAL,PWRWONINDWE,WONINDWE,,1,2046,,,,,,1.0
InputActivityRatio,B_Opt_IndiaCostsFuel,GLOBAL,PWRWONINDWE,WONINDWE,,1,2047,,,,,,1.0
InputActivityRatio,B_Opt_IndiaCostsFuel,GLOBAL,PWRWONINDWE,WONINDWE,,1,2048,,,,,,1.0
InputActivityRatio,B_Opt_IndiaCostsFuel,GLOBAL,PWRWONINDWE,WONINDWE,,1,2049,,,,,,1.0
InputActivityRatio,B_Opt_IndiaCostsFuel,GLOBAL,PWRWONINDWE,WONINDWE,,1,2050,,,,,,1.0
InputActivityRatio,B_Opt_IndiaCostsFuel,GLOBAL,PWRWONLKAXX,WONLKAXX,,1,2023,,,,,,1.0
InputActivityRatio,B_Opt_IndiaCostsFuel,GLOBAL,PWRWONLKAXX,WONLKAXX,,1,2024,,,,,,1.0
InputActivityRatio,B_Opt_IndiaCostsFuel,GLOBAL,PWRWONLKAXX,WONLKAXX,,1,2025,,,,,,1.0
InputActivityRatio,B_Opt_IndiaCostsFuel,GLOBAL,PWRWONLKAXX,WONLKAXX,,1,2026,,,,,,1.0
InputActivityRatio,B_Opt_IndiaCostsFuel,GLOBAL,PWRWONLKAXX,WONLKAXX,,1,2027,,,,,,1.0
InputActivityRatio,B_Opt_IndiaCostsFuel,GLOBAL,PWRWONLKAXX,WONLKAXX,,1,2028,,,,,,1.0
InputActivityRatio,B_Opt_IndiaCostsFuel,GLOBAL,PWRWONLKAXX,WONLKAXX,,1,2029,,,,,,1.0
InputActivityRatio,B_Opt_IndiaCostsFuel,GLOBAL,PWRWONLKAXX,WONLKAXX,,1,2030,,,,,,1.0
InputActivityRatio,B_Opt_IndiaCostsFuel,GLOBAL,PWRWONLKAXX,WONLKAXX,,1,2031,,,,,,1.0
InputActivityRatio,B_Opt_IndiaCostsFuel,GLOBAL,PWRWONLKAXX,WONLKAXX,,1,2032,,,,,,1.0
InputActivityRatio,B_Opt_IndiaCostsFuel,GLOBAL,PWRWONLKAXX,WONLKAXX,,1,2033,,,,,,1.0
InputActivityRatio,B_Opt_IndiaCostsFuel,GLOBAL,PWRWONLKAXX,WONLKAXX,,1,2034,,,,,,1.0
InputActivityRatio,B_Opt_IndiaCostsFuel,GLOBAL,PWRWONLKAXX,WONLKAXX,,1,2035,,,,,,1.0
InputActivityRatio,B_Opt_IndiaCostsFuel,GLOBAL,PWRWONLKAXX,WONLKAXX,,1,2036,,,,,,1.0
InputActivityRatio,B_Opt_IndiaCostsFuel,GLOBAL,PWRWONLKAXX,WONLKAXX,,1,2037,,,,,,1.0
InputActivityRatio,B_Opt_IndiaCostsFuel,GLOBAL,PWRWONLKAXX,WONLKAXX,,1,2038,,,,,,1.0
InputActivityRatio,B_Opt_IndiaCostsFuel,GLOBAL,PWRWONLKAXX,WONLKAXX,,1,2039,,,,,,1.0
InputActivityRatio,B_Opt_IndiaCostsFuel,GLOBAL,PWRWONLKAXX,WONLKAXX,,1,2040,,,,,,1.0
InputActivityRatio,B_Opt_IndiaCostsFuel,GLOBAL,PWRWONLKAXX,WONLKAXX,,1,2041,,,,,,1.0
InputActivityRatio,B_Opt_IndiaCostsFuel,GLOBAL,PWRWONLKAXX,WONLKAXX,,1,2042,,,,,,1.0
InputActivityRatio,B_Opt_IndiaCostsFuel,GLOBAL,PWRWONLKAXX,WONLKAXX,,1,2043,,,,,,1.0
InputActivityRatio,B_Opt_IndiaCostsFuel,GLOBAL,PWRWONLKAXX,WONLKAXX,,1,2044,,,,,,1.0
InputActivityRatio,B_Opt_IndiaCostsFuel,GLOBAL,PWRWONLKAXX,WONLKAXX,,1,2045,,,,,,1.0
InputActivityRatio,B_Opt_IndiaCostsFuel,GLOBAL,PWRWONLKAXX,WONLKAXX,,1,2046,,,,,,1.0
InputActivityRatio,B_Opt_IndiaCostsFuel,GLOBAL,PWRWONLKAXX,WONLKAXX,,1,2047,,,,,,1.0
InputActivityRatio,B_Opt_IndiaCostsFuel,GLOBAL,PWRWONLKAXX,WONLKAXX,,1,2048,,,,,,1.0
InputActivityRatio,B_Opt_IndiaCostsFuel,GLOBAL,PWRWONLKAXX,WONLKAXX,,1,2049,,,,,,1.0
InputActivityRatio,B_Opt_IndiaCostsFuel,GLOBAL,PWRWONLKAXX,WONLKAXX,,1,2050,,,,,,1.0
InputActivityRatio,B_Opt_IndiaCostsFuel,GLOBAL,PWRWONNPLXX,WONNPLXX,,1,2023,,,,,,1.0
InputActivityRatio,B_Opt_IndiaCostsFuel,GLOBAL,PWRWONNPLXX,WONNPLXX,,1,2024,,,,,,1.0
InputActivityRatio,B_Opt_IndiaCostsFuel,GLOBAL,PWRWONNPLXX,WONNPLXX,,1,2025,,,,,,1.0
InputActivityRatio,B_Opt_IndiaCostsFuel,GLOBAL,PWRWONNPLXX,WONNPLXX,,1,2026,,,,,,1.0
InputActivityRatio,B_Opt_IndiaCostsFuel,GLOBAL,PWRWONNPLXX,WONNPLXX,,1,2027,,,,,,1.0
InputActivityRatio,B_Opt_IndiaCostsFuel,GLOBAL,PWRWONNPLXX,WONNPLXX,,1,2028,,,,,,1.0
InputActivityRatio,B_Opt_IndiaCostsFuel,GLOBAL,PWRWONNPLXX,WONNPLXX,,1,2029,,,,,,1.0
InputActivityRatio,B_Opt_IndiaCostsFuel,GLOBAL,PWRWONNPLXX,WONNPLXX,,1,2030,,,,,,1.0
InputActivityRatio,B_Opt_IndiaCostsFuel,GLOBAL,PWRWONNPLXX,WONNPLXX,,1,2031,,,,,,1.0
InputActivityRatio,B_Opt_IndiaCostsFuel,GLOBAL,PWRWONNPLXX,WONNPLXX,,1,2032,,,,,,1.0
InputActivityRatio,B_Opt_IndiaCostsFuel,GLOBAL,PWRWONNPLXX,WONNPLXX,,1,2033,,,,,,1.0
InputActivityRatio,B_Opt_IndiaCostsFuel,GLOBAL,PWRWONNPLXX,WONNPLXX,,1,2034,,,,,,1.0
InputActivityRatio,B_Opt_IndiaCostsFuel,GLOBAL,PWRWONNPLXX,WONNPLXX,,1,2035,,,,,,1.0
InputActivityRatio,B_Opt_IndiaCostsFuel,GLOBAL,PWRWONNPLXX,WONNPLXX,,1,2036,,,,,,1.0
InputActivityRatio,B_Opt_IndiaCostsFuel,GLOBAL,PWRWONNPLXX,WONNPLXX,,1,2037,,,,,,1.0
InputActivityRatio,B_Opt_IndiaCostsFuel,GLOBAL,PWRWONNPLXX,WONNPLXX,,1,2038,,,,,,1.0
InputActivityRatio,B_Opt_IndiaCostsFuel,GLOBAL,PWRWONNPLXX,WONNPLXX,,1,2039,,,,,,1.0
InputActivityRatio,B_Opt_IndiaCostsFuel,GLOBAL,PWRWONNPLXX,WONNPLXX,,1,2040,,,,,,1.0
InputActivityRatio,B_Opt_IndiaCostsFuel,GLOBAL,PWRWONNPLXX,WONNPLXX,,1,2041,,,,,,1.0
InputActivityRatio,B_Opt_IndiaCostsFuel,GLOBAL,PWRWONNPLXX,WONNPLXX,,1,2042,,,,,,1.0
InputActivityRatio,B_Opt_IndiaCostsFuel,GLOBAL,PWRWONNPLXX,WONNPLXX,,1,2043,,,,,,1.0
InputActivityRatio,B_Opt_IndiaCostsFuel,GLOBAL,PWRWONNPLXX,WONNPLXX,,1,2044,,,,,,1.0
InputActivityRatio,B_Opt_IndiaCostsFuel,GLOBAL,PWRWONNPLXX,WONNPLXX,,1,2045,,,,,,1.0
InputActivityRatio,B_Opt_IndiaCostsFuel,GLOBAL,PWRWONNPLXX,WONNPLXX,,1,2046,,,,,,1.0
InputActivityRatio,B_Opt_IndiaCostsFuel,GLOBAL,PWRWONNPLXX,WONNPLXX,,1,2047,,,,,,1.0
InputActivityRatio,B_Opt_IndiaCostsFuel,GLOBAL,PWRWONNPLXX,WONNPLXX,,1,2048,,,,,,1.0
InputActivityRatio,B_Opt_IndiaCostsFuel,GLOBAL,PWRWONNPLXX,WONNPLXX,,1,2049,,,,,,1.0
InputActivityRatio,B_Opt_IndiaCostsFuel,GLOBAL,PWRWONNPLXX,WONNPLXX,,1,2050,,,,,,1.0
InputActivityRatio,B_Opt_IndiaCostsFuel,GLOBAL,TRNBGDXXINDEA,ELCBGDXX03,,1,2023,,,,,,1.0
InputActivityRatio,B_Opt_IndiaCostsFuel,GLOBAL,TRNBGDXXINDEA,ELCBGDXX03,,1,2024,,,,,,1.0
InputActivityRatio,B_Opt_IndiaCostsFuel,GLOBAL,TRNBGDXXINDEA,ELCBGDXX03,,1,2025,,,,,,1.0
InputActivityRatio,B_Opt_IndiaCostsFuel,GLOBAL,TRNBGDXXINDEA,ELCBGDXX03,,1,2026,,,,,,1.0
InputActivityRatio,B_Opt_IndiaCostsFuel,GLOBAL,TRNBGDXXINDEA,ELCBGDXX03,,1,2027,,,,,,1.0
InputActivityRatio,B_Opt_IndiaCostsFuel,GLOBAL,TRNBGDXXINDEA,ELCBGDXX03,,1,2028,,,,,,1.0
InputActivityRatio,B_Opt_IndiaCostsFuel,GLOBAL,TRNBGDXXINDEA,ELCBGDXX03,,1,2029,,,,,,1.0
InputActivityRatio,B_Opt_IndiaCostsFuel,GLOBAL,TRNBGDXXINDEA,ELCBGDXX03,,1,2030,,,,,,1.0
InputActivityRatio,B_Opt_IndiaCostsFuel,GLOBAL,TRNBGDXXINDEA,ELCBGDXX03,,1,2031,,,,,,1.0
InputActivityRatio,B_Opt_IndiaCostsFuel,GLOBAL,TRNBGDXXINDEA,ELCBGDXX03,,1,2032,,,,,,1.0
InputActivityRatio,B_Opt_IndiaCostsFuel,GLOBAL,TRNBGDXXINDEA,ELCBGDXX03,,1,2033,,,,,,1.0
InputActivityRatio,B_Opt_IndiaCostsFuel,GLOBAL,TRNBGDXXINDEA,ELCBGDXX03,,1,2034,,,,,,1.0
InputActivityRatio,B_Opt_IndiaCostsFuel,GLOBAL,TRNBGDXXINDEA,ELCBGDXX03,,1,2035,,,,,,1.0
InputActivityRatio,B_Opt_IndiaCostsFuel,GLOBAL,TRNBGDXXINDEA,ELCBGDXX03,,1,2036,,,,,,1.0
InputActivityRatio,B_Opt_IndiaCostsFuel,GLOBAL,TRNBGDXXINDEA,ELCBGDXX03,,1,2037,,,,,,1.0
InputActivityRatio,B_Opt_IndiaCostsFuel,GLOBAL,TRNBGDXXINDEA,ELCBGDXX03,,1,2038,,,,,,1.0
InputActivityRatio,B_Opt_IndiaCostsFuel,GLOBAL,TRNBGDXXINDEA,ELCBGDXX03,,1,2039,,,,,,1.0
InputActivityRatio,B_Opt_IndiaCostsFuel,GLOBAL,TRNBGDXXINDEA,ELCBGDXX03,,1,2040,,,,,,1.0
InputActivityRatio,B_Opt_IndiaCostsFuel,GLOBAL,TRNBGDXXINDEA,ELCBGDXX03,,1,2041,,,,,,1.0
InputActivityRatio,B_Opt_IndiaCostsFuel,GLOBAL,TRNBGDXXINDEA,ELCBGDXX03,,1,2042,,,,,,1.0
InputActivityRatio,B_Opt_IndiaCostsFuel,GLOBAL,TRNBGDXXINDEA,ELCBGDXX03,,1,2043,,,,,,1.0
InputActivityRatio,B_Opt_IndiaCostsFuel,GLOBAL,TRNBGDXXINDEA,ELCBGDXX03,,1,2044,,,,,,1.0
InputActivityRatio,B_Opt_IndiaCostsFuel,GLOBAL,TRNBGDXXINDEA,ELCBGDXX03,,1,2045,,,,,,1.0
InputActivityRatio,B_Opt_IndiaCostsFuel,GLOBAL,TRNBGDXXINDEA,ELCBGDXX03,,1,2046,,,,,,1.0
InputActivityRatio,B_Opt_IndiaCostsFuel,GLOBAL,TRNBGDXXINDEA,ELCBGDXX03,,1,2047,,,,,,1.0
InputActivityRatio,B_Opt_IndiaCostsFuel,GLOBAL,TRNBGDXXINDEA,ELCBGDXX03,,1,2048,,,,,,1.0
InputActivityRatio,B_Opt_IndiaCostsFuel,GLOBAL,TRNBGDXXINDEA,ELCBGDXX03,,1,2049,,,,,,1.0
InputActivityRatio,B_Opt_IndiaCostsFuel,GLOBAL,TRNBGDXXINDEA,ELCBGDXX03,,1,2050,,,,,,1.0
InputActivityRatio,B_Opt_IndiaCostsFuel,GLOBAL,TRNBGDXXINDEA,ELCINDEA03,,2,2023,,,,,,1.0
InputActivityRatio,B_Opt_IndiaCostsFuel,GLOBAL,TRNBGDXXINDEA,ELCINDEA03,,2,2024,,,,,,1.0
InputActivityRatio,B_Opt_IndiaCostsFuel,GLOBAL,TRNBGDXXINDEA,ELCINDEA03,,2,2025,,,,,,1.0
InputActivityRatio,B_Opt_IndiaCostsFuel,GLOBAL,TRNBGDXXINDEA,ELCINDEA03,,2,2026,,,,,,1.0
InputActivityRatio,B_Opt_IndiaCostsFuel,GLOBAL,TRNBGDXXINDEA,ELCINDEA03,,2,2027,,,,,,1.0
InputActivityRatio,B_Opt_IndiaCostsFuel,GLOBAL,TRNBGDXXINDEA,ELCINDEA03,,2,2028,,,,,,1.0
InputActivityRatio,B_Opt_IndiaCostsFuel,GLOBAL,TRNBGDXXINDEA,ELCINDEA03,,2,2029,,,,,,1.0
InputActivityRatio,B_Opt_IndiaCostsFuel,GLOBAL,TRNBGDXXINDEA,ELCINDEA03,,2,2030,,,,,,1.0
InputActivityRatio,B_Opt_IndiaCostsFuel,GLOBAL,TRNBGDXXINDEA,ELCINDEA03,,2,2031,,,,,,1.0
InputActivityRatio,B_Opt_IndiaCostsFuel,GLOBAL,TRNBGDXXINDEA,ELCINDEA03,,2,2032,,,,,,1.0
InputActivityRatio,B_Opt_IndiaCostsFuel,GLOBAL,TRNBGDXXINDEA,ELCINDEA03,,2,2033,,,,,,1.0
InputActivityRatio,B_Opt_IndiaCostsFuel,GLOBAL,TRNBGDXXINDEA,ELCINDEA03,,2,2034,,,,,,1.0
InputActivityRatio,B_Opt_IndiaCostsFuel,GLOBAL,TRNBGDXXINDEA,ELCINDEA03,,2,2035,,,,,,1.0
InputActivityRatio,B_Opt_IndiaCostsFuel,GLOBAL,TRNBGDXXINDEA,ELCINDEA03,,2,2036,,,,,,1.0
InputActivityRatio,B_Opt_IndiaCostsFuel,GLOBAL,TRNBGDXXINDEA,ELCINDEA03,,2,2037,,,,,,1.0
InputActivityRatio,B_Opt_IndiaCostsFuel,GLOBAL,TRNBGDXXINDEA,ELCINDEA03,,2,2038,,,,,,1.0
InputActivityRatio,B_Opt_IndiaCostsFuel,GLOBAL,TRNBGDXXINDEA,ELCINDEA03,,2,2039,,,,,,1.0
InputActivityRatio,B_Opt_IndiaCostsFuel,GLOBAL,TRNBGDXXINDEA,ELCINDEA03,,2,2040,,,,,,1.0
InputActivityRatio,B_Opt_IndiaCostsFuel,GLOBAL,TRNBGDXXINDEA,ELCINDEA03,,2,2041,,,,,,1.0
InputActivityRatio,B_Opt_IndiaCostsFuel,GLOBAL,TRNBGDXXINDEA,ELCINDEA03,,2,2042,,,,,,1.0
InputActivityRatio,B_Opt_IndiaCostsFuel,GLOBAL,TRNBGDXXINDEA,ELCINDEA03,,2,2043,,,,,,1.0
InputActivityRatio,B_Opt_IndiaCostsFuel,GLOBAL,TRNBGDXXINDEA,ELCINDEA03,,2,2044,,,,,,1.0
InputActivityRatio,B_Opt_IndiaCostsFuel,GLOBAL,TRNBGDXXINDEA,ELCINDEA03,,2,2045,,,,,,1.0
InputActivityRatio,B_Opt_IndiaCostsFuel,GLOBAL,TRNBGDXXINDEA,ELCINDEA03,,2,2046,,,,,,1.0
InputActivityRatio,B_Opt_IndiaCostsFuel,GLOBAL,TRNBGDXXINDEA,ELCINDEA03,,2,2047,,,,,,1.0
InputActivityRatio,B_Opt_IndiaCostsFuel,GLOBAL,TRNBGDXXINDEA,ELCINDEA03,,2,2048,,,,,,1.0
InputActivityRatio,B_Opt_IndiaCostsFuel,GLOBAL,TRNBGDXXINDEA,ELCINDEA03,,2,2049,,,,,,1.0
InputActivityRatio,B_Opt_IndiaCostsFuel,GLOBAL,TRNBGDXXINDEA,ELCINDEA03,,2,2050,,,,,,1.0
InputActivityRatio,B_Opt_IndiaCostsFuel,GLOBAL,TRNBGDXXINDNE,ELCBGDXX03,,1,2023,,,,,,1.0
InputActivityRatio,B_Opt_IndiaCostsFuel,GLOBAL,TRNBGDXXINDNE,ELCBGDXX03,,1,2024,,,,,,1.0
InputActivityRatio,B_Opt_IndiaCostsFuel,GLOBAL,TRNBGDXXINDNE,ELCBGDXX03,,1,2025,,,,,,1.0
InputActivityRatio,B_Opt_IndiaCostsFuel,GLOBAL,TRNBGDXXINDNE,ELCBGDXX03,,1,2026,,,,,,1.0
InputActivityRatio,B_Opt_IndiaCostsFuel,GLOBAL,TRNBGDXXINDNE,ELCBGDXX03,,1,2027,,,,,,1.0
InputActivityRatio,B_Opt_IndiaCostsFuel,GLOBAL,TRNBGDXXINDNE,ELCBGDXX03,,1,2028,,,,,,1.0
InputActivityRatio,B_Opt_IndiaCostsFuel,GLOBAL,TRNBGDXXINDNE,ELCBGDXX03,,1,2029,,,,,,1.0
InputActivityRatio,B_Opt_IndiaCostsFuel,GLOBAL,TRNBGDXXINDNE,ELCBGDXX03,,1,2030,,,,,,1.0
InputActivityRatio,B_Opt_IndiaCostsFuel,GLOBAL,TRNBGDXXINDNE,ELCBGDXX03,,1,2031,,,,,,1.0
InputActivityRatio,B_Opt_IndiaCostsFuel,GLOBAL,TRNBGDXXINDNE,ELCBGDXX03,,1,2032,,,,,,1.0
InputActivityRatio,B_Opt_IndiaCostsFuel,GLOBAL,TRNBGDXXINDNE,ELCBGDXX03,,1,2033,,,,,,1.0
InputActivityRatio,B_Opt_IndiaCostsFuel,GLOBAL,TRNBGDXXINDNE,ELCBGDXX03,,1,2034,,,,,,1.0
InputActivityRatio,B_Opt_IndiaCostsFuel,GLOBAL,TRNBGDXXINDNE,ELCBGDXX03,,1,2035,,,,,,1.0
InputActivityRatio,B_Opt_IndiaCostsFuel,GLOBAL,TRNBGDXXINDNE,ELCBGDXX03,,1,2036,,,,,,1.0
InputActivityRatio,B_Opt_IndiaCostsFuel,GLOBAL,TRNBGDXXINDNE,ELCBGDXX03,,1,2037,,,,,,1.0
InputActivityRatio,B_Opt_IndiaCostsFuel,GLOBAL,TRNBGDXXINDNE,ELCBGDXX03,,1,2038,,,,,,1.0
InputActivityRatio,B_Opt_IndiaCostsFuel,GLOBAL,TRNBGDXXINDNE,ELCBGDXX03,,1,2039,,,,,,1.0
InputActivityRatio,B_Opt_IndiaCostsFuel,GLOBAL,TRNBGDXXINDNE,ELCBGDXX03,,1,2040,,,,,,1.0
InputActivityRatio,B_Opt_IndiaCostsFuel,GLOBAL,TRNBGDXXINDNE,ELCBGDXX03,,1,2041,,,,,,1.0
InputActivityRatio,B_Opt_IndiaCostsFuel,GLOBAL,TRNBGDXXINDNE,ELCBGDXX03,,1,2042,,,,,,1.0
InputActivityRatio,B_Opt_IndiaCostsFuel,GLOBAL,TRNBGDXXINDNE,ELCBGDXX03,,1,2043,,,,,,1.0
InputActivityRatio,B_Opt_IndiaCostsFuel,GLOBAL,TRNBGDXXINDNE,ELCBGDXX03,,1,2044,,,,,,1.0
InputActivityRatio,B_Opt_IndiaCostsFuel,GLOBAL,TRNBGDXXINDNE,ELCBGDXX03,,1,2045,,,,,,1.0
InputActivityRatio,B_Opt_IndiaCostsFuel,GLOBAL,TRNBGDXXINDNE,ELCBGDXX03,,1,2046,,,,,,1.0
InputActivityRatio,B_Opt_IndiaCostsFuel,GLOBAL,TRNBGDXXINDNE,ELCBGDXX03,,1,2047,,,,,,1.0
InputActivityRatio,B_Opt_IndiaCostsFuel,GLOBAL,TRNBGDXXINDNE,ELCBGDXX03,,1,2048,,,,,,1.0
InputActivityRatio,B_Opt_IndiaCostsFuel,GLOBAL,TRNBGDXXINDNE,ELCBGDXX03,,1,2049,,,,,,1.0
InputActivityRatio,B_Opt_IndiaCostsFuel,GLOBAL,TRNBGDXXINDNE,ELCBGDXX03,,1,2050,,,,,,1.0
InputActivityRatio,B_Opt_IndiaCostsFuel,GLOBAL,TRNBGDXXINDNE,ELCINDNE03,,2,2023,,,,,,1.0
InputActivityRatio,B_Opt_IndiaCostsFuel,GLOBAL,TRNBGDXXINDNE,ELCINDNE03,,2,2024,,,,,,1.0
InputActivityRatio,B_Opt_IndiaCostsFuel,GLOBAL,TRNBGDXXINDNE,ELCINDNE03,,2,2025,,,,,,1.0
InputActivityRatio,B_Opt_IndiaCostsFuel,GLOBAL,TRNBGDXXINDNE,ELCINDNE03,,2,2026,,,,,,1.0
InputActivityRatio,B_Opt_IndiaCostsFuel,GLOBAL,TRNBGDXXINDNE,ELCINDNE03,,2,2027,,,,,,1.0
InputActivityRatio,B_Opt_IndiaCostsFuel,GLOBAL,TRNBGDXXINDNE,ELCINDNE03,,2,2028,,,,,,1.0
InputActivityRatio,B_Opt_IndiaCostsFuel,GLOBAL,TRNBGDXXINDNE,ELCINDNE03,,2,2029,,,,,,1.0
InputActivityRatio,B_Opt_IndiaCostsFuel,GLOBAL,TRNBGDXXINDNE,ELCINDNE03,,2,2030,,,,,,1.0
InputActivityRatio,B_Opt_IndiaCostsFuel,GLOBAL,TRNBGDXXINDNE,ELCINDNE03,,2,2031,,,,,,1.0
InputActivityRatio,B_Opt_IndiaCostsFuel,GLOBAL,TRNBGDXXINDNE,ELCINDNE03,,2,2032,,,,,,1.0
InputActivityRatio,B_Opt_IndiaCostsFuel,GLOBAL,TRNBGDXXINDNE,ELCINDNE03,,2,2033,,,,,,1.0
InputActivityRatio,B_Opt_IndiaCostsFuel,GLOBAL,TRNBGDXXINDNE,ELCINDNE03,,2,2034,,,,,,1.0
InputActivityRatio,B_Opt_IndiaCostsFuel,GLOBAL,TRNBGDXXINDNE,ELCINDNE03,,2,2035,,,,,,1.0
InputActivityRatio,B_Opt_IndiaCostsFuel,GLOBAL,TRNBGDXXINDNE,ELCINDNE03,,2,2036,,,,,,1.0
InputActivityRatio,B_Opt_IndiaCostsFuel,GLOBAL,TRNBGDXXINDNE,ELCINDNE03,,2,2037,,,,,,1.0
InputActivityRatio,B_Opt_IndiaCostsFuel,GLOBAL,TRNBGDXXINDNE,ELCINDNE03,,2,2038,,,,,,1.0
InputActivityRatio,B_Opt_IndiaCostsFuel,GLOBAL,TRNBGDXXINDNE,ELCINDNE03,,2,2039,,,,,,1.0
InputActivityRatio,B_Opt_IndiaCostsFuel,GLOBAL,TRNBGDXXINDNE,ELCINDNE03,,2,2040,,,,,,1.0
InputActivityRatio,B_Opt_IndiaCostsFuel,GLOBAL,TRNBGDXXINDNE,ELCINDNE03,,2,2041,,,,,,1.0
InputActivityRatio,B_Opt_IndiaCostsFuel,GLOBAL,TRNBGDXXINDNE,ELCINDNE03,,2,2042,,,,,,1.0
InputActivityRatio,B_Opt_IndiaCostsFuel,GLOBAL,TRNBGDXXINDNE,ELCINDNE03,,2,2043,,,,,,1.0
InputActivityRatio,B_Opt_IndiaCostsFuel,GLOBAL,TRNBGDXXINDNE,ELCINDNE03,,2,2044,,,,,,1.0
InputActivityRatio,B_Opt_IndiaCostsFuel,GLOBAL,TRNBGDXXINDNE,ELCINDNE03,,2,2045,,,,,,1.0
InputActivityRatio,B_Opt_IndiaCostsFuel,GLOBAL,TRNBGDXXINDNE,ELCINDNE03,,2,2046,,,,,,1.0
InputActivityRatio,B_Opt_IndiaCostsFuel,GLOBAL,TRNBGDXXINDNE,ELCINDNE03,,2,2047,,,,,,1.0
InputActivityRatio,B_Opt_IndiaCostsFuel,GLOBAL,TRNBGDXXINDNE,ELCINDNE03,,2,2048,,,,,,1.0
InputActivityRatio,B_Opt_IndiaCostsFuel,GLOBAL,TRNBGDXXINDNE,ELCINDNE03,,2,2049,,,,,,1.0
InputActivityRatio,B_Opt_IndiaCostsFuel,GLOBAL,TRNBGDXXINDNE,ELCINDNE03,,2,2050,,,,,,1.0
InputActivityRatio,B_Opt_IndiaCostsFuel,GLOBAL,TRNBTNXXINDEA,ELCBTNXX03,,1,2023,,,,,,1.0
InputActivityRatio,B_Opt_IndiaCostsFuel,GLOBAL,TRNBTNXXINDEA,ELCBTNXX03,,1,2024,,,,,,1.0
InputActivityRatio,B_Opt_IndiaCostsFuel,GLOBAL,TRNBTNXXINDEA,ELCBTNXX03,,1,2025,,,,,,1.0
InputActivityRatio,B_Opt_IndiaCostsFuel,GLOBAL,TRNBTNXXINDEA,ELCBTNXX03,,1,2026,,,,,,1.0
InputActivityRatio,B_Opt_IndiaCostsFuel,GLOBAL,TRNBTNXXINDEA,ELCBTNXX03,,1,2027,,,,,,1.0
InputActivityRatio,B_Opt_IndiaCostsFuel,GLOBAL,TRNBTNXXINDEA,ELCBTNXX03,,1,2028,,,,,,1.0
InputActivityRatio,B_Opt_IndiaCostsFuel,GLOBAL,TRNBTNXXINDEA,ELCBTNXX03,,1,2029,,,,,,1.0
InputActivityRatio,B_Opt_IndiaCostsFuel,GLOBAL,TRNBTNXXINDEA,ELCBTNXX03,,1,2030,,,,,,1.0
InputActivityRatio,B_Opt_IndiaCostsFuel,GLOBAL,TRNBTNXXINDEA,ELCBTNXX03,,1,2031,,,,,,1.0
InputActivityRatio,B_Opt_IndiaCostsFuel,GLOBAL,TRNBTNXXINDEA,ELCBTNXX03,,1,2032,,,,,,1.0
InputActivityRatio,B_Opt_IndiaCostsFuel,GLOBAL,TRNBTNXXINDEA,ELCBTNXX03,,1,2033,,,,,,1.0
InputActivityRatio,B_Opt_IndiaCostsFuel,GLOBAL,TRNBTNXXINDEA,ELCBTNXX03,,1,2034,,,,,,1.0
InputActivityRatio,B_Opt_IndiaCostsFuel,GLOBAL,TRNBTNXXINDEA,ELCBTNXX03,,1,2035,,,,,,1.0
InputActivityRatio,B_Opt_IndiaCostsFuel,GLOBAL,TRNBTNXXINDEA,ELCBTNXX03,,1,2036,,,,,,1.0
InputActivityRatio,B_Opt_IndiaCostsFuel,GLOBAL,TRNBTNXXINDEA,ELCBTNXX03,,1,2037,,,,,,1.0
InputActivityRatio,B_Opt_IndiaCostsFuel,GLOBAL,TRNBTNXXINDEA,ELCBTNXX03,,1,2038,,,,,,1.0
InputActivityRatio,B_Opt_IndiaCostsFuel,GLOBAL,TRNBTNXXINDEA,ELCBTNXX03,,1,2039,,,,,,1.0
InputActivityRatio,B_Opt_IndiaCostsFuel,GLOBAL,TRNBTNXXINDEA,ELCBTNXX03,,1,2040,,,,,,1.0
InputActivityRatio,B_Opt_IndiaCostsFuel,GLOBAL,TRNBTNXXINDEA,ELCBTNXX03,,1,2041,,,,,,1.0
InputActivityRatio,B_Opt_IndiaCostsFuel,GLOBAL,TRNBTNXXINDEA,ELCBTNXX03,,1,2042,,,,,,1.0
InputActivityRatio,B_Opt_IndiaCostsFuel,GLOBAL,TRNBTNXXINDEA,ELCBTNXX03,,1,2043,,,,,,1.0
InputActivityRatio,B_Opt_IndiaCostsFuel,GLOBAL,TRNBTNXXINDEA,ELCBTNXX03,,1,2044,,,,,,1.0
InputActivityRatio,B_Opt_IndiaCostsFuel,GLOBAL,TRNBTNXXINDEA,ELCBTNXX03,,1,2045,,,,,,1.0
InputActivityRatio,B_Opt_IndiaCostsFuel,GLOBAL,TRNBTNXXINDEA,ELCBTNXX03,,1,2046,,,,,,1.0
InputActivityRatio,B_Opt_IndiaCostsFuel,GLOBAL,TRNBTNXXINDEA,ELCBTNXX03,,1,2047,,,,,,1.0
InputActivityRatio,B_Opt_IndiaCostsFuel,GLOBAL,TRNBTNXXINDEA,ELCBTNXX03,,1,2048,,,,,,1.0
InputActivityRatio,B_Opt_IndiaCostsFuel,GLOBAL,TRNBTNXXINDEA,ELCBTNXX03,,1,2049,,,,,,1.0
InputActivityRatio,B_Opt_IndiaCostsFuel,GLOBAL,TRNBTNXXINDEA,ELCBTNXX03,,1,2050,,,,,,1.0
InputActivityRatio,B_Opt_IndiaCostsFuel,GLOBAL,TRNBTNXXINDEA,ELCINDEA03,,2,2023,,,,,,1.0
InputActivityRatio,B_Opt_IndiaCostsFuel,GLOBAL,TRNBTNXXINDEA,ELCINDEA03,,2,2024,,,,,,1.0
InputActivityRatio,B_Opt_IndiaCostsFuel,GLOBAL,TRNBTNXXINDEA,ELCINDEA03,,2,2025,,,,,,1.0
InputActivityRatio,B_Opt_IndiaCostsFuel,GLOBAL,TRNBTNXXINDEA,ELCINDEA03,,2,2026,,,,,,1.0
InputActivityRatio,B_Opt_IndiaCostsFuel,GLOBAL,TRNBTNXXINDEA,ELCINDEA03,,2,2027,,,,,,1.0
InputActivityRatio,B_Opt_IndiaCostsFuel,GLOBAL,TRNBTNXXINDEA,ELCINDEA03,,2,2028,,,,,,1.0
InputActivityRatio,B_Opt_IndiaCostsFuel,GLOBAL,TRNBTNXXINDEA,ELCINDEA03,,2,2029,,,,,,1.0
InputActivityRatio,B_Opt_IndiaCostsFuel,GLOBAL,TRNBTNXXINDEA,ELCINDEA03,,2,2030,,,,,,1.0
InputActivityRatio,B_Opt_IndiaCostsFuel,GLOBAL,TRNBTNXXINDEA,ELCINDEA03,,2,2031,,,,,,1.0
InputActivityRatio,B_Opt_IndiaCostsFuel,GLOBAL,TRNBTNXXINDEA,ELCINDEA03,,2,2032,,,,,,1.0
InputActivityRatio,B_Opt_IndiaCostsFuel,GLOBAL,TRNBTNXXINDEA,ELCINDEA03,,2,2033,,,,,,1.0
InputActivityRatio,B_Opt_IndiaCostsFuel,GLOBAL,TRNBTNXXINDEA,ELCINDEA03,,2,2034,,,,,,1.0
InputActivityRatio,B_Opt_IndiaCostsFuel,GLOBAL,TRNBTNXXINDEA,ELCINDEA03,,2,2035,,,,,,1.0
InputActivityRatio,B_Opt_IndiaCostsFuel,GLOBAL,TRNBTNXXINDEA,ELCINDEA03,,2,2036,,,,,,1.0
InputActivityRatio,B_Opt_IndiaCostsFuel,GLOBAL,TRNBTNXXINDEA,ELCINDEA03,,2,2037,,,,,,1.0
InputActivityRatio,B_Opt_IndiaCostsFuel,GLOBAL,TRNBTNXXINDEA,ELCINDEA03,,2,2038,,,,,,1.0
InputActivityRatio,B_Opt_IndiaCostsFuel,GLOBAL,TRNBTNXXINDEA,ELCINDEA03,,2,2039,,,,,,1.0
InputActivityRatio,B_Opt_IndiaCostsFuel,GLOBAL,TRNBTNXXINDEA,ELCINDEA03,,2,2040,,,,,,1.0
InputActivityRatio,B_Opt_IndiaCostsFuel,GLOBAL,TRNBTNXXINDEA,ELCINDEA03,,2,2041,,,,,,1.0
InputActivityRatio,B_Opt_IndiaCostsFuel,GLOBAL,TRNBTNXXINDEA,ELCINDEA03,,2,2042,,,,,,1.0
InputActivityRatio,B_Opt_IndiaCostsFuel,GLOBAL,TRNBTNXXINDEA,ELCINDEA03,,2,2043,,,,,,1.0
InputActivityRatio,B_Opt_IndiaCostsFuel,GLOBAL,TRNBTNXXINDEA,ELCINDEA03,,2,2044,,,,,,1.0
InputActivityRatio,B_Opt_IndiaCostsFuel,GLOBAL,TRNBTNXXINDEA,ELCINDEA03,,2,2045,,,,,,1.0
InputActivityRatio,B_Opt_IndiaCostsFuel,GLOBAL,TRNBTNXXINDEA,ELCINDEA03,,2,2046,,,,,,1.0
InputActivityRatio,B_Opt_IndiaCostsFuel,GLOBAL,TRNBTNXXINDEA,ELCINDEA03,,2,2047,,,,,,1.0
InputActivityRatio,B_Opt_IndiaCostsFuel,GLOBAL,TRNBTNXXINDEA,ELCINDEA03,,2,2048,,,,,,1.0
InputActivityRatio,B_Opt_IndiaCostsFuel,GLOBAL,TRNBTNXXINDEA,ELCINDEA03,,2,2049,,,,,,1.0
InputActivityRatio,B_Opt_IndiaCostsFuel,GLOBAL,TRNBTNXXINDEA,ELCINDEA03,,2,2050,,,,,,1.0
InputActivityRatio,B_Opt_IndiaCostsFuel,GLOBAL,TRNINDEAINDNE,ELCINDEA03,,1,2023,,,,,,1.0
InputActivityRatio,B_Opt_IndiaCostsFuel,GLOBAL,TRNINDEAINDNE,ELCINDEA03,,1,2024,,,,,,1.0
InputActivityRatio,B_Opt_IndiaCostsFuel,GLOBAL,TRNINDEAINDNE,ELCINDEA03,,1,2025,,,,,,1.0
InputActivityRatio,B_Opt_IndiaCostsFuel,GLOBAL,TRNINDEAINDNE,ELCINDEA03,,1,2026,,,,,,1.0
InputActivityRatio,B_Opt_IndiaCostsFuel,GLOBAL,TRNINDEAINDNE,ELCINDEA03,,1,2027,,,,,,1.0
InputActivityRatio,B_Opt_IndiaCostsFuel,GLOBAL,TRNINDEAINDNE,ELCINDEA03,,1,2028,,,,,,1.0
InputActivityRatio,B_Opt_IndiaCostsFuel,GLOBAL,TRNINDEAINDNE,ELCINDEA03,,1,2029,,,,,,1.0
InputActivityRatio,B_Opt_IndiaCostsFuel,GLOBAL,TRNINDEAINDNE,ELCINDEA03,,1,2030,,,,,,1.0
InputActivityRatio,B_Opt_IndiaCostsFuel,GLOBAL,TRNINDEAINDNE,ELCINDEA03,,1,2031,,,,,,1.0
InputActivityRatio,B_Opt_IndiaCostsFuel,GLOBAL,TRNINDEAINDNE,ELCINDEA03,,1,2032,,,,,,1.0
InputActivityRatio,B_Opt_IndiaCostsFuel,GLOBAL,TRNINDEAINDNE,ELCINDEA03,,1,2033,,,,,,1.0
InputActivityRatio,B_Opt_IndiaCostsFuel,GLOBAL,TRNINDEAINDNE,ELCINDEA03,,1,2034,,,,,,1.0
InputActivityRatio,B_Opt_IndiaCostsFuel,GLOBAL,TRNINDEAINDNE,ELCINDEA03,,1,2035,,,,,,1.0
InputActivityRatio,B_Opt_IndiaCostsFuel,GLOBAL,TRNINDEAINDNE,ELCINDEA03,,1,2036,,,,,,1.0
InputActivityRatio,B_Opt_IndiaCostsFuel,GLOBAL,TRNINDEAINDNE,ELCINDEA03,,1,2037,,,,,,1.0
InputActivityRatio,B_Opt_IndiaCostsFuel,GLOBAL,TRNINDEAINDNE,ELCINDEA03,,1,2038,,,,,,1.0
InputActivityRatio,B_Opt_IndiaCostsFuel,GLOBAL,TRNINDEAINDNE,ELCINDEA03,,1,2039,,,,,,1.0
InputActivityRatio,B_Opt_IndiaCostsFuel,GLOBAL,TRNINDEAINDNE,ELCINDEA03,,1,2040,,,,,,1.0
InputActivityRatio,B_Opt_IndiaCostsFuel,GLOBAL,TRNINDEAINDNE,ELCINDEA03,,1,2041,,,,,,1.0
InputActivityRatio,B_Opt_IndiaCostsFuel,GLOBAL,TRNINDEAINDNE,ELCINDEA03,,1,2042,,,,,,1.0
InputActivityRatio,B_Opt_IndiaCostsFuel,GLOBAL,TRNINDEAINDNE,ELCINDEA03,,1,2043,,,,,,1.0
InputActivityRatio,B_Opt_IndiaCostsFuel,GLOBAL,TRNINDEAINDNE,ELCINDEA03,,1,2044,,,,,,1.0
InputActivityRatio,B_Opt_IndiaCostsFuel,GLOBAL,TRNINDEAINDNE,ELCINDEA03,,1,2045,,,,,,1.0
InputActivityRatio,B_Opt_IndiaCostsFuel,GLOBAL,TRNINDEAINDNE,ELCINDEA03,,1,2046,,,,,,1.0
InputActivityRatio,B_Opt_IndiaCostsFuel,GLOBAL,TRNINDEAINDNE,ELCINDEA03,,1,2047,,,,,,1.0
InputActivityRatio,B_Opt_IndiaCostsFuel,GLOBAL,TRNINDEAINDNE,ELCINDEA03,,1,2048,,,,,,1.0
InputActivityRatio,B_Opt_IndiaCostsFuel,GLOBAL,TRNINDEAINDNE,ELCINDEA03,,1,2049,,,,,,1.0
InputActivityRatio,B_Opt_IndiaCostsFuel,GLOBAL,TRNINDEAINDNE,ELCINDEA03,,1,2050,,,,,,1.0
InputActivityRatio,B_Opt_IndiaCostsFuel,GLOBAL,TRNINDEAINDNE,ELCINDNE03,,2,2023,,,,,,1.0
InputActivityRatio,B_Opt_IndiaCostsFuel,GLOBAL,TRNINDEAINDNE,ELCINDNE03,,2,2024,,,,,,1.0
InputActivityRatio,B_Opt_IndiaCostsFuel,GLOBAL,TRNINDEAINDNE,ELCINDNE03,,2,2025,,,,,,1.0
InputActivityRatio,B_Opt_IndiaCostsFuel,GLOBAL,TRNINDEAINDNE,ELCINDNE03,,2,2026,,,,,,1.0
InputActivityRatio,B_Opt_IndiaCostsFuel,GLOBAL,TRNINDEAINDNE,ELCINDNE03,,2,2027,,,,,,1.0
InputActivityRatio,B_Opt_IndiaCostsFuel,GLOBAL,TRNINDEAINDNE,ELCINDNE03,,2,2028,,,,,,1.0
InputActivityRatio,B_Opt_IndiaCostsFuel,GLOBAL,TRNINDEAINDNE,ELCINDNE03,,2,2029,,,,,,1.0
InputActivityRatio,B_Opt_IndiaCostsFuel,GLOBAL,TRNINDEAINDNE,ELCINDNE03,,2,2030,,,,,,1.0
InputActivityRatio,B_Opt_IndiaCostsFuel,GLOBAL,TRNINDEAINDNE,ELCINDNE03,,2,2031,,,,,,1.0
InputActivityRatio,B_Opt_IndiaCostsFuel,GLOBAL,TRNINDEAINDNE,ELCINDNE03,,2,2032,,,,,,1.0
InputActivityRatio,B_Opt_IndiaCostsFuel,GLOBAL,TRNINDEAINDNE,ELCINDNE03,,2,2033,,,,,,1.0
InputActivityRatio,B_Opt_IndiaCostsFuel,GLOBAL,TRNINDEAINDNE,ELCINDNE03,,2,2034,,,,,,1.0
InputActivityRatio,B_Opt_IndiaCostsFuel,GLOBAL,TRNINDEAINDNE,ELCINDNE03,,2,2035,,,,,,1.0
InputActivityRatio,B_Opt_IndiaCostsFuel,GLOBAL,TRNINDEAINDNE,ELCINDNE03,,2,2036,,,,,,1.0
InputActivityRatio,B_Opt_IndiaCostsFuel,GLOBAL,TRNINDEAINDNE,ELCINDNE03,,2,2037,,,,,,1.0
InputActivityRatio,B_Opt_IndiaCostsFuel,GLOBAL,TRNINDEAINDNE,ELCINDNE03,,2,2038,,,,,,1.0
InputActivityRatio,B_Opt_IndiaCostsFuel,GLOBAL,TRNINDEAINDNE,ELCINDNE03,,2,2039,,,,,,1.0
InputActivityRatio,B_Opt_IndiaCostsFuel,GLOBAL,TRNINDEAINDNE,ELCINDNE03,,2,2040,,,,,,1.0
InputActivityRatio,B_Opt_IndiaCostsFuel,GLOBAL,TRNINDEAINDNE,ELCINDNE03,,2,2041,,,,,,1.0
InputActivityRatio,B_Opt_IndiaCostsFuel,GLOBAL,TRNINDEAINDNE,ELCINDNE03,,2,2042,,,,,,1.0
InputActivityRatio,B_Opt_IndiaCostsFuel,GLOBAL,TRNINDEAINDNE,ELCINDNE03,,2,2043,,,,,,1.0
InputActivityRatio,B_Opt_IndiaCostsFuel,GLOBAL,TRNINDEAINDNE,ELCINDNE03,,2,2044,,,,,,1.0
InputActivityRatio,B_Opt_IndiaCostsFuel,GLOBAL,TRNINDEAINDNE,ELCINDNE03,,2,2045,,,,,,1.0
InputActivityRatio,B_Opt_IndiaCostsFuel,GLOBAL,TRNINDEAINDNE,ELCINDNE03,,2,2046,,,,,,1.0
InputActivityRatio,B_Opt_IndiaCostsFuel,GLOBAL,TRNINDEAINDNE,ELCINDNE03,,2,2047,,,,,,1.0
InputActivityRatio,B_Opt_IndiaCostsFuel,GLOBAL,TRNINDEAINDNE,ELCINDNE03,,2,2048,,,,,,1.0
InputActivityRatio,B_Opt_IndiaCostsFuel,GLOBAL,TRNINDEAINDNE,ELCINDNE03,,2,2049,,,,,,1.0
InputActivityRatio,B_Opt_IndiaCostsFuel,GLOBAL,TRNINDEAINDNE,ELCINDNE03,,2,2050,,,,,,1.0
InputActivityRatio,B_Opt_IndiaCostsFuel,GLOBAL,TRNINDEAINDNO,ELCINDEA03,,1,2023,,,,,,1.0
InputActivityRatio,B_Opt_IndiaCostsFuel,GLOBAL,TRNINDEAINDNO,ELCINDEA03,,1,2024,,,,,,1.0
InputActivityRatio,B_Opt_IndiaCostsFuel,GLOBAL,TRNINDEAINDNO,ELCINDEA03,,1,2025,,,,,,1.0
InputActivityRatio,B_Opt_IndiaCostsFuel,GLOBAL,TRNINDEAINDNO,ELCINDEA03,,1,2026,,,,,,1.0
InputActivityRatio,B_Opt_IndiaCostsFuel,GLOBAL,TRNINDEAINDNO,ELCINDEA03,,1,2027,,,,,,1.0
InputActivityRatio,B_Opt_IndiaCostsFuel,GLOBAL,TRNINDEAINDNO,ELCINDEA03,,1,2028,,,,,,1.0
InputActivityRatio,B_Opt_IndiaCostsFuel,GLOBAL,TRNINDEAINDNO,ELCINDEA03,,1,2029,,,,,,1.0
InputActivityRatio,B_Opt_IndiaCostsFuel,GLOBAL,TRNINDEAINDNO,ELCINDEA03,,1,2030,,,,,,1.0
InputActivityRatio,B_Opt_IndiaCostsFuel,GLOBAL,TRNINDEAINDNO,ELCINDEA03,,1,2031,,,,,,1.0
InputActivityRatio,B_Opt_IndiaCostsFuel,GLOBAL,TRNINDEAINDNO,ELCINDEA03,,1,2032,,,,,,1.0
InputActivityRatio,B_Opt_IndiaCostsFuel,GLOBAL,TRNINDEAINDNO,ELCINDEA03,,1,2033,,,,,,1.0
InputActivityRatio,B_Opt_IndiaCostsFuel,GLOBAL,TRNINDEAINDNO,ELCINDEA03,,1,2034,,,,,,1.0
InputActivityRatio,B_Opt_IndiaCostsFuel,GLOBAL,TRNINDEAINDNO,ELCINDEA03,,1,2035,,,,,,1.0
InputActivityRatio,B_Opt_IndiaCostsFuel,GLOBAL,TRNINDEAINDNO,ELCINDEA03,,1,2036,,,,,,1.0
InputActivityRatio,B_Opt_IndiaCostsFuel,GLOBAL,TRNINDEAINDNO,ELCINDEA03,,1,2037,,,,,,1.0
InputActivityRatio,B_Opt_IndiaCostsFuel,GLOBAL,TRNINDEAINDNO,ELCINDEA03,,1,2038,,,,,,1.0
InputActivityRatio,B_Opt_IndiaCostsFuel,GLOBAL,TRNINDEAINDNO,ELCINDEA03,,1,2039,,,,,,1.0
InputActivityRatio,B_Opt_IndiaCostsFuel,GLOBAL,TRNINDEAINDNO,ELCINDEA03,,1,2040,,,,,,1.0
InputActivityRatio,B_Opt_IndiaCostsFuel,GLOBAL,TRNINDEAINDNO,ELCINDEA03,,1,2041,,,,,,1.0
InputActivityRatio,B_Opt_IndiaCostsFuel,GLOBAL,TRNINDEAINDNO,ELCINDEA03,,1,2042,,,,,,1.0
InputActivityRatio,B_Opt_IndiaCostsFuel,GLOBAL,TRNINDEAINDNO,ELCINDEA03,,1,2043,,,,,,1.0
InputActivityRatio,B_Opt_IndiaCostsFuel,GLOBAL,TRNINDEAINDNO,ELCINDEA03,,1,2044,,,,,,1.0
InputActivityRatio,B_Opt_IndiaCostsFuel,GLOBAL,TRNINDEAINDNO,ELCINDEA03,,1,2045,,,,,,1.0
InputActivityRatio,B_Opt_IndiaCostsFuel,GLOBAL,TRNINDEAINDNO,ELCINDEA03,,1,2046,,,,,,1.0
InputActivityRatio,B_Opt_IndiaCostsFuel,GLOBAL,TRNINDEAINDNO,ELCINDEA03,,1,2047,,,,,,1.0
InputActivityRatio,B_Opt_IndiaCostsFuel,GLOBAL,TRNINDEAINDNO,ELCINDEA03,,1,2048,,,,,,1.0
InputActivityRatio,B_Opt_IndiaCostsFuel,GLOBAL,TRNINDEAINDNO,ELCINDEA03,,1,2049,,,,,,1.0
InputActivityRatio,B_Opt_IndiaCostsFuel,GLOBAL,TRNINDEAINDNO,ELCINDEA03,,1,2050,,,,,,1.0
InputActivityRatio,B_Opt_IndiaCostsFuel,GLOBAL,TRNINDEAINDNO,ELCINDNO03,,2,2023,,,,,,1.0
InputActivityRatio,B_Opt_IndiaCostsFuel,GLOBAL,TRNINDEAINDNO,ELCINDNO03,,2,2024,,,,,,1.0
InputActivityRatio,B_Opt_IndiaCostsFuel,GLOBAL,TRNINDEAINDNO,ELCINDNO03,,2,2025,,,,,,1.0
InputActivityRatio,B_Opt_IndiaCostsFuel,GLOBAL,TRNINDEAINDNO,ELCINDNO03,,2,2026,,,,,,1.0
InputActivityRatio,B_Opt_IndiaCostsFuel,GLOBAL,TRNINDEAINDNO,ELCINDNO03,,2,2027,,,,,,1.0
InputActivityRatio,B_Opt_IndiaCostsFuel,GLOBAL,TRNINDEAINDNO,ELCINDNO03,,2,2028,,,,,,1.0
InputActivityRatio,B_Opt_IndiaCostsFuel,GLOBAL,TRNINDEAINDNO,ELCINDNO03,,2,2029,,,,,,1.0
InputActivityRatio,B_Opt_IndiaCostsFuel,GLOBAL,TRNINDEAINDNO,ELCINDNO03,,2,2030,,,,,,1.0
InputActivityRatio,B_Opt_IndiaCostsFuel,GLOBAL,TRNINDEAINDNO,ELCINDNO03,,2,2031,,,,,,1.0
InputActivityRatio,B_Opt_IndiaCostsFuel,GLOBAL,TRNINDEAINDNO,ELCINDNO03,,2,2032,,,,,,1.0
InputActivityRatio,B_Opt_IndiaCostsFuel,GLOBAL,TRNINDEAINDNO,ELCINDNO03,,2,2033,,,,,,1.0
InputActivityRatio,B_Opt_IndiaCostsFuel,GLOBAL,TRNINDEAINDNO,ELCINDNO03,,2,2034,,,,,,1.0
InputActivityRatio,B_Opt_IndiaCostsFuel,GLOBAL,TRNINDEAINDNO,ELCINDNO03,,2,2035,,,,,,1.0
InputActivityRatio,B_Opt_IndiaCostsFuel,GLOBAL,TRNINDEAINDNO,ELCINDNO03,,2,2036,,,,,,1.0
InputActivityRatio,B_Opt_IndiaCostsFuel,GLOBAL,TRNINDEAINDNO,ELCINDNO03,,2,2037,,,,,,1.0
InputActivityRatio,B_Opt_IndiaCostsFuel,GLOBAL,TRNINDEAINDNO,ELCINDNO03,,2,2038,,,,,,1.0
InputActivityRatio,B_Opt_IndiaCostsFuel,GLOBAL,TRNINDEAINDNO,ELCINDNO03,,2,2039,,,,,,1.0
InputActivityRatio,B_Opt_IndiaCostsFuel,GLOBAL,TRNINDEAINDNO,ELCINDNO03,,2,2040,,,,,,1.0
InputActivityRatio,B_Opt_IndiaCostsFuel,GLOBAL,TRNINDEAINDNO,ELCINDNO03,,2,2041,,,,,,1.0
InputActivityRatio,B_Opt_IndiaCostsFuel,GLOBAL,TRNINDEAINDNO,ELCINDNO03,,2,2042,,,,,,1.0
InputActivityRatio,B_Opt_IndiaCostsFuel,GLOBAL,TRNINDEAINDNO,ELCINDNO03,,2,2043,,,,,,1.0
InputActivityRatio,B_Opt_IndiaCostsFuel,GLOBAL,TRNINDEAINDNO,ELCINDNO03,,2,2044,,,,,,1.0
InputActivityRatio,B_Opt_IndiaCostsFuel,GLOBAL,TRNINDEAINDNO,ELCINDNO03,,2,2045,,,,,,1.0
InputActivityRatio,B_Opt_IndiaCostsFuel,GLOBAL,TRNINDEAINDNO,ELCINDNO03,,2,2046,,,,,,1.0
InputActivityRatio,B_Opt_IndiaCostsFuel,GLOBAL,TRNINDEAINDNO,ELCINDNO03,,2,2047,,,,,,1.0
InputActivityRatio,B_Opt_IndiaCostsFuel,GLOBAL,TRNINDEAINDNO,ELCINDNO03,,2,2048,,,,,,1.0
InputActivityRatio,B_Opt_IndiaCostsFuel,GLOBAL,TRNINDEAINDNO,ELCINDNO03,,2,2049,,,,,,1.0
InputActivityRatio,B_Opt_IndiaCostsFuel,GLOBAL,TRNINDEAINDNO,ELCINDNO03,,2,2050,,,,,,1.0
InputActivityRatio,B_Opt_IndiaCostsFuel,GLOBAL,TRNINDEAINDSO,ELCINDEA03,,1,2023,,,,,,1.0
InputActivityRatio,B_Opt_IndiaCostsFuel,GLOBAL,TRNINDEAINDSO,ELCINDEA03,,1,2024,,,,,,1.0
InputActivityRatio,B_Opt_IndiaCostsFuel,GLOBAL,TRNINDEAINDSO,ELCINDEA03,,1,2025,,,,,,1.0
InputActivityRatio,B_Opt_IndiaCostsFuel,GLOBAL,TRNINDEAINDSO,ELCINDEA03,,1,2026,,,,,,1.0
InputActivityRatio,B_Opt_IndiaCostsFuel,GLOBAL,TRNINDEAINDSO,ELCINDEA03,,1,2027,,,,,,1.0
InputActivityRatio,B_Opt_IndiaCostsFuel,GLOBAL,TRNINDEAINDSO,ELCINDEA03,,1,2028,,,,,,1.0
InputActivityRatio,B_Opt_IndiaCostsFuel,GLOBAL,TRNINDEAINDSO,ELCINDEA03,,1,2029,,,,,,1.0
InputActivityRatio,B_Opt_IndiaCostsFuel,GLOBAL,TRNINDEAINDSO,ELCINDEA03,,1,2030,,,,,,1.0
InputActivityRatio,B_Opt_IndiaCostsFuel,GLOBAL,TRNINDEAINDSO,ELCINDEA03,,1,2031,,,,,,1.0
InputActivityRatio,B_Opt_IndiaCostsFuel,GLOBAL,TRNINDEAINDSO,ELCINDEA03,,1,2032,,,,,,1.0
InputActivityRatio,B_Opt_IndiaCostsFuel,GLOBAL,TRNINDEAINDSO,ELCINDEA03,,1,2033,,,,,,1.0
InputActivityRatio,B_Opt_IndiaCostsFuel,GLOBAL,TRNINDEAINDSO,ELCINDEA03,,1,2034,,,,,,1.0
InputActivityRatio,B_Opt_IndiaCostsFuel,GLOBAL,TRNINDEAINDSO,ELCINDEA03,,1,2035,,,,,,1.0
InputActivityRatio,B_Opt_IndiaCostsFuel,GLOBAL,TRNINDEAINDSO,ELCINDEA03,,1,2036,,,,,,1.0
InputActivityRatio,B_Opt_IndiaCostsFuel,GLOBAL,TRNINDEAINDSO,ELCINDEA03,,1,2037,,,,,,1.0
InputActivityRatio,B_Opt_IndiaCostsFuel,GLOBAL,TRNINDEAINDSO,ELCINDEA03,,1,2038,,,,,,1.0
InputActivityRatio,B_Opt_IndiaCostsFuel,GLOBAL,TRNINDEAINDSO,ELCINDEA03,,1,2039,,,,,,1.0
InputActivityRatio,B_Opt_IndiaCostsFuel,GLOBAL,TRNINDEAINDSO,ELCINDEA03,,1,2040,,,,,,1.0
InputActivityRatio,B_Opt_IndiaCostsFuel,GLOBAL,TRNINDEAINDSO,ELCINDEA03,,1,2041,,,,,,1.0
InputActivityRatio,B_Opt_IndiaCostsFuel,GLOBAL,TRNINDEAINDSO,ELCINDEA03,,1,2042,,,,,,1.0
InputActivityRatio,B_Opt_IndiaCostsFuel,GLOBAL,TRNINDEAINDSO,ELCINDEA03,,1,2043,,,,,,1.0
InputActivityRatio,B_Opt_IndiaCostsFuel,GLOBAL,TRNINDEAINDSO,ELCINDEA03,,1,2044,,,,,,1.0
InputActivityRatio,B_Opt_IndiaCostsFuel,GLOBAL,TRNINDEAINDSO,ELCINDEA03,,1,2045,,,,,,1.0
InputActivityRatio,B_Opt_IndiaCostsFuel,GLOBAL,TRNINDEAINDSO,ELCINDEA03,,1,2046,,,,,,1.0
InputActivityRatio,B_Opt_IndiaCostsFuel,GLOBAL,TRNINDEAINDSO,ELCINDEA03,,1,2047,,,,,,1.0
InputActivityRatio,B_Opt_IndiaCostsFuel,GLOBAL,TRNINDEAINDSO,ELCINDEA03,,1,2048,,,,,,1.0
InputActivityRatio,B_Opt_IndiaCostsFuel,GLOBAL,TRNINDEAINDSO,ELCINDEA03,,1,2049,,,,,,1.0
InputActivityRatio,B_Opt_IndiaCostsFuel,GLOBAL,TRNINDEAINDSO,ELCINDEA03,,1,2050,,,,,,1.0
InputActivityRatio,B_Opt_IndiaCostsFuel,GLOBAL,TRNINDEAINDSO,ELCINDSO03,,2,2023,,,,,,1.0
InputActivityRatio,B_Opt_IndiaCostsFuel,GLOBAL,TRNINDEAINDSO,ELCINDSO03,,2,2024,,,,,,1.0
InputActivityRatio,B_Opt_IndiaCostsFuel,GLOBAL,TRNINDEAINDSO,ELCINDSO03,,2,2025,,,,,,1.0
InputActivityRatio,B_Opt_IndiaCostsFuel,GLOBAL,TRNINDEAINDSO,ELCINDSO03,,2,2026,,,,,,1.0
InputActivityRatio,B_Opt_IndiaCostsFuel,GLOBAL,TRNINDEAINDSO,ELCINDSO03,,2,2027,,,,,,1.0
InputActivityRatio,B_Opt_IndiaCostsFuel,GLOBAL,TRNINDEAINDSO,ELCINDSO03,,2,2028,,,,,,1.0
InputActivityRatio,B_Opt_IndiaCostsFuel,GLOBAL,TRNINDEAINDSO,ELCINDSO03,,2,2029,,,,,,1.0
InputActivityRatio,B_Opt_IndiaCostsFuel,GLOBAL,TRNINDEAINDSO,ELCINDSO03,,2,2030,,,,,,1.0
InputActivityRatio,B_Opt_IndiaCostsFuel,GLOBAL,TRNINDEAINDSO,ELCINDSO03,,2,2031,,,,,,1.0
InputActivityRatio,B_Opt_IndiaCostsFuel,GLOBAL,TRNINDEAINDSO,ELCINDSO03,,2,2032,,,,,,1.0
InputActivityRatio,B_Opt_IndiaCostsFuel,GLOBAL,TRNINDEAINDSO,ELCINDSO03,,2,2033,,,,,,1.0
InputActivityRatio,B_Opt_IndiaCostsFuel,GLOBAL,TRNINDEAINDSO,ELCINDSO03,,2,2034,,,,,,1.0
InputActivityRatio,B_Opt_IndiaCostsFuel,GLOBAL,TRNINDEAINDSO,ELCINDSO03,,2,2035,,,,,,1.0
InputActivityRatio,B_Opt_IndiaCostsFuel,GLOBAL,TRNINDEAINDSO,ELCINDSO03,,2,2036,,,,,,1.0
InputActivityRatio,B_Opt_IndiaCostsFuel,GLOBAL,TRNINDEAINDSO,ELCINDSO03,,2,2037,,,,,,1.0
InputActivityRatio,B_Opt_IndiaCostsFuel,GLOBAL,TRNINDEAINDSO,ELCINDSO03,,2,2038,,,,,,1.0
InputActivityRatio,B_Opt_IndiaCostsFuel,GLOBAL,TRNINDEAINDSO,ELCINDSO03,,2,2039,,,,,,1.0
InputActivityRatio,B_Opt_IndiaCostsFuel,GLOBAL,TRNINDEAINDSO,ELCINDSO03,,2,2040,,,,,,1.0
InputActivityRatio,B_Opt_IndiaCostsFuel,GLOBAL,TRNINDEAINDSO,ELCINDSO03,,2,2041,,,,,,1.0
InputActivityRatio,B_Opt_IndiaCostsFuel,GLOBAL,TRNINDEAINDSO,ELCINDSO03,,2,2042,,,,,,1.0
InputActivityRatio,B_Opt_IndiaCostsFuel,GLOBAL,TRNINDEAINDSO,ELCINDSO03,,2,2043,,,,,,1.0
InputActivityRatio,B_Opt_IndiaCostsFuel,GLOBAL,TRNINDEAINDSO,ELCINDSO03,,2,2044,,,,,,1.0
InputActivityRatio,B_Opt_IndiaCostsFuel,GLOBAL,TRNINDEAINDSO,ELCINDSO03,,2,2045,,,,,,1.0
InputActivityRatio,B_Opt_IndiaCostsFuel,GLOBAL,TRNINDEAINDSO,ELCINDSO03,,2,2046,,,,,,1.0
InputActivityRatio,B_Opt_IndiaCostsFuel,GLOBAL,TRNINDEAINDSO,ELCINDSO03,,2,2047,,,,,,1.0
InputActivityRatio,B_Opt_IndiaCostsFuel,GLOBAL,TRNINDEAINDSO,ELCINDSO03,,2,2048,,,,,,1.0
InputActivityRatio,B_Opt_IndiaCostsFuel,GLOBAL,TRNINDEAINDSO,ELCINDSO03,,2,2049,,,,,,1.0
InputActivityRatio,B_Opt_IndiaCostsFuel,GLOBAL,TRNINDEAINDSO,ELCINDSO03,,2,2050,,,,,,1.0
InputActivityRatio,B_Opt_IndiaCostsFuel,GLOBAL,TRNINDEAINDWE,ELCINDEA03,,1,2023,,,,,,1.0
InputActivityRatio,B_Opt_IndiaCostsFuel,GLOBAL,TRNINDEAINDWE,ELCINDEA03,,1,2024,,,,,,1.0
InputActivityRatio,B_Opt_IndiaCostsFuel,GLOBAL,TRNINDEAINDWE,ELCINDEA03,,1,2025,,,,,,1.0
InputActivityRatio,B_Opt_IndiaCostsFuel,GLOBAL,TRNINDEAINDWE,ELCINDEA03,,1,2026,,,,,,1.0
InputActivityRatio,B_Opt_IndiaCostsFuel,GLOBAL,TRNINDEAINDWE,ELCINDEA03,,1,2027,,,,,,1.0
InputActivityRatio,B_Opt_IndiaCostsFuel,GLOBAL,TRNINDEAINDWE,ELCINDEA03,,1,2028,,,,,,1.0
InputActivityRatio,B_Opt_IndiaCostsFuel,GLOBAL,TRNINDEAINDWE,ELCINDEA03,,1,2029,,,,,,1.0
InputActivityRatio,B_Opt_IndiaCostsFuel,GLOBAL,TRNINDEAINDWE,ELCINDEA03,,1,2030,,,,,,1.0
InputActivityRatio,B_Opt_IndiaCostsFuel,GLOBAL,TRNINDEAINDWE,ELCINDEA03,,1,2031,,,,,,1.0
InputActivityRatio,B_Opt_IndiaCostsFuel,GLOBAL,TRNINDEAINDWE,ELCINDEA03,,1,2032,,,,,,1.0
InputActivityRatio,B_Opt_IndiaCostsFuel,GLOBAL,TRNINDEAINDWE,ELCINDEA03,,1,2033,,,,,,1.0
InputActivityRatio,B_Opt_IndiaCostsFuel,GLOBAL,TRNINDEAINDWE,ELCINDEA03,,1,2034,,,,,,1.0
InputActivityRatio,B_Opt_IndiaCostsFuel,GLOBAL,TRNINDEAINDWE,ELCINDEA03,,1,2035,,,,,,1.0
InputActivityRatio,B_Opt_IndiaCostsFuel,GLOBAL,TRNINDEAINDWE,ELCINDEA03,,1,2036,,,,,,1.0
InputActivityRatio,B_Opt_IndiaCostsFuel,GLOBAL,TRNINDEAINDWE,ELCINDEA03,,1,2037,,,,,,1.0
InputActivityRatio,B_Opt_IndiaCostsFuel,GLOBAL,TRNINDEAINDWE,ELCINDEA03,,1,2038,,,,,,1.0
InputActivityRatio,B_Opt_IndiaCostsFuel,GLOBAL,TRNINDEAINDWE,ELCINDEA03,,1,2039,,,,,,1.0
InputActivityRatio,B_Opt_IndiaCostsFuel,GLOBAL,TRNINDEAINDWE,ELCINDEA03,,1,2040,,,,,,1.0
InputActivityRatio,B_Opt_IndiaCostsFuel,GLOBAL,TRNINDEAINDWE,ELCINDEA03,,1,2041,,,,,,1.0
InputActivityRatio,B_Opt_IndiaCostsFuel,GLOBAL,TRNINDEAINDWE,ELCINDEA03,,1,2042,,,,,,1.0
InputActivityRatio,B_Opt_IndiaCostsFuel,GLOBAL,TRNINDEAINDWE,ELCINDEA03,,1,2043,,,,,,1.0
InputActivityRatio,B_Opt_IndiaCostsFuel,GLOBAL,TRNINDEAINDWE,ELCINDEA03,,1,2044,,,,,,1.0
InputActivityRatio,B_Opt_IndiaCostsFuel,GLOBAL,TRNINDEAINDWE,ELCINDEA03,,1,2045,,,,,,1.0
InputActivityRatio,B_Opt_IndiaCostsFuel,GLOBAL,TRNINDEAINDWE,ELCINDEA03,,1,2046,,,,,,1.0
InputActivityRatio,B_Opt_IndiaCostsFuel,GLOBAL,TRNINDEAINDWE,ELCINDEA03,,1,2047,,,,,,1.0
InputActivityRatio,B_Opt_IndiaCostsFuel,GLOBAL,TRNINDEAINDWE,ELCINDEA03,,1,2048,,,,,,1.0
InputActivityRatio,B_Opt_IndiaCostsFuel,GLOBAL,TRNINDEAINDWE,ELCINDEA03,,1,2049,,,,,,1.0
InputActivityRatio,B_Opt_IndiaCostsFuel,GLOBAL,TRNINDEAINDWE,ELCINDEA03,,1,2050,,,,,,1.0
InputActivityRatio,B_Opt_IndiaCostsFuel,GLOBAL,TRNINDEAINDWE,ELCINDWE03,,2,2023,,,,,,1.0
InputActivityRatio,B_Opt_IndiaCostsFuel,GLOBAL,TRNINDEAINDWE,ELCINDWE03,,2,2024,,,,,,1.0
InputActivityRatio,B_Opt_IndiaCostsFuel,GLOBAL,TRNINDEAINDWE,ELCINDWE03,,2,2025,,,,,,1.0
InputActivityRatio,B_Opt_IndiaCostsFuel,GLOBAL,TRNINDEAINDWE,ELCINDWE03,,2,2026,,,,,,1.0
InputActivityRatio,B_Opt_IndiaCostsFuel,GLOBAL,TRNINDEAINDWE,ELCINDWE03,,2,2027,,,,,,1.0
InputActivityRatio,B_Opt_IndiaCostsFuel,GLOBAL,TRNINDEAINDWE,ELCINDWE03,,2,2028,,,,,,1.0
InputActivityRatio,B_Opt_IndiaCostsFuel,GLOBAL,TRNINDEAINDWE,ELCINDWE03,,2,2029,,,,,,1.0
InputActivityRatio,B_Opt_IndiaCostsFuel,GLOBAL,TRNINDEAINDWE,ELCINDWE03,,2,2030,,,,,,1.0
InputActivityRatio,B_Opt_IndiaCostsFuel,GLOBAL,TRNINDEAINDWE,ELCINDWE03,,2,2031,,,,,,1.0
InputActivityRatio,B_Opt_IndiaCostsFuel,GLOBAL,TRNINDEAINDWE,ELCINDWE03,,2,2032,,,,,,1.0
InputActivityRatio,B_Opt_IndiaCostsFuel,GLOBAL,TRNINDEAINDWE,ELCINDWE03,,2,2033,,,,,,1.0
InputActivityRatio,B_Opt_IndiaCostsFuel,GLOBAL,TRNINDEAINDWE,ELCINDWE03,,2,2034,,,,,,1.0
InputActivityRatio,B_Opt_IndiaCostsFuel,GLOBAL,TRNINDEAINDWE,ELCINDWE03,,2,2035,,,,,,1.0
InputActivityRatio,B_Opt_IndiaCostsFuel,GLOBAL,TRNINDEAINDWE,ELCINDWE03,,2,2036,,,,,,1.0
InputActivityRatio,B_Opt_IndiaCostsFuel,GLOBAL,TRNINDEAINDWE,ELCINDWE03,,2,2037,,,,,,1.0
InputActivityRatio,B_Opt_IndiaCostsFuel,GLOBAL,TRNINDEAINDWE,ELCINDWE03,,2,2038,,,,,,1.0
InputActivityRatio,B_Opt_IndiaCostsFuel,GLOBAL,TRNINDEAINDWE,ELCINDWE03,,2,2039,,,,,,1.0
InputActivityRatio,B_Opt_IndiaCostsFuel,GLOBAL,TRNINDEAINDWE,ELCINDWE03,,2,2040,,,,,,1.0
InputActivityRatio,B_Opt_IndiaCostsFuel,GLOBAL,TRNINDEAINDWE,ELCINDWE03,,2,2041,,,,,,1.0
InputActivityRatio,B_Opt_IndiaCostsFuel,GLOBAL,TRNINDEAINDWE,ELCINDWE03,,2,2042,,,,,,1.0
InputActivityRatio,B_Opt_IndiaCostsFuel,GLOBAL,TRNINDEAINDWE,ELCINDWE03,,2,2043,,,,,,1.0
InputActivityRatio,B_Opt_IndiaCostsFuel,GLOBAL,TRNINDEAINDWE,ELCINDWE03,,2,2044,,,,,,1.0
InputActivityRatio,B_Opt_IndiaCostsFuel,GLOBAL,TRNINDEAINDWE,ELCINDWE03,,2,2045,,,,,,1.0
InputActivityRatio,B_Opt_IndiaCostsFuel,GLOBAL,TRNINDEAINDWE,ELCINDWE03,,2,2046,,,,,,1.0
InputActivityRatio,B_Opt_IndiaCostsFuel,GLOBAL,TRNINDEAINDWE,ELCINDWE03,,2,2047,,,,,,1.0
InputActivityRatio,B_Opt_IndiaCostsFuel,GLOBAL,TRNINDEAINDWE,ELCINDWE03,,2,2048,,,,,,1.0
InputActivityRatio,B_Opt_IndiaCostsFuel,GLOBAL,TRNINDEAINDWE,ELCINDWE03,,2,2049,,,,,,1.0
InputActivityRatio,B_Opt_IndiaCostsFuel,GLOBAL,TRNINDEAINDWE,ELCINDWE03,,2,2050,,,,,,1.0
InputActivityRatio,B_Opt_IndiaCostsFuel,GLOBAL,TRNINDEANPLXX,ELCINDEA03,,1,2023,,,,,,1.0
InputActivityRatio,B_Opt_IndiaCostsFuel,GLOBAL,TRNINDEANPLXX,ELCINDEA03,,1,2024,,,,,,1.0
InputActivityRatio,B_Opt_IndiaCostsFuel,GLOBAL,TRNINDEANPLXX,ELCINDEA03,,1,2025,,,,,,1.0
InputActivityRatio,B_Opt_IndiaCostsFuel,GLOBAL,TRNINDEANPLXX,ELCINDEA03,,1,2026,,,,,,1.0
InputActivityRatio,B_Opt_IndiaCostsFuel,GLOBAL,TRNINDEANPLXX,ELCINDEA03,,1,2027,,,,,,1.0
InputActivityRatio,B_Opt_IndiaCostsFuel,GLOBAL,TRNINDEANPLXX,ELCINDEA03,,1,2028,,,,,,1.0
InputActivityRatio,B_Opt_IndiaCostsFuel,GLOBAL,TRNINDEANPLXX,ELCINDEA03,,1,2029,,,,,,1.0
InputActivityRatio,B_Opt_IndiaCostsFuel,GLOBAL,TRNINDEANPLXX,ELCINDEA03,,1,2030,,,,,,1.0
InputActivityRatio,B_Opt_IndiaCostsFuel,GLOBAL,TRNINDEANPLXX,ELCINDEA03,,1,2031,,,,,,1.0
InputActivityRatio,B_Opt_IndiaCostsFuel,GLOBAL,TRNINDEANPLXX,ELCINDEA03,,1,2032,,,,,,1.0
InputActivityRatio,B_Opt_IndiaCostsFuel,GLOBAL,TRNINDEANPLXX,ELCINDEA03,,1,2033,,,,,,1.0
InputActivityRatio,B_Opt_IndiaCostsFuel,GLOBAL,TRNINDEANPLXX,ELCINDEA03,,1,2034,,,,,,1.0
InputActivityRatio,B_Opt_IndiaCostsFuel,GLOBAL,TRNINDEANPLXX,ELCINDEA03,,1,2035,,,,,,1.0
InputActivityRatio,B_Opt_IndiaCostsFuel,GLOBAL,TRNINDEANPLXX,ELCINDEA03,,1,2036,,,,,,1.0
InputActivityRatio,B_Opt_IndiaCostsFuel,GLOBAL,TRNINDEANPLXX,ELCINDEA03,,1,2037,,,,,,1.0
InputActivityRatio,B_Opt_IndiaCostsFuel,GLOBAL,TRNINDEANPLXX,ELCINDEA03,,1,2038,,,,,,1.0
InputActivityRatio,B_Opt_IndiaCostsFuel,GLOBAL,TRNINDEANPLXX,ELCINDEA03,,1,2039,,,,,,1.0
InputActivityRatio,B_Opt_IndiaCostsFuel,GLOBAL,TRNINDEANPLXX,ELCINDEA03,,1,2040,,,,,,1.0
InputActivityRatio,B_Opt_IndiaCostsFuel,GLOBAL,TRNINDEANPLXX,ELCINDEA03,,1,2041,,,,,,1.0
InputActivityRatio,B_Opt_IndiaCostsFuel,GLOBAL,TRNINDEANPLXX,ELCINDEA03,,1,2042,,,,,,1.0
InputActivityRatio,B_Opt_IndiaCostsFuel,GLOBAL,TRNINDEANPLXX,ELCINDEA03,,1,2043,,,,,,1.0
InputActivityRatio,B_Opt_IndiaCostsFuel,GLOBAL,TRNINDEANPLXX,ELCINDEA03,,1,2044,,,,,,1.0
InputActivityRatio,B_Opt_IndiaCostsFuel,GLOBAL,TRNINDEANPLXX,ELCINDEA03,,1,2045,,,,,,1.0
InputActivityRatio,B_Opt_IndiaCostsFuel,GLOBAL,TRNINDEANPLXX,ELCINDEA03,,1,2046,,,,,,1.0
InputActivityRatio,B_Opt_IndiaCostsFuel,GLOBAL,TRNINDEANPLXX,ELCINDEA03,,1,2047,,,,,,1.0
InputActivityRatio,B_Opt_IndiaCostsFuel,GLOBAL,TRNINDEANPLXX,ELCINDEA03,,1,2048,,,,,,1.0
InputActivityRatio,B_Opt_IndiaCostsFuel,GLOBAL,TRNINDEANPLXX,ELCINDEA03,,1,2049,,,,,,1.0
InputActivityRatio,B_Opt_IndiaCostsFuel,GLOBAL,TRNINDEANPLXX,ELCINDEA03,,1,2050,,,,,,1.0
InputActivityRatio,B_Opt_IndiaCostsFuel,GLOBAL,TRNINDEANPLXX,ELCNPLXX03,,2,2023,,,,,,1.0
InputActivityRatio,B_Opt_IndiaCostsFuel,GLOBAL,TRNINDEANPLXX,ELCNPLXX03,,2,2024,,,,,,1.0
InputActivityRatio,B_Opt_IndiaCostsFuel,GLOBAL,TRNINDEANPLXX,ELCNPLXX03,,2,2025,,,,,,1.0
InputActivityRatio,B_Opt_IndiaCostsFuel,GLOBAL,TRNINDEANPLXX,ELCNPLXX03,,2,2026,,,,,,1.0
InputActivityRatio,B_Opt_IndiaCostsFuel,GLOBAL,TRNINDEANPLXX,ELCNPLXX03,,2,2027,,,,,,1.0
InputActivityRatio,B_Opt_IndiaCostsFuel,GLOBAL,TRNINDEANPLXX,ELCNPLXX03,,2,2028,,,,,,1.0
InputActivityRatio,B_Opt_IndiaCostsFuel,GLOBAL,TRNINDEANPLXX,ELCNPLXX03,,2,2029,,,,,,1.0
InputActivityRatio,B_Opt_IndiaCostsFuel,GLOBAL,TRNINDEANPLXX,ELCNPLXX03,,2,2030,,,,,,1.0
InputActivityRatio,B_Opt_IndiaCostsFuel,GLOBAL,TRNINDEANPLXX,ELCNPLXX03,,2,2031,,,,,,1.0
InputActivityRatio,B_Opt_IndiaCostsFuel,GLOBAL,TRNINDEANPLXX,ELCNPLXX03,,2,2032,,,,,,1.0
InputActivityRatio,B_Opt_IndiaCostsFuel,GLOBAL,TRNINDEANPLXX,ELCNPLXX03,,2,2033,,,,,,1.0
InputActivityRatio,B_Opt_IndiaCostsFuel,GLOBAL,TRNINDEANPLXX,ELCNPLXX03,,2,2034,,,,,,1.0
InputActivityRatio,B_Opt_IndiaCostsFuel,GLOBAL,TRNINDEANPLXX,ELCNPLXX03,,2,2035,,,,,,1.0
InputActivityRatio,B_Opt_IndiaCostsFuel,GLOBAL,TRNINDEANPLXX,ELCNPLXX03,,2,2036,,,,,,1.0
InputActivityRatio,B_Opt_IndiaCostsFuel,GLOBAL,TRNINDEANPLXX,ELCNPLXX03,,2,2037,,,,,,1.0
InputActivityRatio,B_Opt_IndiaCostsFuel,GLOBAL,TRNINDEANPLXX,ELCNPLXX03,,2,2038,,,,,,1.0
InputActivityRatio,B_Opt_IndiaCostsFuel,GLOBAL,TRNINDEANPLXX,ELCNPLXX03,,2,2039,,,,,,1.0
InputActivityRatio,B_Opt_IndiaCostsFuel,GLOBAL,TRNINDEANPLXX,ELCNPLXX03,,2,2040,,,,,,1.0
InputActivityRatio,B_Opt_IndiaCostsFuel,GLOBAL,TRNINDEANPLXX,ELCNPLXX03,,2,2041,,,,,,1.0
InputActivityRatio,B_Opt_IndiaCostsFuel,GLOBAL,TRNINDEANPLXX,ELCNPLXX03,,2,2042,,,,,,1.0
InputActivityRatio,B_Opt_IndiaCostsFuel,GLOBAL,TRNINDEANPLXX,ELCNPLXX03,,2,2043,,,,,,1.0
InputActivityRatio,B_Opt_IndiaCostsFuel,GLOBAL,TRNINDEANPLXX,ELCNPLXX03,,2,2044,,,,,,1.0
InputActivityRatio,B_Opt_IndiaCostsFuel,GLOBAL,TRNINDEANPLXX,ELCNPLXX03,,2,2045,,,,,,1.0
InputActivityRatio,B_Opt_IndiaCostsFuel,GLOBAL,TRNINDEANPLXX,ELCNPLXX03,,2,2046,,,,,,1.0
InputActivityRatio,B_Opt_IndiaCostsFuel,GLOBAL,TRNINDEANPLXX,ELCNPLXX03,,2,2047,,,,,,1.0
InputActivityRatio,B_Opt_IndiaCostsFuel,GLOBAL,TRNINDEANPLXX,ELCNPLXX03,,2,2048,,,,,,1.0
InputActivityRatio,B_Opt_IndiaCostsFuel,GLOBAL,TRNINDEANPLXX,ELCNPLXX03,,2,2049,,,,,,1.0
InputActivityRatio,B_Opt_IndiaCostsFuel,GLOBAL,TRNINDEANPLXX,ELCNPLXX03,,2,2050,,,,,,1.0
InputActivityRatio,B_Opt_IndiaCostsFuel,GLOBAL,TRNINDNEINDNO,ELCINDNE03,,1,2023,,,,,,1.0
InputActivityRatio,B_Opt_IndiaCostsFuel,GLOBAL,TRNINDNEINDNO,ELCINDNE03,,1,2024,,,,,,1.0
InputActivityRatio,B_Opt_IndiaCostsFuel,GLOBAL,TRNINDNEINDNO,ELCINDNE03,,1,2025,,,,,,1.0
InputActivityRatio,B_Opt_IndiaCostsFuel,GLOBAL,TRNINDNEINDNO,ELCINDNE03,,1,2026,,,,,,1.0
InputActivityRatio,B_Opt_IndiaCostsFuel,GLOBAL,TRNINDNEINDNO,ELCINDNE03,,1,2027,,,,,,1.0
InputActivityRatio,B_Opt_IndiaCostsFuel,GLOBAL,TRNINDNEINDNO,ELCINDNE03,,1,2028,,,,,,1.0
InputActivityRatio,B_Opt_IndiaCostsFuel,GLOBAL,TRNINDNEINDNO,ELCINDNE03,,1,2029,,,,,,1.0
InputActivityRatio,B_Opt_IndiaCostsFuel,GLOBAL,TRNINDNEINDNO,ELCINDNE03,,1,2030,,,,,,1.0
InputActivityRatio,B_Opt_IndiaCostsFuel,GLOBAL,TRNINDNEINDNO,ELCINDNE03,,1,2031,,,,,,1.0
InputActivityRatio,B_Opt_IndiaCostsFuel,GLOBAL,TRNINDNEINDNO,ELCINDNE03,,1,2032,,,,,,1.0
InputActivityRatio,B_Opt_IndiaCostsFuel,GLOBAL,TRNINDNEINDNO,ELCINDNE03,,1,2033,,,,,,1.0
InputActivityRatio,B_Opt_IndiaCostsFuel,GLOBAL,TRNINDNEINDNO,ELCINDNE03,,1,2034,,,,,,1.0
InputActivityRatio,B_Opt_IndiaCostsFuel,GLOBAL,TRNINDNEINDNO,ELCINDNE03,,1,2035,,,,,,1.0
InputActivityRatio,B_Opt_IndiaCostsFuel,GLOBAL,TRNINDNEINDNO,ELCINDNE03,,1,2036,,,,,,1.0
InputActivityRatio,B_Opt_IndiaCostsFuel,GLOBAL,TRNINDNEINDNO,ELCINDNE03,,1,2037,,,,,,1.0
InputActivityRatio,B_Opt_IndiaCostsFuel,GLOBAL,TRNINDNEINDNO,ELCINDNE03,,1,2038,,,,,,1.0
InputActivityRatio,B_Opt_IndiaCostsFuel,GLOBAL,TRNINDNEINDNO,ELCINDNE03,,1,2039,,,,,,1.0
InputActivityRatio,B_Opt_IndiaCostsFuel,GLOBAL,TRNINDNEINDNO,ELCINDNE03,,1,2040,,,,,,1.0
InputActivityRatio,B_Opt_IndiaCostsFuel,GLOBAL,TRNINDNEINDNO,ELCINDNE03,,1,2041,,,,,,1.0
InputActivityRatio,B_Opt_IndiaCostsFuel,GLOBAL,TRNINDNEINDNO,ELCINDNE03,,1,2042,,,,,,1.0
InputActivityRatio,B_Opt_IndiaCostsFuel,GLOBAL,TRNINDNEINDNO,ELCINDNE03,,1,2043,,,,,,1.0
InputActivityRatio,B_Opt_IndiaCostsFuel,GLOBAL,TRNINDNEINDNO,ELCINDNE03,,1,2044,,,,,,1.0
InputActivityRatio,B_Opt_IndiaCostsFuel,GLOBAL,TRNINDNEINDNO,ELCINDNE03,,1,2045,,,,,,1.0
InputActivityRatio,B_Opt_IndiaCostsFuel,GLOBAL,TRNINDNEINDNO,ELCINDNE03,,1,2046,,,,,,1.0
InputActivityRatio,B_Opt_IndiaCostsFuel,GLOBAL,TRNINDNEINDNO,ELCINDNE03,,1,2047,,,,,,1.0
InputActivityRatio,B_Opt_IndiaCostsFuel,GLOBAL,TRNINDNEINDNO,ELCINDNE03,,1,2048,,,,,,1.0
InputActivityRatio,B_Opt_IndiaCostsFuel,GLOBAL,TRNINDNEINDNO,ELCINDNE03,,1,2049,,,,,,1.0
InputActivityRatio,B_Opt_IndiaCostsFuel,GLOBAL,TRNINDNEINDNO,ELCINDNE03,,1,2050,,,,,,1.0
InputActivityRatio,B_Opt_IndiaCostsFuel,GLOBAL,TRNINDNEINDNO,ELCINDNO03,,2,2023,,,,,,1.0
InputActivityRatio,B_Opt_IndiaCostsFuel,GLOBAL,TRNINDNEINDNO,ELCINDNO03,,2,2024,,,,,,1.0
InputActivityRatio,B_Opt_IndiaCostsFuel,GLOBAL,TRNINDNEINDNO,ELCINDNO03,,2,2025,,,,,,1.0
InputActivityRatio,B_Opt_IndiaCostsFuel,GLOBAL,TRNINDNEINDNO,ELCINDNO03,,2,2026,,,,,,1.0
InputActivityRatio,B_Opt_IndiaCostsFuel,GLOBAL,TRNINDNEINDNO,ELCINDNO03,,2,2027,,,,,,1.0
InputActivityRatio,B_Opt_IndiaCostsFuel,GLOBAL,TRNINDNEINDNO,ELCINDNO03,,2,2028,,,,,,1.0
InputActivityRatio,B_Opt_IndiaCostsFuel,GLOBAL,TRNINDNEINDNO,ELCINDNO03,,2,2029,,,,,,1.0
InputActivityRatio,B_Opt_IndiaCostsFuel,GLOBAL,TRNINDNEINDNO,ELCINDNO03,,2,2030,,,,,,1.0
InputActivityRatio,B_Opt_IndiaCostsFuel,GLOBAL,TRNINDNEINDNO,ELCINDNO03,,2,2031,,,,,,1.0
InputActivityRatio,B_Opt_IndiaCostsFuel,GLOBAL,TRNINDNEINDNO,ELCINDNO03,,2,2032,,,,,,1.0
InputActivityRatio,B_Opt_IndiaCostsFuel,GLOBAL,TRNINDNEINDNO,ELCINDNO03,,2,2033,,,,,,1.0
InputActivityRatio,B_Opt_IndiaCostsFuel,GLOBAL,TRNINDNEINDNO,ELCINDNO03,,2,2034,,,,,,1.0
InputActivityRatio,B_Opt_IndiaCostsFuel,GLOBAL,TRNINDNEINDNO,ELCINDNO03,,2,2035,,,,,,1.0
InputActivityRatio,B_Opt_IndiaCostsFuel,GLOBAL,TRNINDNEINDNO,ELCINDNO03,,2,2036,,,,,,1.0
InputActivityRatio,B_Opt_IndiaCostsFuel,GLOBAL,TRNINDNEINDNO,ELCINDNO03,,2,2037,,,,,,1.0
InputActivityRatio,B_Opt_IndiaCostsFuel,GLOBAL,TRNINDNEINDNO,ELCINDNO03,,2,2038,,,,,,1.0
InputActivityRatio,B_Opt_IndiaCostsFuel,GLOBAL,TRNINDNEINDNO,ELCINDNO03,,2,2039,,,,,,1.0
InputActivityRatio,B_Opt_IndiaCostsFuel,GLOBAL,TRNINDNEINDNO,ELCINDNO03,,2,2040,,,,,,1.0
InputActivityRatio,B_Opt_IndiaCostsFuel,GLOBAL,TRNINDNEINDNO,ELCINDNO03,,2,2041,,,,,,1.0
InputActivityRatio,B_Opt_IndiaCostsFuel,GLOBAL,TRNINDNEINDNO,ELCINDNO03,,2,2042,,,,,,1.0
InputActivityRatio,B_Opt_IndiaCostsFuel,GLOBAL,TRNINDNEINDNO,ELCINDNO03,,2,2043,,,,,,1.0
InputActivityRatio,B_Opt_IndiaCostsFuel,GLOBAL,TRNINDNEINDNO,ELCINDNO03,,2,2044,,,,,,1.0
InputActivityRatio,B_Opt_IndiaCostsFuel,GLOBAL,TRNINDNEINDNO,ELCINDNO03,,2,2045,,,,,,1.0
InputActivityRatio,B_Opt_IndiaCostsFuel,GLOBAL,TRNINDNEINDNO,ELCINDNO03,,2,2046,,,,,,1.0
InputActivityRatio,B_Opt_IndiaCostsFuel,GLOBAL,TRNINDNEINDNO,ELCINDNO03,,2,2047,,,,,,1.0
InputActivityRatio,B_Opt_IndiaCostsFuel,GLOBAL,TRNINDNEINDNO,ELCINDNO03,,2,2048,,,,,,1.0
InputActivityRatio,B_Opt_IndiaCostsFuel,GLOBAL,TRNINDNEINDNO,ELCINDNO03,,2,2049,,,,,,1.0
InputActivityRatio,B_Opt_IndiaCostsFuel,GLOBAL,TRNINDNEINDNO,ELCINDNO03,,2,2050,,,,,,1.0
InputActivityRatio,B_Opt_IndiaCostsFuel,GLOBAL,TRNINDNOINDWE,ELCINDNO03,,1,2023,,,,,,1.0
InputActivityRatio,B_Opt_IndiaCostsFuel,GLOBAL,TRNINDNOINDWE,ELCINDNO03,,1,2024,,,,,,1.0
InputActivityRatio,B_Opt_IndiaCostsFuel,GLOBAL,TRNINDNOINDWE,ELCINDNO03,,1,2025,,,,,,1.0
InputActivityRatio,B_Opt_IndiaCostsFuel,GLOBAL,TRNINDNOINDWE,ELCINDNO03,,1,2026,,,,,,1.0
InputActivityRatio,B_Opt_IndiaCostsFuel,GLOBAL,TRNINDNOINDWE,ELCINDNO03,,1,2027,,,,,,1.0
InputActivityRatio,B_Opt_IndiaCostsFuel,GLOBAL,TRNINDNOINDWE,ELCINDNO03,,1,2028,,,,,,1.0
InputActivityRatio,B_Opt_IndiaCostsFuel,GLOBAL,TRNINDNOINDWE,ELCINDNO03,,1,2029,,,,,,1.0
InputActivityRatio,B_Opt_IndiaCostsFuel,GLOBAL,TRNINDNOINDWE,ELCINDNO03,,1,2030,,,,,,1.0
InputActivityRatio,B_Opt_IndiaCostsFuel,GLOBAL,TRNINDNOINDWE,ELCINDNO03,,1,2031,,,,,,1.0
InputActivityRatio,B_Opt_IndiaCostsFuel,GLOBAL,TRNINDNOINDWE,ELCINDNO03,,1,2032,,,,,,1.0
InputActivityRatio,B_Opt_IndiaCostsFuel,GLOBAL,TRNINDNOINDWE,ELCINDNO03,,1,2033,,,,,,1.0
InputActivityRatio,B_Opt_IndiaCostsFuel,GLOBAL,TRNINDNOINDWE,ELCINDNO03,,1,2034,,,,,,1.0
InputActivityRatio,B_Opt_IndiaCostsFuel,GLOBAL,TRNINDNOINDWE,ELCINDNO03,,1,2035,,,,,,1.0
InputActivityRatio,B_Opt_IndiaCostsFuel,GLOBAL,TRNINDNOINDWE,ELCINDNO03,,1,2036,,,,,,1.0
InputActivityRatio,B_Opt_IndiaCostsFuel,GLOBAL,TRNINDNOINDWE,ELCINDNO03,,1,2037,,,,,,1.0
InputActivityRatio,B_Opt_IndiaCostsFuel,GLOBAL,TRNINDNOINDWE,ELCINDNO03,,1,2038,,,,,,1.0
InputActivityRatio,B_Opt_IndiaCostsFuel,GLOBAL,TRNINDNOINDWE,ELCINDNO03,,1,2039,,,,,,1.0
InputActivityRatio,B_Opt_IndiaCostsFuel,GLOBAL,TRNINDNOINDWE,ELCINDNO03,,1,2040,,,,,,1.0
InputActivityRatio,B_Opt_IndiaCostsFuel,GLOBAL,TRNINDNOINDWE,ELCINDNO03,,1,2041,,,,,,1.0
InputActivityRatio,B_Opt_IndiaCostsFuel,GLOBAL,TRNINDNOINDWE,ELCINDNO03,,1,2042,,,,,,1.0
InputActivityRatio,B_Opt_IndiaCostsFuel,GLOBAL,TRNINDNOINDWE,ELCINDNO03,,1,2043,,,,,,1.0
InputActivityRatio,B_Opt_IndiaCostsFuel,GLOBAL,TRNINDNOINDWE,ELCINDNO03,,1,2044,,,,,,1.0
InputActivityRatio,B_Opt_IndiaCostsFuel,GLOBAL,TRNINDNOINDWE,ELCINDNO03,,1,2045,,,,,,1.0
InputActivityRatio,B_Opt_IndiaCostsFuel,GLOBAL,TRNINDNOINDWE,ELCINDNO03,,1,2046,,,,,,1.0
InputActivityRatio,B_Opt_IndiaCostsFuel,GLOBAL,TRNINDNOINDWE,ELCINDNO03,,1,2047,,,,,,1.0
InputActivityRatio,B_Opt_IndiaCostsFuel,GLOBAL,TRNINDNOINDWE,ELCINDNO03,,1,2048,,,,,,1.0
InputActivityRatio,B_Opt_IndiaCostsFuel,GLOBAL,TRNINDNOINDWE,ELCINDNO03,,1,2049,,,,,,1.0
InputActivityRatio,B_Opt_IndiaCostsFuel,GLOBAL,TRNINDNOINDWE,ELCINDNO03,,1,2050,,,,,,1.0
InputActivityRatio,B_Opt_IndiaCostsFuel,GLOBAL,TRNINDNOINDWE,ELCINDWE03,,2,2023,,,,,,1.0
InputActivityRatio,B_Opt_IndiaCostsFuel,GLOBAL,TRNINDNOINDWE,ELCINDWE03,,2,2024,,,,,,1.0
InputActivityRatio,B_Opt_IndiaCostsFuel,GLOBAL,TRNINDNOINDWE,ELCINDWE03,,2,2025,,,,,,1.0
InputActivityRatio,B_Opt_IndiaCostsFuel,GLOBAL,TRNINDNOINDWE,ELCINDWE03,,2,2026,,,,,,1.0
InputActivityRatio,B_Opt_IndiaCostsFuel,GLOBAL,TRNINDNOINDWE,ELCINDWE03,,2,2027,,,,,,1.0
InputActivityRatio,B_Opt_IndiaCostsFuel,GLOBAL,TRNINDNOINDWE,ELCINDWE03,,2,2028,,,,,,1.0
InputActivityRatio,B_Opt_IndiaCostsFuel,GLOBAL,TRNINDNOINDWE,ELCINDWE03,,2,2029,,,,,,1.0
InputActivityRatio,B_Opt_IndiaCostsFuel,GLOBAL,TRNINDNOINDWE,ELCINDWE03,,2,2030,,,,,,1.0
InputActivityRatio,B_Opt_IndiaCostsFuel,GLOBAL,TRNINDNOINDWE,ELCINDWE03,,2,2031,,,,,,1.0
InputActivityRatio,B_Opt_IndiaCostsFuel,GLOBAL,TRNINDNOINDWE,ELCINDWE03,,2,2032,,,,,,1.0
InputActivityRatio,B_Opt_IndiaCostsFuel,GLOBAL,TRNINDNOINDWE,ELCINDWE03,,2,2033,,,,,,1.0
InputActivityRatio,B_Opt_IndiaCostsFuel,GLOBAL,TRNINDNOINDWE,ELCINDWE03,,2,2034,,,,,,1.0
InputActivityRatio,B_Opt_IndiaCostsFuel,GLOBAL,TRNINDNOINDWE,ELCINDWE03,,2,2035,,,,,,1.0
InputActivityRatio,B_Opt_IndiaCostsFuel,GLOBAL,TRNINDNOINDWE,ELCINDWE03,,2,2036,,,,,,1.0
InputActivityRatio,B_Opt_IndiaCostsFuel,GLOBAL,TRNINDNOINDWE,ELCINDWE03,,2,2037,,,,,,1.0
InputActivityRatio,B_Opt_IndiaCostsFuel,GLOBAL,TRNINDNOINDWE,ELCINDWE03,,2,2038,,,,,,1.0
InputActivityRatio,B_Opt_IndiaCostsFuel,GLOBAL,TRNINDNOINDWE,ELCINDWE03,,2,2039,,,,,,1.0
InputActivityRatio,B_Opt_IndiaCostsFuel,GLOBAL,TRNINDNOINDWE,ELCINDWE03,,2,2040,,,,,,1.0
InputActivityRatio,B_Opt_IndiaCostsFuel,GLOBAL,TRNINDNOINDWE,ELCINDWE03,,2,2041,,,,,,1.0
InputActivityRatio,B_Opt_IndiaCostsFuel,GLOBAL,TRNINDNOINDWE,ELCINDWE03,,2,2042,,,,,,1.0
InputActivityRatio,B_Opt_IndiaCostsFuel,GLOBAL,TRNINDNOINDWE,ELCINDWE03,,2,2043,,,,,,1.0
InputActivityRatio,B_Opt_IndiaCostsFuel,GLOBAL,TRNINDNOINDWE,ELCINDWE03,,2,2044,,,,,,1.0
InputActivityRatio,B_Opt_IndiaCostsFuel,GLOBAL,TRNINDNOINDWE,ELCINDWE03,,2,2045,,,,,,1.0
InputActivityRatio,B_Opt_IndiaCostsFuel,GLOBAL,TRNINDNOINDWE,ELCINDWE03,,2,2046,,,,,,1.0
InputActivityRatio,B_Opt_IndiaCostsFuel,GLOBAL,TRNINDNOINDWE,ELCINDWE03,,2,2047,,,,,,1.0
InputActivityRatio,B_Opt_IndiaCostsFuel,GLOBAL,TRNINDNOINDWE,ELCINDWE03,,2,2048,,,,,,1.0
InputActivityRatio,B_Opt_IndiaCostsFuel,GLOBAL,TRNINDNOINDWE,ELCINDWE03,,2,2049,,,,,,1.0
InputActivityRatio,B_Opt_IndiaCostsFuel,GLOBAL,TRNINDNOINDWE,ELCINDWE03,,2,2050,,,,,,1.0
InputActivityRatio,B_Opt_IndiaCostsFuel,GLOBAL,TRNINDNONPLXX,ELCINDNO03,,1,2023,,,,,,1.0
InputActivityRatio,B_Opt_IndiaCostsFuel,GLOBAL,TRNINDNONPLXX,ELCINDNO03,,1,2024,,,,,,1.0
InputActivityRatio,B_Opt_IndiaCostsFuel,GLOBAL,TRNINDNONPLXX,ELCINDNO03,,1,2025,,,,,,1.0
InputActivityRatio,B_Opt_IndiaCostsFuel,GLOBAL,TRNINDNONPLXX,ELCINDNO03,,1,2026,,,,,,1.0
InputActivityRatio,B_Opt_IndiaCostsFuel,GLOBAL,TRNINDNONPLXX,ELCINDNO03,,1,2027,,,,,,1.0
InputActivityRatio,B_Opt_IndiaCostsFuel,GLOBAL,TRNINDNONPLXX,ELCINDNO03,,1,2028,,,,,,1.0
InputActivityRatio,B_Opt_IndiaCostsFuel,GLOBAL,TRNINDNONPLXX,ELCINDNO03,,1,2029,,,,,,1.0
InputActivityRatio,B_Opt_IndiaCostsFuel,GLOBAL,TRNINDNONPLXX,ELCINDNO03,,1,2030,,,,,,1.0
InputActivityRatio,B_Opt_IndiaCostsFuel,GLOBAL,TRNINDNONPLXX,ELCINDNO03,,1,2031,,,,,,1.0
InputActivityRatio,B_Opt_IndiaCostsFuel,GLOBAL,TRNINDNONPLXX,ELCINDNO03,,1,2032,,,,,,1.0
InputActivityRatio,B_Opt_IndiaCostsFuel,GLOBAL,TRNINDNONPLXX,ELCINDNO03,,1,2033,,,,,,1.0
InputActivityRatio,B_Opt_IndiaCostsFuel,GLOBAL,TRNINDNONPLXX,ELCINDNO03,,1,2034,,,,,,1.0
InputActivityRatio,B_Opt_IndiaCostsFuel,GLOBAL,TRNINDNONPLXX,ELCINDNO03,,1,2035,,,,,,1.0
InputActivityRatio,B_Opt_IndiaCostsFuel,GLOBAL,TRNINDNONPLXX,ELCINDNO03,,1,2036,,,,,,1.0
InputActivityRatio,B_Opt_IndiaCostsFuel,GLOBAL,TRNINDNONPLXX,ELCINDNO03,,1,2037,,,,,,1.0
InputActivityRatio,B_Opt_IndiaCostsFuel,GLOBAL,TRNINDNONPLXX,ELCINDNO03,,1,2038,,,,,,1.0
InputActivityRatio,B_Opt_IndiaCostsFuel,GLOBAL,TRNINDNONPLXX,ELCINDNO03,,1,2039,,,,,,1.0
InputActivityRatio,B_Opt_IndiaCostsFuel,GLOBAL,TRNINDNONPLXX,ELCINDNO03,,1,2040,,,,,,1.0
InputActivityRatio,B_Opt_IndiaCostsFuel,GLOBAL,TRNINDNONPLXX,ELCINDNO03,,1,2041,,,,,,1.0
InputActivityRatio,B_Opt_IndiaCostsFuel,GLOBAL,TRNINDNONPLXX,ELCINDNO03,,1,2042,,,,,,1.0
InputActivityRatio,B_Opt_IndiaCostsFuel,GLOBAL,TRNINDNONPLXX,ELCINDNO03,,1,2043,,,,,,1.0
InputActivityRatio,B_Opt_IndiaCostsFuel,GLOBAL,TRNINDNONPLXX,ELCINDNO03,,1,2044,,,,,,1.0
InputActivityRatio,B_Opt_IndiaCostsFuel,GLOBAL,TRNINDNONPLXX,ELCINDNO03,,1,2045,,,,,,1.0
InputActivityRatio,B_Opt_IndiaCostsFuel,GLOBAL,TRNINDNONPLXX,ELCINDNO03,,1,2046,,,,,,1.0
InputActivityRatio,B_Opt_IndiaCostsFuel,GLOBAL,TRNINDNONPLXX,ELCINDNO03,,1,2047,,,,,,1.0
InputActivityRatio,B_Opt_IndiaCostsFuel,GLOBAL,TRNINDNONPLXX,ELCINDNO03,,1,2048,,,,,,1.0
InputActivityRatio,B_Opt_IndiaCostsFuel,GLOBAL,TRNINDNONPLXX,ELCINDNO03,,1,2049,,,,,,1.0
InputActivityRatio,B_Opt_IndiaCostsFuel,GLOBAL,TRNINDNONPLXX,ELCINDNO03,,1,2050,,,,,,1.0
InputActivityRatio,B_Opt_IndiaCostsFuel,GLOBAL,TRNINDNONPLXX,ELCNPLXX03,,2,2023,,,,,,1.0
InputActivityRatio,B_Opt_IndiaCostsFuel,GLOBAL,TRNINDNONPLXX,ELCNPLXX03,,2,2024,,,,,,1.0
InputActivityRatio,B_Opt_IndiaCostsFuel,GLOBAL,TRNINDNONPLXX,ELCNPLXX03,,2,2025,,,,,,1.0
InputActivityRatio,B_Opt_IndiaCostsFuel,GLOBAL,TRNINDNONPLXX,ELCNPLXX03,,2,2026,,,,,,1.0
InputActivityRatio,B_Opt_IndiaCostsFuel,GLOBAL,TRNINDNONPLXX,ELCNPLXX03,,2,2027,,,,,,1.0
InputActivityRatio,B_Opt_IndiaCostsFuel,GLOBAL,TRNINDNONPLXX,ELCNPLXX03,,2,2028,,,,,,1.0
InputActivityRatio,B_Opt_IndiaCostsFuel,GLOBAL,TRNINDNONPLXX,ELCNPLXX03,,2,2029,,,,,,1.0
InputActivityRatio,B_Opt_IndiaCostsFuel,GLOBAL,TRNINDNONPLXX,ELCNPLXX03,,2,2030,,,,,,1.0
InputActivityRatio,B_Opt_IndiaCostsFuel,GLOBAL,TRNINDNONPLXX,ELCNPLXX03,,2,2031,,,,,,1.0
InputActivityRatio,B_Opt_IndiaCostsFuel,GLOBAL,TRNINDNONPLXX,ELCNPLXX03,,2,2032,,,,,,1.0
InputActivityRatio,B_Opt_IndiaCostsFuel,GLOBAL,TRNINDNONPLXX,ELCNPLXX03,,2,2033,,,,,,1.0
InputActivityRatio,B_Opt_IndiaCostsFuel,GLOBAL,TRNINDNONPLXX,ELCNPLXX03,,2,2034,,,,,,1.0
InputActivityRatio,B_Opt_IndiaCostsFuel,GLOBAL,TRNINDNONPLXX,ELCNPLXX03,,2,2035,,,,,,1.0
InputActivityRatio,B_Opt_IndiaCostsFuel,GLOBAL,TRNINDNONPLXX,ELCNPLXX03,,2,2036,,,,,,1.0
InputActivityRatio,B_Opt_IndiaCostsFuel,GLOBAL,TRNINDNONPLXX,ELCNPLXX03,,2,2037,,,,,,1.0
InputActivityRatio,B_Opt_IndiaCostsFuel,GLOBAL,TRNINDNONPLXX,ELCNPLXX03,,2,2038,,,,,,1.0
InputActivityRatio,B_Opt_IndiaCostsFuel,GLOBAL,TRNINDNONPLXX,ELCNPLXX03,,2,2039,,,,,,1.0
InputActivityRatio,B_Opt_IndiaCostsFuel,GLOBAL,TRNINDNONPLXX,ELCNPLXX03,,2,2040,,,,,,1.0
InputActivityRatio,B_Opt_IndiaCostsFuel,GLOBAL,TRNINDNONPLXX,ELCNPLXX03,,2,2041,,,,,,1.0
InputActivityRatio,B_Opt_IndiaCostsFuel,GLOBAL,TRNINDNONPLXX,ELCNPLXX03,,2,2042,,,,,,1.0
InputActivityRatio,B_Opt_IndiaCostsFuel,GLOBAL,TRNINDNONPLXX,ELCNPLXX03,,2,2043,,,,,,1.0
InputActivityRatio,B_Opt_IndiaCostsFuel,GLOBAL,TRNINDNONPLXX,ELCNPLXX03,,2,2044,,,,,,1.0
InputActivityRatio,B_Opt_IndiaCostsFuel,GLOBAL,TRNINDNONPLXX,ELCNPLXX03,,2,2045,,,,,,1.0
InputActivityRatio,B_Opt_IndiaCostsFuel,GLOBAL,TRNINDNONPLXX,ELCNPLXX03,,2,2046,,,,,,1.0
InputActivityRatio,B_Opt_IndiaCostsFuel,GLOBAL,TRNINDNONPLXX,ELCNPLXX03,,2,2047,,,,,,1.0
InputActivityRatio,B_Opt_IndiaCostsFuel,GLOBAL,TRNINDNONPLXX,ELCNPLXX03,,2,2048,,,,,,1.0
InputActivityRatio,B_Opt_IndiaCostsFuel,GLOBAL,TRNINDNONPLXX,ELCNPLXX03,,2,2049,,,,,,1.0
InputActivityRatio,B_Opt_IndiaCostsFuel,GLOBAL,TRNINDNONPLXX,ELCNPLXX03,,2,2050,,,,,,1.0
InputActivityRatio,B_Opt_IndiaCostsFuel,GLOBAL,TRNINDSOINDWE,ELCINDSO03,,1,2023,,,,,,1.0
InputActivityRatio,B_Opt_IndiaCostsFuel,GLOBAL,TRNINDSOINDWE,ELCINDSO03,,1,2024,,,,,,1.0
InputActivityRatio,B_Opt_IndiaCostsFuel,GLOBAL,TRNINDSOINDWE,ELCINDSO03,,1,2025,,,,,,1.0
InputActivityRatio,B_Opt_IndiaCostsFuel,GLOBAL,TRNINDSOINDWE,ELCINDSO03,,1,2026,,,,,,1.0
InputActivityRatio,B_Opt_IndiaCostsFuel,GLOBAL,TRNINDSOINDWE,ELCINDSO03,,1,2027,,,,,,1.0
InputActivityRatio,B_Opt_IndiaCostsFuel,GLOBAL,TRNINDSOINDWE,ELCINDSO03,,1,2028,,,,,,1.0
InputActivityRatio,B_Opt_IndiaCostsFuel,GLOBAL,TRNINDSOINDWE,ELCINDSO03,,1,2029,,,,,,1.0
InputActivityRatio,B_Opt_IndiaCostsFuel,GLOBAL,TRNINDSOINDWE,ELCINDSO03,,1,2030,,,,,,1.0
InputActivityRatio,B_Opt_IndiaCostsFuel,GLOBAL,TRNINDSOINDWE,ELCINDSO03,,1,2031,,,,,,1.0
InputActivityRatio,B_Opt_IndiaCostsFuel,GLOBAL,TRNINDSOINDWE,ELCINDSO03,,1,2032,,,,,,1.0
InputActivityRatio,B_Opt_IndiaCostsFuel,GLOBAL,TRNINDSOINDWE,ELCINDSO03,,1,2033,,,,,,1.0
InputActivityRatio,B_Opt_IndiaCostsFuel,GLOBAL,TRNINDSOINDWE,ELCINDSO03,,1,2034,,,,,,1.0
InputActivityRatio,B_Opt_IndiaCostsFuel,GLOBAL,TRNINDSOINDWE,ELCINDSO03,,1,2035,,,,,,1.0
InputActivityRatio,B_Opt_IndiaCostsFuel,GLOBAL,TRNINDSOINDWE,ELCINDSO03,,1,2036,,,,,,1.0
InputActivityRatio,B_Opt_IndiaCostsFuel,GLOBAL,TRNINDSOINDWE,ELCINDSO03,,1,2037,,,,,,1.0
InputActivityRatio,B_Opt_IndiaCostsFuel,GLOBAL,TRNINDSOINDWE,ELCINDSO03,,1,2038,,,,,,1.0
InputActivityRatio,B_Opt_IndiaCostsFuel,GLOBAL,TRNINDSOINDWE,ELCINDSO03,,1,2039,,,,,,1.0
InputActivityRatio,B_Opt_IndiaCostsFuel,GLOBAL,TRNINDSOINDWE,ELCINDSO03,,1,2040,,,,,,1.0
InputActivityRatio,B_Opt_IndiaCostsFuel,GLOBAL,TRNINDSOINDWE,ELCINDSO03,,1,2041,,,,,,1.0
InputActivityRatio,B_Opt_IndiaCostsFuel,GLOBAL,TRNINDSOINDWE,ELCINDSO03,,1,2042,,,,,,1.0
InputActivityRatio,B_Opt_IndiaCostsFuel,GLOBAL,TRNINDSOINDWE,ELCINDSO03,,1,2043,,,,,,1.0
InputActivityRatio,B_Opt_IndiaCostsFuel,GLOBAL,TRNINDSOINDWE,ELCINDSO03,,1,2044,,,,,,1.0
InputActivityRatio,B_Opt_IndiaCostsFuel,GLOBAL,TRNINDSOINDWE,ELCINDSO03,,1,2045,,,,,,1.0
InputActivityRatio,B_Opt_IndiaCostsFuel,GLOBAL,TRNINDSOINDWE,ELCINDSO03,,1,2046,,,,,,1.0
InputActivityRatio,B_Opt_IndiaCostsFuel,GLOBAL,TRNINDSOINDWE,ELCINDSO03,,1,2047,,,,,,1.0
InputActivityRatio,B_Opt_IndiaCostsFuel,GLOBAL,TRNINDSOINDWE,ELCINDSO03,,1,2048,,,,,,1.0
InputActivityRatio,B_Opt_IndiaCostsFuel,GLOBAL,TRNINDSOINDWE,ELCINDSO03,,1,2049,,,,,,1.0
InputActivityRatio,B_Opt_IndiaCostsFuel,GLOBAL,TRNINDSOINDWE,ELCINDSO03,,1,2050,,,,,,1.0
InputActivityRatio,B_Opt_IndiaCostsFuel,GLOBAL,TRNINDSOINDWE,ELCINDWE03,,2,2023,,,,,,1.0
InputActivityRatio,B_Opt_IndiaCostsFuel,GLOBAL,TRNINDSOINDWE,ELCINDWE03,,2,2024,,,,,,1.0
InputActivityRatio,B_Opt_IndiaCostsFuel,GLOBAL,TRNINDSOINDWE,ELCINDWE03,,2,2025,,,,,,1.0
InputActivityRatio,B_Opt_IndiaCostsFuel,GLOBAL,TRNINDSOINDWE,ELCINDWE03,,2,2026,,,,,,1.0
InputActivityRatio,B_Opt_IndiaCostsFuel,GLOBAL,TRNINDSOINDWE,ELCINDWE03,,2,2027,,,,,,1.0
InputActivityRatio,B_Opt_IndiaCostsFuel,GLOBAL,TRNINDSOINDWE,ELCINDWE03,,2,2028,,,,,,1.0
InputActivityRatio,B_Opt_IndiaCostsFuel,GLOBAL,TRNINDSOINDWE,ELCINDWE03,,2,2029,,,,,,1.0
InputActivityRatio,B_Opt_IndiaCostsFuel,GLOBAL,TRNINDSOINDWE,ELCINDWE03,,2,2030,,,,,,1.0
InputActivityRatio,B_Opt_IndiaCostsFuel,GLOBAL,TRNINDSOINDWE,ELCINDWE03,,2,2031,,,,,,1.0
InputActivityRatio,B_Opt_IndiaCostsFuel,GLOBAL,TRNINDSOINDWE,ELCINDWE03,,2,2032,,,,,,1.0
InputActivityRatio,B_Opt_IndiaCostsFuel,GLOBAL,TRNINDSOINDWE,ELCINDWE03,,2,2033,,,,,,1.0
InputActivityRatio,B_Opt_IndiaCostsFuel,GLOBAL,TRNINDSOINDWE,ELCINDWE03,,2,2034,,,,,,1.0
InputActivityRatio,B_Opt_IndiaCostsFuel,GLOBAL,TRNINDSOINDWE,ELCINDWE03,,2,2035,,,,,,1.0
InputActivityRatio,B_Opt_IndiaCostsFuel,GLOBAL,TRNINDSOINDWE,ELCINDWE03,,2,2036,,,,,,1.0
InputActivityRatio,B_Opt_IndiaCostsFuel,GLOBAL,TRNINDSOINDWE,ELCINDWE03,,2,2037,,,,,,1.0
InputActivityRatio,B_Opt_IndiaCostsFuel,GLOBAL,TRNINDSOINDWE,ELCINDWE03,,2,2038,,,,,,1.0
InputActivityRatio,B_Opt_IndiaCostsFuel,GLOBAL,TRNINDSOINDWE,ELCINDWE03,,2,2039,,,,,,1.0
InputActivityRatio,B_Opt_IndiaCostsFuel,GLOBAL,TRNINDSOINDWE,ELCINDWE03,,2,2040,,,,,,1.0
InputActivityRatio,B_Opt_IndiaCostsFuel,GLOBAL,TRNINDSOINDWE,ELCINDWE03,,2,2041,,,,,,1.0
InputActivityRatio,B_Opt_IndiaCostsFuel,GLOBAL,TRNINDSOINDWE,ELCINDWE03,,2,2042,,,,,,1.0
InputActivityRatio,B_Opt_IndiaCostsFuel,GLOBAL,TRNINDSOINDWE,ELCINDWE03,,2,2043,,,,,,1.0
InputActivityRatio,B_Opt_IndiaCostsFuel,GLOBAL,TRNINDSOINDWE,ELCINDWE03,,2,2044,,,,,,1.0
InputActivityRatio,B_Opt_IndiaCostsFuel,GLOBAL,TRNINDSOINDWE,ELCINDWE03,,2,2045,,,,,,1.0
InputActivityRatio,B_Opt_IndiaCostsFuel,GLOBAL,TRNINDSOINDWE,ELCINDWE03,,2,2046,,,,,,1.0
InputActivityRatio,B_Opt_IndiaCostsFuel,GLOBAL,TRNINDSOINDWE,ELCINDWE03,,2,2047,,,,,,1.0
InputActivityRatio,B_Opt_IndiaCostsFuel,GLOBAL,TRNINDSOINDWE,ELCINDWE03,,2,2048,,,,,,1.0
InputActivityRatio,B_Opt_IndiaCostsFuel,GLOBAL,TRNINDSOINDWE,ELCINDWE03,,2,2049,,,,,,1.0
InputActivityRatio,B_Opt_IndiaCostsFuel,GLOBAL,TRNINDSOINDWE,ELCINDWE03,,2,2050,,,,,,1.0
InputActivityRatio,B_Opt_IndiaCostsFuel,GLOBAL,TRNINDSOLKAXX,ELCINDSO03,,1,2023,,,,,,1.0
InputActivityRatio,B_Opt_IndiaCostsFuel,GLOBAL,TRNINDSOLKAXX,ELCINDSO03,,1,2024,,,,,,1.0
InputActivityRatio,B_Opt_IndiaCostsFuel,GLOBAL,TRNINDSOLKAXX,ELCINDSO03,,1,2025,,,,,,1.0
InputActivityRatio,B_Opt_IndiaCostsFuel,GLOBAL,TRNINDSOLKAXX,ELCINDSO03,,1,2026,,,,,,1.0
InputActivityRatio,B_Opt_IndiaCostsFuel,GLOBAL,TRNINDSOLKAXX,ELCINDSO03,,1,2027,,,,,,1.0
InputActivityRatio,B_Opt_IndiaCostsFuel,GLOBAL,TRNINDSOLKAXX,ELCINDSO03,,1,2028,,,,,,1.0
InputActivityRatio,B_Opt_IndiaCostsFuel,GLOBAL,TRNINDSOLKAXX,ELCINDSO03,,1,2029,,,,,,1.0
InputActivityRatio,B_Opt_IndiaCostsFuel,GLOBAL,TRNINDSOLKAXX,ELCINDSO03,,1,2030,,,,,,1.0
InputActivityRatio,B_Opt_IndiaCostsFuel,GLOBAL,TRNINDSOLKAXX,ELCINDSO03,,1,2031,,,,,,1.0
InputActivityRatio,B_Opt_IndiaCostsFuel,GLOBAL,TRNINDSOLKAXX,ELCINDSO03,,1,2032,,,,,,1.0
InputActivityRatio,B_Opt_IndiaCostsFuel,GLOBAL,TRNINDSOLKAXX,ELCINDSO03,,1,2033,,,,,,1.0
InputActivityRatio,B_Opt_IndiaCostsFuel,GLOBAL,TRNINDSOLKAXX,ELCINDSO03,,1,2034,,,,,,1.0
InputActivityRatio,B_Opt_IndiaCostsFuel,GLOBAL,TRNINDSOLKAXX,ELCINDSO03,,1,2035,,,,,,1.0
InputActivityRatio,B_Opt_IndiaCostsFuel,GLOBAL,TRNINDSOLKAXX,ELCINDSO03,,1,2036,,,,,,1.0
InputActivityRatio,B_Opt_IndiaCostsFuel,GLOBAL,TRNINDSOLKAXX,ELCINDSO03,,1,2037,,,,,,1.0
InputActivityRatio,B_Opt_IndiaCostsFuel,GLOBAL,TRNINDSOLKAXX,ELCINDSO03,,1,2038,,,,,,1.0
InputActivityRatio,B_Opt_IndiaCostsFuel,GLOBAL,TRNINDSOLKAXX,ELCINDSO03,,1,2039,,,,,,1.0
InputActivityRatio,B_Opt_IndiaCostsFuel,GLOBAL,TRNINDSOLKAXX,ELCINDSO03,,1,2040,,,,,,1.0
InputActivityRatio,B_Opt_IndiaCostsFuel,GLOBAL,TRNINDSOLKAXX,ELCINDSO03,,1,2041,,,,,,1.0
InputActivityRatio,B_Opt_IndiaCostsFuel,GLOBAL,TRNINDSOLKAXX,ELCINDSO03,,1,2042,,,,,,1.0
InputActivityRatio,B_Opt_IndiaCostsFuel,GLOBAL,TRNINDSOLKAXX,ELCINDSO03,,1,2043,,,,,,1.0
InputActivityRatio,B_Opt_IndiaCostsFuel,GLOBAL,TRNINDSOLKAXX,ELCINDSO03,,1,2044,,,,,,1.0
InputActivityRatio,B_Opt_IndiaCostsFuel,GLOBAL,TRNINDSOLKAXX,ELCINDSO03,,1,2045,,,,,,1.0
InputActivityRatio,B_Opt_IndiaCostsFuel,GLOBAL,TRNINDSOLKAXX,ELCINDSO03,,1,2046,,,,,,1.0
InputActivityRatio,B_Opt_IndiaCostsFuel,GLOBAL,TRNINDSOLKAXX,ELCINDSO03,,1,2047,,,,,,1.0
InputActivityRatio,B_Opt_IndiaCostsFuel,GLOBAL,TRNINDSOLKAXX,ELCINDSO03,,1,2048,,,,,,1.0
InputActivityRatio,B_Opt_IndiaCostsFuel,GLOBAL,TRNINDSOLKAXX,ELCINDSO03,,1,2049,,,,,,1.0
InputActivityRatio,B_Opt_IndiaCostsFuel,GLOBAL,TRNINDSOLKAXX,ELCINDSO03,,1,2050,,,,,,1.0
InputActivityRatio,B_Opt_IndiaCostsFuel,GLOBAL,TRNINDSOLKAXX,ELCLKAXX03,,2,2023,,,,,,1.0
InputActivityRatio,B_Opt_IndiaCostsFuel,GLOBAL,TRNINDSOLKAXX,ELCLKAXX03,,2,2024,,,,,,1.0
InputActivityRatio,B_Opt_IndiaCostsFuel,GLOBAL,TRNINDSOLKAXX,ELCLKAXX03,,2,2025,,,,,,1.0
InputActivityRatio,B_Opt_IndiaCostsFuel,GLOBAL,TRNINDSOLKAXX,ELCLKAXX03,,2,2026,,,,,,1.0
InputActivityRatio,B_Opt_IndiaCostsFuel,GLOBAL,TRNINDSOLKAXX,ELCLKAXX03,,2,2027,,,,,,1.0
InputActivityRatio,B_Opt_IndiaCostsFuel,GLOBAL,TRNINDSOLKAXX,ELCLKAXX03,,2,2028,,,,,,1.0
InputActivityRatio,B_Opt_IndiaCostsFuel,GLOBAL,TRNINDSOLKAXX,ELCLKAXX03,,2,2029,,,,,,1.0
InputActivityRatio,B_Opt_IndiaCostsFuel,GLOBAL,TRNINDSOLKAXX,ELCLKAXX03,,2,2030,,,,,,1.0
InputActivityRatio,B_Opt_IndiaCostsFuel,GLOBAL,TRNINDSOLKAXX,ELCLKAXX03,,2,2031,,,,,,1.0
InputActivityRatio,B_Opt_IndiaCostsFuel,GLOBAL,TRNINDSOLKAXX,ELCLKAXX03,,2,2032,,,,,,1.0
InputActivityRatio,B_Opt_IndiaCostsFuel,GLOBAL,TRNINDSOLKAXX,ELCLKAXX03,,2,2033,,,,,,1.0
InputActivityRatio,B_Opt_IndiaCostsFuel,GLOBAL,TRNINDSOLKAXX,ELCLKAXX03,,2,2034,,,,,,1.0
InputActivityRatio,B_Opt_IndiaCostsFuel,GLOBAL,TRNINDSOLKAXX,ELCLKAXX03,,2,2035,,,,,,1.0
InputActivityRatio,B_Opt_IndiaCostsFuel,GLOBAL,TRNINDSOLKAXX,ELCLKAXX03,,2,2036,,,,,,1.0
InputActivityRatio,B_Opt_IndiaCostsFuel,GLOBAL,TRNINDSOLKAXX,ELCLKAXX03,,2,2037,,,,,,1.0
InputActivityRatio,B_Opt_IndiaCostsFuel,GLOBAL,TRNINDSOLKAXX,ELCLKAXX03,,2,2038,,,,,,1.0
InputActivityRatio,B_Opt_IndiaCostsFuel,GLOBAL,TRNINDSOLKAXX,ELCLKAXX03,,2,2039,,,,,,1.0
InputActivityRatio,B_Opt_IndiaCostsFuel,GLOBAL,TRNINDSOLKAXX,ELCLKAXX03,,2,2040,,,,,,1.0
InputActivityRatio,B_Opt_IndiaCostsFuel,GLOBAL,TRNINDSOLKAXX,ELCLKAXX03,,2,2041,,,,,,1.0
InputActivityRatio,B_Opt_IndiaCostsFuel,GLOBAL,TRNINDSOLKAXX,ELCLKAXX03,,2,2042,,,,,,1.0
InputActivityRatio,B_Opt_IndiaCostsFuel,GLOBAL,TRNINDSOLKAXX,ELCLKAXX03,,2,2043,,,,,,1.0
InputActivityRatio,B_Opt_IndiaCostsFuel,GLOBAL,TRNINDSOLKAXX,ELCLKAXX03,,2,2044,,,,,,1.0
InputActivityRatio,B_Opt_IndiaCostsFuel,GLOBAL,TRNINDSOLKAXX,ELCLKAXX03,,2,2045,,,,,,1.0
InputActivityRatio,B_Opt_IndiaCostsFuel,GLOBAL,TRNINDSOLKAXX,ELCLKAXX03,,2,2046,,,,,,1.0
InputActivityRatio,B_Opt_IndiaCostsFuel,GLOBAL,TRNINDSOLKAXX,ELCLKAXX03,,2,2047,,,,,,1.0
InputActivityRatio,B_Opt_IndiaCostsFuel,GLOBAL,TRNINDSOLKAXX,ELCLKAXX03,,2,2048,,,,,,1.0
InputActivityRatio,B_Opt_IndiaCostsFuel,GLOBAL,TRNINDSOLKAXX,ELCLKAXX03,,2,2049,,,,,,1.0
InputActivityRatio,B_Opt_IndiaCostsFuel,GLOBAL,TRNINDSOLKAXX,ELCLKAXX03,,2,2050,,,,,,1.0
InputActivityRatio,B_Opt_IndiaCostsFuel,GLOBAL,TRNLKAXXMDVXX,ELCLKAXX03,,1,2023,,,,,,1.0
InputActivityRatio,B_Opt_IndiaCostsFuel,GLOBAL,TRNLKAXXMDVXX,ELCLKAXX03,,1,2024,,,,,,1.0
InputActivityRatio,B_Opt_IndiaCostsFuel,GLOBAL,TRNLKAXXMDVXX,ELCLKAXX03,,1,2025,,,,,,1.0
InputActivityRatio,B_Opt_IndiaCostsFuel,GLOBAL,TRNLKAXXMDVXX,ELCLKAXX03,,1,2026,,,,,,1.0
InputActivityRatio,B_Opt_IndiaCostsFuel,GLOBAL,TRNLKAXXMDVXX,ELCLKAXX03,,1,2027,,,,,,1.0
InputActivityRatio,B_Opt_IndiaCostsFuel,GLOBAL,TRNLKAXXMDVXX,ELCLKAXX03,,1,2028,,,,,,1.0
InputActivityRatio,B_Opt_IndiaCostsFuel,GLOBAL,TRNLKAXXMDVXX,ELCLKAXX03,,1,2029,,,,,,1.0
InputActivityRatio,B_Opt_IndiaCostsFuel,GLOBAL,TRNLKAXXMDVXX,ELCLKAXX03,,1,2030,,,,,,1.0
InputActivityRatio,B_Opt_IndiaCostsFuel,GLOBAL,TRNLKAXXMDVXX,ELCLKAXX03,,1,2031,,,,,,1.0
InputActivityRatio,B_Opt_IndiaCostsFuel,GLOBAL,TRNLKAXXMDVXX,ELCLKAXX03,,1,2032,,,,,,1.0
InputActivityRatio,B_Opt_IndiaCostsFuel,GLOBAL,TRNLKAXXMDVXX,ELCLKAXX03,,1,2033,,,,,,1.0
InputActivityRatio,B_Opt_IndiaCostsFuel,GLOBAL,TRNLKAXXMDVXX,ELCLKAXX03,,1,2034,,,,,,1.0
InputActivityRatio,B_Opt_IndiaCostsFuel,GLOBAL,TRNLKAXXMDVXX,ELCLKAXX03,,1,2035,,,,,,1.0
InputActivityRatio,B_Opt_IndiaCostsFuel,GLOBAL,TRNLKAXXMDVXX,ELCLKAXX03,,1,2036,,,,,,1.0
InputActivityRatio,B_Opt_IndiaCostsFuel,GLOBAL,TRNLKAXXMDVXX,ELCLKAXX03,,1,2037,,,,,,1.0
InputActivityRatio,B_Opt_IndiaCostsFuel,GLOBAL,TRNLKAXXMDVXX,ELCLKAXX03,,1,2038,,,,,,1.0
InputActivityRatio,B_Opt_IndiaCostsFuel,GLOBAL,TRNLKAXXMDVXX,ELCLKAXX03,,1,2039,,,,,,1.0
InputActivityRatio,B_Opt_IndiaCostsFuel,GLOBAL,TRNLKAXXMDVXX,ELCLKAXX03,,1,2040,,,,,,1.0
InputActivityRatio,B_Opt_IndiaCostsFuel,GLOBAL,TRNLKAXXMDVXX,ELCLKAXX03,,1,2041,,,,,,1.0
InputActivityRatio,B_Opt_IndiaCostsFuel,GLOBAL,TRNLKAXXMDVXX,ELCLKAXX03,,1,2042,,,,,,1.0
InputActivityRatio,B_Opt_IndiaCostsFuel,GLOBAL,TRNLKAXXMDVXX,ELCLKAXX03,,1,2043,,,,,,1.0
InputActivityRatio,B_Opt_IndiaCostsFuel,GLOBAL,TRNLKAXXMDVXX,ELCLKAXX03,,1,2044,,,,,,1.0
InputActivityRatio,B_Opt_IndiaCostsFuel,GLOBAL,TRNLKAXXMDVXX,ELCLKAXX03,,1,2045,,,,,,1.0
InputActivityRatio,B_Opt_IndiaCostsFuel,GLOBAL,TRNLKAXXMDVXX,ELCLKAXX03,,1,2046,,,,,,1.0
InputActivityRatio,B_Opt_IndiaCostsFuel,GLOBAL,TRNLKAXXMDVXX,ELCLKAXX03,,1,2047,,,,,,1.0
InputActivityRatio,B_Opt_IndiaCostsFuel,GLOBAL,TRNLKAXXMDVXX,ELCLKAXX03,,1,2048,,,,,,1.0
InputActivityRatio,B_Opt_IndiaCostsFuel,GLOBAL,TRNLKAXXMDVXX,ELCLKAXX03,,1,2049,,,,,,1.0
InputActivityRatio,B_Opt_IndiaCostsFuel,GLOBAL,TRNLKAXXMDVXX,ELCLKAXX03,,1,2050,,,,,,1.0
InputActivityRatio,B_Opt_IndiaCostsFuel,GLOBAL,TRNLKAXXMDVXX,ELCMDVXX03,,2,2023,,,,,,1.0
InputActivityRatio,B_Opt_IndiaCostsFuel,GLOBAL,TRNLKAXXMDVXX,ELCMDVXX03,,2,2024,,,,,,1.0
InputActivityRatio,B_Opt_IndiaCostsFuel,GLOBAL,TRNLKAXXMDVXX,ELCMDVXX03,,2,2025,,,,,,1.0
InputActivityRatio,B_Opt_IndiaCostsFuel,GLOBAL,TRNLKAXXMDVXX,ELCMDVXX03,,2,2026,,,,,,1.0
InputActivityRatio,B_Opt_IndiaCostsFuel,GLOBAL,TRNLKAXXMDVXX,ELCMDVXX03,,2,2027,,,,,,1.0
InputActivityRatio,B_Opt_IndiaCostsFuel,GLOBAL,TRNLKAXXMDVXX,ELCMDVXX03,,2,2028,,,,,,1.0
InputActivityRatio,B_Opt_IndiaCostsFuel,GLOBAL,TRNLKAXXMDVXX,ELCMDVXX03,,2,2029,,,,,,1.0
InputActivityRatio,B_Opt_IndiaCostsFuel,GLOBAL,TRNLKAXXMDVXX,ELCMDVXX03,,2,2030,,,,,,1.0
InputActivityRatio,B_Opt_IndiaCostsFuel,GLOBAL,TRNLKAXXMDVXX,ELCMDVXX03,,2,2031,,,,,,1.0
InputActivityRatio,B_Opt_IndiaCostsFuel,GLOBAL,TRNLKAXXMDVXX,ELCMDVXX03,,2,2032,,,,,,1.0
InputActivityRatio,B_Opt_IndiaCostsFuel,GLOBAL,TRNLKAXXMDVXX,ELCMDVXX03,,2,2033,,,,,,1.0
InputActivityRatio,B_Opt_IndiaCostsFuel,GLOBAL,TRNLKAXXMDVXX,ELCMDVXX03,,2,2034,,,,,,1.0
InputActivityRatio,B_Opt_IndiaCostsFuel,GLOBAL,TRNLKAXXMDVXX,ELCMDVXX03,,2,2035,,,,,,1.0
InputActivityRatio,B_Opt_IndiaCostsFuel,GLOBAL,TRNLKAXXMDVXX,ELCMDVXX03,,2,2036,,,,,,1.0
InputActivityRatio,B_Opt_IndiaCostsFuel,GLOBAL,TRNLKAXXMDVXX,ELCMDVXX03,,2,2037,,,,,,1.0
InputActivityRatio,B_Opt_IndiaCostsFuel,GLOBAL,TRNLKAXXMDVXX,ELCMDVXX03,,2,2038,,,,,,1.0
InputActivityRatio,B_Opt_IndiaCostsFuel,GLOBAL,TRNLKAXXMDVXX,ELCMDVXX03,,2,2039,,,,,,1.0
InputActivityRatio,B_Opt_IndiaCostsFuel,GLOBAL,TRNLKAXXMDVXX,ELCMDVXX03,,2,2040,,,,,,1.0
InputActivityRatio,B_Opt_IndiaCostsFuel,GLOBAL,TRNLKAXXMDVXX,ELCMDVXX03,,2,2041,,,,,,1.0
InputActivityRatio,B_Opt_IndiaCostsFuel,GLOBAL,TRNLKAXXMDVXX,ELCMDVXX03,,2,2042,,,,,,1.0
InputActivityRatio,B_Opt_IndiaCostsFuel,GLOBAL,TRNLKAXXMDVXX,ELCMDVXX03,,2,2043,,,,,,1.0
InputActivityRatio,B_Opt_IndiaCostsFuel,GLOBAL,TRNLKAXXMDVXX,ELCMDVXX03,,2,2044,,,,,,1.0
InputActivityRatio,B_Opt_IndiaCostsFuel,GLOBAL,TRNLKAXXMDVXX,ELCMDVXX03,,2,2045,,,,,,1.0
InputActivityRatio,B_Opt_IndiaCostsFuel,GLOBAL,TRNLKAXXMDVXX,ELCMDVXX03,,2,2046,,,,,,1.0
InputActivityRatio,B_Opt_IndiaCostsFuel,GLOBAL,TRNLKAXXMDVXX,ELCMDVXX03,,2,2047,,,,,,1.0
InputActivityRatio,B_Opt_IndiaCostsFuel,GLOBAL,TRNLKAXXMDVXX,ELCMDVXX03,,2,2048,,,,,,1.0
InputActivityRatio,B_Opt_IndiaCostsFuel,GLOBAL,TRNLKAXXMDVXX,ELCMDVXX03,,2,2049,,,,,,1.0
InputActivityRatio,B_Opt_IndiaCostsFuel,GLOBAL,TRNLKAXXMDVXX,ELCMDVXX03,,2,2050,,,,,,1.0
InputActivityRatio,B_Opt_IndiaCostsFuel,GLOBAL,PWRLDSBGDXX,ELCBGDXX00,,1,2023,,,,,,1.0
InputActivityRatio,B_Opt_IndiaCostsFuel,GLOBAL,PWRLDSBGDXX,ELCBGDXX00,,1,2024,,,,,,1.0
InputActivityRatio,B_Opt_IndiaCostsFuel,GLOBAL,PWRLDSBGDXX,ELCBGDXX00,,1,2025,,,,,,1.0
InputActivityRatio,B_Opt_IndiaCostsFuel,GLOBAL,PWRLDSBGDXX,ELCBGDXX00,,1,2026,,,,,,1.0
InputActivityRatio,B_Opt_IndiaCostsFuel,GLOBAL,PWRLDSBGDXX,ELCBGDXX00,,1,2027,,,,,,1.0
InputActivityRatio,B_Opt_IndiaCostsFuel,GLOBAL,PWRLDSBGDXX,ELCBGDXX00,,1,2028,,,,,,1.0
InputActivityRatio,B_Opt_IndiaCostsFuel,GLOBAL,PWRLDSBGDXX,ELCBGDXX00,,1,2029,,,,,,1.0
InputActivityRatio,B_Opt_IndiaCostsFuel,GLOBAL,PWRLDSBGDXX,ELCBGDXX00,,1,2030,,,,,,1.0
InputActivityRatio,B_Opt_IndiaCostsFuel,GLOBAL,PWRLDSBGDXX,ELCBGDXX00,,1,2031,,,,,,1.0
InputActivityRatio,B_Opt_IndiaCostsFuel,GLOBAL,PWRLDSBGDXX,ELCBGDXX00,,1,2032,,,,,,1.0
InputActivityRatio,B_Opt_IndiaCostsFuel,GLOBAL,PWRLDSBGDXX,ELCBGDXX00,,1,2033,,,,,,1.0
InputActivityRatio,B_Opt_IndiaCostsFuel,GLOBAL,PWRLDSBGDXX,ELCBGDXX00,,1,2034,,,,,,1.0
InputActivityRatio,B_Opt_IndiaCostsFuel,GLOBAL,PWRLDSBGDXX,ELCBGDXX00,,1,2035,,,,,,1.0
InputActivityRatio,B_Opt_IndiaCostsFuel,GLOBAL,PWRLDSBGDXX,ELCBGDXX00,,1,2036,,,,,,1.0
InputActivityRatio,B_Opt_IndiaCostsFuel,GLOBAL,PWRLDSBGDXX,ELCBGDXX00,,1,2037,,,,,,1.0
InputActivityRatio,B_Opt_IndiaCostsFuel,GLOBAL,PWRLDSBGDXX,ELCBGDXX00,,1,2038,,,,,,1.0
InputActivityRatio,B_Opt_IndiaCostsFuel,GLOBAL,PWRLDSBGDXX,ELCBGDXX00,,1,2039,,,,,,1.0
InputActivityRatio,B_Opt_IndiaCostsFuel,GLOBAL,PWRLDSBGDXX,ELCBGDXX00,,1,2040,,,,,,1.0
InputActivityRatio,B_Opt_IndiaCostsFuel,GLOBAL,PWRLDSBGDXX,ELCBGDXX00,,1,2041,,,,,,1.0
InputActivityRatio,B_Opt_IndiaCostsFuel,GLOBAL,PWRLDSBGDXX,ELCBGDXX00,,1,2042,,,,,,1.0
InputActivityRatio,B_Opt_IndiaCostsFuel,GLOBAL,PWRLDSBGDXX,ELCBGDXX00,,1,2043,,,,,,1.0
InputActivityRatio,B_Opt_IndiaCostsFuel,GLOBAL,PWRLDSBGDXX,ELCBGDXX00,,1,2044,,,,,,1.0
InputActivityRatio,B_Opt_IndiaCostsFuel,GLOBAL,PWRLDSBGDXX,ELCBGDXX00,,1,2045,,,,,,1.0
InputActivityRatio,B_Opt_IndiaCostsFuel,GLOBAL,PWRLDSBGDXX,ELCBGDXX00,,1,2046,,,,,,1.0
InputActivityRatio,B_Opt_IndiaCostsFuel,GLOBAL,PWRLDSBGDXX,ELCBGDXX00,,1,2047,,,,,,1.0
InputActivityRatio,B_Opt_IndiaCostsFuel,GLOBAL,PWRLDSBGDXX,ELCBGDXX00,,1,2048,,,,,,1.0
InputActivityRatio,B_Opt_IndiaCostsFuel,GLOBAL,PWRLDSBGDXX,ELCBGDXX00,,1,2049,,,,,,1.0
InputActivityRatio,B_Opt_IndiaCostsFuel,GLOBAL,PWRLDSBGDXX,ELCBGDXX00,,1,2050,,,,,,1.0
InputActivityRatio,B_Opt_IndiaCostsFuel,GLOBAL,PWRLDSBTNXX,ELCBTNXX00,,1,2023,,,,,,1.0
InputActivityRatio,B_Opt_IndiaCostsFuel,GLOBAL,PWRLDSBTNXX,ELCBTNXX00,,1,2024,,,,,,1.0
InputActivityRatio,B_Opt_IndiaCostsFuel,GLOBAL,PWRLDSBTNXX,ELCBTNXX00,,1,2025,,,,,,1.0
InputActivityRatio,B_Opt_IndiaCostsFuel,GLOBAL,PWRLDSBTNXX,ELCBTNXX00,,1,2026,,,,,,1.0
InputActivityRatio,B_Opt_IndiaCostsFuel,GLOBAL,PWRLDSBTNXX,ELCBTNXX00,,1,2027,,,,,,1.0
InputActivityRatio,B_Opt_IndiaCostsFuel,GLOBAL,PWRLDSBTNXX,ELCBTNXX00,,1,2028,,,,,,1.0
InputActivityRatio,B_Opt_IndiaCostsFuel,GLOBAL,PWRLDSBTNXX,ELCBTNXX00,,1,2029,,,,,,1.0
InputActivityRatio,B_Opt_IndiaCostsFuel,GLOBAL,PWRLDSBTNXX,ELCBTNXX00,,1,2030,,,,,,1.0
InputActivityRatio,B_Opt_IndiaCostsFuel,GLOBAL,PWRLDSBTNXX,ELCBTNXX00,,1,2031,,,,,,1.0
InputActivityRatio,B_Opt_IndiaCostsFuel,GLOBAL,PWRLDSBTNXX,ELCBTNXX00,,1,2032,,,,,,1.0
InputActivityRatio,B_Opt_IndiaCostsFuel,GLOBAL,PWRLDSBTNXX,ELCBTNXX00,,1,2033,,,,,,1.0
InputActivityRatio,B_Opt_IndiaCostsFuel,GLOBAL,PWRLDSBTNXX,ELCBTNXX00,,1,2034,,,,,,1.0
InputActivityRatio,B_Opt_IndiaCostsFuel,GLOBAL,PWRLDSBTNXX,ELCBTNXX00,,1,2035,,,,,,1.0
InputActivityRatio,B_Opt_IndiaCostsFuel,GLOBAL,PWRLDSBTNXX,ELCBTNXX00,,1,2036,,,,,,1.0
InputActivityRatio,B_Opt_IndiaCostsFuel,GLOBAL,PWRLDSBTNXX,ELCBTNXX00,,1,2037,,,,,,1.0
InputActivityRatio,B_Opt_IndiaCostsFuel,GLOBAL,PWRLDSBTNXX,ELCBTNXX00,,1,2038,,,,,,1.0
InputActivityRatio,B_Opt_IndiaCostsFuel,GLOBAL,PWRLDSBTNXX,ELCBTNXX00,,1,2039,,,,,,1.0
InputActivityRatio,B_Opt_IndiaCostsFuel,GLOBAL,PWRLDSBTNXX,ELCBTNXX00,,1,2040,,,,,,1.0
InputActivityRatio,B_Opt_IndiaCostsFuel,GLOBAL,PWRLDSBTNXX,ELCBTNXX00,,1,2041,,,,,,1.0
InputActivityRatio,B_Opt_IndiaCostsFuel,GLOBAL,PWRLDSBTNXX,ELCBTNXX00,,1,2042,,,,,,1.0
InputActivityRatio,B_Opt_IndiaCostsFuel,GLOBAL,PWRLDSBTNXX,ELCBTNXX00,,1,2043,,,,,,1.0
InputActivityRatio,B_Opt_IndiaCostsFuel,GLOBAL,PWRLDSBTNXX,ELCBTNXX00,,1,2044,,,,,,1.0
InputActivityRatio,B_Opt_IndiaCostsFuel,GLOBAL,PWRLDSBTNXX,ELCBTNXX00,,1,2045,,,,,,1.0
InputActivityRatio,B_Opt_IndiaCostsFuel,GLOBAL,PWRLDSBTNXX,ELCBTNXX00,,1,2046,,,,,,1.0
InputActivityRatio,B_Opt_IndiaCostsFuel,GLOBAL,PWRLDSBTNXX,ELCBTNXX00,,1,2047,,,,,,1.0
InputActivityRatio,B_Opt_IndiaCostsFuel,GLOBAL,PWRLDSBTNXX,ELCBTNXX00,,1,2048,,,,,,1.0
InputActivityRatio,B_Opt_IndiaCostsFuel,GLOBAL,PWRLDSBTNXX,ELCBTNXX00,,1,2049,,,,,,1.0
InputActivityRatio,B_Opt_IndiaCostsFuel,GLOBAL,PWRLDSBTNXX,ELCBTNXX00,,1,2050,,,,,,1.0
InputActivityRatio,B_Opt_IndiaCostsFuel,GLOBAL,PWRLDSINDEA,ELCINDEA00,,1,2023,,,,,,1.0
InputActivityRatio,B_Opt_IndiaCostsFuel,GLOBAL,PWRLDSINDEA,ELCINDEA00,,1,2024,,,,,,1.0
InputActivityRatio,B_Opt_IndiaCostsFuel,GLOBAL,PWRLDSINDEA,ELCINDEA00,,1,2025,,,,,,1.0
InputActivityRatio,B_Opt_IndiaCostsFuel,GLOBAL,PWRLDSINDEA,ELCINDEA00,,1,2026,,,,,,1.0
InputActivityRatio,B_Opt_IndiaCostsFuel,GLOBAL,PWRLDSINDEA,ELCINDEA00,,1,2027,,,,,,1.0
InputActivityRatio,B_Opt_IndiaCostsFuel,GLOBAL,PWRLDSINDEA,ELCINDEA00,,1,2028,,,,,,1.0
InputActivityRatio,B_Opt_IndiaCostsFuel,GLOBAL,PWRLDSINDEA,ELCINDEA00,,1,2029,,,,,,1.0
InputActivityRatio,B_Opt_IndiaCostsFuel,GLOBAL,PWRLDSINDEA,ELCINDEA00,,1,2030,,,,,,1.0
InputActivityRatio,B_Opt_IndiaCostsFuel,GLOBAL,PWRLDSINDEA,ELCINDEA00,,1,2031,,,,,,1.0
InputActivityRatio,B_Opt_IndiaCostsFuel,GLOBAL,PWRLDSINDEA,ELCINDEA00,,1,2032,,,,,,1.0
InputActivityRatio,B_Opt_IndiaCostsFuel,GLOBAL,PWRLDSINDEA,ELCINDEA00,,1,2033,,,,,,1.0
InputActivityRatio,B_Opt_IndiaCostsFuel,GLOBAL,PWRLDSINDEA,ELCINDEA00,,1,2034,,,,,,1.0
InputActivityRatio,B_Opt_IndiaCostsFuel,GLOBAL,PWRLDSINDEA,ELCINDEA00,,1,2035,,,,,,1.0
InputActivityRatio,B_Opt_IndiaCostsFuel,GLOBAL,PWRLDSINDEA,ELCINDEA00,,1,2036,,,,,,1.0
InputActivityRatio,B_Opt_IndiaCostsFuel,GLOBAL,PWRLDSINDEA,ELCINDEA00,,1,2037,,,,,,1.0
InputActivityRatio,B_Opt_IndiaCostsFuel,GLOBAL,PWRLDSINDEA,ELCINDEA00,,1,2038,,,,,,1.0
InputActivityRatio,B_Opt_IndiaCostsFuel,GLOBAL,PWRLDSINDEA,ELCINDEA00,,1,2039,,,,,,1.0
InputActivityRatio,B_Opt_IndiaCostsFuel,GLOBAL,PWRLDSINDEA,ELCINDEA00,,1,2040,,,,,,1.0
InputActivityRatio,B_Opt_IndiaCostsFuel,GLOBAL,PWRLDSINDEA,ELCINDEA00,,1,2041,,,,,,1.0
InputActivityRatio,B_Opt_IndiaCostsFuel,GLOBAL,PWRLDSINDEA,ELCINDEA00,,1,2042,,,,,,1.0
InputActivityRatio,B_Opt_IndiaCostsFuel,GLOBAL,PWRLDSINDEA,ELCINDEA00,,1,2043,,,,,,1.0
InputActivityRatio,B_Opt_IndiaCostsFuel,GLOBAL,PWRLDSINDEA,ELCINDEA00,,1,2044,,,,,,1.0
InputActivityRatio,B_Opt_IndiaCostsFuel,GLOBAL,PWRLDSINDEA,ELCINDEA00,,1,2045,,,,,,1.0
InputActivityRatio,B_Opt_IndiaCostsFuel,GLOBAL,PWRLDSINDEA,ELCINDEA00,,1,2046,,,,,,1.0
InputActivityRatio,B_Opt_IndiaCostsFuel,GLOBAL,PWRLDSINDEA,ELCINDEA00,,1,2047,,,,,,1.0
InputActivityRatio,B_Opt_IndiaCostsFuel,GLOBAL,PWRLDSINDEA,ELCINDEA00,,1,2048,,,,,,1.0
InputActivityRatio,B_Opt_IndiaCostsFuel,GLOBAL,PWRLDSINDEA,ELCINDEA00,,1,2049,,,,,,1.0
InputActivityRatio,B_Opt_IndiaCostsFuel,GLOBAL,PWRLDSINDEA,ELCINDEA00,,1,2050,,,,,,1.0
InputActivityRatio,B_Opt_IndiaCostsFuel,GLOBAL,PWRLDSINDNE,ELCINDNE00,,1,2023,,,,,,1.0
InputActivityRatio,B_Opt_IndiaCostsFuel,GLOBAL,PWRLDSINDNE,ELCINDNE00,,1,2024,,,,,,1.0
InputActivityRatio,B_Opt_IndiaCostsFuel,GLOBAL,PWRLDSINDNE,ELCINDNE00,,1,2025,,,,,,1.0
InputActivityRatio,B_Opt_IndiaCostsFuel,GLOBAL,PWRLDSINDNE,ELCINDNE00,,1,2026,,,,,,1.0
InputActivityRatio,B_Opt_IndiaCostsFuel,GLOBAL,PWRLDSINDNE,ELCINDNE00,,1,2027,,,,,,1.0
InputActivityRatio,B_Opt_IndiaCostsFuel,GLOBAL,PWRLDSINDNE,ELCINDNE00,,1,2028,,,,,,1.0
InputActivityRatio,B_Opt_IndiaCostsFuel,GLOBAL,PWRLDSINDNE,ELCINDNE00,,1,2029,,,,,,1.0
InputActivityRatio,B_Opt_IndiaCostsFuel,GLOBAL,PWRLDSINDNE,ELCINDNE00,,1,2030,,,,,,1.0
InputActivityRatio,B_Opt_IndiaCostsFuel,GLOBAL,PWRLDSINDNE,ELCINDNE00,,1,2031,,,,,,1.0
InputActivityRatio,B_Opt_IndiaCostsFuel,GLOBAL,PWRLDSINDNE,ELCINDNE00,,1,2032,,,,,,1.0
InputActivityRatio,B_Opt_IndiaCostsFuel,GLOBAL,PWRLDSINDNE,ELCINDNE00,,1,2033,,,,,,1.0
InputActivityRatio,B_Opt_IndiaCostsFuel,GLOBAL,PWRLDSINDNE,ELCINDNE00,,1,2034,,,,,,1.0
InputActivityRatio,B_Opt_IndiaCostsFuel,GLOBAL,PWRLDSINDNE,ELCINDNE00,,1,2035,,,,,,1.0
InputActivityRatio,B_Opt_IndiaCostsFuel,GLOBAL,PWRLDSINDNE,ELCINDNE00,,1,2036,,,,,,1.0
InputActivityRatio,B_Opt_IndiaCostsFuel,GLOBAL,PWRLDSINDNE,ELCINDNE00,,1,2037,,,,,,1.0
InputActivityRatio,B_Opt_IndiaCostsFuel,GLOBAL,PWRLDSINDNE,ELCINDNE00,,1,2038,,,,,,1.0
InputActivityRatio,B_Opt_IndiaCostsFuel,GLOBAL,PWRLDSINDNE,ELCINDNE00,,1,2039,,,,,,1.0
InputActivityRatio,B_Opt_IndiaCostsFuel,GLOBAL,PWRLDSINDNE,ELCINDNE00,,1,2040,,,,,,1.0
InputActivityRatio,B_Opt_IndiaCostsFuel,GLOBAL,PWRLDSINDNE,ELCINDNE00,,1,2041,,,,,,1.0
InputActivityRatio,B_Opt_IndiaCostsFuel,GLOBAL,PWRLDSINDNE,ELCINDNE00,,1,2042,,,,,,1.0
InputActivityRatio,B_Opt_IndiaCostsFuel,GLOBAL,PWRLDSINDNE,ELCINDNE00,,1,2043,,,,,,1.0
InputActivityRatio,B_Opt_IndiaCostsFuel,GLOBAL,PWRLDSINDNE,ELCINDNE00,,1,2044,,,,,,1.0
InputActivityRatio,B_Opt_IndiaCostsFuel,GLOBAL,PWRLDSINDNE,ELCINDNE00,,1,2045,,,,,,1.0
InputActivityRatio,B_Opt_IndiaCostsFuel,GLOBAL,PWRLDSINDNE,ELCINDNE00,,1,2046,,,,,,1.0
InputActivityRatio,B_Opt_IndiaCostsFuel,GLOBAL,PWRLDSINDNE,ELCINDNE00,,1,2047,,,,,,1.0
InputActivityRatio,B_Opt_IndiaCostsFuel,GLOBAL,PWRLDSINDNE,ELCINDNE00,,1,2048,,,,,,1.0
InputActivityRatio,B_Opt_IndiaCostsFuel,GLOBAL,PWRLDSINDNE,ELCINDNE00,,1,2049,,,,,,1.0
InputActivityRatio,B_Opt_IndiaCostsFuel,GLOBAL,PWRLDSINDNE,ELCINDNE00,,1,2050,,,,,,1.0
InputActivityRatio,B_Opt_IndiaCostsFuel,GLOBAL,PWRLDSINDNO,ELCINDNO00,,1,2023,,,,,,1.0
InputActivityRatio,B_Opt_IndiaCostsFuel,GLOBAL,PWRLDSINDNO,ELCINDNO00,,1,2024,,,,,,1.0
InputActivityRatio,B_Opt_IndiaCostsFuel,GLOBAL,PWRLDSINDNO,ELCINDNO00,,1,2025,,,,,,1.0
InputActivityRatio,B_Opt_IndiaCostsFuel,GLOBAL,PWRLDSINDNO,ELCINDNO00,,1,2026,,,,,,1.0
InputActivityRatio,B_Opt_IndiaCostsFuel,GLOBAL,PWRLDSINDNO,ELCINDNO00,,1,2027,,,,,,1.0
InputActivityRatio,B_Opt_IndiaCostsFuel,GLOBAL,PWRLDSINDNO,ELCINDNO00,,1,2028,,,,,,1.0
InputActivityRatio,B_Opt_IndiaCostsFuel,GLOBAL,PWRLDSINDNO,ELCINDNO00,,1,2029,,,,,,1.0
InputActivityRatio,B_Opt_IndiaCostsFuel,GLOBAL,PWRLDSINDNO,ELCINDNO00,,1,2030,,,,,,1.0
InputActivityRatio,B_Opt_IndiaCostsFuel,GLOBAL,PWRLDSINDNO,ELCINDNO00,,1,2031,,,,,,1.0
InputActivityRatio,B_Opt_IndiaCostsFuel,GLOBAL,PWRLDSINDNO,ELCINDNO00,,1,2032,,,,,,1.0
InputActivityRatio,B_Opt_IndiaCostsFuel,GLOBAL,PWRLDSINDNO,ELCINDNO00,,1,2033,,,,,,1.0
InputActivityRatio,B_Opt_IndiaCostsFuel,GLOBAL,PWRLDSINDNO,ELCINDNO00,,1,2034,,,,,,1.0
InputActivityRatio,B_Opt_IndiaCostsFuel,GLOBAL,PWRLDSINDNO,ELCINDNO00,,1,2035,,,,,,1.0
InputActivityRatio,B_Opt_IndiaCostsFuel,GLOBAL,PWRLDSINDNO,ELCINDNO00,,1,2036,,,,,,1.0
InputActivityRatio,B_Opt_IndiaCostsFuel,GLOBAL,PWRLDSINDNO,ELCINDNO00,,1,2037,,,,,,1.0
InputActivityRatio,B_Opt_IndiaCostsFuel,GLOBAL,PWRLDSINDNO,ELCINDNO00,,1,2038,,,,,,1.0
InputActivityRatio,B_Opt_IndiaCostsFuel,GLOBAL,PWRLDSINDNO,ELCINDNO00,,1,2039,,,,,,1.0
InputActivityRatio,B_Opt_IndiaCostsFuel,GLOBAL,PWRLDSINDNO,ELCINDNO00,,1,2040,,,,,,1.0
InputActivityRatio,B_Opt_IndiaCostsFuel,GLOBAL,PWRLDSINDNO,ELCINDNO00,,1,2041,,,,,,1.0
InputActivityRatio,B_Opt_IndiaCostsFuel,GLOBAL,PWRLDSINDNO,ELCINDNO00,,1,2042,,,,,,1.0
InputActivityRatio,B_Opt_IndiaCostsFuel,GLOBAL,PWRLDSINDNO,ELCINDNO00,,1,2043,,,,,,1.0
InputActivityRatio,B_Opt_IndiaCostsFuel,GLOBAL,PWRLDSINDNO,ELCINDNO00,,1,2044,,,,,,1.0
InputActivityRatio,B_Opt_IndiaCostsFuel,GLOBAL,PWRLDSINDNO,ELCINDNO00,,1,2045,,,,,,1.0
InputActivityRatio,B_Opt_IndiaCostsFuel,GLOBAL,PWRLDSINDNO,ELCINDNO00,,1,2046,,,,,,1.0
InputActivityRatio,B_Opt_IndiaCostsFuel,GLOBAL,PWRLDSINDNO,ELCINDNO00,,1,2047,,,,,,1.0
InputActivityRatio,B_Opt_IndiaCostsFuel,GLOBAL,PWRLDSINDNO,ELCINDNO00,,1,2048,,,,,,1.0
InputActivityRatio,B_Opt_IndiaCostsFuel,GLOBAL,PWRLDSINDNO,ELCINDNO00,,1,2049,,,,,,1.0
InputActivityRatio,B_Opt_IndiaCostsFuel,GLOBAL,PWRLDSINDNO,ELCINDNO00,,1,2050,,,,,,1.0
InputActivityRatio,B_Opt_IndiaCostsFuel,GLOBAL,PWRLDSINDSO,ELCINDSO00,,1,2023,,,,,,1.0
InputActivityRatio,B_Opt_IndiaCostsFuel,GLOBAL,PWRLDSINDSO,ELCINDSO00,,1,2024,,,,,,1.0
InputActivityRatio,B_Opt_IndiaCostsFuel,GLOBAL,PWRLDSINDSO,ELCINDSO00,,1,2025,,,,,,1.0
InputActivityRatio,B_Opt_IndiaCostsFuel,GLOBAL,PWRLDSINDSO,ELCINDSO00,,1,2026,,,,,,1.0
InputActivityRatio,B_Opt_IndiaCostsFuel,GLOBAL,PWRLDSINDSO,ELCINDSO00,,1,2027,,,,,,1.0
InputActivityRatio,B_Opt_IndiaCostsFuel,GLOBAL,PWRLDSINDSO,ELCINDSO00,,1,2028,,,,,,1.0
InputActivityRatio,B_Opt_IndiaCostsFuel,GLOBAL,PWRLDSINDSO,ELCINDSO00,,1,2029,,,,,,1.0
InputActivityRatio,B_Opt_IndiaCostsFuel,GLOBAL,PWRLDSINDSO,ELCINDSO00,,1,2030,,,,,,1.0
InputActivityRatio,B_Opt_IndiaCostsFuel,GLOBAL,PWRLDSINDSO,ELCINDSO00,,1,2031,,,,,,1.0
InputActivityRatio,B_Opt_IndiaCostsFuel,GLOBAL,PWRLDSINDSO,ELCINDSO00,,1,2032,,,,,,1.0
InputActivityRatio,B_Opt_IndiaCostsFuel,GLOBAL,PWRLDSINDSO,ELCINDSO00,,1,2033,,,,,,1.0
InputActivityRatio,B_Opt_IndiaCostsFuel,GLOBAL,PWRLDSINDSO,ELCINDSO00,,1,2034,,,,,,1.0
InputActivityRatio,B_Opt_IndiaCostsFuel,GLOBAL,PWRLDSINDSO,ELCINDSO00,,1,2035,,,,,,1.0
InputActivityRatio,B_Opt_IndiaCostsFuel,GLOBAL,PWRLDSINDSO,ELCINDSO00,,1,2036,,,,,,1.0
InputActivityRatio,B_Opt_IndiaCostsFuel,GLOBAL,PWRLDSINDSO,ELCINDSO00,,1,2037,,,,,,1.0
InputActivityRatio,B_Opt_IndiaCostsFuel,GLOBAL,PWRLDSINDSO,ELCINDSO00,,1,2038,,,,,,1.0
InputActivityRatio,B_Opt_IndiaCostsFuel,GLOBAL,PWRLDSINDSO,ELCINDSO00,,1,2039,,,,,,1.0
InputActivityRatio,B_Opt_IndiaCostsFuel,GLOBAL,PWRLDSINDSO,ELCINDSO00,,1,2040,,,,,,1.0
InputActivityRatio,B_Opt_IndiaCostsFuel,GLOBAL,PWRLDSINDSO,ELCINDSO00,,1,2041,,,,,,1.0
InputActivityRatio,B_Opt_IndiaCostsFuel,GLOBAL,PWRLDSINDSO,ELCINDSO00,,1,2042,,,,,,1.0
InputActivityRatio,B_Opt_IndiaCostsFuel,GLOBAL,PWRLDSINDSO,ELCINDSO00,,1,2043,,,,,,1.0
InputActivityRatio,B_Opt_IndiaCostsFuel,GLOBAL,PWRLDSINDSO,ELCINDSO00,,1,2044,,,,,,1.0
InputActivityRatio,B_Opt_IndiaCostsFuel,GLOBAL,PWRLDSINDSO,ELCINDSO00,,1,2045,,,,,,1.0
InputActivityRatio,B_Opt_IndiaCostsFuel,GLOBAL,PWRLDSINDSO,ELCINDSO00,,1,2046,,,,,,1.0
InputActivityRatio,B_Opt_IndiaCostsFuel,GLOBAL,PWRLDSINDSO,ELCINDSO00,,1,2047,,,,,,1.0
InputActivityRatio,B_Opt_IndiaCostsFuel,GLOBAL,PWRLDSINDSO,ELCINDSO00,,1,2048,,,,,,1.0
InputActivityRatio,B_Opt_IndiaCostsFuel,GLOBAL,PWRLDSINDSO,ELCINDSO00,,1,2049,,,,,,1.0
InputActivityRatio,B_Opt_IndiaCostsFuel,GLOBAL,PWRLDSINDSO,ELCINDSO00,,1,2050,,,,,,1.0
InputActivityRatio,B_Opt_IndiaCostsFuel,GLOBAL,PWRLDSINDWE,ELCINDWE00,,1,2023,,,,,,1.0
InputActivityRatio,B_Opt_IndiaCostsFuel,GLOBAL,PWRLDSINDWE,ELCINDWE00,,1,2024,,,,,,1.0
InputActivityRatio,B_Opt_IndiaCostsFuel,GLOBAL,PWRLDSINDWE,ELCINDWE00,,1,2025,,,,,,1.0
InputActivityRatio,B_Opt_IndiaCostsFuel,GLOBAL,PWRLDSINDWE,ELCINDWE00,,1,2026,,,,,,1.0
InputActivityRatio,B_Opt_IndiaCostsFuel,GLOBAL,PWRLDSINDWE,ELCINDWE00,,1,2027,,,,,,1.0
InputActivityRatio,B_Opt_IndiaCostsFuel,GLOBAL,PWRLDSINDWE,ELCINDWE00,,1,2028,,,,,,1.0
InputActivityRatio,B_Opt_IndiaCostsFuel,GLOBAL,PWRLDSINDWE,ELCINDWE00,,1,2029,,,,,,1.0
InputActivityRatio,B_Opt_IndiaCostsFuel,GLOBAL,PWRLDSINDWE,ELCINDWE00,,1,2030,,,,,,1.0
InputActivityRatio,B_Opt_IndiaCostsFuel,GLOBAL,PWRLDSINDWE,ELCINDWE00,,1,2031,,,,,,1.0
InputActivityRatio,B_Opt_IndiaCostsFuel,GLOBAL,PWRLDSINDWE,ELCINDWE00,,1,2032,,,,,,1.0
InputActivityRatio,B_Opt_IndiaCostsFuel,GLOBAL,PWRLDSINDWE,ELCINDWE00,,1,2033,,,,,,1.0
InputActivityRatio,B_Opt_IndiaCostsFuel,GLOBAL,PWRLDSINDWE,ELCINDWE00,,1,2034,,,,,,1.0
InputActivityRatio,B_Opt_IndiaCostsFuel,GLOBAL,PWRLDSINDWE,ELCINDWE00,,1,2035,,,,,,1.0
InputActivityRatio,B_Opt_IndiaCostsFuel,GLOBAL,PWRLDSINDWE,ELCINDWE00,,1,2036,,,,,,1.0
InputActivityRatio,B_Opt_IndiaCostsFuel,GLOBAL,PWRLDSINDWE,ELCINDWE00,,1,2037,,,,,,1.0
InputActivityRatio,B_Opt_IndiaCostsFuel,GLOBAL,PWRLDSINDWE,ELCINDWE00,,1,2038,,,,,,1.0
InputActivityRatio,B_Opt_IndiaCostsFuel,GLOBAL,PWRLDSINDWE,ELCINDWE00,,1,2039,,,,,,1.0
InputActivityRatio,B_Opt_IndiaCostsFuel,GLOBAL,PWRLDSINDWE,ELCINDWE00,,1,2040,,,,,,1.0
InputActivityRatio,B_Opt_IndiaCostsFuel,GLOBAL,PWRLDSINDWE,ELCINDWE00,,1,2041,,,,,,1.0
InputActivityRatio,B_Opt_IndiaCostsFuel,GLOBAL,PWRLDSINDWE,ELCINDWE00,,1,2042,,,,,,1.0
InputActivityRatio,B_Opt_IndiaCostsFuel,GLOBAL,PWRLDSINDWE,ELCINDWE00,,1,2043,,,,,,1.0
InputActivityRatio,B_Opt_IndiaCostsFuel,GLOBAL,PWRLDSINDWE,ELCINDWE00,,1,2044,,,,,,1.0
InputActivityRatio,B_Opt_IndiaCostsFuel,GLOBAL,PWRLDSINDWE,ELCINDWE00,,1,2045,,,,,,1.0
InputActivityRatio,B_Opt_IndiaCostsFuel,GLOBAL,PWRLDSINDWE,ELCINDWE00,,1,2046,,,,,,1.0
InputActivityRatio,B_Opt_IndiaCostsFuel,GLOBAL,PWRLDSINDWE,ELCINDWE00,,1,2047,,,,,,1.0
InputActivityRatio,B_Opt_IndiaCostsFuel,GLOBAL,PWRLDSINDWE,ELCINDWE00,,1,2048,,,,,,1.0
InputActivityRatio,B_Opt_IndiaCostsFuel,GLOBAL,PWRLDSINDWE,ELCINDWE00,,1,2049,,,,,,1.0
InputActivityRatio,B_Opt_IndiaCostsFuel,GLOBAL,PWRLDSINDWE,ELCINDWE00,,1,2050,,,,,,1.0
InputActivityRatio,B_Opt_IndiaCostsFuel,GLOBAL,PWRLDSLKAXX,ELCLKAXX00,,1,2023,,,,,,1.0
InputActivityRatio,B_Opt_IndiaCostsFuel,GLOBAL,PWRLDSLKAXX,ELCLKAXX00,,1,2024,,,,,,1.0
InputActivityRatio,B_Opt_IndiaCostsFuel,GLOBAL,PWRLDSLKAXX,ELCLKAXX00,,1,2025,,,,,,1.0
InputActivityRatio,B_Opt_IndiaCostsFuel,GLOBAL,PWRLDSLKAXX,ELCLKAXX00,,1,2026,,,,,,1.0
InputActivityRatio,B_Opt_IndiaCostsFuel,GLOBAL,PWRLDSLKAXX,ELCLKAXX00,,1,2027,,,,,,1.0
InputActivityRatio,B_Opt_IndiaCostsFuel,GLOBAL,PWRLDSLKAXX,ELCLKAXX00,,1,2028,,,,,,1.0
InputActivityRatio,B_Opt_IndiaCostsFuel,GLOBAL,PWRLDSLKAXX,ELCLKAXX00,,1,2029,,,,,,1.0
InputActivityRatio,B_Opt_IndiaCostsFuel,GLOBAL,PWRLDSLKAXX,ELCLKAXX00,,1,2030,,,,,,1.0
InputActivityRatio,B_Opt_IndiaCostsFuel,GLOBAL,PWRLDSLKAXX,ELCLKAXX00,,1,2031,,,,,,1.0
InputActivityRatio,B_Opt_IndiaCostsFuel,GLOBAL,PWRLDSLKAXX,ELCLKAXX00,,1,2032,,,,,,1.0
InputActivityRatio,B_Opt_IndiaCostsFuel,GLOBAL,PWRLDSLKAXX,ELCLKAXX00,,1,2033,,,,,,1.0
InputActivityRatio,B_Opt_IndiaCostsFuel,GLOBAL,PWRLDSLKAXX,ELCLKAXX00,,1,2034,,,,,,1.0
InputActivityRatio,B_Opt_IndiaCostsFuel,GLOBAL,PWRLDSLKAXX,ELCLKAXX00,,1,2035,,,,,,1.0
InputActivityRatio,B_Opt_IndiaCostsFuel,GLOBAL,PWRLDSLKAXX,ELCLKAXX00,,1,2036,,,,,,1.0
InputActivityRatio,B_Opt_IndiaCostsFuel,GLOBAL,PWRLDSLKAXX,ELCLKAXX00,,1,2037,,,,,,1.0
InputActivityRatio,B_Opt_IndiaCostsFuel,GLOBAL,PWRLDSLKAXX,ELCLKAXX00,,1,2038,,,,,,1.0
InputActivityRatio,B_Opt_IndiaCostsFuel,GLOBAL,PWRLDSLKAXX,ELCLKAXX00,,1,2039,,,,,,1.0
InputActivityRatio,B_Opt_IndiaCostsFuel,GLOBAL,PWRLDSLKAXX,ELCLKAXX00,,1,2040,,,,,,1.0
InputActivityRatio,B_Opt_IndiaCostsFuel,GLOBAL,PWRLDSLKAXX,ELCLKAXX00,,1,2041,,,,,,1.0
InputActivityRatio,B_Opt_IndiaCostsFuel,GLOBAL,PWRLDSLKAXX,ELCLKAXX00,,1,2042,,,,,,1.0
InputActivityRatio,B_Opt_IndiaCostsFuel,GLOBAL,PWRLDSLKAXX,ELCLKAXX00,,1,2043,,,,,,1.0
InputActivityRatio,B_Opt_IndiaCostsFuel,GLOBAL,PWRLDSLKAXX,ELCLKAXX00,,1,2044,,,,,,1.0
InputActivityRatio,B_Opt_IndiaCostsFuel,GLOBAL,PWRLDSLKAXX,ELCLKAXX00,,1,2045,,,,,,1.0
InputActivityRatio,B_Opt_IndiaCostsFuel,GLOBAL,PWRLDSLKAXX,ELCLKAXX00,,1,2046,,,,,,1.0
InputActivityRatio,B_Opt_IndiaCostsFuel,GLOBAL,PWRLDSLKAXX,ELCLKAXX00,,1,2047,,,,,,1.0
InputActivityRatio,B_Opt_IndiaCostsFuel,GLOBAL,PWRLDSLKAXX,ELCLKAXX00,,1,2048,,,,,,1.0
InputActivityRatio,B_Opt_IndiaCostsFuel,GLOBAL,PWRLDSLKAXX,ELCLKAXX00,,1,2049,,,,,,1.0
InputActivityRatio,B_Opt_IndiaCostsFuel,GLOBAL,PWRLDSLKAXX,ELCLKAXX00,,1,2050,,,,,,1.0
InputActivityRatio,B_Opt_IndiaCostsFuel,GLOBAL,PWRLDSMDVXX,ELCMDVXX00,,1,2023,,,,,,1.0
InputActivityRatio,B_Opt_IndiaCostsFuel,GLOBAL,PWRLDSMDVXX,ELCMDVXX00,,1,2024,,,,,,1.0
InputActivityRatio,B_Opt_IndiaCostsFuel,GLOBAL,PWRLDSMDVXX,ELCMDVXX00,,1,2025,,,,,,1.0
InputActivityRatio,B_Opt_IndiaCostsFuel,GLOBAL,PWRLDSMDVXX,ELCMDVXX00,,1,2026,,,,,,1.0
InputActivityRatio,B_Opt_IndiaCostsFuel,GLOBAL,PWRLDSMDVXX,ELCMDVXX00,,1,2027,,,,,,1.0
InputActivityRatio,B_Opt_IndiaCostsFuel,GLOBAL,PWRLDSMDVXX,ELCMDVXX00,,1,2028,,,,,,1.0
InputActivityRatio,B_Opt_IndiaCostsFuel,GLOBAL,PWRLDSMDVXX,ELCMDVXX00,,1,2029,,,,,,1.0
InputActivityRatio,B_Opt_IndiaCostsFuel,GLOBAL,PWRLDSMDVXX,ELCMDVXX00,,1,2030,,,,,,1.0
InputActivityRatio,B_Opt_IndiaCostsFuel,GLOBAL,PWRLDSMDVXX,ELCMDVXX00,,1,2031,,,,,,1.0
InputActivityRatio,B_Opt_IndiaCostsFuel,GLOBAL,PWRLDSMDVXX,ELCMDVXX00,,1,2032,,,,,,1.0
InputActivityRatio,B_Opt_IndiaCostsFuel,GLOBAL,PWRLDSMDVXX,ELCMDVXX00,,1,2033,,,,,,1.0
InputActivityRatio,B_Opt_IndiaCostsFuel,GLOBAL,PWRLDSMDVXX,ELCMDVXX00,,1,2034,,,,,,1.0
InputActivityRatio,B_Opt_IndiaCostsFuel,GLOBAL,PWRLDSMDVXX,ELCMDVXX00,,1,2035,,,,,,1.0
InputActivityRatio,B_Opt_IndiaCostsFuel,GLOBAL,PWRLDSMDVXX,ELCMDVXX00,,1,2036,,,,,,1.0
InputActivityRatio,B_Opt_IndiaCostsFuel,GLOBAL,PWRLDSMDVXX,ELCMDVXX00,,1,2037,,,,,,1.0
InputActivityRatio,B_Opt_IndiaCostsFuel,GLOBAL,PWRLDSMDVXX,ELCMDVXX00,,1,2038,,,,,,1.0
InputActivityRatio,B_Opt_IndiaCostsFuel,GLOBAL,PWRLDSMDVXX,ELCMDVXX00,,1,2039,,,,,,1.0
InputActivityRatio,B_Opt_IndiaCostsFuel,GLOBAL,PWRLDSMDVXX,ELCMDVXX00,,1,2040,,,,,,1.0
InputActivityRatio,B_Opt_IndiaCostsFuel,GLOBAL,PWRLDSMDVXX,ELCMDVXX00,,1,2041,,,,,,1.0
InputActivityRatio,B_Opt_IndiaCostsFuel,GLOBAL,PWRLDSMDVXX,ELCMDVXX00,,1,2042,,,,,,1.0
InputActivityRatio,B_Opt_IndiaCostsFuel,GLOBAL,PWRLDSMDVXX,ELCMDVXX00,,1,2043,,,,,,1.0
InputActivityRatio,B_Opt_IndiaCostsFuel,GLOBAL,PWRLDSMDVXX,ELCMDVXX00,,1,2044,,,,,,1.0
InputActivityRatio,B_Opt_IndiaCostsFuel,GLOBAL,PWRLDSMDVXX,ELCMDVXX00,,1,2045,,,,,,1.0
InputActivityRatio,B_Opt_IndiaCostsFuel,GLOBAL,PWRLDSMDVXX,ELCMDVXX00,,1,2046,,,,,,1.0
InputActivityRatio,B_Opt_IndiaCostsFuel,GLOBAL,PWRLDSMDVXX,ELCMDVXX00,,1,2047,,,,,,1.0
InputActivityRatio,B_Opt_IndiaCostsFuel,GLOBAL,PWRLDSMDVXX,ELCMDVXX00,,1,2048,,,,,,1.0
InputActivityRatio,B_Opt_IndiaCostsFuel,GLOBAL,PWRLDSMDVXX,ELCMDVXX00,,1,2049,,,,,,1.0
InputActivityRatio,B_Opt_IndiaCostsFuel,GLOBAL,PWRLDSMDVXX,ELCMDVXX00,,1,2050,,,,,,1.0
InputActivityRatio,B_Opt_IndiaCostsFuel,GLOBAL,PWRLDSNPLXX,ELCNPLXX00,,1,2023,,,,,,1.0
InputActivityRatio,B_Opt_IndiaCostsFuel,GLOBAL,PWRLDSNPLXX,ELCNPLXX00,,1,2024,,,,,,1.0
InputActivityRatio,B_Opt_IndiaCostsFuel,GLOBAL,PWRLDSNPLXX,ELCNPLXX00,,1,2025,,,,,,1.0
InputActivityRatio,B_Opt_IndiaCostsFuel,GLOBAL,PWRLDSNPLXX,ELCNPLXX00,,1,2026,,,,,,1.0
InputActivityRatio,B_Opt_IndiaCostsFuel,GLOBAL,PWRLDSNPLXX,ELCNPLXX00,,1,2027,,,,,,1.0
InputActivityRatio,B_Opt_IndiaCostsFuel,GLOBAL,PWRLDSNPLXX,ELCNPLXX00,,1,2028,,,,,,1.0
InputActivityRatio,B_Opt_IndiaCostsFuel,GLOBAL,PWRLDSNPLXX,ELCNPLXX00,,1,2029,,,,,,1.0
InputActivityRatio,B_Opt_IndiaCostsFuel,GLOBAL,PWRLDSNPLXX,ELCNPLXX00,,1,2030,,,,,,1.0
InputActivityRatio,B_Opt_IndiaCostsFuel,GLOBAL,PWRLDSNPLXX,ELCNPLXX00,,1,2031,,,,,,1.0
InputActivityRatio,B_Opt_IndiaCostsFuel,GLOBAL,PWRLDSNPLXX,ELCNPLXX00,,1,2032,,,,,,1.0
InputActivityRatio,B_Opt_IndiaCostsFuel,GLOBAL,PWRLDSNPLXX,ELCNPLXX00,,1,2033,,,,,,1.0
InputActivityRatio,B_Opt_IndiaCostsFuel,GLOBAL,PWRLDSNPLXX,ELCNPLXX00,,1,2034,,,,,,1.0
InputActivityRatio,B_Opt_IndiaCostsFuel,GLOBAL,PWRLDSNPLXX,ELCNPLXX00,,1,2035,,,,,,1.0
InputActivityRatio,B_Opt_IndiaCostsFuel,GLOBAL,PWRLDSNPLXX,ELCNPLXX00,,1,2036,,,,,,1.0
InputActivityRatio,B_Opt_IndiaCostsFuel,GLOBAL,PWRLDSNPLXX,ELCNPLXX00,,1,2037,,,,,,1.0
InputActivityRatio,B_Opt_IndiaCostsFuel,GLOBAL,PWRLDSNPLXX,ELCNPLXX00,,1,2038,,,,,,1.0
InputActivityRatio,B_Opt_IndiaCostsFuel,GLOBAL,PWRLDSNPLXX,ELCNPLXX00,,1,2039,,,,,,1.0
InputActivityRatio,B_Opt_IndiaCostsFuel,GLOBAL,PWRLDSNPLXX,ELCNPLXX00,,1,2040,,,,,,1.0
InputActivityRatio,B_Opt_IndiaCostsFuel,GLOBAL,PWRLDSNPLXX,ELCNPLXX00,,1,2041,,,,,,1.0
InputActivityRatio,B_Opt_IndiaCostsFuel,GLOBAL,PWRLDSNPLXX,ELCNPLXX00,,1,2042,,,,,,1.0
InputActivityRatio,B_Opt_IndiaCostsFuel,GLOBAL,PWRLDSNPLXX,ELCNPLXX00,,1,2043,,,,,,1.0
InputActivityRatio,B_Opt_IndiaCostsFuel,GLOBAL,PWRLDSNPLXX,ELCNPLXX00,,1,2044,,,,,,1.0
InputActivityRatio,B_Opt_IndiaCostsFuel,GLOBAL,PWRLDSNPLXX,ELCNPLXX00,,1,2045,,,,,,1.0
InputActivityRatio,B_Opt_IndiaCostsFuel,GLOBAL,PWRLDSNPLXX,ELCNPLXX00,,1,2046,,,,,,1.0
InputActivityRatio,B_Opt_IndiaCostsFuel,GLOBAL,PWRLDSNPLXX,ELCNPLXX00,,1,2047,,,,,,1.0
InputActivityRatio,B_Opt_IndiaCostsFuel,GLOBAL,PWRLDSNPLXX,ELCNPLXX00,,1,2048,,,,,,1.0
InputActivityRatio,B_Opt_IndiaCostsFuel,GLOBAL,PWRLDSNPLXX,ELCNPLXX00,,1,2049,,,,,,1.0
InputActivityRatio,B_Opt_IndiaCostsFuel,GLOBAL,PWRLDSNPLXX,ELCNPLXX00,,1,2050,,,,,,1.0
InputActivityRatio,B_Opt_IndiaCostsFuel,GLOBAL,PWRSDSBGDXX,ELCBGDXX00,,1,2023,,,,,,1.0
InputActivityRatio,B_Opt_IndiaCostsFuel,GLOBAL,PWRSDSBGDXX,ELCBGDXX00,,1,2024,,,,,,1.0
InputActivityRatio,B_Opt_IndiaCostsFuel,GLOBAL,PWRSDSBGDXX,ELCBGDXX00,,1,2025,,,,,,1.0
InputActivityRatio,B_Opt_IndiaCostsFuel,GLOBAL,PWRSDSBGDXX,ELCBGDXX00,,1,2026,,,,,,1.0
InputActivityRatio,B_Opt_IndiaCostsFuel,GLOBAL,PWRSDSBGDXX,ELCBGDXX00,,1,2027,,,,,,1.0
InputActivityRatio,B_Opt_IndiaCostsFuel,GLOBAL,PWRSDSBGDXX,ELCBGDXX00,,1,2028,,,,,,1.0
InputActivityRatio,B_Opt_IndiaCostsFuel,GLOBAL,PWRSDSBGDXX,ELCBGDXX00,,1,2029,,,,,,1.0
InputActivityRatio,B_Opt_IndiaCostsFuel,GLOBAL,PWRSDSBGDXX,ELCBGDXX00,,1,2030,,,,,,1.0
InputActivityRatio,B_Opt_IndiaCostsFuel,GLOBAL,PWRSDSBGDXX,ELCBGDXX00,,1,2031,,,,,,1.0
InputActivityRatio,B_Opt_IndiaCostsFuel,GLOBAL,PWRSDSBGDXX,ELCBGDXX00,,1,2032,,,,,,1.0
InputActivityRatio,B_Opt_IndiaCostsFuel,GLOBAL,PWRSDSBGDXX,ELCBGDXX00,,1,2033,,,,,,1.0
InputActivityRatio,B_Opt_IndiaCostsFuel,GLOBAL,PWRSDSBGDXX,ELCBGDXX00,,1,2034,,,,,,1.0
InputActivityRatio,B_Opt_IndiaCostsFuel,GLOBAL,PWRSDSBGDXX,ELCBGDXX00,,1,2035,,,,,,1.0
InputActivityRatio,B_Opt_IndiaCostsFuel,GLOBAL,PWRSDSBGDXX,ELCBGDXX00,,1,2036,,,,,,1.0
InputActivityRatio,B_Opt_IndiaCostsFuel,GLOBAL,PWRSDSBGDXX,ELCBGDXX00,,1,2037,,,,,,1.0
InputActivityRatio,B_Opt_IndiaCostsFuel,GLOBAL,PWRSDSBGDXX,ELCBGDXX00,,1,2038,,,,,,1.0
InputActivityRatio,B_Opt_IndiaCostsFuel,GLOBAL,PWRSDSBGDXX,ELCBGDXX00,,1,2039,,,,,,1.0
InputActivityRatio,B_Opt_IndiaCostsFuel,GLOBAL,PWRSDSBGDXX,ELCBGDXX00,,1,2040,,,,,,1.0
InputActivityRatio,B_Opt_IndiaCostsFuel,GLOBAL,PWRSDSBGDXX,ELCBGDXX00,,1,2041,,,,,,1.0
InputActivityRatio,B_Opt_IndiaCostsFuel,GLOBAL,PWRSDSBGDXX,ELCBGDXX00,,1,2042,,,,,,1.0
InputActivityRatio,B_Opt_IndiaCostsFuel,GLOBAL,PWRSDSBGDXX,ELCBGDXX00,,1,2043,,,,,,1.0
InputActivityRatio,B_Opt_IndiaCostsFuel,GLOBAL,PWRSDSBGDXX,ELCBGDXX00,,1,2044,,,,,,1.0
InputActivityRatio,B_Opt_IndiaCostsFuel,GLOBAL,PWRSDSBGDXX,ELCBGDXX00,,1,2045,,,,,,1.0
InputActivityRatio,B_Opt_IndiaCostsFuel,GLOBAL,PWRSDSBGDXX,ELCBGDXX00,,1,2046,,,,,,1.0
InputActivityRatio,B_Opt_IndiaCostsFuel,GLOBAL,PWRSDSBGDXX,ELCBGDXX00,,1,2047,,,,,,1.0
InputActivityRatio,B_Opt_IndiaCostsFuel,GLOBAL,PWRSDSBGDXX,ELCBGDXX00,,1,2048,,,,,,1.0
InputActivityRatio,B_Opt_IndiaCostsFuel,GLOBAL,PWRSDSBGDXX,ELCBGDXX00,,1,2049,,,,,,1.0
InputActivityRatio,B_Opt_IndiaCostsFuel,GLOBAL,PWRSDSBGDXX,ELCBGDXX00,,1,2050,,,,,,1.0
InputActivityRatio,B_Opt_IndiaCostsFuel,GLOBAL,PWRSDSBTNXX,ELCBTNXX00,,1,2023,,,,,,1.0
InputActivityRatio,B_Opt_IndiaCostsFuel,GLOBAL,PWRSDSBTNXX,ELCBTNXX00,,1,2024,,,,,,1.0
InputActivityRatio,B_Opt_IndiaCostsFuel,GLOBAL,PWRSDSBTNXX,ELCBTNXX00,,1,2025,,,,,,1.0
InputActivityRatio,B_Opt_IndiaCostsFuel,GLOBAL,PWRSDSBTNXX,ELCBTNXX00,,1,2026,,,,,,1.0
InputActivityRatio,B_Opt_IndiaCostsFuel,GLOBAL,PWRSDSBTNXX,ELCBTNXX00,,1,2027,,,,,,1.0
InputActivityRatio,B_Opt_IndiaCostsFuel,GLOBAL,PWRSDSBTNXX,ELCBTNXX00,,1,2028,,,,,,1.0
InputActivityRatio,B_Opt_IndiaCostsFuel,GLOBAL,PWRSDSBTNXX,ELCBTNXX00,,1,2029,,,,,,1.0
InputActivityRatio,B_Opt_IndiaCostsFuel,GLOBAL,PWRSDSBTNXX,ELCBTNXX00,,1,2030,,,,,,1.0
InputActivityRatio,B_Opt_IndiaCostsFuel,GLOBAL,PWRSDSBTNXX,ELCBTNXX00,,1,2031,,,,,,1.0
InputActivityRatio,B_Opt_IndiaCostsFuel,GLOBAL,PWRSDSBTNXX,ELCBTNXX00,,1,2032,,,,,,1.0
InputActivityRatio,B_Opt_IndiaCostsFuel,GLOBAL,PWRSDSBTNXX,ELCBTNXX00,,1,2033,,,,,,1.0
InputActivityRatio,B_Opt_IndiaCostsFuel,GLOBAL,PWRSDSBTNXX,ELCBTNXX00,,1,2034,,,,,,1.0
InputActivityRatio,B_Opt_IndiaCostsFuel,GLOBAL,PWRSDSBTNXX,ELCBTNXX00,,1,2035,,,,,,1.0
InputActivityRatio,B_Opt_IndiaCostsFuel,GLOBAL,PWRSDSBTNXX,ELCBTNXX00,,1,2036,,,,,,1.0
InputActivityRatio,B_Opt_IndiaCostsFuel,GLOBAL,PWRSDSBTNXX,ELCBTNXX00,,1,2037,,,,,,1.0
InputActivityRatio,B_Opt_IndiaCostsFuel,GLOBAL,PWRSDSBTNXX,ELCBTNXX00,,1,2038,,,,,,1.0
InputActivityRatio,B_Opt_IndiaCostsFuel,GLOBAL,PWRSDSBTNXX,ELCBTNXX00,,1,2039,,,,,,1.0
InputActivityRatio,B_Opt_IndiaCostsFuel,GLOBAL,PWRSDSBTNXX,ELCBTNXX00,,1,2040,,,,,,1.0
InputActivityRatio,B_Opt_IndiaCostsFuel,GLOBAL,PWRSDSBTNXX,ELCBTNXX00,,1,2041,,,,,,1.0
InputActivityRatio,B_Opt_IndiaCostsFuel,GLOBAL,PWRSDSBTNXX,ELCBTNXX00,,1,2042,,,,,,1.0
InputActivityRatio,B_Opt_IndiaCostsFuel,GLOBAL,PWRSDSBTNXX,ELCBTNXX00,,1,2043,,,,,,1.0
InputActivityRatio,B_Opt_IndiaCostsFuel,GLOBAL,PWRSDSBTNXX,ELCBTNXX00,,1,2044,,,,,,1.0
InputActivityRatio,B_Opt_IndiaCostsFuel,GLOBAL,PWRSDSBTNXX,ELCBTNXX00,,1,2045,,,,,,1.0
InputActivityRatio,B_Opt_IndiaCostsFuel,GLOBAL,PWRSDSBTNXX,ELCBTNXX00,,1,2046,,,,,,1.0
InputActivityRatio,B_Opt_IndiaCostsFuel,GLOBAL,PWRSDSBTNXX,ELCBTNXX00,,1,2047,,,,,,1.0
InputActivityRatio,B_Opt_IndiaCostsFuel,GLOBAL,PWRSDSBTNXX,ELCBTNXX00,,1,2048,,,,,,1.0
InputActivityRatio,B_Opt_IndiaCostsFuel,GLOBAL,PWRSDSBTNXX,ELCBTNXX00,,1,2049,,,,,,1.0
InputActivityRatio,B_Opt_IndiaCostsFuel,GLOBAL,PWRSDSBTNXX,ELCBTNXX00,,1,2050,,,,,,1.0
InputActivityRatio,B_Opt_IndiaCostsFuel,GLOBAL,PWRSDSINDEA,ELCINDEA00,,1,2023,,,,,,1.0
InputActivityRatio,B_Opt_IndiaCostsFuel,GLOBAL,PWRSDSINDEA,ELCINDEA00,,1,2024,,,,,,1.0
InputActivityRatio,B_Opt_IndiaCostsFuel,GLOBAL,PWRSDSINDEA,ELCINDEA00,,1,2025,,,,,,1.0
InputActivityRatio,B_Opt_IndiaCostsFuel,GLOBAL,PWRSDSINDEA,ELCINDEA00,,1,2026,,,,,,1.0
InputActivityRatio,B_Opt_IndiaCostsFuel,GLOBAL,PWRSDSINDEA,ELCINDEA00,,1,2027,,,,,,1.0
InputActivityRatio,B_Opt_IndiaCostsFuel,GLOBAL,PWRSDSINDEA,ELCINDEA00,,1,2028,,,,,,1.0
InputActivityRatio,B_Opt_IndiaCostsFuel,GLOBAL,PWRSDSINDEA,ELCINDEA00,,1,2029,,,,,,1.0
InputActivityRatio,B_Opt_IndiaCostsFuel,GLOBAL,PWRSDSINDEA,ELCINDEA00,,1,2030,,,,,,1.0
InputActivityRatio,B_Opt_IndiaCostsFuel,GLOBAL,PWRSDSINDEA,ELCINDEA00,,1,2031,,,,,,1.0
InputActivityRatio,B_Opt_IndiaCostsFuel,GLOBAL,PWRSDSINDEA,ELCINDEA00,,1,2032,,,,,,1.0
InputActivityRatio,B_Opt_IndiaCostsFuel,GLOBAL,PWRSDSINDEA,ELCINDEA00,,1,2033,,,,,,1.0
InputActivityRatio,B_Opt_IndiaCostsFuel,GLOBAL,PWRSDSINDEA,ELCINDEA00,,1,2034,,,,,,1.0
InputActivityRatio,B_Opt_IndiaCostsFuel,GLOBAL,PWRSDSINDEA,ELCINDEA00,,1,2035,,,,,,1.0
InputActivityRatio,B_Opt_IndiaCostsFuel,GLOBAL,PWRSDSINDEA,ELCINDEA00,,1,2036,,,,,,1.0
InputActivityRatio,B_Opt_IndiaCostsFuel,GLOBAL,PWRSDSINDEA,ELCINDEA00,,1,2037,,,,,,1.0
InputActivityRatio,B_Opt_IndiaCostsFuel,GLOBAL,PWRSDSINDEA,ELCINDEA00,,1,2038,,,,,,1.0
InputActivityRatio,B_Opt_IndiaCostsFuel,GLOBAL,PWRSDSINDEA,ELCINDEA00,,1,2039,,,,,,1.0
InputActivityRatio,B_Opt_IndiaCostsFuel,GLOBAL,PWRSDSINDEA,ELCINDEA00,,1,2040,,,,,,1.0
InputActivityRatio,B_Opt_IndiaCostsFuel,GLOBAL,PWRSDSINDEA,ELCINDEA00,,1,2041,,,,,,1.0
InputActivityRatio,B_Opt_IndiaCostsFuel,GLOBAL,PWRSDSINDEA,ELCINDEA00,,1,2042,,,,,,1.0
InputActivityRatio,B_Opt_IndiaCostsFuel,GLOBAL,PWRSDSINDEA,ELCINDEA00,,1,2043,,,,,,1.0
InputActivityRatio,B_Opt_IndiaCostsFuel,GLOBAL,PWRSDSINDEA,ELCINDEA00,,1,2044,,,,,,1.0
InputActivityRatio,B_Opt_IndiaCostsFuel,GLOBAL,PWRSDSINDEA,ELCINDEA00,,1,2045,,,,,,1.0
InputActivityRatio,B_Opt_IndiaCostsFuel,GLOBAL,PWRSDSINDEA,ELCINDEA00,,1,2046,,,,,,1.0
InputActivityRatio,B_Opt_IndiaCostsFuel,GLOBAL,PWRSDSINDEA,ELCINDEA00,,1,2047,,,,,,1.0
InputActivityRatio,B_Opt_IndiaCostsFuel,GLOBAL,PWRSDSINDEA,ELCINDEA00,,1,2048,,,,,,1.0
InputActivityRatio,B_Opt_IndiaCostsFuel,GLOBAL,PWRSDSINDEA,ELCINDEA00,,1,2049,,,,,,1.0
InputActivityRatio,B_Opt_IndiaCostsFuel,GLOBAL,PWRSDSINDEA,ELCINDEA00,,1,2050,,,,,,1.0
InputActivityRatio,B_Opt_IndiaCostsFuel,GLOBAL,PWRSDSINDNE,ELCINDNE00,,1,2023,,,,,,1.0
InputActivityRatio,B_Opt_IndiaCostsFuel,GLOBAL,PWRSDSINDNE,ELCINDNE00,,1,2024,,,,,,1.0
InputActivityRatio,B_Opt_IndiaCostsFuel,GLOBAL,PWRSDSINDNE,ELCINDNE00,,1,2025,,,,,,1.0
InputActivityRatio,B_Opt_IndiaCostsFuel,GLOBAL,PWRSDSINDNE,ELCINDNE00,,1,2026,,,,,,1.0
InputActivityRatio,B_Opt_IndiaCostsFuel,GLOBAL,PWRSDSINDNE,ELCINDNE00,,1,2027,,,,,,1.0
InputActivityRatio,B_Opt_IndiaCostsFuel,GLOBAL,PWRSDSINDNE,ELCINDNE00,,1,2028,,,,,,1.0
InputActivityRatio,B_Opt_IndiaCostsFuel,GLOBAL,PWRSDSINDNE,ELCINDNE00,,1,2029,,,,,,1.0
InputActivityRatio,B_Opt_IndiaCostsFuel,GLOBAL,PWRSDSINDNE,ELCINDNE00,,1,2030,,,,,,1.0
InputActivityRatio,B_Opt_IndiaCostsFuel,GLOBAL,PWRSDSINDNE,ELCINDNE00,,1,2031,,,,,,1.0
InputActivityRatio,B_Opt_IndiaCostsFuel,GLOBAL,PWRSDSINDNE,ELCINDNE00,,1,2032,,,,,,1.0
InputActivityRatio,B_Opt_IndiaCostsFuel,GLOBAL,PWRSDSINDNE,ELCINDNE00,,1,2033,,,,,,1.0
InputActivityRatio,B_Opt_IndiaCostsFuel,GLOBAL,PWRSDSINDNE,ELCINDNE00,,1,2034,,,,,,1.0
InputActivityRatio,B_Opt_IndiaCostsFuel,GLOBAL,PWRSDSINDNE,ELCINDNE00,,1,2035,,,,,,1.0
InputActivityRatio,B_Opt_IndiaCostsFuel,GLOBAL,PWRSDSINDNE,ELCINDNE00,,1,2036,,,,,,1.0
InputActivityRatio,B_Opt_IndiaCostsFuel,GLOBAL,PWRSDSINDNE,ELCINDNE00,,1,2037,,,,,,1.0
InputActivityRatio,B_Opt_IndiaCostsFuel,GLOBAL,PWRSDSINDNE,ELCINDNE00,,1,2038,,,,,,1.0
InputActivityRatio,B_Opt_IndiaCostsFuel,GLOBAL,PWRSDSINDNE,ELCINDNE00,,1,2039,,,,,,1.0
InputActivityRatio,B_Opt_IndiaCostsFuel,GLOBAL,PWRSDSINDNE,ELCINDNE00,,1,2040,,,,,,1.0
InputActivityRatio,B_Opt_IndiaCostsFuel,GLOBAL,PWRSDSINDNE,ELCINDNE00,,1,2041,,,,,,1.0
InputActivityRatio,B_Opt_IndiaCostsFuel,GLOBAL,PWRSDSINDNE,ELCINDNE00,,1,2042,,,,,,1.0
InputActivityRatio,B_Opt_IndiaCostsFuel,GLOBAL,PWRSDSINDNE,ELCINDNE00,,1,2043,,,,,,1.0
InputActivityRatio,B_Opt_IndiaCostsFuel,GLOBAL,PWRSDSINDNE,ELCINDNE00,,1,2044,,,,,,1.0
InputActivityRatio,B_Opt_IndiaCostsFuel,GLOBAL,PWRSDSINDNE,ELCINDNE00,,1,2045,,,,,,1.0
InputActivityRatio,B_Opt_IndiaCostsFuel,GLOBAL,PWRSDSINDNE,ELCINDNE00,,1,2046,,,,,,1.0
InputActivityRatio,B_Opt_IndiaCostsFuel,GLOBAL,PWRSDSINDNE,ELCINDNE00,,1,2047,,,,,,1.0
InputActivityRatio,B_Opt_IndiaCostsFuel,GLOBAL,PWRSDSINDNE,ELCINDNE00,,1,2048,,,,,,1.0
InputActivityRatio,B_Opt_IndiaCostsFuel,GLOBAL,PWRSDSINDNE,ELCINDNE00,,1,2049,,,,,,1.0
InputActivityRatio,B_Opt_IndiaCostsFuel,GLOBAL,PWRSDSINDNE,ELCINDNE00,,1,2050,,,,,,1.0
InputActivityRatio,B_Opt_IndiaCostsFuel,GLOBAL,PWRSDSINDNO,ELCINDNO00,,1,2023,,,,,,1.0
InputActivityRatio,B_Opt_IndiaCostsFuel,GLOBAL,PWRSDSINDNO,ELCINDNO00,,1,2024,,,,,,1.0
InputActivityRatio,B_Opt_IndiaCostsFuel,GLOBAL,PWRSDSINDNO,ELCINDNO00,,1,2025,,,,,,1.0
InputActivityRatio,B_Opt_IndiaCostsFuel,GLOBAL,PWRSDSINDNO,ELCINDNO00,,1,2026,,,,,,1.0
InputActivityRatio,B_Opt_IndiaCostsFuel,GLOBAL,PWRSDSINDNO,ELCINDNO00,,1,2027,,,,,,1.0
InputActivityRatio,B_Opt_IndiaCostsFuel,GLOBAL,PWRSDSINDNO,ELCINDNO00,,1,2028,,,,,,1.0
InputActivityRatio,B_Opt_IndiaCostsFuel,GLOBAL,PWRSDSINDNO,ELCINDNO00,,1,2029,,,,,,1.0
InputActivityRatio,B_Opt_IndiaCostsFuel,GLOBAL,PWRSDSINDNO,ELCINDNO00,,1,2030,,,,,,1.0
InputActivityRatio,B_Opt_IndiaCostsFuel,GLOBAL,PWRSDSINDNO,ELCINDNO00,,1,2031,,,,,,1.0
InputActivityRatio,B_Opt_IndiaCostsFuel,GLOBAL,PWRSDSINDNO,ELCINDNO00,,1,2032,,,,,,1.0
InputActivityRatio,B_Opt_IndiaCostsFuel,GLOBAL,PWRSDSINDNO,ELCINDNO00,,1,2033,,,,,,1.0
InputActivityRatio,B_Opt_IndiaCostsFuel,GLOBAL,PWRSDSINDNO,ELCINDNO00,,1,2034,,,,,,1.0
InputActivityRatio,B_Opt_IndiaCostsFuel,GLOBAL,PWRSDSINDNO,ELCINDNO00,,1,2035,,,,,,1.0
InputActivityRatio,B_Opt_IndiaCostsFuel,GLOBAL,PWRSDSINDNO,ELCINDNO00,,1,2036,,,,,,1.0
InputActivityRatio,B_Opt_IndiaCostsFuel,GLOBAL,PWRSDSINDNO,ELCINDNO00,,1,2037,,,,,,1.0
InputActivityRatio,B_Opt_IndiaCostsFuel,GLOBAL,PWRSDSINDNO,ELCINDNO00,,1,2038,,,,,,1.0
InputActivityRatio,B_Opt_IndiaCostsFuel,GLOBAL,PWRSDSINDNO,ELCINDNO00,,1,2039,,,,,,1.0
InputActivityRatio,B_Opt_IndiaCostsFuel,GLOBAL,PWRSDSINDNO,ELCINDNO00,,1,2040,,,,,,1.0
InputActivityRatio,B_Opt_IndiaCostsFuel,GLOBAL,PWRSDSINDNO,ELCINDNO00,,1,2041,,,,,,1.0
InputActivityRatio,B_Opt_IndiaCostsFuel,GLOBAL,PWRSDSINDNO,ELCINDNO00,,1,2042,,,,,,1.0
InputActivityRatio,B_Opt_IndiaCostsFuel,GLOBAL,PWRSDSINDNO,ELCINDNO00,,1,2043,,,,,,1.0
InputActivityRatio,B_Opt_IndiaCostsFuel,GLOBAL,PWRSDSINDNO,ELCINDNO00,,1,2044,,,,,,1.0
InputActivityRatio,B_Opt_IndiaCostsFuel,GLOBAL,PWRSDSINDNO,ELCINDNO00,,1,2045,,,,,,1.0
InputActivityRatio,B_Opt_IndiaCostsFuel,GLOBAL,PWRSDSINDNO,ELCINDNO00,,1,2046,,,,,,1.0
InputActivityRatio,B_Opt_IndiaCostsFuel,GLOBAL,PWRSDSINDNO,ELCINDNO00,,1,2047,,,,,,1.0
InputActivityRatio,B_Opt_IndiaCostsFuel,GLOBAL,PWRSDSINDNO,ELCINDNO00,,1,2048,,,,,,1.0
InputActivityRatio,B_Opt_IndiaCostsFuel,GLOBAL,PWRSDSINDNO,ELCINDNO00,,1,2049,,,,,,1.0
InputActivityRatio,B_Opt_IndiaCostsFuel,GLOBAL,PWRSDSINDNO,ELCINDNO00,,1,2050,,,,,,1.0
InputActivityRatio,B_Opt_IndiaCostsFuel,GLOBAL,PWRSDSINDSO,ELCINDSO00,,1,2023,,,,,,1.0
InputActivityRatio,B_Opt_IndiaCostsFuel,GLOBAL,PWRSDSINDSO,ELCINDSO00,,1,2024,,,,,,1.0
InputActivityRatio,B_Opt_IndiaCostsFuel,GLOBAL,PWRSDSINDSO,ELCINDSO00,,1,2025,,,,,,1.0
InputActivityRatio,B_Opt_IndiaCostsFuel,GLOBAL,PWRSDSINDSO,ELCINDSO00,,1,2026,,,,,,1.0
InputActivityRatio,B_Opt_IndiaCostsFuel,GLOBAL,PWRSDSINDSO,ELCINDSO00,,1,2027,,,,,,1.0
InputActivityRatio,B_Opt_IndiaCostsFuel,GLOBAL,PWRSDSINDSO,ELCINDSO00,,1,2028,,,,,,1.0
InputActivityRatio,B_Opt_IndiaCostsFuel,GLOBAL,PWRSDSINDSO,ELCINDSO00,,1,2029,,,,,,1.0
InputActivityRatio,B_Opt_IndiaCostsFuel,GLOBAL,PWRSDSINDSO,ELCINDSO00,,1,2030,,,,,,1.0
InputActivityRatio,B_Opt_IndiaCostsFuel,GLOBAL,PWRSDSINDSO,ELCINDSO00,,1,2031,,,,,,1.0
InputActivityRatio,B_Opt_IndiaCostsFuel,GLOBAL,PWRSDSINDSO,ELCINDSO00,,1,2032,,,,,,1.0
InputActivityRatio,B_Opt_IndiaCostsFuel,GLOBAL,PWRSDSINDSO,ELCINDSO00,,1,2033,,,,,,1.0
InputActivityRatio,B_Opt_IndiaCostsFuel,GLOBAL,PWRSDSINDSO,ELCINDSO00,,1,2034,,,,,,1.0
InputActivityRatio,B_Opt_IndiaCostsFuel,GLOBAL,PWRSDSINDSO,ELCINDSO00,,1,2035,,,,,,1.0
InputActivityRatio,B_Opt_IndiaCostsFuel,GLOBAL,PWRSDSINDSO,ELCINDSO00,,1,2036,,,,,,1.0
InputActivityRatio,B_Opt_IndiaCostsFuel,GLOBAL,PWRSDSINDSO,ELCINDSO00,,1,2037,,,,,,1.0
InputActivityRatio,B_Opt_IndiaCostsFuel,GLOBAL,PWRSDSINDSO,ELCINDSO00,,1,2038,,,,,,1.0
InputActivityRatio,B_Opt_IndiaCostsFuel,GLOBAL,PWRSDSINDSO,ELCINDSO00,,1,2039,,,,,,1.0
InputActivityRatio,B_Opt_IndiaCostsFuel,GLOBAL,PWRSDSINDSO,ELCINDSO00,,1,2040,,,,,,1.0
InputActivityRatio,B_Opt_IndiaCostsFuel,GLOBAL,PWRSDSINDSO,ELCINDSO00,,1,2041,,,,,,1.0
InputActivityRatio,B_Opt_IndiaCostsFuel,GLOBAL,PWRSDSINDSO,ELCINDSO00,,1,2042,,,,,,1.0
InputActivityRatio,B_Opt_IndiaCostsFuel,GLOBAL,PWRSDSINDSO,ELCINDSO00,,1,2043,,,,,,1.0
InputActivityRatio,B_Opt_IndiaCostsFuel,GLOBAL,PWRSDSINDSO,ELCINDSO00,,1,2044,,,,,,1.0
InputActivityRatio,B_Opt_IndiaCostsFuel,GLOBAL,PWRSDSINDSO,ELCINDSO00,,1,2045,,,,,,1.0
InputActivityRatio,B_Opt_IndiaCostsFuel,GLOBAL,PWRSDSINDSO,ELCINDSO00,,1,2046,,,,,,1.0
InputActivityRatio,B_Opt_IndiaCostsFuel,GLOBAL,PWRSDSINDSO,ELCINDSO00,,1,2047,,,,,,1.0
InputActivityRatio,B_Opt_IndiaCostsFuel,GLOBAL,PWRSDSINDSO,ELCINDSO00,,1,2048,,,,,,1.0
InputActivityRatio,B_Opt_IndiaCostsFuel,GLOBAL,PWRSDSINDSO,ELCINDSO00,,1,2049,,,,,,1.0
InputActivityRatio,B_Opt_IndiaCostsFuel,GLOBAL,PWRSDSINDSO,ELCINDSO00,,1,2050,,,,,,1.0
InputActivityRatio,B_Opt_IndiaCostsFuel,GLOBAL,PWRSDSINDWE,ELCINDWE00,,1,2023,,,,,,1.0
InputActivityRatio,B_Opt_IndiaCostsFuel,GLOBAL,PWRSDSINDWE,ELCINDWE00,,1,2024,,,,,,1.0
InputActivityRatio,B_Opt_IndiaCostsFuel,GLOBAL,PWRSDSINDWE,ELCINDWE00,,1,2025,,,,,,1.0
InputActivityRatio,B_Opt_IndiaCostsFuel,GLOBAL,PWRSDSINDWE,ELCINDWE00,,1,2026,,,,,,1.0
InputActivityRatio,B_Opt_IndiaCostsFuel,GLOBAL,PWRSDSINDWE,ELCINDWE00,,1,2027,,,,,,1.0
InputActivityRatio,B_Opt_IndiaCostsFuel,GLOBAL,PWRSDSINDWE,ELCINDWE00,,1,2028,,,,,,1.0
InputActivityRatio,B_Opt_IndiaCostsFuel,GLOBAL,PWRSDSINDWE,ELCINDWE00,,1,2029,,,,,,1.0
InputActivityRatio,B_Opt_IndiaCostsFuel,GLOBAL,PWRSDSINDWE,ELCINDWE00,,1,2030,,,,,,1.0
InputActivityRatio,B_Opt_IndiaCostsFuel,GLOBAL,PWRSDSINDWE,ELCINDWE00,,1,2031,,,,,,1.0
InputActivityRatio,B_Opt_IndiaCostsFuel,GLOBAL,PWRSDSINDWE,ELCINDWE00,,1,2032,,,,,,1.0
InputActivityRatio,B_Opt_IndiaCostsFuel,GLOBAL,PWRSDSINDWE,ELCINDWE00,,1,2033,,,,,,1.0
InputActivityRatio,B_Opt_IndiaCostsFuel,GLOBAL,PWRSDSINDWE,ELCINDWE00,,1,2034,,,,,,1.0
InputActivityRatio,B_Opt_IndiaCostsFuel,GLOBAL,PWRSDSINDWE,ELCINDWE00,,1,2035,,,,,,1.0
InputActivityRatio,B_Opt_IndiaCostsFuel,GLOBAL,PWRSDSINDWE,ELCINDWE00,,1,2036,,,,,,1.0
InputActivityRatio,B_Opt_IndiaCostsFuel,GLOBAL,PWRSDSINDWE,ELCINDWE00,,1,2037,,,,,,1.0
InputActivityRatio,B_Opt_IndiaCostsFuel,GLOBAL,PWRSDSINDWE,ELCINDWE00,,1,2038,,,,,,1.0
InputActivityRatio,B_Opt_IndiaCostsFuel,GLOBAL,PWRSDSINDWE,ELCINDWE00,,1,2039,,,,,,1.0
InputActivityRatio,B_Opt_IndiaCostsFuel,GLOBAL,PWRSDSINDWE,ELCINDWE00,,1,2040,,,,,,1.0
InputActivityRatio,B_Opt_IndiaCostsFuel,GLOBAL,PWRSDSINDWE,ELCINDWE00,,1,2041,,,,,,1.0
InputActivityRatio,B_Opt_IndiaCostsFuel,GLOBAL,PWRSDSINDWE,ELCINDWE00,,1,2042,,,,,,1.0
InputActivityRatio,B_Opt_IndiaCostsFuel,GLOBAL,PWRSDSINDWE,ELCINDWE00,,1,2043,,,,,,1.0
InputActivityRatio,B_Opt_IndiaCostsFuel,GLOBAL,PWRSDSINDWE,ELCINDWE00,,1,2044,,,,,,1.0
InputActivityRatio,B_Opt_IndiaCostsFuel,GLOBAL,PWRSDSINDWE,ELCINDWE00,,1,2045,,,,,,1.0
InputActivityRatio,B_Opt_IndiaCostsFuel,GLOBAL,PWRSDSINDWE,ELCINDWE00,,1,2046,,,,,,1.0
InputActivityRatio,B_Opt_IndiaCostsFuel,GLOBAL,PWRSDSINDWE,ELCINDWE00,,1,2047,,,,,,1.0
InputActivityRatio,B_Opt_IndiaCostsFuel,GLOBAL,PWRSDSINDWE,ELCINDWE00,,1,2048,,,,,,1.0
InputActivityRatio,B_Opt_IndiaCostsFuel,GLOBAL,PWRSDSINDWE,ELCINDWE00,,1,2049,,,,,,1.0
InputActivityRatio,B_Opt_IndiaCostsFuel,GLOBAL,PWRSDSINDWE,ELCINDWE00,,1,2050,,,,,,1.0
InputActivityRatio,B_Opt_IndiaCostsFuel,GLOBAL,PWRSDSLKAXX,ELCLKAXX00,,1,2023,,,,,,1.0
InputActivityRatio,B_Opt_IndiaCostsFuel,GLOBAL,PWRSDSLKAXX,ELCLKAXX00,,1,2024,,,,,,1.0
InputActivityRatio,B_Opt_IndiaCostsFuel,GLOBAL,PWRSDSLKAXX,ELCLKAXX00,,1,2025,,,,,,1.0
InputActivityRatio,B_Opt_IndiaCostsFuel,GLOBAL,PWRSDSLKAXX,ELCLKAXX00,,1,2026,,,,,,1.0
InputActivityRatio,B_Opt_IndiaCostsFuel,GLOBAL,PWRSDSLKAXX,ELCLKAXX00,,1,2027,,,,,,1.0
InputActivityRatio,B_Opt_IndiaCostsFuel,GLOBAL,PWRSDSLKAXX,ELCLKAXX00,,1,2028,,,,,,1.0
InputActivityRatio,B_Opt_IndiaCostsFuel,GLOBAL,PWRSDSLKAXX,ELCLKAXX00,,1,2029,,,,,,1.0
InputActivityRatio,B_Opt_IndiaCostsFuel,GLOBAL,PWRSDSLKAXX,ELCLKAXX00,,1,2030,,,,,,1.0
InputActivityRatio,B_Opt_IndiaCostsFuel,GLOBAL,PWRSDSLKAXX,ELCLKAXX00,,1,2031,,,,,,1.0
InputActivityRatio,B_Opt_IndiaCostsFuel,GLOBAL,PWRSDSLKAXX,ELCLKAXX00,,1,2032,,,,,,1.0
InputActivityRatio,B_Opt_IndiaCostsFuel,GLOBAL,PWRSDSLKAXX,ELCLKAXX00,,1,2033,,,,,,1.0
InputActivityRatio,B_Opt_IndiaCostsFuel,GLOBAL,PWRSDSLKAXX,ELCLKAXX00,,1,2034,,,,,,1.0
InputActivityRatio,B_Opt_IndiaCostsFuel,GLOBAL,PWRSDSLKAXX,ELCLKAXX00,,1,2035,,,,,,1.0
InputActivityRatio,B_Opt_IndiaCostsFuel,GLOBAL,PWRSDSLKAXX,ELCLKAXX00,,1,2036,,,,,,1.0
InputActivityRatio,B_Opt_IndiaCostsFuel,GLOBAL,PWRSDSLKAXX,ELCLKAXX00,,1,2037,,,,,,1.0
InputActivityRatio,B_Opt_IndiaCostsFuel,GLOBAL,PWRSDSLKAXX,ELCLKAXX00,,1,2038,,,,,,1.0
InputActivityRatio,B_Opt_IndiaCostsFuel,GLOBAL,PWRSDSLKAXX,ELCLKAXX00,,1,2039,,,,,,1.0
InputActivityRatio,B_Opt_IndiaCostsFuel,GLOBAL,PWRSDSLKAXX,ELCLKAXX00,,1,2040,,,,,,1.0
InputActivityRatio,B_Opt_IndiaCostsFuel,GLOBAL,PWRSDSLKAXX,ELCLKAXX00,,1,2041,,,,,,1.0
InputActivityRatio,B_Opt_IndiaCostsFuel,GLOBAL,PWRSDSLKAXX,ELCLKAXX00,,1,2042,,,,,,1.0
InputActivityRatio,B_Opt_IndiaCostsFuel,GLOBAL,PWRSDSLKAXX,ELCLKAXX00,,1,2043,,,,,,1.0
InputActivityRatio,B_Opt_IndiaCostsFuel,GLOBAL,PWRSDSLKAXX,ELCLKAXX00,,1,2044,,,,,,1.0
InputActivityRatio,B_Opt_IndiaCostsFuel,GLOBAL,PWRSDSLKAXX,ELCLKAXX00,,1,2045,,,,,,1.0
InputActivityRatio,B_Opt_IndiaCostsFuel,GLOBAL,PWRSDSLKAXX,ELCLKAXX00,,1,2046,,,,,,1.0
InputActivityRatio,B_Opt_IndiaCostsFuel,GLOBAL,PWRSDSLKAXX,ELCLKAXX00,,1,2047,,,,,,1.0
InputActivityRatio,B_Opt_IndiaCostsFuel,GLOBAL,PWRSDSLKAXX,ELCLKAXX00,,1,2048,,,,,,1.0
InputActivityRatio,B_Opt_IndiaCostsFuel,GLOBAL,PWRSDSLKAXX,ELCLKAXX00,,1,2049,,,,,,1.0
InputActivityRatio,B_Opt_IndiaCostsFuel,GLOBAL,PWRSDSLKAXX,ELCLKAXX00,,1,2050,,,,,,1.0
InputActivityRatio,B_Opt_IndiaCostsFuel,GLOBAL,PWRSDSMDVXX,ELCMDVXX00,,1,2023,,,,,,1.0
InputActivityRatio,B_Opt_IndiaCostsFuel,GLOBAL,PWRSDSMDVXX,ELCMDVXX00,,1,2024,,,,,,1.0
InputActivityRatio,B_Opt_IndiaCostsFuel,GLOBAL,PWRSDSMDVXX,ELCMDVXX00,,1,2025,,,,,,1.0
InputActivityRatio,B_Opt_IndiaCostsFuel,GLOBAL,PWRSDSMDVXX,ELCMDVXX00,,1,2026,,,,,,1.0
InputActivityRatio,B_Opt_IndiaCostsFuel,GLOBAL,PWRSDSMDVXX,ELCMDVXX00,,1,2027,,,,,,1.0
InputActivityRatio,B_Opt_IndiaCostsFuel,GLOBAL,PWRSDSMDVXX,ELCMDVXX00,,1,2028,,,,,,1.0
InputActivityRatio,B_Opt_IndiaCostsFuel,GLOBAL,PWRSDSMDVXX,ELCMDVXX00,,1,2029,,,,,,1.0
InputActivityRatio,B_Opt_IndiaCostsFuel,GLOBAL,PWRSDSMDVXX,ELCMDVXX00,,1,2030,,,,,,1.0
InputActivityRatio,B_Opt_IndiaCostsFuel,GLOBAL,PWRSDSMDVXX,ELCMDVXX00,,1,2031,,,,,,1.0
InputActivityRatio,B_Opt_IndiaCostsFuel,GLOBAL,PWRSDSMDVXX,ELCMDVXX00,,1,2032,,,,,,1.0
InputActivityRatio,B_Opt_IndiaCostsFuel,GLOBAL,PWRSDSMDVXX,ELCMDVXX00,,1,2033,,,,,,1.0
InputActivityRatio,B_Opt_IndiaCostsFuel,GLOBAL,PWRSDSMDVXX,ELCMDVXX00,,1,2034,,,,,,1.0
InputActivityRatio,B_Opt_IndiaCostsFuel,GLOBAL,PWRSDSMDVXX,ELCMDVXX00,,1,2035,,,,,,1.0
InputActivityRatio,B_Opt_IndiaCostsFuel,GLOBAL,PWRSDSMDVXX,ELCMDVXX00,,1,2036,,,,,,1.0
InputActivityRatio,B_Opt_IndiaCostsFuel,GLOBAL,PWRSDSMDVXX,ELCMDVXX00,,1,2037,,,,,,1.0
InputActivityRatio,B_Opt_IndiaCostsFuel,GLOBAL,PWRSDSMDVXX,ELCMDVXX00,,1,2038,,,,,,1.0
InputActivityRatio,B_Opt_IndiaCostsFuel,GLOBAL,PWRSDSMDVXX,ELCMDVXX00,,1,2039,,,,,,1.0
InputActivityRatio,B_Opt_IndiaCostsFuel,GLOBAL,PWRSDSMDVXX,ELCMDVXX00,,1,2040,,,,,,1.0
InputActivityRatio,B_Opt_IndiaCostsFuel,GLOBAL,PWRSDSMDVXX,ELCMDVXX00,,1,2041,,,,,,1.0
InputActivityRatio,B_Opt_IndiaCostsFuel,GLOBAL,PWRSDSMDVXX,ELCMDVXX00,,1,2042,,,,,,1.0
InputActivityRatio,B_Opt_IndiaCostsFuel,GLOBAL,PWRSDSMDVXX,ELCMDVXX00,,1,2043,,,,,,1.0
InputActivityRatio,B_Opt_IndiaCostsFuel,GLOBAL,PWRSDSMDVXX,ELCMDVXX00,,1,2044,,,,,,1.0
InputActivityRatio,B_Opt_IndiaCostsFuel,GLOBAL,PWRSDSMDVXX,ELCMDVXX00,,1,2045,,,,,,1.0
InputActivityRatio,B_Opt_IndiaCostsFuel,GLOBAL,PWRSDSMDVXX,ELCMDVXX00,,1,2046,,,,,,1.0
InputActivityRatio,B_Opt_IndiaCostsFuel,GLOBAL,PWRSDSMDVXX,ELCMDVXX00,,1,2047,,,,,,1.0
InputActivityRatio,B_Opt_IndiaCostsFuel,GLOBAL,PWRSDSMDVXX,ELCMDVXX00,,1,2048,,,,,,1.0
InputActivityRatio,B_Opt_IndiaCostsFuel,GLOBAL,PWRSDSMDVXX,ELCMDVXX00,,1,2049,,,,,,1.0
InputActivityRatio,B_Opt_IndiaCostsFuel,GLOBAL,PWRSDSMDVXX,ELCMDVXX00,,1,2050,,,,,,1.0
InputActivityRatio,B_Opt_IndiaCostsFuel,GLOBAL,PWRSDSNPLXX,ELCNPLXX00,,1,2023,,,,,,1.0
InputActivityRatio,B_Opt_IndiaCostsFuel,GLOBAL,PWRSDSNPLXX,ELCNPLXX00,,1,2024,,,,,,1.0
InputActivityRatio,B_Opt_IndiaCostsFuel,GLOBAL,PWRSDSNPLXX,ELCNPLXX00,,1,2025,,,,,,1.0
InputActivityRatio,B_Opt_IndiaCostsFuel,GLOBAL,PWRSDSNPLXX,ELCNPLXX00,,1,2026,,,,,,1.0
InputActivityRatio,B_Opt_IndiaCostsFuel,GLOBAL,PWRSDSNPLXX,ELCNPLXX00,,1,2027,,,,,,1.0
InputActivityRatio,B_Opt_IndiaCostsFuel,GLOBAL,PWRSDSNPLXX,ELCNPLXX00,,1,2028,,,,,,1.0
InputActivityRatio,B_Opt_IndiaCostsFuel,GLOBAL,PWRSDSNPLXX,ELCNPLXX00,,1,2029,,,,,,1.0
InputActivityRatio,B_Opt_IndiaCostsFuel,GLOBAL,PWRSDSNPLXX,ELCNPLXX00,,1,2030,,,,,,1.0
InputActivityRatio,B_Opt_IndiaCostsFuel,GLOBAL,PWRSDSNPLXX,ELCNPLXX00,,1,2031,,,,,,1.0
InputActivityRatio,B_Opt_IndiaCostsFuel,GLOBAL,PWRSDSNPLXX,ELCNPLXX00,,1,2032,,,,,,1.0
InputActivityRatio,B_Opt_IndiaCostsFuel,GLOBAL,PWRSDSNPLXX,ELCNPLXX00,,1,2033,,,,,,1.0
InputActivityRatio,B_Opt_IndiaCostsFuel,GLOBAL,PWRSDSNPLXX,ELCNPLXX00,,1,2034,,,,,,1.0
InputActivityRatio,B_Opt_IndiaCostsFuel,GLOBAL,PWRSDSNPLXX,ELCNPLXX00,,1,2035,,,,,,1.0
InputActivityRatio,B_Opt_IndiaCostsFuel,GLOBAL,PWRSDSNPLXX,ELCNPLXX00,,1,2036,,,,,,1.0
InputActivityRatio,B_Opt_IndiaCostsFuel,GLOBAL,PWRSDSNPLXX,ELCNPLXX00,,1,2037,,,,,,1.0
InputActivityRatio,B_Opt_IndiaCostsFuel,GLOBAL,PWRSDSNPLXX,ELCNPLXX00,,1,2038,,,,,,1.0
InputActivityRatio,B_Opt_IndiaCostsFuel,GLOBAL,PWRSDSNPLXX,ELCNPLXX00,,1,2039,,,,,,1.0
InputActivityRatio,B_Opt_IndiaCostsFuel,GLOBAL,PWRSDSNPLXX,ELCNPLXX00,,1,2040,,,,,,1.0
InputActivityRatio,B_Opt_IndiaCostsFuel,GLOBAL,PWRSDSNPLXX,ELCNPLXX00,,1,2041,,,,,,1.0
InputActivityRatio,B_Opt_IndiaCostsFuel,GLOBAL,PWRSDSNPLXX,ELCNPLXX00,,1,2042,,,,,,1.0
InputActivityRatio,B_Opt_IndiaCostsFuel,GLOBAL,PWRSDSNPLXX,ELCNPLXX00,,1,2043,,,,,,1.0
InputActivityRatio,B_Opt_IndiaCostsFuel,GLOBAL,PWRSDSNPLXX,ELCNPLXX00,,1,2044,,,,,,1.0
InputActivityRatio,B_Opt_IndiaCostsFuel,GLOBAL,PWRSDSNPLXX,ELCNPLXX00,,1,2045,,,,,,1.0
InputActivityRatio,B_Opt_IndiaCostsFuel,GLOBAL,PWRSDSNPLXX,ELCNPLXX00,,1,2046,,,,,,1.0
InputActivityRatio,B_Opt_IndiaCostsFuel,GLOBAL,PWRSDSNPLXX,ELCNPLXX00,,1,2047,,,,,,1.0
InputActivityRatio,B_Opt_IndiaCostsFuel,GLOBAL,PWRSDSNPLXX,ELCNPLXX00,,1,2048,,,,,,1.0
InputActivityRatio,B_Opt_IndiaCostsFuel,GLOBAL,PWRSDSNPLXX,ELCNPLXX00,,1,2049,,,,,,1.0
InputActivityRatio,B_Opt_IndiaCostsFuel,GLOBAL,PWRSDSNPLXX,ELCNPLXX00,,1,2050,,,,,,1.0
InputActivityRatio,B_Opt_IndiaCostsFuel,GLOBAL,PWRGEOINDNO,GEOINDNO,,1,2023,,,,,,1.0
InputActivityRatio,B_Opt_IndiaCostsFuel,GLOBAL,PWRGEOINDNO,GEOINDNO,,1,2024,,,,,,1.0
InputActivityRatio,B_Opt_IndiaCostsFuel,GLOBAL,PWRGEOINDNO,GEOINDNO,,1,2025,,,,,,1.0
InputActivityRatio,B_Opt_IndiaCostsFuel,GLOBAL,PWRGEOINDNO,GEOINDNO,,1,2026,,,,,,1.0
InputActivityRatio,B_Opt_IndiaCostsFuel,GLOBAL,PWRGEOINDNO,GEOINDNO,,1,2027,,,,,,1.0
InputActivityRatio,B_Opt_IndiaCostsFuel,GLOBAL,PWRGEOINDNO,GEOINDNO,,1,2028,,,,,,1.0
InputActivityRatio,B_Opt_IndiaCostsFuel,GLOBAL,PWRGEOINDNO,GEOINDNO,,1,2029,,,,,,1.0
InputActivityRatio,B_Opt_IndiaCostsFuel,GLOBAL,PWRGEOINDNO,GEOINDNO,,1,2030,,,,,,1.0
InputActivityRatio,B_Opt_IndiaCostsFuel,GLOBAL,PWRGEOINDNO,GEOINDNO,,1,2031,,,,,,1.0
InputActivityRatio,B_Opt_IndiaCostsFuel,GLOBAL,PWRGEOINDNO,GEOINDNO,,1,2032,,,,,,1.0
InputActivityRatio,B_Opt_IndiaCostsFuel,GLOBAL,PWRGEOINDNO,GEOINDNO,,1,2033,,,,,,1.0
InputActivityRatio,B_Opt_IndiaCostsFuel,GLOBAL,PWRGEOINDNO,GEOINDNO,,1,2034,,,,,,1.0
InputActivityRatio,B_Opt_IndiaCostsFuel,GLOBAL,PWRGEOINDNO,GEOINDNO,,1,2035,,,,,,1.0
InputActivityRatio,B_Opt_IndiaCostsFuel,GLOBAL,PWRGEOINDNO,GEOINDNO,,1,2036,,,,,,1.0
InputActivityRatio,B_Opt_IndiaCostsFuel,GLOBAL,PWRGEOINDNO,GEOINDNO,,1,2037,,,,,,1.0
InputActivityRatio,B_Opt_IndiaCostsFuel,GLOBAL,PWRGEOINDNO,GEOINDNO,,1,2038,,,,,,1.0
InputActivityRatio,B_Opt_IndiaCostsFuel,GLOBAL,PWRGEOINDNO,GEOINDNO,,1,2039,,,,,,1.0
InputActivityRatio,B_Opt_IndiaCostsFuel,GLOBAL,PWRGEOINDNO,GEOINDNO,,1,2040,,,,,,1.0
InputActivityRatio,B_Opt_IndiaCostsFuel,GLOBAL,PWRGEOINDNO,GEOINDNO,,1,2041,,,,,,1.0
InputActivityRatio,B_Opt_IndiaCostsFuel,GLOBAL,PWRGEOINDNO,GEOINDNO,,1,2042,,,,,,1.0
InputActivityRatio,B_Opt_IndiaCostsFuel,GLOBAL,PWRGEOINDNO,GEOINDNO,,1,2043,,,,,,1.0
InputActivityRatio,B_Opt_IndiaCostsFuel,GLOBAL,PWRGEOINDNO,GEOINDNO,,1,2044,,,,,,1.0
InputActivityRatio,B_Opt_IndiaCostsFuel,GLOBAL,PWRGEOINDNO,GEOINDNO,,1,2045,,,,,,1.0
InputActivityRatio,B_Opt_IndiaCostsFuel,GLOBAL,PWRGEOINDNO,GEOINDNO,,1,2046,,,,,,1.0
InputActivityRatio,B_Opt_IndiaCostsFuel,GLOBAL,PWRGEOINDNO,GEOINDNO,,1,2047,,,,,,1.0
InputActivityRatio,B_Opt_IndiaCostsFuel,GLOBAL,PWRGEOINDNO,GEOINDNO,,1,2048,,,,,,1.0
InputActivityRatio,B_Opt_IndiaCostsFuel,GLOBAL,PWRGEOINDNO,GEOINDNO,,1,2049,,,,,,1.0
InputActivityRatio,B_Opt_IndiaCostsFuel,GLOBAL,PWRGEOINDNO,GEOINDNO,,1,2050,,,,,,1.0
InputActivityRatio,B_Opt_IndiaCostsFuel,GLOBAL,PWRNGSBGDXX,GASBGD,,1,2023,,,,,,2.3376
InputActivityRatio,B_Opt_IndiaCostsFuel,GLOBAL,PWRNGSBGDXX,GASBGD,,1,2024,,,,,,2.3376
InputActivityRatio,B_Opt_IndiaCostsFuel,GLOBAL,PWRNGSBGDXX,GASBGD,,1,2025,,,,,,2.3376
InputActivityRatio,B_Opt_IndiaCostsFuel,GLOBAL,PWRNGSBGDXX,GASBGD,,1,2026,,,,,,2.3376
InputActivityRatio,B_Opt_IndiaCostsFuel,GLOBAL,PWRNGSBGDXX,GASBGD,,1,2027,,,,,,2.3376
InputActivityRatio,B_Opt_IndiaCostsFuel,GLOBAL,PWRNGSBGDXX,GASBGD,,1,2028,,,,,,2.3376
InputActivityRatio,B_Opt_IndiaCostsFuel,GLOBAL,PWRNGSBGDXX,GASBGD,,1,2029,,,,,,2.3376
InputActivityRatio,B_Opt_IndiaCostsFuel,GLOBAL,PWRNGSBGDXX,GASBGD,,1,2030,,,,,,2.3376
InputActivityRatio,B_Opt_IndiaCostsFuel,GLOBAL,PWRNGSBGDXX,GASBGD,,1,2031,,,,,,2.3376
InputActivityRatio,B_Opt_IndiaCostsFuel,GLOBAL,PWRNGSBGDXX,GASBGD,,1,2032,,,,,,2.3376
InputActivityRatio,B_Opt_IndiaCostsFuel,GLOBAL,PWRNGSBGDXX,GASBGD,,1,2033,,,,,,2.3376
InputActivityRatio,B_Opt_IndiaCostsFuel,GLOBAL,PWRNGSBGDXX,GASBGD,,1,2034,,,,,,2.3376
InputActivityRatio,B_Opt_IndiaCostsFuel,GLOBAL,PWRNGSBGDXX,GASBGD,,1,2035,,,,,,2.3376
InputActivityRatio,B_Opt_IndiaCostsFuel,GLOBAL,PWRNGSBGDXX,GASBGD,,1,2036,,,,,,2.3376
InputActivityRatio,B_Opt_IndiaCostsFuel,GLOBAL,PWRNGSBGDXX,GASBGD,,1,2037,,,,,,2.3376
InputActivityRatio,B_Opt_IndiaCostsFuel,GLOBAL,PWRNGSBGDXX,GASBGD,,1,2038,,,,,,2.3376
InputActivityRatio,B_Opt_IndiaCostsFuel,GLOBAL,PWRNGSBGDXX,GASBGD,,1,2039,,,,,,2.3376
InputActivityRatio,B_Opt_IndiaCostsFuel,GLOBAL,PWRNGSBGDXX,GASBGD,,1,2040,,,,,,2.3376
InputActivityRatio,B_Opt_IndiaCostsFuel,GLOBAL,PWRNGSBGDXX,GASBGD,,1,2041,,,,,,2.3376
InputActivityRatio,B_Opt_IndiaCostsFuel,GLOBAL,PWRNGSBGDXX,GASBGD,,1,2042,,,,,,2.3376
InputActivityRatio,B_Opt_IndiaCostsFuel,GLOBAL,PWRNGSBGDXX,GASBGD,,1,2043,,,,,,2.3376
InputActivityRatio,B_Opt_IndiaCostsFuel,GLOBAL,PWRNGSBGDXX,GASBGD,,1,2044,,,,,,2.3376
InputActivityRatio,B_Opt_IndiaCostsFuel,GLOBAL,PWRNGSBGDXX,GASBGD,,1,2045,,,,,,2.3376
InputActivityRatio,B_Opt_IndiaCostsFuel,GLOBAL,PWRNGSBGDXX,GASBGD,,1,2046,,,,,,2.3376
InputActivityRatio,B_Opt_IndiaCostsFuel,GLOBAL,PWRNGSBGDXX,GASBGD,,1,2047,,,,,,2.3376
InputActivityRatio,B_Opt_IndiaCostsFuel,GLOBAL,PWRNGSBGDXX,GASBGD,,1,2048,,,,,,2.3376
InputActivityRatio,B_Opt_IndiaCostsFuel,GLOBAL,PWRNGSBGDXX,GASBGD,,1,2049,,,,,,2.3376
InputActivityRatio,B_Opt_IndiaCostsFuel,GLOBAL,PWRNGSBGDXX,GASBGD,,1,2050,,,,,,2.3376
InputActivityRatio,B_Opt_IndiaCostsFuel,GLOBAL,PWRNGSBGDXX,GASINT,,2,2023,,,,,,2.3376
InputActivityRatio,B_Opt_IndiaCostsFuel,GLOBAL,PWRNGSBGDXX,GASINT,,2,2024,,,,,,2.3376
InputActivityRatio,B_Opt_IndiaCostsFuel,GLOBAL,PWRNGSBGDXX,GASINT,,2,2025,,,,,,2.3376
InputActivityRatio,B_Opt_IndiaCostsFuel,GLOBAL,PWRNGSBGDXX,GASINT,,2,2026,,,,,,2.3376
InputActivityRatio,B_Opt_IndiaCostsFuel,GLOBAL,PWRNGSBGDXX,GASINT,,2,2027,,,,,,2.3376
InputActivityRatio,B_Opt_IndiaCostsFuel,GLOBAL,PWRNGSBGDXX,GASINT,,2,2028,,,,,,2.3376
InputActivityRatio,B_Opt_IndiaCostsFuel,GLOBAL,PWRNGSBGDXX,GASINT,,2,2029,,,,,,2.3376
InputActivityRatio,B_Opt_IndiaCostsFuel,GLOBAL,PWRNGSBGDXX,GASINT,,2,2030,,,,,,2.3376
InputActivityRatio,B_Opt_IndiaCostsFuel,GLOBAL,PWRNGSBGDXX,GASINT,,2,2031,,,,,,2.3376
InputActivityRatio,B_Opt_IndiaCostsFuel,GLOBAL,PWRNGSBGDXX,GASINT,,2,2032,,,,,,2.3376
InputActivityRatio,B_Opt_IndiaCostsFuel,GLOBAL,PWRNGSBGDXX,GASINT,,2,2033,,,,,,2.3376
InputActivityRatio,B_Opt_IndiaCostsFuel,GLOBAL,PWRNGSBGDXX,GASINT,,2,2034,,,,,,2.3376
InputActivityRatio,B_Opt_IndiaCostsFuel,GLOBAL,PWRNGSBGDXX,GASINT,,2,2035,,,,,,2.3376
InputActivityRatio,B_Opt_IndiaCostsFuel,GLOBAL,PWRNGSBGDXX,GASINT,,2,2036,,,,,,2.3376
InputActivityRatio,B_Opt_IndiaCostsFuel,GLOBAL,PWRNGSBGDXX,GASINT,,2,2037,,,,,,2.3376
InputActivityRatio,B_Opt_IndiaCostsFuel,GLOBAL,PWRNGSBGDXX,GASINT,,2,2038,,,,,,2.3376
InputActivityRatio,B_Opt_IndiaCostsFuel,GLOBAL,PWRNGSBGDXX,GASINT,,2,2039,,,,,,2.3376
InputActivityRatio,B_Opt_IndiaCostsFuel,GLOBAL,PWRNGSBGDXX,GASINT,,2,2040,,,,,,2.3376
InputActivityRatio,B_Opt_IndiaCostsFuel,GLOBAL,PWRNGSBGDXX,GASINT,,2,2041,,,,,,2.3376
InputActivityRatio,B_Opt_IndiaCostsFuel,GLOBAL,PWRNGSBGDXX,GASINT,,2,2042,,,,,,2.3376
InputActivityRatio,B_Opt_IndiaCostsFuel,GLOBAL,PWRNGSBGDXX,GASINT,,2,2043,,,,,,2.3376
InputActivityRatio,B_Opt_IndiaCostsFuel,GLOBAL,PWRNGSBGDXX,GASINT,,2,2044,,,,,,2.3376
InputActivityRatio,B_Opt_IndiaCostsFuel,GLOBAL,PWRNGSBGDXX,GASINT,,2,2045,,,,,,2.3376
InputActivityRatio,B_Opt_IndiaCostsFuel,GLOBAL,PWRNGSBGDXX,GASINT,,2,2046,,,,,,2.3376
InputActivityRatio,B_Opt_IndiaCostsFuel,GLOBAL,PWRNGSBGDXX,GASINT,,2,2047,,,,,,2.3376
InputActivityRatio,B_Opt_IndiaCostsFuel,GLOBAL,PWRNGSBGDXX,GASINT,,2,2048,,,,,,2.3376
InputActivityRatio,B_Opt_IndiaCostsFuel,GLOBAL,PWRNGSBGDXX,GASINT,,2,2049,,,,,,2.3376
InputActivityRatio,B_Opt_IndiaCostsFuel,GLOBAL,PWRNGSBGDXX,GASINT,,2,2050,,,,,,2.3376
InputActivityRatio,B_Opt_IndiaCostsFuel,GLOBAL,PWRNGSMDVXX,GASMDV,,1,2023,,,,,,2.3376
InputActivityRatio,B_Opt_IndiaCostsFuel,GLOBAL,PWRNGSMDVXX,GASMDV,,1,2024,,,,,,2.3376
InputActivityRatio,B_Opt_IndiaCostsFuel,GLOBAL,PWRNGSMDVXX,GASMDV,,1,2025,,,,,,2.3376
InputActivityRatio,B_Opt_IndiaCostsFuel,GLOBAL,PWRNGSMDVXX,GASMDV,,1,2026,,,,,,2.3376
InputActivityRatio,B_Opt_IndiaCostsFuel,GLOBAL,PWRNGSMDVXX,GASMDV,,1,2027,,,,,,2.3376
InputActivityRatio,B_Opt_IndiaCostsFuel,GLOBAL,PWRNGSMDVXX,GASMDV,,1,2028,,,,,,2.3376
InputActivityRatio,B_Opt_IndiaCostsFuel,GLOBAL,PWRNGSMDVXX,GASMDV,,1,2029,,,,,,2.3376
InputActivityRatio,B_Opt_IndiaCostsFuel,GLOBAL,PWRNGSMDVXX,GASMDV,,1,2030,,,,,,2.3376
InputActivityRatio,B_Opt_IndiaCostsFuel,GLOBAL,PWRNGSMDVXX,GASMDV,,1,2031,,,,,,2.3376
InputActivityRatio,B_Opt_IndiaCostsFuel,GLOBAL,PWRNGSMDVXX,GASMDV,,1,2032,,,,,,2.3376
InputActivityRatio,B_Opt_IndiaCostsFuel,GLOBAL,PWRNGSMDVXX,GASMDV,,1,2033,,,,,,2.3376
InputActivityRatio,B_Opt_IndiaCostsFuel,GLOBAL,PWRNGSMDVXX,GASMDV,,1,2034,,,,,,2.3376
InputActivityRatio,B_Opt_IndiaCostsFuel,GLOBAL,PWRNGSMDVXX,GASMDV,,1,2035,,,,,,2.3376
InputActivityRatio,B_Opt_IndiaCostsFuel,GLOBAL,PWRNGSMDVXX,GASMDV,,1,2036,,,,,,2.3376
InputActivityRatio,B_Opt_IndiaCostsFuel,GLOBAL,PWRNGSMDVXX,GASMDV,,1,2037,,,,,,2.3376
InputActivityRatio,B_Opt_IndiaCostsFuel,GLOBAL,PWRNGSMDVXX,GASMDV,,1,2038,,,,,,2.3376
InputActivityRatio,B_Opt_IndiaCostsFuel,GLOBAL,PWRNGSMDVXX,GASMDV,,1,2039,,,,,,2.3376
InputActivityRatio,B_Opt_IndiaCostsFuel,GLOBAL,PWRNGSMDVXX,GASMDV,,1,2040,,,,,,2.3376
InputActivityRatio,B_Opt_IndiaCostsFuel,GLOBAL,PWRNGSMDVXX,GASMDV,,1,2041,,,,,,2.3376
InputActivityRatio,B_Opt_IndiaCostsFuel,GLOBAL,PWRNGSMDVXX,GASMDV,,1,2042,,,,,,2.3376
InputActivityRatio,B_Opt_IndiaCostsFuel,GLOBAL,PWRNGSMDVXX,GASMDV,,1,2043,,,,,,2.3376
InputActivityRatio,B_Opt_IndiaCostsFuel,GLOBAL,PWRNGSMDVXX,GASMDV,,1,2044,,,,,,2.3376
InputActivityRatio,B_Opt_IndiaCostsFuel,GLOBAL,PWRNGSMDVXX,GASMDV,,1,2045,,,,,,2.3376
InputActivityRatio,B_Opt_IndiaCostsFuel,GLOBAL,PWRNGSMDVXX,GASMDV,,1,2046,,,,,,2.3376
InputActivityRatio,B_Opt_IndiaCostsFuel,GLOBAL,PWRNGSMDVXX,GASMDV,,1,2047,,,,,,2.3376
InputActivityRatio,B_Opt_IndiaCostsFuel,GLOBAL,PWRNGSMDVXX,GASMDV,,1,2048,,,,,,2.3376
InputActivityRatio,B_Opt_IndiaCostsFuel,GLOBAL,PWRNGSMDVXX,GASMDV,,1,2049,,,,,,2.3376
InputActivityRatio,B_Opt_IndiaCostsFuel,GLOBAL,PWRNGSMDVXX,GASMDV,,1,2050,,,,,,2.3376
InputActivityRatio,B_Opt_IndiaCostsFuel,GLOBAL,PWRNGSMDVXX,GASINT,,2,2023,,,,,,2.3376
InputActivityRatio,B_Opt_IndiaCostsFuel,GLOBAL,PWRNGSMDVXX,GASINT,,2,2024,,,,,,2.3376
InputActivityRatio,B_Opt_IndiaCostsFuel,GLOBAL,PWRNGSMDVXX,GASINT,,2,2025,,,,,,2.3376
InputActivityRatio,B_Opt_IndiaCostsFuel,GLOBAL,PWRNGSMDVXX,GASINT,,2,2026,,,,,,2.3376
InputActivityRatio,B_Opt_IndiaCostsFuel,GLOBAL,PWRNGSMDVXX,GASINT,,2,2027,,,,,,2.3376
InputActivityRatio,B_Opt_IndiaCostsFuel,GLOBAL,PWRNGSMDVXX,GASINT,,2,2028,,,,,,2.3376
InputActivityRatio,B_Opt_IndiaCostsFuel,GLOBAL,PWRNGSMDVXX,GASINT,,2,2029,,,,,,2.3376
InputActivityRatio,B_Opt_IndiaCostsFuel,GLOBAL,PWRNGSMDVXX,GASINT,,2,2030,,,,,,2.3376
InputActivityRatio,B_Opt_IndiaCostsFuel,GLOBAL,PWRNGSMDVXX,GASINT,,2,2031,,,,,,2.3376
InputActivityRatio,B_Opt_IndiaCostsFuel,GLOBAL,PWRNGSMDVXX,GASINT,,2,2032,,,,,,2.3376
InputActivityRatio,B_Opt_IndiaCostsFuel,GLOBAL,PWRNGSMDVXX,GASINT,,2,2033,,,,,,2.3376
InputActivityRatio,B_Opt_IndiaCostsFuel,GLOBAL,PWRNGSMDVXX,GASINT,,2,2034,,,,,,2.3376
InputActivityRatio,B_Opt_IndiaCostsFuel,GLOBAL,PWRNGSMDVXX,GASINT,,2,2035,,,,,,2.3376
InputActivityRatio,B_Opt_IndiaCostsFuel,GLOBAL,PWRNGSMDVXX,GASINT,,2,2036,,,,,,2.3376
InputActivityRatio,B_Opt_IndiaCostsFuel,GLOBAL,PWRNGSMDVXX,GASINT,,2,2037,,,,,,2.3376
InputActivityRatio,B_Opt_IndiaCostsFuel,GLOBAL,PWRNGSMDVXX,GASINT,,2,2038,,,,,,2.3376
InputActivityRatio,B_Opt_IndiaCostsFuel,GLOBAL,PWRNGSMDVXX,GASINT,,2,2039,,,,,,2.3376
InputActivityRatio,B_Opt_IndiaCostsFuel,GLOBAL,PWRNGSMDVXX,GASINT,,2,2040,,,,,,2.3376
InputActivityRatio,B_Opt_IndiaCostsFuel,GLOBAL,PWRNGSMDVXX,GASINT,,2,2041,,,,,,2.3376
InputActivityRatio,B_Opt_IndiaCostsFuel,GLOBAL,PWRNGSMDVXX,GASINT,,2,2042,,,,,,2.3376
InputActivityRatio,B_Opt_IndiaCostsFuel,GLOBAL,PWRNGSMDVXX,GASINT,,2,2043,,,,,,2.3376
InputActivityRatio,B_Opt_IndiaCostsFuel,GLOBAL,PWRNGSMDVXX,GASINT,,2,2044,,,,,,2.3376
InputActivityRatio,B_Opt_IndiaCostsFuel,GLOBAL,PWRNGSMDVXX,GASINT,,2,2045,,,,,,2.3376
InputActivityRatio,B_Opt_IndiaCostsFuel,GLOBAL,PWRNGSMDVXX,GASINT,,2,2046,,,,,,2.3376
InputActivityRatio,B_Opt_IndiaCostsFuel,GLOBAL,PWRNGSMDVXX,GASINT,,2,2047,,,,,,2.3376
InputActivityRatio,B_Opt_IndiaCostsFuel,GLOBAL,PWRNGSMDVXX,GASINT,,2,2048,,,,,,2.3376
InputActivityRatio,B_Opt_IndiaCostsFuel,GLOBAL,PWRNGSMDVXX,GASINT,,2,2049,,,,,,2.3376
InputActivityRatio,B_Opt_IndiaCostsFuel,GLOBAL,PWRNGSMDVXX,GASINT,,2,2050,,,,,,2.3376
InputActivityRatio,B_Opt_IndiaCostsFuel,GLOBAL,PWROILMDVXX,OILMDV,,1,2023,,,,,,2.8571
InputActivityRatio,B_Opt_IndiaCostsFuel,GLOBAL,PWROILMDVXX,OILMDV,,1,2024,,,,,,2.8571
InputActivityRatio,B_Opt_IndiaCostsFuel,GLOBAL,PWROILMDVXX,OILMDV,,1,2025,,,,,,2.8571
InputActivityRatio,B_Opt_IndiaCostsFuel,GLOBAL,PWROILMDVXX,OILMDV,,1,2026,,,,,,2.8571
InputActivityRatio,B_Opt_IndiaCostsFuel,GLOBAL,PWROILMDVXX,OILMDV,,1,2027,,,,,,2.8571
InputActivityRatio,B_Opt_IndiaCostsFuel,GLOBAL,PWROILMDVXX,OILMDV,,1,2028,,,,,,2.8571
InputActivityRatio,B_Opt_IndiaCostsFuel,GLOBAL,PWROILMDVXX,OILMDV,,1,2029,,,,,,2.8571
InputActivityRatio,B_Opt_IndiaCostsFuel,GLOBAL,PWROILMDVXX,OILMDV,,1,2030,,,,,,2.8571
InputActivityRatio,B_Opt_IndiaCostsFuel,GLOBAL,PWROILMDVXX,OILMDV,,1,2031,,,,,,2.8571
InputActivityRatio,B_Opt_IndiaCostsFuel,GLOBAL,PWROILMDVXX,OILMDV,,1,2032,,,,,,2.8571
InputActivityRatio,B_Opt_IndiaCostsFuel,GLOBAL,PWROILMDVXX,OILMDV,,1,2033,,,,,,2.8571
InputActivityRatio,B_Opt_IndiaCostsFuel,GLOBAL,PWROILMDVXX,OILMDV,,1,2034,,,,,,2.8571
InputActivityRatio,B_Opt_IndiaCostsFuel,GLOBAL,PWROILMDVXX,OILMDV,,1,2035,,,,,,2.8571
InputActivityRatio,B_Opt_IndiaCostsFuel,GLOBAL,PWROILMDVXX,OILMDV,,1,2036,,,,,,2.8571
InputActivityRatio,B_Opt_IndiaCostsFuel,GLOBAL,PWROILMDVXX,OILMDV,,1,2037,,,,,,2.8571
InputActivityRatio,B_Opt_IndiaCostsFuel,GLOBAL,PWROILMDVXX,OILMDV,,1,2038,,,,,,2.8571
InputActivityRatio,B_Opt_IndiaCostsFuel,GLOBAL,PWROILMDVXX,OILMDV,,1,2039,,,,,,2.8571
InputActivityRatio,B_Opt_IndiaCostsFuel,GLOBAL,PWROILMDVXX,OILMDV,,1,2040,,,,,,2.8571
InputActivityRatio,B_Opt_IndiaCostsFuel,GLOBAL,PWROILMDVXX,OILMDV,,1,2041,,,,,,2.8571
InputActivityRatio,B_Opt_IndiaCostsFuel,GLOBAL,PWROILMDVXX,OILMDV,,1,2042,,,,,,2.8571
InputActivityRatio,B_Opt_IndiaCostsFuel,GLOBAL,PWROILMDVXX,OILMDV,,1,2043,,,,,,2.8571
InputActivityRatio,B_Opt_IndiaCostsFuel,GLOBAL,PWROILMDVXX,OILMDV,,1,2044,,,,,,2.8571
InputActivityRatio,B_Opt_IndiaCostsFuel,GLOBAL,PWROILMDVXX,OILMDV,,1,2045,,,,,,2.8571
InputActivityRatio,B_Opt_IndiaCostsFuel,GLOBAL,PWROILMDVXX,OILMDV,,1,2046,,,,,,2.8571
InputActivityRatio,B_Opt_IndiaCostsFuel,GLOBAL,PWROILMDVXX,OILMDV,,1,2047,,,,,,2.8571
InputActivityRatio,B_Opt_IndiaCostsFuel,GLOBAL,PWROILMDVXX,OILMDV,,1,2048,,,,,,2.8571
InputActivityRatio,B_Opt_IndiaCostsFuel,GLOBAL,PWROILMDVXX,OILMDV,,1,2049,,,,,,2.8571
InputActivityRatio,B_Opt_IndiaCostsFuel,GLOBAL,PWROILMDVXX,OILMDV,,1,2050,,,,,,2.8571
InputActivityRatio,B_Opt_IndiaCostsFuel,GLOBAL,PWROILMDVXX,OILINT,,2,2023,,,,,,2.8571
InputActivityRatio,B_Opt_IndiaCostsFuel,GLOBAL,PWROILMDVXX,OILINT,,2,2024,,,,,,2.8571
InputActivityRatio,B_Opt_IndiaCostsFuel,GLOBAL,PWROILMDVXX,OILINT,,2,2025,,,,,,2.8571
InputActivityRatio,B_Opt_IndiaCostsFuel,GLOBAL,PWROILMDVXX,OILINT,,2,2026,,,,,,2.8571
InputActivityRatio,B_Opt_IndiaCostsFuel,GLOBAL,PWROILMDVXX,OILINT,,2,2027,,,,,,2.8571
InputActivityRatio,B_Opt_IndiaCostsFuel,GLOBAL,PWROILMDVXX,OILINT,,2,2028,,,,,,2.8571
InputActivityRatio,B_Opt_IndiaCostsFuel,GLOBAL,PWROILMDVXX,OILINT,,2,2029,,,,,,2.8571
InputActivityRatio,B_Opt_IndiaCostsFuel,GLOBAL,PWROILMDVXX,OILINT,,2,2030,,,,,,2.8571
InputActivityRatio,B_Opt_IndiaCostsFuel,GLOBAL,PWROILMDVXX,OILINT,,2,2031,,,,,,2.8571
InputActivityRatio,B_Opt_IndiaCostsFuel,GLOBAL,PWROILMDVXX,OILINT,,2,2032,,,,,,2.8571
InputActivityRatio,B_Opt_IndiaCostsFuel,GLOBAL,PWROILMDVXX,OILINT,,2,2033,,,,,,2.8571
InputActivityRatio,B_Opt_IndiaCostsFuel,GLOBAL,PWROILMDVXX,OILINT,,2,2034,,,,,,2.8571
InputActivityRatio,B_Opt_IndiaCostsFuel,GLOBAL,PWROILMDVXX,OILINT,,2,2035,,,,,,2.8571
InputActivityRatio,B_Opt_IndiaCostsFuel,GLOBAL,PWROILMDVXX,OILINT,,2,2036,,,,,,2.8571
InputActivityRatio,B_Opt_IndiaCostsFuel,GLOBAL,PWROILMDVXX,OILINT,,2,2037,,,,,,2.8571
InputActivityRatio,B_Opt_IndiaCostsFuel,GLOBAL,PWROILMDVXX,OILINT,,2,2038,,,,,,2.8571
InputActivityRatio,B_Opt_IndiaCostsFuel,GLOBAL,PWROILMDVXX,OILINT,,2,2039,,,,,,2.8571
InputActivityRatio,B_Opt_IndiaCostsFuel,GLOBAL,PWROILMDVXX,OILINT,,2,2040,,,,,,2.8571
InputActivityRatio,B_Opt_IndiaCostsFuel,GLOBAL,PWROILMDVXX,OILINT,,2,2041,,,,,,2.8571
InputActivityRatio,B_Opt_IndiaCostsFuel,GLOBAL,PWROILMDVXX,OILINT,,2,2042,,,,,,2.8571
InputActivityRatio,B_Opt_IndiaCostsFuel,GLOBAL,PWROILMDVXX,OILINT,,2,2043,,,,,,2.8571
InputActivityRatio,B_Opt_IndiaCostsFuel,GLOBAL,PWROILMDVXX,OILINT,,2,2044,,,,,,2.8571
InputActivityRatio,B_Opt_IndiaCostsFuel,GLOBAL,PWROILMDVXX,OILINT,,2,2045,,,,,,2.8571
InputActivityRatio,B_Opt_IndiaCostsFuel,GLOBAL,PWROILMDVXX,OILINT,,2,2046,,,,,,2.8571
InputActivityRatio,B_Opt_IndiaCostsFuel,GLOBAL,PWROILMDVXX,OILINT,,2,2047,,,,,,2.8571
InputActivityRatio,B_Opt_IndiaCostsFuel,GLOBAL,PWROILMDVXX,OILINT,,2,2048,,,,,,2.8571
InputActivityRatio,B_Opt_IndiaCostsFuel,GLOBAL,PWROILMDVXX,OILINT,,2,2049,,,,,,2.8571
InputActivityRatio,B_Opt_IndiaCostsFuel,GLOBAL,PWROILMDVXX,OILINT,,2,2050,,,,,,2.8571
InputActivityRatio,B_Opt_IndiaCostsFuel,GLOBAL,PWROILNPLXX,OILNPL,,1,2023,,,,,,2.88
InputActivityRatio,B_Opt_IndiaCostsFuel,GLOBAL,PWROILNPLXX,OILNPL,,1,2024,,,,,,2.88
InputActivityRatio,B_Opt_IndiaCostsFuel,GLOBAL,PWROILNPLXX,OILNPL,,1,2025,,,,,,2.88
InputActivityRatio,B_Opt_IndiaCostsFuel,GLOBAL,PWROILNPLXX,OILNPL,,1,2026,,,,,,2.88
InputActivityRatio,B_Opt_IndiaCostsFuel,GLOBAL,PWROILNPLXX,OILNPL,,1,2027,,,,,,2.88
InputActivityRatio,B_Opt_IndiaCostsFuel,GLOBAL,PWROILNPLXX,OILNPL,,1,2028,,,,,,2.88
InputActivityRatio,B_Opt_IndiaCostsFuel,GLOBAL,PWROILNPLXX,OILNPL,,1,2029,,,,,,2.88
InputActivityRatio,B_Opt_IndiaCostsFuel,GLOBAL,PWROILNPLXX,OILNPL,,1,2030,,,,,,2.88
InputActivityRatio,B_Opt_IndiaCostsFuel,GLOBAL,PWROILNPLXX,OILNPL,,1,2031,,,,,,2.88
InputActivityRatio,B_Opt_IndiaCostsFuel,GLOBAL,PWROILNPLXX,OILNPL,,1,2032,,,,,,2.88
InputActivityRatio,B_Opt_IndiaCostsFuel,GLOBAL,PWROILNPLXX,OILNPL,,1,2033,,,,,,2.88
InputActivityRatio,B_Opt_IndiaCostsFuel,GLOBAL,PWROILNPLXX,OILNPL,,1,2034,,,,,,2.88
InputActivityRatio,B_Opt_IndiaCostsFuel,GLOBAL,PWROILNPLXX,OILNPL,,1,2035,,,,,,2.88
InputActivityRatio,B_Opt_IndiaCostsFuel,GLOBAL,PWROILNPLXX,OILNPL,,1,2036,,,,,,2.88
InputActivityRatio,B_Opt_IndiaCostsFuel,GLOBAL,PWROILNPLXX,OILNPL,,1,2037,,,,,,2.88
InputActivityRatio,B_Opt_IndiaCostsFuel,GLOBAL,PWROILNPLXX,OILNPL,,1,2038,,,,,,2.88
InputActivityRatio,B_Opt_IndiaCostsFuel,GLOBAL,PWROILNPLXX,OILNPL,,1,2039,,,,,,2.88
InputActivityRatio,B_Opt_IndiaCostsFuel,GLOBAL,PWROILNPLXX,OILNPL,,1,2040,,,,,,2.88
InputActivityRatio,B_Opt_IndiaCostsFuel,GLOBAL,PWROILNPLXX,OILNPL,,1,2041,,,,,,2.88
InputActivityRatio,B_Opt_IndiaCostsFuel,GLOBAL,PWROILNPLXX,OILNPL,,1,2042,,,,,,2.88
InputActivityRatio,B_Opt_IndiaCostsFuel,GLOBAL,PWROILNPLXX,OILNPL,,1,2043,,,,,,2.88
InputActivityRatio,B_Opt_IndiaCostsFuel,GLOBAL,PWROILNPLXX,OILNPL,,1,2044,,,,,,2.88
InputActivityRatio,B_Opt_IndiaCostsFuel,GLOBAL,PWROILNPLXX,OILNPL,,1,2045,,,,,,2.88
InputActivityRatio,B_Opt_IndiaCostsFuel,GLOBAL,PWROILNPLXX,OILNPL,,1,2046,,,,,,2.88
InputActivityRatio,B_Opt_IndiaCostsFuel,GLOBAL,PWROILNPLXX,OILNPL,,1,2047,,,,,,2.88
InputActivityRatio,B_Opt_IndiaCostsFuel,GLOBAL,PWROILNPLXX,OILNPL,,1,2048,,,,,,2.88
InputActivityRatio,B_Opt_IndiaCostsFuel,GLOBAL,PWROILNPLXX,OILNPL,,1,2049,,,,,,2.88
InputActivityRatio,B_Opt_IndiaCostsFuel,GLOBAL,PWROILNPLXX,OILNPL,,1,2050,,,,,,2.88
InputActivityRatio,B_Opt_IndiaCostsFuel,GLOBAL,PWROILNPLXX,OILINT,,2,2023,,,,,,2.88
InputActivityRatio,B_Opt_IndiaCostsFuel,GLOBAL,PWROILNPLXX,OILINT,,2,2024,,,,,,2.88
InputActivityRatio,B_Opt_IndiaCostsFuel,GLOBAL,PWROILNPLXX,OILINT,,2,2025,,,,,,2.88
InputActivityRatio,B_Opt_IndiaCostsFuel,GLOBAL,PWROILNPLXX,OILINT,,2,2026,,,,,,2.88
InputActivityRatio,B_Opt_IndiaCostsFuel,GLOBAL,PWROILNPLXX,OILINT,,2,2027,,,,,,2.88
InputActivityRatio,B_Opt_IndiaCostsFuel,GLOBAL,PWROILNPLXX,OILINT,,2,2028,,,,,,2.88
InputActivityRatio,B_Opt_IndiaCostsFuel,GLOBAL,PWROILNPLXX,OILINT,,2,2029,,,,,,2.88
InputActivityRatio,B_Opt_IndiaCostsFuel,GLOBAL,PWROILNPLXX,OILINT,,2,2030,,,,,,2.88
InputActivityRatio,B_Opt_IndiaCostsFuel,GLOBAL,PWROILNPLXX,OILINT,,2,2031,,,,,,2.88
InputActivityRatio,B_Opt_IndiaCostsFuel,GLOBAL,PWROILNPLXX,OILINT,,2,2032,,,,,,2.88
InputActivityRatio,B_Opt_IndiaCostsFuel,GLOBAL,PWROILNPLXX,OILINT,,2,2033,,,,,,2.88
InputActivityRatio,B_Opt_IndiaCostsFuel,GLOBAL,PWROILNPLXX,OILINT,,2,2034,,,,,,2.88
InputActivityRatio,B_Opt_IndiaCostsFuel,GLOBAL,PWROILNPLXX,OILINT,,2,2035,,,,,,2.88
InputActivityRatio,B_Opt_IndiaCostsFuel,GLOBAL,PWROILNPLXX,OILINT,,2,2036,,,,,,2.88
InputActivityRatio,B_Opt_IndiaCostsFuel,GLOBAL,PWROILNPLXX,OILINT,,2,2037,,,,,,2.88
InputActivityRatio,B_Opt_IndiaCostsFuel,GLOBAL,PWROILNPLXX,OILINT,,2,2038,,,,,,2.88
InputActivityRatio,B_Opt_IndiaCostsFuel,GLOBAL,PWROILNPLXX,OILINT,,2,2039,,,,,,2.88
InputActivityRatio,B_Opt_IndiaCostsFuel,GLOBAL,PWROILNPLXX,OILINT,,2,2040,,,,,,2.88
InputActivityRatio,B_Opt_IndiaCostsFuel,GLOBAL,PWROILNPLXX,OILINT,,2,2041,,,,,,2.88
InputActivityRatio,B_Opt_IndiaCostsFuel,GLOBAL,PWROILNPLXX,OILINT,,2,2042,,,,,,2.88
InputActivityRatio,B_Opt_IndiaCostsFuel,GLOBAL,PWROILNPLXX,OILINT,,2,2043,,,,,,2.88
InputActivityRatio,B_Opt_IndiaCostsFuel,GLOBAL,PWROILNPLXX,OILINT,,2,2044,,,,,,2.88
InputActivityRatio,B_Opt_IndiaCostsFuel,GLOBAL,PWROILNPLXX,OILINT,,2,2045,,,,,,2.88
InputActivityRatio,B_Opt_IndiaCostsFuel,GLOBAL,PWROILNPLXX,OILINT,,2,2046,,,,,,2.88
InputActivityRatio,B_Opt_IndiaCostsFuel,GLOBAL,PWROILNPLXX,OILINT,,2,2047,,,,,,2.88
InputActivityRatio,B_Opt_IndiaCostsFuel,GLOBAL,PWROILNPLXX,OILINT,,2,2048,,,,,,2.88
InputActivityRatio,B_Opt_IndiaCostsFuel,GLOBAL,PWROILNPLXX,OILINT,,2,2049,,,,,,2.88
InputActivityRatio,B_Opt_IndiaCostsFuel,GLOBAL,PWROILNPLXX,OILINT,,2,2050,,,,,,2.88
InputActivityRatio,B_Opt_IndiaCostsFuel,GLOBAL,PWRSHPINDEA,HYDINDEA,,1,2023,,,,,,1.0
InputActivityRatio,B_Opt_IndiaCostsFuel,GLOBAL,PWRSHPINDEA,HYDINDEA,,1,2024,,,,,,1.0
InputActivityRatio,B_Opt_IndiaCostsFuel,GLOBAL,PWRSHPINDEA,HYDINDEA,,1,2025,,,,,,1.0
InputActivityRatio,B_Opt_IndiaCostsFuel,GLOBAL,PWRSHPINDEA,HYDINDEA,,1,2026,,,,,,1.0
InputActivityRatio,B_Opt_IndiaCostsFuel,GLOBAL,PWRSHPINDEA,HYDINDEA,,1,2027,,,,,,1.0
InputActivityRatio,B_Opt_IndiaCostsFuel,GLOBAL,PWRSHPINDEA,HYDINDEA,,1,2028,,,,,,1.0
InputActivityRatio,B_Opt_IndiaCostsFuel,GLOBAL,PWRSHPINDEA,HYDINDEA,,1,2029,,,,,,1.0
InputActivityRatio,B_Opt_IndiaCostsFuel,GLOBAL,PWRSHPINDEA,HYDINDEA,,1,2030,,,,,,1.0
InputActivityRatio,B_Opt_IndiaCostsFuel,GLOBAL,PWRSHPINDEA,HYDINDEA,,1,2031,,,,,,1.0
InputActivityRatio,B_Opt_IndiaCostsFuel,GLOBAL,PWRSHPINDEA,HYDINDEA,,1,2032,,,,,,1.0
InputActivityRatio,B_Opt_IndiaCostsFuel,GLOBAL,PWRSHPINDEA,HYDINDEA,,1,2033,,,,,,1.0
InputActivityRatio,B_Opt_IndiaCostsFuel,GLOBAL,PWRSHPINDEA,HYDINDEA,,1,2034,,,,,,1.0
InputActivityRatio,B_Opt_IndiaCostsFuel,GLOBAL,PWRSHPINDEA,HYDINDEA,,1,2035,,,,,,1.0
InputActivityRatio,B_Opt_IndiaCostsFuel,GLOBAL,PWRSHPINDEA,HYDINDEA,,1,2036,,,,,,1.0
InputActivityRatio,B_Opt_IndiaCostsFuel,GLOBAL,PWRSHPINDEA,HYDINDEA,,1,2037,,,,,,1.0
InputActivityRatio,B_Opt_IndiaCostsFuel,GLOBAL,PWRSHPINDEA,HYDINDEA,,1,2038,,,,,,1.0
InputActivityRatio,B_Opt_IndiaCostsFuel,GLOBAL,PWRSHPINDEA,HYDINDEA,,1,2039,,,,,,1.0
InputActivityRatio,B_Opt_IndiaCostsFuel,GLOBAL,PWRSHPINDEA,HYDINDEA,,1,2040,,,,,,1.0
InputActivityRatio,B_Opt_IndiaCostsFuel,GLOBAL,PWRSHPINDEA,HYDINDEA,,1,2041,,,,,,1.0
InputActivityRatio,B_Opt_IndiaCostsFuel,GLOBAL,PWRSHPINDEA,HYDINDEA,,1,2042,,,,,,1.0
InputActivityRatio,B_Opt_IndiaCostsFuel,GLOBAL,PWRSHPINDEA,HYDINDEA,,1,2043,,,,,,1.0
InputActivityRatio,B_Opt_IndiaCostsFuel,GLOBAL,PWRSHPINDEA,HYDINDEA,,1,2044,,,,,,1.0
InputActivityRatio,B_Opt_IndiaCostsFuel,GLOBAL,PWRSHPINDEA,HYDINDEA,,1,2045,,,,,,1.0
InputActivityRatio,B_Opt_IndiaCostsFuel,GLOBAL,PWRSHPINDEA,HYDINDEA,,1,2046,,,,,,1.0
InputActivityRatio,B_Opt_IndiaCostsFuel,GLOBAL,PWRSHPINDEA,HYDINDEA,,1,2047,,,,,,1.0
InputActivityRatio,B_Opt_IndiaCostsFuel,GLOBAL,PWRSHPINDEA,HYDINDEA,,1,2048,,,,,,1.0
InputActivityRatio,B_Opt_IndiaCostsFuel,GLOBAL,PWRSHPINDEA,HYDINDEA,,1,2049,,,,,,1.0
InputActivityRatio,B_Opt_IndiaCostsFuel,GLOBAL,PWRSHPINDEA,HYDINDEA,,1,2050,,,,,,1.0
InputActivityRatio,B_Opt_IndiaCostsFuel,GLOBAL,PWRSHPINDNE,HYDINDNE,,1,2023,,,,,,1.0
InputActivityRatio,B_Opt_IndiaCostsFuel,GLOBAL,PWRSHPINDNE,HYDINDNE,,1,2024,,,,,,1.0
InputActivityRatio,B_Opt_IndiaCostsFuel,GLOBAL,PWRSHPINDNE,HYDINDNE,,1,2025,,,,,,1.0
InputActivityRatio,B_Opt_IndiaCostsFuel,GLOBAL,PWRSHPINDNE,HYDINDNE,,1,2026,,,,,,1.0
InputActivityRatio,B_Opt_IndiaCostsFuel,GLOBAL,PWRSHPINDNE,HYDINDNE,,1,2027,,,,,,1.0
InputActivityRatio,B_Opt_IndiaCostsFuel,GLOBAL,PWRSHPINDNE,HYDINDNE,,1,2028,,,,,,1.0
InputActivityRatio,B_Opt_IndiaCostsFuel,GLOBAL,PWRSHPINDNE,HYDINDNE,,1,2029,,,,,,1.0
InputActivityRatio,B_Opt_IndiaCostsFuel,GLOBAL,PWRSHPINDNE,HYDINDNE,,1,2030,,,,,,1.0
InputActivityRatio,B_Opt_IndiaCostsFuel,GLOBAL,PWRSHPINDNE,HYDINDNE,,1,2031,,,,,,1.0
InputActivityRatio,B_Opt_IndiaCostsFuel,GLOBAL,PWRSHPINDNE,HYDINDNE,,1,2032,,,,,,1.0
InputActivityRatio,B_Opt_IndiaCostsFuel,GLOBAL,PWRSHPINDNE,HYDINDNE,,1,2033,,,,,,1.0
InputActivityRatio,B_Opt_IndiaCostsFuel,GLOBAL,PWRSHPINDNE,HYDINDNE,,1,2034,,,,,,1.0
InputActivityRatio,B_Opt_IndiaCostsFuel,GLOBAL,PWRSHPINDNE,HYDINDNE,,1,2035,,,,,,1.0
InputActivityRatio,B_Opt_IndiaCostsFuel,GLOBAL,PWRSHPINDNE,HYDINDNE,,1,2036,,,,,,1.0
InputActivityRatio,B_Opt_IndiaCostsFuel,GLOBAL,PWRSHPINDNE,HYDINDNE,,1,2037,,,,,,1.0
InputActivityRatio,B_Opt_IndiaCostsFuel,GLOBAL,PWRSHPINDNE,HYDINDNE,,1,2038,,,,,,1.0
InputActivityRatio,B_Opt_IndiaCostsFuel,GLOBAL,PWRSHPINDNE,HYDINDNE,,1,2039,,,,,,1.0
InputActivityRatio,B_Opt_IndiaCostsFuel,GLOBAL,PWRSHPINDNE,HYDINDNE,,1,2040,,,,,,1.0
InputActivityRatio,B_Opt_IndiaCostsFuel,GLOBAL,PWRSHPINDNE,HYDINDNE,,1,2041,,,,,,1.0
InputActivityRatio,B_Opt_IndiaCostsFuel,GLOBAL,PWRSHPINDNE,HYDINDNE,,1,2042,,,,,,1.0
InputActivityRatio,B_Opt_IndiaCostsFuel,GLOBAL,PWRSHPINDNE,HYDINDNE,,1,2043,,,,,,1.0
InputActivityRatio,B_Opt_IndiaCostsFuel,GLOBAL,PWRSHPINDNE,HYDINDNE,,1,2044,,,,,,1.0
InputActivityRatio,B_Opt_IndiaCostsFuel,GLOBAL,PWRSHPINDNE,HYDINDNE,,1,2045,,,,,,1.0
InputActivityRatio,B_Opt_IndiaCostsFuel,GLOBAL,PWRSHPINDNE,HYDINDNE,,1,2046,,,,,,1.0
InputActivityRatio,B_Opt_IndiaCostsFuel,GLOBAL,PWRSHPINDNE,HYDINDNE,,1,2047,,,,,,1.0
InputActivityRatio,B_Opt_IndiaCostsFuel,GLOBAL,PWRSHPINDNE,HYDINDNE,,1,2048,,,,,,1.0
InputActivityRatio,B_Opt_IndiaCostsFuel,GLOBAL,PWRSHPINDNE,HYDINDNE,,1,2049,,,,,,1.0
InputActivityRatio,B_Opt_IndiaCostsFuel,GLOBAL,PWRSHPINDNE,HYDINDNE,,1,2050,,,,,,1.0
InputActivityRatio,B_Opt_IndiaCostsFuel,GLOBAL,PWRSHPINDNO,HYDINDNO,,1,2023,,,,,,1.0
InputActivityRatio,B_Opt_IndiaCostsFuel,GLOBAL,PWRSHPINDNO,HYDINDNO,,1,2024,,,,,,1.0
InputActivityRatio,B_Opt_IndiaCostsFuel,GLOBAL,PWRSHPINDNO,HYDINDNO,,1,2025,,,,,,1.0
InputActivityRatio,B_Opt_IndiaCostsFuel,GLOBAL,PWRSHPINDNO,HYDINDNO,,1,2026,,,,,,1.0
InputActivityRatio,B_Opt_IndiaCostsFuel,GLOBAL,PWRSHPINDNO,HYDINDNO,,1,2027,,,,,,1.0
InputActivityRatio,B_Opt_IndiaCostsFuel,GLOBAL,PWRSHPINDNO,HYDINDNO,,1,2028,,,,,,1.0
InputActivityRatio,B_Opt_IndiaCostsFuel,GLOBAL,PWRSHPINDNO,HYDINDNO,,1,2029,,,,,,1.0
InputActivityRatio,B_Opt_IndiaCostsFuel,GLOBAL,PWRSHPINDNO,HYDINDNO,,1,2030,,,,,,1.0
InputActivityRatio,B_Opt_IndiaCostsFuel,GLOBAL,PWRSHPINDNO,HYDINDNO,,1,2031,,,,,,1.0
InputActivityRatio,B_Opt_IndiaCostsFuel,GLOBAL,PWRSHPINDNO,HYDINDNO,,1,2032,,,,,,1.0
InputActivityRatio,B_Opt_IndiaCostsFuel,GLOBAL,PWRSHPINDNO,HYDINDNO,,1,2033,,,,,,1.0
InputActivityRatio,B_Opt_IndiaCostsFuel,GLOBAL,PWRSHPINDNO,HYDINDNO,,1,2034,,,,,,1.0
InputActivityRatio,B_Opt_IndiaCostsFuel,GLOBAL,PWRSHPINDNO,HYDINDNO,,1,2035,,,,,,1.0
InputActivityRatio,B_Opt_IndiaCostsFuel,GLOBAL,PWRSHPINDNO,HYDINDNO,,1,2036,,,,,,1.0
InputActivityRatio,B_Opt_IndiaCostsFuel,GLOBAL,PWRSHPINDNO,HYDINDNO,,1,2037,,,,,,1.0
InputActivityRatio,B_Opt_IndiaCostsFuel,GLOBAL,PWRSHPINDNO,HYDINDNO,,1,2038,,,,,,1.0
InputActivityRatio,B_Opt_IndiaCostsFuel,GLOBAL,PWRSHPINDNO,HYDINDNO,,1,2039,,,,,,1.0
InputActivityRatio,B_Opt_IndiaCostsFuel,GLOBAL,PWRSHPINDNO,HYDINDNO,,1,2040,,,,,,1.0
InputActivityRatio,B_Opt_IndiaCostsFuel,GLOBAL,PWRSHPINDNO,HYDINDNO,,1,2041,,,,,,1.0
InputActivityRatio,B_Opt_IndiaCostsFuel,GLOBAL,PWRSHPINDNO,HYDINDNO,,1,2042,,,,,,1.0
InputActivityRatio,B_Opt_IndiaCostsFuel,GLOBAL,PWRSHPINDNO,HYDINDNO,,1,2043,,,,,,1.0
InputActivityRatio,B_Opt_IndiaCostsFuel,GLOBAL,PWRSHPINDNO,HYDINDNO,,1,2044,,,,,,1.0
InputActivityRatio,B_Opt_IndiaCostsFuel,GLOBAL,PWRSHPINDNO,HYDINDNO,,1,2045,,,,,,1.0
InputActivityRatio,B_Opt_IndiaCostsFuel,GLOBAL,PWRSHPINDNO,HYDINDNO,,1,2046,,,,,,1.0
InputActivityRatio,B_Opt_IndiaCostsFuel,GLOBAL,PWRSHPINDNO,HYDINDNO,,1,2047,,,,,,1.0
InputActivityRatio,B_Opt_IndiaCostsFuel,GLOBAL,PWRSHPINDNO,HYDINDNO,,1,2048,,,,,,1.0
InputActivityRatio,B_Opt_IndiaCostsFuel,GLOBAL,PWRSHPINDNO,HYDINDNO,,1,2049,,,,,,1.0
InputActivityRatio,B_Opt_IndiaCostsFuel,GLOBAL,PWRSHPINDNO,HYDINDNO,,1,2050,,,,,,1.0
InputActivityRatio,B_Opt_IndiaCostsFuel,GLOBAL,PWRSHPINDSO,HYDINDSO,,1,2023,,,,,,1.0
InputActivityRatio,B_Opt_IndiaCostsFuel,GLOBAL,PWRSHPINDSO,HYDINDSO,,1,2024,,,,,,1.0
InputActivityRatio,B_Opt_IndiaCostsFuel,GLOBAL,PWRSHPINDSO,HYDINDSO,,1,2025,,,,,,1.0
InputActivityRatio,B_Opt_IndiaCostsFuel,GLOBAL,PWRSHPINDSO,HYDINDSO,,1,2026,,,,,,1.0
InputActivityRatio,B_Opt_IndiaCostsFuel,GLOBAL,PWRSHPINDSO,HYDINDSO,,1,2027,,,,,,1.0
InputActivityRatio,B_Opt_IndiaCostsFuel,GLOBAL,PWRSHPINDSO,HYDINDSO,,1,2028,,,,,,1.0
InputActivityRatio,B_Opt_IndiaCostsFuel,GLOBAL,PWRSHPINDSO,HYDINDSO,,1,2029,,,,,,1.0
InputActivityRatio,B_Opt_IndiaCostsFuel,GLOBAL,PWRSHPINDSO,HYDINDSO,,1,2030,,,,,,1.0
InputActivityRatio,B_Opt_IndiaCostsFuel,GLOBAL,PWRSHPINDSO,HYDINDSO,,1,2031,,,,,,1.0
InputActivityRatio,B_Opt_IndiaCostsFuel,GLOBAL,PWRSHPINDSO,HYDINDSO,,1,2032,,,,,,1.0
InputActivityRatio,B_Opt_IndiaCostsFuel,GLOBAL,PWRSHPINDSO,HYDINDSO,,1,2033,,,,,,1.0
InputActivityRatio,B_Opt_IndiaCostsFuel,GLOBAL,PWRSHPINDSO,HYDINDSO,,1,2034,,,,,,1.0
InputActivityRatio,B_Opt_IndiaCostsFuel,GLOBAL,PWRSHPINDSO,HYDINDSO,,1,2035,,,,,,1.0
InputActivityRatio,B_Opt_IndiaCostsFuel,GLOBAL,PWRSHPINDSO,HYDINDSO,,1,2036,,,,,,1.0
InputActivityRatio,B_Opt_IndiaCostsFuel,GLOBAL,PWRSHPINDSO,HYDINDSO,,1,2037,,,,,,1.0
InputActivityRatio,B_Opt_IndiaCostsFuel,GLOBAL,PWRSHPINDSO,HYDINDSO,,1,2038,,,,,,1.0
InputActivityRatio,B_Opt_IndiaCostsFuel,GLOBAL,PWRSHPINDSO,HYDINDSO,,1,2039,,,,,,1.0
InputActivityRatio,B_Opt_IndiaCostsFuel,GLOBAL,PWRSHPINDSO,HYDINDSO,,1,2040,,,,,,1.0
InputActivityRatio,B_Opt_IndiaCostsFuel,GLOBAL,PWRSHPINDSO,HYDINDSO,,1,2041,,,,,,1.0
InputActivityRatio,B_Opt_IndiaCostsFuel,GLOBAL,PWRSHPINDSO,HYDINDSO,,1,2042,,,,,,1.0
InputActivityRatio,B_Opt_IndiaCostsFuel,GLOBAL,PWRSHPINDSO,HYDINDSO,,1,2043,,,,,,1.0
InputActivityRatio,B_Opt_IndiaCostsFuel,GLOBAL,PWRSHPINDSO,HYDINDSO,,1,2044,,,,,,1.0
InputActivityRatio,B_Opt_IndiaCostsFuel,GLOBAL,PWRSHPINDSO,HYDINDSO,,1,2045,,,,,,1.0
InputActivityRatio,B_Opt_IndiaCostsFuel,GLOBAL,PWRSHPINDSO,HYDINDSO,,1,2046,,,,,,1.0
InputActivityRatio,B_Opt_IndiaCostsFuel,GLOBAL,PWRSHPINDSO,HYDINDSO,,1,2047,,,,,,1.0
InputActivityRatio,B_Opt_IndiaCostsFuel,GLOBAL,PWRSHPINDSO,HYDINDSO,,1,2048,,,,,,1.0
InputActivityRatio,B_Opt_IndiaCostsFuel,GLOBAL,PWRSHPINDSO,HYDINDSO,,1,2049,,,,,,1.0
InputActivityRatio,B_Opt_IndiaCostsFuel,GLOBAL,PWRSHPINDSO,HYDINDSO,,1,2050,,,,,,1.0
InputActivityRatio,B_Opt_IndiaCostsFuel,GLOBAL,PWRSHPINDWE,HYDINDWE,,1,2023,,,,,,1.0
InputActivityRatio,B_Opt_IndiaCostsFuel,GLOBAL,PWRSHPINDWE,HYDINDWE,,1,2024,,,,,,1.0
InputActivityRatio,B_Opt_IndiaCostsFuel,GLOBAL,PWRSHPINDWE,HYDINDWE,,1,2025,,,,,,1.0
InputActivityRatio,B_Opt_IndiaCostsFuel,GLOBAL,PWRSHPINDWE,HYDINDWE,,1,2026,,,,,,1.0
InputActivityRatio,B_Opt_IndiaCostsFuel,GLOBAL,PWRSHPINDWE,HYDINDWE,,1,2027,,,,,,1.0
InputActivityRatio,B_Opt_IndiaCostsFuel,GLOBAL,PWRSHPINDWE,HYDINDWE,,1,2028,,,,,,1.0
InputActivityRatio,B_Opt_IndiaCostsFuel,GLOBAL,PWRSHPINDWE,HYDINDWE,,1,2029,,,,,,1.0
InputActivityRatio,B_Opt_IndiaCostsFuel,GLOBAL,PWRSHPINDWE,HYDINDWE,,1,2030,,,,,,1.0
InputActivityRatio,B_Opt_IndiaCostsFuel,GLOBAL,PWRSHPINDWE,HYDINDWE,,1,2031,,,,,,1.0
InputActivityRatio,B_Opt_IndiaCostsFuel,GLOBAL,PWRSHPINDWE,HYDINDWE,,1,2032,,,,,,1.0
InputActivityRatio,B_Opt_IndiaCostsFuel,GLOBAL,PWRSHPINDWE,HYDINDWE,,1,2033,,,,,,1.0
InputActivityRatio,B_Opt_IndiaCostsFuel,GLOBAL,PWRSHPINDWE,HYDINDWE,,1,2034,,,,,,1.0
InputActivityRatio,B_Opt_IndiaCostsFuel,GLOBAL,PWRSHPINDWE,HYDINDWE,,1,2035,,,,,,1.0
InputActivityRatio,B_Opt_IndiaCostsFuel,GLOBAL,PWRSHPINDWE,HYDINDWE,,1,2036,,,,,,1.0
InputActivityRatio,B_Opt_IndiaCostsFuel,GLOBAL,PWRSHPINDWE,HYDINDWE,,1,2037,,,,,,1.0
InputActivityRatio,B_Opt_IndiaCostsFuel,GLOBAL,PWRSHPINDWE,HYDINDWE,,1,2038,,,,,,1.0
InputActivityRatio,B_Opt_IndiaCostsFuel,GLOBAL,PWRSHPINDWE,HYDINDWE,,1,2039,,,,,,1.0
InputActivityRatio,B_Opt_IndiaCostsFuel,GLOBAL,PWRSHPINDWE,HYDINDWE,,1,2040,,,,,,1.0
InputActivityRatio,B_Opt_IndiaCostsFuel,GLOBAL,PWRSHPINDWE,HYDINDWE,,1,2041,,,,,,1.0
InputActivityRatio,B_Opt_IndiaCostsFuel,GLOBAL,PWRSHPINDWE,HYDINDWE,,1,2042,,,,,,1.0
InputActivityRatio,B_Opt_IndiaCostsFuel,GLOBAL,PWRSHPINDWE,HYDINDWE,,1,2043,,,,,,1.0
InputActivityRatio,B_Opt_IndiaCostsFuel,GLOBAL,PWRSHPINDWE,HYDINDWE,,1,2044,,,,,,1.0
InputActivityRatio,B_Opt_IndiaCostsFuel,GLOBAL,PWRSHPINDWE,HYDINDWE,,1,2045,,,,,,1.0
InputActivityRatio,B_Opt_IndiaCostsFuel,GLOBAL,PWRSHPINDWE,HYDINDWE,,1,2046,,,,,,1.0
InputActivityRatio,B_Opt_IndiaCostsFuel,GLOBAL,PWRSHPINDWE,HYDINDWE,,1,2047,,,,,,1.0
InputActivityRatio,B_Opt_IndiaCostsFuel,GLOBAL,PWRSHPINDWE,HYDINDWE,,1,2048,,,,,,1.0
InputActivityRatio,B_Opt_IndiaCostsFuel,GLOBAL,PWRSHPINDWE,HYDINDWE,,1,2049,,,,,,1.0
InputActivityRatio,B_Opt_IndiaCostsFuel,GLOBAL,PWRSHPINDWE,HYDINDWE,,1,2050,,,,,,1.0
InputActivityRatio,B_Opt_IndiaCostsFuel,GLOBAL,PWRWOFMDVXX,WOFMDVXX,,1,2023,,,,,,1.0
InputActivityRatio,B_Opt_IndiaCostsFuel,GLOBAL,PWRWOFMDVXX,WOFMDVXX,,1,2024,,,,,,1.0
InputActivityRatio,B_Opt_IndiaCostsFuel,GLOBAL,PWRWOFMDVXX,WOFMDVXX,,1,2025,,,,,,1.0
InputActivityRatio,B_Opt_IndiaCostsFuel,GLOBAL,PWRWOFMDVXX,WOFMDVXX,,1,2026,,,,,,1.0
InputActivityRatio,B_Opt_IndiaCostsFuel,GLOBAL,PWRWOFMDVXX,WOFMDVXX,,1,2027,,,,,,1.0
InputActivityRatio,B_Opt_IndiaCostsFuel,GLOBAL,PWRWOFMDVXX,WOFMDVXX,,1,2028,,,,,,1.0
InputActivityRatio,B_Opt_IndiaCostsFuel,GLOBAL,PWRWOFMDVXX,WOFMDVXX,,1,2029,,,,,,1.0
InputActivityRatio,B_Opt_IndiaCostsFuel,GLOBAL,PWRWOFMDVXX,WOFMDVXX,,1,2030,,,,,,1.0
InputActivityRatio,B_Opt_IndiaCostsFuel,GLOBAL,PWRWOFMDVXX,WOFMDVXX,,1,2031,,,,,,1.0
InputActivityRatio,B_Opt_IndiaCostsFuel,GLOBAL,PWRWOFMDVXX,WOFMDVXX,,1,2032,,,,,,1.0
InputActivityRatio,B_Opt_IndiaCostsFuel,GLOBAL,PWRWOFMDVXX,WOFMDVXX,,1,2033,,,,,,1.0
InputActivityRatio,B_Opt_IndiaCostsFuel,GLOBAL,PWRWOFMDVXX,WOFMDVXX,,1,2034,,,,,,1.0
InputActivityRatio,B_Opt_IndiaCostsFuel,GLOBAL,PWRWOFMDVXX,WOFMDVXX,,1,2035,,,,,,1.0
InputActivityRatio,B_Opt_IndiaCostsFuel,GLOBAL,PWRWOFMDVXX,WOFMDVXX,,1,2036,,,,,,1.0
InputActivityRatio,B_Opt_IndiaCostsFuel,GLOBAL,PWRWOFMDVXX,WOFMDVXX,,1,2037,,,,,,1.0
InputActivityRatio,B_Opt_IndiaCostsFuel,GLOBAL,PWRWOFMDVXX,WOFMDVXX,,1,2038,,,,,,1.0
InputActivityRatio,B_Opt_IndiaCostsFuel,GLOBAL,PWRWOFMDVXX,WOFMDVXX,,1,2039,,,,,,1.0
InputActivityRatio,B_Opt_IndiaCostsFuel,GLOBAL,PWRWOFMDVXX,WOFMDVXX,,1,2040,,,,,,1.0
InputActivityRatio,B_Opt_IndiaCostsFuel,GLOBAL,PWRWOFMDVXX,WOFMDVXX,,1,2041,,,,,,1.0
InputActivityRatio,B_Opt_IndiaCostsFuel,GLOBAL,PWRWOFMDVXX,WOFMDVXX,,1,2042,,,,,,1.0
InputActivityRatio,B_Opt_IndiaCostsFuel,GLOBAL,PWRWOFMDVXX,WOFMDVXX,,1,2043,,,,,,1.0
InputActivityRatio,B_Opt_IndiaCostsFuel,GLOBAL,PWRWOFMDVXX,WOFMDVXX,,1,2044,,,,,,1.0
InputActivityRatio,B_Opt_IndiaCostsFuel,GLOBAL,PWRWOFMDVXX,WOFMDVXX,,1,2045,,,,,,1.0
InputActivityRatio,B_Opt_IndiaCostsFuel,GLOBAL,PWRWOFMDVXX,WOFMDVXX,,1,2046,,,,,,1.0
InputActivityRatio,B_Opt_IndiaCostsFuel,GLOBAL,PWRWOFMDVXX,WOFMDVXX,,1,2047,,,,,,1.0
InputActivityRatio,B_Opt_IndiaCostsFuel,GLOBAL,PWRWOFMDVXX,WOFMDVXX,,1,2048,,,,,,1.0
InputActivityRatio,B_Opt_IndiaCostsFuel,GLOBAL,PWRWOFMDVXX,WOFMDVXX,,1,2049,,,,,,1.0
InputActivityRatio,B_Opt_IndiaCostsFuel,GLOBAL,PWRWOFMDVXX,WOFMDVXX,,1,2050,,,,,,1.0
InputActivityRatio,B_Opt_IndiaCostsFuel,GLOBAL,PWRWONMDVXX,WONMDVXX,,1,2023,,,,,,1.0
InputActivityRatio,B_Opt_IndiaCostsFuel,GLOBAL,PWRWONMDVXX,WONMDVXX,,1,2024,,,,,,1.0
InputActivityRatio,B_Opt_IndiaCostsFuel,GLOBAL,PWRWONMDVXX,WONMDVXX,,1,2025,,,,,,1.0
InputActivityRatio,B_Opt_IndiaCostsFuel,GLOBAL,PWRWONMDVXX,WONMDVXX,,1,2026,,,,,,1.0
InputActivityRatio,B_Opt_IndiaCostsFuel,GLOBAL,PWRWONMDVXX,WONMDVXX,,1,2027,,,,,,1.0
InputActivityRatio,B_Opt_IndiaCostsFuel,GLOBAL,PWRWONMDVXX,WONMDVXX,,1,2028,,,,,,1.0
InputActivityRatio,B_Opt_IndiaCostsFuel,GLOBAL,PWRWONMDVXX,WONMDVXX,,1,2029,,,,,,1.0
InputActivityRatio,B_Opt_IndiaCostsFuel,GLOBAL,PWRWONMDVXX,WONMDVXX,,1,2030,,,,,,1.0
InputActivityRatio,B_Opt_IndiaCostsFuel,GLOBAL,PWRWONMDVXX,WONMDVXX,,1,2031,,,,,,1.0
InputActivityRatio,B_Opt_IndiaCostsFuel,GLOBAL,PWRWONMDVXX,WONMDVXX,,1,2032,,,,,,1.0
InputActivityRatio,B_Opt_IndiaCostsFuel,GLOBAL,PWRWONMDVXX,WONMDVXX,,1,2033,,,,,,1.0
InputActivityRatio,B_Opt_IndiaCostsFuel,GLOBAL,PWRWONMDVXX,WONMDVXX,,1,2034,,,,,,1.0
InputActivityRatio,B_Opt_IndiaCostsFuel,GLOBAL,PWRWONMDVXX,WONMDVXX,,1,2035,,,,,,1.0
InputActivityRatio,B_Opt_IndiaCostsFuel,GLOBAL,PWRWONMDVXX,WONMDVXX,,1,2036,,,,,,1.0
InputActivityRatio,B_Opt_IndiaCostsFuel,GLOBAL,PWRWONMDVXX,WONMDVXX,,1,2037,,,,,,1.0
InputActivityRatio,B_Opt_IndiaCostsFuel,GLOBAL,PWRWONMDVXX,WONMDVXX,,1,2038,,,,,,1.0
InputActivityRatio,B_Opt_IndiaCostsFuel,GLOBAL,PWRWONMDVXX,WONMDVXX,,1,2039,,,,,,1.0
InputActivityRatio,B_Opt_IndiaCostsFuel,GLOBAL,PWRWONMDVXX,WONMDVXX,,1,2040,,,,,,1.0
InputActivityRatio,B_Opt_IndiaCostsFuel,GLOBAL,PWRWONMDVXX,WONMDVXX,,1,2041,,,,,,1.0
InputActivityRatio,B_Opt_IndiaCostsFuel,GLOBAL,PWRWONMDVXX,WONMDVXX,,1,2042,,,,,,1.0
InputActivityRatio,B_Opt_IndiaCostsFuel,GLOBAL,PWRWONMDVXX,WONMDVXX,,1,2043,,,,,,1.0
InputActivityRatio,B_Opt_IndiaCostsFuel,GLOBAL,PWRWONMDVXX,WONMDVXX,,1,2044,,,,,,1.0
InputActivityRatio,B_Opt_IndiaCostsFuel,GLOBAL,PWRWONMDVXX,WONMDVXX,,1,2045,,,,,,1.0
InputActivityRatio,B_Opt_IndiaCostsFuel,GLOBAL,PWRWONMDVXX,WONMDVXX,,1,2046,,,,,,1.0
InputActivityRatio,B_Opt_IndiaCostsFuel,GLOBAL,PWRWONMDVXX,WONMDVXX,,1,2047,,,,,,1.0
InputActivityRatio,B_Opt_IndiaCostsFuel,GLOBAL,PWRWONMDVXX,WONMDVXX,,1,2048,,,,,,1.0
InputActivityRatio,B_Opt_IndiaCostsFuel,GLOBAL,PWRWONMDVXX,WONMDVXX,,1,2049,,,,,,1.0
InputActivityRatio,B_Opt_IndiaCostsFuel,GLOBAL,PWRWONMDVXX,WONMDVXX,,1,2050,,,,,,1.0
InputActivityRatio,B_Opt_IndiaCostsFuel,GLOBAL,TRNBTNXXBGDXX,ELCBTNXX03,,1,2023,,,,,,1.0
InputActivityRatio,B_Opt_IndiaCostsFuel,GLOBAL,TRNBTNXXBGDXX,ELCBTNXX03,,1,2024,,,,,,1.0
InputActivityRatio,B_Opt_IndiaCostsFuel,GLOBAL,TRNBTNXXBGDXX,ELCBTNXX03,,1,2025,,,,,,1.0
InputActivityRatio,B_Opt_IndiaCostsFuel,GLOBAL,TRNBTNXXBGDXX,ELCBTNXX03,,1,2026,,,,,,1.0
InputActivityRatio,B_Opt_IndiaCostsFuel,GLOBAL,TRNBTNXXBGDXX,ELCBTNXX03,,1,2027,,,,,,1.0
InputActivityRatio,B_Opt_IndiaCostsFuel,GLOBAL,TRNBTNXXBGDXX,ELCBTNXX03,,1,2028,,,,,,1.0
InputActivityRatio,B_Opt_IndiaCostsFuel,GLOBAL,TRNBTNXXBGDXX,ELCBTNXX03,,1,2029,,,,,,1.0
InputActivityRatio,B_Opt_IndiaCostsFuel,GLOBAL,TRNBTNXXBGDXX,ELCBTNXX03,,1,2030,,,,,,1.0
InputActivityRatio,B_Opt_IndiaCostsFuel,GLOBAL,TRNBTNXXBGDXX,ELCBTNXX03,,1,2031,,,,,,1.0
InputActivityRatio,B_Opt_IndiaCostsFuel,GLOBAL,TRNBTNXXBGDXX,ELCBTNXX03,,1,2032,,,,,,1.0
InputActivityRatio,B_Opt_IndiaCostsFuel,GLOBAL,TRNBTNXXBGDXX,ELCBTNXX03,,1,2033,,,,,,1.0
InputActivityRatio,B_Opt_IndiaCostsFuel,GLOBAL,TRNBTNXXBGDXX,ELCBTNXX03,,1,2034,,,,,,1.0
InputActivityRatio,B_Opt_IndiaCostsFuel,GLOBAL,TRNBTNXXBGDXX,ELCBTNXX03,,1,2035,,,,,,1.0
InputActivityRatio,B_Opt_IndiaCostsFuel,GLOBAL,TRNBTNXXBGDXX,ELCBTNXX03,,1,2036,,,,,,1.0
InputActivityRatio,B_Opt_IndiaCostsFuel,GLOBAL,TRNBTNXXBGDXX,ELCBTNXX03,,1,2037,,,,,,1.0
InputActivityRatio,B_Opt_IndiaCostsFuel,GLOBAL,TRNBTNXXBGDXX,ELCBTNXX03,,1,2038,,,,,,1.0
InputActivityRatio,B_Opt_IndiaCostsFuel,GLOBAL,TRNBTNXXBGDXX,ELCBTNXX03,,1,2039,,,,,,1.0
InputActivityRatio,B_Opt_IndiaCostsFuel,GLOBAL,TRNBTNXXBGDXX,ELCBTNXX03,,1,2040,,,,,,1.0
InputActivityRatio,B_Opt_IndiaCostsFuel,GLOBAL,TRNBTNXXBGDXX,ELCBTNXX03,,1,2041,,,,,,1.0
InputActivityRatio,B_Opt_IndiaCostsFuel,GLOBAL,TRNBTNXXBGDXX,ELCBTNXX03,,1,2042,,,,,,1.0
InputActivityRatio,B_Opt_IndiaCostsFuel,GLOBAL,TRNBTNXXBGDXX,ELCBTNXX03,,1,2043,,,,,,1.0
InputActivityRatio,B_Opt_IndiaCostsFuel,GLOBAL,TRNBTNXXBGDXX,ELCBTNXX03,,1,2044,,,,,,1.0
InputActivityRatio,B_Opt_IndiaCostsFuel,GLOBAL,TRNBTNXXBGDXX,ELCBTNXX03,,1,2045,,,,,,1.0
InputActivityRatio,B_Opt_IndiaCostsFuel,GLOBAL,TRNBTNXXBGDXX,ELCBTNXX03,,1,2046,,,,,,1.0
InputActivityRatio,B_Opt_IndiaCostsFuel,GLOBAL,TRNBTNXXBGDXX,ELCBTNXX03,,1,2047,,,,,,1.0
InputActivityRatio,B_Opt_IndiaCostsFuel,GLOBAL,TRNBTNXXBGDXX,ELCBTNXX03,,1,2048,,,,,,1.0
InputActivityRatio,B_Opt_IndiaCostsFuel,GLOBAL,TRNBTNXXBGDXX,ELCBTNXX03,,1,2049,,,,,,1.0
InputActivityRatio,B_Opt_IndiaCostsFuel,GLOBAL,TRNBTNXXBGDXX,ELCBTNXX03,,1,2050,,,,,,1.0
InputActivityRatio,B_Opt_IndiaCostsFuel,GLOBAL,TRNBTNXXBGDXX,ELCBGDXX03,,2,2023,,,,,,1.0
InputActivityRatio,B_Opt_IndiaCostsFuel,GLOBAL,TRNBTNXXBGDXX,ELCBGDXX03,,2,2024,,,,,,1.0
InputActivityRatio,B_Opt_IndiaCostsFuel,GLOBAL,TRNBTNXXBGDXX,ELCBGDXX03,,2,2025,,,,,,1.0
InputActivityRatio,B_Opt_IndiaCostsFuel,GLOBAL,TRNBTNXXBGDXX,ELCBGDXX03,,2,2026,,,,,,1.0
InputActivityRatio,B_Opt_IndiaCostsFuel,GLOBAL,TRNBTNXXBGDXX,ELCBGDXX03,,2,2027,,,,,,1.0
InputActivityRatio,B_Opt_IndiaCostsFuel,GLOBAL,TRNBTNXXBGDXX,ELCBGDXX03,,2,2028,,,,,,1.0
InputActivityRatio,B_Opt_IndiaCostsFuel,GLOBAL,TRNBTNXXBGDXX,ELCBGDXX03,,2,2029,,,,,,1.0
InputActivityRatio,B_Opt_IndiaCostsFuel,GLOBAL,TRNBTNXXBGDXX,ELCBGDXX03,,2,2030,,,,,,1.0
InputActivityRatio,B_Opt_IndiaCostsFuel,GLOBAL,TRNBTNXXBGDXX,ELCBGDXX03,,2,2031,,,,,,1.0
InputActivityRatio,B_Opt_IndiaCostsFuel,GLOBAL,TRNBTNXXBGDXX,ELCBGDXX03,,2,2032,,,,,,1.0
InputActivityRatio,B_Opt_IndiaCostsFuel,GLOBAL,TRNBTNXXBGDXX,ELCBGDXX03,,2,2033,,,,,,1.0
InputActivityRatio,B_Opt_IndiaCostsFuel,GLOBAL,TRNBTNXXBGDXX,ELCBGDXX03,,2,2034,,,,,,1.0
InputActivityRatio,B_Opt_IndiaCostsFuel,GLOBAL,TRNBTNXXBGDXX,ELCBGDXX03,,2,2035,,,,,,1.0
InputActivityRatio,B_Opt_IndiaCostsFuel,GLOBAL,TRNBTNXXBGDXX,ELCBGDXX03,,2,2036,,,,,,1.0
InputActivityRatio,B_Opt_IndiaCostsFuel,GLOBAL,TRNBTNXXBGDXX,ELCBGDXX03,,2,2037,,,,,,1.0
InputActivityRatio,B_Opt_IndiaCostsFuel,GLOBAL,TRNBTNXXBGDXX,ELCBGDXX03,,2,2038,,,,,,1.0
InputActivityRatio,B_Opt_IndiaCostsFuel,GLOBAL,TRNBTNXXBGDXX,ELCBGDXX03,,2,2039,,,,,,1.0
InputActivityRatio,B_Opt_IndiaCostsFuel,GLOBAL,TRNBTNXXBGDXX,ELCBGDXX03,,2,2040,,,,,,1.0
InputActivityRatio,B_Opt_IndiaCostsFuel,GLOBAL,TRNBTNXXBGDXX,ELCBGDXX03,,2,2041,,,,,,1.0
InputActivityRatio,B_Opt_IndiaCostsFuel,GLOBAL,TRNBTNXXBGDXX,ELCBGDXX03,,2,2042,,,,,,1.0
InputActivityRatio,B_Opt_IndiaCostsFuel,GLOBAL,TRNBTNXXBGDXX,ELCBGDXX03,,2,2043,,,,,,1.0
InputActivityRatio,B_Opt_IndiaCostsFuel,GLOBAL,TRNBTNXXBGDXX,ELCBGDXX03,,2,2044,,,,,,1.0
InputActivityRatio,B_Opt_IndiaCostsFuel,GLOBAL,TRNBTNXXBGDXX,ELCBGDXX03,,2,2045,,,,,,1.0
InputActivityRatio,B_Opt_IndiaCostsFuel,GLOBAL,TRNBTNXXBGDXX,ELCBGDXX03,,2,2046,,,,,,1.0
InputActivityRatio,B_Opt_IndiaCostsFuel,GLOBAL,TRNBTNXXBGDXX,ELCBGDXX03,,2,2047,,,,,,1.0
InputActivityRatio,B_Opt_IndiaCostsFuel,GLOBAL,TRNBTNXXBGDXX,ELCBGDXX03,,2,2048,,,,,,1.0
InputActivityRatio,B_Opt_IndiaCostsFuel,GLOBAL,TRNBTNXXBGDXX,ELCBGDXX03,,2,2049,,,,,,1.0
InputActivityRatio,B_Opt_IndiaCostsFuel,GLOBAL,TRNBTNXXBGDXX,ELCBGDXX03,,2,2050,,,,,,1.0
InputActivityRatio,B_Opt_IndiaCostsFuel,GLOBAL,TRNBTNXXINDNE,ELCBTNXX03,,1,2023,,,,,,1.0
InputActivityRatio,B_Opt_IndiaCostsFuel,GLOBAL,TRNBTNXXINDNE,ELCBTNXX03,,1,2024,,,,,,1.0
InputActivityRatio,B_Opt_IndiaCostsFuel,GLOBAL,TRNBTNXXINDNE,ELCBTNXX03,,1,2025,,,,,,1.0
InputActivityRatio,B_Opt_IndiaCostsFuel,GLOBAL,TRNBTNXXINDNE,ELCBTNXX03,,1,2026,,,,,,1.0
InputActivityRatio,B_Opt_IndiaCostsFuel,GLOBAL,TRNBTNXXINDNE,ELCBTNXX03,,1,2027,,,,,,1.0
InputActivityRatio,B_Opt_IndiaCostsFuel,GLOBAL,TRNBTNXXINDNE,ELCBTNXX03,,1,2028,,,,,,1.0
InputActivityRatio,B_Opt_IndiaCostsFuel,GLOBAL,TRNBTNXXINDNE,ELCBTNXX03,,1,2029,,,,,,1.0
InputActivityRatio,B_Opt_IndiaCostsFuel,GLOBAL,TRNBTNXXINDNE,ELCBTNXX03,,1,2030,,,,,,1.0
InputActivityRatio,B_Opt_IndiaCostsFuel,GLOBAL,TRNBTNXXINDNE,ELCBTNXX03,,1,2031,,,,,,1.0
InputActivityRatio,B_Opt_IndiaCostsFuel,GLOBAL,TRNBTNXXINDNE,ELCBTNXX03,,1,2032,,,,,,1.0
InputActivityRatio,B_Opt_IndiaCostsFuel,GLOBAL,TRNBTNXXINDNE,ELCBTNXX03,,1,2033,,,,,,1.0
InputActivityRatio,B_Opt_IndiaCostsFuel,GLOBAL,TRNBTNXXINDNE,ELCBTNXX03,,1,2034,,,,,,1.0
InputActivityRatio,B_Opt_IndiaCostsFuel,GLOBAL,TRNBTNXXINDNE,ELCBTNXX03,,1,2035,,,,,,1.0
InputActivityRatio,B_Opt_IndiaCostsFuel,GLOBAL,TRNBTNXXINDNE,ELCBTNXX03,,1,2036,,,,,,1.0
InputActivityRatio,B_Opt_IndiaCostsFuel,GLOBAL,TRNBTNXXINDNE,ELCBTNXX03,,1,2037,,,,,,1.0
InputActivityRatio,B_Opt_IndiaCostsFuel,GLOBAL,TRNBTNXXINDNE,ELCBTNXX03,,1,2038,,,,,,1.0
InputActivityRatio,B_Opt_IndiaCostsFuel,GLOBAL,TRNBTNXXINDNE,ELCBTNXX03,,1,2039,,,,,,1.0
InputActivityRatio,B_Opt_IndiaCostsFuel,GLOBAL,TRNBTNXXINDNE,ELCBTNXX03,,1,2040,,,,,,1.0
InputActivityRatio,B_Opt_IndiaCostsFuel,GLOBAL,TRNBTNXXINDNE,ELCBTNXX03,,1,2041,,,,,,1.0
InputActivityRatio,B_Opt_IndiaCostsFuel,GLOBAL,TRNBTNXXINDNE,ELCBTNXX03,,1,2042,,,,,,1.0
InputActivityRatio,B_Opt_IndiaCostsFuel,GLOBAL,TRNBTNXXINDNE,ELCBTNXX03,,1,2043,,,,,,1.0
InputActivityRatio,B_Opt_IndiaCostsFuel,GLOBAL,TRNBTNXXINDNE,ELCBTNXX03,,1,2044,,,,,,1.0
InputActivityRatio,B_Opt_IndiaCostsFuel,GLOBAL,TRNBTNXXINDNE,ELCBTNXX03,,1,2045,,,,,,1.0
InputActivityRatio,B_Opt_IndiaCostsFuel,GLOBAL,TRNBTNXXINDNE,ELCBTNXX03,,1,2046,,,,,,1.0
InputActivityRatio,B_Opt_IndiaCostsFuel,GLOBAL,TRNBTNXXINDNE,ELCBTNXX03,,1,2047,,,,,,1.0
InputActivityRatio,B_Opt_IndiaCostsFuel,GLOBAL,TRNBTNXXINDNE,ELCBTNXX03,,1,2048,,,,,,1.0
InputActivityRatio,B_Opt_IndiaCostsFuel,GLOBAL,TRNBTNXXINDNE,ELCBTNXX03,,1,2049,,,,,,1.0
InputActivityRatio,B_Opt_IndiaCostsFuel,GLOBAL,TRNBTNXXINDNE,ELCBTNXX03,,1,2050,,,,,,1.0
InputActivityRatio,B_Opt_IndiaCostsFuel,GLOBAL,TRNBTNXXINDNE,ELCINDNE03,,2,2023,,,,,,1.0
InputActivityRatio,B_Opt_IndiaCostsFuel,GLOBAL,TRNBTNXXINDNE,ELCINDNE03,,2,2024,,,,,,1.0
InputActivityRatio,B_Opt_IndiaCostsFuel,GLOBAL,TRNBTNXXINDNE,ELCINDNE03,,2,2025,,,,,,1.0
InputActivityRatio,B_Opt_IndiaCostsFuel,GLOBAL,TRNBTNXXINDNE,ELCINDNE03,,2,2026,,,,,,1.0
InputActivityRatio,B_Opt_IndiaCostsFuel,GLOBAL,TRNBTNXXINDNE,ELCINDNE03,,2,2027,,,,,,1.0
InputActivityRatio,B_Opt_IndiaCostsFuel,GLOBAL,TRNBTNXXINDNE,ELCINDNE03,,2,2028,,,,,,1.0
InputActivityRatio,B_Opt_IndiaCostsFuel,GLOBAL,TRNBTNXXINDNE,ELCINDNE03,,2,2029,,,,,,1.0
InputActivityRatio,B_Opt_IndiaCostsFuel,GLOBAL,TRNBTNXXINDNE,ELCINDNE03,,2,2030,,,,,,1.0
InputActivityRatio,B_Opt_IndiaCostsFuel,GLOBAL,TRNBTNXXINDNE,ELCINDNE03,,2,2031,,,,,,1.0
InputActivityRatio,B_Opt_IndiaCostsFuel,GLOBAL,TRNBTNXXINDNE,ELCINDNE03,,2,2032,,,,,,1.0
InputActivityRatio,B_Opt_IndiaCostsFuel,GLOBAL,TRNBTNXXINDNE,ELCINDNE03,,2,2033,,,,,,1.0
InputActivityRatio,B_Opt_IndiaCostsFuel,GLOBAL,TRNBTNXXINDNE,ELCINDNE03,,2,2034,,,,,,1.0
InputActivityRatio,B_Opt_IndiaCostsFuel,GLOBAL,TRNBTNXXINDNE,ELCINDNE03,,2,2035,,,,,,1.0
InputActivityRatio,B_Opt_IndiaCostsFuel,GLOBAL,TRNBTNXXINDNE,ELCINDNE03,,2,2036,,,,,,1.0
InputActivityRatio,B_Opt_IndiaCostsFuel,GLOBAL,TRNBTNXXINDNE,ELCINDNE03,,2,2037,,,,,,1.0
InputActivityRatio,B_Opt_IndiaCostsFuel,GLOBAL,TRNBTNXXINDNE,ELCINDNE03,,2,2038,,,,,,1.0
InputActivityRatio,B_Opt_IndiaCostsFuel,GLOBAL,TRNBTNXXINDNE,ELCINDNE03,,2,2039,,,,,,1.0
InputActivityRatio,B_Opt_IndiaCostsFuel,GLOBAL,TRNBTNXXINDNE,ELCINDNE03,,2,2040,,,,,,1.0
InputActivityRatio,B_Opt_IndiaCostsFuel,GLOBAL,TRNBTNXXINDNE,ELCINDNE03,,2,2041,,,,,,1.0
InputActivityRatio,B_Opt_IndiaCostsFuel,GLOBAL,TRNBTNXXINDNE,ELCINDNE03,,2,2042,,,,,,1.0
InputActivityRatio,B_Opt_IndiaCostsFuel,GLOBAL,TRNBTNXXINDNE,ELCINDNE03,,2,2043,,,,,,1.0
InputActivityRatio,B_Opt_IndiaCostsFuel,GLOBAL,TRNBTNXXINDNE,ELCINDNE03,,2,2044,,,,,,1.0
InputActivityRatio,B_Opt_IndiaCostsFuel,GLOBAL,TRNBTNXXINDNE,ELCINDNE03,,2,2045,,,,,,1.0
InputActivityRatio,B_Opt_IndiaCostsFuel,GLOBAL,TRNBTNXXINDNE,ELCINDNE03,,2,2046,,,,,,1.0
InputActivityRatio,B_Opt_IndiaCostsFuel,GLOBAL,TRNBTNXXINDNE,ELCINDNE03,,2,2047,,,,,,1.0
InputActivityRatio,B_Opt_IndiaCostsFuel,GLOBAL,TRNBTNXXINDNE,ELCINDNE03,,2,2048,,,,,,1.0
InputActivityRatio,B_Opt_IndiaCostsFuel,GLOBAL,TRNBTNXXINDNE,ELCINDNE03,,2,2049,,,,,,1.0
InputActivityRatio,B_Opt_IndiaCostsFuel,GLOBAL,TRNBTNXXINDNE,ELCINDNE03,,2,2050,,,,,,1.0
InputActivityRatio,B_Opt_IndiaCostsFuel,GLOBAL,TRNMDVXXINDSO,ELCMDVXX03,,1,2023,,,,,,1.0
InputActivityRatio,B_Opt_IndiaCostsFuel,GLOBAL,TRNMDVXXINDSO,ELCMDVXX03,,1,2024,,,,,,1.0
InputActivityRatio,B_Opt_IndiaCostsFuel,GLOBAL,TRNMDVXXINDSO,ELCMDVXX03,,1,2025,,,,,,1.0
InputActivityRatio,B_Opt_IndiaCostsFuel,GLOBAL,TRNMDVXXINDSO,ELCMDVXX03,,1,2026,,,,,,1.0
InputActivityRatio,B_Opt_IndiaCostsFuel,GLOBAL,TRNMDVXXINDSO,ELCMDVXX03,,1,2027,,,,,,1.0
InputActivityRatio,B_Opt_IndiaCostsFuel,GLOBAL,TRNMDVXXINDSO,ELCMDVXX03,,1,2028,,,,,,1.0
InputActivityRatio,B_Opt_IndiaCostsFuel,GLOBAL,TRNMDVXXINDSO,ELCMDVXX03,,1,2029,,,,,,1.0
InputActivityRatio,B_Opt_IndiaCostsFuel,GLOBAL,TRNMDVXXINDSO,ELCMDVXX03,,1,2030,,,,,,1.0
InputActivityRatio,B_Opt_IndiaCostsFuel,GLOBAL,TRNMDVXXINDSO,ELCMDVXX03,,1,2031,,,,,,1.0
InputActivityRatio,B_Opt_IndiaCostsFuel,GLOBAL,TRNMDVXXINDSO,ELCMDVXX03,,1,2032,,,,,,1.0
InputActivityRatio,B_Opt_IndiaCostsFuel,GLOBAL,TRNMDVXXINDSO,ELCMDVXX03,,1,2033,,,,,,1.0
InputActivityRatio,B_Opt_IndiaCostsFuel,GLOBAL,TRNMDVXXINDSO,ELCMDVXX03,,1,2034,,,,,,1.0
InputActivityRatio,B_Opt_IndiaCostsFuel,GLOBAL,TRNMDVXXINDSO,ELCMDVXX03,,1,2035,,,,,,1.0
InputActivityRatio,B_Opt_IndiaCostsFuel,GLOBAL,TRNMDVXXINDSO,ELCMDVXX03,,1,2036,,,,,,1.0
InputActivityRatio,B_Opt_IndiaCostsFuel,GLOBAL,TRNMDVXXINDSO,ELCMDVXX03,,1,2037,,,,,,1.0
InputActivityRatio,B_Opt_IndiaCostsFuel,GLOBAL,TRNMDVXXINDSO,ELCMDVXX03,,1,2038,,,,,,1.0
InputActivityRatio,B_Opt_IndiaCostsFuel,GLOBAL,TRNMDVXXINDSO,ELCMDVXX03,,1,2039,,,,,,1.0
InputActivityRatio,B_Opt_IndiaCostsFuel,GLOBAL,TRNMDVXXINDSO,ELCMDVXX03,,1,2040,,,,,,1.0
InputActivityRatio,B_Opt_IndiaCostsFuel,GLOBAL,TRNMDVXXINDSO,ELCMDVXX03,,1,2041,,,,,,1.0
InputActivityRatio,B_Opt_IndiaCostsFuel,GLOBAL,TRNMDVXXINDSO,ELCMDVXX03,,1,2042,,,,,,1.0
InputActivityRatio,B_Opt_IndiaCostsFuel,GLOBAL,TRNMDVXXINDSO,ELCMDVXX03,,1,2043,,,,,,1.0
InputActivityRatio,B_Opt_IndiaCostsFuel,GLOBAL,TRNMDVXXINDSO,ELCMDVXX03,,1,2044,,,,,,1.0
InputActivityRatio,B_Opt_IndiaCostsFuel,GLOBAL,TRNMDVXXINDSO,ELCMDVXX03,,1,2045,,,,,,1.0
InputActivityRatio,B_Opt_IndiaCostsFuel,GLOBAL,TRNMDVXXINDSO,ELCMDVXX03,,1,2046,,,,,,1.0
InputActivityRatio,B_Opt_IndiaCostsFuel,GLOBAL,TRNMDVXXINDSO,ELCMDVXX03,,1,2047,,,,,,1.0
InputActivityRatio,B_Opt_IndiaCostsFuel,GLOBAL,TRNMDVXXINDSO,ELCMDVXX03,,1,2048,,,,,,1.0
InputActivityRatio,B_Opt_IndiaCostsFuel,GLOBAL,TRNMDVXXINDSO,ELCMDVXX03,,1,2049,,,,,,1.0
InputActivityRatio,B_Opt_IndiaCostsFuel,GLOBAL,TRNMDVXXINDSO,ELCMDVXX03,,1,2050,,,,,,1.0
InputActivityRatio,B_Opt_IndiaCostsFuel,GLOBAL,TRNMDVXXINDSO,ELCINDSO03,,2,2023,,,,,,1.0
InputActivityRatio,B_Opt_IndiaCostsFuel,GLOBAL,TRNMDVXXINDSO,ELCINDSO03,,2,2024,,,,,,1.0
InputActivityRatio,B_Opt_IndiaCostsFuel,GLOBAL,TRNMDVXXINDSO,ELCINDSO03,,2,2025,,,,,,1.0
InputActivityRatio,B_Opt_IndiaCostsFuel,GLOBAL,TRNMDVXXINDSO,ELCINDSO03,,2,2026,,,,,,1.0
InputActivityRatio,B_Opt_IndiaCostsFuel,GLOBAL,TRNMDVXXINDSO,ELCINDSO03,,2,2027,,,,,,1.0
InputActivityRatio,B_Opt_IndiaCostsFuel,GLOBAL,TRNMDVXXINDSO,ELCINDSO03,,2,2028,,,,,,1.0
InputActivityRatio,B_Opt_IndiaCostsFuel,GLOBAL,TRNMDVXXINDSO,ELCINDSO03,,2,2029,,,,,,1.0
InputActivityRatio,B_Opt_IndiaCostsFuel,GLOBAL,TRNMDVXXINDSO,ELCINDSO03,,2,2030,,,,,,1.0
InputActivityRatio,B_Opt_IndiaCostsFuel,GLOBAL,TRNMDVXXINDSO,ELCINDSO03,,2,2031,,,,,,1.0
InputActivityRatio,B_Opt_IndiaCostsFuel,GLOBAL,TRNMDVXXINDSO,ELCINDSO03,,2,2032,,,,,,1.0
InputActivityRatio,B_Opt_IndiaCostsFuel,GLOBAL,TRNMDVXXINDSO,ELCINDSO03,,2,2033,,,,,,1.0
InputActivityRatio,B_Opt_IndiaCostsFuel,GLOBAL,TRNMDVXXINDSO,ELCINDSO03,,2,2034,,,,,,1.0
InputActivityRatio,B_Opt_IndiaCostsFuel,GLOBAL,TRNMDVXXINDSO,ELCINDSO03,,2,2035,,,,,,1.0
InputActivityRatio,B_Opt_IndiaCostsFuel,GLOBAL,TRNMDVXXINDSO,ELCINDSO03,,2,2036,,,,,,1.0
InputActivityRatio,B_Opt_IndiaCostsFuel,GLOBAL,TRNMDVXXINDSO,ELCINDSO03,,2,2037,,,,,,1.0
InputActivityRatio,B_Opt_IndiaCostsFuel,GLOBAL,TRNMDVXXINDSO,ELCINDSO03,,2,2038,,,,,,1.0
InputActivityRatio,B_Opt_IndiaCostsFuel,GLOBAL,TRNMDVXXINDSO,ELCINDSO03,,2,2039,,,,,,1.0
InputActivityRatio,B_Opt_IndiaCostsFuel,GLOBAL,TRNMDVXXINDSO,ELCINDSO03,,2,2040,,,,,,1.0
InputActivityRatio,B_Opt_IndiaCostsFuel,GLOBAL,TRNMDVXXINDSO,ELCINDSO03,,2,2041,,,,,,1.0
InputActivityRatio,B_Opt_IndiaCostsFuel,GLOBAL,TRNMDVXXINDSO,ELCINDSO03,,2,2042,,,,,,1.0
InputActivityRatio,B_Opt_IndiaCostsFuel,GLOBAL,TRNMDVXXINDSO,ELCINDSO03,,2,2043,,,,,,1.0
InputActivityRatio,B_Opt_IndiaCostsFuel,GLOBAL,TRNMDVXXINDSO,ELCINDSO03,,2,2044,,,,,,1.0
InputActivityRatio,B_Opt_IndiaCostsFuel,GLOBAL,TRNMDVXXINDSO,ELCINDSO03,,2,2045,,,,,,1.0
InputActivityRatio,B_Opt_IndiaCostsFuel,GLOBAL,TRNMDVXXINDSO,ELCINDSO03,,2,2046,,,,,,1.0
InputActivityRatio,B_Opt_IndiaCostsFuel,GLOBAL,TRNMDVXXINDSO,ELCINDSO03,,2,2047,,,,,,1.0
InputActivityRatio,B_Opt_IndiaCostsFuel,GLOBAL,TRNMDVXXINDSO,ELCINDSO03,,2,2048,,,,,,1.0
InputActivityRatio,B_Opt_IndiaCostsFuel,GLOBAL,TRNMDVXXINDSO,ELCINDSO03,,2,2049,,,,,,1.0
InputActivityRatio,B_Opt_IndiaCostsFuel,GLOBAL,TRNMDVXXINDSO,ELCINDSO03,,2,2050,,,,,,1.0
InputActivityRatio,B_Opt_IndiaCostsFuel,GLOBAL,TRNNPLXXBGDXX,ELCNPLXX03,,1,2023,,,,,,1.0
InputActivityRatio,B_Opt_IndiaCostsFuel,GLOBAL,TRNNPLXXBGDXX,ELCNPLXX03,,1,2024,,,,,,1.0
InputActivityRatio,B_Opt_IndiaCostsFuel,GLOBAL,TRNNPLXXBGDXX,ELCNPLXX03,,1,2025,,,,,,1.0
InputActivityRatio,B_Opt_IndiaCostsFuel,GLOBAL,TRNNPLXXBGDXX,ELCNPLXX03,,1,2026,,,,,,1.0
InputActivityRatio,B_Opt_IndiaCostsFuel,GLOBAL,TRNNPLXXBGDXX,ELCNPLXX03,,1,2027,,,,,,1.0
InputActivityRatio,B_Opt_IndiaCostsFuel,GLOBAL,TRNNPLXXBGDXX,ELCNPLXX03,,1,2028,,,,,,1.0
InputActivityRatio,B_Opt_IndiaCostsFuel,GLOBAL,TRNNPLXXBGDXX,ELCNPLXX03,,1,2029,,,,,,1.0
InputActivityRatio,B_Opt_IndiaCostsFuel,GLOBAL,TRNNPLXXBGDXX,ELCNPLXX03,,1,2030,,,,,,1.0
InputActivityRatio,B_Opt_IndiaCostsFuel,GLOBAL,TRNNPLXXBGDXX,ELCNPLXX03,,1,2031,,,,,,1.0
InputActivityRatio,B_Opt_IndiaCostsFuel,GLOBAL,TRNNPLXXBGDXX,ELCNPLXX03,,1,2032,,,,,,1.0
InputActivityRatio,B_Opt_IndiaCostsFuel,GLOBAL,TRNNPLXXBGDXX,ELCNPLXX03,,1,2033,,,,,,1.0
InputActivityRatio,B_Opt_IndiaCostsFuel,GLOBAL,TRNNPLXXBGDXX,ELCNPLXX03,,1,2034,,,,,,1.0
InputActivityRatio,B_Opt_IndiaCostsFuel,GLOBAL,TRNNPLXXBGDXX,ELCNPLXX03,,1,2035,,,,,,1.0
InputActivityRatio,B_Opt_IndiaCostsFuel,GLOBAL,TRNNPLXXBGDXX,ELCNPLXX03,,1,2036,,,,,,1.0
InputActivityRatio,B_Opt_IndiaCostsFuel,GLOBAL,TRNNPLXXBGDXX,ELCNPLXX03,,1,2037,,,,,,1.0
InputActivityRatio,B_Opt_IndiaCostsFuel,GLOBAL,TRNNPLXXBGDXX,ELCNPLXX03,,1,2038,,,,,,1.0
InputActivityRatio,B_Opt_IndiaCostsFuel,GLOBAL,TRNNPLXXBGDXX,ELCNPLXX03,,1,2039,,,,,,1.0
InputActivityRatio,B_Opt_IndiaCostsFuel,GLOBAL,TRNNPLXXBGDXX,ELCNPLXX03,,1,2040,,,,,,1.0
InputActivityRatio,B_Opt_IndiaCostsFuel,GLOBAL,TRNNPLXXBGDXX,ELCNPLXX03,,1,2041,,,,,,1.0
InputActivityRatio,B_Opt_IndiaCostsFuel,GLOBAL,TRNNPLXXBGDXX,ELCNPLXX03,,1,2042,,,,,,1.0
InputActivityRatio,B_Opt_IndiaCostsFuel,GLOBAL,TRNNPLXXBGDXX,ELCNPLXX03,,1,2043,,,,,,1.0
InputActivityRatio,B_Opt_IndiaCostsFuel,GLOBAL,TRNNPLXXBGDXX,ELCNPLXX03,,1,2044,,,,,,1.0
InputActivityRatio,B_Opt_IndiaCostsFuel,GLOBAL,TRNNPLXXBGDXX,ELCNPLXX03,,1,2045,,,,,,1.0
InputActivityRatio,B_Opt_IndiaCostsFuel,GLOBAL,TRNNPLXXBGDXX,ELCNPLXX03,,1,2046,,,,,,1.0
InputActivityRatio,B_Opt_IndiaCostsFuel,GLOBAL,TRNNPLXXBGDXX,ELCNPLXX03,,1,2047,,,,,,1.0
InputActivityRatio,B_Opt_IndiaCostsFuel,GLOBAL,TRNNPLXXBGDXX,ELCNPLXX03,,1,2048,,,,,,1.0
InputActivityRatio,B_Opt_IndiaCostsFuel,GLOBAL,TRNNPLXXBGDXX,ELCNPLXX03,,1,2049,,,,,,1.0
InputActivityRatio,B_Opt_IndiaCostsFuel,GLOBAL,TRNNPLXXBGDXX,ELCNPLXX03,,1,2050,,,,,,1.0
InputActivityRatio,B_Opt_IndiaCostsFuel,GLOBAL,TRNNPLXXBGDXX,ELCBGDXX03,,2,2023,,,,,,1.0
InputActivityRatio,B_Opt_IndiaCostsFuel,GLOBAL,TRNNPLXXBGDXX,ELCBGDXX03,,2,2024,,,,,,1.0
InputActivityRatio,B_Opt_IndiaCostsFuel,GLOBAL,TRNNPLXXBGDXX,ELCBGDXX03,,2,2025,,,,,,1.0
InputActivityRatio,B_Opt_IndiaCostsFuel,GLOBAL,TRNNPLXXBGDXX,ELCBGDXX03,,2,2026,,,,,,1.0
InputActivityRatio,B_Opt_IndiaCostsFuel,GLOBAL,TRNNPLXXBGDXX,ELCBGDXX03,,2,2027,,,,,,1.0
InputActivityRatio,B_Opt_IndiaCostsFuel,GLOBAL,TRNNPLXXBGDXX,ELCBGDXX03,,2,2028,,,,,,1.0
InputActivityRatio,B_Opt_IndiaCostsFuel,GLOBAL,TRNNPLXXBGDXX,ELCBGDXX03,,2,2029,,,,,,1.0
InputActivityRatio,B_Opt_IndiaCostsFuel,GLOBAL,TRNNPLXXBGDXX,ELCBGDXX03,,2,2030,,,,,,1.0
InputActivityRatio,B_Opt_IndiaCostsFuel,GLOBAL,TRNNPLXXBGDXX,ELCBGDXX03,,2,2031,,,,,,1.0
InputActivityRatio,B_Opt_IndiaCostsFuel,GLOBAL,TRNNPLXXBGDXX,ELCBGDXX03,,2,2032,,,,,,1.0
InputActivityRatio,B_Opt_IndiaCostsFuel,GLOBAL,TRNNPLXXBGDXX,ELCBGDXX03,,2,2033,,,,,,1.0
InputActivityRatio,B_Opt_IndiaCostsFuel,GLOBAL,TRNNPLXXBGDXX,ELCBGDXX03,,2,2034,,,,,,1.0
InputActivityRatio,B_Opt_IndiaCostsFuel,GLOBAL,TRNNPLXXBGDXX,ELCBGDXX03,,2,2035,,,,,,1.0
InputActivityRatio,B_Opt_IndiaCostsFuel,GLOBAL,TRNNPLXXBGDXX,ELCBGDXX03,,2,2036,,,,,,1.0
InputActivityRatio,B_Opt_IndiaCostsFuel,GLOBAL,TRNNPLXXBGDXX,ELCBGDXX03,,2,2037,,,,,,1.0
InputActivityRatio,B_Opt_IndiaCostsFuel,GLOBAL,TRNNPLXXBGDXX,ELCBGDXX03,,2,2038,,,,,,1.0
InputActivityRatio,B_Opt_IndiaCostsFuel,GLOBAL,TRNNPLXXBGDXX,ELCBGDXX03,,2,2039,,,,,,1.0
InputActivityRatio,B_Opt_IndiaCostsFuel,GLOBAL,TRNNPLXXBGDXX,ELCBGDXX03,,2,2040,,,,,,1.0
InputActivityRatio,B_Opt_IndiaCostsFuel,GLOBAL,TRNNPLXXBGDXX,ELCBGDXX03,,2,2041,,,,,,1.0
InputActivityRatio,B_Opt_IndiaCostsFuel,GLOBAL,TRNNPLXXBGDXX,ELCBGDXX03,,2,2042,,,,,,1.0
InputActivityRatio,B_Opt_IndiaCostsFuel,GLOBAL,TRNNPLXXBGDXX,ELCBGDXX03,,2,2043,,,,,,1.0
InputActivityRatio,B_Opt_IndiaCostsFuel,GLOBAL,TRNNPLXXBGDXX,ELCBGDXX03,,2,2044,,,,,,1.0
InputActivityRatio,B_Opt_IndiaCostsFuel,GLOBAL,TRNNPLXXBGDXX,ELCBGDXX03,,2,2045,,,,,,1.0
InputActivityRatio,B_Opt_IndiaCostsFuel,GLOBAL,TRNNPLXXBGDXX,ELCBGDXX03,,2,2046,,,,,,1.0
InputActivityRatio,B_Opt_IndiaCostsFuel,GLOBAL,TRNNPLXXBGDXX,ELCBGDXX03,,2,2047,,,,,,1.0
InputActivityRatio,B_Opt_IndiaCostsFuel,GLOBAL,TRNNPLXXBGDXX,ELCBGDXX03,,2,2048,,,,,,1.0
InputActivityRatio,B_Opt_IndiaCostsFuel,GLOBAL,TRNNPLXXBGDXX,ELCBGDXX03,,2,2049,,,,,,1.0
InputActivityRatio,B_Opt_IndiaCostsFuel,GLOBAL,TRNNPLXXBGDXX,ELCBGDXX03,,2,2050,,,,,,1.0
InputActivityRatio,B_Opt_IndiaCostsFuel,GLOBAL,RNWTRNBGDXX,ELCBGDXX00,,1,2023,,,,,,1.0
InputActivityRatio,B_Opt_IndiaCostsFuel,GLOBAL,RNWTRNBGDXX,ELCBGDXX00,,1,2024,,,,,,1.0
InputActivityRatio,B_Opt_IndiaCostsFuel,GLOBAL,RNWTRNBGDXX,ELCBGDXX00,,1,2025,,,,,,1.0
InputActivityRatio,B_Opt_IndiaCostsFuel,GLOBAL,RNWTRNBGDXX,ELCBGDXX00,,1,2026,,,,,,1.0
InputActivityRatio,B_Opt_IndiaCostsFuel,GLOBAL,RNWTRNBGDXX,ELCBGDXX00,,1,2027,,,,,,1.0
InputActivityRatio,B_Opt_IndiaCostsFuel,GLOBAL,RNWTRNBGDXX,ELCBGDXX00,,1,2028,,,,,,1.0
InputActivityRatio,B_Opt_IndiaCostsFuel,GLOBAL,RNWTRNBGDXX,ELCBGDXX00,,1,2029,,,,,,1.0
InputActivityRatio,B_Opt_IndiaCostsFuel,GLOBAL,RNWTRNBGDXX,ELCBGDXX00,,1,2030,,,,,,1.0
InputActivityRatio,B_Opt_IndiaCostsFuel,GLOBAL,RNWTRNBGDXX,ELCBGDXX00,,1,2031,,,,,,1.0
InputActivityRatio,B_Opt_IndiaCostsFuel,GLOBAL,RNWTRNBGDXX,ELCBGDXX00,,1,2032,,,,,,1.0
InputActivityRatio,B_Opt_IndiaCostsFuel,GLOBAL,RNWTRNBGDXX,ELCBGDXX00,,1,2033,,,,,,1.0
InputActivityRatio,B_Opt_IndiaCostsFuel,GLOBAL,RNWTRNBGDXX,ELCBGDXX00,,1,2034,,,,,,1.0
InputActivityRatio,B_Opt_IndiaCostsFuel,GLOBAL,RNWTRNBGDXX,ELCBGDXX00,,1,2035,,,,,,1.0
InputActivityRatio,B_Opt_IndiaCostsFuel,GLOBAL,RNWTRNBGDXX,ELCBGDXX00,,1,2036,,,,,,1.0
InputActivityRatio,B_Opt_IndiaCostsFuel,GLOBAL,RNWTRNBGDXX,ELCBGDXX00,,1,2037,,,,,,1.0
InputActivityRatio,B_Opt_IndiaCostsFuel,GLOBAL,RNWTRNBGDXX,ELCBGDXX00,,1,2038,,,,,,1.0
InputActivityRatio,B_Opt_IndiaCostsFuel,GLOBAL,RNWTRNBGDXX,ELCBGDXX00,,1,2039,,,,,,1.0
InputActivityRatio,B_Opt_IndiaCostsFuel,GLOBAL,RNWTRNBGDXX,ELCBGDXX00,,1,2040,,,,,,1.0
InputActivityRatio,B_Opt_IndiaCostsFuel,GLOBAL,RNWTRNBGDXX,ELCBGDXX00,,1,2041,,,,,,1.0
InputActivityRatio,B_Opt_IndiaCostsFuel,GLOBAL,RNWTRNBGDXX,ELCBGDXX00,,1,2042,,,,,,1.0
InputActivityRatio,B_Opt_IndiaCostsFuel,GLOBAL,RNWTRNBGDXX,ELCBGDXX00,,1,2043,,,,,,1.0
InputActivityRatio,B_Opt_IndiaCostsFuel,GLOBAL,RNWTRNBGDXX,ELCBGDXX00,,1,2044,,,,,,1.0
InputActivityRatio,B_Opt_IndiaCostsFuel,GLOBAL,RNWTRNBGDXX,ELCBGDXX00,,1,2045,,,,,,1.0
InputActivityRatio,B_Opt_IndiaCostsFuel,GLOBAL,RNWTRNBGDXX,ELCBGDXX00,,1,2046,,,,,,1.0
InputActivityRatio,B_Opt_IndiaCostsFuel,GLOBAL,RNWTRNBGDXX,ELCBGDXX00,,1,2047,,,,,,1.0
InputActivityRatio,B_Opt_IndiaCostsFuel,GLOBAL,RNWTRNBGDXX,ELCBGDXX00,,1,2048,,,,,,1.0
InputActivityRatio,B_Opt_IndiaCostsFuel,GLOBAL,RNWTRNBGDXX,ELCBGDXX00,,1,2049,,,,,,1.0
InputActivityRatio,B_Opt_IndiaCostsFuel,GLOBAL,RNWTRNBGDXX,ELCBGDXX00,,1,2050,,,,,,1.0
InputActivityRatio,B_Opt_IndiaCostsFuel,GLOBAL,RNWRPOBGDXX,ELCBGDXX00,,1,2023,,,,,,1.0
InputActivityRatio,B_Opt_IndiaCostsFuel,GLOBAL,RNWRPOBGDXX,ELCBGDXX00,,1,2024,,,,,,1.0
InputActivityRatio,B_Opt_IndiaCostsFuel,GLOBAL,RNWRPOBGDXX,ELCBGDXX00,,1,2025,,,,,,1.0
InputActivityRatio,B_Opt_IndiaCostsFuel,GLOBAL,RNWRPOBGDXX,ELCBGDXX00,,1,2026,,,,,,1.0
InputActivityRatio,B_Opt_IndiaCostsFuel,GLOBAL,RNWRPOBGDXX,ELCBGDXX00,,1,2027,,,,,,1.0
InputActivityRatio,B_Opt_IndiaCostsFuel,GLOBAL,RNWRPOBGDXX,ELCBGDXX00,,1,2028,,,,,,1.0
InputActivityRatio,B_Opt_IndiaCostsFuel,GLOBAL,RNWRPOBGDXX,ELCBGDXX00,,1,2029,,,,,,1.0
InputActivityRatio,B_Opt_IndiaCostsFuel,GLOBAL,RNWRPOBGDXX,ELCBGDXX00,,1,2030,,,,,,1.0
InputActivityRatio,B_Opt_IndiaCostsFuel,GLOBAL,RNWRPOBGDXX,ELCBGDXX00,,1,2031,,,,,,1.0
InputActivityRatio,B_Opt_IndiaCostsFuel,GLOBAL,RNWRPOBGDXX,ELCBGDXX00,,1,2032,,,,,,1.0
InputActivityRatio,B_Opt_IndiaCostsFuel,GLOBAL,RNWRPOBGDXX,ELCBGDXX00,,1,2033,,,,,,1.0
InputActivityRatio,B_Opt_IndiaCostsFuel,GLOBAL,RNWRPOBGDXX,ELCBGDXX00,,1,2034,,,,,,1.0
InputActivityRatio,B_Opt_IndiaCostsFuel,GLOBAL,RNWRPOBGDXX,ELCBGDXX00,,1,2035,,,,,,1.0
InputActivityRatio,B_Opt_IndiaCostsFuel,GLOBAL,RNWRPOBGDXX,ELCBGDXX00,,1,2036,,,,,,1.0
InputActivityRatio,B_Opt_IndiaCostsFuel,GLOBAL,RNWRPOBGDXX,ELCBGDXX00,,1,2037,,,,,,1.0
InputActivityRatio,B_Opt_IndiaCostsFuel,GLOBAL,RNWRPOBGDXX,ELCBGDXX00,,1,2038,,,,,,1.0
InputActivityRatio,B_Opt_IndiaCostsFuel,GLOBAL,RNWRPOBGDXX,ELCBGDXX00,,1,2039,,,,,,1.0
InputActivityRatio,B_Opt_IndiaCostsFuel,GLOBAL,RNWRPOBGDXX,ELCBGDXX00,,1,2040,,,,,,1.0
InputActivityRatio,B_Opt_IndiaCostsFuel,GLOBAL,RNWRPOBGDXX,ELCBGDXX00,,1,2041,,,,,,1.0
InputActivityRatio,B_Opt_IndiaCostsFuel,GLOBAL,RNWRPOBGDXX,ELCBGDXX00,,1,2042,,,,,,1.0
InputActivityRatio,B_Opt_IndiaCostsFuel,GLOBAL,RNWRPOBGDXX,ELCBGDXX00,,1,2043,,,,,,1.0
InputActivityRatio,B_Opt_IndiaCostsFuel,GLOBAL,RNWRPOBGDXX,ELCBGDXX00,,1,2044,,,,,,1.0
InputActivityRatio,B_Opt_IndiaCostsFuel,GLOBAL,RNWRPOBGDXX,ELCBGDXX00,,1,2045,,,,,,1.0
InputActivityRatio,B_Opt_IndiaCostsFuel,GLOBAL,RNWRPOBGDXX,ELCBGDXX00,,1,2046,,,,,,1.0
InputActivityRatio,B_Opt_IndiaCostsFuel,GLOBAL,RNWRPOBGDXX,ELCBGDXX00,,1,2047,,,,,,1.0
InputActivityRatio,B_Opt_IndiaCostsFuel,GLOBAL,RNWRPOBGDXX,ELCBGDXX00,,1,2048,,,,,,1.0
InputActivityRatio,B_Opt_IndiaCostsFuel,GLOBAL,RNWRPOBGDXX,ELCBGDXX00,,1,2049,,,,,,1.0
InputActivityRatio,B_Opt_IndiaCostsFuel,GLOBAL,RNWRPOBGDXX,ELCBGDXX00,,1,2050,,,,,,1.0
InputActivityRatio,B_Opt_IndiaCostsFuel,GLOBAL,RNWNLIBGDXX,ELCBGDXX00,,1,2023,,,,,,1.0
InputActivityRatio,B_Opt_IndiaCostsFuel,GLOBAL,RNWNLIBGDXX,ELCBGDXX00,,1,2024,,,,,,1.0
InputActivityRatio,B_Opt_IndiaCostsFuel,GLOBAL,RNWNLIBGDXX,ELCBGDXX00,,1,2025,,,,,,1.0
InputActivityRatio,B_Opt_IndiaCostsFuel,GLOBAL,RNWNLIBGDXX,ELCBGDXX00,,1,2026,,,,,,1.0
InputActivityRatio,B_Opt_IndiaCostsFuel,GLOBAL,RNWNLIBGDXX,ELCBGDXX00,,1,2027,,,,,,1.0
InputActivityRatio,B_Opt_IndiaCostsFuel,GLOBAL,RNWNLIBGDXX,ELCBGDXX00,,1,2028,,,,,,1.0
InputActivityRatio,B_Opt_IndiaCostsFuel,GLOBAL,RNWNLIBGDXX,ELCBGDXX00,,1,2029,,,,,,1.0
InputActivityRatio,B_Opt_IndiaCostsFuel,GLOBAL,RNWNLIBGDXX,ELCBGDXX00,,1,2030,,,,,,1.0
InputActivityRatio,B_Opt_IndiaCostsFuel,GLOBAL,RNWNLIBGDXX,ELCBGDXX00,,1,2031,,,,,,1.0
InputActivityRatio,B_Opt_IndiaCostsFuel,GLOBAL,RNWNLIBGDXX,ELCBGDXX00,,1,2032,,,,,,1.0
InputActivityRatio,B_Opt_IndiaCostsFuel,GLOBAL,RNWNLIBGDXX,ELCBGDXX00,,1,2033,,,,,,1.0
InputActivityRatio,B_Opt_IndiaCostsFuel,GLOBAL,RNWNLIBGDXX,ELCBGDXX00,,1,2034,,,,,,1.0
InputActivityRatio,B_Opt_IndiaCostsFuel,GLOBAL,RNWNLIBGDXX,ELCBGDXX00,,1,2035,,,,,,1.0
InputActivityRatio,B_Opt_IndiaCostsFuel,GLOBAL,RNWNLIBGDXX,ELCBGDXX00,,1,2036,,,,,,1.0
InputActivityRatio,B_Opt_IndiaCostsFuel,GLOBAL,RNWNLIBGDXX,ELCBGDXX00,,1,2037,,,,,,1.0
InputActivityRatio,B_Opt_IndiaCostsFuel,GLOBAL,RNWNLIBGDXX,ELCBGDXX00,,1,2038,,,,,,1.0
InputActivityRatio,B_Opt_IndiaCostsFuel,GLOBAL,RNWNLIBGDXX,ELCBGDXX00,,1,2039,,,,,,1.0
InputActivityRatio,B_Opt_IndiaCostsFuel,GLOBAL,RNWNLIBGDXX,ELCBGDXX00,,1,2040,,,,,,1.0
InputActivityRatio,B_Opt_IndiaCostsFuel,GLOBAL,RNWNLIBGDXX,ELCBGDXX00,,1,2041,,,,,,1.0
InputActivityRatio,B_Opt_IndiaCostsFuel,GLOBAL,RNWNLIBGDXX,ELCBGDXX00,,1,2042,,,,,,1.0
InputActivityRatio,B_Opt_IndiaCostsFuel,GLOBAL,RNWNLIBGDXX,ELCBGDXX00,,1,2043,,,,,,1.0
InputActivityRatio,B_Opt_IndiaCostsFuel,GLOBAL,RNWNLIBGDXX,ELCBGDXX00,,1,2044,,,,,,1.0
InputActivityRatio,B_Opt_IndiaCostsFuel,GLOBAL,RNWNLIBGDXX,ELCBGDXX00,,1,2045,,,,,,1.0
InputActivityRatio,B_Opt_IndiaCostsFuel,GLOBAL,RNWNLIBGDXX,ELCBGDXX00,,1,2046,,,,,,1.0
InputActivityRatio,B_Opt_IndiaCostsFuel,GLOBAL,RNWNLIBGDXX,ELCBGDXX00,,1,2047,,,,,,1.0
InputActivityRatio,B_Opt_IndiaCostsFuel,GLOBAL,RNWNLIBGDXX,ELCBGDXX00,,1,2048,,,,,,1.0
InputActivityRatio,B_Opt_IndiaCostsFuel,GLOBAL,RNWNLIBGDXX,ELCBGDXX00,,1,2049,,,,,,1.0
InputActivityRatio,B_Opt_IndiaCostsFuel,GLOBAL,RNWNLIBGDXX,ELCBGDXX00,,1,2050,,,,,,1.0
InputActivityRatio,B_Opt_IndiaCostsFuel,GLOBAL,PWRTRNBGDXX,ELCBGDXX01,,1,2023,,,,,,1.0
InputActivityRatio,B_Opt_IndiaCostsFuel,GLOBAL,PWRTRNBGDXX,ELCBGDXX01,,1,2024,,,,,,1.0
InputActivityRatio,B_Opt_IndiaCostsFuel,GLOBAL,PWRTRNBGDXX,ELCBGDXX01,,1,2025,,,,,,1.0
InputActivityRatio,B_Opt_IndiaCostsFuel,GLOBAL,PWRTRNBGDXX,ELCBGDXX01,,1,2026,,,,,,1.0
InputActivityRatio,B_Opt_IndiaCostsFuel,GLOBAL,PWRTRNBGDXX,ELCBGDXX01,,1,2027,,,,,,1.0
InputActivityRatio,B_Opt_IndiaCostsFuel,GLOBAL,PWRTRNBGDXX,ELCBGDXX01,,1,2028,,,,,,1.0
InputActivityRatio,B_Opt_IndiaCostsFuel,GLOBAL,PWRTRNBGDXX,ELCBGDXX01,,1,2029,,,,,,1.0
InputActivityRatio,B_Opt_IndiaCostsFuel,GLOBAL,PWRTRNBGDXX,ELCBGDXX01,,1,2030,,,,,,1.0
InputActivityRatio,B_Opt_IndiaCostsFuel,GLOBAL,PWRTRNBGDXX,ELCBGDXX01,,1,2031,,,,,,1.0
InputActivityRatio,B_Opt_IndiaCostsFuel,GLOBAL,PWRTRNBGDXX,ELCBGDXX01,,1,2032,,,,,,1.0
InputActivityRatio,B_Opt_IndiaCostsFuel,GLOBAL,PWRTRNBGDXX,ELCBGDXX01,,1,2033,,,,,,1.0
InputActivityRatio,B_Opt_IndiaCostsFuel,GLOBAL,PWRTRNBGDXX,ELCBGDXX01,,1,2034,,,,,,1.0
InputActivityRatio,B_Opt_IndiaCostsFuel,GLOBAL,PWRTRNBGDXX,ELCBGDXX01,,1,2035,,,,,,1.0
InputActivityRatio,B_Opt_IndiaCostsFuel,GLOBAL,PWRTRNBGDXX,ELCBGDXX01,,1,2036,,,,,,1.0
InputActivityRatio,B_Opt_IndiaCostsFuel,GLOBAL,PWRTRNBGDXX,ELCBGDXX01,,1,2037,,,,,,1.0
InputActivityRatio,B_Opt_IndiaCostsFuel,GLOBAL,PWRTRNBGDXX,ELCBGDXX01,,1,2038,,,,,,1.0
InputActivityRatio,B_Opt_IndiaCostsFuel,GLOBAL,PWRTRNBGDXX,ELCBGDXX01,,1,2039,,,,,,1.0
InputActivityRatio,B_Opt_IndiaCostsFuel,GLOBAL,PWRTRNBGDXX,ELCBGDXX01,,1,2040,,,,,,1.0
InputActivityRatio,B_Opt_IndiaCostsFuel,GLOBAL,PWRTRNBGDXX,ELCBGDXX01,,1,2041,,,,,,1.0
InputActivityRatio,B_Opt_IndiaCostsFuel,GLOBAL,PWRTRNBGDXX,ELCBGDXX01,,1,2042,,,,,,1.0
InputActivityRatio,B_Opt_IndiaCostsFuel,GLOBAL,PWRTRNBGDXX,ELCBGDXX01,,1,2043,,,,,,1.0
InputActivityRatio,B_Opt_IndiaCostsFuel,GLOBAL,PWRTRNBGDXX,ELCBGDXX01,,1,2044,,,,,,1.0
InputActivityRatio,B_Opt_IndiaCostsFuel,GLOBAL,PWRTRNBGDXX,ELCBGDXX01,,1,2045,,,,,,1.0
InputActivityRatio,B_Opt_IndiaCostsFuel,GLOBAL,PWRTRNBGDXX,ELCBGDXX01,,1,2046,,,,,,1.0
InputActivityRatio,B_Opt_IndiaCostsFuel,GLOBAL,PWRTRNBGDXX,ELCBGDXX01,,1,2047,,,,,,1.0
InputActivityRatio,B_Opt_IndiaCostsFuel,GLOBAL,PWRTRNBGDXX,ELCBGDXX01,,1,2048,,,,,,1.0
InputActivityRatio,B_Opt_IndiaCostsFuel,GLOBAL,PWRTRNBGDXX,ELCBGDXX01,,1,2049,,,,,,1.0
InputActivityRatio,B_Opt_IndiaCostsFuel,GLOBAL,PWRTRNBGDXX,ELCBGDXX01,,1,2050,,,,,,1.0
InputActivityRatio,B_Opt_IndiaCostsFuel,GLOBAL,TRNRPOBGDXX,ELCBGDXX01,,1,2023,,,,,,1.0
InputActivityRatio,B_Opt_IndiaCostsFuel,GLOBAL,TRNRPOBGDXX,ELCBGDXX01,,1,2024,,,,,,1.0
InputActivityRatio,B_Opt_IndiaCostsFuel,GLOBAL,TRNRPOBGDXX,ELCBGDXX01,,1,2025,,,,,,1.0
InputActivityRatio,B_Opt_IndiaCostsFuel,GLOBAL,TRNRPOBGDXX,ELCBGDXX01,,1,2026,,,,,,1.0
InputActivityRatio,B_Opt_IndiaCostsFuel,GLOBAL,TRNRPOBGDXX,ELCBGDXX01,,1,2027,,,,,,1.0
InputActivityRatio,B_Opt_IndiaCostsFuel,GLOBAL,TRNRPOBGDXX,ELCBGDXX01,,1,2028,,,,,,1.0
InputActivityRatio,B_Opt_IndiaCostsFuel,GLOBAL,TRNRPOBGDXX,ELCBGDXX01,,1,2029,,,,,,1.0
InputActivityRatio,B_Opt_IndiaCostsFuel,GLOBAL,TRNRPOBGDXX,ELCBGDXX01,,1,2030,,,,,,1.0
InputActivityRatio,B_Opt_IndiaCostsFuel,GLOBAL,TRNRPOBGDXX,ELCBGDXX01,,1,2031,,,,,,1.0
InputActivityRatio,B_Opt_IndiaCostsFuel,GLOBAL,TRNRPOBGDXX,ELCBGDXX01,,1,2032,,,,,,1.0
InputActivityRatio,B_Opt_IndiaCostsFuel,GLOBAL,TRNRPOBGDXX,ELCBGDXX01,,1,2033,,,,,,1.0
InputActivityRatio,B_Opt_IndiaCostsFuel,GLOBAL,TRNRPOBGDXX,ELCBGDXX01,,1,2034,,,,,,1.0
InputActivityRatio,B_Opt_IndiaCostsFuel,GLOBAL,TRNRPOBGDXX,ELCBGDXX01,,1,2035,,,,,,1.0
InputActivityRatio,B_Opt_IndiaCostsFuel,GLOBAL,TRNRPOBGDXX,ELCBGDXX01,,1,2036,,,,,,1.0
InputActivityRatio,B_Opt_IndiaCostsFuel,GLOBAL,TRNRPOBGDXX,ELCBGDXX01,,1,2037,,,,,,1.0
InputActivityRatio,B_Opt_IndiaCostsFuel,GLOBAL,TRNRPOBGDXX,ELCBGDXX01,,1,2038,,,,,,1.0
InputActivityRatio,B_Opt_IndiaCostsFuel,GLOBAL,TRNRPOBGDXX,ELCBGDXX01,,1,2039,,,,,,1.0
InputActivityRatio,B_Opt_IndiaCostsFuel,GLOBAL,TRNRPOBGDXX,ELCBGDXX01,,1,2040,,,,,,1.0
InputActivityRatio,B_Opt_IndiaCostsFuel,GLOBAL,TRNRPOBGDXX,ELCBGDXX01,,1,2041,,,,,,1.0
InputActivityRatio,B_Opt_IndiaCostsFuel,GLOBAL,TRNRPOBGDXX,ELCBGDXX01,,1,2042,,,,,,1.0
InputActivityRatio,B_Opt_IndiaCostsFuel,GLOBAL,TRNRPOBGDXX,ELCBGDXX01,,1,2043,,,,,,1.0
InputActivityRatio,B_Opt_IndiaCostsFuel,GLOBAL,TRNRPOBGDXX,ELCBGDXX01,,1,2044,,,,,,1.0
InputActivityRatio,B_Opt_IndiaCostsFuel,GLOBAL,TRNRPOBGDXX,ELCBGDXX01,,1,2045,,,,,,1.0
InputActivityRatio,B_Opt_IndiaCostsFuel,GLOBAL,TRNRPOBGDXX,ELCBGDXX01,,1,2046,,,,,,1.0
InputActivityRatio,B_Opt_IndiaCostsFuel,GLOBAL,TRNRPOBGDXX,ELCBGDXX01,,1,2047,,,,,,1.0
InputActivityRatio,B_Opt_IndiaCostsFuel,GLOBAL,TRNRPOBGDXX,ELCBGDXX01,,1,2048,,,,,,1.0
InputActivityRatio,B_Opt_IndiaCostsFuel,GLOBAL,TRNRPOBGDXX,ELCBGDXX01,,1,2049,,,,,,1.0
InputActivityRatio,B_Opt_IndiaCostsFuel,GLOBAL,TRNRPOBGDXX,ELCBGDXX01,,1,2050,,,,,,1.0
InputActivityRatio,B_Opt_IndiaCostsFuel,GLOBAL,TRNNLIBGDXX,ELCBGDXX01,,1,2023,,,,,,1.0
InputActivityRatio,B_Opt_IndiaCostsFuel,GLOBAL,TRNNLIBGDXX,ELCBGDXX01,,1,2024,,,,,,1.0
InputActivityRatio,B_Opt_IndiaCostsFuel,GLOBAL,TRNNLIBGDXX,ELCBGDXX01,,1,2025,,,,,,1.0
InputActivityRatio,B_Opt_IndiaCostsFuel,GLOBAL,TRNNLIBGDXX,ELCBGDXX01,,1,2026,,,,,,1.0
InputActivityRatio,B_Opt_IndiaCostsFuel,GLOBAL,TRNNLIBGDXX,ELCBGDXX01,,1,2027,,,,,,1.0
InputActivityRatio,B_Opt_IndiaCostsFuel,GLOBAL,TRNNLIBGDXX,ELCBGDXX01,,1,2028,,,,,,1.0
InputActivityRatio,B_Opt_IndiaCostsFuel,GLOBAL,TRNNLIBGDXX,ELCBGDXX01,,1,2029,,,,,,1.0
InputActivityRatio,B_Opt_IndiaCostsFuel,GLOBAL,TRNNLIBGDXX,ELCBGDXX01,,1,2030,,,,,,1.0
InputActivityRatio,B_Opt_IndiaCostsFuel,GLOBAL,TRNNLIBGDXX,ELCBGDXX01,,1,2031,,,,,,1.0
InputActivityRatio,B_Opt_IndiaCostsFuel,GLOBAL,TRNNLIBGDXX,ELCBGDXX01,,1,2032,,,,,,1.0
InputActivityRatio,B_Opt_IndiaCostsFuel,GLOBAL,TRNNLIBGDXX,ELCBGDXX01,,1,2033,,,,,,1.0
InputActivityRatio,B_Opt_IndiaCostsFuel,GLOBAL,TRNNLIBGDXX,ELCBGDXX01,,1,2034,,,,,,1.0
InputActivityRatio,B_Opt_IndiaCostsFuel,GLOBAL,TRNNLIBGDXX,ELCBGDXX01,,1,2035,,,,,,1.0
InputActivityRatio,B_Opt_IndiaCostsFuel,GLOBAL,TRNNLIBGDXX,ELCBGDXX01,,1,2036,,,,,,1.0
InputActivityRatio,B_Opt_IndiaCostsFuel,GLOBAL,TRNNLIBGDXX,ELCBGDXX01,,1,2037,,,,,,1.0
InputActivityRatio,B_Opt_IndiaCostsFuel,GLOBAL,TRNNLIBGDXX,ELCBGDXX01,,1,2038,,,,,,1.0
InputActivityRatio,B_Opt_IndiaCostsFuel,GLOBAL,TRNNLIBGDXX,ELCBGDXX01,,1,2039,,,,,,1.0
InputActivityRatio,B_Opt_IndiaCostsFuel,GLOBAL,TRNNLIBGDXX,ELCBGDXX01,,1,2040,,,,,,1.0
InputActivityRatio,B_Opt_IndiaCostsFuel,GLOBAL,TRNNLIBGDXX,ELCBGDXX01,,1,2041,,,,,,1.0
InputActivityRatio,B_Opt_IndiaCostsFuel,GLOBAL,TRNNLIBGDXX,ELCBGDXX01,,1,2042,,,,,,1.0
InputActivityRatio,B_Opt_IndiaCostsFuel,GLOBAL,TRNNLIBGDXX,ELCBGDXX01,,1,2043,,,,,,1.0
InputActivityRatio,B_Opt_IndiaCostsFuel,GLOBAL,TRNNLIBGDXX,ELCBGDXX01,,1,2044,,,,,,1.0
InputActivityRatio,B_Opt_IndiaCostsFuel,GLOBAL,TRNNLIBGDXX,ELCBGDXX01,,1,2045,,,,,,1.0
InputActivityRatio,B_Opt_IndiaCostsFuel,GLOBAL,TRNNLIBGDXX,ELCBGDXX01,,1,2046,,,,,,1.0
InputActivityRatio,B_Opt_IndiaCostsFuel,GLOBAL,TRNNLIBGDXX,ELCBGDXX01,,1,2047,,,,,,1.0
InputActivityRatio,B_Opt_IndiaCostsFuel,GLOBAL,TRNNLIBGDXX,ELCBGDXX01,,1,2048,,,,,,1.0
InputActivityRatio,B_Opt_IndiaCostsFuel,GLOBAL,TRNNLIBGDXX,ELCBGDXX01,,1,2049,,,,,,1.0
InputActivityRatio,B_Opt_IndiaCostsFuel,GLOBAL,TRNNLIBGDXX,ELCBGDXX01,,1,2050,,,,,,1.0
InputActivityRatio,B_Opt_IndiaCostsFuel,GLOBAL,DSPTRNBGDXX,ELCBGDXX02,,1,2023,,,,,,1.0
InputActivityRatio,B_Opt_IndiaCostsFuel,GLOBAL,DSPTRNBGDXX,ELCBGDXX02,,1,2024,,,,,,1.0
InputActivityRatio,B_Opt_IndiaCostsFuel,GLOBAL,DSPTRNBGDXX,ELCBGDXX02,,1,2025,,,,,,1.0
InputActivityRatio,B_Opt_IndiaCostsFuel,GLOBAL,DSPTRNBGDXX,ELCBGDXX02,,1,2026,,,,,,1.0
InputActivityRatio,B_Opt_IndiaCostsFuel,GLOBAL,DSPTRNBGDXX,ELCBGDXX02,,1,2027,,,,,,1.0
InputActivityRatio,B_Opt_IndiaCostsFuel,GLOBAL,DSPTRNBGDXX,ELCBGDXX02,,1,2028,,,,,,1.0
InputActivityRatio,B_Opt_IndiaCostsFuel,GLOBAL,DSPTRNBGDXX,ELCBGDXX02,,1,2029,,,,,,1.0
InputActivityRatio,B_Opt_IndiaCostsFuel,GLOBAL,DSPTRNBGDXX,ELCBGDXX02,,1,2030,,,,,,1.0
InputActivityRatio,B_Opt_IndiaCostsFuel,GLOBAL,DSPTRNBGDXX,ELCBGDXX02,,1,2031,,,,,,1.0
InputActivityRatio,B_Opt_IndiaCostsFuel,GLOBAL,DSPTRNBGDXX,ELCBGDXX02,,1,2032,,,,,,1.0
InputActivityRatio,B_Opt_IndiaCostsFuel,GLOBAL,DSPTRNBGDXX,ELCBGDXX02,,1,2033,,,,,,1.0
InputActivityRatio,B_Opt_IndiaCostsFuel,GLOBAL,DSPTRNBGDXX,ELCBGDXX02,,1,2034,,,,,,1.0
InputActivityRatio,B_Opt_IndiaCostsFuel,GLOBAL,DSPTRNBGDXX,ELCBGDXX02,,1,2035,,,,,,1.0
InputActivityRatio,B_Opt_IndiaCostsFuel,GLOBAL,DSPTRNBGDXX,ELCBGDXX02,,1,2036,,,,,,1.0
InputActivityRatio,B_Opt_IndiaCostsFuel,GLOBAL,DSPTRNBGDXX,ELCBGDXX02,,1,2037,,,,,,1.0
InputActivityRatio,B_Opt_IndiaCostsFuel,GLOBAL,DSPTRNBGDXX,ELCBGDXX02,,1,2038,,,,,,1.0
InputActivityRatio,B_Opt_IndiaCostsFuel,GLOBAL,DSPTRNBGDXX,ELCBGDXX02,,1,2039,,,,,,1.0
InputActivityRatio,B_Opt_IndiaCostsFuel,GLOBAL,DSPTRNBGDXX,ELCBGDXX02,,1,2040,,,,,,1.0
InputActivityRatio,B_Opt_IndiaCostsFuel,GLOBAL,DSPTRNBGDXX,ELCBGDXX02,,1,2041,,,,,,1.0
InputActivityRatio,B_Opt_IndiaCostsFuel,GLOBAL,DSPTRNBGDXX,ELCBGDXX02,,1,2042,,,,,,1.0
InputActivityRatio,B_Opt_IndiaCostsFuel,GLOBAL,DSPTRNBGDXX,ELCBGDXX02,,1,2043,,,,,,1.0
InputActivityRatio,B_Opt_IndiaCostsFuel,GLOBAL,DSPTRNBGDXX,ELCBGDXX02,,1,2044,,,,,,1.0
InputActivityRatio,B_Opt_IndiaCostsFuel,GLOBAL,DSPTRNBGDXX,ELCBGDXX02,,1,2045,,,,,,1.0
InputActivityRatio,B_Opt_IndiaCostsFuel,GLOBAL,DSPTRNBGDXX,ELCBGDXX02,,1,2046,,,,,,1.0
InputActivityRatio,B_Opt_IndiaCostsFuel,GLOBAL,DSPTRNBGDXX,ELCBGDXX02,,1,2047,,,,,,1.0
InputActivityRatio,B_Opt_IndiaCostsFuel,GLOBAL,DSPTRNBGDXX,ELCBGDXX02,,1,2048,,,,,,1.0
InputActivityRatio,B_Opt_IndiaCostsFuel,GLOBAL,DSPTRNBGDXX,ELCBGDXX02,,1,2049,,,,,,1.0
InputActivityRatio,B_Opt_IndiaCostsFuel,GLOBAL,DSPTRNBGDXX,ELCBGDXX02,,1,2050,,,,,,1.0
InputActivityRatio,B_Opt_IndiaCostsFuel,GLOBAL,DSPTRNBGDXX,ELCBGDXX04,,2,2023,,,,,,1.0
InputActivityRatio,B_Opt_IndiaCostsFuel,GLOBAL,DSPTRNBGDXX,ELCBGDXX04,,2,2024,,,,,,1.0
InputActivityRatio,B_Opt_IndiaCostsFuel,GLOBAL,DSPTRNBGDXX,ELCBGDXX04,,2,2025,,,,,,1.0
InputActivityRatio,B_Opt_IndiaCostsFuel,GLOBAL,DSPTRNBGDXX,ELCBGDXX04,,2,2026,,,,,,1.0
InputActivityRatio,B_Opt_IndiaCostsFuel,GLOBAL,DSPTRNBGDXX,ELCBGDXX04,,2,2027,,,,,,1.0
InputActivityRatio,B_Opt_IndiaCostsFuel,GLOBAL,DSPTRNBGDXX,ELCBGDXX04,,2,2028,,,,,,1.0
InputActivityRatio,B_Opt_IndiaCostsFuel,GLOBAL,DSPTRNBGDXX,ELCBGDXX04,,2,2029,,,,,,1.0
InputActivityRatio,B_Opt_IndiaCostsFuel,GLOBAL,DSPTRNBGDXX,ELCBGDXX04,,2,2030,,,,,,1.0
InputActivityRatio,B_Opt_IndiaCostsFuel,GLOBAL,DSPTRNBGDXX,ELCBGDXX04,,2,2031,,,,,,1.0
InputActivityRatio,B_Opt_IndiaCostsFuel,GLOBAL,DSPTRNBGDXX,ELCBGDXX04,,2,2032,,,,,,1.0
InputActivityRatio,B_Opt_IndiaCostsFuel,GLOBAL,DSPTRNBGDXX,ELCBGDXX04,,2,2033,,,,,,1.0
InputActivityRatio,B_Opt_IndiaCostsFuel,GLOBAL,DSPTRNBGDXX,ELCBGDXX04,,2,2034,,,,,,1.0
InputActivityRatio,B_Opt_IndiaCostsFuel,GLOBAL,DSPTRNBGDXX,ELCBGDXX04,,2,2035,,,,,,1.0
InputActivityRatio,B_Opt_IndiaCostsFuel,GLOBAL,DSPTRNBGDXX,ELCBGDXX04,,2,2036,,,,,,1.0
InputActivityRatio,B_Opt_IndiaCostsFuel,GLOBAL,DSPTRNBGDXX,ELCBGDXX04,,2,2037,,,,,,1.0
InputActivityRatio,B_Opt_IndiaCostsFuel,GLOBAL,DSPTRNBGDXX,ELCBGDXX04,,2,2038,,,,,,1.0
InputActivityRatio,B_Opt_IndiaCostsFuel,GLOBAL,DSPTRNBGDXX,ELCBGDXX04,,2,2039,,,,,,1.0
InputActivityRatio,B_Opt_IndiaCostsFuel,GLOBAL,DSPTRNBGDXX,ELCBGDXX04,,2,2040,,,,,,1.0
InputActivityRatio,B_Opt_IndiaCostsFuel,GLOBAL,DSPTRNBGDXX,ELCBGDXX04,,2,2041,,,,,,1.0
InputActivityRatio,B_Opt_IndiaCostsFuel,GLOBAL,DSPTRNBGDXX,ELCBGDXX04,,2,2042,,,,,,1.0
InputActivityRatio,B_Opt_IndiaCostsFuel,GLOBAL,DSPTRNBGDXX,ELCBGDXX04,,2,2043,,,,,,1.0
InputActivityRatio,B_Opt_IndiaCostsFuel,GLOBAL,DSPTRNBGDXX,ELCBGDXX04,,2,2044,,,,,,1.0
InputActivityRatio,B_Opt_IndiaCostsFuel,GLOBAL,DSPTRNBGDXX,ELCBGDXX04,,2,2045,,,,,,1.0
InputActivityRatio,B_Opt_IndiaCostsFuel,GLOBAL,DSPTRNBGDXX,ELCBGDXX04,,2,2046,,,,,,1.0
InputActivityRatio,B_Opt_IndiaCostsFuel,GLOBAL,DSPTRNBGDXX,ELCBGDXX04,,2,2047,,,,,,1.0
InputActivityRatio,B_Opt_IndiaCostsFuel,GLOBAL,DSPTRNBGDXX,ELCBGDXX04,,2,2048,,,,,,1.0
InputActivityRatio,B_Opt_IndiaCostsFuel,GLOBAL,DSPTRNBGDXX,ELCBGDXX04,,2,2049,,,,,,1.0
InputActivityRatio,B_Opt_IndiaCostsFuel,GLOBAL,DSPTRNBGDXX,ELCBGDXX04,,2,2050,,,,,,1.0
InputActivityRatio,B_Opt_IndiaCostsFuel,GLOBAL,RNWTRNBTNXX,ELCBTNXX00,,1,2023,,,,,,1.0
InputActivityRatio,B_Opt_IndiaCostsFuel,GLOBAL,RNWTRNBTNXX,ELCBTNXX00,,1,2024,,,,,,1.0
InputActivityRatio,B_Opt_IndiaCostsFuel,GLOBAL,RNWTRNBTNXX,ELCBTNXX00,,1,2025,,,,,,1.0
InputActivityRatio,B_Opt_IndiaCostsFuel,GLOBAL,RNWTRNBTNXX,ELCBTNXX00,,1,2026,,,,,,1.0
InputActivityRatio,B_Opt_IndiaCostsFuel,GLOBAL,RNWTRNBTNXX,ELCBTNXX00,,1,2027,,,,,,1.0
InputActivityRatio,B_Opt_IndiaCostsFuel,GLOBAL,RNWTRNBTNXX,ELCBTNXX00,,1,2028,,,,,,1.0
InputActivityRatio,B_Opt_IndiaCostsFuel,GLOBAL,RNWTRNBTNXX,ELCBTNXX00,,1,2029,,,,,,1.0
InputActivityRatio,B_Opt_IndiaCostsFuel,GLOBAL,RNWTRNBTNXX,ELCBTNXX00,,1,2030,,,,,,1.0
InputActivityRatio,B_Opt_IndiaCostsFuel,GLOBAL,RNWTRNBTNXX,ELCBTNXX00,,1,2031,,,,,,1.0
InputActivityRatio,B_Opt_IndiaCostsFuel,GLOBAL,RNWTRNBTNXX,ELCBTNXX00,,1,2032,,,,,,1.0
InputActivityRatio,B_Opt_IndiaCostsFuel,GLOBAL,RNWTRNBTNXX,ELCBTNXX00,,1,2033,,,,,,1.0
InputActivityRatio,B_Opt_IndiaCostsFuel,GLOBAL,RNWTRNBTNXX,ELCBTNXX00,,1,2034,,,,,,1.0
InputActivityRatio,B_Opt_IndiaCostsFuel,GLOBAL,RNWTRNBTNXX,ELCBTNXX00,,1,2035,,,,,,1.0
InputActivityRatio,B_Opt_IndiaCostsFuel,GLOBAL,RNWTRNBTNXX,ELCBTNXX00,,1,2036,,,,,,1.0
InputActivityRatio,B_Opt_IndiaCostsFuel,GLOBAL,RNWTRNBTNXX,ELCBTNXX00,,1,2037,,,,,,1.0
InputActivityRatio,B_Opt_IndiaCostsFuel,GLOBAL,RNWTRNBTNXX,ELCBTNXX00,,1,2038,,,,,,1.0
InputActivityRatio,B_Opt_IndiaCostsFuel,GLOBAL,RNWTRNBTNXX,ELCBTNXX00,,1,2039,,,,,,1.0
InputActivityRatio,B_Opt_IndiaCostsFuel,GLOBAL,RNWTRNBTNXX,ELCBTNXX00,,1,2040,,,,,,1.0
InputActivityRatio,B_Opt_IndiaCostsFuel,GLOBAL,RNWTRNBTNXX,ELCBTNXX00,,1,2041,,,,,,1.0
InputActivityRatio,B_Opt_IndiaCostsFuel,GLOBAL,RNWTRNBTNXX,ELCBTNXX00,,1,2042,,,,,,1.0
InputActivityRatio,B_Opt_IndiaCostsFuel,GLOBAL,RNWTRNBTNXX,ELCBTNXX00,,1,2043,,,,,,1.0
InputActivityRatio,B_Opt_IndiaCostsFuel,GLOBAL,RNWTRNBTNXX,ELCBTNXX00,,1,2044,,,,,,1.0
InputActivityRatio,B_Opt_IndiaCostsFuel,GLOBAL,RNWTRNBTNXX,ELCBTNXX00,,1,2045,,,,,,1.0
InputActivityRatio,B_Opt_IndiaCostsFuel,GLOBAL,RNWTRNBTNXX,ELCBTNXX00,,1,2046,,,,,,1.0
InputActivityRatio,B_Opt_IndiaCostsFuel,GLOBAL,RNWTRNBTNXX,ELCBTNXX00,,1,2047,,,,,,1.0
InputActivityRatio,B_Opt_IndiaCostsFuel,GLOBAL,RNWTRNBTNXX,ELCBTNXX00,,1,2048,,,,,,1.0
InputActivityRatio,B_Opt_IndiaCostsFuel,GLOBAL,RNWTRNBTNXX,ELCBTNXX00,,1,2049,,,,,,1.0
InputActivityRatio,B_Opt_IndiaCostsFuel,GLOBAL,RNWTRNBTNXX,ELCBTNXX00,,1,2050,,,,,,1.0
InputActivityRatio,B_Opt_IndiaCostsFuel,GLOBAL,RNWRPOBTNXX,ELCBTNXX00,,1,2023,,,,,,1.0
InputActivityRatio,B_Opt_IndiaCostsFuel,GLOBAL,RNWRPOBTNXX,ELCBTNXX00,,1,2024,,,,,,1.0
InputActivityRatio,B_Opt_IndiaCostsFuel,GLOBAL,RNWRPOBTNXX,ELCBTNXX00,,1,2025,,,,,,1.0
InputActivityRatio,B_Opt_IndiaCostsFuel,GLOBAL,RNWRPOBTNXX,ELCBTNXX00,,1,2026,,,,,,1.0
InputActivityRatio,B_Opt_IndiaCostsFuel,GLOBAL,RNWRPOBTNXX,ELCBTNXX00,,1,2027,,,,,,1.0
InputActivityRatio,B_Opt_IndiaCostsFuel,GLOBAL,RNWRPOBTNXX,ELCBTNXX00,,1,2028,,,,,,1.0
InputActivityRatio,B_Opt_IndiaCostsFuel,GLOBAL,RNWRPOBTNXX,ELCBTNXX00,,1,2029,,,,,,1.0
InputActivityRatio,B_Opt_IndiaCostsFuel,GLOBAL,RNWRPOBTNXX,ELCBTNXX00,,1,2030,,,,,,1.0
InputActivityRatio,B_Opt_IndiaCostsFuel,GLOBAL,RNWRPOBTNXX,ELCBTNXX00,,1,2031,,,,,,1.0
InputActivityRatio,B_Opt_IndiaCostsFuel,GLOBAL,RNWRPOBTNXX,ELCBTNXX00,,1,2032,,,,,,1.0
InputActivityRatio,B_Opt_IndiaCostsFuel,GLOBAL,RNWRPOBTNXX,ELCBTNXX00,,1,2033,,,,,,1.0
InputActivityRatio,B_Opt_IndiaCostsFuel,GLOBAL,RNWRPOBTNXX,ELCBTNXX00,,1,2034,,,,,,1.0
InputActivityRatio,B_Opt_IndiaCostsFuel,GLOBAL,RNWRPOBTNXX,ELCBTNXX00,,1,2035,,,,,,1.0
InputActivityRatio,B_Opt_IndiaCostsFuel,GLOBAL,RNWRPOBTNXX,ELCBTNXX00,,1,2036,,,,,,1.0
InputActivityRatio,B_Opt_IndiaCostsFuel,GLOBAL,RNWRPOBTNXX,ELCBTNXX00,,1,2037,,,,,,1.0
InputActivityRatio,B_Opt_IndiaCostsFuel,GLOBAL,RNWRPOBTNXX,ELCBTNXX00,,1,2038,,,,,,1.0
InputActivityRatio,B_Opt_IndiaCostsFuel,GLOBAL,RNWRPOBTNXX,ELCBTNXX00,,1,2039,,,,,,1.0
InputActivityRatio,B_Opt_IndiaCostsFuel,GLOBAL,RNWRPOBTNXX,ELCBTNXX00,,1,2040,,,,,,1.0
InputActivityRatio,B_Opt_IndiaCostsFuel,GLOBAL,RNWRPOBTNXX,ELCBTNXX00,,1,2041,,,,,,1.0
InputActivityRatio,B_Opt_IndiaCostsFuel,GLOBAL,RNWRPOBTNXX,ELCBTNXX00,,1,2042,,,,,,1.0
InputActivityRatio,B_Opt_IndiaCostsFuel,GLOBAL,RNWRPOBTNXX,ELCBTNXX00,,1,2043,,,,,,1.0
InputActivityRatio,B_Opt_IndiaCostsFuel,GLOBAL,RNWRPOBTNXX,ELCBTNXX00,,1,2044,,,,,,1.0
InputActivityRatio,B_Opt_IndiaCostsFuel,GLOBAL,RNWRPOBTNXX,ELCBTNXX00,,1,2045,,,,,,1.0
InputActivityRatio,B_Opt_IndiaCostsFuel,GLOBAL,RNWRPOBTNXX,ELCBTNXX00,,1,2046,,,,,,1.0
InputActivityRatio,B_Opt_IndiaCostsFuel,GLOBAL,RNWRPOBTNXX,ELCBTNXX00,,1,2047,,,,,,1.0
InputActivityRatio,B_Opt_IndiaCostsFuel,GLOBAL,RNWRPOBTNXX,ELCBTNXX00,,1,2048,,,,,,1.0
InputActivityRatio,B_Opt_IndiaCostsFuel,GLOBAL,RNWRPOBTNXX,ELCBTNXX00,,1,2049,,,,,,1.0
InputActivityRatio,B_Opt_IndiaCostsFuel,GLOBAL,RNWRPOBTNXX,ELCBTNXX00,,1,2050,,,,,,1.0
InputActivityRatio,B_Opt_IndiaCostsFuel,GLOBAL,RNWNLIBTNXX,ELCBTNXX00,,1,2023,,,,,,1.0
InputActivityRatio,B_Opt_IndiaCostsFuel,GLOBAL,RNWNLIBTNXX,ELCBTNXX00,,1,2024,,,,,,1.0
InputActivityRatio,B_Opt_IndiaCostsFuel,GLOBAL,RNWNLIBTNXX,ELCBTNXX00,,1,2025,,,,,,1.0
InputActivityRatio,B_Opt_IndiaCostsFuel,GLOBAL,RNWNLIBTNXX,ELCBTNXX00,,1,2026,,,,,,1.0
InputActivityRatio,B_Opt_IndiaCostsFuel,GLOBAL,RNWNLIBTNXX,ELCBTNXX00,,1,2027,,,,,,1.0
InputActivityRatio,B_Opt_IndiaCostsFuel,GLOBAL,RNWNLIBTNXX,ELCBTNXX00,,1,2028,,,,,,1.0
InputActivityRatio,B_Opt_IndiaCostsFuel,GLOBAL,RNWNLIBTNXX,ELCBTNXX00,,1,2029,,,,,,1.0
InputActivityRatio,B_Opt_IndiaCostsFuel,GLOBAL,RNWNLIBTNXX,ELCBTNXX00,,1,2030,,,,,,1.0
InputActivityRatio,B_Opt_IndiaCostsFuel,GLOBAL,RNWNLIBTNXX,ELCBTNXX00,,1,2031,,,,,,1.0
InputActivityRatio,B_Opt_IndiaCostsFuel,GLOBAL,RNWNLIBTNXX,ELCBTNXX00,,1,2032,,,,,,1.0
InputActivityRatio,B_Opt_IndiaCostsFuel,GLOBAL,RNWNLIBTNXX,ELCBTNXX00,,1,2033,,,,,,1.0
InputActivityRatio,B_Opt_IndiaCostsFuel,GLOBAL,RNWNLIBTNXX,ELCBTNXX00,,1,2034,,,,,,1.0
InputActivityRatio,B_Opt_IndiaCostsFuel,GLOBAL,RNWNLIBTNXX,ELCBTNXX00,,1,2035,,,,,,1.0
InputActivityRatio,B_Opt_IndiaCostsFuel,GLOBAL,RNWNLIBTNXX,ELCBTNXX00,,1,2036,,,,,,1.0
InputActivityRatio,B_Opt_IndiaCostsFuel,GLOBAL,RNWNLIBTNXX,ELCBTNXX00,,1,2037,,,,,,1.0
InputActivityRatio,B_Opt_IndiaCostsFuel,GLOBAL,RNWNLIBTNXX,ELCBTNXX00,,1,2038,,,,,,1.0
InputActivityRatio,B_Opt_IndiaCostsFuel,GLOBAL,RNWNLIBTNXX,ELCBTNXX00,,1,2039,,,,,,1.0
InputActivityRatio,B_Opt_IndiaCostsFuel,GLOBAL,RNWNLIBTNXX,ELCBTNXX00,,1,2040,,,,,,1.0
InputActivityRatio,B_Opt_IndiaCostsFuel,GLOBAL,RNWNLIBTNXX,ELCBTNXX00,,1,2041,,,,,,1.0
InputActivityRatio,B_Opt_IndiaCostsFuel,GLOBAL,RNWNLIBTNXX,ELCBTNXX00,,1,2042,,,,,,1.0
InputActivityRatio,B_Opt_IndiaCostsFuel,GLOBAL,RNWNLIBTNXX,ELCBTNXX00,,1,2043,,,,,,1.0
InputActivityRatio,B_Opt_IndiaCostsFuel,GLOBAL,RNWNLIBTNXX,ELCBTNXX00,,1,2044,,,,,,1.0
InputActivityRatio,B_Opt_IndiaCostsFuel,GLOBAL,RNWNLIBTNXX,ELCBTNXX00,,1,2045,,,,,,1.0
InputActivityRatio,B_Opt_IndiaCostsFuel,GLOBAL,RNWNLIBTNXX,ELCBTNXX00,,1,2046,,,,,,1.0
InputActivityRatio,B_Opt_IndiaCostsFuel,GLOBAL,RNWNLIBTNXX,ELCBTNXX00,,1,2047,,,,,,1.0
InputActivityRatio,B_Opt_IndiaCostsFuel,GLOBAL,RNWNLIBTNXX,ELCBTNXX00,,1,2048,,,,,,1.0
InputActivityRatio,B_Opt_IndiaCostsFuel,GLOBAL,RNWNLIBTNXX,ELCBTNXX00,,1,2049,,,,,,1.0
InputActivityRatio,B_Opt_IndiaCostsFuel,GLOBAL,RNWNLIBTNXX,ELCBTNXX00,,1,2050,,,,,,1.0
InputActivityRatio,B_Opt_IndiaCostsFuel,GLOBAL,PWRTRNBTNXX,ELCBTNXX01,,1,2023,,,,,,1.0
InputActivityRatio,B_Opt_IndiaCostsFuel,GLOBAL,PWRTRNBTNXX,ELCBTNXX01,,1,2024,,,,,,1.0
InputActivityRatio,B_Opt_IndiaCostsFuel,GLOBAL,PWRTRNBTNXX,ELCBTNXX01,,1,2025,,,,,,1.0
InputActivityRatio,B_Opt_IndiaCostsFuel,GLOBAL,PWRTRNBTNXX,ELCBTNXX01,,1,2026,,,,,,1.0
InputActivityRatio,B_Opt_IndiaCostsFuel,GLOBAL,PWRTRNBTNXX,ELCBTNXX01,,1,2027,,,,,,1.0
InputActivityRatio,B_Opt_IndiaCostsFuel,GLOBAL,PWRTRNBTNXX,ELCBTNXX01,,1,2028,,,,,,1.0
InputActivityRatio,B_Opt_IndiaCostsFuel,GLOBAL,PWRTRNBTNXX,ELCBTNXX01,,1,2029,,,,,,1.0
InputActivityRatio,B_Opt_IndiaCostsFuel,GLOBAL,PWRTRNBTNXX,ELCBTNXX01,,1,2030,,,,,,1.0
InputActivityRatio,B_Opt_IndiaCostsFuel,GLOBAL,PWRTRNBTNXX,ELCBTNXX01,,1,2031,,,,,,1.0
InputActivityRatio,B_Opt_IndiaCostsFuel,GLOBAL,PWRTRNBTNXX,ELCBTNXX01,,1,2032,,,,,,1.0
InputActivityRatio,B_Opt_IndiaCostsFuel,GLOBAL,PWRTRNBTNXX,ELCBTNXX01,,1,2033,,,,,,1.0
InputActivityRatio,B_Opt_IndiaCostsFuel,GLOBAL,PWRTRNBTNXX,ELCBTNXX01,,1,2034,,,,,,1.0
InputActivityRatio,B_Opt_IndiaCostsFuel,GLOBAL,PWRTRNBTNXX,ELCBTNXX01,,1,2035,,,,,,1.0
InputActivityRatio,B_Opt_IndiaCostsFuel,GLOBAL,PWRTRNBTNXX,ELCBTNXX01,,1,2036,,,,,,1.0
InputActivityRatio,B_Opt_IndiaCostsFuel,GLOBAL,PWRTRNBTNXX,ELCBTNXX01,,1,2037,,,,,,1.0
InputActivityRatio,B_Opt_IndiaCostsFuel,GLOBAL,PWRTRNBTNXX,ELCBTNXX01,,1,2038,,,,,,1.0
InputActivityRatio,B_Opt_IndiaCostsFuel,GLOBAL,PWRTRNBTNXX,ELCBTNXX01,,1,2039,,,,,,1.0
InputActivityRatio,B_Opt_IndiaCostsFuel,GLOBAL,PWRTRNBTNXX,ELCBTNXX01,,1,2040,,,,,,1.0
InputActivityRatio,B_Opt_IndiaCostsFuel,GLOBAL,PWRTRNBTNXX,ELCBTNXX01,,1,2041,,,,,,1.0
InputActivityRatio,B_Opt_IndiaCostsFuel,GLOBAL,PWRTRNBTNXX,ELCBTNXX01,,1,2042,,,,,,1.0
InputActivityRatio,B_Opt_IndiaCostsFuel,GLOBAL,PWRTRNBTNXX,ELCBTNXX01,,1,2043,,,,,,1.0
InputActivityRatio,B_Opt_IndiaCostsFuel,GLOBAL,PWRTRNBTNXX,ELCBTNXX01,,1,2044,,,,,,1.0
InputActivityRatio,B_Opt_IndiaCostsFuel,GLOBAL,PWRTRNBTNXX,ELCBTNXX01,,1,2045,,,,,,1.0
InputActivityRatio,B_Opt_IndiaCostsFuel,GLOBAL,PWRTRNBTNXX,ELCBTNXX01,,1,2046,,,,,,1.0
InputActivityRatio,B_Opt_IndiaCostsFuel,GLOBAL,PWRTRNBTNXX,ELCBTNXX01,,1,2047,,,,,,1.0
InputActivityRatio,B_Opt_IndiaCostsFuel,GLOBAL,PWRTRNBTNXX,ELCBTNXX01,,1,2048,,,,,,1.0
InputActivityRatio,B_Opt_IndiaCostsFuel,GLOBAL,PWRTRNBTNXX,ELCBTNXX01,,1,2049,,,,,,1.0
InputActivityRatio,B_Opt_IndiaCostsFuel,GLOBAL,PWRTRNBTNXX,ELCBTNXX01,,1,2050,,,,,,1.0
InputActivityRatio,B_Opt_IndiaCostsFuel,GLOBAL,TRNRPOBTNXX,ELCBTNXX01,,1,2023,,,,,,1.0
InputActivityRatio,B_Opt_IndiaCostsFuel,GLOBAL,TRNRPOBTNXX,ELCBTNXX01,,1,2024,,,,,,1.0
InputActivityRatio,B_Opt_IndiaCostsFuel,GLOBAL,TRNRPOBTNXX,ELCBTNXX01,,1,2025,,,,,,1.0
InputActivityRatio,B_Opt_IndiaCostsFuel,GLOBAL,TRNRPOBTNXX,ELCBTNXX01,,1,2026,,,,,,1.0
InputActivityRatio,B_Opt_IndiaCostsFuel,GLOBAL,TRNRPOBTNXX,ELCBTNXX01,,1,2027,,,,,,1.0
InputActivityRatio,B_Opt_IndiaCostsFuel,GLOBAL,TRNRPOBTNXX,ELCBTNXX01,,1,2028,,,,,,1.0
InputActivityRatio,B_Opt_IndiaCostsFuel,GLOBAL,TRNRPOBTNXX,ELCBTNXX01,,1,2029,,,,,,1.0
InputActivityRatio,B_Opt_IndiaCostsFuel,GLOBAL,TRNRPOBTNXX,ELCBTNXX01,,1,2030,,,,,,1.0
InputActivityRatio,B_Opt_IndiaCostsFuel,GLOBAL,TRNRPOBTNXX,ELCBTNXX01,,1,2031,,,,,,1.0
InputActivityRatio,B_Opt_IndiaCostsFuel,GLOBAL,TRNRPOBTNXX,ELCBTNXX01,,1,2032,,,,,,1.0
InputActivityRatio,B_Opt_IndiaCostsFuel,GLOBAL,TRNRPOBTNXX,ELCBTNXX01,,1,2033,,,,,,1.0
InputActivityRatio,B_Opt_IndiaCostsFuel,GLOBAL,TRNRPOBTNXX,ELCBTNXX01,,1,2034,,,,,,1.0
InputActivityRatio,B_Opt_IndiaCostsFuel,GLOBAL,TRNRPOBTNXX,ELCBTNXX01,,1,2035,,,,,,1.0
InputActivityRatio,B_Opt_IndiaCostsFuel,GLOBAL,TRNRPOBTNXX,ELCBTNXX01,,1,2036,,,,,,1.0
InputActivityRatio,B_Opt_IndiaCostsFuel,GLOBAL,TRNRPOBTNXX,ELCBTNXX01,,1,2037,,,,,,1.0
InputActivityRatio,B_Opt_IndiaCostsFuel,GLOBAL,TRNRPOBTNXX,ELCBTNXX01,,1,2038,,,,,,1.0
InputActivityRatio,B_Opt_IndiaCostsFuel,GLOBAL,TRNRPOBTNXX,ELCBTNXX01,,1,2039,,,,,,1.0
InputActivityRatio,B_Opt_IndiaCostsFuel,GLOBAL,TRNRPOBTNXX,ELCBTNXX01,,1,2040,,,,,,1.0
InputActivityRatio,B_Opt_IndiaCostsFuel,GLOBAL,TRNRPOBTNXX,ELCBTNXX01,,1,2041,,,,,,1.0
InputActivityRatio,B_Opt_IndiaCostsFuel,GLOBAL,TRNRPOBTNXX,ELCBTNXX01,,1,2042,,,,,,1.0
InputActivityRatio,B_Opt_IndiaCostsFuel,GLOBAL,TRNRPOBTNXX,ELCBTNXX01,,1,2043,,,,,,1.0
InputActivityRatio,B_Opt_IndiaCostsFuel,GLOBAL,TRNRPOBTNXX,ELCBTNXX01,,1,2044,,,,,,1.0
InputActivityRatio,B_Opt_IndiaCostsFuel,GLOBAL,TRNRPOBTNXX,ELCBTNXX01,,1,2045,,,,,,1.0
InputActivityRatio,B_Opt_IndiaCostsFuel,GLOBAL,TRNRPOBTNXX,ELCBTNXX01,,1,2046,,,,,,1.0
InputActivityRatio,B_Opt_IndiaCostsFuel,GLOBAL,TRNRPOBTNXX,ELCBTNXX01,,1,2047,,,,,,1.0
InputActivityRatio,B_Opt_IndiaCostsFuel,GLOBAL,TRNRPOBTNXX,ELCBTNXX01,,1,2048,,,,,,1.0
InputActivityRatio,B_Opt_IndiaCostsFuel,GLOBAL,TRNRPOBTNXX,ELCBTNXX01,,1,2049,,,,,,1.0
InputActivityRatio,B_Opt_IndiaCostsFuel,GLOBAL,TRNRPOBTNXX,ELCBTNXX01,,1,2050,,,,,,1.0
InputActivityRatio,B_Opt_IndiaCostsFuel,GLOBAL,TRNNLIBTNXX,ELCBTNXX01,,1,2023,,,,,,1.0
InputActivityRatio,B_Opt_IndiaCostsFuel,GLOBAL,TRNNLIBTNXX,ELCBTNXX01,,1,2024,,,,,,1.0
InputActivityRatio,B_Opt_IndiaCostsFuel,GLOBAL,TRNNLIBTNXX,ELCBTNXX01,,1,2025,,,,,,1.0
InputActivityRatio,B_Opt_IndiaCostsFuel,GLOBAL,TRNNLIBTNXX,ELCBTNXX01,,1,2026,,,,,,1.0
InputActivityRatio,B_Opt_IndiaCostsFuel,GLOBAL,TRNNLIBTNXX,ELCBTNXX01,,1,2027,,,,,,1.0
InputActivityRatio,B_Opt_IndiaCostsFuel,GLOBAL,TRNNLIBTNXX,ELCBTNXX01,,1,2028,,,,,,1.0
InputActivityRatio,B_Opt_IndiaCostsFuel,GLOBAL,TRNNLIBTNXX,ELCBTNXX01,,1,2029,,,,,,1.0
InputActivityRatio,B_Opt_IndiaCostsFuel,GLOBAL,TRNNLIBTNXX,ELCBTNXX01,,1,2030,,,,,,1.0
InputActivityRatio,B_Opt_IndiaCostsFuel,GLOBAL,TRNNLIBTNXX,ELCBTNXX01,,1,2031,,,,,,1.0
InputActivityRatio,B_Opt_IndiaCostsFuel,GLOBAL,TRNNLIBTNXX,ELCBTNXX01,,1,2032,,,,,,1.0
InputActivityRatio,B_Opt_IndiaCostsFuel,GLOBAL,TRNNLIBTNXX,ELCBTNXX01,,1,2033,,,,,,1.0
InputActivityRatio,B_Opt_IndiaCostsFuel,GLOBAL,TRNNLIBTNXX,ELCBTNXX01,,1,2034,,,,,,1.0
InputActivityRatio,B_Opt_IndiaCostsFuel,GLOBAL,TRNNLIBTNXX,ELCBTNXX01,,1,2035,,,,,,1.0
InputActivityRatio,B_Opt_IndiaCostsFuel,GLOBAL,TRNNLIBTNXX,ELCBTNXX01,,1,2036,,,,,,1.0
InputActivityRatio,B_Opt_IndiaCostsFuel,GLOBAL,TRNNLIBTNXX,ELCBTNXX01,,1,2037,,,,,,1.0
InputActivityRatio,B_Opt_IndiaCostsFuel,GLOBAL,TRNNLIBTNXX,ELCBTNXX01,,1,2038,,,,,,1.0
InputActivityRatio,B_Opt_IndiaCostsFuel,GLOBAL,TRNNLIBTNXX,ELCBTNXX01,,1,2039,,,,,,1.0
InputActivityRatio,B_Opt_IndiaCostsFuel,GLOBAL,TRNNLIBTNXX,ELCBTNXX01,,1,2040,,,,,,1.0
InputActivityRatio,B_Opt_IndiaCostsFuel,GLOBAL,TRNNLIBTNXX,ELCBTNXX01,,1,2041,,,,,,1.0
InputActivityRatio,B_Opt_IndiaCostsFuel,GLOBAL,TRNNLIBTNXX,ELCBTNXX01,,1,2042,,,,,,1.0
InputActivityRatio,B_Opt_IndiaCostsFuel,GLOBAL,TRNNLIBTNXX,ELCBTNXX01,,1,2043,,,,,,1.0
InputActivityRatio,B_Opt_IndiaCostsFuel,GLOBAL,TRNNLIBTNXX,ELCBTNXX01,,1,2044,,,,,,1.0
InputActivityRatio,B_Opt_IndiaCostsFuel,GLOBAL,TRNNLIBTNXX,ELCBTNXX01,,1,2045,,,,,,1.0
InputActivityRatio,B_Opt_IndiaCostsFuel,GLOBAL,TRNNLIBTNXX,ELCBTNXX01,,1,2046,,,,,,1.0
InputActivityRatio,B_Opt_IndiaCostsFuel,GLOBAL,TRNNLIBTNXX,ELCBTNXX01,,1,2047,,,,,,1.0
InputActivityRatio,B_Opt_IndiaCostsFuel,GLOBAL,TRNNLIBTNXX,ELCBTNXX01,,1,2048,,,,,,1.0
InputActivityRatio,B_Opt_IndiaCostsFuel,GLOBAL,TRNNLIBTNXX,ELCBTNXX01,,1,2049,,,,,,1.0
InputActivityRatio,B_Opt_IndiaCostsFuel,GLOBAL,TRNNLIBTNXX,ELCBTNXX01,,1,2050,,,,,,1.0
InputActivityRatio,B_Opt_IndiaCostsFuel,GLOBAL,DSPTRNBTNXX,ELCBTNXX02,,1,2023,,,,,,1.0
InputActivityRatio,B_Opt_IndiaCostsFuel,GLOBAL,DSPTRNBTNXX,ELCBTNXX02,,1,2024,,,,,,1.0
InputActivityRatio,B_Opt_IndiaCostsFuel,GLOBAL,DSPTRNBTNXX,ELCBTNXX02,,1,2025,,,,,,1.0
InputActivityRatio,B_Opt_IndiaCostsFuel,GLOBAL,DSPTRNBTNXX,ELCBTNXX02,,1,2026,,,,,,1.0
InputActivityRatio,B_Opt_IndiaCostsFuel,GLOBAL,DSPTRNBTNXX,ELCBTNXX02,,1,2027,,,,,,1.0
InputActivityRatio,B_Opt_IndiaCostsFuel,GLOBAL,DSPTRNBTNXX,ELCBTNXX02,,1,2028,,,,,,1.0
InputActivityRatio,B_Opt_IndiaCostsFuel,GLOBAL,DSPTRNBTNXX,ELCBTNXX02,,1,2029,,,,,,1.0
InputActivityRatio,B_Opt_IndiaCostsFuel,GLOBAL,DSPTRNBTNXX,ELCBTNXX02,,1,2030,,,,,,1.0
InputActivityRatio,B_Opt_IndiaCostsFuel,GLOBAL,DSPTRNBTNXX,ELCBTNXX02,,1,2031,,,,,,1.0
InputActivityRatio,B_Opt_IndiaCostsFuel,GLOBAL,DSPTRNBTNXX,ELCBTNXX02,,1,2032,,,,,,1.0
InputActivityRatio,B_Opt_IndiaCostsFuel,GLOBAL,DSPTRNBTNXX,ELCBTNXX02,,1,2033,,,,,,1.0
InputActivityRatio,B_Opt_IndiaCostsFuel,GLOBAL,DSPTRNBTNXX,ELCBTNXX02,,1,2034,,,,,,1.0
InputActivityRatio,B_Opt_IndiaCostsFuel,GLOBAL,DSPTRNBTNXX,ELCBTNXX02,,1,2035,,,,,,1.0
InputActivityRatio,B_Opt_IndiaCostsFuel,GLOBAL,DSPTRNBTNXX,ELCBTNXX02,,1,2036,,,,,,1.0
InputActivityRatio,B_Opt_IndiaCostsFuel,GLOBAL,DSPTRNBTNXX,ELCBTNXX02,,1,2037,,,,,,1.0
InputActivityRatio,B_Opt_IndiaCostsFuel,GLOBAL,DSPTRNBTNXX,ELCBTNXX02,,1,2038,,,,,,1.0
InputActivityRatio,B_Opt_IndiaCostsFuel,GLOBAL,DSPTRNBTNXX,ELCBTNXX02,,1,2039,,,,,,1.0
InputActivityRatio,B_Opt_IndiaCostsFuel,GLOBAL,DSPTRNBTNXX,ELCBTNXX02,,1,2040,,,,,,1.0
InputActivityRatio,B_Opt_IndiaCostsFuel,GLOBAL,DSPTRNBTNXX,ELCBTNXX02,,1,2041,,,,,,1.0
InputActivityRatio,B_Opt_IndiaCostsFuel,GLOBAL,DSPTRNBTNXX,ELCBTNXX02,,1,2042,,,,,,1.0
InputActivityRatio,B_Opt_IndiaCostsFuel,GLOBAL,DSPTRNBTNXX,ELCBTNXX02,,1,2043,,,,,,1.0
InputActivityRatio,B_Opt_IndiaCostsFuel,GLOBAL,DSPTRNBTNXX,ELCBTNXX02,,1,2044,,,,,,1.0
InputActivityRatio,B_Opt_IndiaCostsFuel,GLOBAL,DSPTRNBTNXX,ELCBTNXX02,,1,2045,,,,,,1.0
InputActivityRatio,B_Opt_IndiaCostsFuel,GLOBAL,DSPTRNBTNXX,ELCBTNXX02,,1,2046,,,,,,1.0
InputActivityRatio,B_Opt_IndiaCostsFuel,GLOBAL,DSPTRNBTNXX,ELCBTNXX02,,1,2047,,,,,,1.0
InputActivityRatio,B_Opt_IndiaCostsFuel,GLOBAL,DSPTRNBTNXX,ELCBTNXX02,,1,2048,,,,,,1.0
InputActivityRatio,B_Opt_IndiaCostsFuel,GLOBAL,DSPTRNBTNXX,ELCBTNXX02,,1,2049,,,,,,1.0
InputActivityRatio,B_Opt_IndiaCostsFuel,GLOBAL,DSPTRNBTNXX,ELCBTNXX02,,1,2050,,,,,,1.0
InputActivityRatio,B_Opt_IndiaCostsFuel,GLOBAL,DSPTRNBTNXX,ELCBTNXX04,,2,2023,,,,,,1.0
InputActivityRatio,B_Opt_IndiaCostsFuel,GLOBAL,DSPTRNBTNXX,ELCBTNXX04,,2,2024,,,,,,1.0
InputActivityRatio,B_Opt_IndiaCostsFuel,GLOBAL,DSPTRNBTNXX,ELCBTNXX04,,2,2025,,,,,,1.0
InputActivityRatio,B_Opt_IndiaCostsFuel,GLOBAL,DSPTRNBTNXX,ELCBTNXX04,,2,2026,,,,,,1.0
InputActivityRatio,B_Opt_IndiaCostsFuel,GLOBAL,DSPTRNBTNXX,ELCBTNXX04,,2,2027,,,,,,1.0
InputActivityRatio,B_Opt_IndiaCostsFuel,GLOBAL,DSPTRNBTNXX,ELCBTNXX04,,2,2028,,,,,,1.0
InputActivityRatio,B_Opt_IndiaCostsFuel,GLOBAL,DSPTRNBTNXX,ELCBTNXX04,,2,2029,,,,,,1.0
InputActivityRatio,B_Opt_IndiaCostsFuel,GLOBAL,DSPTRNBTNXX,ELCBTNXX04,,2,2030,,,,,,1.0
InputActivityRatio,B_Opt_IndiaCostsFuel,GLOBAL,DSPTRNBTNXX,ELCBTNXX04,,2,2031,,,,,,1.0
InputActivityRatio,B_Opt_IndiaCostsFuel,GLOBAL,DSPTRNBTNXX,ELCBTNXX04,,2,2032,,,,,,1.0
InputActivityRatio,B_Opt_IndiaCostsFuel,GLOBAL,DSPTRNBTNXX,ELCBTNXX04,,2,2033,,,,,,1.0
InputActivityRatio,B_Opt_IndiaCostsFuel,GLOBAL,DSPTRNBTNXX,ELCBTNXX04,,2,2034,,,,,,1.0
InputActivityRatio,B_Opt_IndiaCostsFuel,GLOBAL,DSPTRNBTNXX,ELCBTNXX04,,2,2035,,,,,,1.0
InputActivityRatio,B_Opt_IndiaCostsFuel,GLOBAL,DSPTRNBTNXX,ELCBTNXX04,,2,2036,,,,,,1.0
InputActivityRatio,B_Opt_IndiaCostsFuel,GLOBAL,DSPTRNBTNXX,ELCBTNXX04,,2,2037,,,,,,1.0
InputActivityRatio,B_Opt_IndiaCostsFuel,GLOBAL,DSPTRNBTNXX,ELCBTNXX04,,2,2038,,,,,,1.0
InputActivityRatio,B_Opt_IndiaCostsFuel,GLOBAL,DSPTRNBTNXX,ELCBTNXX04,,2,2039,,,,,,1.0
InputActivityRatio,B_Opt_IndiaCostsFuel,GLOBAL,DSPTRNBTNXX,ELCBTNXX04,,2,2040,,,,,,1.0
InputActivityRatio,B_Opt_IndiaCostsFuel,GLOBAL,DSPTRNBTNXX,ELCBTNXX04,,2,2041,,,,,,1.0
InputActivityRatio,B_Opt_IndiaCostsFuel,GLOBAL,DSPTRNBTNXX,ELCBTNXX04,,2,2042,,,,,,1.0
InputActivityRatio,B_Opt_IndiaCostsFuel,GLOBAL,DSPTRNBTNXX,ELCBTNXX04,,2,2043,,,,,,1.0
InputActivityRatio,B_Opt_IndiaCostsFuel,GLOBAL,DSPTRNBTNXX,ELCBTNXX04,,2,2044,,,,,,1.0
InputActivityRatio,B_Opt_IndiaCostsFuel,GLOBAL,DSPTRNBTNXX,ELCBTNXX04,,2,2045,,,,,,1.0
InputActivityRatio,B_Opt_IndiaCostsFuel,GLOBAL,DSPTRNBTNXX,ELCBTNXX04,,2,2046,,,,,,1.0
InputActivityRatio,B_Opt_IndiaCostsFuel,GLOBAL,DSPTRNBTNXX,ELCBTNXX04,,2,2047,,,,,,1.0
InputActivityRatio,B_Opt_IndiaCostsFuel,GLOBAL,DSPTRNBTNXX,ELCBTNXX04,,2,2048,,,,,,1.0
InputActivityRatio,B_Opt_IndiaCostsFuel,GLOBAL,DSPTRNBTNXX,ELCBTNXX04,,2,2049,,,,,,1.0
InputActivityRatio,B_Opt_IndiaCostsFuel,GLOBAL,DSPTRNBTNXX,ELCBTNXX04,,2,2050,,,,,,1.0
InputActivityRatio,B_Opt_IndiaCostsFuel,GLOBAL,RNWTRNINDEA,ELCINDEA00,,1,2023,,,,,,1.0
InputActivityRatio,B_Opt_IndiaCostsFuel,GLOBAL,RNWTRNINDEA,ELCINDEA00,,1,2024,,,,,,1.0
InputActivityRatio,B_Opt_IndiaCostsFuel,GLOBAL,RNWTRNINDEA,ELCINDEA00,,1,2025,,,,,,1.0
InputActivityRatio,B_Opt_IndiaCostsFuel,GLOBAL,RNWTRNINDEA,ELCINDEA00,,1,2026,,,,,,1.0
InputActivityRatio,B_Opt_IndiaCostsFuel,GLOBAL,RNWTRNINDEA,ELCINDEA00,,1,2027,,,,,,1.0
InputActivityRatio,B_Opt_IndiaCostsFuel,GLOBAL,RNWTRNINDEA,ELCINDEA00,,1,2028,,,,,,1.0
InputActivityRatio,B_Opt_IndiaCostsFuel,GLOBAL,RNWTRNINDEA,ELCINDEA00,,1,2029,,,,,,1.0
InputActivityRatio,B_Opt_IndiaCostsFuel,GLOBAL,RNWTRNINDEA,ELCINDEA00,,1,2030,,,,,,1.0
InputActivityRatio,B_Opt_IndiaCostsFuel,GLOBAL,RNWTRNINDEA,ELCINDEA00,,1,2031,,,,,,1.0
InputActivityRatio,B_Opt_IndiaCostsFuel,GLOBAL,RNWTRNINDEA,ELCINDEA00,,1,2032,,,,,,1.0
InputActivityRatio,B_Opt_IndiaCostsFuel,GLOBAL,RNWTRNINDEA,ELCINDEA00,,1,2033,,,,,,1.0
InputActivityRatio,B_Opt_IndiaCostsFuel,GLOBAL,RNWTRNINDEA,ELCINDEA00,,1,2034,,,,,,1.0
InputActivityRatio,B_Opt_IndiaCostsFuel,GLOBAL,RNWTRNINDEA,ELCINDEA00,,1,2035,,,,,,1.0
InputActivityRatio,B_Opt_IndiaCostsFuel,GLOBAL,RNWTRNINDEA,ELCINDEA00,,1,2036,,,,,,1.0
InputActivityRatio,B_Opt_IndiaCostsFuel,GLOBAL,RNWTRNINDEA,ELCINDEA00,,1,2037,,,,,,1.0
InputActivityRatio,B_Opt_IndiaCostsFuel,GLOBAL,RNWTRNINDEA,ELCINDEA00,,1,2038,,,,,,1.0
InputActivityRatio,B_Opt_IndiaCostsFuel,GLOBAL,RNWTRNINDEA,ELCINDEA00,,1,2039,,,,,,1.0
InputActivityRatio,B_Opt_IndiaCostsFuel,GLOBAL,RNWTRNINDEA,ELCINDEA00,,1,2040,,,,,,1.0
InputActivityRatio,B_Opt_IndiaCostsFuel,GLOBAL,RNWTRNINDEA,ELCINDEA00,,1,2041,,,,,,1.0
InputActivityRatio,B_Opt_IndiaCostsFuel,GLOBAL,RNWTRNINDEA,ELCINDEA00,,1,2042,,,,,,1.0
InputActivityRatio,B_Opt_IndiaCostsFuel,GLOBAL,RNWTRNINDEA,ELCINDEA00,,1,2043,,,,,,1.0
InputActivityRatio,B_Opt_IndiaCostsFuel,GLOBAL,RNWTRNINDEA,ELCINDEA00,,1,2044,,,,,,1.0
InputActivityRatio,B_Opt_IndiaCostsFuel,GLOBAL,RNWTRNINDEA,ELCINDEA00,,1,2045,,,,,,1.0
InputActivityRatio,B_Opt_IndiaCostsFuel,GLOBAL,RNWTRNINDEA,ELCINDEA00,,1,2046,,,,,,1.0
InputActivityRatio,B_Opt_IndiaCostsFuel,GLOBAL,RNWTRNINDEA,ELCINDEA00,,1,2047,,,,,,1.0
InputActivityRatio,B_Opt_IndiaCostsFuel,GLOBAL,RNWTRNINDEA,ELCINDEA00,,1,2048,,,,,,1.0
InputActivityRatio,B_Opt_IndiaCostsFuel,GLOBAL,RNWTRNINDEA,ELCINDEA00,,1,2049,,,,,,1.0
InputActivityRatio,B_Opt_IndiaCostsFuel,GLOBAL,RNWTRNINDEA,ELCINDEA00,,1,2050,,,,,,1.0
InputActivityRatio,B_Opt_IndiaCostsFuel,GLOBAL,RNWRPOINDEA,ELCINDEA00,,1,2023,,,,,,1.0
InputActivityRatio,B_Opt_IndiaCostsFuel,GLOBAL,RNWRPOINDEA,ELCINDEA00,,1,2024,,,,,,1.0
InputActivityRatio,B_Opt_IndiaCostsFuel,GLOBAL,RNWRPOINDEA,ELCINDEA00,,1,2025,,,,,,1.0
InputActivityRatio,B_Opt_IndiaCostsFuel,GLOBAL,RNWRPOINDEA,ELCINDEA00,,1,2026,,,,,,1.0
InputActivityRatio,B_Opt_IndiaCostsFuel,GLOBAL,RNWRPOINDEA,ELCINDEA00,,1,2027,,,,,,1.0
InputActivityRatio,B_Opt_IndiaCostsFuel,GLOBAL,RNWRPOINDEA,ELCINDEA00,,1,2028,,,,,,1.0
InputActivityRatio,B_Opt_IndiaCostsFuel,GLOBAL,RNWRPOINDEA,ELCINDEA00,,1,2029,,,,,,1.0
InputActivityRatio,B_Opt_IndiaCostsFuel,GLOBAL,RNWRPOINDEA,ELCINDEA00,,1,2030,,,,,,1.0
InputActivityRatio,B_Opt_IndiaCostsFuel,GLOBAL,RNWRPOINDEA,ELCINDEA00,,1,2031,,,,,,1.0
InputActivityRatio,B_Opt_IndiaCostsFuel,GLOBAL,RNWRPOINDEA,ELCINDEA00,,1,2032,,,,,,1.0
InputActivityRatio,B_Opt_IndiaCostsFuel,GLOBAL,RNWRPOINDEA,ELCINDEA00,,1,2033,,,,,,1.0
InputActivityRatio,B_Opt_IndiaCostsFuel,GLOBAL,RNWRPOINDEA,ELCINDEA00,,1,2034,,,,,,1.0
InputActivityRatio,B_Opt_IndiaCostsFuel,GLOBAL,RNWRPOINDEA,ELCINDEA00,,1,2035,,,,,,1.0
InputActivityRatio,B_Opt_IndiaCostsFuel,GLOBAL,RNWRPOINDEA,ELCINDEA00,,1,2036,,,,,,1.0
InputActivityRatio,B_Opt_IndiaCostsFuel,GLOBAL,RNWRPOINDEA,ELCINDEA00,,1,2037,,,,,,1.0
InputActivityRatio,B_Opt_IndiaCostsFuel,GLOBAL,RNWRPOINDEA,ELCINDEA00,,1,2038,,,,,,1.0
InputActivityRatio,B_Opt_IndiaCostsFuel,GLOBAL,RNWRPOINDEA,ELCINDEA00,,1,2039,,,,,,1.0
InputActivityRatio,B_Opt_IndiaCostsFuel,GLOBAL,RNWRPOINDEA,ELCINDEA00,,1,2040,,,,,,1.0
InputActivityRatio,B_Opt_IndiaCostsFuel,GLOBAL,RNWRPOINDEA,ELCINDEA00,,1,2041,,,,,,1.0
InputActivityRatio,B_Opt_IndiaCostsFuel,GLOBAL,RNWRPOINDEA,ELCINDEA00,,1,2042,,,,,,1.0
InputActivityRatio,B_Opt_IndiaCostsFuel,GLOBAL,RNWRPOINDEA,ELCINDEA00,,1,2043,,,,,,1.0
InputActivityRatio,B_Opt_IndiaCostsFuel,GLOBAL,RNWRPOINDEA,ELCINDEA00,,1,2044,,,,,,1.0
InputActivityRatio,B_Opt_IndiaCostsFuel,GLOBAL,RNWRPOINDEA,ELCINDEA00,,1,2045,,,,,,1.0
InputActivityRatio,B_Opt_IndiaCostsFuel,GLOBAL,RNWRPOINDEA,ELCINDEA00,,1,2046,,,,,,1.0
InputActivityRatio,B_Opt_IndiaCostsFuel,GLOBAL,RNWRPOINDEA,ELCINDEA00,,1,2047,,,,,,1.0
InputActivityRatio,B_Opt_IndiaCostsFuel,GLOBAL,RNWRPOINDEA,ELCINDEA00,,1,2048,,,,,,1.0
InputActivityRatio,B_Opt_IndiaCostsFuel,GLOBAL,RNWRPOINDEA,ELCINDEA00,,1,2049,,,,,,1.0
InputActivityRatio,B_Opt_IndiaCostsFuel,GLOBAL,RNWRPOINDEA,ELCINDEA00,,1,2050,,,,,,1.0
InputActivityRatio,B_Opt_IndiaCostsFuel,GLOBAL,RNWNLIINDEA,ELCINDEA00,,1,2023,,,,,,1.0
InputActivityRatio,B_Opt_IndiaCostsFuel,GLOBAL,RNWNLIINDEA,ELCINDEA00,,1,2024,,,,,,1.0
InputActivityRatio,B_Opt_IndiaCostsFuel,GLOBAL,RNWNLIINDEA,ELCINDEA00,,1,2025,,,,,,1.0
InputActivityRatio,B_Opt_IndiaCostsFuel,GLOBAL,RNWNLIINDEA,ELCINDEA00,,1,2026,,,,,,1.0
InputActivityRatio,B_Opt_IndiaCostsFuel,GLOBAL,RNWNLIINDEA,ELCINDEA00,,1,2027,,,,,,1.0
InputActivityRatio,B_Opt_IndiaCostsFuel,GLOBAL,RNWNLIINDEA,ELCINDEA00,,1,2028,,,,,,1.0
InputActivityRatio,B_Opt_IndiaCostsFuel,GLOBAL,RNWNLIINDEA,ELCINDEA00,,1,2029,,,,,,1.0
InputActivityRatio,B_Opt_IndiaCostsFuel,GLOBAL,RNWNLIINDEA,ELCINDEA00,,1,2030,,,,,,1.0
InputActivityRatio,B_Opt_IndiaCostsFuel,GLOBAL,RNWNLIINDEA,ELCINDEA00,,1,2031,,,,,,1.0
InputActivityRatio,B_Opt_IndiaCostsFuel,GLOBAL,RNWNLIINDEA,ELCINDEA00,,1,2032,,,,,,1.0
InputActivityRatio,B_Opt_IndiaCostsFuel,GLOBAL,RNWNLIINDEA,ELCINDEA00,,1,2033,,,,,,1.0
InputActivityRatio,B_Opt_IndiaCostsFuel,GLOBAL,RNWNLIINDEA,ELCINDEA00,,1,2034,,,,,,1.0
InputActivityRatio,B_Opt_IndiaCostsFuel,GLOBAL,RNWNLIINDEA,ELCINDEA00,,1,2035,,,,,,1.0
InputActivityRatio,B_Opt_IndiaCostsFuel,GLOBAL,RNWNLIINDEA,ELCINDEA00,,1,2036,,,,,,1.0
InputActivityRatio,B_Opt_IndiaCostsFuel,GLOBAL,RNWNLIINDEA,ELCINDEA00,,1,2037,,,,,,1.0
InputActivityRatio,B_Opt_IndiaCostsFuel,GLOBAL,RNWNLIINDEA,ELCINDEA00,,1,2038,,,,,,1.0
InputActivityRatio,B_Opt_IndiaCostsFuel,GLOBAL,RNWNLIINDEA,ELCINDEA00,,1,2039,,,,,,1.0
InputActivityRatio,B_Opt_IndiaCostsFuel,GLOBAL,RNWNLIINDEA,ELCINDEA00,,1,2040,,,,,,1.0
InputActivityRatio,B_Opt_IndiaCostsFuel,GLOBAL,RNWNLIINDEA,ELCINDEA00,,1,2041,,,,,,1.0
InputActivityRatio,B_Opt_IndiaCostsFuel,GLOBAL,RNWNLIINDEA,ELCINDEA00,,1,2042,,,,,,1.0
InputActivityRatio,B_Opt_IndiaCostsFuel,GLOBAL,RNWNLIINDEA,ELCINDEA00,,1,2043,,,,,,1.0
InputActivityRatio,B_Opt_IndiaCostsFuel,GLOBAL,RNWNLIINDEA,ELCINDEA00,,1,2044,,,,,,1.0
InputActivityRatio,B_Opt_IndiaCostsFuel,GLOBAL,RNWNLIINDEA,ELCINDEA00,,1,2045,,,,,,1.0
InputActivityRatio,B_Opt_IndiaCostsFuel,GLOBAL,RNWNLIINDEA,ELCINDEA00,,1,2046,,,,,,1.0
InputActivityRatio,B_Opt_IndiaCostsFuel,GLOBAL,RNWNLIINDEA,ELCINDEA00,,1,2047,,,,,,1.0
InputActivityRatio,B_Opt_IndiaCostsFuel,GLOBAL,RNWNLIINDEA,ELCINDEA00,,1,2048,,,,,,1.0
InputActivityRatio,B_Opt_IndiaCostsFuel,GLOBAL,RNWNLIINDEA,ELCINDEA00,,1,2049,,,,,,1.0
InputActivityRatio,B_Opt_IndiaCostsFuel,GLOBAL,RNWNLIINDEA,ELCINDEA00,,1,2050,,,,,,1.0
InputActivityRatio,B_Opt_IndiaCostsFuel,GLOBAL,PWRTRNINDEA,ELCINDEA01,,1,2023,,,,,,1.0
InputActivityRatio,B_Opt_IndiaCostsFuel,GLOBAL,PWRTRNINDEA,ELCINDEA01,,1,2024,,,,,,1.0
InputActivityRatio,B_Opt_IndiaCostsFuel,GLOBAL,PWRTRNINDEA,ELCINDEA01,,1,2025,,,,,,1.0
InputActivityRatio,B_Opt_IndiaCostsFuel,GLOBAL,PWRTRNINDEA,ELCINDEA01,,1,2026,,,,,,1.0
InputActivityRatio,B_Opt_IndiaCostsFuel,GLOBAL,PWRTRNINDEA,ELCINDEA01,,1,2027,,,,,,1.0
InputActivityRatio,B_Opt_IndiaCostsFuel,GLOBAL,PWRTRNINDEA,ELCINDEA01,,1,2028,,,,,,1.0
InputActivityRatio,B_Opt_IndiaCostsFuel,GLOBAL,PWRTRNINDEA,ELCINDEA01,,1,2029,,,,,,1.0
InputActivityRatio,B_Opt_IndiaCostsFuel,GLOBAL,PWRTRNINDEA,ELCINDEA01,,1,2030,,,,,,1.0
InputActivityRatio,B_Opt_IndiaCostsFuel,GLOBAL,PWRTRNINDEA,ELCINDEA01,,1,2031,,,,,,1.0
InputActivityRatio,B_Opt_IndiaCostsFuel,GLOBAL,PWRTRNINDEA,ELCINDEA01,,1,2032,,,,,,1.0
InputActivityRatio,B_Opt_IndiaCostsFuel,GLOBAL,PWRTRNINDEA,ELCINDEA01,,1,2033,,,,,,1.0
InputActivityRatio,B_Opt_IndiaCostsFuel,GLOBAL,PWRTRNINDEA,ELCINDEA01,,1,2034,,,,,,1.0
InputActivityRatio,B_Opt_IndiaCostsFuel,GLOBAL,PWRTRNINDEA,ELCINDEA01,,1,2035,,,,,,1.0
InputActivityRatio,B_Opt_IndiaCostsFuel,GLOBAL,PWRTRNINDEA,ELCINDEA01,,1,2036,,,,,,1.0
InputActivityRatio,B_Opt_IndiaCostsFuel,GLOBAL,PWRTRNINDEA,ELCINDEA01,,1,2037,,,,,,1.0
InputActivityRatio,B_Opt_IndiaCostsFuel,GLOBAL,PWRTRNINDEA,ELCINDEA01,,1,2038,,,,,,1.0
InputActivityRatio,B_Opt_IndiaCostsFuel,GLOBAL,PWRTRNINDEA,ELCINDEA01,,1,2039,,,,,,1.0
InputActivityRatio,B_Opt_IndiaCostsFuel,GLOBAL,PWRTRNINDEA,ELCINDEA01,,1,2040,,,,,,1.0
InputActivityRatio,B_Opt_IndiaCostsFuel,GLOBAL,PWRTRNINDEA,ELCINDEA01,,1,2041,,,,,,1.0
InputActivityRatio,B_Opt_IndiaCostsFuel,GLOBAL,PWRTRNINDEA,ELCINDEA01,,1,2042,,,,,,1.0
InputActivityRatio,B_Opt_IndiaCostsFuel,GLOBAL,PWRTRNINDEA,ELCINDEA01,,1,2043,,,,,,1.0
InputActivityRatio,B_Opt_IndiaCostsFuel,GLOBAL,PWRTRNINDEA,ELCINDEA01,,1,2044,,,,,,1.0
InputActivityRatio,B_Opt_IndiaCostsFuel,GLOBAL,PWRTRNINDEA,ELCINDEA01,,1,2045,,,,,,1.0
InputActivityRatio,B_Opt_IndiaCostsFuel,GLOBAL,PWRTRNINDEA,ELCINDEA01,,1,2046,,,,,,1.0
InputActivityRatio,B_Opt_IndiaCostsFuel,GLOBAL,PWRTRNINDEA,ELCINDEA01,,1,2047,,,,,,1.0
InputActivityRatio,B_Opt_IndiaCostsFuel,GLOBAL,PWRTRNINDEA,ELCINDEA01,,1,2048,,,,,,1.0
InputActivityRatio,B_Opt_IndiaCostsFuel,GLOBAL,PWRTRNINDEA,ELCINDEA01,,1,2049,,,,,,1.0
InputActivityRatio,B_Opt_IndiaCostsFuel,GLOBAL,PWRTRNINDEA,ELCINDEA01,,1,2050,,,,,,1.0
InputActivityRatio,B_Opt_IndiaCostsFuel,GLOBAL,TRNRPOINDEA,ELCINDEA01,,1,2023,,,,,,1.0
InputActivityRatio,B_Opt_IndiaCostsFuel,GLOBAL,TRNRPOINDEA,ELCINDEA01,,1,2024,,,,,,1.0
InputActivityRatio,B_Opt_IndiaCostsFuel,GLOBAL,TRNRPOINDEA,ELCINDEA01,,1,2025,,,,,,1.0
InputActivityRatio,B_Opt_IndiaCostsFuel,GLOBAL,TRNRPOINDEA,ELCINDEA01,,1,2026,,,,,,1.0
InputActivityRatio,B_Opt_IndiaCostsFuel,GLOBAL,TRNRPOINDEA,ELCINDEA01,,1,2027,,,,,,1.0
InputActivityRatio,B_Opt_IndiaCostsFuel,GLOBAL,TRNRPOINDEA,ELCINDEA01,,1,2028,,,,,,1.0
InputActivityRatio,B_Opt_IndiaCostsFuel,GLOBAL,TRNRPOINDEA,ELCINDEA01,,1,2029,,,,,,1.0
InputActivityRatio,B_Opt_IndiaCostsFuel,GLOBAL,TRNRPOINDEA,ELCINDEA01,,1,2030,,,,,,1.0
InputActivityRatio,B_Opt_IndiaCostsFuel,GLOBAL,TRNRPOINDEA,ELCINDEA01,,1,2031,,,,,,1.0
InputActivityRatio,B_Opt_IndiaCostsFuel,GLOBAL,TRNRPOINDEA,ELCINDEA01,,1,2032,,,,,,1.0
InputActivityRatio,B_Opt_IndiaCostsFuel,GLOBAL,TRNRPOINDEA,ELCINDEA01,,1,2033,,,,,,1.0
InputActivityRatio,B_Opt_IndiaCostsFuel,GLOBAL,TRNRPOINDEA,ELCINDEA01,,1,2034,,,,,,1.0
InputActivityRatio,B_Opt_IndiaCostsFuel,GLOBAL,TRNRPOINDEA,ELCINDEA01,,1,2035,,,,,,1.0
InputActivityRatio,B_Opt_IndiaCostsFuel,GLOBAL,TRNRPOINDEA,ELCINDEA01,,1,2036,,,,,,1.0
InputActivityRatio,B_Opt_IndiaCostsFuel,GLOBAL,TRNRPOINDEA,ELCINDEA01,,1,2037,,,,,,1.0
InputActivityRatio,B_Opt_IndiaCostsFuel,GLOBAL,TRNRPOINDEA,ELCINDEA01,,1,2038,,,,,,1.0
InputActivityRatio,B_Opt_IndiaCostsFuel,GLOBAL,TRNRPOINDEA,ELCINDEA01,,1,2039,,,,,,1.0
InputActivityRatio,B_Opt_IndiaCostsFuel,GLOBAL,TRNRPOINDEA,ELCINDEA01,,1,2040,,,,,,1.0
InputActivityRatio,B_Opt_IndiaCostsFuel,GLOBAL,TRNRPOINDEA,ELCINDEA01,,1,2041,,,,,,1.0
InputActivityRatio,B_Opt_IndiaCostsFuel,GLOBAL,TRNRPOINDEA,ELCINDEA01,,1,2042,,,,,,1.0
InputActivityRatio,B_Opt_IndiaCostsFuel,GLOBAL,TRNRPOINDEA,ELCINDEA01,,1,2043,,,,,,1.0
InputActivityRatio,B_Opt_IndiaCostsFuel,GLOBAL,TRNRPOINDEA,ELCINDEA01,,1,2044,,,,,,1.0
InputActivityRatio,B_Opt_IndiaCostsFuel,GLOBAL,TRNRPOINDEA,ELCINDEA01,,1,2045,,,,,,1.0
InputActivityRatio,B_Opt_IndiaCostsFuel,GLOBAL,TRNRPOINDEA,ELCINDEA01,,1,2046,,,,,,1.0
InputActivityRatio,B_Opt_IndiaCostsFuel,GLOBAL,TRNRPOINDEA,ELCINDEA01,,1,2047,,,,,,1.0
InputActivityRatio,B_Opt_IndiaCostsFuel,GLOBAL,TRNRPOINDEA,ELCINDEA01,,1,2048,,,,,,1.0
InputActivityRatio,B_Opt_IndiaCostsFuel,GLOBAL,TRNRPOINDEA,ELCINDEA01,,1,2049,,,,,,1.0
InputActivityRatio,B_Opt_IndiaCostsFuel,GLOBAL,TRNRPOINDEA,ELCINDEA01,,1,2050,,,,,,1.0
InputActivityRatio,B_Opt_IndiaCostsFuel,GLOBAL,TRNNLIINDEA,ELCINDEA01,,1,2023,,,,,,1.0
InputActivityRatio,B_Opt_IndiaCostsFuel,GLOBAL,TRNNLIINDEA,ELCINDEA01,,1,2024,,,,,,1.0
InputActivityRatio,B_Opt_IndiaCostsFuel,GLOBAL,TRNNLIINDEA,ELCINDEA01,,1,2025,,,,,,1.0
InputActivityRatio,B_Opt_IndiaCostsFuel,GLOBAL,TRNNLIINDEA,ELCINDEA01,,1,2026,,,,,,1.0
InputActivityRatio,B_Opt_IndiaCostsFuel,GLOBAL,TRNNLIINDEA,ELCINDEA01,,1,2027,,,,,,1.0
InputActivityRatio,B_Opt_IndiaCostsFuel,GLOBAL,TRNNLIINDEA,ELCINDEA01,,1,2028,,,,,,1.0
InputActivityRatio,B_Opt_IndiaCostsFuel,GLOBAL,TRNNLIINDEA,ELCINDEA01,,1,2029,,,,,,1.0
InputActivityRatio,B_Opt_IndiaCostsFuel,GLOBAL,TRNNLIINDEA,ELCINDEA01,,1,2030,,,,,,1.0
InputActivityRatio,B_Opt_IndiaCostsFuel,GLOBAL,TRNNLIINDEA,ELCINDEA01,,1,2031,,,,,,1.0
InputActivityRatio,B_Opt_IndiaCostsFuel,GLOBAL,TRNNLIINDEA,ELCINDEA01,,1,2032,,,,,,1.0
InputActivityRatio,B_Opt_IndiaCostsFuel,GLOBAL,TRNNLIINDEA,ELCINDEA01,,1,2033,,,,,,1.0
InputActivityRatio,B_Opt_IndiaCostsFuel,GLOBAL,TRNNLIINDEA,ELCINDEA01,,1,2034,,,,,,1.0
InputActivityRatio,B_Opt_IndiaCostsFuel,GLOBAL,TRNNLIINDEA,ELCINDEA01,,1,2035,,,,,,1.0
InputActivityRatio,B_Opt_IndiaCostsFuel,GLOBAL,TRNNLIINDEA,ELCINDEA01,,1,2036,,,,,,1.0
InputActivityRatio,B_Opt_IndiaCostsFuel,GLOBAL,TRNNLIINDEA,ELCINDEA01,,1,2037,,,,,,1.0
InputActivityRatio,B_Opt_IndiaCostsFuel,GLOBAL,TRNNLIINDEA,ELCINDEA01,,1,2038,,,,,,1.0
InputActivityRatio,B_Opt_IndiaCostsFuel,GLOBAL,TRNNLIINDEA,ELCINDEA01,,1,2039,,,,,,1.0
InputActivityRatio,B_Opt_IndiaCostsFuel,GLOBAL,TRNNLIINDEA,ELCINDEA01,,1,2040,,,,,,1.0
InputActivityRatio,B_Opt_IndiaCostsFuel,GLOBAL,TRNNLIINDEA,ELCINDEA01,,1,2041,,,,,,1.0
InputActivityRatio,B_Opt_IndiaCostsFuel,GLOBAL,TRNNLIINDEA,ELCINDEA01,,1,2042,,,,,,1.0
InputActivityRatio,B_Opt_IndiaCostsFuel,GLOBAL,TRNNLIINDEA,ELCINDEA01,,1,2043,,,,,,1.0
InputActivityRatio,B_Opt_IndiaCostsFuel,GLOBAL,TRNNLIINDEA,ELCINDEA01,,1,2044,,,,,,1.0
InputActivityRatio,B_Opt_IndiaCostsFuel,GLOBAL,TRNNLIINDEA,ELCINDEA01,,1,2045,,,,,,1.0
InputActivityRatio,B_Opt_IndiaCostsFuel,GLOBAL,TRNNLIINDEA,ELCINDEA01,,1,2046,,,,,,1.0
InputActivityRatio,B_Opt_IndiaCostsFuel,GLOBAL,TRNNLIINDEA,ELCINDEA01,,1,2047,,,,,,1.0
InputActivityRatio,B_Opt_IndiaCostsFuel,GLOBAL,TRNNLIINDEA,ELCINDEA01,,1,2048,,,,,,1.0
InputActivityRatio,B_Opt_IndiaCostsFuel,GLOBAL,TRNNLIINDEA,ELCINDEA01,,1,2049,,,,,,1.0
InputActivityRatio,B_Opt_IndiaCostsFuel,GLOBAL,TRNNLIINDEA,ELCINDEA01,,1,2050,,,,,,1.0
InputActivityRatio,B_Opt_IndiaCostsFuel,GLOBAL,DSPTRNINDEA,ELCINDEA02,,1,2023,,,,,,1.0
InputActivityRatio,B_Opt_IndiaCostsFuel,GLOBAL,DSPTRNINDEA,ELCINDEA02,,1,2024,,,,,,1.0
InputActivityRatio,B_Opt_IndiaCostsFuel,GLOBAL,DSPTRNINDEA,ELCINDEA02,,1,2025,,,,,,1.0
InputActivityRatio,B_Opt_IndiaCostsFuel,GLOBAL,DSPTRNINDEA,ELCINDEA02,,1,2026,,,,,,1.0
InputActivityRatio,B_Opt_IndiaCostsFuel,GLOBAL,DSPTRNINDEA,ELCINDEA02,,1,2027,,,,,,1.0
InputActivityRatio,B_Opt_IndiaCostsFuel,GLOBAL,DSPTRNINDEA,ELCINDEA02,,1,2028,,,,,,1.0
InputActivityRatio,B_Opt_IndiaCostsFuel,GLOBAL,DSPTRNINDEA,ELCINDEA02,,1,2029,,,,,,1.0
InputActivityRatio,B_Opt_IndiaCostsFuel,GLOBAL,DSPTRNINDEA,ELCINDEA02,,1,2030,,,,,,1.0
InputActivityRatio,B_Opt_IndiaCostsFuel,GLOBAL,DSPTRNINDEA,ELCINDEA02,,1,2031,,,,,,1.0
InputActivityRatio,B_Opt_IndiaCostsFuel,GLOBAL,DSPTRNINDEA,ELCINDEA02,,1,2032,,,,,,1.0
InputActivityRatio,B_Opt_IndiaCostsFuel,GLOBAL,DSPTRNINDEA,ELCINDEA02,,1,2033,,,,,,1.0
InputActivityRatio,B_Opt_IndiaCostsFuel,GLOBAL,DSPTRNINDEA,ELCINDEA02,,1,2034,,,,,,1.0
InputActivityRatio,B_Opt_IndiaCostsFuel,GLOBAL,DSPTRNINDEA,ELCINDEA02,,1,2035,,,,,,1.0
InputActivityRatio,B_Opt_IndiaCostsFuel,GLOBAL,DSPTRNINDEA,ELCINDEA02,,1,2036,,,,,,1.0
InputActivityRatio,B_Opt_IndiaCostsFuel,GLOBAL,DSPTRNINDEA,ELCINDEA02,,1,2037,,,,,,1.0
InputActivityRatio,B_Opt_IndiaCostsFuel,GLOBAL,DSPTRNINDEA,ELCINDEA02,,1,2038,,,,,,1.0
InputActivityRatio,B_Opt_IndiaCostsFuel,GLOBAL,DSPTRNINDEA,ELCINDEA02,,1,2039,,,,,,1.0
InputActivityRatio,B_Opt_IndiaCostsFuel,GLOBAL,DSPTRNINDEA,ELCINDEA02,,1,2040,,,,,,1.0
InputActivityRatio,B_Opt_IndiaCostsFuel,GLOBAL,DSPTRNINDEA,ELCINDEA02,,1,2041,,,,,,1.0
InputActivityRatio,B_Opt_IndiaCostsFuel,GLOBAL,DSPTRNINDEA,ELCINDEA02,,1,2042,,,,,,1.0
InputActivityRatio,B_Opt_IndiaCostsFuel,GLOBAL,DSPTRNINDEA,ELCINDEA02,,1,2043,,,,,,1.0
InputActivityRatio,B_Opt_IndiaCostsFuel,GLOBAL,DSPTRNINDEA,ELCINDEA02,,1,2044,,,,,,1.0
InputActivityRatio,B_Opt_IndiaCostsFuel,GLOBAL,DSPTRNINDEA,ELCINDEA02,,1,2045,,,,,,1.0
InputActivityRatio,B_Opt_IndiaCostsFuel,GLOBAL,DSPTRNINDEA,ELCINDEA02,,1,2046,,,,,,1.0
InputActivityRatio,B_Opt_IndiaCostsFuel,GLOBAL,DSPTRNINDEA,ELCINDEA02,,1,2047,,,,,,1.0
InputActivityRatio,B_Opt_IndiaCostsFuel,GLOBAL,DSPTRNINDEA,ELCINDEA02,,1,2048,,,,,,1.0
InputActivityRatio,B_Opt_IndiaCostsFuel,GLOBAL,DSPTRNINDEA,ELCINDEA02,,1,2049,,,,,,1.0
InputActivityRatio,B_Opt_IndiaCostsFuel,GLOBAL,DSPTRNINDEA,ELCINDEA02,,1,2050,,,,,,1.0
InputActivityRatio,B_Opt_IndiaCostsFuel,GLOBAL,DSPTRNINDEA,ELCINDEA04,,2,2023,,,,,,1.0
InputActivityRatio,B_Opt_IndiaCostsFuel,GLOBAL,DSPTRNINDEA,ELCINDEA04,,2,2024,,,,,,1.0
InputActivityRatio,B_Opt_IndiaCostsFuel,GLOBAL,DSPTRNINDEA,ELCINDEA04,,2,2025,,,,,,1.0
InputActivityRatio,B_Opt_IndiaCostsFuel,GLOBAL,DSPTRNINDEA,ELCINDEA04,,2,2026,,,,,,1.0
InputActivityRatio,B_Opt_IndiaCostsFuel,GLOBAL,DSPTRNINDEA,ELCINDEA04,,2,2027,,,,,,1.0
InputActivityRatio,B_Opt_IndiaCostsFuel,GLOBAL,DSPTRNINDEA,ELCINDEA04,,2,2028,,,,,,1.0
InputActivityRatio,B_Opt_IndiaCostsFuel,GLOBAL,DSPTRNINDEA,ELCINDEA04,,2,2029,,,,,,1.0
InputActivityRatio,B_Opt_IndiaCostsFuel,GLOBAL,DSPTRNINDEA,ELCINDEA04,,2,2030,,,,,,1.0
InputActivityRatio,B_Opt_IndiaCostsFuel,GLOBAL,DSPTRNINDEA,ELCINDEA04,,2,2031,,,,,,1.0
InputActivityRatio,B_Opt_IndiaCostsFuel,GLOBAL,DSPTRNINDEA,ELCINDEA04,,2,2032,,,,,,1.0
InputActivityRatio,B_Opt_IndiaCostsFuel,GLOBAL,DSPTRNINDEA,ELCINDEA04,,2,2033,,,,,,1.0
InputActivityRatio,B_Opt_IndiaCostsFuel,GLOBAL,DSPTRNINDEA,ELCINDEA04,,2,2034,,,,,,1.0
InputActivityRatio,B_Opt_IndiaCostsFuel,GLOBAL,DSPTRNINDEA,ELCINDEA04,,2,2035,,,,,,1.0
InputActivityRatio,B_Opt_IndiaCostsFuel,GLOBAL,DSPTRNINDEA,ELCINDEA04,,2,2036,,,,,,1.0
InputActivityRatio,B_Opt_IndiaCostsFuel,GLOBAL,DSPTRNINDEA,ELCINDEA04,,2,2037,,,,,,1.0
InputActivityRatio,B_Opt_IndiaCostsFuel,GLOBAL,DSPTRNINDEA,ELCINDEA04,,2,2038,,,,,,1.0
InputActivityRatio,B_Opt_IndiaCostsFuel,GLOBAL,DSPTRNINDEA,ELCINDEA04,,2,2039,,,,,,1.0
InputActivityRatio,B_Opt_IndiaCostsFuel,GLOBAL,DSPTRNINDEA,ELCINDEA04,,2,2040,,,,,,1.0
InputActivityRatio,B_Opt_IndiaCostsFuel,GLOBAL,DSPTRNINDEA,ELCINDEA04,,2,2041,,,,,,1.0
InputActivityRatio,B_Opt_IndiaCostsFuel,GLOBAL,DSPTRNINDEA,ELCINDEA04,,2,2042,,,,,,1.0
InputActivityRatio,B_Opt_IndiaCostsFuel,GLOBAL,DSPTRNINDEA,ELCINDEA04,,2,2043,,,,,,1.0
InputActivityRatio,B_Opt_IndiaCostsFuel,GLOBAL,DSPTRNINDEA,ELCINDEA04,,2,2044,,,,,,1.0
InputActivityRatio,B_Opt_IndiaCostsFuel,GLOBAL,DSPTRNINDEA,ELCINDEA04,,2,2045,,,,,,1.0
InputActivityRatio,B_Opt_IndiaCostsFuel,GLOBAL,DSPTRNINDEA,ELCINDEA04,,2,2046,,,,,,1.0
InputActivityRatio,B_Opt_IndiaCostsFuel,GLOBAL,DSPTRNINDEA,ELCINDEA04,,2,2047,,,,,,1.0
InputActivityRatio,B_Opt_IndiaCostsFuel,GLOBAL,DSPTRNINDEA,ELCINDEA04,,2,2048,,,,,,1.0
InputActivityRatio,B_Opt_IndiaCostsFuel,GLOBAL,DSPTRNINDEA,ELCINDEA04,,2,2049,,,,,,1.0
InputActivityRatio,B_Opt_IndiaCostsFuel,GLOBAL,DSPTRNINDEA,ELCINDEA04,,2,2050,,,,,,1.0
InputActivityRatio,B_Opt_IndiaCostsFuel,GLOBAL,RNWTRNINDNE,ELCINDNE00,,1,2023,,,,,,1.0
InputActivityRatio,B_Opt_IndiaCostsFuel,GLOBAL,RNWTRNINDNE,ELCINDNE00,,1,2024,,,,,,1.0
InputActivityRatio,B_Opt_IndiaCostsFuel,GLOBAL,RNWTRNINDNE,ELCINDNE00,,1,2025,,,,,,1.0
InputActivityRatio,B_Opt_IndiaCostsFuel,GLOBAL,RNWTRNINDNE,ELCINDNE00,,1,2026,,,,,,1.0
InputActivityRatio,B_Opt_IndiaCostsFuel,GLOBAL,RNWTRNINDNE,ELCINDNE00,,1,2027,,,,,,1.0
InputActivityRatio,B_Opt_IndiaCostsFuel,GLOBAL,RNWTRNINDNE,ELCINDNE00,,1,2028,,,,,,1.0
InputActivityRatio,B_Opt_IndiaCostsFuel,GLOBAL,RNWTRNINDNE,ELCINDNE00,,1,2029,,,,,,1.0
InputActivityRatio,B_Opt_IndiaCostsFuel,GLOBAL,RNWTRNINDNE,ELCINDNE00,,1,2030,,,,,,1.0
InputActivityRatio,B_Opt_IndiaCostsFuel,GLOBAL,RNWTRNINDNE,ELCINDNE00,,1,2031,,,,,,1.0
InputActivityRatio,B_Opt_IndiaCostsFuel,GLOBAL,RNWTRNINDNE,ELCINDNE00,,1,2032,,,,,,1.0
InputActivityRatio,B_Opt_IndiaCostsFuel,GLOBAL,RNWTRNINDNE,ELCINDNE00,,1,2033,,,,,,1.0
InputActivityRatio,B_Opt_IndiaCostsFuel,GLOBAL,RNWTRNINDNE,ELCINDNE00,,1,2034,,,,,,1.0
InputActivityRatio,B_Opt_IndiaCostsFuel,GLOBAL,RNWTRNINDNE,ELCINDNE00,,1,2035,,,,,,1.0
InputActivityRatio,B_Opt_IndiaCostsFuel,GLOBAL,RNWTRNINDNE,ELCINDNE00,,1,2036,,,,,,1.0
InputActivityRatio,B_Opt_IndiaCostsFuel,GLOBAL,RNWTRNINDNE,ELCINDNE00,,1,2037,,,,,,1.0
InputActivityRatio,B_Opt_IndiaCostsFuel,GLOBAL,RNWTRNINDNE,ELCINDNE00,,1,2038,,,,,,1.0
InputActivityRatio,B_Opt_IndiaCostsFuel,GLOBAL,RNWTRNINDNE,ELCINDNE00,,1,2039,,,,,,1.0
InputActivityRatio,B_Opt_IndiaCostsFuel,GLOBAL,RNWTRNINDNE,ELCINDNE00,,1,2040,,,,,,1.0
InputActivityRatio,B_Opt_IndiaCostsFuel,GLOBAL,RNWTRNINDNE,ELCINDNE00,,1,2041,,,,,,1.0
InputActivityRatio,B_Opt_IndiaCostsFuel,GLOBAL,RNWTRNINDNE,ELCINDNE00,,1,2042,,,,,,1.0
InputActivityRatio,B_Opt_IndiaCostsFuel,GLOBAL,RNWTRNINDNE,ELCINDNE00,,1,2043,,,,,,1.0
InputActivityRatio,B_Opt_IndiaCostsFuel,GLOBAL,RNWTRNINDNE,ELCINDNE00,,1,2044,,,,,,1.0
InputActivityRatio,B_Opt_IndiaCostsFuel,GLOBAL,RNWTRNINDNE,ELCINDNE00,,1,2045,,,,,,1.0
InputActivityRatio,B_Opt_IndiaCostsFuel,GLOBAL,RNWTRNINDNE,ELCINDNE00,,1,2046,,,,,,1.0
InputActivityRatio,B_Opt_IndiaCostsFuel,GLOBAL,RNWTRNINDNE,ELCINDNE00,,1,2047,,,,,,1.0
InputActivityRatio,B_Opt_IndiaCostsFuel,GLOBAL,RNWTRNINDNE,ELCINDNE00,,1,2048,,,,,,1.0
InputActivityRatio,B_Opt_IndiaCostsFuel,GLOBAL,RNWTRNINDNE,ELCINDNE00,,1,2049,,,,,,1.0
InputActivityRatio,B_Opt_IndiaCostsFuel,GLOBAL,RNWTRNINDNE,ELCINDNE00,,1,2050,,,,,,1.0
InputActivityRatio,B_Opt_IndiaCostsFuel,GLOBAL,RNWRPOINDNE,ELCINDNE00,,1,2023,,,,,,1.0
InputActivityRatio,B_Opt_IndiaCostsFuel,GLOBAL,RNWRPOINDNE,ELCINDNE00,,1,2024,,,,,,1.0
InputActivityRatio,B_Opt_IndiaCostsFuel,GLOBAL,RNWRPOINDNE,ELCINDNE00,,1,2025,,,,,,1.0
InputActivityRatio,B_Opt_IndiaCostsFuel,GLOBAL,RNWRPOINDNE,ELCINDNE00,,1,2026,,,,,,1.0
InputActivityRatio,B_Opt_IndiaCostsFuel,GLOBAL,RNWRPOINDNE,ELCINDNE00,,1,2027,,,,,,1.0
InputActivityRatio,B_Opt_IndiaCostsFuel,GLOBAL,RNWRPOINDNE,ELCINDNE00,,1,2028,,,,,,1.0
InputActivityRatio,B_Opt_IndiaCostsFuel,GLOBAL,RNWRPOINDNE,ELCINDNE00,,1,2029,,,,,,1.0
InputActivityRatio,B_Opt_IndiaCostsFuel,GLOBAL,RNWRPOINDNE,ELCINDNE00,,1,2030,,,,,,1.0
InputActivityRatio,B_Opt_IndiaCostsFuel,GLOBAL,RNWRPOINDNE,ELCINDNE00,,1,2031,,,,,,1.0
InputActivityRatio,B_Opt_IndiaCostsFuel,GLOBAL,RNWRPOINDNE,ELCINDNE00,,1,2032,,,,,,1.0
InputActivityRatio,B_Opt_IndiaCostsFuel,GLOBAL,RNWRPOINDNE,ELCINDNE00,,1,2033,,,,,,1.0
InputActivityRatio,B_Opt_IndiaCostsFuel,GLOBAL,RNWRPOINDNE,ELCINDNE00,,1,2034,,,,,,1.0
InputActivityRatio,B_Opt_IndiaCostsFuel,GLOBAL,RNWRPOINDNE,ELCINDNE00,,1,2035,,,,,,1.0
InputActivityRatio,B_Opt_IndiaCostsFuel,GLOBAL,RNWRPOINDNE,ELCINDNE00,,1,2036,,,,,,1.0
InputActivityRatio,B_Opt_IndiaCostsFuel,GLOBAL,RNWRPOINDNE,ELCINDNE00,,1,2037,,,,,,1.0
InputActivityRatio,B_Opt_IndiaCostsFuel,GLOBAL,RNWRPOINDNE,ELCINDNE00,,1,2038,,,,,,1.0
InputActivityRatio,B_Opt_IndiaCostsFuel,GLOBAL,RNWRPOINDNE,ELCINDNE00,,1,2039,,,,,,1.0
InputActivityRatio,B_Opt_IndiaCostsFuel,GLOBAL,RNWRPOINDNE,ELCINDNE00,,1,2040,,,,,,1.0
InputActivityRatio,B_Opt_IndiaCostsFuel,GLOBAL,RNWRPOINDNE,ELCINDNE00,,1,2041,,,,,,1.0
InputActivityRatio,B_Opt_IndiaCostsFuel,GLOBAL,RNWRPOINDNE,ELCINDNE00,,1,2042,,,,,,1.0
InputActivityRatio,B_Opt_IndiaCostsFuel,GLOBAL,RNWRPOINDNE,ELCINDNE00,,1,2043,,,,,,1.0
InputActivityRatio,B_Opt_IndiaCostsFuel,GLOBAL,RNWRPOINDNE,ELCINDNE00,,1,2044,,,,,,1.0
InputActivityRatio,B_Opt_IndiaCostsFuel,GLOBAL,RNWRPOINDNE,ELCINDNE00,,1,2045,,,,,,1.0
InputActivityRatio,B_Opt_IndiaCostsFuel,GLOBAL,RNWRPOINDNE,ELCINDNE00,,1,2046,,,,,,1.0
InputActivityRatio,B_Opt_IndiaCostsFuel,GLOBAL,RNWRPOINDNE,ELCINDNE00,,1,2047,,,,,,1.0
InputActivityRatio,B_Opt_IndiaCostsFuel,GLOBAL,RNWRPOINDNE,ELCINDNE00,,1,2048,,,,,,1.0
InputActivityRatio,B_Opt_IndiaCostsFuel,GLOBAL,RNWRPOINDNE,ELCINDNE00,,1,2049,,,,,,1.0
InputActivityRatio,B_Opt_IndiaCostsFuel,GLOBAL,RNWRPOINDNE,ELCINDNE00,,1,2050,,,,,,1.0
InputActivityRatio,B_Opt_IndiaCostsFuel,GLOBAL,RNWNLIINDNE,ELCINDNE00,,1,2023,,,,,,1.0
InputActivityRatio,B_Opt_IndiaCostsFuel,GLOBAL,RNWNLIINDNE,ELCINDNE00,,1,2024,,,,,,1.0
InputActivityRatio,B_Opt_IndiaCostsFuel,GLOBAL,RNWNLIINDNE,ELCINDNE00,,1,2025,,,,,,1.0
InputActivityRatio,B_Opt_IndiaCostsFuel,GLOBAL,RNWNLIINDNE,ELCINDNE00,,1,2026,,,,,,1.0
InputActivityRatio,B_Opt_IndiaCostsFuel,GLOBAL,RNWNLIINDNE,ELCINDNE00,,1,2027,,,,,,1.0
InputActivityRatio,B_Opt_IndiaCostsFuel,GLOBAL,RNWNLIINDNE,ELCINDNE00,,1,2028,,,,,,1.0
InputActivityRatio,B_Opt_IndiaCostsFuel,GLOBAL,RNWNLIINDNE,ELCINDNE00,,1,2029,,,,,,1.0
InputActivityRatio,B_Opt_IndiaCostsFuel,GLOBAL,RNWNLIINDNE,ELCINDNE00,,1,2030,,,,,,1.0
InputActivityRatio,B_Opt_IndiaCostsFuel,GLOBAL,RNWNLIINDNE,ELCINDNE00,,1,2031,,,,,,1.0
InputActivityRatio,B_Opt_IndiaCostsFuel,GLOBAL,RNWNLIINDNE,ELCINDNE00,,1,2032,,,,,,1.0
InputActivityRatio,B_Opt_IndiaCostsFuel,GLOBAL,RNWNLIINDNE,ELCINDNE00,,1,2033,,,,,,1.0
InputActivityRatio,B_Opt_IndiaCostsFuel,GLOBAL,RNWNLIINDNE,ELCINDNE00,,1,2034,,,,,,1.0
InputActivityRatio,B_Opt_IndiaCostsFuel,GLOBAL,RNWNLIINDNE,ELCINDNE00,,1,2035,,,,,,1.0
InputActivityRatio,B_Opt_IndiaCostsFuel,GLOBAL,RNWNLIINDNE,ELCINDNE00,,1,2036,,,,,,1.0
InputActivityRatio,B_Opt_IndiaCostsFuel,GLOBAL,RNWNLIINDNE,ELCINDNE00,,1,2037,,,,,,1.0
InputActivityRatio,B_Opt_IndiaCostsFuel,GLOBAL,RNWNLIINDNE,ELCINDNE00,,1,2038,,,,,,1.0
InputActivityRatio,B_Opt_IndiaCostsFuel,GLOBAL,RNWNLIINDNE,ELCINDNE00,,1,2039,,,,,,1.0
InputActivityRatio,B_Opt_IndiaCostsFuel,GLOBAL,RNWNLIINDNE,ELCINDNE00,,1,2040,,,,,,1.0
InputActivityRatio,B_Opt_IndiaCostsFuel,GLOBAL,RNWNLIINDNE,ELCINDNE00,,1,2041,,,,,,1.0
InputActivityRatio,B_Opt_IndiaCostsFuel,GLOBAL,RNWNLIINDNE,ELCINDNE00,,1,2042,,,,,,1.0
InputActivityRatio,B_Opt_IndiaCostsFuel,GLOBAL,RNWNLIINDNE,ELCINDNE00,,1,2043,,,,,,1.0
InputActivityRatio,B_Opt_IndiaCostsFuel,GLOBAL,RNWNLIINDNE,ELCINDNE00,,1,2044,,,,,,1.0
InputActivityRatio,B_Opt_IndiaCostsFuel,GLOBAL,RNWNLIINDNE,ELCINDNE00,,1,2045,,,,,,1.0
InputActivityRatio,B_Opt_IndiaCostsFuel,GLOBAL,RNWNLIINDNE,ELCINDNE00,,1,2046,,,,,,1.0
InputActivityRatio,B_Opt_IndiaCostsFuel,GLOBAL,RNWNLIINDNE,ELCINDNE00,,1,2047,,,,,,1.0
InputActivityRatio,B_Opt_IndiaCostsFuel,GLOBAL,RNWNLIINDNE,ELCINDNE00,,1,2048,,,,,,1.0
InputActivityRatio,B_Opt_IndiaCostsFuel,GLOBAL,RNWNLIINDNE,ELCINDNE00,,1,2049,,,,,,1.0
InputActivityRatio,B_Opt_IndiaCostsFuel,GLOBAL,RNWNLIINDNE,ELCINDNE00,,1,2050,,,,,,1.0
InputActivityRatio,B_Opt_IndiaCostsFuel,GLOBAL,PWRTRNINDNE,ELCINDNE01,,1,2023,,,,,,1.0
InputActivityRatio,B_Opt_IndiaCostsFuel,GLOBAL,PWRTRNINDNE,ELCINDNE01,,1,2024,,,,,,1.0
InputActivityRatio,B_Opt_IndiaCostsFuel,GLOBAL,PWRTRNINDNE,ELCINDNE01,,1,2025,,,,,,1.0
InputActivityRatio,B_Opt_IndiaCostsFuel,GLOBAL,PWRTRNINDNE,ELCINDNE01,,1,2026,,,,,,1.0
InputActivityRatio,B_Opt_IndiaCostsFuel,GLOBAL,PWRTRNINDNE,ELCINDNE01,,1,2027,,,,,,1.0
InputActivityRatio,B_Opt_IndiaCostsFuel,GLOBAL,PWRTRNINDNE,ELCINDNE01,,1,2028,,,,,,1.0
InputActivityRatio,B_Opt_IndiaCostsFuel,GLOBAL,PWRTRNINDNE,ELCINDNE01,,1,2029,,,,,,1.0
InputActivityRatio,B_Opt_IndiaCostsFuel,GLOBAL,PWRTRNINDNE,ELCINDNE01,,1,2030,,,,,,1.0
InputActivityRatio,B_Opt_IndiaCostsFuel,GLOBAL,PWRTRNINDNE,ELCINDNE01,,1,2031,,,,,,1.0
InputActivityRatio,B_Opt_IndiaCostsFuel,GLOBAL,PWRTRNINDNE,ELCINDNE01,,1,2032,,,,,,1.0
InputActivityRatio,B_Opt_IndiaCostsFuel,GLOBAL,PWRTRNINDNE,ELCINDNE01,,1,2033,,,,,,1.0
InputActivityRatio,B_Opt_IndiaCostsFuel,GLOBAL,PWRTRNINDNE,ELCINDNE01,,1,2034,,,,,,1.0
InputActivityRatio,B_Opt_IndiaCostsFuel,GLOBAL,PWRTRNINDNE,ELCINDNE01,,1,2035,,,,,,1.0
InputActivityRatio,B_Opt_IndiaCostsFuel,GLOBAL,PWRTRNINDNE,ELCINDNE01,,1,2036,,,,,,1.0
InputActivityRatio,B_Opt_IndiaCostsFuel,GLOBAL,PWRTRNINDNE,ELCINDNE01,,1,2037,,,,,,1.0
InputActivityRatio,B_Opt_IndiaCostsFuel,GLOBAL,PWRTRNINDNE,ELCINDNE01,,1,2038,,,,,,1.0
InputActivityRatio,B_Opt_IndiaCostsFuel,GLOBAL,PWRTRNINDNE,ELCINDNE01,,1,2039,,,,,,1.0
InputActivityRatio,B_Opt_IndiaCostsFuel,GLOBAL,PWRTRNINDNE,ELCINDNE01,,1,2040,,,,,,1.0
InputActivityRatio,B_Opt_IndiaCostsFuel,GLOBAL,PWRTRNINDNE,ELCINDNE01,,1,2041,,,,,,1.0
InputActivityRatio,B_Opt_IndiaCostsFuel,GLOBAL,PWRTRNINDNE,ELCINDNE01,,1,2042,,,,,,1.0
InputActivityRatio,B_Opt_IndiaCostsFuel,GLOBAL,PWRTRNINDNE,ELCINDNE01,,1,2043,,,,,,1.0
InputActivityRatio,B_Opt_IndiaCostsFuel,GLOBAL,PWRTRNINDNE,ELCINDNE01,,1,2044,,,,,,1.0
InputActivityRatio,B_Opt_IndiaCostsFuel,GLOBAL,PWRTRNINDNE,ELCINDNE01,,1,2045,,,,,,1.0
InputActivityRatio,B_Opt_IndiaCostsFuel,GLOBAL,PWRTRNINDNE,ELCINDNE01,,1,2046,,,,,,1.0
InputActivityRatio,B_Opt_IndiaCostsFuel,GLOBAL,PWRTRNINDNE,ELCINDNE01,,1,2047,,,,,,1.0
InputActivityRatio,B_Opt_IndiaCostsFuel,GLOBAL,PWRTRNINDNE,ELCINDNE01,,1,2048,,,,,,1.0
InputActivityRatio,B_Opt_IndiaCostsFuel,GLOBAL,PWRTRNINDNE,ELCINDNE01,,1,2049,,,,,,1.0
InputActivityRatio,B_Opt_IndiaCostsFuel,GLOBAL,PWRTRNINDNE,ELCINDNE01,,1,2050,,,,,,1.0
InputActivityRatio,B_Opt_IndiaCostsFuel,GLOBAL,TRNRPOINDNE,ELCINDNE01,,1,2023,,,,,,1.0
InputActivityRatio,B_Opt_IndiaCostsFuel,GLOBAL,TRNRPOINDNE,ELCINDNE01,,1,2024,,,,,,1.0
InputActivityRatio,B_Opt_IndiaCostsFuel,GLOBAL,TRNRPOINDNE,ELCINDNE01,,1,2025,,,,,,1.0
InputActivityRatio,B_Opt_IndiaCostsFuel,GLOBAL,TRNRPOINDNE,ELCINDNE01,,1,2026,,,,,,1.0
InputActivityRatio,B_Opt_IndiaCostsFuel,GLOBAL,TRNRPOINDNE,ELCINDNE01,,1,2027,,,,,,1.0
InputActivityRatio,B_Opt_IndiaCostsFuel,GLOBAL,TRNRPOINDNE,ELCINDNE01,,1,2028,,,,,,1.0
InputActivityRatio,B_Opt_IndiaCostsFuel,GLOBAL,TRNRPOINDNE,ELCINDNE01,,1,2029,,,,,,1.0
InputActivityRatio,B_Opt_IndiaCostsFuel,GLOBAL,TRNRPOINDNE,ELCINDNE01,,1,2030,,,,,,1.0
InputActivityRatio,B_Opt_IndiaCostsFuel,GLOBAL,TRNRPOINDNE,ELCINDNE01,,1,2031,,,,,,1.0
InputActivityRatio,B_Opt_IndiaCostsFuel,GLOBAL,TRNRPOINDNE,ELCINDNE01,,1,2032,,,,,,1.0
InputActivityRatio,B_Opt_IndiaCostsFuel,GLOBAL,TRNRPOINDNE,ELCINDNE01,,1,2033,,,,,,1.0
InputActivityRatio,B_Opt_IndiaCostsFuel,GLOBAL,TRNRPOINDNE,ELCINDNE01,,1,2034,,,,,,1.0
InputActivityRatio,B_Opt_IndiaCostsFuel,GLOBAL,TRNRPOINDNE,ELCINDNE01,,1,2035,,,,,,1.0
InputActivityRatio,B_Opt_IndiaCostsFuel,GLOBAL,TRNRPOINDNE,ELCINDNE01,,1,2036,,,,,,1.0
InputActivityRatio,B_Opt_IndiaCostsFuel,GLOBAL,TRNRPOINDNE,ELCINDNE01,,1,2037,,,,,,1.0
InputActivityRatio,B_Opt_IndiaCostsFuel,GLOBAL,TRNRPOINDNE,ELCINDNE01,,1,2038,,,,,,1.0
InputActivityRatio,B_Opt_IndiaCostsFuel,GLOBAL,TRNRPOINDNE,ELCINDNE01,,1,2039,,,,,,1.0
InputActivityRatio,B_Opt_IndiaCostsFuel,GLOBAL,TRNRPOINDNE,ELCINDNE01,,1,2040,,,,,,1.0
InputActivityRatio,B_Opt_IndiaCostsFuel,GLOBAL,TRNRPOINDNE,ELCINDNE01,,1,2041,,,,,,1.0
InputActivityRatio,B_Opt_IndiaCostsFuel,GLOBAL,TRNRPOINDNE,ELCINDNE01,,1,2042,,,,,,1.0
InputActivityRatio,B_Opt_IndiaCostsFuel,GLOBAL,TRNRPOINDNE,ELCINDNE01,,1,2043,,,,,,1.0
InputActivityRatio,B_Opt_IndiaCostsFuel,GLOBAL,TRNRPOINDNE,ELCINDNE01,,1,2044,,,,,,1.0
InputActivityRatio,B_Opt_IndiaCostsFuel,GLOBAL,TRNRPOINDNE,ELCINDNE01,,1,2045,,,,,,1.0
InputActivityRatio,B_Opt_IndiaCostsFuel,GLOBAL,TRNRPOINDNE,ELCINDNE01,,1,2046,,,,,,1.0
InputActivityRatio,B_Opt_IndiaCostsFuel,GLOBAL,TRNRPOINDNE,ELCINDNE01,,1,2047,,,,,,1.0
InputActivityRatio,B_Opt_IndiaCostsFuel,GLOBAL,TRNRPOINDNE,ELCINDNE01,,1,2048,,,,,,1.0
InputActivityRatio,B_Opt_IndiaCostsFuel,GLOBAL,TRNRPOINDNE,ELCINDNE01,,1,2049,,,,,,1.0
InputActivityRatio,B_Opt_IndiaCostsFuel,GLOBAL,TRNRPOINDNE,ELCINDNE01,,1,2050,,,,,,1.0
InputActivityRatio,B_Opt_IndiaCostsFuel,GLOBAL,TRNNLIINDNE,ELCINDNE01,,1,2023,,,,,,1.0
InputActivityRatio,B_Opt_IndiaCostsFuel,GLOBAL,TRNNLIINDNE,ELCINDNE01,,1,2024,,,,,,1.0
InputActivityRatio,B_Opt_IndiaCostsFuel,GLOBAL,TRNNLIINDNE,ELCINDNE01,,1,2025,,,,,,1.0
InputActivityRatio,B_Opt_IndiaCostsFuel,GLOBAL,TRNNLIINDNE,ELCINDNE01,,1,2026,,,,,,1.0
InputActivityRatio,B_Opt_IndiaCostsFuel,GLOBAL,TRNNLIINDNE,ELCINDNE01,,1,2027,,,,,,1.0
InputActivityRatio,B_Opt_IndiaCostsFuel,GLOBAL,TRNNLIINDNE,ELCINDNE01,,1,2028,,,,,,1.0
InputActivityRatio,B_Opt_IndiaCostsFuel,GLOBAL,TRNNLIINDNE,ELCINDNE01,,1,2029,,,,,,1.0
InputActivityRatio,B_Opt_IndiaCostsFuel,GLOBAL,TRNNLIINDNE,ELCINDNE01,,1,2030,,,,,,1.0
InputActivityRatio,B_Opt_IndiaCostsFuel,GLOBAL,TRNNLIINDNE,ELCINDNE01,,1,2031,,,,,,1.0
InputActivityRatio,B_Opt_IndiaCostsFuel,GLOBAL,TRNNLIINDNE,ELCINDNE01,,1,2032,,,,,,1.0
InputActivityRatio,B_Opt_IndiaCostsFuel,GLOBAL,TRNNLIINDNE,ELCINDNE01,,1,2033,,,,,,1.0
InputActivityRatio,B_Opt_IndiaCostsFuel,GLOBAL,TRNNLIINDNE,ELCINDNE01,,1,2034,,,,,,1.0
InputActivityRatio,B_Opt_IndiaCostsFuel,GLOBAL,TRNNLIINDNE,ELCINDNE01,,1,2035,,,,,,1.0
InputActivityRatio,B_Opt_IndiaCostsFuel,GLOBAL,TRNNLIINDNE,ELCINDNE01,,1,2036,,,,,,1.0
InputActivityRatio,B_Opt_IndiaCostsFuel,GLOBAL,TRNNLIINDNE,ELCINDNE01,,1,2037,,,,,,1.0
InputActivityRatio,B_Opt_IndiaCostsFuel,GLOBAL,TRNNLIINDNE,ELCINDNE01,,1,2038,,,,,,1.0
InputActivityRatio,B_Opt_IndiaCostsFuel,GLOBAL,TRNNLIINDNE,ELCINDNE01,,1,2039,,,,,,1.0
InputActivityRatio,B_Opt_IndiaCostsFuel,GLOBAL,TRNNLIINDNE,ELCINDNE01,,1,2040,,,,,,1.0
InputActivityRatio,B_Opt_IndiaCostsFuel,GLOBAL,TRNNLIINDNE,ELCINDNE01,,1,2041,,,,,,1.0
InputActivityRatio,B_Opt_IndiaCostsFuel,GLOBAL,TRNNLIINDNE,ELCINDNE01,,1,2042,,,,,,1.0
InputActivityRatio,B_Opt_IndiaCostsFuel,GLOBAL,TRNNLIINDNE,ELCINDNE01,,1,2043,,,,,,1.0
InputActivityRatio,B_Opt_IndiaCostsFuel,GLOBAL,TRNNLIINDNE,ELCINDNE01,,1,2044,,,,,,1.0
InputActivityRatio,B_Opt_IndiaCostsFuel,GLOBAL,TRNNLIINDNE,ELCINDNE01,,1,2045,,,,,,1.0
InputActivityRatio,B_Opt_IndiaCostsFuel,GLOBAL,TRNNLIINDNE,ELCINDNE01,,1,2046,,,,,,1.0
InputActivityRatio,B_Opt_IndiaCostsFuel,GLOBAL,TRNNLIINDNE,ELCINDNE01,,1,2047,,,,,,1.0
InputActivityRatio,B_Opt_IndiaCostsFuel,GLOBAL,TRNNLIINDNE,ELCINDNE01,,1,2048,,,,,,1.0
InputActivityRatio,B_Opt_IndiaCostsFuel,GLOBAL,TRNNLIINDNE,ELCINDNE01,,1,2049,,,,,,1.0
InputActivityRatio,B_Opt_IndiaCostsFuel,GLOBAL,TRNNLIINDNE,ELCINDNE01,,1,2050,,,,,,1.0
InputActivityRatio,B_Opt_IndiaCostsFuel,GLOBAL,DSPTRNINDNE,ELCINDNE02,,1,2023,,,,,,1.0
InputActivityRatio,B_Opt_IndiaCostsFuel,GLOBAL,DSPTRNINDNE,ELCINDNE02,,1,2024,,,,,,1.0
InputActivityRatio,B_Opt_IndiaCostsFuel,GLOBAL,DSPTRNINDNE,ELCINDNE02,,1,2025,,,,,,1.0
InputActivityRatio,B_Opt_IndiaCostsFuel,GLOBAL,DSPTRNINDNE,ELCINDNE02,,1,2026,,,,,,1.0
InputActivityRatio,B_Opt_IndiaCostsFuel,GLOBAL,DSPTRNINDNE,ELCINDNE02,,1,2027,,,,,,1.0
InputActivityRatio,B_Opt_IndiaCostsFuel,GLOBAL,DSPTRNINDNE,ELCINDNE02,,1,2028,,,,,,1.0
InputActivityRatio,B_Opt_IndiaCostsFuel,GLOBAL,DSPTRNINDNE,ELCINDNE02,,1,2029,,,,,,1.0
InputActivityRatio,B_Opt_IndiaCostsFuel,GLOBAL,DSPTRNINDNE,ELCINDNE02,,1,2030,,,,,,1.0
InputActivityRatio,B_Opt_IndiaCostsFuel,GLOBAL,DSPTRNINDNE,ELCINDNE02,,1,2031,,,,,,1.0
InputActivityRatio,B_Opt_IndiaCostsFuel,GLOBAL,DSPTRNINDNE,ELCINDNE02,,1,2032,,,,,,1.0
InputActivityRatio,B_Opt_IndiaCostsFuel,GLOBAL,DSPTRNINDNE,ELCINDNE02,,1,2033,,,,,,1.0
InputActivityRatio,B_Opt_IndiaCostsFuel,GLOBAL,DSPTRNINDNE,ELCINDNE02,,1,2034,,,,,,1.0
InputActivityRatio,B_Opt_IndiaCostsFuel,GLOBAL,DSPTRNINDNE,ELCINDNE02,,1,2035,,,,,,1.0
InputActivityRatio,B_Opt_IndiaCostsFuel,GLOBAL,DSPTRNINDNE,ELCINDNE02,,1,2036,,,,,,1.0
InputActivityRatio,B_Opt_IndiaCostsFuel,GLOBAL,DSPTRNINDNE,ELCINDNE02,,1,2037,,,,,,1.0
InputActivityRatio,B_Opt_IndiaCostsFuel,GLOBAL,DSPTRNINDNE,ELCINDNE02,,1,2038,,,,,,1.0
InputActivityRatio,B_Opt_IndiaCostsFuel,GLOBAL,DSPTRNINDNE,ELCINDNE02,,1,2039,,,,,,1.0
InputActivityRatio,B_Opt_IndiaCostsFuel,GLOBAL,DSPTRNINDNE,ELCINDNE02,,1,2040,,,,,,1.0
InputActivityRatio,B_Opt_IndiaCostsFuel,GLOBAL,DSPTRNINDNE,ELCINDNE02,,1,2041,,,,,,1.0
InputActivityRatio,B_Opt_IndiaCostsFuel,GLOBAL,DSPTRNINDNE,ELCINDNE02,,1,2042,,,,,,1.0
InputActivityRatio,B_Opt_IndiaCostsFuel,GLOBAL,DSPTRNINDNE,ELCINDNE02,,1,2043,,,,,,1.0
InputActivityRatio,B_Opt_IndiaCostsFuel,GLOBAL,DSPTRNINDNE,ELCINDNE02,,1,2044,,,,,,1.0
InputActivityRatio,B_Opt_IndiaCostsFuel,GLOBAL,DSPTRNINDNE,ELCINDNE02,,1,2045,,,,,,1.0
InputActivityRatio,B_Opt_IndiaCostsFuel,GLOBAL,DSPTRNINDNE,ELCINDNE02,,1,2046,,,,,,1.0
InputActivityRatio,B_Opt_IndiaCostsFuel,GLOBAL,DSPTRNINDNE,ELCINDNE02,,1,2047,,,,,,1.0
InputActivityRatio,B_Opt_IndiaCostsFuel,GLOBAL,DSPTRNINDNE,ELCINDNE02,,1,2048,,,,,,1.0
InputActivityRatio,B_Opt_IndiaCostsFuel,GLOBAL,DSPTRNINDNE,ELCINDNE02,,1,2049,,,,,,1.0
InputActivityRatio,B_Opt_IndiaCostsFuel,GLOBAL,DSPTRNINDNE,ELCINDNE02,,1,2050,,,,,,1.0
InputActivityRatio,B_Opt_IndiaCostsFuel,GLOBAL,DSPTRNINDNE,ELCINDNE04,,2,2023,,,,,,1.0
InputActivityRatio,B_Opt_IndiaCostsFuel,GLOBAL,DSPTRNINDNE,ELCINDNE04,,2,2024,,,,,,1.0
InputActivityRatio,B_Opt_IndiaCostsFuel,GLOBAL,DSPTRNINDNE,ELCINDNE04,,2,2025,,,,,,1.0
InputActivityRatio,B_Opt_IndiaCostsFuel,GLOBAL,DSPTRNINDNE,ELCINDNE04,,2,2026,,,,,,1.0
InputActivityRatio,B_Opt_IndiaCostsFuel,GLOBAL,DSPTRNINDNE,ELCINDNE04,,2,2027,,,,,,1.0
InputActivityRatio,B_Opt_IndiaCostsFuel,GLOBAL,DSPTRNINDNE,ELCINDNE04,,2,2028,,,,,,1.0
InputActivityRatio,B_Opt_IndiaCostsFuel,GLOBAL,DSPTRNINDNE,ELCINDNE04,,2,2029,,,,,,1.0
InputActivityRatio,B_Opt_IndiaCostsFuel,GLOBAL,DSPTRNINDNE,ELCINDNE04,,2,2030,,,,,,1.0
InputActivityRatio,B_Opt_IndiaCostsFuel,GLOBAL,DSPTRNINDNE,ELCINDNE04,,2,2031,,,,,,1.0
InputActivityRatio,B_Opt_IndiaCostsFuel,GLOBAL,DSPTRNINDNE,ELCINDNE04,,2,2032,,,,,,1.0
InputActivityRatio,B_Opt_IndiaCostsFuel,GLOBAL,DSPTRNINDNE,ELCINDNE04,,2,2033,,,,,,1.0
InputActivityRatio,B_Opt_IndiaCostsFuel,GLOBAL,DSPTRNINDNE,ELCINDNE04,,2,2034,,,,,,1.0
InputActivityRatio,B_Opt_IndiaCostsFuel,GLOBAL,DSPTRNINDNE,ELCINDNE04,,2,2035,,,,,,1.0
InputActivityRatio,B_Opt_IndiaCostsFuel,GLOBAL,DSPTRNINDNE,ELCINDNE04,,2,2036,,,,,,1.0
InputActivityRatio,B_Opt_IndiaCostsFuel,GLOBAL,DSPTRNINDNE,ELCINDNE04,,2,2037,,,,,,1.0
InputActivityRatio,B_Opt_IndiaCostsFuel,GLOBAL,DSPTRNINDNE,ELCINDNE04,,2,2038,,,,,,1.0
InputActivityRatio,B_Opt_IndiaCostsFuel,GLOBAL,DSPTRNINDNE,ELCINDNE04,,2,2039,,,,,,1.0
InputActivityRatio,B_Opt_IndiaCostsFuel,GLOBAL,DSPTRNINDNE,ELCINDNE04,,2,2040,,,,,,1.0
InputActivityRatio,B_Opt_IndiaCostsFuel,GLOBAL,DSPTRNINDNE,ELCINDNE04,,2,2041,,,,,,1.0
InputActivityRatio,B_Opt_IndiaCostsFuel,GLOBAL,DSPTRNINDNE,ELCINDNE04,,2,2042,,,,,,1.0
InputActivityRatio,B_Opt_IndiaCostsFuel,GLOBAL,DSPTRNINDNE,ELCINDNE04,,2,2043,,,,,,1.0
InputActivityRatio,B_Opt_IndiaCostsFuel,GLOBAL,DSPTRNINDNE,ELCINDNE04,,2,2044,,,,,,1.0
InputActivityRatio,B_Opt_IndiaCostsFuel,GLOBAL,DSPTRNINDNE,ELCINDNE04,,2,2045,,,,,,1.0
InputActivityRatio,B_Opt_IndiaCostsFuel,GLOBAL,DSPTRNINDNE,ELCINDNE04,,2,2046,,,,,,1.0
InputActivityRatio,B_Opt_IndiaCostsFuel,GLOBAL,DSPTRNINDNE,ELCINDNE04,,2,2047,,,,,,1.0
InputActivityRatio,B_Opt_IndiaCostsFuel,GLOBAL,DSPTRNINDNE,ELCINDNE04,,2,2048,,,,,,1.0
InputActivityRatio,B_Opt_IndiaCostsFuel,GLOBAL,DSPTRNINDNE,ELCINDNE04,,2,2049,,,,,,1.0
InputActivityRatio,B_Opt_IndiaCostsFuel,GLOBAL,DSPTRNINDNE,ELCINDNE04,,2,2050,,,,,,1.0
InputActivityRatio,B_Opt_IndiaCostsFuel,GLOBAL,RNWTRNINDNO,ELCINDNO00,,1,2023,,,,,,1.0
InputActivityRatio,B_Opt_IndiaCostsFuel,GLOBAL,RNWTRNINDNO,ELCINDNO00,,1,2024,,,,,,1.0
InputActivityRatio,B_Opt_IndiaCostsFuel,GLOBAL,RNWTRNINDNO,ELCINDNO00,,1,2025,,,,,,1.0
InputActivityRatio,B_Opt_IndiaCostsFuel,GLOBAL,RNWTRNINDNO,ELCINDNO00,,1,2026,,,,,,1.0
InputActivityRatio,B_Opt_IndiaCostsFuel,GLOBAL,RNWTRNINDNO,ELCINDNO00,,1,2027,,,,,,1.0
InputActivityRatio,B_Opt_IndiaCostsFuel,GLOBAL,RNWTRNINDNO,ELCINDNO00,,1,2028,,,,,,1.0
InputActivityRatio,B_Opt_IndiaCostsFuel,GLOBAL,RNWTRNINDNO,ELCINDNO00,,1,2029,,,,,,1.0
InputActivityRatio,B_Opt_IndiaCostsFuel,GLOBAL,RNWTRNINDNO,ELCINDNO00,,1,2030,,,,,,1.0
InputActivityRatio,B_Opt_IndiaCostsFuel,GLOBAL,RNWTRNINDNO,ELCINDNO00,,1,2031,,,,,,1.0
InputActivityRatio,B_Opt_IndiaCostsFuel,GLOBAL,RNWTRNINDNO,ELCINDNO00,,1,2032,,,,,,1.0
InputActivityRatio,B_Opt_IndiaCostsFuel,GLOBAL,RNWTRNINDNO,ELCINDNO00,,1,2033,,,,,,1.0
InputActivityRatio,B_Opt_IndiaCostsFuel,GLOBAL,RNWTRNINDNO,ELCINDNO00,,1,2034,,,,,,1.0
InputActivityRatio,B_Opt_IndiaCostsFuel,GLOBAL,RNWTRNINDNO,ELCINDNO00,,1,2035,,,,,,1.0
InputActivityRatio,B_Opt_IndiaCostsFuel,GLOBAL,RNWTRNINDNO,ELCINDNO00,,1,2036,,,,,,1.0
InputActivityRatio,B_Opt_IndiaCostsFuel,GLOBAL,RNWTRNINDNO,ELCINDNO00,,1,2037,,,,,,1.0
InputActivityRatio,B_Opt_IndiaCostsFuel,GLOBAL,RNWTRNINDNO,ELCINDNO00,,1,2038,,,,,,1.0
InputActivityRatio,B_Opt_IndiaCostsFuel,GLOBAL,RNWTRNINDNO,ELCINDNO00,,1,2039,,,,,,1.0
InputActivityRatio,B_Opt_IndiaCostsFuel,GLOBAL,RNWTRNINDNO,ELCINDNO00,,1,2040,,,,,,1.0
InputActivityRatio,B_Opt_IndiaCostsFuel,GLOBAL,RNWTRNINDNO,ELCINDNO00,,1,2041,,,,,,1.0
InputActivityRatio,B_Opt_IndiaCostsFuel,GLOBAL,RNWTRNINDNO,ELCINDNO00,,1,2042,,,,,,1.0
InputActivityRatio,B_Opt_IndiaCostsFuel,GLOBAL,RNWTRNINDNO,ELCINDNO00,,1,2043,,,,,,1.0
InputActivityRatio,B_Opt_IndiaCostsFuel,GLOBAL,RNWTRNINDNO,ELCINDNO00,,1,2044,,,,,,1.0
InputActivityRatio,B_Opt_IndiaCostsFuel,GLOBAL,RNWTRNINDNO,ELCINDNO00,,1,2045,,,,,,1.0
InputActivityRatio,B_Opt_IndiaCostsFuel,GLOBAL,RNWTRNINDNO,ELCINDNO00,,1,2046,,,,,,1.0
InputActivityRatio,B_Opt_IndiaCostsFuel,GLOBAL,RNWTRNINDNO,ELCINDNO00,,1,2047,,,,,,1.0
InputActivityRatio,B_Opt_IndiaCostsFuel,GLOBAL,RNWTRNINDNO,ELCINDNO00,,1,2048,,,,,,1.0
InputActivityRatio,B_Opt_IndiaCostsFuel,GLOBAL,RNWTRNINDNO,ELCINDNO00,,1,2049,,,,,,1.0
InputActivityRatio,B_Opt_IndiaCostsFuel,GLOBAL,RNWTRNINDNO,ELCINDNO00,,1,2050,,,,,,1.0
InputActivityRatio,B_Opt_IndiaCostsFuel,GLOBAL,RNWRPOINDNO,ELCINDNO00,,1,2023,,,,,,1.0
InputActivityRatio,B_Opt_IndiaCostsFuel,GLOBAL,RNWRPOINDNO,ELCINDNO00,,1,2024,,,,,,1.0
InputActivityRatio,B_Opt_IndiaCostsFuel,GLOBAL,RNWRPOINDNO,ELCINDNO00,,1,2025,,,,,,1.0
InputActivityRatio,B_Opt_IndiaCostsFuel,GLOBAL,RNWRPOINDNO,ELCINDNO00,,1,2026,,,,,,1.0
InputActivityRatio,B_Opt_IndiaCostsFuel,GLOBAL,RNWRPOINDNO,ELCINDNO00,,1,2027,,,,,,1.0
InputActivityRatio,B_Opt_IndiaCostsFuel,GLOBAL,RNWRPOINDNO,ELCINDNO00,,1,2028,,,,,,1.0
InputActivityRatio,B_Opt_IndiaCostsFuel,GLOBAL,RNWRPOINDNO,ELCINDNO00,,1,2029,,,,,,1.0
InputActivityRatio,B_Opt_IndiaCostsFuel,GLOBAL,RNWRPOINDNO,ELCINDNO00,,1,2030,,,,,,1.0
InputActivityRatio,B_Opt_IndiaCostsFuel,GLOBAL,RNWRPOINDNO,ELCINDNO00,,1,2031,,,,,,1.0
InputActivityRatio,B_Opt_IndiaCostsFuel,GLOBAL,RNWRPOINDNO,ELCINDNO00,,1,2032,,,,,,1.0
InputActivityRatio,B_Opt_IndiaCostsFuel,GLOBAL,RNWRPOINDNO,ELCINDNO00,,1,2033,,,,,,1.0
InputActivityRatio,B_Opt_IndiaCostsFuel,GLOBAL,RNWRPOINDNO,ELCINDNO00,,1,2034,,,,,,1.0
InputActivityRatio,B_Opt_IndiaCostsFuel,GLOBAL,RNWRPOINDNO,ELCINDNO00,,1,2035,,,,,,1.0
InputActivityRatio,B_Opt_IndiaCostsFuel,GLOBAL,RNWRPOINDNO,ELCINDNO00,,1,2036,,,,,,1.0
InputActivityRatio,B_Opt_IndiaCostsFuel,GLOBAL,RNWRPOINDNO,ELCINDNO00,,1,2037,,,,,,1.0
InputActivityRatio,B_Opt_IndiaCostsFuel,GLOBAL,RNWRPOINDNO,ELCINDNO00,,1,2038,,,,,,1.0
InputActivityRatio,B_Opt_IndiaCostsFuel,GLOBAL,RNWRPOINDNO,ELCINDNO00,,1,2039,,,,,,1.0
InputActivityRatio,B_Opt_IndiaCostsFuel,GLOBAL,RNWRPOINDNO,ELCINDNO00,,1,2040,,,,,,1.0
InputActivityRatio,B_Opt_IndiaCostsFuel,GLOBAL,RNWRPOINDNO,ELCINDNO00,,1,2041,,,,,,1.0
InputActivityRatio,B_Opt_IndiaCostsFuel,GLOBAL,RNWRPOINDNO,ELCINDNO00,,1,2042,,,,,,1.0
InputActivityRatio,B_Opt_IndiaCostsFuel,GLOBAL,RNWRPOINDNO,ELCINDNO00,,1,2043,,,,,,1.0
InputActivityRatio,B_Opt_IndiaCostsFuel,GLOBAL,RNWRPOINDNO,ELCINDNO00,,1,2044,,,,,,1.0
InputActivityRatio,B_Opt_IndiaCostsFuel,GLOBAL,RNWRPOINDNO,ELCINDNO00,,1,2045,,,,,,1.0
InputActivityRatio,B_Opt_IndiaCostsFuel,GLOBAL,RNWRPOINDNO,ELCINDNO00,,1,2046,,,,,,1.0
InputActivityRatio,B_Opt_IndiaCostsFuel,GLOBAL,RNWRPOINDNO,ELCINDNO00,,1,2047,,,,,,1.0
InputActivityRatio,B_Opt_IndiaCostsFuel,GLOBAL,RNWRPOINDNO,ELCINDNO00,,1,2048,,,,,,1.0
InputActivityRatio,B_Opt_IndiaCostsFuel,GLOBAL,RNWRPOINDNO,ELCINDNO00,,1,2049,,,,,,1.0
InputActivityRatio,B_Opt_IndiaCostsFuel,GLOBAL,RNWRPOINDNO,ELCINDNO00,,1,2050,,,,,,1.0
InputActivityRatio,B_Opt_IndiaCostsFuel,GLOBAL,RNWNLIINDNO,ELCINDNO00,,1,2023,,,,,,1.0
InputActivityRatio,B_Opt_IndiaCostsFuel,GLOBAL,RNWNLIINDNO,ELCINDNO00,,1,2024,,,,,,1.0
InputActivityRatio,B_Opt_IndiaCostsFuel,GLOBAL,RNWNLIINDNO,ELCINDNO00,,1,2025,,,,,,1.0
InputActivityRatio,B_Opt_IndiaCostsFuel,GLOBAL,RNWNLIINDNO,ELCINDNO00,,1,2026,,,,,,1.0
InputActivityRatio,B_Opt_IndiaCostsFuel,GLOBAL,RNWNLIINDNO,ELCINDNO00,,1,2027,,,,,,1.0
InputActivityRatio,B_Opt_IndiaCostsFuel,GLOBAL,RNWNLIINDNO,ELCINDNO00,,1,2028,,,,,,1.0
InputActivityRatio,B_Opt_IndiaCostsFuel,GLOBAL,RNWNLIINDNO,ELCINDNO00,,1,2029,,,,,,1.0
InputActivityRatio,B_Opt_IndiaCostsFuel,GLOBAL,RNWNLIINDNO,ELCINDNO00,,1,2030,,,,,,1.0
InputActivityRatio,B_Opt_IndiaCostsFuel,GLOBAL,RNWNLIINDNO,ELCINDNO00,,1,2031,,,,,,1.0
InputActivityRatio,B_Opt_IndiaCostsFuel,GLOBAL,RNWNLIINDNO,ELCINDNO00,,1,2032,,,,,,1.0
InputActivityRatio,B_Opt_IndiaCostsFuel,GLOBAL,RNWNLIINDNO,ELCINDNO00,,1,2033,,,,,,1.0
InputActivityRatio,B_Opt_IndiaCostsFuel,GLOBAL,RNWNLIINDNO,ELCINDNO00,,1,2034,,,,,,1.0
InputActivityRatio,B_Opt_IndiaCostsFuel,GLOBAL,RNWNLIINDNO,ELCINDNO00,,1,2035,,,,,,1.0
InputActivityRatio,B_Opt_IndiaCostsFuel,GLOBAL,RNWNLIINDNO,ELCINDNO00,,1,2036,,,,,,1.0
InputActivityRatio,B_Opt_IndiaCostsFuel,GLOBAL,RNWNLIINDNO,ELCINDNO00,,1,2037,,,,,,1.0
InputActivityRatio,B_Opt_IndiaCostsFuel,GLOBAL,RNWNLIINDNO,ELCINDNO00,,1,2038,,,,,,1.0
InputActivityRatio,B_Opt_IndiaCostsFuel,GLOBAL,RNWNLIINDNO,ELCINDNO00,,1,2039,,,,,,1.0
InputActivityRatio,B_Opt_IndiaCostsFuel,GLOBAL,RNWNLIINDNO,ELCINDNO00,,1,2040,,,,,,1.0
InputActivityRatio,B_Opt_IndiaCostsFuel,GLOBAL,RNWNLIINDNO,ELCINDNO00,,1,2041,,,,,,1.0
InputActivityRatio,B_Opt_IndiaCostsFuel,GLOBAL,RNWNLIINDNO,ELCINDNO00,,1,2042,,,,,,1.0
InputActivityRatio,B_Opt_IndiaCostsFuel,GLOBAL,RNWNLIINDNO,ELCINDNO00,,1,2043,,,,,,1.0
InputActivityRatio,B_Opt_IndiaCostsFuel,GLOBAL,RNWNLIINDNO,ELCINDNO00,,1,2044,,,,,,1.0
InputActivityRatio,B_Opt_IndiaCostsFuel,GLOBAL,RNWNLIINDNO,ELCINDNO00,,1,2045,,,,,,1.0
InputActivityRatio,B_Opt_IndiaCostsFuel,GLOBAL,RNWNLIINDNO,ELCINDNO00,,1,2046,,,,,,1.0
InputActivityRatio,B_Opt_IndiaCostsFuel,GLOBAL,RNWNLIINDNO,ELCINDNO00,,1,2047,,,,,,1.0
InputActivityRatio,B_Opt_IndiaCostsFuel,GLOBAL,RNWNLIINDNO,ELCINDNO00,,1,2048,,,,,,1.0
InputActivityRatio,B_Opt_IndiaCostsFuel,GLOBAL,RNWNLIINDNO,ELCINDNO00,,1,2049,,,,,,1.0
InputActivityRatio,B_Opt_IndiaCostsFuel,GLOBAL,RNWNLIINDNO,ELCINDNO00,,1,2050,,,,,,1.0
InputActivityRatio,B_Opt_IndiaCostsFuel,GLOBAL,PWRTRNINDNO,ELCINDNO01,,1,2023,,,,,,1.0
InputActivityRatio,B_Opt_IndiaCostsFuel,GLOBAL,PWRTRNINDNO,ELCINDNO01,,1,2024,,,,,,1.0
InputActivityRatio,B_Opt_IndiaCostsFuel,GLOBAL,PWRTRNINDNO,ELCINDNO01,,1,2025,,,,,,1.0
InputActivityRatio,B_Opt_IndiaCostsFuel,GLOBAL,PWRTRNINDNO,ELCINDNO01,,1,2026,,,,,,1.0
InputActivityRatio,B_Opt_IndiaCostsFuel,GLOBAL,PWRTRNINDNO,ELCINDNO01,,1,2027,,,,,,1.0
InputActivityRatio,B_Opt_IndiaCostsFuel,GLOBAL,PWRTRNINDNO,ELCINDNO01,,1,2028,,,,,,1.0
InputActivityRatio,B_Opt_IndiaCostsFuel,GLOBAL,PWRTRNINDNO,ELCINDNO01,,1,2029,,,,,,1.0
InputActivityRatio,B_Opt_IndiaCostsFuel,GLOBAL,PWRTRNINDNO,ELCINDNO01,,1,2030,,,,,,1.0
InputActivityRatio,B_Opt_IndiaCostsFuel,GLOBAL,PWRTRNINDNO,ELCINDNO01,,1,2031,,,,,,1.0
InputActivityRatio,B_Opt_IndiaCostsFuel,GLOBAL,PWRTRNINDNO,ELCINDNO01,,1,2032,,,,,,1.0
InputActivityRatio,B_Opt_IndiaCostsFuel,GLOBAL,PWRTRNINDNO,ELCINDNO01,,1,2033,,,,,,1.0
InputActivityRatio,B_Opt_IndiaCostsFuel,GLOBAL,PWRTRNINDNO,ELCINDNO01,,1,2034,,,,,,1.0
InputActivityRatio,B_Opt_IndiaCostsFuel,GLOBAL,PWRTRNINDNO,ELCINDNO01,,1,2035,,,,,,1.0
InputActivityRatio,B_Opt_IndiaCostsFuel,GLOBAL,PWRTRNINDNO,ELCINDNO01,,1,2036,,,,,,1.0
InputActivityRatio,B_Opt_IndiaCostsFuel,GLOBAL,PWRTRNINDNO,ELCINDNO01,,1,2037,,,,,,1.0
InputActivityRatio,B_Opt_IndiaCostsFuel,GLOBAL,PWRTRNINDNO,ELCINDNO01,,1,2038,,,,,,1.0
InputActivityRatio,B_Opt_IndiaCostsFuel,GLOBAL,PWRTRNINDNO,ELCINDNO01,,1,2039,,,,,,1.0
InputActivityRatio,B_Opt_IndiaCostsFuel,GLOBAL,PWRTRNINDNO,ELCINDNO01,,1,2040,,,,,,1.0
InputActivityRatio,B_Opt_IndiaCostsFuel,GLOBAL,PWRTRNINDNO,ELCINDNO01,,1,2041,,,,,,1.0
InputActivityRatio,B_Opt_IndiaCostsFuel,GLOBAL,PWRTRNINDNO,ELCINDNO01,,1,2042,,,,,,1.0
InputActivityRatio,B_Opt_IndiaCostsFuel,GLOBAL,PWRTRNINDNO,ELCINDNO01,,1,2043,,,,,,1.0
InputActivityRatio,B_Opt_IndiaCostsFuel,GLOBAL,PWRTRNINDNO,ELCINDNO01,,1,2044,,,,,,1.0
InputActivityRatio,B_Opt_IndiaCostsFuel,GLOBAL,PWRTRNINDNO,ELCINDNO01,,1,2045,,,,,,1.0
InputActivityRatio,B_Opt_IndiaCostsFuel,GLOBAL,PWRTRNINDNO,ELCINDNO01,,1,2046,,,,,,1.0
InputActivityRatio,B_Opt_IndiaCostsFuel,GLOBAL,PWRTRNINDNO,ELCINDNO01,,1,2047,,,,,,1.0
InputActivityRatio,B_Opt_IndiaCostsFuel,GLOBAL,PWRTRNINDNO,ELCINDNO01,,1,2048,,,,,,1.0
InputActivityRatio,B_Opt_IndiaCostsFuel,GLOBAL,PWRTRNINDNO,ELCINDNO01,,1,2049,,,,,,1.0
InputActivityRatio,B_Opt_IndiaCostsFuel,GLOBAL,PWRTRNINDNO,ELCINDNO01,,1,2050,,,,,,1.0
InputActivityRatio,B_Opt_IndiaCostsFuel,GLOBAL,TRNRPOINDNO,ELCINDNO01,,1,2023,,,,,,1.0
InputActivityRatio,B_Opt_IndiaCostsFuel,GLOBAL,TRNRPOINDNO,ELCINDNO01,,1,2024,,,,,,1.0
InputActivityRatio,B_Opt_IndiaCostsFuel,GLOBAL,TRNRPOINDNO,ELCINDNO01,,1,2025,,,,,,1.0
InputActivityRatio,B_Opt_IndiaCostsFuel,GLOBAL,TRNRPOINDNO,ELCINDNO01,,1,2026,,,,,,1.0
InputActivityRatio,B_Opt_IndiaCostsFuel,GLOBAL,TRNRPOINDNO,ELCINDNO01,,1,2027,,,,,,1.0
InputActivityRatio,B_Opt_IndiaCostsFuel,GLOBAL,TRNRPOINDNO,ELCINDNO01,,1,2028,,,,,,1.0
InputActivityRatio,B_Opt_IndiaCostsFuel,GLOBAL,TRNRPOINDNO,ELCINDNO01,,1,2029,,,,,,1.0
InputActivityRatio,B_Opt_IndiaCostsFuel,GLOBAL,TRNRPOINDNO,ELCINDNO01,,1,2030,,,,,,1.0
InputActivityRatio,B_Opt_IndiaCostsFuel,GLOBAL,TRNRPOINDNO,ELCINDNO01,,1,2031,,,,,,1.0
InputActivityRatio,B_Opt_IndiaCostsFuel,GLOBAL,TRNRPOINDNO,ELCINDNO01,,1,2032,,,,,,1.0
InputActivityRatio,B_Opt_IndiaCostsFuel,GLOBAL,TRNRPOINDNO,ELCINDNO01,,1,2033,,,,,,1.0
InputActivityRatio,B_Opt_IndiaCostsFuel,GLOBAL,TRNRPOINDNO,ELCINDNO01,,1,2034,,,,,,1.0
InputActivityRatio,B_Opt_IndiaCostsFuel,GLOBAL,TRNRPOINDNO,ELCINDNO01,,1,2035,,,,,,1.0
InputActivityRatio,B_Opt_IndiaCostsFuel,GLOBAL,TRNRPOINDNO,ELCINDNO01,,1,2036,,,,,,1.0
InputActivityRatio,B_Opt_IndiaCostsFuel,GLOBAL,TRNRPOINDNO,ELCINDNO01,,1,2037,,,,,,1.0
InputActivityRatio,B_Opt_IndiaCostsFuel,GLOBAL,TRNRPOINDNO,ELCINDNO01,,1,2038,,,,,,1.0
InputActivityRatio,B_Opt_IndiaCostsFuel,GLOBAL,TRNRPOINDNO,ELCINDNO01,,1,2039,,,,,,1.0
InputActivityRatio,B_Opt_IndiaCostsFuel,GLOBAL,TRNRPOINDNO,ELCINDNO01,,1,2040,,,,,,1.0
InputActivityRatio,B_Opt_IndiaCostsFuel,GLOBAL,TRNRPOINDNO,ELCINDNO01,,1,2041,,,,,,1.0
InputActivityRatio,B_Opt_IndiaCostsFuel,GLOBAL,TRNRPOINDNO,ELCINDNO01,,1,2042,,,,,,1.0
InputActivityRatio,B_Opt_IndiaCostsFuel,GLOBAL,TRNRPOINDNO,ELCINDNO01,,1,2043,,,,,,1.0
InputActivityRatio,B_Opt_IndiaCostsFuel,GLOBAL,TRNRPOINDNO,ELCINDNO01,,1,2044,,,,,,1.0
InputActivityRatio,B_Opt_IndiaCostsFuel,GLOBAL,TRNRPOINDNO,ELCINDNO01,,1,2045,,,,,,1.0
InputActivityRatio,B_Opt_IndiaCostsFuel,GLOBAL,TRNRPOINDNO,ELCINDNO01,,1,2046,,,,,,1.0
InputActivityRatio,B_Opt_IndiaCostsFuel,GLOBAL,TRNRPOINDNO,ELCINDNO01,,1,2047,,,,,,1.0
InputActivityRatio,B_Opt_IndiaCostsFuel,GLOBAL,TRNRPOINDNO,ELCINDNO01,,1,2048,,,,,,1.0
InputActivityRatio,B_Opt_IndiaCostsFuel,GLOBAL,TRNRPOINDNO,ELCINDNO01,,1,2049,,,,,,1.0
InputActivityRatio,B_Opt_IndiaCostsFuel,GLOBAL,TRNRPOINDNO,ELCINDNO01,,1,2050,,,,,,1.0
InputActivityRatio,B_Opt_IndiaCostsFuel,GLOBAL,TRNNLIINDNO,ELCINDNO01,,1,2023,,,,,,1.0
InputActivityRatio,B_Opt_IndiaCostsFuel,GLOBAL,TRNNLIINDNO,ELCINDNO01,,1,2024,,,,,,1.0
InputActivityRatio,B_Opt_IndiaCostsFuel,GLOBAL,TRNNLIINDNO,ELCINDNO01,,1,2025,,,,,,1.0
InputActivityRatio,B_Opt_IndiaCostsFuel,GLOBAL,TRNNLIINDNO,ELCINDNO01,,1,2026,,,,,,1.0
InputActivityRatio,B_Opt_IndiaCostsFuel,GLOBAL,TRNNLIINDNO,ELCINDNO01,,1,2027,,,,,,1.0
InputActivityRatio,B_Opt_IndiaCostsFuel,GLOBAL,TRNNLIINDNO,ELCINDNO01,,1,2028,,,,,,1.0
InputActivityRatio,B_Opt_IndiaCostsFuel,GLOBAL,TRNNLIINDNO,ELCINDNO01,,1,2029,,,,,,1.0
InputActivityRatio,B_Opt_IndiaCostsFuel,GLOBAL,TRNNLIINDNO,ELCINDNO01,,1,2030,,,,,,1.0
InputActivityRatio,B_Opt_IndiaCostsFuel,GLOBAL,TRNNLIINDNO,ELCINDNO01,,1,2031,,,,,,1.0
InputActivityRatio,B_Opt_IndiaCostsFuel,GLOBAL,TRNNLIINDNO,ELCINDNO01,,1,2032,,,,,,1.0
InputActivityRatio,B_Opt_IndiaCostsFuel,GLOBAL,TRNNLIINDNO,ELCINDNO01,,1,2033,,,,,,1.0
InputActivityRatio,B_Opt_IndiaCostsFuel,GLOBAL,TRNNLIINDNO,ELCINDNO01,,1,2034,,,,,,1.0
InputActivityRatio,B_Opt_IndiaCostsFuel,GLOBAL,TRNNLIINDNO,ELCINDNO01,,1,2035,,,,,,1.0
InputActivityRatio,B_Opt_IndiaCostsFuel,GLOBAL,TRNNLIINDNO,ELCINDNO01,,1,2036,,,,,,1.0
InputActivityRatio,B_Opt_IndiaCostsFuel,GLOBAL,TRNNLIINDNO,ELCINDNO01,,1,2037,,,,,,1.0
InputActivityRatio,B_Opt_IndiaCostsFuel,GLOBAL,TRNNLIINDNO,ELCINDNO01,,1,2038,,,,,,1.0
InputActivityRatio,B_Opt_IndiaCostsFuel,GLOBAL,TRNNLIINDNO,ELCINDNO01,,1,2039,,,,,,1.0
InputActivityRatio,B_Opt_IndiaCostsFuel,GLOBAL,TRNNLIINDNO,ELCINDNO01,,1,2040,,,,,,1.0
InputActivityRatio,B_Opt_IndiaCostsFuel,GLOBAL,TRNNLIINDNO,ELCINDNO01,,1,2041,,,,,,1.0
InputActivityRatio,B_Opt_IndiaCostsFuel,GLOBAL,TRNNLIINDNO,ELCINDNO01,,1,2042,,,,,,1.0
InputActivityRatio,B_Opt_IndiaCostsFuel,GLOBAL,TRNNLIINDNO,ELCINDNO01,,1,2043,,,,,,1.0
InputActivityRatio,B_Opt_IndiaCostsFuel,GLOBAL,TRNNLIINDNO,ELCINDNO01,,1,2044,,,,,,1.0
InputActivityRatio,B_Opt_IndiaCostsFuel,GLOBAL,TRNNLIINDNO,ELCINDNO01,,1,2045,,,,,,1.0
InputActivityRatio,B_Opt_IndiaCostsFuel,GLOBAL,TRNNLIINDNO,ELCINDNO01,,1,2046,,,,,,1.0
InputActivityRatio,B_Opt_IndiaCostsFuel,GLOBAL,TRNNLIINDNO,ELCINDNO01,,1,2047,,,,,,1.0
InputActivityRatio,B_Opt_IndiaCostsFuel,GLOBAL,TRNNLIINDNO,ELCINDNO01,,1,2048,,,,,,1.0
InputActivityRatio,B_Opt_IndiaCostsFuel,GLOBAL,TRNNLIINDNO,ELCINDNO01,,1,2049,,,,,,1.0
InputActivityRatio,B_Opt_IndiaCostsFuel,GLOBAL,TRNNLIINDNO,ELCINDNO01,,1,2050,,,,,,1.0
InputActivityRatio,B_Opt_IndiaCostsFuel,GLOBAL,DSPTRNINDNO,ELCINDNO02,,1,2023,,,,,,1.0
InputActivityRatio,B_Opt_IndiaCostsFuel,GLOBAL,DSPTRNINDNO,ELCINDNO02,,1,2024,,,,,,1.0
InputActivityRatio,B_Opt_IndiaCostsFuel,GLOBAL,DSPTRNINDNO,ELCINDNO02,,1,2025,,,,,,1.0
InputActivityRatio,B_Opt_IndiaCostsFuel,GLOBAL,DSPTRNINDNO,ELCINDNO02,,1,2026,,,,,,1.0
InputActivityRatio,B_Opt_IndiaCostsFuel,GLOBAL,DSPTRNINDNO,ELCINDNO02,,1,2027,,,,,,1.0
InputActivityRatio,B_Opt_IndiaCostsFuel,GLOBAL,DSPTRNINDNO,ELCINDNO02,,1,2028,,,,,,1.0
InputActivityRatio,B_Opt_IndiaCostsFuel,GLOBAL,DSPTRNINDNO,ELCINDNO02,,1,2029,,,,,,1.0
InputActivityRatio,B_Opt_IndiaCostsFuel,GLOBAL,DSPTRNINDNO,ELCINDNO02,,1,2030,,,,,,1.0
InputActivityRatio,B_Opt_IndiaCostsFuel,GLOBAL,DSPTRNINDNO,ELCINDNO02,,1,2031,,,,,,1.0
InputActivityRatio,B_Opt_IndiaCostsFuel,GLOBAL,DSPTRNINDNO,ELCINDNO02,,1,2032,,,,,,1.0
InputActivityRatio,B_Opt_IndiaCostsFuel,GLOBAL,DSPTRNINDNO,ELCINDNO02,,1,2033,,,,,,1.0
InputActivityRatio,B_Opt_IndiaCostsFuel,GLOBAL,DSPTRNINDNO,ELCINDNO02,,1,2034,,,,,,1.0
InputActivityRatio,B_Opt_IndiaCostsFuel,GLOBAL,DSPTRNINDNO,ELCINDNO02,,1,2035,,,,,,1.0
InputActivityRatio,B_Opt_IndiaCostsFuel,GLOBAL,DSPTRNINDNO,ELCINDNO02,,1,2036,,,,,,1.0
InputActivityRatio,B_Opt_IndiaCostsFuel,GLOBAL,DSPTRNINDNO,ELCINDNO02,,1,2037,,,,,,1.0
InputActivityRatio,B_Opt_IndiaCostsFuel,GLOBAL,DSPTRNINDNO,ELCINDNO02,,1,2038,,,,,,1.0
InputActivityRatio,B_Opt_IndiaCostsFuel,GLOBAL,DSPTRNINDNO,ELCINDNO02,,1,2039,,,,,,1.0
InputActivityRatio,B_Opt_IndiaCostsFuel,GLOBAL,DSPTRNINDNO,ELCINDNO02,,1,2040,,,,,,1.0
InputActivityRatio,B_Opt_IndiaCostsFuel,GLOBAL,DSPTRNINDNO,ELCINDNO02,,1,2041,,,,,,1.0
InputActivityRatio,B_Opt_IndiaCostsFuel,GLOBAL,DSPTRNINDNO,ELCINDNO02,,1,2042,,,,,,1.0
InputActivityRatio,B_Opt_IndiaCostsFuel,GLOBAL,DSPTRNINDNO,ELCINDNO02,,1,2043,,,,,,1.0
InputActivityRatio,B_Opt_IndiaCostsFuel,GLOBAL,DSPTRNINDNO,ELCINDNO02,,1,2044,,,,,,1.0
InputActivityRatio,B_Opt_IndiaCostsFuel,GLOBAL,DSPTRNINDNO,ELCINDNO02,,1,2045,,,,,,1.0
InputActivityRatio,B_Opt_IndiaCostsFuel,GLOBAL,DSPTRNINDNO,ELCINDNO02,,1,2046,,,,,,1.0
InputActivityRatio,B_Opt_IndiaCostsFuel,GLOBAL,DSPTRNINDNO,ELCINDNO02,,1,2047,,,,,,1.0
InputActivityRatio,B_Opt_IndiaCostsFuel,GLOBAL,DSPTRNINDNO,ELCINDNO02,,1,2048,,,,,,1.0
InputActivityRatio,B_Opt_IndiaCostsFuel,GLOBAL,DSPTRNINDNO,ELCINDNO02,,1,2049,,,,,,1.0
InputActivityRatio,B_Opt_IndiaCostsFuel,GLOBAL,DSPTRNINDNO,ELCINDNO02,,1,2050,,,,,,1.0
InputActivityRatio,B_Opt_IndiaCostsFuel,GLOBAL,DSPTRNINDNO,ELCINDNO04,,2,2023,,,,,,1.0
InputActivityRatio,B_Opt_IndiaCostsFuel,GLOBAL,DSPTRNINDNO,ELCINDNO04,,2,2024,,,,,,1.0
InputActivityRatio,B_Opt_IndiaCostsFuel,GLOBAL,DSPTRNINDNO,ELCINDNO04,,2,2025,,,,,,1.0
InputActivityRatio,B_Opt_IndiaCostsFuel,GLOBAL,DSPTRNINDNO,ELCINDNO04,,2,2026,,,,,,1.0
InputActivityRatio,B_Opt_IndiaCostsFuel,GLOBAL,DSPTRNINDNO,ELCINDNO04,,2,2027,,,,,,1.0
InputActivityRatio,B_Opt_IndiaCostsFuel,GLOBAL,DSPTRNINDNO,ELCINDNO04,,2,2028,,,,,,1.0
InputActivityRatio,B_Opt_IndiaCostsFuel,GLOBAL,DSPTRNINDNO,ELCINDNO04,,2,2029,,,,,,1.0
InputActivityRatio,B_Opt_IndiaCostsFuel,GLOBAL,DSPTRNINDNO,ELCINDNO04,,2,2030,,,,,,1.0
InputActivityRatio,B_Opt_IndiaCostsFuel,GLOBAL,DSPTRNINDNO,ELCINDNO04,,2,2031,,,,,,1.0
InputActivityRatio,B_Opt_IndiaCostsFuel,GLOBAL,DSPTRNINDNO,ELCINDNO04,,2,2032,,,,,,1.0
InputActivityRatio,B_Opt_IndiaCostsFuel,GLOBAL,DSPTRNINDNO,ELCINDNO04,,2,2033,,,,,,1.0
InputActivityRatio,B_Opt_IndiaCostsFuel,GLOBAL,DSPTRNINDNO,ELCINDNO04,,2,2034,,,,,,1.0
InputActivityRatio,B_Opt_IndiaCostsFuel,GLOBAL,DSPTRNINDNO,ELCINDNO04,,2,2035,,,,,,1.0
InputActivityRatio,B_Opt_IndiaCostsFuel,GLOBAL,DSPTRNINDNO,ELCINDNO04,,2,2036,,,,,,1.0
InputActivityRatio,B_Opt_IndiaCostsFuel,GLOBAL,DSPTRNINDNO,ELCINDNO04,,2,2037,,,,,,1.0
InputActivityRatio,B_Opt_IndiaCostsFuel,GLOBAL,DSPTRNINDNO,ELCINDNO04,,2,2038,,,,,,1.0
InputActivityRatio,B_Opt_IndiaCostsFuel,GLOBAL,DSPTRNINDNO,ELCINDNO04,,2,2039,,,,,,1.0
InputActivityRatio,B_Opt_IndiaCostsFuel,GLOBAL,DSPTRNINDNO,ELCINDNO04,,2,2040,,,,,,1.0
InputActivityRatio,B_Opt_IndiaCostsFuel,GLOBAL,DSPTRNINDNO,ELCINDNO04,,2,2041,,,,,,1.0
InputActivityRatio,B_Opt_IndiaCostsFuel,GLOBAL,DSPTRNINDNO,ELCINDNO04,,2,2042,,,,,,1.0
InputActivityRatio,B_Opt_IndiaCostsFuel,GLOBAL,DSPTRNINDNO,ELCINDNO04,,2,2043,,,,,,1.0
InputActivityRatio,B_Opt_IndiaCostsFuel,GLOBAL,DSPTRNINDNO,ELCINDNO04,,2,2044,,,,,,1.0
InputActivityRatio,B_Opt_IndiaCostsFuel,GLOBAL,DSPTRNINDNO,ELCINDNO04,,2,2045,,,,,,1.0
InputActivityRatio,B_Opt_IndiaCostsFuel,GLOBAL,DSPTRNINDNO,ELCINDNO04,,2,2046,,,,,,1.0
InputActivityRatio,B_Opt_IndiaCostsFuel,GLOBAL,DSPTRNINDNO,ELCINDNO04,,2,2047,,,,,,1.0
InputActivityRatio,B_Opt_IndiaCostsFuel,GLOBAL,DSPTRNINDNO,ELCINDNO04,,2,2048,,,,,,1.0
InputActivityRatio,B_Opt_IndiaCostsFuel,GLOBAL,DSPTRNINDNO,ELCINDNO04,,2,2049,,,,,,1.0
InputActivityRatio,B_Opt_IndiaCostsFuel,GLOBAL,DSPTRNINDNO,ELCINDNO04,,2,2050,,,,,,1.0
InputActivityRatio,B_Opt_IndiaCostsFuel,GLOBAL,RNWTRNINDSO,ELCINDSO00,,1,2023,,,,,,1.0
InputActivityRatio,B_Opt_IndiaCostsFuel,GLOBAL,RNWTRNINDSO,ELCINDSO00,,1,2024,,,,,,1.0
InputActivityRatio,B_Opt_IndiaCostsFuel,GLOBAL,RNWTRNINDSO,ELCINDSO00,,1,2025,,,,,,1.0
InputActivityRatio,B_Opt_IndiaCostsFuel,GLOBAL,RNWTRNINDSO,ELCINDSO00,,1,2026,,,,,,1.0
InputActivityRatio,B_Opt_IndiaCostsFuel,GLOBAL,RNWTRNINDSO,ELCINDSO00,,1,2027,,,,,,1.0
InputActivityRatio,B_Opt_IndiaCostsFuel,GLOBAL,RNWTRNINDSO,ELCINDSO00,,1,2028,,,,,,1.0
InputActivityRatio,B_Opt_IndiaCostsFuel,GLOBAL,RNWTRNINDSO,ELCINDSO00,,1,2029,,,,,,1.0
InputActivityRatio,B_Opt_IndiaCostsFuel,GLOBAL,RNWTRNINDSO,ELCINDSO00,,1,2030,,,,,,1.0
InputActivityRatio,B_Opt_IndiaCostsFuel,GLOBAL,RNWTRNINDSO,ELCINDSO00,,1,2031,,,,,,1.0
InputActivityRatio,B_Opt_IndiaCostsFuel,GLOBAL,RNWTRNINDSO,ELCINDSO00,,1,2032,,,,,,1.0
InputActivityRatio,B_Opt_IndiaCostsFuel,GLOBAL,RNWTRNINDSO,ELCINDSO00,,1,2033,,,,,,1.0
InputActivityRatio,B_Opt_IndiaCostsFuel,GLOBAL,RNWTRNINDSO,ELCINDSO00,,1,2034,,,,,,1.0
InputActivityRatio,B_Opt_IndiaCostsFuel,GLOBAL,RNWTRNINDSO,ELCINDSO00,,1,2035,,,,,,1.0
InputActivityRatio,B_Opt_IndiaCostsFuel,GLOBAL,RNWTRNINDSO,ELCINDSO00,,1,2036,,,,,,1.0
InputActivityRatio,B_Opt_IndiaCostsFuel,GLOBAL,RNWTRNINDSO,ELCINDSO00,,1,2037,,,,,,1.0
InputActivityRatio,B_Opt_IndiaCostsFuel,GLOBAL,RNWTRNINDSO,ELCINDSO00,,1,2038,,,,,,1.0
InputActivityRatio,B_Opt_IndiaCostsFuel,GLOBAL,RNWTRNINDSO,ELCINDSO00,,1,2039,,,,,,1.0
InputActivityRatio,B_Opt_IndiaCostsFuel,GLOBAL,RNWTRNINDSO,ELCINDSO00,,1,2040,,,,,,1.0
InputActivityRatio,B_Opt_IndiaCostsFuel,GLOBAL,RNWTRNINDSO,ELCINDSO00,,1,2041,,,,,,1.0
InputActivityRatio,B_Opt_IndiaCostsFuel,GLOBAL,RNWTRNINDSO,ELCINDSO00,,1,2042,,,,,,1.0
InputActivityRatio,B_Opt_IndiaCostsFuel,GLOBAL,RNWTRNINDSO,ELCINDSO00,,1,2043,,,,,,1.0
InputActivityRatio,B_Opt_IndiaCostsFuel,GLOBAL,RNWTRNINDSO,ELCINDSO00,,1,2044,,,,,,1.0
InputActivityRatio,B_Opt_IndiaCostsFuel,GLOBAL,RNWTRNINDSO,ELCINDSO00,,1,2045,,,,,,1.0
InputActivityRatio,B_Opt_IndiaCostsFuel,GLOBAL,RNWTRNINDSO,ELCINDSO00,,1,2046,,,,,,1.0
InputActivityRatio,B_Opt_IndiaCostsFuel,GLOBAL,RNWTRNINDSO,ELCINDSO00,,1,2047,,,,,,1.0
InputActivityRatio,B_Opt_IndiaCostsFuel,GLOBAL,RNWTRNINDSO,ELCINDSO00,,1,2048,,,,,,1.0
InputActivityRatio,B_Opt_IndiaCostsFuel,GLOBAL,RNWTRNINDSO,ELCINDSO00,,1,2049,,,,,,1.0
InputActivityRatio,B_Opt_IndiaCostsFuel,GLOBAL,RNWTRNINDSO,ELCINDSO00,,1,2050,,,,,,1.0
InputActivityRatio,B_Opt_IndiaCostsFuel,GLOBAL,RNWRPOINDSO,ELCINDSO00,,1,2023,,,,,,1.0
InputActivityRatio,B_Opt_IndiaCostsFuel,GLOBAL,RNWRPOINDSO,ELCINDSO00,,1,2024,,,,,,1.0
InputActivityRatio,B_Opt_IndiaCostsFuel,GLOBAL,RNWRPOINDSO,ELCINDSO00,,1,2025,,,,,,1.0
InputActivityRatio,B_Opt_IndiaCostsFuel,GLOBAL,RNWRPOINDSO,ELCINDSO00,,1,2026,,,,,,1.0
InputActivityRatio,B_Opt_IndiaCostsFuel,GLOBAL,RNWRPOINDSO,ELCINDSO00,,1,2027,,,,,,1.0
InputActivityRatio,B_Opt_IndiaCostsFuel,GLOBAL,RNWRPOINDSO,ELCINDSO00,,1,2028,,,,,,1.0
InputActivityRatio,B_Opt_IndiaCostsFuel,GLOBAL,RNWRPOINDSO,ELCINDSO00,,1,2029,,,,,,1.0
InputActivityRatio,B_Opt_IndiaCostsFuel,GLOBAL,RNWRPOINDSO,ELCINDSO00,,1,2030,,,,,,1.0
InputActivityRatio,B_Opt_IndiaCostsFuel,GLOBAL,RNWRPOINDSO,ELCINDSO00,,1,2031,,,,,,1.0
InputActivityRatio,B_Opt_IndiaCostsFuel,GLOBAL,RNWRPOINDSO,ELCINDSO00,,1,2032,,,,,,1.0
InputActivityRatio,B_Opt_IndiaCostsFuel,GLOBAL,RNWRPOINDSO,ELCINDSO00,,1,2033,,,,,,1.0
InputActivityRatio,B_Opt_IndiaCostsFuel,GLOBAL,RNWRPOINDSO,ELCINDSO00,,1,2034,,,,,,1.0
InputActivityRatio,B_Opt_IndiaCostsFuel,GLOBAL,RNWRPOINDSO,ELCINDSO00,,1,2035,,,,,,1.0
InputActivityRatio,B_Opt_IndiaCostsFuel,GLOBAL,RNWRPOINDSO,ELCINDSO00,,1,2036,,,,,,1.0
InputActivityRatio,B_Opt_IndiaCostsFuel,GLOBAL,RNWRPOINDSO,ELCINDSO00,,1,2037,,,,,,1.0
InputActivityRatio,B_Opt_IndiaCostsFuel,GLOBAL,RNWRPOINDSO,ELCINDSO00,,1,2038,,,,,,1.0
InputActivityRatio,B_Opt_IndiaCostsFuel,GLOBAL,RNWRPOINDSO,ELCINDSO00,,1,2039,,,,,,1.0
InputActivityRatio,B_Opt_IndiaCostsFuel,GLOBAL,RNWRPOINDSO,ELCINDSO00,,1,2040,,,,,,1.0
InputActivityRatio,B_Opt_IndiaCostsFuel,GLOBAL,RNWRPOINDSO,ELCINDSO00,,1,2041,,,,,,1.0
InputActivityRatio,B_Opt_IndiaCostsFuel,GLOBAL,RNWRPOINDSO,ELCINDSO00,,1,2042,,,,,,1.0
InputActivityRatio,B_Opt_IndiaCostsFuel,GLOBAL,RNWRPOINDSO,ELCINDSO00,,1,2043,,,,,,1.0
InputActivityRatio,B_Opt_IndiaCostsFuel,GLOBAL,RNWRPOINDSO,ELCINDSO00,,1,2044,,,,,,1.0
InputActivityRatio,B_Opt_IndiaCostsFuel,GLOBAL,RNWRPOINDSO,ELCINDSO00,,1,2045,,,,,,1.0
InputActivityRatio,B_Opt_IndiaCostsFuel,GLOBAL,RNWRPOINDSO,ELCINDSO00,,1,2046,,,,,,1.0
InputActivityRatio,B_Opt_IndiaCostsFuel,GLOBAL,RNWRPOINDSO,ELCINDSO00,,1,2047,,,,,,1.0
InputActivityRatio,B_Opt_IndiaCostsFuel,GLOBAL,RNWRPOINDSO,ELCINDSO00,,1,2048,,,,,,1.0
InputActivityRatio,B_Opt_IndiaCostsFuel,GLOBAL,RNWRPOINDSO,ELCINDSO00,,1,2049,,,,,,1.0
InputActivityRatio,B_Opt_IndiaCostsFuel,GLOBAL,RNWRPOINDSO,ELCINDSO00,,1,2050,,,,,,1.0
InputActivityRatio,B_Opt_IndiaCostsFuel,GLOBAL,RNWNLIINDSO,ELCINDSO00,,1,2023,,,,,,1.0
InputActivityRatio,B_Opt_IndiaCostsFuel,GLOBAL,RNWNLIINDSO,ELCINDSO00,,1,2024,,,,,,1.0
InputActivityRatio,B_Opt_IndiaCostsFuel,GLOBAL,RNWNLIINDSO,ELCINDSO00,,1,2025,,,,,,1.0
InputActivityRatio,B_Opt_IndiaCostsFuel,GLOBAL,RNWNLIINDSO,ELCINDSO00,,1,2026,,,,,,1.0
InputActivityRatio,B_Opt_IndiaCostsFuel,GLOBAL,RNWNLIINDSO,ELCINDSO00,,1,2027,,,,,,1.0
InputActivityRatio,B_Opt_IndiaCostsFuel,GLOBAL,RNWNLIINDSO,ELCINDSO00,,1,2028,,,,,,1.0
InputActivityRatio,B_Opt_IndiaCostsFuel,GLOBAL,RNWNLIINDSO,ELCINDSO00,,1,2029,,,,,,1.0
InputActivityRatio,B_Opt_IndiaCostsFuel,GLOBAL,RNWNLIINDSO,ELCINDSO00,,1,2030,,,,,,1.0
InputActivityRatio,B_Opt_IndiaCostsFuel,GLOBAL,RNWNLIINDSO,ELCINDSO00,,1,2031,,,,,,1.0
InputActivityRatio,B_Opt_IndiaCostsFuel,GLOBAL,RNWNLIINDSO,ELCINDSO00,,1,2032,,,,,,1.0
InputActivityRatio,B_Opt_IndiaCostsFuel,GLOBAL,RNWNLIINDSO,ELCINDSO00,,1,2033,,,,,,1.0
InputActivityRatio,B_Opt_IndiaCostsFuel,GLOBAL,RNWNLIINDSO,ELCINDSO00,,1,2034,,,,,,1.0
InputActivityRatio,B_Opt_IndiaCostsFuel,GLOBAL,RNWNLIINDSO,ELCINDSO00,,1,2035,,,,,,1.0
InputActivityRatio,B_Opt_IndiaCostsFuel,GLOBAL,RNWNLIINDSO,ELCINDSO00,,1,2036,,,,,,1.0
InputActivityRatio,B_Opt_IndiaCostsFuel,GLOBAL,RNWNLIINDSO,ELCINDSO00,,1,2037,,,,,,1.0
InputActivityRatio,B_Opt_IndiaCostsFuel,GLOBAL,RNWNLIINDSO,ELCINDSO00,,1,2038,,,,,,1.0
InputActivityRatio,B_Opt_IndiaCostsFuel,GLOBAL,RNWNLIINDSO,ELCINDSO00,,1,2039,,,,,,1.0
InputActivityRatio,B_Opt_IndiaCostsFuel,GLOBAL,RNWNLIINDSO,ELCINDSO00,,1,2040,,,,,,1.0
InputActivityRatio,B_Opt_IndiaCostsFuel,GLOBAL,RNWNLIINDSO,ELCINDSO00,,1,2041,,,,,,1.0
InputActivityRatio,B_Opt_IndiaCostsFuel,GLOBAL,RNWNLIINDSO,ELCINDSO00,,1,2042,,,,,,1.0
InputActivityRatio,B_Opt_IndiaCostsFuel,GLOBAL,RNWNLIINDSO,ELCINDSO00,,1,2043,,,,,,1.0
InputActivityRatio,B_Opt_IndiaCostsFuel,GLOBAL,RNWNLIINDSO,ELCINDSO00,,1,2044,,,,,,1.0
InputActivityRatio,B_Opt_IndiaCostsFuel,GLOBAL,RNWNLIINDSO,ELCINDSO00,,1,2045,,,,,,1.0
InputActivityRatio,B_Opt_IndiaCostsFuel,GLOBAL,RNWNLIINDSO,ELCINDSO00,,1,2046,,,,,,1.0
InputActivityRatio,B_Opt_IndiaCostsFuel,GLOBAL,RNWNLIINDSO,ELCINDSO00,,1,2047,,,,,,1.0
InputActivityRatio,B_Opt_IndiaCostsFuel,GLOBAL,RNWNLIINDSO,ELCINDSO00,,1,2048,,,,,,1.0
InputActivityRatio,B_Opt_IndiaCostsFuel,GLOBAL,RNWNLIINDSO,ELCINDSO00,,1,2049,,,,,,1.0
InputActivityRatio,B_Opt_IndiaCostsFuel,GLOBAL,RNWNLIINDSO,ELCINDSO00,,1,2050,,,,,,1.0
InputActivityRatio,B_Opt_IndiaCostsFuel,GLOBAL,PWRTRNINDSO,ELCINDSO01,,1,2023,,,,,,1.0
InputActivityRatio,B_Opt_IndiaCostsFuel,GLOBAL,PWRTRNINDSO,ELCINDSO01,,1,2024,,,,,,1.0
InputActivityRatio,B_Opt_IndiaCostsFuel,GLOBAL,PWRTRNINDSO,ELCINDSO01,,1,2025,,,,,,1.0
InputActivityRatio,B_Opt_IndiaCostsFuel,GLOBAL,PWRTRNINDSO,ELCINDSO01,,1,2026,,,,,,1.0
InputActivityRatio,B_Opt_IndiaCostsFuel,GLOBAL,PWRTRNINDSO,ELCINDSO01,,1,2027,,,,,,1.0
InputActivityRatio,B_Opt_IndiaCostsFuel,GLOBAL,PWRTRNINDSO,ELCINDSO01,,1,2028,,,,,,1.0
InputActivityRatio,B_Opt_IndiaCostsFuel,GLOBAL,PWRTRNINDSO,ELCINDSO01,,1,2029,,,,,,1.0
InputActivityRatio,B_Opt_IndiaCostsFuel,GLOBAL,PWRTRNINDSO,ELCINDSO01,,1,2030,,,,,,1.0
InputActivityRatio,B_Opt_IndiaCostsFuel,GLOBAL,PWRTRNINDSO,ELCINDSO01,,1,2031,,,,,,1.0
InputActivityRatio,B_Opt_IndiaCostsFuel,GLOBAL,PWRTRNINDSO,ELCINDSO01,,1,2032,,,,,,1.0
InputActivityRatio,B_Opt_IndiaCostsFuel,GLOBAL,PWRTRNINDSO,ELCINDSO01,,1,2033,,,,,,1.0
InputActivityRatio,B_Opt_IndiaCostsFuel,GLOBAL,PWRTRNINDSO,ELCINDSO01,,1,2034,,,,,,1.0
InputActivityRatio,B_Opt_IndiaCostsFuel,GLOBAL,PWRTRNINDSO,ELCINDSO01,,1,2035,,,,,,1.0
InputActivityRatio,B_Opt_IndiaCostsFuel,GLOBAL,PWRTRNINDSO,ELCINDSO01,,1,2036,,,,,,1.0
InputActivityRatio,B_Opt_IndiaCostsFuel,GLOBAL,PWRTRNINDSO,ELCINDSO01,,1,2037,,,,,,1.0
InputActivityRatio,B_Opt_IndiaCostsFuel,GLOBAL,PWRTRNINDSO,ELCINDSO01,,1,2038,,,,,,1.0
InputActivityRatio,B_Opt_IndiaCostsFuel,GLOBAL,PWRTRNINDSO,ELCINDSO01,,1,2039,,,,,,1.0
InputActivityRatio,B_Opt_IndiaCostsFuel,GLOBAL,PWRTRNINDSO,ELCINDSO01,,1,2040,,,,,,1.0
InputActivityRatio,B_Opt_IndiaCostsFuel,GLOBAL,PWRTRNINDSO,ELCINDSO01,,1,2041,,,,,,1.0
InputActivityRatio,B_Opt_IndiaCostsFuel,GLOBAL,PWRTRNINDSO,ELCINDSO01,,1,2042,,,,,,1.0
InputActivityRatio,B_Opt_IndiaCostsFuel,GLOBAL,PWRTRNINDSO,ELCINDSO01,,1,2043,,,,,,1.0
InputActivityRatio,B_Opt_IndiaCostsFuel,GLOBAL,PWRTRNINDSO,ELCINDSO01,,1,2044,,,,,,1.0
InputActivityRatio,B_Opt_IndiaCostsFuel,GLOBAL,PWRTRNINDSO,ELCINDSO01,,1,2045,,,,,,1.0
InputActivityRatio,B_Opt_IndiaCostsFuel,GLOBAL,PWRTRNINDSO,ELCINDSO01,,1,2046,,,,,,1.0
InputActivityRatio,B_Opt_IndiaCostsFuel,GLOBAL,PWRTRNINDSO,ELCINDSO01,,1,2047,,,,,,1.0
InputActivityRatio,B_Opt_IndiaCostsFuel,GLOBAL,PWRTRNINDSO,ELCINDSO01,,1,2048,,,,,,1.0
InputActivityRatio,B_Opt_IndiaCostsFuel,GLOBAL,PWRTRNINDSO,ELCINDSO01,,1,2049,,,,,,1.0
InputActivityRatio,B_Opt_IndiaCostsFuel,GLOBAL,PWRTRNINDSO,ELCINDSO01,,1,2050,,,,,,1.0
InputActivityRatio,B_Opt_IndiaCostsFuel,GLOBAL,TRNRPOINDSO,ELCINDSO01,,1,2023,,,,,,1.0
InputActivityRatio,B_Opt_IndiaCostsFuel,GLOBAL,TRNRPOINDSO,ELCINDSO01,,1,2024,,,,,,1.0
InputActivityRatio,B_Opt_IndiaCostsFuel,GLOBAL,TRNRPOINDSO,ELCINDSO01,,1,2025,,,,,,1.0
InputActivityRatio,B_Opt_IndiaCostsFuel,GLOBAL,TRNRPOINDSO,ELCINDSO01,,1,2026,,,,,,1.0
InputActivityRatio,B_Opt_IndiaCostsFuel,GLOBAL,TRNRPOINDSO,ELCINDSO01,,1,2027,,,,,,1.0
InputActivityRatio,B_Opt_IndiaCostsFuel,GLOBAL,TRNRPOINDSO,ELCINDSO01,,1,2028,,,,,,1.0
InputActivityRatio,B_Opt_IndiaCostsFuel,GLOBAL,TRNRPOINDSO,ELCINDSO01,,1,2029,,,,,,1.0
InputActivityRatio,B_Opt_IndiaCostsFuel,GLOBAL,TRNRPOINDSO,ELCINDSO01,,1,2030,,,,,,1.0
InputActivityRatio,B_Opt_IndiaCostsFuel,GLOBAL,TRNRPOINDSO,ELCINDSO01,,1,2031,,,,,,1.0
InputActivityRatio,B_Opt_IndiaCostsFuel,GLOBAL,TRNRPOINDSO,ELCINDSO01,,1,2032,,,,,,1.0
InputActivityRatio,B_Opt_IndiaCostsFuel,GLOBAL,TRNRPOINDSO,ELCINDSO01,,1,2033,,,,,,1.0
InputActivityRatio,B_Opt_IndiaCostsFuel,GLOBAL,TRNRPOINDSO,ELCINDSO01,,1,2034,,,,,,1.0
InputActivityRatio,B_Opt_IndiaCostsFuel,GLOBAL,TRNRPOINDSO,ELCINDSO01,,1,2035,,,,,,1.0
InputActivityRatio,B_Opt_IndiaCostsFuel,GLOBAL,TRNRPOINDSO,ELCINDSO01,,1,2036,,,,,,1.0
InputActivityRatio,B_Opt_IndiaCostsFuel,GLOBAL,TRNRPOINDSO,ELCINDSO01,,1,2037,,,,,,1.0
InputActivityRatio,B_Opt_IndiaCostsFuel,GLOBAL,TRNRPOINDSO,ELCINDSO01,,1,2038,,,,,,1.0
InputActivityRatio,B_Opt_IndiaCostsFuel,GLOBAL,TRNRPOINDSO,ELCINDSO01,,1,2039,,,,,,1.0
InputActivityRatio,B_Opt_IndiaCostsFuel,GLOBAL,TRNRPOINDSO,ELCINDSO01,,1,2040,,,,,,1.0
InputActivityRatio,B_Opt_IndiaCostsFuel,GLOBAL,TRNRPOINDSO,ELCINDSO01,,1,2041,,,,,,1.0
InputActivityRatio,B_Opt_IndiaCostsFuel,GLOBAL,TRNRPOINDSO,ELCINDSO01,,1,2042,,,,,,1.0
InputActivityRatio,B_Opt_IndiaCostsFuel,GLOBAL,TRNRPOINDSO,ELCINDSO01,,1,2043,,,,,,1.0
InputActivityRatio,B_Opt_IndiaCostsFuel,GLOBAL,TRNRPOINDSO,ELCINDSO01,,1,2044,,,,,,1.0
InputActivityRatio,B_Opt_IndiaCostsFuel,GLOBAL,TRNRPOINDSO,ELCINDSO01,,1,2045,,,,,,1.0
InputActivityRatio,B_Opt_IndiaCostsFuel,GLOBAL,TRNRPOINDSO,ELCINDSO01,,1,2046,,,,,,1.0
InputActivityRatio,B_Opt_IndiaCostsFuel,GLOBAL,TRNRPOINDSO,ELCINDSO01,,1,2047,,,,,,1.0
InputActivityRatio,B_Opt_IndiaCostsFuel,GLOBAL,TRNRPOINDSO,ELCINDSO01,,1,2048,,,,,,1.0
InputActivityRatio,B_Opt_IndiaCostsFuel,GLOBAL,TRNRPOINDSO,ELCINDSO01,,1,2049,,,,,,1.0
InputActivityRatio,B_Opt_IndiaCostsFuel,GLOBAL,TRNRPOINDSO,ELCINDSO01,,1,2050,,,,,,1.0
InputActivityRatio,B_Opt_IndiaCostsFuel,GLOBAL,TRNNLIINDSO,ELCINDSO01,,1,2023,,,,,,1.0
InputActivityRatio,B_Opt_IndiaCostsFuel,GLOBAL,TRNNLIINDSO,ELCINDSO01,,1,2024,,,,,,1.0
InputActivityRatio,B_Opt_IndiaCostsFuel,GLOBAL,TRNNLIINDSO,ELCINDSO01,,1,2025,,,,,,1.0
InputActivityRatio,B_Opt_IndiaCostsFuel,GLOBAL,TRNNLIINDSO,ELCINDSO01,,1,2026,,,,,,1.0
InputActivityRatio,B_Opt_IndiaCostsFuel,GLOBAL,TRNNLIINDSO,ELCINDSO01,,1,2027,,,,,,1.0
InputActivityRatio,B_Opt_IndiaCostsFuel,GLOBAL,TRNNLIINDSO,ELCINDSO01,,1,2028,,,,,,1.0
InputActivityRatio,B_Opt_IndiaCostsFuel,GLOBAL,TRNNLIINDSO,ELCINDSO01,,1,2029,,,,,,1.0
InputActivityRatio,B_Opt_IndiaCostsFuel,GLOBAL,TRNNLIINDSO,ELCINDSO01,,1,2030,,,,,,1.0
InputActivityRatio,B_Opt_IndiaCostsFuel,GLOBAL,TRNNLIINDSO,ELCINDSO01,,1,2031,,,,,,1.0
InputActivityRatio,B_Opt_IndiaCostsFuel,GLOBAL,TRNNLIINDSO,ELCINDSO01,,1,2032,,,,,,1.0
InputActivityRatio,B_Opt_IndiaCostsFuel,GLOBAL,TRNNLIINDSO,ELCINDSO01,,1,2033,,,,,,1.0
InputActivityRatio,B_Opt_IndiaCostsFuel,GLOBAL,TRNNLIINDSO,ELCINDSO01,,1,2034,,,,,,1.0
InputActivityRatio,B_Opt_IndiaCostsFuel,GLOBAL,TRNNLIINDSO,ELCINDSO01,,1,2035,,,,,,1.0
InputActivityRatio,B_Opt_IndiaCostsFuel,GLOBAL,TRNNLIINDSO,ELCINDSO01,,1,2036,,,,,,1.0
InputActivityRatio,B_Opt_IndiaCostsFuel,GLOBAL,TRNNLIINDSO,ELCINDSO01,,1,2037,,,,,,1.0
InputActivityRatio,B_Opt_IndiaCostsFuel,GLOBAL,TRNNLIINDSO,ELCINDSO01,,1,2038,,,,,,1.0
InputActivityRatio,B_Opt_IndiaCostsFuel,GLOBAL,TRNNLIINDSO,ELCINDSO01,,1,2039,,,,,,1.0
InputActivityRatio,B_Opt_IndiaCostsFuel,GLOBAL,TRNNLIINDSO,ELCINDSO01,,1,2040,,,,,,1.0
InputActivityRatio,B_Opt_IndiaCostsFuel,GLOBAL,TRNNLIINDSO,ELCINDSO01,,1,2041,,,,,,1.0
InputActivityRatio,B_Opt_IndiaCostsFuel,GLOBAL,TRNNLIINDSO,ELCINDSO01,,1,2042,,,,,,1.0
InputActivityRatio,B_Opt_IndiaCostsFuel,GLOBAL,TRNNLIINDSO,ELCINDSO01,,1,2043,,,,,,1.0
InputActivityRatio,B_Opt_IndiaCostsFuel,GLOBAL,TRNNLIINDSO,ELCINDSO01,,1,2044,,,,,,1.0
InputActivityRatio,B_Opt_IndiaCostsFuel,GLOBAL,TRNNLIINDSO,ELCINDSO01,,1,2045,,,,,,1.0
InputActivityRatio,B_Opt_IndiaCostsFuel,GLOBAL,TRNNLIINDSO,ELCINDSO01,,1,2046,,,,,,1.0
InputActivityRatio,B_Opt_IndiaCostsFuel,GLOBAL,TRNNLIINDSO,ELCINDSO01,,1,2047,,,,,,1.0
InputActivityRatio,B_Opt_IndiaCostsFuel,GLOBAL,TRNNLIINDSO,ELCINDSO01,,1,2048,,,,,,1.0
InputActivityRatio,B_Opt_IndiaCostsFuel,GLOBAL,TRNNLIINDSO,ELCINDSO01,,1,2049,,,,,,1.0
InputActivityRatio,B_Opt_IndiaCostsFuel,GLOBAL,TRNNLIINDSO,ELCINDSO01,,1,2050,,,,,,1.0
InputActivityRatio,B_Opt_IndiaCostsFuel,GLOBAL,DSPTRNINDSO,ELCINDSO02,,1,2023,,,,,,1.0
InputActivityRatio,B_Opt_IndiaCostsFuel,GLOBAL,DSPTRNINDSO,ELCINDSO02,,1,2024,,,,,,1.0
InputActivityRatio,B_Opt_IndiaCostsFuel,GLOBAL,DSPTRNINDSO,ELCINDSO02,,1,2025,,,,,,1.0
InputActivityRatio,B_Opt_IndiaCostsFuel,GLOBAL,DSPTRNINDSO,ELCINDSO02,,1,2026,,,,,,1.0
InputActivityRatio,B_Opt_IndiaCostsFuel,GLOBAL,DSPTRNINDSO,ELCINDSO02,,1,2027,,,,,,1.0
InputActivityRatio,B_Opt_IndiaCostsFuel,GLOBAL,DSPTRNINDSO,ELCINDSO02,,1,2028,,,,,,1.0
InputActivityRatio,B_Opt_IndiaCostsFuel,GLOBAL,DSPTRNINDSO,ELCINDSO02,,1,2029,,,,,,1.0
InputActivityRatio,B_Opt_IndiaCostsFuel,GLOBAL,DSPTRNINDSO,ELCINDSO02,,1,2030,,,,,,1.0
InputActivityRatio,B_Opt_IndiaCostsFuel,GLOBAL,DSPTRNINDSO,ELCINDSO02,,1,2031,,,,,,1.0
InputActivityRatio,B_Opt_IndiaCostsFuel,GLOBAL,DSPTRNINDSO,ELCINDSO02,,1,2032,,,,,,1.0
InputActivityRatio,B_Opt_IndiaCostsFuel,GLOBAL,DSPTRNINDSO,ELCINDSO02,,1,2033,,,,,,1.0
InputActivityRatio,B_Opt_IndiaCostsFuel,GLOBAL,DSPTRNINDSO,ELCINDSO02,,1,2034,,,,,,1.0
InputActivityRatio,B_Opt_IndiaCostsFuel,GLOBAL,DSPTRNINDSO,ELCINDSO02,,1,2035,,,,,,1.0
InputActivityRatio,B_Opt_IndiaCostsFuel,GLOBAL,DSPTRNINDSO,ELCINDSO02,,1,2036,,,,,,1.0
InputActivityRatio,B_Opt_IndiaCostsFuel,GLOBAL,DSPTRNINDSO,ELCINDSO02,,1,2037,,,,,,1.0
InputActivityRatio,B_Opt_IndiaCostsFuel,GLOBAL,DSPTRNINDSO,ELCINDSO02,,1,2038,,,,,,1.0
InputActivityRatio,B_Opt_IndiaCostsFuel,GLOBAL,DSPTRNINDSO,ELCINDSO02,,1,2039,,,,,,1.0
InputActivityRatio,B_Opt_IndiaCostsFuel,GLOBAL,DSPTRNINDSO,ELCINDSO02,,1,2040,,,,,,1.0
InputActivityRatio,B_Opt_IndiaCostsFuel,GLOBAL,DSPTRNINDSO,ELCINDSO02,,1,2041,,,,,,1.0
InputActivityRatio,B_Opt_IndiaCostsFuel,GLOBAL,DSPTRNINDSO,ELCINDSO02,,1,2042,,,,,,1.0
InputActivityRatio,B_Opt_IndiaCostsFuel,GLOBAL,DSPTRNINDSO,ELCINDSO02,,1,2043,,,,,,1.0
InputActivityRatio,B_Opt_IndiaCostsFuel,GLOBAL,DSPTRNINDSO,ELCINDSO02,,1,2044,,,,,,1.0
InputActivityRatio,B_Opt_IndiaCostsFuel,GLOBAL,DSPTRNINDSO,ELCINDSO02,,1,2045,,,,,,1.0
InputActivityRatio,B_Opt_IndiaCostsFuel,GLOBAL,DSPTRNINDSO,ELCINDSO02,,1,2046,,,,,,1.0
InputActivityRatio,B_Opt_IndiaCostsFuel,GLOBAL,DSPTRNINDSO,ELCINDSO02,,1,2047,,,,,,1.0
InputActivityRatio,B_Opt_IndiaCostsFuel,GLOBAL,DSPTRNINDSO,ELCINDSO02,,1,2048,,,,,,1.0
InputActivityRatio,B_Opt_IndiaCostsFuel,GLOBAL,DSPTRNINDSO,ELCINDSO02,,1,2049,,,,,,1.0
InputActivityRatio,B_Opt_IndiaCostsFuel,GLOBAL,DSPTRNINDSO,ELCINDSO02,,1,2050,,,,,,1.0
InputActivityRatio,B_Opt_IndiaCostsFuel,GLOBAL,DSPTRNINDSO,ELCINDSO04,,2,2023,,,,,,1.0
InputActivityRatio,B_Opt_IndiaCostsFuel,GLOBAL,DSPTRNINDSO,ELCINDSO04,,2,2024,,,,,,1.0
InputActivityRatio,B_Opt_IndiaCostsFuel,GLOBAL,DSPTRNINDSO,ELCINDSO04,,2,2025,,,,,,1.0
InputActivityRatio,B_Opt_IndiaCostsFuel,GLOBAL,DSPTRNINDSO,ELCINDSO04,,2,2026,,,,,,1.0
InputActivityRatio,B_Opt_IndiaCostsFuel,GLOBAL,DSPTRNINDSO,ELCINDSO04,,2,2027,,,,,,1.0
InputActivityRatio,B_Opt_IndiaCostsFuel,GLOBAL,DSPTRNINDSO,ELCINDSO04,,2,2028,,,,,,1.0
InputActivityRatio,B_Opt_IndiaCostsFuel,GLOBAL,DSPTRNINDSO,ELCINDSO04,,2,2029,,,,,,1.0
InputActivityRatio,B_Opt_IndiaCostsFuel,GLOBAL,DSPTRNINDSO,ELCINDSO04,,2,2030,,,,,,1.0
InputActivityRatio,B_Opt_IndiaCostsFuel,GLOBAL,DSPTRNINDSO,ELCINDSO04,,2,2031,,,,,,1.0
InputActivityRatio,B_Opt_IndiaCostsFuel,GLOBAL,DSPTRNINDSO,ELCINDSO04,,2,2032,,,,,,1.0
InputActivityRatio,B_Opt_IndiaCostsFuel,GLOBAL,DSPTRNINDSO,ELCINDSO04,,2,2033,,,,,,1.0
InputActivityRatio,B_Opt_IndiaCostsFuel,GLOBAL,DSPTRNINDSO,ELCINDSO04,,2,2034,,,,,,1.0
InputActivityRatio,B_Opt_IndiaCostsFuel,GLOBAL,DSPTRNINDSO,ELCINDSO04,,2,2035,,,,,,1.0
InputActivityRatio,B_Opt_IndiaCostsFuel,GLOBAL,DSPTRNINDSO,ELCINDSO04,,2,2036,,,,,,1.0
InputActivityRatio,B_Opt_IndiaCostsFuel,GLOBAL,DSPTRNINDSO,ELCINDSO04,,2,2037,,,,,,1.0
InputActivityRatio,B_Opt_IndiaCostsFuel,GLOBAL,DSPTRNINDSO,ELCINDSO04,,2,2038,,,,,,1.0
InputActivityRatio,B_Opt_IndiaCostsFuel,GLOBAL,DSPTRNINDSO,ELCINDSO04,,2,2039,,,,,,1.0
InputActivityRatio,B_Opt_IndiaCostsFuel,GLOBAL,DSPTRNINDSO,ELCINDSO04,,2,2040,,,,,,1.0
InputActivityRatio,B_Opt_IndiaCostsFuel,GLOBAL,DSPTRNINDSO,ELCINDSO04,,2,2041,,,,,,1.0
InputActivityRatio,B_Opt_IndiaCostsFuel,GLOBAL,DSPTRNINDSO,ELCINDSO04,,2,2042,,,,,,1.0
InputActivityRatio,B_Opt_IndiaCostsFuel,GLOBAL,DSPTRNINDSO,ELCINDSO04,,2,2043,,,,,,1.0
InputActivityRatio,B_Opt_IndiaCostsFuel,GLOBAL,DSPTRNINDSO,ELCINDSO04,,2,2044,,,,,,1.0
InputActivityRatio,B_Opt_IndiaCostsFuel,GLOBAL,DSPTRNINDSO,ELCINDSO04,,2,2045,,,,,,1.0
InputActivityRatio,B_Opt_IndiaCostsFuel,GLOBAL,DSPTRNINDSO,ELCINDSO04,,2,2046,,,,,,1.0
InputActivityRatio,B_Opt_IndiaCostsFuel,GLOBAL,DSPTRNINDSO,ELCINDSO04,,2,2047,,,,,,1.0
InputActivityRatio,B_Opt_IndiaCostsFuel,GLOBAL,DSPTRNINDSO,ELCINDSO04,,2,2048,,,,,,1.0
InputActivityRatio,B_Opt_IndiaCostsFuel,GLOBAL,DSPTRNINDSO,ELCINDSO04,,2,2049,,,,,,1.0
InputActivityRatio,B_Opt_IndiaCostsFuel,GLOBAL,DSPTRNINDSO,ELCINDSO04,,2,2050,,,,,,1.0
InputActivityRatio,B_Opt_IndiaCostsFuel,GLOBAL,RNWTRNINDWE,ELCINDWE00,,1,2023,,,,,,1.0
InputActivityRatio,B_Opt_IndiaCostsFuel,GLOBAL,RNWTRNINDWE,ELCINDWE00,,1,2024,,,,,,1.0
InputActivityRatio,B_Opt_IndiaCostsFuel,GLOBAL,RNWTRNINDWE,ELCINDWE00,,1,2025,,,,,,1.0
InputActivityRatio,B_Opt_IndiaCostsFuel,GLOBAL,RNWTRNINDWE,ELCINDWE00,,1,2026,,,,,,1.0
InputActivityRatio,B_Opt_IndiaCostsFuel,GLOBAL,RNWTRNINDWE,ELCINDWE00,,1,2027,,,,,,1.0
InputActivityRatio,B_Opt_IndiaCostsFuel,GLOBAL,RNWTRNINDWE,ELCINDWE00,,1,2028,,,,,,1.0
InputActivityRatio,B_Opt_IndiaCostsFuel,GLOBAL,RNWTRNINDWE,ELCINDWE00,,1,2029,,,,,,1.0
InputActivityRatio,B_Opt_IndiaCostsFuel,GLOBAL,RNWTRNINDWE,ELCINDWE00,,1,2030,,,,,,1.0
InputActivityRatio,B_Opt_IndiaCostsFuel,GLOBAL,RNWTRNINDWE,ELCINDWE00,,1,2031,,,,,,1.0
InputActivityRatio,B_Opt_IndiaCostsFuel,GLOBAL,RNWTRNINDWE,ELCINDWE00,,1,2032,,,,,,1.0
InputActivityRatio,B_Opt_IndiaCostsFuel,GLOBAL,RNWTRNINDWE,ELCINDWE00,,1,2033,,,,,,1.0
InputActivityRatio,B_Opt_IndiaCostsFuel,GLOBAL,RNWTRNINDWE,ELCINDWE00,,1,2034,,,,,,1.0
InputActivityRatio,B_Opt_IndiaCostsFuel,GLOBAL,RNWTRNINDWE,ELCINDWE00,,1,2035,,,,,,1.0
InputActivityRatio,B_Opt_IndiaCostsFuel,GLOBAL,RNWTRNINDWE,ELCINDWE00,,1,2036,,,,,,1.0
InputActivityRatio,B_Opt_IndiaCostsFuel,GLOBAL,RNWTRNINDWE,ELCINDWE00,,1,2037,,,,,,1.0
InputActivityRatio,B_Opt_IndiaCostsFuel,GLOBAL,RNWTRNINDWE,ELCINDWE00,,1,2038,,,,,,1.0
InputActivityRatio,B_Opt_IndiaCostsFuel,GLOBAL,RNWTRNINDWE,ELCINDWE00,,1,2039,,,,,,1.0
InputActivityRatio,B_Opt_IndiaCostsFuel,GLOBAL,RNWTRNINDWE,ELCINDWE00,,1,2040,,,,,,1.0
InputActivityRatio,B_Opt_IndiaCostsFuel,GLOBAL,RNWTRNINDWE,ELCINDWE00,,1,2041,,,,,,1.0
InputActivityRatio,B_Opt_IndiaCostsFuel,GLOBAL,RNWTRNINDWE,ELCINDWE00,,1,2042,,,,,,1.0
InputActivityRatio,B_Opt_IndiaCostsFuel,GLOBAL,RNWTRNINDWE,ELCINDWE00,,1,2043,,,,,,1.0
InputActivityRatio,B_Opt_IndiaCostsFuel,GLOBAL,RNWTRNINDWE,ELCINDWE00,,1,2044,,,,,,1.0
InputActivityRatio,B_Opt_IndiaCostsFuel,GLOBAL,RNWTRNINDWE,ELCINDWE00,,1,2045,,,,,,1.0
InputActivityRatio,B_Opt_IndiaCostsFuel,GLOBAL,RNWTRNINDWE,ELCINDWE00,,1,2046,,,,,,1.0
InputActivityRatio,B_Opt_IndiaCostsFuel,GLOBAL,RNWTRNINDWE,ELCINDWE00,,1,2047,,,,,,1.0
InputActivityRatio,B_Opt_IndiaCostsFuel,GLOBAL,RNWTRNINDWE,ELCINDWE00,,1,2048,,,,,,1.0
InputActivityRatio,B_Opt_IndiaCostsFuel,GLOBAL,RNWTRNINDWE,ELCINDWE00,,1,2049,,,,,,1.0
InputActivityRatio,B_Opt_IndiaCostsFuel,GLOBAL,RNWTRNINDWE,ELCINDWE00,,1,2050,,,,,,1.0
InputActivityRatio,B_Opt_IndiaCostsFuel,GLOBAL,RNWRPOINDWE,ELCINDWE00,,1,2023,,,,,,1.0
InputActivityRatio,B_Opt_IndiaCostsFuel,GLOBAL,RNWRPOINDWE,ELCINDWE00,,1,2024,,,,,,1.0
InputActivityRatio,B_Opt_IndiaCostsFuel,GLOBAL,RNWRPOINDWE,ELCINDWE00,,1,2025,,,,,,1.0
InputActivityRatio,B_Opt_IndiaCostsFuel,GLOBAL,RNWRPOINDWE,ELCINDWE00,,1,2026,,,,,,1.0
InputActivityRatio,B_Opt_IndiaCostsFuel,GLOBAL,RNWRPOINDWE,ELCINDWE00,,1,2027,,,,,,1.0
InputActivityRatio,B_Opt_IndiaCostsFuel,GLOBAL,RNWRPOINDWE,ELCINDWE00,,1,2028,,,,,,1.0
InputActivityRatio,B_Opt_IndiaCostsFuel,GLOBAL,RNWRPOINDWE,ELCINDWE00,,1,2029,,,,,,1.0
InputActivityRatio,B_Opt_IndiaCostsFuel,GLOBAL,RNWRPOINDWE,ELCINDWE00,,1,2030,,,,,,1.0
InputActivityRatio,B_Opt_IndiaCostsFuel,GLOBAL,RNWRPOINDWE,ELCINDWE00,,1,2031,,,,,,1.0
InputActivityRatio,B_Opt_IndiaCostsFuel,GLOBAL,RNWRPOINDWE,ELCINDWE00,,1,2032,,,,,,1.0
InputActivityRatio,B_Opt_IndiaCostsFuel,GLOBAL,RNWRPOINDWE,ELCINDWE00,,1,2033,,,,,,1.0
InputActivityRatio,B_Opt_IndiaCostsFuel,GLOBAL,RNWRPOINDWE,ELCINDWE00,,1,2034,,,,,,1.0
InputActivityRatio,B_Opt_IndiaCostsFuel,GLOBAL,RNWRPOINDWE,ELCINDWE00,,1,2035,,,,,,1.0
InputActivityRatio,B_Opt_IndiaCostsFuel,GLOBAL,RNWRPOINDWE,ELCINDWE00,,1,2036,,,,,,1.0
InputActivityRatio,B_Opt_IndiaCostsFuel,GLOBAL,RNWRPOINDWE,ELCINDWE00,,1,2037,,,,,,1.0
InputActivityRatio,B_Opt_IndiaCostsFuel,GLOBAL,RNWRPOINDWE,ELCINDWE00,,1,2038,,,,,,1.0
InputActivityRatio,B_Opt_IndiaCostsFuel,GLOBAL,RNWRPOINDWE,ELCINDWE00,,1,2039,,,,,,1.0
InputActivityRatio,B_Opt_IndiaCostsFuel,GLOBAL,RNWRPOINDWE,ELCINDWE00,,1,2040,,,,,,1.0
InputActivityRatio,B_Opt_IndiaCostsFuel,GLOBAL,RNWRPOINDWE,ELCINDWE00,,1,2041,,,,,,1.0
InputActivityRatio,B_Opt_IndiaCostsFuel,GLOBAL,RNWRPOINDWE,ELCINDWE00,,1,2042,,,,,,1.0
InputActivityRatio,B_Opt_IndiaCostsFuel,GLOBAL,RNWRPOINDWE,ELCINDWE00,,1,2043,,,,,,1.0
InputActivityRatio,B_Opt_IndiaCostsFuel,GLOBAL,RNWRPOINDWE,ELCINDWE00,,1,2044,,,,,,1.0
InputActivityRatio,B_Opt_IndiaCostsFuel,GLOBAL,RNWRPOINDWE,ELCINDWE00,,1,2045,,,,,,1.0
InputActivityRatio,B_Opt_IndiaCostsFuel,GLOBAL,RNWRPOINDWE,ELCINDWE00,,1,2046,,,,,,1.0
InputActivityRatio,B_Opt_IndiaCostsFuel,GLOBAL,RNWRPOINDWE,ELCINDWE00,,1,2047,,,,,,1.0
InputActivityRatio,B_Opt_IndiaCostsFuel,GLOBAL,RNWRPOINDWE,ELCINDWE00,,1,2048,,,,,,1.0
InputActivityRatio,B_Opt_IndiaCostsFuel,GLOBAL,RNWRPOINDWE,ELCINDWE00,,1,2049,,,,,,1.0
InputActivityRatio,B_Opt_IndiaCostsFuel,GLOBAL,RNWRPOINDWE,ELCINDWE00,,1,2050,,,,,,1.0
InputActivityRatio,B_Opt_IndiaCostsFuel,GLOBAL,RNWNLIINDWE,ELCINDWE00,,1,2023,,,,,,1.0
InputActivityRatio,B_Opt_IndiaCostsFuel,GLOBAL,RNWNLIINDWE,ELCINDWE00,,1,2024,,,,,,1.0
InputActivityRatio,B_Opt_IndiaCostsFuel,GLOBAL,RNWNLIINDWE,ELCINDWE00,,1,2025,,,,,,1.0
InputActivityRatio,B_Opt_IndiaCostsFuel,GLOBAL,RNWNLIINDWE,ELCINDWE00,,1,2026,,,,,,1.0
InputActivityRatio,B_Opt_IndiaCostsFuel,GLOBAL,RNWNLIINDWE,ELCINDWE00,,1,2027,,,,,,1.0
InputActivityRatio,B_Opt_IndiaCostsFuel,GLOBAL,RNWNLIINDWE,ELCINDWE00,,1,2028,,,,,,1.0
InputActivityRatio,B_Opt_IndiaCostsFuel,GLOBAL,RNWNLIINDWE,ELCINDWE00,,1,2029,,,,,,1.0
InputActivityRatio,B_Opt_IndiaCostsFuel,GLOBAL,RNWNLIINDWE,ELCINDWE00,,1,2030,,,,,,1.0
InputActivityRatio,B_Opt_IndiaCostsFuel,GLOBAL,RNWNLIINDWE,ELCINDWE00,,1,2031,,,,,,1.0
InputActivityRatio,B_Opt_IndiaCostsFuel,GLOBAL,RNWNLIINDWE,ELCINDWE00,,1,2032,,,,,,1.0
InputActivityRatio,B_Opt_IndiaCostsFuel,GLOBAL,RNWNLIINDWE,ELCINDWE00,,1,2033,,,,,,1.0
InputActivityRatio,B_Opt_IndiaCostsFuel,GLOBAL,RNWNLIINDWE,ELCINDWE00,,1,2034,,,,,,1.0
InputActivityRatio,B_Opt_IndiaCostsFuel,GLOBAL,RNWNLIINDWE,ELCINDWE00,,1,2035,,,,,,1.0
InputActivityRatio,B_Opt_IndiaCostsFuel,GLOBAL,RNWNLIINDWE,ELCINDWE00,,1,2036,,,,,,1.0
InputActivityRatio,B_Opt_IndiaCostsFuel,GLOBAL,RNWNLIINDWE,ELCINDWE00,,1,2037,,,,,,1.0
InputActivityRatio,B_Opt_IndiaCostsFuel,GLOBAL,RNWNLIINDWE,ELCINDWE00,,1,2038,,,,,,1.0
InputActivityRatio,B_Opt_IndiaCostsFuel,GLOBAL,RNWNLIINDWE,ELCINDWE00,,1,2039,,,,,,1.0
InputActivityRatio,B_Opt_IndiaCostsFuel,GLOBAL,RNWNLIINDWE,ELCINDWE00,,1,2040,,,,,,1.0
InputActivityRatio,B_Opt_IndiaCostsFuel,GLOBAL,RNWNLIINDWE,ELCINDWE00,,1,2041,,,,,,1.0
InputActivityRatio,B_Opt_IndiaCostsFuel,GLOBAL,RNWNLIINDWE,ELCINDWE00,,1,2042,,,,,,1.0
InputActivityRatio,B_Opt_IndiaCostsFuel,GLOBAL,RNWNLIINDWE,ELCINDWE00,,1,2043,,,,,,1.0
InputActivityRatio,B_Opt_IndiaCostsFuel,GLOBAL,RNWNLIINDWE,ELCINDWE00,,1,2044,,,,,,1.0
InputActivityRatio,B_Opt_IndiaCostsFuel,GLOBAL,RNWNLIINDWE,ELCINDWE00,,1,2045,,,,,,1.0
InputActivityRatio,B_Opt_IndiaCostsFuel,GLOBAL,RNWNLIINDWE,ELCINDWE00,,1,2046,,,,,,1.0
InputActivityRatio,B_Opt_IndiaCostsFuel,GLOBAL,RNWNLIINDWE,ELCINDWE00,,1,2047,,,,,,1.0
InputActivityRatio,B_Opt_IndiaCostsFuel,GLOBAL,RNWNLIINDWE,ELCINDWE00,,1,2048,,,,,,1.0
InputActivityRatio,B_Opt_IndiaCostsFuel,GLOBAL,RNWNLIINDWE,ELCINDWE00,,1,2049,,,,,,1.0
InputActivityRatio,B_Opt_IndiaCostsFuel,GLOBAL,RNWNLIINDWE,ELCINDWE00,,1,2050,,,,,,1.0
InputActivityRatio,B_Opt_IndiaCostsFuel,GLOBAL,PWRTRNINDWE,ELCINDWE01,,1,2023,,,,,,1.0
InputActivityRatio,B_Opt_IndiaCostsFuel,GLOBAL,PWRTRNINDWE,ELCINDWE01,,1,2024,,,,,,1.0
InputActivityRatio,B_Opt_IndiaCostsFuel,GLOBAL,PWRTRNINDWE,ELCINDWE01,,1,2025,,,,,,1.0
InputActivityRatio,B_Opt_IndiaCostsFuel,GLOBAL,PWRTRNINDWE,ELCINDWE01,,1,2026,,,,,,1.0
InputActivityRatio,B_Opt_IndiaCostsFuel,GLOBAL,PWRTRNINDWE,ELCINDWE01,,1,2027,,,,,,1.0
InputActivityRatio,B_Opt_IndiaCostsFuel,GLOBAL,PWRTRNINDWE,ELCINDWE01,,1,2028,,,,,,1.0
InputActivityRatio,B_Opt_IndiaCostsFuel,GLOBAL,PWRTRNINDWE,ELCINDWE01,,1,2029,,,,,,1.0
InputActivityRatio,B_Opt_IndiaCostsFuel,GLOBAL,PWRTRNINDWE,ELCINDWE01,,1,2030,,,,,,1.0
InputActivityRatio,B_Opt_IndiaCostsFuel,GLOBAL,PWRTRNINDWE,ELCINDWE01,,1,2031,,,,,,1.0
InputActivityRatio,B_Opt_IndiaCostsFuel,GLOBAL,PWRTRNINDWE,ELCINDWE01,,1,2032,,,,,,1.0
InputActivityRatio,B_Opt_IndiaCostsFuel,GLOBAL,PWRTRNINDWE,ELCINDWE01,,1,2033,,,,,,1.0
InputActivityRatio,B_Opt_IndiaCostsFuel,GLOBAL,PWRTRNINDWE,ELCINDWE01,,1,2034,,,,,,1.0
InputActivityRatio,B_Opt_IndiaCostsFuel,GLOBAL,PWRTRNINDWE,ELCINDWE01,,1,2035,,,,,,1.0
InputActivityRatio,B_Opt_IndiaCostsFuel,GLOBAL,PWRTRNINDWE,ELCINDWE01,,1,2036,,,,,,1.0
InputActivityRatio,B_Opt_IndiaCostsFuel,GLOBAL,PWRTRNINDWE,ELCINDWE01,,1,2037,,,,,,1.0
InputActivityRatio,B_Opt_IndiaCostsFuel,GLOBAL,PWRTRNINDWE,ELCINDWE01,,1,2038,,,,,,1.0
InputActivityRatio,B_Opt_IndiaCostsFuel,GLOBAL,PWRTRNINDWE,ELCINDWE01,,1,2039,,,,,,1.0
InputActivityRatio,B_Opt_IndiaCostsFuel,GLOBAL,PWRTRNINDWE,ELCINDWE01,,1,2040,,,,,,1.0
InputActivityRatio,B_Opt_IndiaCostsFuel,GLOBAL,PWRTRNINDWE,ELCINDWE01,,1,2041,,,,,,1.0
InputActivityRatio,B_Opt_IndiaCostsFuel,GLOBAL,PWRTRNINDWE,ELCINDWE01,,1,2042,,,,,,1.0
InputActivityRatio,B_Opt_IndiaCostsFuel,GLOBAL,PWRTRNINDWE,ELCINDWE01,,1,2043,,,,,,1.0
InputActivityRatio,B_Opt_IndiaCostsFuel,GLOBAL,PWRTRNINDWE,ELCINDWE01,,1,2044,,,,,,1.0
InputActivityRatio,B_Opt_IndiaCostsFuel,GLOBAL,PWRTRNINDWE,ELCINDWE01,,1,2045,,,,,,1.0
InputActivityRatio,B_Opt_IndiaCostsFuel,GLOBAL,PWRTRNINDWE,ELCINDWE01,,1,2046,,,,,,1.0
InputActivityRatio,B_Opt_IndiaCostsFuel,GLOBAL,PWRTRNINDWE,ELCINDWE01,,1,2047,,,,,,1.0
InputActivityRatio,B_Opt_IndiaCostsFuel,GLOBAL,PWRTRNINDWE,ELCINDWE01,,1,2048,,,,,,1.0
InputActivityRatio,B_Opt_IndiaCostsFuel,GLOBAL,PWRTRNINDWE,ELCINDWE01,,1,2049,,,,,,1.0
InputActivityRatio,B_Opt_IndiaCostsFuel,GLOBAL,PWRTRNINDWE,ELCINDWE01,,1,2050,,,,,,1.0
InputActivityRatio,B_Opt_IndiaCostsFuel,GLOBAL,TRNRPOINDWE,ELCINDWE01,,1,2023,,,,,,1.0
InputActivityRatio,B_Opt_IndiaCostsFuel,GLOBAL,TRNRPOINDWE,ELCINDWE01,,1,2024,,,,,,1.0
InputActivityRatio,B_Opt_IndiaCostsFuel,GLOBAL,TRNRPOINDWE,ELCINDWE01,,1,2025,,,,,,1.0
InputActivityRatio,B_Opt_IndiaCostsFuel,GLOBAL,TRNRPOINDWE,ELCINDWE01,,1,2026,,,,,,1.0
InputActivityRatio,B_Opt_IndiaCostsFuel,GLOBAL,TRNRPOINDWE,ELCINDWE01,,1,2027,,,,,,1.0
InputActivityRatio,B_Opt_IndiaCostsFuel,GLOBAL,TRNRPOINDWE,ELCINDWE01,,1,2028,,,,,,1.0
InputActivityRatio,B_Opt_IndiaCostsFuel,GLOBAL,TRNRPOINDWE,ELCINDWE01,,1,2029,,,,,,1.0
InputActivityRatio,B_Opt_IndiaCostsFuel,GLOBAL,TRNRPOINDWE,ELCINDWE01,,1,2030,,,,,,1.0
InputActivityRatio,B_Opt_IndiaCostsFuel,GLOBAL,TRNRPOINDWE,ELCINDWE01,,1,2031,,,,,,1.0
InputActivityRatio,B_Opt_IndiaCostsFuel,GLOBAL,TRNRPOINDWE,ELCINDWE01,,1,2032,,,,,,1.0
InputActivityRatio,B_Opt_IndiaCostsFuel,GLOBAL,TRNRPOINDWE,ELCINDWE01,,1,2033,,,,,,1.0
InputActivityRatio,B_Opt_IndiaCostsFuel,GLOBAL,TRNRPOINDWE,ELCINDWE01,,1,2034,,,,,,1.0
InputActivityRatio,B_Opt_IndiaCostsFuel,GLOBAL,TRNRPOINDWE,ELCINDWE01,,1,2035,,,,,,1.0
InputActivityRatio,B_Opt_IndiaCostsFuel,GLOBAL,TRNRPOINDWE,ELCINDWE01,,1,2036,,,,,,1.0
InputActivityRatio,B_Opt_IndiaCostsFuel,GLOBAL,TRNRPOINDWE,ELCINDWE01,,1,2037,,,,,,1.0
InputActivityRatio,B_Opt_IndiaCostsFuel,GLOBAL,TRNRPOINDWE,ELCINDWE01,,1,2038,,,,,,1.0
InputActivityRatio,B_Opt_IndiaCostsFuel,GLOBAL,TRNRPOINDWE,ELCINDWE01,,1,2039,,,,,,1.0
InputActivityRatio,B_Opt_IndiaCostsFuel,GLOBAL,TRNRPOINDWE,ELCINDWE01,,1,2040,,,,,,1.0
InputActivityRatio,B_Opt_IndiaCostsFuel,GLOBAL,TRNRPOINDWE,ELCINDWE01,,1,2041,,,,,,1.0
InputActivityRatio,B_Opt_IndiaCostsFuel,GLOBAL,TRNRPOINDWE,ELCINDWE01,,1,2042,,,,,,1.0
InputActivityRatio,B_Opt_IndiaCostsFuel,GLOBAL,TRNRPOINDWE,ELCINDWE01,,1,2043,,,,,,1.0
InputActivityRatio,B_Opt_IndiaCostsFuel,GLOBAL,TRNRPOINDWE,ELCINDWE01,,1,2044,,,,,,1.0
InputActivityRatio,B_Opt_IndiaCostsFuel,GLOBAL,TRNRPOINDWE,ELCINDWE01,,1,2045,,,,,,1.0
InputActivityRatio,B_Opt_IndiaCostsFuel,GLOBAL,TRNRPOINDWE,ELCINDWE01,,1,2046,,,,,,1.0
InputActivityRatio,B_Opt_IndiaCostsFuel,GLOBAL,TRNRPOINDWE,ELCINDWE01,,1,2047,,,,,,1.0
InputActivityRatio,B_Opt_IndiaCostsFuel,GLOBAL,TRNRPOINDWE,ELCINDWE01,,1,2048,,,,,,1.0
InputActivityRatio,B_Opt_IndiaCostsFuel,GLOBAL,TRNRPOINDWE,ELCINDWE01,,1,2049,,,,,,1.0
InputActivityRatio,B_Opt_IndiaCostsFuel,GLOBAL,TRNRPOINDWE,ELCINDWE01,,1,2050,,,,,,1.0
InputActivityRatio,B_Opt_IndiaCostsFuel,GLOBAL,TRNNLIINDWE,ELCINDWE01,,1,2023,,,,,,1.0
InputActivityRatio,B_Opt_IndiaCostsFuel,GLOBAL,TRNNLIINDWE,ELCINDWE01,,1,2024,,,,,,1.0
InputActivityRatio,B_Opt_IndiaCostsFuel,GLOBAL,TRNNLIINDWE,ELCINDWE01,,1,2025,,,,,,1.0
InputActivityRatio,B_Opt_IndiaCostsFuel,GLOBAL,TRNNLIINDWE,ELCINDWE01,,1,2026,,,,,,1.0
InputActivityRatio,B_Opt_IndiaCostsFuel,GLOBAL,TRNNLIINDWE,ELCINDWE01,,1,2027,,,,,,1.0
InputActivityRatio,B_Opt_IndiaCostsFuel,GLOBAL,TRNNLIINDWE,ELCINDWE01,,1,2028,,,,,,1.0
InputActivityRatio,B_Opt_IndiaCostsFuel,GLOBAL,TRNNLIINDWE,ELCINDWE01,,1,2029,,,,,,1.0
InputActivityRatio,B_Opt_IndiaCostsFuel,GLOBAL,TRNNLIINDWE,ELCINDWE01,,1,2030,,,,,,1.0
InputActivityRatio,B_Opt_IndiaCostsFuel,GLOBAL,TRNNLIINDWE,ELCINDWE01,,1,2031,,,,,,1.0
InputActivityRatio,B_Opt_IndiaCostsFuel,GLOBAL,TRNNLIINDWE,ELCINDWE01,,1,2032,,,,,,1.0
InputActivityRatio,B_Opt_IndiaCostsFuel,GLOBAL,TRNNLIINDWE,ELCINDWE01,,1,2033,,,,,,1.0
InputActivityRatio,B_Opt_IndiaCostsFuel,GLOBAL,TRNNLIINDWE,ELCINDWE01,,1,2034,,,,,,1.0
InputActivityRatio,B_Opt_IndiaCostsFuel,GLOBAL,TRNNLIINDWE,ELCINDWE01,,1,2035,,,,,,1.0
InputActivityRatio,B_Opt_IndiaCostsFuel,GLOBAL,TRNNLIINDWE,ELCINDWE01,,1,2036,,,,,,1.0
InputActivityRatio,B_Opt_IndiaCostsFuel,GLOBAL,TRNNLIINDWE,ELCINDWE01,,1,2037,,,,,,1.0
InputActivityRatio,B_Opt_IndiaCostsFuel,GLOBAL,TRNNLIINDWE,ELCINDWE01,,1,2038,,,,,,1.0
InputActivityRatio,B_Opt_IndiaCostsFuel,GLOBAL,TRNNLIINDWE,ELCINDWE01,,1,2039,,,,,,1.0
InputActivityRatio,B_Opt_IndiaCostsFuel,GLOBAL,TRNNLIINDWE,ELCINDWE01,,1,2040,,,,,,1.0
InputActivityRatio,B_Opt_IndiaCostsFuel,GLOBAL,TRNNLIINDWE,ELCINDWE01,,1,2041,,,,,,1.0
InputActivityRatio,B_Opt_IndiaCostsFuel,GLOBAL,TRNNLIINDWE,ELCINDWE01,,1,2042,,,,,,1.0
InputActivityRatio,B_Opt_IndiaCostsFuel,GLOBAL,TRNNLIINDWE,ELCINDWE01,,1,2043,,,,,,1.0
InputActivityRatio,B_Opt_IndiaCostsFuel,GLOBAL,TRNNLIINDWE,ELCINDWE01,,1,2044,,,,,,1.0
InputActivityRatio,B_Opt_IndiaCostsFuel,GLOBAL,TRNNLIINDWE,ELCINDWE01,,1,2045,,,,,,1.0
InputActivityRatio,B_Opt_IndiaCostsFuel,GLOBAL,TRNNLIINDWE,ELCINDWE01,,1,2046,,,,,,1.0
InputActivityRatio,B_Opt_IndiaCostsFuel,GLOBAL,TRNNLIINDWE,ELCINDWE01,,1,2047,,,,,,1.0
InputActivityRatio,B_Opt_IndiaCostsFuel,GLOBAL,TRNNLIINDWE,ELCINDWE01,,1,2048,,,,,,1.0
InputActivityRatio,B_Opt_IndiaCostsFuel,GLOBAL,TRNNLIINDWE,ELCINDWE01,,1,2049,,,,,,1.0
InputActivityRatio,B_Opt_IndiaCostsFuel,GLOBAL,TRNNLIINDWE,ELCINDWE01,,1,2050,,,,,,1.0
InputActivityRatio,B_Opt_IndiaCostsFuel,GLOBAL,DSPTRNINDWE,ELCINDWE02,,1,2023,,,,,,1.0
InputActivityRatio,B_Opt_IndiaCostsFuel,GLOBAL,DSPTRNINDWE,ELCINDWE02,,1,2024,,,,,,1.0
InputActivityRatio,B_Opt_IndiaCostsFuel,GLOBAL,DSPTRNINDWE,ELCINDWE02,,1,2025,,,,,,1.0
InputActivityRatio,B_Opt_IndiaCostsFuel,GLOBAL,DSPTRNINDWE,ELCINDWE02,,1,2026,,,,,,1.0
InputActivityRatio,B_Opt_IndiaCostsFuel,GLOBAL,DSPTRNINDWE,ELCINDWE02,,1,2027,,,,,,1.0
InputActivityRatio,B_Opt_IndiaCostsFuel,GLOBAL,DSPTRNINDWE,ELCINDWE02,,1,2028,,,,,,1.0
InputActivityRatio,B_Opt_IndiaCostsFuel,GLOBAL,DSPTRNINDWE,ELCINDWE02,,1,2029,,,,,,1.0
InputActivityRatio,B_Opt_IndiaCostsFuel,GLOBAL,DSPTRNINDWE,ELCINDWE02,,1,2030,,,,,,1.0
InputActivityRatio,B_Opt_IndiaCostsFuel,GLOBAL,DSPTRNINDWE,ELCINDWE02,,1,2031,,,,,,1.0
InputActivityRatio,B_Opt_IndiaCostsFuel,GLOBAL,DSPTRNINDWE,ELCINDWE02,,1,2032,,,,,,1.0
InputActivityRatio,B_Opt_IndiaCostsFuel,GLOBAL,DSPTRNINDWE,ELCINDWE02,,1,2033,,,,,,1.0
InputActivityRatio,B_Opt_IndiaCostsFuel,GLOBAL,DSPTRNINDWE,ELCINDWE02,,1,2034,,,,,,1.0
InputActivityRatio,B_Opt_IndiaCostsFuel,GLOBAL,DSPTRNINDWE,ELCINDWE02,,1,2035,,,,,,1.0
InputActivityRatio,B_Opt_IndiaCostsFuel,GLOBAL,DSPTRNINDWE,ELCINDWE02,,1,2036,,,,,,1.0
InputActivityRatio,B_Opt_IndiaCostsFuel,GLOBAL,DSPTRNINDWE,ELCINDWE02,,1,2037,,,,,,1.0
InputActivityRatio,B_Opt_IndiaCostsFuel,GLOBAL,DSPTRNINDWE,ELCINDWE02,,1,2038,,,,,,1.0
InputActivityRatio,B_Opt_IndiaCostsFuel,GLOBAL,DSPTRNINDWE,ELCINDWE02,,1,2039,,,,,,1.0
InputActivityRatio,B_Opt_IndiaCostsFuel,GLOBAL,DSPTRNINDWE,ELCINDWE02,,1,2040,,,,,,1.0
InputActivityRatio,B_Opt_IndiaCostsFuel,GLOBAL,DSPTRNINDWE,ELCINDWE02,,1,2041,,,,,,1.0
InputActivityRatio,B_Opt_IndiaCostsFuel,GLOBAL,DSPTRNINDWE,ELCINDWE02,,1,2042,,,,,,1.0
InputActivityRatio,B_Opt_IndiaCostsFuel,GLOBAL,DSPTRNINDWE,ELCINDWE02,,1,2043,,,,,,1.0
InputActivityRatio,B_Opt_IndiaCostsFuel,GLOBAL,DSPTRNINDWE,ELCINDWE02,,1,2044,,,,,,1.0
InputActivityRatio,B_Opt_IndiaCostsFuel,GLOBAL,DSPTRNINDWE,ELCINDWE02,,1,2045,,,,,,1.0
InputActivityRatio,B_Opt_IndiaCostsFuel,GLOBAL,DSPTRNINDWE,ELCINDWE02,,1,2046,,,,,,1.0
InputActivityRatio,B_Opt_IndiaCostsFuel,GLOBAL,DSPTRNINDWE,ELCINDWE02,,1,2047,,,,,,1.0
InputActivityRatio,B_Opt_IndiaCostsFuel,GLOBAL,DSPTRNINDWE,ELCINDWE02,,1,2048,,,,,,1.0
InputActivityRatio,B_Opt_IndiaCostsFuel,GLOBAL,DSPTRNINDWE,ELCINDWE02,,1,2049,,,,,,1.0
InputActivityRatio,B_Opt_IndiaCostsFuel,GLOBAL,DSPTRNINDWE,ELCINDWE02,,1,2050,,,,,,1.0
InputActivityRatio,B_Opt_IndiaCostsFuel,GLOBAL,DSPTRNINDWE,ELCINDWE04,,2,2023,,,,,,1.0
InputActivityRatio,B_Opt_IndiaCostsFuel,GLOBAL,DSPTRNINDWE,ELCINDWE04,,2,2024,,,,,,1.0
InputActivityRatio,B_Opt_IndiaCostsFuel,GLOBAL,DSPTRNINDWE,ELCINDWE04,,2,2025,,,,,,1.0
InputActivityRatio,B_Opt_IndiaCostsFuel,GLOBAL,DSPTRNINDWE,ELCINDWE04,,2,2026,,,,,,1.0
InputActivityRatio,B_Opt_IndiaCostsFuel,GLOBAL,DSPTRNINDWE,ELCINDWE04,,2,2027,,,,,,1.0
InputActivityRatio,B_Opt_IndiaCostsFuel,GLOBAL,DSPTRNINDWE,ELCINDWE04,,2,2028,,,,,,1.0
InputActivityRatio,B_Opt_IndiaCostsFuel,GLOBAL,DSPTRNINDWE,ELCINDWE04,,2,2029,,,,,,1.0
InputActivityRatio,B_Opt_IndiaCostsFuel,GLOBAL,DSPTRNINDWE,ELCINDWE04,,2,2030,,,,,,1.0
InputActivityRatio,B_Opt_IndiaCostsFuel,GLOBAL,DSPTRNINDWE,ELCINDWE04,,2,2031,,,,,,1.0
InputActivityRatio,B_Opt_IndiaCostsFuel,GLOBAL,DSPTRNINDWE,ELCINDWE04,,2,2032,,,,,,1.0
InputActivityRatio,B_Opt_IndiaCostsFuel,GLOBAL,DSPTRNINDWE,ELCINDWE04,,2,2033,,,,,,1.0
InputActivityRatio,B_Opt_IndiaCostsFuel,GLOBAL,DSPTRNINDWE,ELCINDWE04,,2,2034,,,,,,1.0
InputActivityRatio,B_Opt_IndiaCostsFuel,GLOBAL,DSPTRNINDWE,ELCINDWE04,,2,2035,,,,,,1.0
InputActivityRatio,B_Opt_IndiaCostsFuel,GLOBAL,DSPTRNINDWE,ELCINDWE04,,2,2036,,,,,,1.0
InputActivityRatio,B_Opt_IndiaCostsFuel,GLOBAL,DSPTRNINDWE,ELCINDWE04,,2,2037,,,,,,1.0
InputActivityRatio,B_Opt_IndiaCostsFuel,GLOBAL,DSPTRNINDWE,ELCINDWE04,,2,2038,,,,,,1.0
InputActivityRatio,B_Opt_IndiaCostsFuel,GLOBAL,DSPTRNINDWE,ELCINDWE04,,2,2039,,,,,,1.0
InputActivityRatio,B_Opt_IndiaCostsFuel,GLOBAL,DSPTRNINDWE,ELCINDWE04,,2,2040,,,,,,1.0
InputActivityRatio,B_Opt_IndiaCostsFuel,GLOBAL,DSPTRNINDWE,ELCINDWE04,,2,2041,,,,,,1.0
InputActivityRatio,B_Opt_IndiaCostsFuel,GLOBAL,DSPTRNINDWE,ELCINDWE04,,2,2042,,,,,,1.0
InputActivityRatio,B_Opt_IndiaCostsFuel,GLOBAL,DSPTRNINDWE,ELCINDWE04,,2,2043,,,,,,1.0
InputActivityRatio,B_Opt_IndiaCostsFuel,GLOBAL,DSPTRNINDWE,ELCINDWE04,,2,2044,,,,,,1.0
InputActivityRatio,B_Opt_IndiaCostsFuel,GLOBAL,DSPTRNINDWE,ELCINDWE04,,2,2045,,,,,,1.0
InputActivityRatio,B_Opt_IndiaCostsFuel,GLOBAL,DSPTRNINDWE,ELCINDWE04,,2,2046,,,,,,1.0
InputActivityRatio,B_Opt_IndiaCostsFuel,GLOBAL,DSPTRNINDWE,ELCINDWE04,,2,2047,,,,,,1.0
InputActivityRatio,B_Opt_IndiaCostsFuel,GLOBAL,DSPTRNINDWE,ELCINDWE04,,2,2048,,,,,,1.0
InputActivityRatio,B_Opt_IndiaCostsFuel,GLOBAL,DSPTRNINDWE,ELCINDWE04,,2,2049,,,,,,1.0
InputActivityRatio,B_Opt_IndiaCostsFuel,GLOBAL,DSPTRNINDWE,ELCINDWE04,,2,2050,,,,,,1.0
InputActivityRatio,B_Opt_IndiaCostsFuel,GLOBAL,RNWTRNNPLXX,ELCNPLXX00,,1,2023,,,,,,1.0
InputActivityRatio,B_Opt_IndiaCostsFuel,GLOBAL,RNWTRNNPLXX,ELCNPLXX00,,1,2024,,,,,,1.0
InputActivityRatio,B_Opt_IndiaCostsFuel,GLOBAL,RNWTRNNPLXX,ELCNPLXX00,,1,2025,,,,,,1.0
InputActivityRatio,B_Opt_IndiaCostsFuel,GLOBAL,RNWTRNNPLXX,ELCNPLXX00,,1,2026,,,,,,1.0
InputActivityRatio,B_Opt_IndiaCostsFuel,GLOBAL,RNWTRNNPLXX,ELCNPLXX00,,1,2027,,,,,,1.0
InputActivityRatio,B_Opt_IndiaCostsFuel,GLOBAL,RNWTRNNPLXX,ELCNPLXX00,,1,2028,,,,,,1.0
InputActivityRatio,B_Opt_IndiaCostsFuel,GLOBAL,RNWTRNNPLXX,ELCNPLXX00,,1,2029,,,,,,1.0
InputActivityRatio,B_Opt_IndiaCostsFuel,GLOBAL,RNWTRNNPLXX,ELCNPLXX00,,1,2030,,,,,,1.0
InputActivityRatio,B_Opt_IndiaCostsFuel,GLOBAL,RNWTRNNPLXX,ELCNPLXX00,,1,2031,,,,,,1.0
InputActivityRatio,B_Opt_IndiaCostsFuel,GLOBAL,RNWTRNNPLXX,ELCNPLXX00,,1,2032,,,,,,1.0
InputActivityRatio,B_Opt_IndiaCostsFuel,GLOBAL,RNWTRNNPLXX,ELCNPLXX00,,1,2033,,,,,,1.0
InputActivityRatio,B_Opt_IndiaCostsFuel,GLOBAL,RNWTRNNPLXX,ELCNPLXX00,,1,2034,,,,,,1.0
InputActivityRatio,B_Opt_IndiaCostsFuel,GLOBAL,RNWTRNNPLXX,ELCNPLXX00,,1,2035,,,,,,1.0
InputActivityRatio,B_Opt_IndiaCostsFuel,GLOBAL,RNWTRNNPLXX,ELCNPLXX00,,1,2036,,,,,,1.0
InputActivityRatio,B_Opt_IndiaCostsFuel,GLOBAL,RNWTRNNPLXX,ELCNPLXX00,,1,2037,,,,,,1.0
InputActivityRatio,B_Opt_IndiaCostsFuel,GLOBAL,RNWTRNNPLXX,ELCNPLXX00,,1,2038,,,,,,1.0
InputActivityRatio,B_Opt_IndiaCostsFuel,GLOBAL,RNWTRNNPLXX,ELCNPLXX00,,1,2039,,,,,,1.0
InputActivityRatio,B_Opt_IndiaCostsFuel,GLOBAL,RNWTRNNPLXX,ELCNPLXX00,,1,2040,,,,,,1.0
InputActivityRatio,B_Opt_IndiaCostsFuel,GLOBAL,RNWTRNNPLXX,ELCNPLXX00,,1,2041,,,,,,1.0
InputActivityRatio,B_Opt_IndiaCostsFuel,GLOBAL,RNWTRNNPLXX,ELCNPLXX00,,1,2042,,,,,,1.0
InputActivityRatio,B_Opt_IndiaCostsFuel,GLOBAL,RNWTRNNPLXX,ELCNPLXX00,,1,2043,,,,,,1.0
InputActivityRatio,B_Opt_IndiaCostsFuel,GLOBAL,RNWTRNNPLXX,ELCNPLXX00,,1,2044,,,,,,1.0
InputActivityRatio,B_Opt_IndiaCostsFuel,GLOBAL,RNWTRNNPLXX,ELCNPLXX00,,1,2045,,,,,,1.0
InputActivityRatio,B_Opt_IndiaCostsFuel,GLOBAL,RNWTRNNPLXX,ELCNPLXX00,,1,2046,,,,,,1.0
InputActivityRatio,B_Opt_IndiaCostsFuel,GLOBAL,RNWTRNNPLXX,ELCNPLXX00,,1,2047,,,,,,1.0
InputActivityRatio,B_Opt_IndiaCostsFuel,GLOBAL,RNWTRNNPLXX,ELCNPLXX00,,1,2048,,,,,,1.0
InputActivityRatio,B_Opt_IndiaCostsFuel,GLOBAL,RNWTRNNPLXX,ELCNPLXX00,,1,2049,,,,,,1.0
InputActivityRatio,B_Opt_IndiaCostsFuel,GLOBAL,RNWTRNNPLXX,ELCNPLXX00,,1,2050,,,,,,1.0
InputActivityRatio,B_Opt_IndiaCostsFuel,GLOBAL,RNWRPONPLXX,ELCNPLXX00,,1,2023,,,,,,1.0
InputActivityRatio,B_Opt_IndiaCostsFuel,GLOBAL,RNWRPONPLXX,ELCNPLXX00,,1,2024,,,,,,1.0
InputActivityRatio,B_Opt_IndiaCostsFuel,GLOBAL,RNWRPONPLXX,ELCNPLXX00,,1,2025,,,,,,1.0
InputActivityRatio,B_Opt_IndiaCostsFuel,GLOBAL,RNWRPONPLXX,ELCNPLXX00,,1,2026,,,,,,1.0
InputActivityRatio,B_Opt_IndiaCostsFuel,GLOBAL,RNWRPONPLXX,ELCNPLXX00,,1,2027,,,,,,1.0
InputActivityRatio,B_Opt_IndiaCostsFuel,GLOBAL,RNWRPONPLXX,ELCNPLXX00,,1,2028,,,,,,1.0
InputActivityRatio,B_Opt_IndiaCostsFuel,GLOBAL,RNWRPONPLXX,ELCNPLXX00,,1,2029,,,,,,1.0
InputActivityRatio,B_Opt_IndiaCostsFuel,GLOBAL,RNWRPONPLXX,ELCNPLXX00,,1,2030,,,,,,1.0
InputActivityRatio,B_Opt_IndiaCostsFuel,GLOBAL,RNWRPONPLXX,ELCNPLXX00,,1,2031,,,,,,1.0
InputActivityRatio,B_Opt_IndiaCostsFuel,GLOBAL,RNWRPONPLXX,ELCNPLXX00,,1,2032,,,,,,1.0
InputActivityRatio,B_Opt_IndiaCostsFuel,GLOBAL,RNWRPONPLXX,ELCNPLXX00,,1,2033,,,,,,1.0
InputActivityRatio,B_Opt_IndiaCostsFuel,GLOBAL,RNWRPONPLXX,ELCNPLXX00,,1,2034,,,,,,1.0
InputActivityRatio,B_Opt_IndiaCostsFuel,GLOBAL,RNWRPONPLXX,ELCNPLXX00,,1,2035,,,,,,1.0
InputActivityRatio,B_Opt_IndiaCostsFuel,GLOBAL,RNWRPONPLXX,ELCNPLXX00,,1,2036,,,,,,1.0
InputActivityRatio,B_Opt_IndiaCostsFuel,GLOBAL,RNWRPONPLXX,ELCNPLXX00,,1,2037,,,,,,1.0
InputActivityRatio,B_Opt_IndiaCostsFuel,GLOBAL,RNWRPONPLXX,ELCNPLXX00,,1,2038,,,,,,1.0
InputActivityRatio,B_Opt_IndiaCostsFuel,GLOBAL,RNWRPONPLXX,ELCNPLXX00,,1,2039,,,,,,1.0
InputActivityRatio,B_Opt_IndiaCostsFuel,GLOBAL,RNWRPONPLXX,ELCNPLXX00,,1,2040,,,,,,1.0
InputActivityRatio,B_Opt_IndiaCostsFuel,GLOBAL,RNWRPONPLXX,ELCNPLXX00,,1,2041,,,,,,1.0
InputActivityRatio,B_Opt_IndiaCostsFuel,GLOBAL,RNWRPONPLXX,ELCNPLXX00,,1,2042,,,,,,1.0
InputActivityRatio,B_Opt_IndiaCostsFuel,GLOBAL,RNWRPONPLXX,ELCNPLXX00,,1,2043,,,,,,1.0
InputActivityRatio,B_Opt_IndiaCostsFuel,GLOBAL,RNWRPONPLXX,ELCNPLXX00,,1,2044,,,,,,1.0
InputActivityRatio,B_Opt_IndiaCostsFuel,GLOBAL,RNWRPONPLXX,ELCNPLXX00,,1,2045,,,,,,1.0
InputActivityRatio,B_Opt_IndiaCostsFuel,GLOBAL,RNWRPONPLXX,ELCNPLXX00,,1,2046,,,,,,1.0
InputActivityRatio,B_Opt_IndiaCostsFuel,GLOBAL,RNWRPONPLXX,ELCNPLXX00,,1,2047,,,,,,1.0
InputActivityRatio,B_Opt_IndiaCostsFuel,GLOBAL,RNWRPONPLXX,ELCNPLXX00,,1,2048,,,,,,1.0
InputActivityRatio,B_Opt_IndiaCostsFuel,GLOBAL,RNWRPONPLXX,ELCNPLXX00,,1,2049,,,,,,1.0
InputActivityRatio,B_Opt_IndiaCostsFuel,GLOBAL,RNWRPONPLXX,ELCNPLXX00,,1,2050,,,,,,1.0
InputActivityRatio,B_Opt_IndiaCostsFuel,GLOBAL,RNWNLINPLXX,ELCNPLXX00,,1,2023,,,,,,1.0
InputActivityRatio,B_Opt_IndiaCostsFuel,GLOBAL,RNWNLINPLXX,ELCNPLXX00,,1,2024,,,,,,1.0
InputActivityRatio,B_Opt_IndiaCostsFuel,GLOBAL,RNWNLINPLXX,ELCNPLXX00,,1,2025,,,,,,1.0
InputActivityRatio,B_Opt_IndiaCostsFuel,GLOBAL,RNWNLINPLXX,ELCNPLXX00,,1,2026,,,,,,1.0
InputActivityRatio,B_Opt_IndiaCostsFuel,GLOBAL,RNWNLINPLXX,ELCNPLXX00,,1,2027,,,,,,1.0
InputActivityRatio,B_Opt_IndiaCostsFuel,GLOBAL,RNWNLINPLXX,ELCNPLXX00,,1,2028,,,,,,1.0
InputActivityRatio,B_Opt_IndiaCostsFuel,GLOBAL,RNWNLINPLXX,ELCNPLXX00,,1,2029,,,,,,1.0
InputActivityRatio,B_Opt_IndiaCostsFuel,GLOBAL,RNWNLINPLXX,ELCNPLXX00,,1,2030,,,,,,1.0
InputActivityRatio,B_Opt_IndiaCostsFuel,GLOBAL,RNWNLINPLXX,ELCNPLXX00,,1,2031,,,,,,1.0
InputActivityRatio,B_Opt_IndiaCostsFuel,GLOBAL,RNWNLINPLXX,ELCNPLXX00,,1,2032,,,,,,1.0
InputActivityRatio,B_Opt_IndiaCostsFuel,GLOBAL,RNWNLINPLXX,ELCNPLXX00,,1,2033,,,,,,1.0
InputActivityRatio,B_Opt_IndiaCostsFuel,GLOBAL,RNWNLINPLXX,ELCNPLXX00,,1,2034,,,,,,1.0
InputActivityRatio,B_Opt_IndiaCostsFuel,GLOBAL,RNWNLINPLXX,ELCNPLXX00,,1,2035,,,,,,1.0
InputActivityRatio,B_Opt_IndiaCostsFuel,GLOBAL,RNWNLINPLXX,ELCNPLXX00,,1,2036,,,,,,1.0
InputActivityRatio,B_Opt_IndiaCostsFuel,GLOBAL,RNWNLINPLXX,ELCNPLXX00,,1,2037,,,,,,1.0
InputActivityRatio,B_Opt_IndiaCostsFuel,GLOBAL,RNWNLINPLXX,ELCNPLXX00,,1,2038,,,,,,1.0
InputActivityRatio,B_Opt_IndiaCostsFuel,GLOBAL,RNWNLINPLXX,ELCNPLXX00,,1,2039,,,,,,1.0
InputActivityRatio,B_Opt_IndiaCostsFuel,GLOBAL,RNWNLINPLXX,ELCNPLXX00,,1,2040,,,,,,1.0
InputActivityRatio,B_Opt_IndiaCostsFuel,GLOBAL,RNWNLINPLXX,ELCNPLXX00,,1,2041,,,,,,1.0
InputActivityRatio,B_Opt_IndiaCostsFuel,GLOBAL,RNWNLINPLXX,ELCNPLXX00,,1,2042,,,,,,1.0
InputActivityRatio,B_Opt_IndiaCostsFuel,GLOBAL,RNWNLINPLXX,ELCNPLXX00,,1,2043,,,,,,1.0
InputActivityRatio,B_Opt_IndiaCostsFuel,GLOBAL,RNWNLINPLXX,ELCNPLXX00,,1,2044,,,,,,1.0
InputActivityRatio,B_Opt_IndiaCostsFuel,GLOBAL,RNWNLINPLXX,ELCNPLXX00,,1,2045,,,,,,1.0
InputActivityRatio,B_Opt_IndiaCostsFuel,GLOBAL,RNWNLINPLXX,ELCNPLXX00,,1,2046,,,,,,1.0
InputActivityRatio,B_Opt_IndiaCostsFuel,GLOBAL,RNWNLINPLXX,ELCNPLXX00,,1,2047,,,,,,1.0
InputActivityRatio,B_Opt_IndiaCostsFuel,GLOBAL,RNWNLINPLXX,ELCNPLXX00,,1,2048,,,,,,1.0
InputActivityRatio,B_Opt_IndiaCostsFuel,GLOBAL,RNWNLINPLXX,ELCNPLXX00,,1,2049,,,,,,1.0
InputActivityRatio,B_Opt_IndiaCostsFuel,GLOBAL,RNWNLINPLXX,ELCNPLXX00,,1,2050,,,,,,1.0
InputActivityRatio,B_Opt_IndiaCostsFuel,GLOBAL,PWRTRNNPLXX,ELCNPLXX01,,1,2023,,,,,,1.0
InputActivityRatio,B_Opt_IndiaCostsFuel,GLOBAL,PWRTRNNPLXX,ELCNPLXX01,,1,2024,,,,,,1.0
InputActivityRatio,B_Opt_IndiaCostsFuel,GLOBAL,PWRTRNNPLXX,ELCNPLXX01,,1,2025,,,,,,1.0
InputActivityRatio,B_Opt_IndiaCostsFuel,GLOBAL,PWRTRNNPLXX,ELCNPLXX01,,1,2026,,,,,,1.0
InputActivityRatio,B_Opt_IndiaCostsFuel,GLOBAL,PWRTRNNPLXX,ELCNPLXX01,,1,2027,,,,,,1.0
InputActivityRatio,B_Opt_IndiaCostsFuel,GLOBAL,PWRTRNNPLXX,ELCNPLXX01,,1,2028,,,,,,1.0
InputActivityRatio,B_Opt_IndiaCostsFuel,GLOBAL,PWRTRNNPLXX,ELCNPLXX01,,1,2029,,,,,,1.0
InputActivityRatio,B_Opt_IndiaCostsFuel,GLOBAL,PWRTRNNPLXX,ELCNPLXX01,,1,2030,,,,,,1.0
InputActivityRatio,B_Opt_IndiaCostsFuel,GLOBAL,PWRTRNNPLXX,ELCNPLXX01,,1,2031,,,,,,1.0
InputActivityRatio,B_Opt_IndiaCostsFuel,GLOBAL,PWRTRNNPLXX,ELCNPLXX01,,1,2032,,,,,,1.0
InputActivityRatio,B_Opt_IndiaCostsFuel,GLOBAL,PWRTRNNPLXX,ELCNPLXX01,,1,2033,,,,,,1.0
InputActivityRatio,B_Opt_IndiaCostsFuel,GLOBAL,PWRTRNNPLXX,ELCNPLXX01,,1,2034,,,,,,1.0
InputActivityRatio,B_Opt_IndiaCostsFuel,GLOBAL,PWRTRNNPLXX,ELCNPLXX01,,1,2035,,,,,,1.0
InputActivityRatio,B_Opt_IndiaCostsFuel,GLOBAL,PWRTRNNPLXX,ELCNPLXX01,,1,2036,,,,,,1.0
InputActivityRatio,B_Opt_IndiaCostsFuel,GLOBAL,PWRTRNNPLXX,ELCNPLXX01,,1,2037,,,,,,1.0
InputActivityRatio,B_Opt_IndiaCostsFuel,GLOBAL,PWRTRNNPLXX,ELCNPLXX01,,1,2038,,,,,,1.0
InputActivityRatio,B_Opt_IndiaCostsFuel,GLOBAL,PWRTRNNPLXX,ELCNPLXX01,,1,2039,,,,,,1.0
InputActivityRatio,B_Opt_IndiaCostsFuel,GLOBAL,PWRTRNNPLXX,ELCNPLXX01,,1,2040,,,,,,1.0
InputActivityRatio,B_Opt_IndiaCostsFuel,GLOBAL,PWRTRNNPLXX,ELCNPLXX01,,1,2041,,,,,,1.0
InputActivityRatio,B_Opt_IndiaCostsFuel,GLOBAL,PWRTRNNPLXX,ELCNPLXX01,,1,2042,,,,,,1.0
InputActivityRatio,B_Opt_IndiaCostsFuel,GLOBAL,PWRTRNNPLXX,ELCNPLXX01,,1,2043,,,,,,1.0
InputActivityRatio,B_Opt_IndiaCostsFuel,GLOBAL,PWRTRNNPLXX,ELCNPLXX01,,1,2044,,,,,,1.0
InputActivityRatio,B_Opt_IndiaCostsFuel,GLOBAL,PWRTRNNPLXX,ELCNPLXX01,,1,2045,,,,,,1.0
InputActivityRatio,B_Opt_IndiaCostsFuel,GLOBAL,PWRTRNNPLXX,ELCNPLXX01,,1,2046,,,,,,1.0
InputActivityRatio,B_Opt_IndiaCostsFuel,GLOBAL,PWRTRNNPLXX,ELCNPLXX01,,1,2047,,,,,,1.0
InputActivityRatio,B_Opt_IndiaCostsFuel,GLOBAL,PWRTRNNPLXX,ELCNPLXX01,,1,2048,,,,,,1.0
InputActivityRatio,B_Opt_IndiaCostsFuel,GLOBAL,PWRTRNNPLXX,ELCNPLXX01,,1,2049,,,,,,1.0
InputActivityRatio,B_Opt_IndiaCostsFuel,GLOBAL,PWRTRNNPLXX,ELCNPLXX01,,1,2050,,,,,,1.0
InputActivityRatio,B_Opt_IndiaCostsFuel,GLOBAL,TRNRPONPLXX,ELCNPLXX01,,1,2023,,,,,,1.0
InputActivityRatio,B_Opt_IndiaCostsFuel,GLOBAL,TRNRPONPLXX,ELCNPLXX01,,1,2024,,,,,,1.0
InputActivityRatio,B_Opt_IndiaCostsFuel,GLOBAL,TRNRPONPLXX,ELCNPLXX01,,1,2025,,,,,,1.0
InputActivityRatio,B_Opt_IndiaCostsFuel,GLOBAL,TRNRPONPLXX,ELCNPLXX01,,1,2026,,,,,,1.0
InputActivityRatio,B_Opt_IndiaCostsFuel,GLOBAL,TRNRPONPLXX,ELCNPLXX01,,1,2027,,,,,,1.0
InputActivityRatio,B_Opt_IndiaCostsFuel,GLOBAL,TRNRPONPLXX,ELCNPLXX01,,1,2028,,,,,,1.0
InputActivityRatio,B_Opt_IndiaCostsFuel,GLOBAL,TRNRPONPLXX,ELCNPLXX01,,1,2029,,,,,,1.0
InputActivityRatio,B_Opt_IndiaCostsFuel,GLOBAL,TRNRPONPLXX,ELCNPLXX01,,1,2030,,,,,,1.0
InputActivityRatio,B_Opt_IndiaCostsFuel,GLOBAL,TRNRPONPLXX,ELCNPLXX01,,1,2031,,,,,,1.0
InputActivityRatio,B_Opt_IndiaCostsFuel,GLOBAL,TRNRPONPLXX,ELCNPLXX01,,1,2032,,,,,,1.0
InputActivityRatio,B_Opt_IndiaCostsFuel,GLOBAL,TRNRPONPLXX,ELCNPLXX01,,1,2033,,,,,,1.0
InputActivityRatio,B_Opt_IndiaCostsFuel,GLOBAL,TRNRPONPLXX,ELCNPLXX01,,1,2034,,,,,,1.0
InputActivityRatio,B_Opt_IndiaCostsFuel,GLOBAL,TRNRPONPLXX,ELCNPLXX01,,1,2035,,,,,,1.0
InputActivityRatio,B_Opt_IndiaCostsFuel,GLOBAL,TRNRPONPLXX,ELCNPLXX01,,1,2036,,,,,,1.0
InputActivityRatio,B_Opt_IndiaCostsFuel,GLOBAL,TRNRPONPLXX,ELCNPLXX01,,1,2037,,,,,,1.0
InputActivityRatio,B_Opt_IndiaCostsFuel,GLOBAL,TRNRPONPLXX,ELCNPLXX01,,1,2038,,,,,,1.0
InputActivityRatio,B_Opt_IndiaCostsFuel,GLOBAL,TRNRPONPLXX,ELCNPLXX01,,1,2039,,,,,,1.0
InputActivityRatio,B_Opt_IndiaCostsFuel,GLOBAL,TRNRPONPLXX,ELCNPLXX01,,1,2040,,,,,,1.0
InputActivityRatio,B_Opt_IndiaCostsFuel,GLOBAL,TRNRPONPLXX,ELCNPLXX01,,1,2041,,,,,,1.0
InputActivityRatio,B_Opt_IndiaCostsFuel,GLOBAL,TRNRPONPLXX,ELCNPLXX01,,1,2042,,,,,,1.0
InputActivityRatio,B_Opt_IndiaCostsFuel,GLOBAL,TRNRPONPLXX,ELCNPLXX01,,1,2043,,,,,,1.0
InputActivityRatio,B_Opt_IndiaCostsFuel,GLOBAL,TRNRPONPLXX,ELCNPLXX01,,1,2044,,,,,,1.0
InputActivityRatio,B_Opt_IndiaCostsFuel,GLOBAL,TRNRPONPLXX,ELCNPLXX01,,1,2045,,,,,,1.0
InputActivityRatio,B_Opt_IndiaCostsFuel,GLOBAL,TRNRPONPLXX,ELCNPLXX01,,1,2046,,,,,,1.0
InputActivityRatio,B_Opt_IndiaCostsFuel,GLOBAL,TRNRPONPLXX,ELCNPLXX01,,1,2047,,,,,,1.0
InputActivityRatio,B_Opt_IndiaCostsFuel,GLOBAL,TRNRPONPLXX,ELCNPLXX01,,1,2048,,,,,,1.0
InputActivityRatio,B_Opt_IndiaCostsFuel,GLOBAL,TRNRPONPLXX,ELCNPLXX01,,1,2049,,,,,,1.0
InputActivityRatio,B_Opt_IndiaCostsFuel,GLOBAL,TRNRPONPLXX,ELCNPLXX01,,1,2050,,,,,,1.0
InputActivityRatio,B_Opt_IndiaCostsFuel,GLOBAL,TRNNLINPLXX,ELCNPLXX01,,1,2023,,,,,,1.0
InputActivityRatio,B_Opt_IndiaCostsFuel,GLOBAL,TRNNLINPLXX,ELCNPLXX01,,1,2024,,,,,,1.0
InputActivityRatio,B_Opt_IndiaCostsFuel,GLOBAL,TRNNLINPLXX,ELCNPLXX01,,1,2025,,,,,,1.0
InputActivityRatio,B_Opt_IndiaCostsFuel,GLOBAL,TRNNLINPLXX,ELCNPLXX01,,1,2026,,,,,,1.0
InputActivityRatio,B_Opt_IndiaCostsFuel,GLOBAL,TRNNLINPLXX,ELCNPLXX01,,1,2027,,,,,,1.0
InputActivityRatio,B_Opt_IndiaCostsFuel,GLOBAL,TRNNLINPLXX,ELCNPLXX01,,1,2028,,,,,,1.0
InputActivityRatio,B_Opt_IndiaCostsFuel,GLOBAL,TRNNLINPLXX,ELCNPLXX01,,1,2029,,,,,,1.0
InputActivityRatio,B_Opt_IndiaCostsFuel,GLOBAL,TRNNLINPLXX,ELCNPLXX01,,1,2030,,,,,,1.0
InputActivityRatio,B_Opt_IndiaCostsFuel,GLOBAL,TRNNLINPLXX,ELCNPLXX01,,1,2031,,,,,,1.0
InputActivityRatio,B_Opt_IndiaCostsFuel,GLOBAL,TRNNLINPLXX,ELCNPLXX01,,1,2032,,,,,,1.0
InputActivityRatio,B_Opt_IndiaCostsFuel,GLOBAL,TRNNLINPLXX,ELCNPLXX01,,1,2033,,,,,,1.0
InputActivityRatio,B_Opt_IndiaCostsFuel,GLOBAL,TRNNLINPLXX,ELCNPLXX01,,1,2034,,,,,,1.0
InputActivityRatio,B_Opt_IndiaCostsFuel,GLOBAL,TRNNLINPLXX,ELCNPLXX01,,1,2035,,,,,,1.0
InputActivityRatio,B_Opt_IndiaCostsFuel,GLOBAL,TRNNLINPLXX,ELCNPLXX01,,1,2036,,,,,,1.0
InputActivityRatio,B_Opt_IndiaCostsFuel,GLOBAL,TRNNLINPLXX,ELCNPLXX01,,1,2037,,,,,,1.0
InputActivityRatio,B_Opt_IndiaCostsFuel,GLOBAL,TRNNLINPLXX,ELCNPLXX01,,1,2038,,,,,,1.0
InputActivityRatio,B_Opt_IndiaCostsFuel,GLOBAL,TRNNLINPLXX,ELCNPLXX01,,1,2039,,,,,,1.0
InputActivityRatio,B_Opt_IndiaCostsFuel,GLOBAL,TRNNLINPLXX,ELCNPLXX01,,1,2040,,,,,,1.0
InputActivityRatio,B_Opt_IndiaCostsFuel,GLOBAL,TRNNLINPLXX,ELCNPLXX01,,1,2041,,,,,,1.0
InputActivityRatio,B_Opt_IndiaCostsFuel,GLOBAL,TRNNLINPLXX,ELCNPLXX01,,1,2042,,,,,,1.0
InputActivityRatio,B_Opt_IndiaCostsFuel,GLOBAL,TRNNLINPLXX,ELCNPLXX01,,1,2043,,,,,,1.0
InputActivityRatio,B_Opt_IndiaCostsFuel,GLOBAL,TRNNLINPLXX,ELCNPLXX01,,1,2044,,,,,,1.0
InputActivityRatio,B_Opt_IndiaCostsFuel,GLOBAL,TRNNLINPLXX,ELCNPLXX01,,1,2045,,,,,,1.0
InputActivityRatio,B_Opt_IndiaCostsFuel,GLOBAL,TRNNLINPLXX,ELCNPLXX01,,1,2046,,,,,,1.0
InputActivityRatio,B_Opt_IndiaCostsFuel,GLOBAL,TRNNLINPLXX,ELCNPLXX01,,1,2047,,,,,,1.0
InputActivityRatio,B_Opt_IndiaCostsFuel,GLOBAL,TRNNLINPLXX,ELCNPLXX01,,1,2048,,,,,,1.0
InputActivityRatio,B_Opt_IndiaCostsFuel,GLOBAL,TRNNLINPLXX,ELCNPLXX01,,1,2049,,,,,,1.0
InputActivityRatio,B_Opt_IndiaCostsFuel,GLOBAL,TRNNLINPLXX,ELCNPLXX01,,1,2050,,,,,,1.0
InputActivityRatio,B_Opt_IndiaCostsFuel,GLOBAL,DSPTRNNPLXX,ELCNPLXX02,,1,2023,,,,,,1.0
InputActivityRatio,B_Opt_IndiaCostsFuel,GLOBAL,DSPTRNNPLXX,ELCNPLXX02,,1,2024,,,,,,1.0
InputActivityRatio,B_Opt_IndiaCostsFuel,GLOBAL,DSPTRNNPLXX,ELCNPLXX02,,1,2025,,,,,,1.0
InputActivityRatio,B_Opt_IndiaCostsFuel,GLOBAL,DSPTRNNPLXX,ELCNPLXX02,,1,2026,,,,,,1.0
InputActivityRatio,B_Opt_IndiaCostsFuel,GLOBAL,DSPTRNNPLXX,ELCNPLXX02,,1,2027,,,,,,1.0
InputActivityRatio,B_Opt_IndiaCostsFuel,GLOBAL,DSPTRNNPLXX,ELCNPLXX02,,1,2028,,,,,,1.0
InputActivityRatio,B_Opt_IndiaCostsFuel,GLOBAL,DSPTRNNPLXX,ELCNPLXX02,,1,2029,,,,,,1.0
InputActivityRatio,B_Opt_IndiaCostsFuel,GLOBAL,DSPTRNNPLXX,ELCNPLXX02,,1,2030,,,,,,1.0
InputActivityRatio,B_Opt_IndiaCostsFuel,GLOBAL,DSPTRNNPLXX,ELCNPLXX02,,1,2031,,,,,,1.0
InputActivityRatio,B_Opt_IndiaCostsFuel,GLOBAL,DSPTRNNPLXX,ELCNPLXX02,,1,2032,,,,,,1.0
InputActivityRatio,B_Opt_IndiaCostsFuel,GLOBAL,DSPTRNNPLXX,ELCNPLXX02,,1,2033,,,,,,1.0
InputActivityRatio,B_Opt_IndiaCostsFuel,GLOBAL,DSPTRNNPLXX,ELCNPLXX02,,1,2034,,,,,,1.0
InputActivityRatio,B_Opt_IndiaCostsFuel,GLOBAL,DSPTRNNPLXX,ELCNPLXX02,,1,2035,,,,,,1.0
InputActivityRatio,B_Opt_IndiaCostsFuel,GLOBAL,DSPTRNNPLXX,ELCNPLXX02,,1,2036,,,,,,1.0
InputActivityRatio,B_Opt_IndiaCostsFuel,GLOBAL,DSPTRNNPLXX,ELCNPLXX02,,1,2037,,,,,,1.0
InputActivityRatio,B_Opt_IndiaCostsFuel,GLOBAL,DSPTRNNPLXX,ELCNPLXX02,,1,2038,,,,,,1.0
InputActivityRatio,B_Opt_IndiaCostsFuel,GLOBAL,DSPTRNNPLXX,ELCNPLXX02,,1,2039,,,,,,1.0
InputActivityRatio,B_Opt_IndiaCostsFuel,GLOBAL,DSPTRNNPLXX,ELCNPLXX02,,1,2040,,,,,,1.0
InputActivityRatio,B_Opt_IndiaCostsFuel,GLOBAL,DSPTRNNPLXX,ELCNPLXX02,,1,2041,,,,,,1.0
InputActivityRatio,B_Opt_IndiaCostsFuel,GLOBAL,DSPTRNNPLXX,ELCNPLXX02,,1,2042,,,,,,1.0
InputActivityRatio,B_Opt_IndiaCostsFuel,GLOBAL,DSPTRNNPLXX,ELCNPLXX02,,1,2043,,,,,,1.0
InputActivityRatio,B_Opt_IndiaCostsFuel,GLOBAL,DSPTRNNPLXX,ELCNPLXX02,,1,2044,,,,,,1.0
InputActivityRatio,B_Opt_IndiaCostsFuel,GLOBAL,DSPTRNNPLXX,ELCNPLXX02,,1,2045,,,,,,1.0
InputActivityRatio,B_Opt_IndiaCostsFuel,GLOBAL,DSPTRNNPLXX,ELCNPLXX02,,1,2046,,,,,,1.0
InputActivityRatio,B_Opt_IndiaCostsFuel,GLOBAL,DSPTRNNPLXX,ELCNPLXX02,,1,2047,,,,,,1.0
InputActivityRatio,B_Opt_IndiaCostsFuel,GLOBAL,DSPTRNNPLXX,ELCNPLXX02,,1,2048,,,,,,1.0
InputActivityRatio,B_Opt_IndiaCostsFuel,GLOBAL,DSPTRNNPLXX,ELCNPLXX02,,1,2049,,,,,,1.0
InputActivityRatio,B_Opt_IndiaCostsFuel,GLOBAL,DSPTRNNPLXX,ELCNPLXX02,,1,2050,,,,,,1.0
InputActivityRatio,B_Opt_IndiaCostsFuel,GLOBAL,DSPTRNNPLXX,ELCNPLXX04,,2,2023,,,,,,1.0
InputActivityRatio,B_Opt_IndiaCostsFuel,GLOBAL,DSPTRNNPLXX,ELCNPLXX04,,2,2024,,,,,,1.0
InputActivityRatio,B_Opt_IndiaCostsFuel,GLOBAL,DSPTRNNPLXX,ELCNPLXX04,,2,2025,,,,,,1.0
InputActivityRatio,B_Opt_IndiaCostsFuel,GLOBAL,DSPTRNNPLXX,ELCNPLXX04,,2,2026,,,,,,1.0
InputActivityRatio,B_Opt_IndiaCostsFuel,GLOBAL,DSPTRNNPLXX,ELCNPLXX04,,2,2027,,,,,,1.0
InputActivityRatio,B_Opt_IndiaCostsFuel,GLOBAL,DSPTRNNPLXX,ELCNPLXX04,,2,2028,,,,,,1.0
InputActivityRatio,B_Opt_IndiaCostsFuel,GLOBAL,DSPTRNNPLXX,ELCNPLXX04,,2,2029,,,,,,1.0
InputActivityRatio,B_Opt_IndiaCostsFuel,GLOBAL,DSPTRNNPLXX,ELCNPLXX04,,2,2030,,,,,,1.0
InputActivityRatio,B_Opt_IndiaCostsFuel,GLOBAL,DSPTRNNPLXX,ELCNPLXX04,,2,2031,,,,,,1.0
InputActivityRatio,B_Opt_IndiaCostsFuel,GLOBAL,DSPTRNNPLXX,ELCNPLXX04,,2,2032,,,,,,1.0
InputActivityRatio,B_Opt_IndiaCostsFuel,GLOBAL,DSPTRNNPLXX,ELCNPLXX04,,2,2033,,,,,,1.0
InputActivityRatio,B_Opt_IndiaCostsFuel,GLOBAL,DSPTRNNPLXX,ELCNPLXX04,,2,2034,,,,,,1.0
InputActivityRatio,B_Opt_IndiaCostsFuel,GLOBAL,DSPTRNNPLXX,ELCNPLXX04,,2,2035,,,,,,1.0
InputActivityRatio,B_Opt_IndiaCostsFuel,GLOBAL,DSPTRNNPLXX,ELCNPLXX04,,2,2036,,,,,,1.0
InputActivityRatio,B_Opt_IndiaCostsFuel,GLOBAL,DSPTRNNPLXX,ELCNPLXX04,,2,2037,,,,,,1.0
InputActivityRatio,B_Opt_IndiaCostsFuel,GLOBAL,DSPTRNNPLXX,ELCNPLXX04,,2,2038,,,,,,1.0
InputActivityRatio,B_Opt_IndiaCostsFuel,GLOBAL,DSPTRNNPLXX,ELCNPLXX04,,2,2039,,,,,,1.0
InputActivityRatio,B_Opt_IndiaCostsFuel,GLOBAL,DSPTRNNPLXX,ELCNPLXX04,,2,2040,,,,,,1.0
InputActivityRatio,B_Opt_IndiaCostsFuel,GLOBAL,DSPTRNNPLXX,ELCNPLXX04,,2,2041,,,,,,1.0
InputActivityRatio,B_Opt_IndiaCostsFuel,GLOBAL,DSPTRNNPLXX,ELCNPLXX04,,2,2042,,,,,,1.0
InputActivityRatio,B_Opt_IndiaCostsFuel,GLOBAL,DSPTRNNPLXX,ELCNPLXX04,,2,2043,,,,,,1.0
InputActivityRatio,B_Opt_IndiaCostsFuel,GLOBAL,DSPTRNNPLXX,ELCNPLXX04,,2,2044,,,,,,1.0
InputActivityRatio,B_Opt_IndiaCostsFuel,GLOBAL,DSPTRNNPLXX,ELCNPLXX04,,2,2045,,,,,,1.0
InputActivityRatio,B_Opt_IndiaCostsFuel,GLOBAL,DSPTRNNPLXX,ELCNPLXX04,,2,2046,,,,,,1.0
InputActivityRatio,B_Opt_IndiaCostsFuel,GLOBAL,DSPTRNNPLXX,ELCNPLXX04,,2,2047,,,,,,1.0
InputActivityRatio,B_Opt_IndiaCostsFuel,GLOBAL,DSPTRNNPLXX,ELCNPLXX04,,2,2048,,,,,,1.0
InputActivityRatio,B_Opt_IndiaCostsFuel,GLOBAL,DSPTRNNPLXX,ELCNPLXX04,,2,2049,,,,,,1.0
InputActivityRatio,B_Opt_IndiaCostsFuel,GLOBAL,DSPTRNNPLXX,ELCNPLXX04,,2,2050,,,,,,1.0
InputActivityRatio,B_Opt_IndiaCostsFuel,GLOBAL,RNWTRNLKAXX,ELCLKAXX00,,1,2023,,,,,,1.0
InputActivityRatio,B_Opt_IndiaCostsFuel,GLOBAL,RNWTRNLKAXX,ELCLKAXX00,,1,2024,,,,,,1.0
InputActivityRatio,B_Opt_IndiaCostsFuel,GLOBAL,RNWTRNLKAXX,ELCLKAXX00,,1,2025,,,,,,1.0
InputActivityRatio,B_Opt_IndiaCostsFuel,GLOBAL,RNWTRNLKAXX,ELCLKAXX00,,1,2026,,,,,,1.0
InputActivityRatio,B_Opt_IndiaCostsFuel,GLOBAL,RNWTRNLKAXX,ELCLKAXX00,,1,2027,,,,,,1.0
InputActivityRatio,B_Opt_IndiaCostsFuel,GLOBAL,RNWTRNLKAXX,ELCLKAXX00,,1,2028,,,,,,1.0
InputActivityRatio,B_Opt_IndiaCostsFuel,GLOBAL,RNWTRNLKAXX,ELCLKAXX00,,1,2029,,,,,,1.0
InputActivityRatio,B_Opt_IndiaCostsFuel,GLOBAL,RNWTRNLKAXX,ELCLKAXX00,,1,2030,,,,,,1.0
InputActivityRatio,B_Opt_IndiaCostsFuel,GLOBAL,RNWTRNLKAXX,ELCLKAXX00,,1,2031,,,,,,1.0
InputActivityRatio,B_Opt_IndiaCostsFuel,GLOBAL,RNWTRNLKAXX,ELCLKAXX00,,1,2032,,,,,,1.0
InputActivityRatio,B_Opt_IndiaCostsFuel,GLOBAL,RNWTRNLKAXX,ELCLKAXX00,,1,2033,,,,,,1.0
InputActivityRatio,B_Opt_IndiaCostsFuel,GLOBAL,RNWTRNLKAXX,ELCLKAXX00,,1,2034,,,,,,1.0
InputActivityRatio,B_Opt_IndiaCostsFuel,GLOBAL,RNWTRNLKAXX,ELCLKAXX00,,1,2035,,,,,,1.0
InputActivityRatio,B_Opt_IndiaCostsFuel,GLOBAL,RNWTRNLKAXX,ELCLKAXX00,,1,2036,,,,,,1.0
InputActivityRatio,B_Opt_IndiaCostsFuel,GLOBAL,RNWTRNLKAXX,ELCLKAXX00,,1,2037,,,,,,1.0
InputActivityRatio,B_Opt_IndiaCostsFuel,GLOBAL,RNWTRNLKAXX,ELCLKAXX00,,1,2038,,,,,,1.0
InputActivityRatio,B_Opt_IndiaCostsFuel,GLOBAL,RNWTRNLKAXX,ELCLKAXX00,,1,2039,,,,,,1.0
InputActivityRatio,B_Opt_IndiaCostsFuel,GLOBAL,RNWTRNLKAXX,ELCLKAXX00,,1,2040,,,,,,1.0
InputActivityRatio,B_Opt_IndiaCostsFuel,GLOBAL,RNWTRNLKAXX,ELCLKAXX00,,1,2041,,,,,,1.0
InputActivityRatio,B_Opt_IndiaCostsFuel,GLOBAL,RNWTRNLKAXX,ELCLKAXX00,,1,2042,,,,,,1.0
InputActivityRatio,B_Opt_IndiaCostsFuel,GLOBAL,RNWTRNLKAXX,ELCLKAXX00,,1,2043,,,,,,1.0
InputActivityRatio,B_Opt_IndiaCostsFuel,GLOBAL,RNWTRNLKAXX,ELCLKAXX00,,1,2044,,,,,,1.0
InputActivityRatio,B_Opt_IndiaCostsFuel,GLOBAL,RNWTRNLKAXX,ELCLKAXX00,,1,2045,,,,,,1.0
InputActivityRatio,B_Opt_IndiaCostsFuel,GLOBAL,RNWTRNLKAXX,ELCLKAXX00,,1,2046,,,,,,1.0
InputActivityRatio,B_Opt_IndiaCostsFuel,GLOBAL,RNWTRNLKAXX,ELCLKAXX00,,1,2047,,,,,,1.0
InputActivityRatio,B_Opt_IndiaCostsFuel,GLOBAL,RNWTRNLKAXX,ELCLKAXX00,,1,2048,,,,,,1.0
InputActivityRatio,B_Opt_IndiaCostsFuel,GLOBAL,RNWTRNLKAXX,ELCLKAXX00,,1,2049,,,,,,1.0
InputActivityRatio,B_Opt_IndiaCostsFuel,GLOBAL,RNWTRNLKAXX,ELCLKAXX00,,1,2050,,,,,,1.0
InputActivityRatio,B_Opt_IndiaCostsFuel,GLOBAL,RNWRPOLKAXX,ELCLKAXX00,,1,2023,,,,,,1.0
InputActivityRatio,B_Opt_IndiaCostsFuel,GLOBAL,RNWRPOLKAXX,ELCLKAXX00,,1,2024,,,,,,1.0
InputActivityRatio,B_Opt_IndiaCostsFuel,GLOBAL,RNWRPOLKAXX,ELCLKAXX00,,1,2025,,,,,,1.0
InputActivityRatio,B_Opt_IndiaCostsFuel,GLOBAL,RNWRPOLKAXX,ELCLKAXX00,,1,2026,,,,,,1.0
InputActivityRatio,B_Opt_IndiaCostsFuel,GLOBAL,RNWRPOLKAXX,ELCLKAXX00,,1,2027,,,,,,1.0
InputActivityRatio,B_Opt_IndiaCostsFuel,GLOBAL,RNWRPOLKAXX,ELCLKAXX00,,1,2028,,,,,,1.0
InputActivityRatio,B_Opt_IndiaCostsFuel,GLOBAL,RNWRPOLKAXX,ELCLKAXX00,,1,2029,,,,,,1.0
InputActivityRatio,B_Opt_IndiaCostsFuel,GLOBAL,RNWRPOLKAXX,ELCLKAXX00,,1,2030,,,,,,1.0
InputActivityRatio,B_Opt_IndiaCostsFuel,GLOBAL,RNWRPOLKAXX,ELCLKAXX00,,1,2031,,,,,,1.0
InputActivityRatio,B_Opt_IndiaCostsFuel,GLOBAL,RNWRPOLKAXX,ELCLKAXX00,,1,2032,,,,,,1.0
InputActivityRatio,B_Opt_IndiaCostsFuel,GLOBAL,RNWRPOLKAXX,ELCLKAXX00,,1,2033,,,,,,1.0
InputActivityRatio,B_Opt_IndiaCostsFuel,GLOBAL,RNWRPOLKAXX,ELCLKAXX00,,1,2034,,,,,,1.0
InputActivityRatio,B_Opt_IndiaCostsFuel,GLOBAL,RNWRPOLKAXX,ELCLKAXX00,,1,2035,,,,,,1.0
InputActivityRatio,B_Opt_IndiaCostsFuel,GLOBAL,RNWRPOLKAXX,ELCLKAXX00,,1,2036,,,,,,1.0
InputActivityRatio,B_Opt_IndiaCostsFuel,GLOBAL,RNWRPOLKAXX,ELCLKAXX00,,1,2037,,,,,,1.0
InputActivityRatio,B_Opt_IndiaCostsFuel,GLOBAL,RNWRPOLKAXX,ELCLKAXX00,,1,2038,,,,,,1.0
InputActivityRatio,B_Opt_IndiaCostsFuel,GLOBAL,RNWRPOLKAXX,ELCLKAXX00,,1,2039,,,,,,1.0
InputActivityRatio,B_Opt_IndiaCostsFuel,GLOBAL,RNWRPOLKAXX,ELCLKAXX00,,1,2040,,,,,,1.0
InputActivityRatio,B_Opt_IndiaCostsFuel,GLOBAL,RNWRPOLKAXX,ELCLKAXX00,,1,2041,,,,,,1.0
InputActivityRatio,B_Opt_IndiaCostsFuel,GLOBAL,RNWRPOLKAXX,ELCLKAXX00,,1,2042,,,,,,1.0
InputActivityRatio,B_Opt_IndiaCostsFuel,GLOBAL,RNWRPOLKAXX,ELCLKAXX00,,1,2043,,,,,,1.0
InputActivityRatio,B_Opt_IndiaCostsFuel,GLOBAL,RNWRPOLKAXX,ELCLKAXX00,,1,2044,,,,,,1.0
InputActivityRatio,B_Opt_IndiaCostsFuel,GLOBAL,RNWRPOLKAXX,ELCLKAXX00,,1,2045,,,,,,1.0
InputActivityRatio,B_Opt_IndiaCostsFuel,GLOBAL,RNWRPOLKAXX,ELCLKAXX00,,1,2046,,,,,,1.0
InputActivityRatio,B_Opt_IndiaCostsFuel,GLOBAL,RNWRPOLKAXX,ELCLKAXX00,,1,2047,,,,,,1.0
InputActivityRatio,B_Opt_IndiaCostsFuel,GLOBAL,RNWRPOLKAXX,ELCLKAXX00,,1,2048,,,,,,1.0
InputActivityRatio,B_Opt_IndiaCostsFuel,GLOBAL,RNWRPOLKAXX,ELCLKAXX00,,1,2049,,,,,,1.0
InputActivityRatio,B_Opt_IndiaCostsFuel,GLOBAL,RNWRPOLKAXX,ELCLKAXX00,,1,2050,,,,,,1.0
InputActivityRatio,B_Opt_IndiaCostsFuel,GLOBAL,RNWNLILKAXX,ELCLKAXX00,,1,2023,,,,,,1.0
InputActivityRatio,B_Opt_IndiaCostsFuel,GLOBAL,RNWNLILKAXX,ELCLKAXX00,,1,2024,,,,,,1.0
InputActivityRatio,B_Opt_IndiaCostsFuel,GLOBAL,RNWNLILKAXX,ELCLKAXX00,,1,2025,,,,,,1.0
InputActivityRatio,B_Opt_IndiaCostsFuel,GLOBAL,RNWNLILKAXX,ELCLKAXX00,,1,2026,,,,,,1.0
InputActivityRatio,B_Opt_IndiaCostsFuel,GLOBAL,RNWNLILKAXX,ELCLKAXX00,,1,2027,,,,,,1.0
InputActivityRatio,B_Opt_IndiaCostsFuel,GLOBAL,RNWNLILKAXX,ELCLKAXX00,,1,2028,,,,,,1.0
InputActivityRatio,B_Opt_IndiaCostsFuel,GLOBAL,RNWNLILKAXX,ELCLKAXX00,,1,2029,,,,,,1.0
InputActivityRatio,B_Opt_IndiaCostsFuel,GLOBAL,RNWNLILKAXX,ELCLKAXX00,,1,2030,,,,,,1.0
InputActivityRatio,B_Opt_IndiaCostsFuel,GLOBAL,RNWNLILKAXX,ELCLKAXX00,,1,2031,,,,,,1.0
InputActivityRatio,B_Opt_IndiaCostsFuel,GLOBAL,RNWNLILKAXX,ELCLKAXX00,,1,2032,,,,,,1.0
InputActivityRatio,B_Opt_IndiaCostsFuel,GLOBAL,RNWNLILKAXX,ELCLKAXX00,,1,2033,,,,,,1.0
InputActivityRatio,B_Opt_IndiaCostsFuel,GLOBAL,RNWNLILKAXX,ELCLKAXX00,,1,2034,,,,,,1.0
InputActivityRatio,B_Opt_IndiaCostsFuel,GLOBAL,RNWNLILKAXX,ELCLKAXX00,,1,2035,,,,,,1.0
InputActivityRatio,B_Opt_IndiaCostsFuel,GLOBAL,RNWNLILKAXX,ELCLKAXX00,,1,2036,,,,,,1.0
InputActivityRatio,B_Opt_IndiaCostsFuel,GLOBAL,RNWNLILKAXX,ELCLKAXX00,,1,2037,,,,,,1.0
InputActivityRatio,B_Opt_IndiaCostsFuel,GLOBAL,RNWNLILKAXX,ELCLKAXX00,,1,2038,,,,,,1.0
InputActivityRatio,B_Opt_IndiaCostsFuel,GLOBAL,RNWNLILKAXX,ELCLKAXX00,,1,2039,,,,,,1.0
InputActivityRatio,B_Opt_IndiaCostsFuel,GLOBAL,RNWNLILKAXX,ELCLKAXX00,,1,2040,,,,,,1.0
InputActivityRatio,B_Opt_IndiaCostsFuel,GLOBAL,RNWNLILKAXX,ELCLKAXX00,,1,2041,,,,,,1.0
InputActivityRatio,B_Opt_IndiaCostsFuel,GLOBAL,RNWNLILKAXX,ELCLKAXX00,,1,2042,,,,,,1.0
InputActivityRatio,B_Opt_IndiaCostsFuel,GLOBAL,RNWNLILKAXX,ELCLKAXX00,,1,2043,,,,,,1.0
InputActivityRatio,B_Opt_IndiaCostsFuel,GLOBAL,RNWNLILKAXX,ELCLKAXX00,,1,2044,,,,,,1.0
InputActivityRatio,B_Opt_IndiaCostsFuel,GLOBAL,RNWNLILKAXX,ELCLKAXX00,,1,2045,,,,,,1.0
InputActivityRatio,B_Opt_IndiaCostsFuel,GLOBAL,RNWNLILKAXX,ELCLKAXX00,,1,2046,,,,,,1.0
InputActivityRatio,B_Opt_IndiaCostsFuel,GLOBAL,RNWNLILKAXX,ELCLKAXX00,,1,2047,,,,,,1.0
InputActivityRatio,B_Opt_IndiaCostsFuel,GLOBAL,RNWNLILKAXX,ELCLKAXX00,,1,2048,,,,,,1.0
InputActivityRatio,B_Opt_IndiaCostsFuel,GLOBAL,RNWNLILKAXX,ELCLKAXX00,,1,2049,,,,,,1.0
InputActivityRatio,B_Opt_IndiaCostsFuel,GLOBAL,RNWNLILKAXX,ELCLKAXX00,,1,2050,,,,,,1.0
InputActivityRatio,B_Opt_IndiaCostsFuel,GLOBAL,PWRTRNLKAXX,ELCLKAXX01,,1,2023,,,,,,1.0
InputActivityRatio,B_Opt_IndiaCostsFuel,GLOBAL,PWRTRNLKAXX,ELCLKAXX01,,1,2024,,,,,,1.0
InputActivityRatio,B_Opt_IndiaCostsFuel,GLOBAL,PWRTRNLKAXX,ELCLKAXX01,,1,2025,,,,,,1.0
InputActivityRatio,B_Opt_IndiaCostsFuel,GLOBAL,PWRTRNLKAXX,ELCLKAXX01,,1,2026,,,,,,1.0
InputActivityRatio,B_Opt_IndiaCostsFuel,GLOBAL,PWRTRNLKAXX,ELCLKAXX01,,1,2027,,,,,,1.0
InputActivityRatio,B_Opt_IndiaCostsFuel,GLOBAL,PWRTRNLKAXX,ELCLKAXX01,,1,2028,,,,,,1.0
InputActivityRatio,B_Opt_IndiaCostsFuel,GLOBAL,PWRTRNLKAXX,ELCLKAXX01,,1,2029,,,,,,1.0
InputActivityRatio,B_Opt_IndiaCostsFuel,GLOBAL,PWRTRNLKAXX,ELCLKAXX01,,1,2030,,,,,,1.0
InputActivityRatio,B_Opt_IndiaCostsFuel,GLOBAL,PWRTRNLKAXX,ELCLKAXX01,,1,2031,,,,,,1.0
InputActivityRatio,B_Opt_IndiaCostsFuel,GLOBAL,PWRTRNLKAXX,ELCLKAXX01,,1,2032,,,,,,1.0
InputActivityRatio,B_Opt_IndiaCostsFuel,GLOBAL,PWRTRNLKAXX,ELCLKAXX01,,1,2033,,,,,,1.0
InputActivityRatio,B_Opt_IndiaCostsFuel,GLOBAL,PWRTRNLKAXX,ELCLKAXX01,,1,2034,,,,,,1.0
InputActivityRatio,B_Opt_IndiaCostsFuel,GLOBAL,PWRTRNLKAXX,ELCLKAXX01,,1,2035,,,,,,1.0
InputActivityRatio,B_Opt_IndiaCostsFuel,GLOBAL,PWRTRNLKAXX,ELCLKAXX01,,1,2036,,,,,,1.0
InputActivityRatio,B_Opt_IndiaCostsFuel,GLOBAL,PWRTRNLKAXX,ELCLKAXX01,,1,2037,,,,,,1.0
InputActivityRatio,B_Opt_IndiaCostsFuel,GLOBAL,PWRTRNLKAXX,ELCLKAXX01,,1,2038,,,,,,1.0
InputActivityRatio,B_Opt_IndiaCostsFuel,GLOBAL,PWRTRNLKAXX,ELCLKAXX01,,1,2039,,,,,,1.0
InputActivityRatio,B_Opt_IndiaCostsFuel,GLOBAL,PWRTRNLKAXX,ELCLKAXX01,,1,2040,,,,,,1.0
InputActivityRatio,B_Opt_IndiaCostsFuel,GLOBAL,PWRTRNLKAXX,ELCLKAXX01,,1,2041,,,,,,1.0
InputActivityRatio,B_Opt_IndiaCostsFuel,GLOBAL,PWRTRNLKAXX,ELCLKAXX01,,1,2042,,,,,,1.0
InputActivityRatio,B_Opt_IndiaCostsFuel,GLOBAL,PWRTRNLKAXX,ELCLKAXX01,,1,2043,,,,,,1.0
InputActivityRatio,B_Opt_IndiaCostsFuel,GLOBAL,PWRTRNLKAXX,ELCLKAXX01,,1,2044,,,,,,1.0
InputActivityRatio,B_Opt_IndiaCostsFuel,GLOBAL,PWRTRNLKAXX,ELCLKAXX01,,1,2045,,,,,,1.0
InputActivityRatio,B_Opt_IndiaCostsFuel,GLOBAL,PWRTRNLKAXX,ELCLKAXX01,,1,2046,,,,,,1.0
InputActivityRatio,B_Opt_IndiaCostsFuel,GLOBAL,PWRTRNLKAXX,ELCLKAXX01,,1,2047,,,,,,1.0
InputActivityRatio,B_Opt_IndiaCostsFuel,GLOBAL,PWRTRNLKAXX,ELCLKAXX01,,1,2048,,,,,,1.0
InputActivityRatio,B_Opt_IndiaCostsFuel,GLOBAL,PWRTRNLKAXX,ELCLKAXX01,,1,2049,,,,,,1.0
InputActivityRatio,B_Opt_IndiaCostsFuel,GLOBAL,PWRTRNLKAXX,ELCLKAXX01,,1,2050,,,,,,1.0
InputActivityRatio,B_Opt_IndiaCostsFuel,GLOBAL,TRNRPOLKAXX,ELCLKAXX01,,1,2023,,,,,,1.0
InputActivityRatio,B_Opt_IndiaCostsFuel,GLOBAL,TRNRPOLKAXX,ELCLKAXX01,,1,2024,,,,,,1.0
InputActivityRatio,B_Opt_IndiaCostsFuel,GLOBAL,TRNRPOLKAXX,ELCLKAXX01,,1,2025,,,,,,1.0
InputActivityRatio,B_Opt_IndiaCostsFuel,GLOBAL,TRNRPOLKAXX,ELCLKAXX01,,1,2026,,,,,,1.0
InputActivityRatio,B_Opt_IndiaCostsFuel,GLOBAL,TRNRPOLKAXX,ELCLKAXX01,,1,2027,,,,,,1.0
InputActivityRatio,B_Opt_IndiaCostsFuel,GLOBAL,TRNRPOLKAXX,ELCLKAXX01,,1,2028,,,,,,1.0
InputActivityRatio,B_Opt_IndiaCostsFuel,GLOBAL,TRNRPOLKAXX,ELCLKAXX01,,1,2029,,,,,,1.0
InputActivityRatio,B_Opt_IndiaCostsFuel,GLOBAL,TRNRPOLKAXX,ELCLKAXX01,,1,2030,,,,,,1.0
InputActivityRatio,B_Opt_IndiaCostsFuel,GLOBAL,TRNRPOLKAXX,ELCLKAXX01,,1,2031,,,,,,1.0
InputActivityRatio,B_Opt_IndiaCostsFuel,GLOBAL,TRNRPOLKAXX,ELCLKAXX01,,1,2032,,,,,,1.0
InputActivityRatio,B_Opt_IndiaCostsFuel,GLOBAL,TRNRPOLKAXX,ELCLKAXX01,,1,2033,,,,,,1.0
InputActivityRatio,B_Opt_IndiaCostsFuel,GLOBAL,TRNRPOLKAXX,ELCLKAXX01,,1,2034,,,,,,1.0
InputActivityRatio,B_Opt_IndiaCostsFuel,GLOBAL,TRNRPOLKAXX,ELCLKAXX01,,1,2035,,,,,,1.0
InputActivityRatio,B_Opt_IndiaCostsFuel,GLOBAL,TRNRPOLKAXX,ELCLKAXX01,,1,2036,,,,,,1.0
InputActivityRatio,B_Opt_IndiaCostsFuel,GLOBAL,TRNRPOLKAXX,ELCLKAXX01,,1,2037,,,,,,1.0
InputActivityRatio,B_Opt_IndiaCostsFuel,GLOBAL,TRNRPOLKAXX,ELCLKAXX01,,1,2038,,,,,,1.0
InputActivityRatio,B_Opt_IndiaCostsFuel,GLOBAL,TRNRPOLKAXX,ELCLKAXX01,,1,2039,,,,,,1.0
InputActivityRatio,B_Opt_IndiaCostsFuel,GLOBAL,TRNRPOLKAXX,ELCLKAXX01,,1,2040,,,,,,1.0
InputActivityRatio,B_Opt_IndiaCostsFuel,GLOBAL,TRNRPOLKAXX,ELCLKAXX01,,1,2041,,,,,,1.0
InputActivityRatio,B_Opt_IndiaCostsFuel,GLOBAL,TRNRPOLKAXX,ELCLKAXX01,,1,2042,,,,,,1.0
InputActivityRatio,B_Opt_IndiaCostsFuel,GLOBAL,TRNRPOLKAXX,ELCLKAXX01,,1,2043,,,,,,1.0
InputActivityRatio,B_Opt_IndiaCostsFuel,GLOBAL,TRNRPOLKAXX,ELCLKAXX01,,1,2044,,,,,,1.0
InputActivityRatio,B_Opt_IndiaCostsFuel,GLOBAL,TRNRPOLKAXX,ELCLKAXX01,,1,2045,,,,,,1.0
InputActivityRatio,B_Opt_IndiaCostsFuel,GLOBAL,TRNRPOLKAXX,ELCLKAXX01,,1,2046,,,,,,1.0
InputActivityRatio,B_Opt_IndiaCostsFuel,GLOBAL,TRNRPOLKAXX,ELCLKAXX01,,1,2047,,,,,,1.0
InputActivityRatio,B_Opt_IndiaCostsFuel,GLOBAL,TRNRPOLKAXX,ELCLKAXX01,,1,2048,,,,,,1.0
InputActivityRatio,B_Opt_IndiaCostsFuel,GLOBAL,TRNRPOLKAXX,ELCLKAXX01,,1,2049,,,,,,1.0
InputActivityRatio,B_Opt_IndiaCostsFuel,GLOBAL,TRNRPOLKAXX,ELCLKAXX01,,1,2050,,,,,,1.0
InputActivityRatio,B_Opt_IndiaCostsFuel,GLOBAL,TRNNLILKAXX,ELCLKAXX01,,1,2023,,,,,,1.0
InputActivityRatio,B_Opt_IndiaCostsFuel,GLOBAL,TRNNLILKAXX,ELCLKAXX01,,1,2024,,,,,,1.0
InputActivityRatio,B_Opt_IndiaCostsFuel,GLOBAL,TRNNLILKAXX,ELCLKAXX01,,1,2025,,,,,,1.0
InputActivityRatio,B_Opt_IndiaCostsFuel,GLOBAL,TRNNLILKAXX,ELCLKAXX01,,1,2026,,,,,,1.0
InputActivityRatio,B_Opt_IndiaCostsFuel,GLOBAL,TRNNLILKAXX,ELCLKAXX01,,1,2027,,,,,,1.0
InputActivityRatio,B_Opt_IndiaCostsFuel,GLOBAL,TRNNLILKAXX,ELCLKAXX01,,1,2028,,,,,,1.0
InputActivityRatio,B_Opt_IndiaCostsFuel,GLOBAL,TRNNLILKAXX,ELCLKAXX01,,1,2029,,,,,,1.0
InputActivityRatio,B_Opt_IndiaCostsFuel,GLOBAL,TRNNLILKAXX,ELCLKAXX01,,1,2030,,,,,,1.0
InputActivityRatio,B_Opt_IndiaCostsFuel,GLOBAL,TRNNLILKAXX,ELCLKAXX01,,1,2031,,,,,,1.0
InputActivityRatio,B_Opt_IndiaCostsFuel,GLOBAL,TRNNLILKAXX,ELCLKAXX01,,1,2032,,,,,,1.0
InputActivityRatio,B_Opt_IndiaCostsFuel,GLOBAL,TRNNLILKAXX,ELCLKAXX01,,1,2033,,,,,,1.0
InputActivityRatio,B_Opt_IndiaCostsFuel,GLOBAL,TRNNLILKAXX,ELCLKAXX01,,1,2034,,,,,,1.0
InputActivityRatio,B_Opt_IndiaCostsFuel,GLOBAL,TRNNLILKAXX,ELCLKAXX01,,1,2035,,,,,,1.0
InputActivityRatio,B_Opt_IndiaCostsFuel,GLOBAL,TRNNLILKAXX,ELCLKAXX01,,1,2036,,,,,,1.0
InputActivityRatio,B_Opt_IndiaCostsFuel,GLOBAL,TRNNLILKAXX,ELCLKAXX01,,1,2037,,,,,,1.0
InputActivityRatio,B_Opt_IndiaCostsFuel,GLOBAL,TRNNLILKAXX,ELCLKAXX01,,1,2038,,,,,,1.0
InputActivityRatio,B_Opt_IndiaCostsFuel,GLOBAL,TRNNLILKAXX,ELCLKAXX01,,1,2039,,,,,,1.0
InputActivityRatio,B_Opt_IndiaCostsFuel,GLOBAL,TRNNLILKAXX,ELCLKAXX01,,1,2040,,,,,,1.0
InputActivityRatio,B_Opt_IndiaCostsFuel,GLOBAL,TRNNLILKAXX,ELCLKAXX01,,1,2041,,,,,,1.0
InputActivityRatio,B_Opt_IndiaCostsFuel,GLOBAL,TRNNLILKAXX,ELCLKAXX01,,1,2042,,,,,,1.0
InputActivityRatio,B_Opt_IndiaCostsFuel,GLOBAL,TRNNLILKAXX,ELCLKAXX01,,1,2043,,,,,,1.0
InputActivityRatio,B_Opt_IndiaCostsFuel,GLOBAL,TRNNLILKAXX,ELCLKAXX01,,1,2044,,,,,,1.0
InputActivityRatio,B_Opt_IndiaCostsFuel,GLOBAL,TRNNLILKAXX,ELCLKAXX01,,1,2045,,,,,,1.0
InputActivityRatio,B_Opt_IndiaCostsFuel,GLOBAL,TRNNLILKAXX,ELCLKAXX01,,1,2046,,,,,,1.0
InputActivityRatio,B_Opt_IndiaCostsFuel,GLOBAL,TRNNLILKAXX,ELCLKAXX01,,1,2047,,,,,,1.0
InputActivityRatio,B_Opt_IndiaCostsFuel,GLOBAL,TRNNLILKAXX,ELCLKAXX01,,1,2048,,,,,,1.0
InputActivityRatio,B_Opt_IndiaCostsFuel,GLOBAL,TRNNLILKAXX,ELCLKAXX01,,1,2049,,,,,,1.0
InputActivityRatio,B_Opt_IndiaCostsFuel,GLOBAL,TRNNLILKAXX,ELCLKAXX01,,1,2050,,,,,,1.0
InputActivityRatio,B_Opt_IndiaCostsFuel,GLOBAL,DSPTRNLKAXX,ELCLKAXX02,,1,2023,,,,,,1.0
InputActivityRatio,B_Opt_IndiaCostsFuel,GLOBAL,DSPTRNLKAXX,ELCLKAXX02,,1,2024,,,,,,1.0
InputActivityRatio,B_Opt_IndiaCostsFuel,GLOBAL,DSPTRNLKAXX,ELCLKAXX02,,1,2025,,,,,,1.0
InputActivityRatio,B_Opt_IndiaCostsFuel,GLOBAL,DSPTRNLKAXX,ELCLKAXX02,,1,2026,,,,,,1.0
InputActivityRatio,B_Opt_IndiaCostsFuel,GLOBAL,DSPTRNLKAXX,ELCLKAXX02,,1,2027,,,,,,1.0
InputActivityRatio,B_Opt_IndiaCostsFuel,GLOBAL,DSPTRNLKAXX,ELCLKAXX02,,1,2028,,,,,,1.0
InputActivityRatio,B_Opt_IndiaCostsFuel,GLOBAL,DSPTRNLKAXX,ELCLKAXX02,,1,2029,,,,,,1.0
InputActivityRatio,B_Opt_IndiaCostsFuel,GLOBAL,DSPTRNLKAXX,ELCLKAXX02,,1,2030,,,,,,1.0
InputActivityRatio,B_Opt_IndiaCostsFuel,GLOBAL,DSPTRNLKAXX,ELCLKAXX02,,1,2031,,,,,,1.0
InputActivityRatio,B_Opt_IndiaCostsFuel,GLOBAL,DSPTRNLKAXX,ELCLKAXX02,,1,2032,,,,,,1.0
InputActivityRatio,B_Opt_IndiaCostsFuel,GLOBAL,DSPTRNLKAXX,ELCLKAXX02,,1,2033,,,,,,1.0
InputActivityRatio,B_Opt_IndiaCostsFuel,GLOBAL,DSPTRNLKAXX,ELCLKAXX02,,1,2034,,,,,,1.0
InputActivityRatio,B_Opt_IndiaCostsFuel,GLOBAL,DSPTRNLKAXX,ELCLKAXX02,,1,2035,,,,,,1.0
InputActivityRatio,B_Opt_IndiaCostsFuel,GLOBAL,DSPTRNLKAXX,ELCLKAXX02,,1,2036,,,,,,1.0
InputActivityRatio,B_Opt_IndiaCostsFuel,GLOBAL,DSPTRNLKAXX,ELCLKAXX02,,1,2037,,,,,,1.0
InputActivityRatio,B_Opt_IndiaCostsFuel,GLOBAL,DSPTRNLKAXX,ELCLKAXX02,,1,2038,,,,,,1.0
InputActivityRatio,B_Opt_IndiaCostsFuel,GLOBAL,DSPTRNLKAXX,ELCLKAXX02,,1,2039,,,,,,1.0
InputActivityRatio,B_Opt_IndiaCostsFuel,GLOBAL,DSPTRNLKAXX,ELCLKAXX02,,1,2040,,,,,,1.0
InputActivityRatio,B_Opt_IndiaCostsFuel,GLOBAL,DSPTRNLKAXX,ELCLKAXX02,,1,2041,,,,,,1.0
InputActivityRatio,B_Opt_IndiaCostsFuel,GLOBAL,DSPTRNLKAXX,ELCLKAXX02,,1,2042,,,,,,1.0
InputActivityRatio,B_Opt_IndiaCostsFuel,GLOBAL,DSPTRNLKAXX,ELCLKAXX02,,1,2043,,,,,,1.0
InputActivityRatio,B_Opt_IndiaCostsFuel,GLOBAL,DSPTRNLKAXX,ELCLKAXX02,,1,2044,,,,,,1.0
InputActivityRatio,B_Opt_IndiaCostsFuel,GLOBAL,DSPTRNLKAXX,ELCLKAXX02,,1,2045,,,,,,1.0
InputActivityRatio,B_Opt_IndiaCostsFuel,GLOBAL,DSPTRNLKAXX,ELCLKAXX02,,1,2046,,,,,,1.0
InputActivityRatio,B_Opt_IndiaCostsFuel,GLOBAL,DSPTRNLKAXX,ELCLKAXX02,,1,2047,,,,,,1.0
InputActivityRatio,B_Opt_IndiaCostsFuel,GLOBAL,DSPTRNLKAXX,ELCLKAXX02,,1,2048,,,,,,1.0
InputActivityRatio,B_Opt_IndiaCostsFuel,GLOBAL,DSPTRNLKAXX,ELCLKAXX02,,1,2049,,,,,,1.0
InputActivityRatio,B_Opt_IndiaCostsFuel,GLOBAL,DSPTRNLKAXX,ELCLKAXX02,,1,2050,,,,,,1.0
InputActivityRatio,B_Opt_IndiaCostsFuel,GLOBAL,DSPTRNLKAXX,ELCLKAXX04,,2,2023,,,,,,1.0
InputActivityRatio,B_Opt_IndiaCostsFuel,GLOBAL,DSPTRNLKAXX,ELCLKAXX04,,2,2024,,,,,,1.0
InputActivityRatio,B_Opt_IndiaCostsFuel,GLOBAL,DSPTRNLKAXX,ELCLKAXX04,,2,2025,,,,,,1.0
InputActivityRatio,B_Opt_IndiaCostsFuel,GLOBAL,DSPTRNLKAXX,ELCLKAXX04,,2,2026,,,,,,1.0
InputActivityRatio,B_Opt_IndiaCostsFuel,GLOBAL,DSPTRNLKAXX,ELCLKAXX04,,2,2027,,,,,,1.0
InputActivityRatio,B_Opt_IndiaCostsFuel,GLOBAL,DSPTRNLKAXX,ELCLKAXX04,,2,2028,,,,,,1.0
InputActivityRatio,B_Opt_IndiaCostsFuel,GLOBAL,DSPTRNLKAXX,ELCLKAXX04,,2,2029,,,,,,1.0
InputActivityRatio,B_Opt_IndiaCostsFuel,GLOBAL,DSPTRNLKAXX,ELCLKAXX04,,2,2030,,,,,,1.0
InputActivityRatio,B_Opt_IndiaCostsFuel,GLOBAL,DSPTRNLKAXX,ELCLKAXX04,,2,2031,,,,,,1.0
InputActivityRatio,B_Opt_IndiaCostsFuel,GLOBAL,DSPTRNLKAXX,ELCLKAXX04,,2,2032,,,,,,1.0
InputActivityRatio,B_Opt_IndiaCostsFuel,GLOBAL,DSPTRNLKAXX,ELCLKAXX04,,2,2033,,,,,,1.0
InputActivityRatio,B_Opt_IndiaCostsFuel,GLOBAL,DSPTRNLKAXX,ELCLKAXX04,,2,2034,,,,,,1.0
InputActivityRatio,B_Opt_IndiaCostsFuel,GLOBAL,DSPTRNLKAXX,ELCLKAXX04,,2,2035,,,,,,1.0
InputActivityRatio,B_Opt_IndiaCostsFuel,GLOBAL,DSPTRNLKAXX,ELCLKAXX04,,2,2036,,,,,,1.0
InputActivityRatio,B_Opt_IndiaCostsFuel,GLOBAL,DSPTRNLKAXX,ELCLKAXX04,,2,2037,,,,,,1.0
InputActivityRatio,B_Opt_IndiaCostsFuel,GLOBAL,DSPTRNLKAXX,ELCLKAXX04,,2,2038,,,,,,1.0
InputActivityRatio,B_Opt_IndiaCostsFuel,GLOBAL,DSPTRNLKAXX,ELCLKAXX04,,2,2039,,,,,,1.0
InputActivityRatio,B_Opt_IndiaCostsFuel,GLOBAL,DSPTRNLKAXX,ELCLKAXX04,,2,2040,,,,,,1.0
InputActivityRatio,B_Opt_IndiaCostsFuel,GLOBAL,DSPTRNLKAXX,ELCLKAXX04,,2,2041,,,,,,1.0
InputActivityRatio,B_Opt_IndiaCostsFuel,GLOBAL,DSPTRNLKAXX,ELCLKAXX04,,2,2042,,,,,,1.0
InputActivityRatio,B_Opt_IndiaCostsFuel,GLOBAL,DSPTRNLKAXX,ELCLKAXX04,,2,2043,,,,,,1.0
InputActivityRatio,B_Opt_IndiaCostsFuel,GLOBAL,DSPTRNLKAXX,ELCLKAXX04,,2,2044,,,,,,1.0
InputActivityRatio,B_Opt_IndiaCostsFuel,GLOBAL,DSPTRNLKAXX,ELCLKAXX04,,2,2045,,,,,,1.0
InputActivityRatio,B_Opt_IndiaCostsFuel,GLOBAL,DSPTRNLKAXX,ELCLKAXX04,,2,2046,,,,,,1.0
InputActivityRatio,B_Opt_IndiaCostsFuel,GLOBAL,DSPTRNLKAXX,ELCLKAXX04,,2,2047,,,,,,1.0
InputActivityRatio,B_Opt_IndiaCostsFuel,GLOBAL,DSPTRNLKAXX,ELCLKAXX04,,2,2048,,,,,,1.0
InputActivityRatio,B_Opt_IndiaCostsFuel,GLOBAL,DSPTRNLKAXX,ELCLKAXX04,,2,2049,,,,,,1.0
InputActivityRatio,B_Opt_IndiaCostsFuel,GLOBAL,DSPTRNLKAXX,ELCLKAXX04,,2,2050,,,,,,1.0
InputActivityRatio,B_Opt_IndiaCostsFuel,GLOBAL,RNWTRNMDVXX,ELCMDVXX00,,1,2023,,,,,,1.0
InputActivityRatio,B_Opt_IndiaCostsFuel,GLOBAL,RNWTRNMDVXX,ELCMDVXX00,,1,2024,,,,,,1.0
InputActivityRatio,B_Opt_IndiaCostsFuel,GLOBAL,RNWTRNMDVXX,ELCMDVXX00,,1,2025,,,,,,1.0
InputActivityRatio,B_Opt_IndiaCostsFuel,GLOBAL,RNWTRNMDVXX,ELCMDVXX00,,1,2026,,,,,,1.0
InputActivityRatio,B_Opt_IndiaCostsFuel,GLOBAL,RNWTRNMDVXX,ELCMDVXX00,,1,2027,,,,,,1.0
InputActivityRatio,B_Opt_IndiaCostsFuel,GLOBAL,RNWTRNMDVXX,ELCMDVXX00,,1,2028,,,,,,1.0
InputActivityRatio,B_Opt_IndiaCostsFuel,GLOBAL,RNWTRNMDVXX,ELCMDVXX00,,1,2029,,,,,,1.0
InputActivityRatio,B_Opt_IndiaCostsFuel,GLOBAL,RNWTRNMDVXX,ELCMDVXX00,,1,2030,,,,,,1.0
InputActivityRatio,B_Opt_IndiaCostsFuel,GLOBAL,RNWTRNMDVXX,ELCMDVXX00,,1,2031,,,,,,1.0
InputActivityRatio,B_Opt_IndiaCostsFuel,GLOBAL,RNWTRNMDVXX,ELCMDVXX00,,1,2032,,,,,,1.0
InputActivityRatio,B_Opt_IndiaCostsFuel,GLOBAL,RNWTRNMDVXX,ELCMDVXX00,,1,2033,,,,,,1.0
InputActivityRatio,B_Opt_IndiaCostsFuel,GLOBAL,RNWTRNMDVXX,ELCMDVXX00,,1,2034,,,,,,1.0
InputActivityRatio,B_Opt_IndiaCostsFuel,GLOBAL,RNWTRNMDVXX,ELCMDVXX00,,1,2035,,,,,,1.0
InputActivityRatio,B_Opt_IndiaCostsFuel,GLOBAL,RNWTRNMDVXX,ELCMDVXX00,,1,2036,,,,,,1.0
InputActivityRatio,B_Opt_IndiaCostsFuel,GLOBAL,RNWTRNMDVXX,ELCMDVXX00,,1,2037,,,,,,1.0
InputActivityRatio,B_Opt_IndiaCostsFuel,GLOBAL,RNWTRNMDVXX,ELCMDVXX00,,1,2038,,,,,,1.0
InputActivityRatio,B_Opt_IndiaCostsFuel,GLOBAL,RNWTRNMDVXX,ELCMDVXX00,,1,2039,,,,,,1.0
InputActivityRatio,B_Opt_IndiaCostsFuel,GLOBAL,RNWTRNMDVXX,ELCMDVXX00,,1,2040,,,,,,1.0
InputActivityRatio,B_Opt_IndiaCostsFuel,GLOBAL,RNWTRNMDVXX,ELCMDVXX00,,1,2041,,,,,,1.0
InputActivityRatio,B_Opt_IndiaCostsFuel,GLOBAL,RNWTRNMDVXX,ELCMDVXX00,,1,2042,,,,,,1.0
InputActivityRatio,B_Opt_IndiaCostsFuel,GLOBAL,RNWTRNMDVXX,ELCMDVXX00,,1,2043,,,,,,1.0
InputActivityRatio,B_Opt_IndiaCostsFuel,GLOBAL,RNWTRNMDVXX,ELCMDVXX00,,1,2044,,,,,,1.0
InputActivityRatio,B_Opt_IndiaCostsFuel,GLOBAL,RNWTRNMDVXX,ELCMDVXX00,,1,2045,,,,,,1.0
InputActivityRatio,B_Opt_IndiaCostsFuel,GLOBAL,RNWTRNMDVXX,ELCMDVXX00,,1,2046,,,,,,1.0
InputActivityRatio,B_Opt_IndiaCostsFuel,GLOBAL,RNWTRNMDVXX,ELCMDVXX00,,1,2047,,,,,,1.0
InputActivityRatio,B_Opt_IndiaCostsFuel,GLOBAL,RNWTRNMDVXX,ELCMDVXX00,,1,2048,,,,,,1.0
InputActivityRatio,B_Opt_IndiaCostsFuel,GLOBAL,RNWTRNMDVXX,ELCMDVXX00,,1,2049,,,,,,1.0
InputActivityRatio,B_Opt_IndiaCostsFuel,GLOBAL,RNWTRNMDVXX,ELCMDVXX00,,1,2050,,,,,,1.0
InputActivityRatio,B_Opt_IndiaCostsFuel,GLOBAL,RNWRPOMDVXX,ELCMDVXX00,,1,2023,,,,,,1.0
InputActivityRatio,B_Opt_IndiaCostsFuel,GLOBAL,RNWRPOMDVXX,ELCMDVXX00,,1,2024,,,,,,1.0
InputActivityRatio,B_Opt_IndiaCostsFuel,GLOBAL,RNWRPOMDVXX,ELCMDVXX00,,1,2025,,,,,,1.0
InputActivityRatio,B_Opt_IndiaCostsFuel,GLOBAL,RNWRPOMDVXX,ELCMDVXX00,,1,2026,,,,,,1.0
InputActivityRatio,B_Opt_IndiaCostsFuel,GLOBAL,RNWRPOMDVXX,ELCMDVXX00,,1,2027,,,,,,1.0
InputActivityRatio,B_Opt_IndiaCostsFuel,GLOBAL,RNWRPOMDVXX,ELCMDVXX00,,1,2028,,,,,,1.0
InputActivityRatio,B_Opt_IndiaCostsFuel,GLOBAL,RNWRPOMDVXX,ELCMDVXX00,,1,2029,,,,,,1.0
InputActivityRatio,B_Opt_IndiaCostsFuel,GLOBAL,RNWRPOMDVXX,ELCMDVXX00,,1,2030,,,,,,1.0
InputActivityRatio,B_Opt_IndiaCostsFuel,GLOBAL,RNWRPOMDVXX,ELCMDVXX00,,1,2031,,,,,,1.0
InputActivityRatio,B_Opt_IndiaCostsFuel,GLOBAL,RNWRPOMDVXX,ELCMDVXX00,,1,2032,,,,,,1.0
InputActivityRatio,B_Opt_IndiaCostsFuel,GLOBAL,RNWRPOMDVXX,ELCMDVXX00,,1,2033,,,,,,1.0
InputActivityRatio,B_Opt_IndiaCostsFuel,GLOBAL,RNWRPOMDVXX,ELCMDVXX00,,1,2034,,,,,,1.0
InputActivityRatio,B_Opt_IndiaCostsFuel,GLOBAL,RNWRPOMDVXX,ELCMDVXX00,,1,2035,,,,,,1.0
InputActivityRatio,B_Opt_IndiaCostsFuel,GLOBAL,RNWRPOMDVXX,ELCMDVXX00,,1,2036,,,,,,1.0
InputActivityRatio,B_Opt_IndiaCostsFuel,GLOBAL,RNWRPOMDVXX,ELCMDVXX00,,1,2037,,,,,,1.0
InputActivityRatio,B_Opt_IndiaCostsFuel,GLOBAL,RNWRPOMDVXX,ELCMDVXX00,,1,2038,,,,,,1.0
InputActivityRatio,B_Opt_IndiaCostsFuel,GLOBAL,RNWRPOMDVXX,ELCMDVXX00,,1,2039,,,,,,1.0
InputActivityRatio,B_Opt_IndiaCostsFuel,GLOBAL,RNWRPOMDVXX,ELCMDVXX00,,1,2040,,,,,,1.0
InputActivityRatio,B_Opt_IndiaCostsFuel,GLOBAL,RNWRPOMDVXX,ELCMDVXX00,,1,2041,,,,,,1.0
InputActivityRatio,B_Opt_IndiaCostsFuel,GLOBAL,RNWRPOMDVXX,ELCMDVXX00,,1,2042,,,,,,1.0
InputActivityRatio,B_Opt_IndiaCostsFuel,GLOBAL,RNWRPOMDVXX,ELCMDVXX00,,1,2043,,,,,,1.0
InputActivityRatio,B_Opt_IndiaCostsFuel,GLOBAL,RNWRPOMDVXX,ELCMDVXX00,,1,2044,,,,,,1.0
InputActivityRatio,B_Opt_IndiaCostsFuel,GLOBAL,RNWRPOMDVXX,ELCMDVXX00,,1,2045,,,,,,1.0
InputActivityRatio,B_Opt_IndiaCostsFuel,GLOBAL,RNWRPOMDVXX,ELCMDVXX00,,1,2046,,,,,,1.0
InputActivityRatio,B_Opt_IndiaCostsFuel,GLOBAL,RNWRPOMDVXX,ELCMDVXX00,,1,2047,,,,,,1.0
InputActivityRatio,B_Opt_IndiaCostsFuel,GLOBAL,RNWRPOMDVXX,ELCMDVXX00,,1,2048,,,,,,1.0
InputActivityRatio,B_Opt_IndiaCostsFuel,GLOBAL,RNWRPOMDVXX,ELCMDVXX00,,1,2049,,,,,,1.0
InputActivityRatio,B_Opt_IndiaCostsFuel,GLOBAL,RNWRPOMDVXX,ELCMDVXX00,,1,2050,,,,,,1.0
InputActivityRatio,B_Opt_IndiaCostsFuel,GLOBAL,RNWNLIMDVXX,ELCMDVXX00,,1,2023,,,,,,1.0
InputActivityRatio,B_Opt_IndiaCostsFuel,GLOBAL,RNWNLIMDVXX,ELCMDVXX00,,1,2024,,,,,,1.0
InputActivityRatio,B_Opt_IndiaCostsFuel,GLOBAL,RNWNLIMDVXX,ELCMDVXX00,,1,2025,,,,,,1.0
InputActivityRatio,B_Opt_IndiaCostsFuel,GLOBAL,RNWNLIMDVXX,ELCMDVXX00,,1,2026,,,,,,1.0
InputActivityRatio,B_Opt_IndiaCostsFuel,GLOBAL,RNWNLIMDVXX,ELCMDVXX00,,1,2027,,,,,,1.0
InputActivityRatio,B_Opt_IndiaCostsFuel,GLOBAL,RNWNLIMDVXX,ELCMDVXX00,,1,2028,,,,,,1.0
InputActivityRatio,B_Opt_IndiaCostsFuel,GLOBAL,RNWNLIMDVXX,ELCMDVXX00,,1,2029,,,,,,1.0
InputActivityRatio,B_Opt_IndiaCostsFuel,GLOBAL,RNWNLIMDVXX,ELCMDVXX00,,1,2030,,,,,,1.0
InputActivityRatio,B_Opt_IndiaCostsFuel,GLOBAL,RNWNLIMDVXX,ELCMDVXX00,,1,2031,,,,,,1.0
InputActivityRatio,B_Opt_IndiaCostsFuel,GLOBAL,RNWNLIMDVXX,ELCMDVXX00,,1,2032,,,,,,1.0
InputActivityRatio,B_Opt_IndiaCostsFuel,GLOBAL,RNWNLIMDVXX,ELCMDVXX00,,1,2033,,,,,,1.0
InputActivityRatio,B_Opt_IndiaCostsFuel,GLOBAL,RNWNLIMDVXX,ELCMDVXX00,,1,2034,,,,,,1.0
InputActivityRatio,B_Opt_IndiaCostsFuel,GLOBAL,RNWNLIMDVXX,ELCMDVXX00,,1,2035,,,,,,1.0
InputActivityRatio,B_Opt_IndiaCostsFuel,GLOBAL,RNWNLIMDVXX,ELCMDVXX00,,1,2036,,,,,,1.0
InputActivityRatio,B_Opt_IndiaCostsFuel,GLOBAL,RNWNLIMDVXX,ELCMDVXX00,,1,2037,,,,,,1.0
InputActivityRatio,B_Opt_IndiaCostsFuel,GLOBAL,RNWNLIMDVXX,ELCMDVXX00,,1,2038,,,,,,1.0
InputActivityRatio,B_Opt_IndiaCostsFuel,GLOBAL,RNWNLIMDVXX,ELCMDVXX00,,1,2039,,,,,,1.0
InputActivityRatio,B_Opt_IndiaCostsFuel,GLOBAL,RNWNLIMDVXX,ELCMDVXX00,,1,2040,,,,,,1.0
InputActivityRatio,B_Opt_IndiaCostsFuel,GLOBAL,RNWNLIMDVXX,ELCMDVXX00,,1,2041,,,,,,1.0
InputActivityRatio,B_Opt_IndiaCostsFuel,GLOBAL,RNWNLIMDVXX,ELCMDVXX00,,1,2042,,,,,,1.0
InputActivityRatio,B_Opt_IndiaCostsFuel,GLOBAL,RNWNLIMDVXX,ELCMDVXX00,,1,2043,,,,,,1.0
InputActivityRatio,B_Opt_IndiaCostsFuel,GLOBAL,RNWNLIMDVXX,ELCMDVXX00,,1,2044,,,,,,1.0
InputActivityRatio,B_Opt_IndiaCostsFuel,GLOBAL,RNWNLIMDVXX,ELCMDVXX00,,1,2045,,,,,,1.0
InputActivityRatio,B_Opt_IndiaCostsFuel,GLOBAL,RNWNLIMDVXX,ELCMDVXX00,,1,2046,,,,,,1.0
InputActivityRatio,B_Opt_IndiaCostsFuel,GLOBAL,RNWNLIMDVXX,ELCMDVXX00,,1,2047,,,,,,1.0
InputActivityRatio,B_Opt_IndiaCostsFuel,GLOBAL,RNWNLIMDVXX,ELCMDVXX00,,1,2048,,,,,,1.0
InputActivityRatio,B_Opt_IndiaCostsFuel,GLOBAL,RNWNLIMDVXX,ELCMDVXX00,,1,2049,,,,,,1.0
InputActivityRatio,B_Opt_IndiaCostsFuel,GLOBAL,RNWNLIMDVXX,ELCMDVXX00,,1,2050,,,,,,1.0
InputActivityRatio,B_Opt_IndiaCostsFuel,GLOBAL,PWRTRNMDVXX,ELCMDVXX01,,1,2023,,,,,,1.0
InputActivityRatio,B_Opt_IndiaCostsFuel,GLOBAL,PWRTRNMDVXX,ELCMDVXX01,,1,2024,,,,,,1.0
InputActivityRatio,B_Opt_IndiaCostsFuel,GLOBAL,PWRTRNMDVXX,ELCMDVXX01,,1,2025,,,,,,1.0
InputActivityRatio,B_Opt_IndiaCostsFuel,GLOBAL,PWRTRNMDVXX,ELCMDVXX01,,1,2026,,,,,,1.0
InputActivityRatio,B_Opt_IndiaCostsFuel,GLOBAL,PWRTRNMDVXX,ELCMDVXX01,,1,2027,,,,,,1.0
InputActivityRatio,B_Opt_IndiaCostsFuel,GLOBAL,PWRTRNMDVXX,ELCMDVXX01,,1,2028,,,,,,1.0
InputActivityRatio,B_Opt_IndiaCostsFuel,GLOBAL,PWRTRNMDVXX,ELCMDVXX01,,1,2029,,,,,,1.0
InputActivityRatio,B_Opt_IndiaCostsFuel,GLOBAL,PWRTRNMDVXX,ELCMDVXX01,,1,2030,,,,,,1.0
InputActivityRatio,B_Opt_IndiaCostsFuel,GLOBAL,PWRTRNMDVXX,ELCMDVXX01,,1,2031,,,,,,1.0
InputActivityRatio,B_Opt_IndiaCostsFuel,GLOBAL,PWRTRNMDVXX,ELCMDVXX01,,1,2032,,,,,,1.0
InputActivityRatio,B_Opt_IndiaCostsFuel,GLOBAL,PWRTRNMDVXX,ELCMDVXX01,,1,2033,,,,,,1.0
InputActivityRatio,B_Opt_IndiaCostsFuel,GLOBAL,PWRTRNMDVXX,ELCMDVXX01,,1,2034,,,,,,1.0
InputActivityRatio,B_Opt_IndiaCostsFuel,GLOBAL,PWRTRNMDVXX,ELCMDVXX01,,1,2035,,,,,,1.0
InputActivityRatio,B_Opt_IndiaCostsFuel,GLOBAL,PWRTRNMDVXX,ELCMDVXX01,,1,2036,,,,,,1.0
InputActivityRatio,B_Opt_IndiaCostsFuel,GLOBAL,PWRTRNMDVXX,ELCMDVXX01,,1,2037,,,,,,1.0
InputActivityRatio,B_Opt_IndiaCostsFuel,GLOBAL,PWRTRNMDVXX,ELCMDVXX01,,1,2038,,,,,,1.0
InputActivityRatio,B_Opt_IndiaCostsFuel,GLOBAL,PWRTRNMDVXX,ELCMDVXX01,,1,2039,,,,,,1.0
InputActivityRatio,B_Opt_IndiaCostsFuel,GLOBAL,PWRTRNMDVXX,ELCMDVXX01,,1,2040,,,,,,1.0
InputActivityRatio,B_Opt_IndiaCostsFuel,GLOBAL,PWRTRNMDVXX,ELCMDVXX01,,1,2041,,,,,,1.0
InputActivityRatio,B_Opt_IndiaCostsFuel,GLOBAL,PWRTRNMDVXX,ELCMDVXX01,,1,2042,,,,,,1.0
InputActivityRatio,B_Opt_IndiaCostsFuel,GLOBAL,PWRTRNMDVXX,ELCMDVXX01,,1,2043,,,,,,1.0
InputActivityRatio,B_Opt_IndiaCostsFuel,GLOBAL,PWRTRNMDVXX,ELCMDVXX01,,1,2044,,,,,,1.0
InputActivityRatio,B_Opt_IndiaCostsFuel,GLOBAL,PWRTRNMDVXX,ELCMDVXX01,,1,2045,,,,,,1.0
InputActivityRatio,B_Opt_IndiaCostsFuel,GLOBAL,PWRTRNMDVXX,ELCMDVXX01,,1,2046,,,,,,1.0
InputActivityRatio,B_Opt_IndiaCostsFuel,GLOBAL,PWRTRNMDVXX,ELCMDVXX01,,1,2047,,,,,,1.0
InputActivityRatio,B_Opt_IndiaCostsFuel,GLOBAL,PWRTRNMDVXX,ELCMDVXX01,,1,2048,,,,,,1.0
InputActivityRatio,B_Opt_IndiaCostsFuel,GLOBAL,PWRTRNMDVXX,ELCMDVXX01,,1,2049,,,,,,1.0
InputActivityRatio,B_Opt_IndiaCostsFuel,GLOBAL,PWRTRNMDVXX,ELCMDVXX01,,1,2050,,,,,,1.0
InputActivityRatio,B_Opt_IndiaCostsFuel,GLOBAL,TRNRPOMDVXX,ELCMDVXX01,,1,2023,,,,,,1.0
InputActivityRatio,B_Opt_IndiaCostsFuel,GLOBAL,TRNRPOMDVXX,ELCMDVXX01,,1,2024,,,,,,1.0
InputActivityRatio,B_Opt_IndiaCostsFuel,GLOBAL,TRNRPOMDVXX,ELCMDVXX01,,1,2025,,,,,,1.0
InputActivityRatio,B_Opt_IndiaCostsFuel,GLOBAL,TRNRPOMDVXX,ELCMDVXX01,,1,2026,,,,,,1.0
InputActivityRatio,B_Opt_IndiaCostsFuel,GLOBAL,TRNRPOMDVXX,ELCMDVXX01,,1,2027,,,,,,1.0
InputActivityRatio,B_Opt_IndiaCostsFuel,GLOBAL,TRNRPOMDVXX,ELCMDVXX01,,1,2028,,,,,,1.0
InputActivityRatio,B_Opt_IndiaCostsFuel,GLOBAL,TRNRPOMDVXX,ELCMDVXX01,,1,2029,,,,,,1.0
InputActivityRatio,B_Opt_IndiaCostsFuel,GLOBAL,TRNRPOMDVXX,ELCMDVXX01,,1,2030,,,,,,1.0
InputActivityRatio,B_Opt_IndiaCostsFuel,GLOBAL,TRNRPOMDVXX,ELCMDVXX01,,1,2031,,,,,,1.0
InputActivityRatio,B_Opt_IndiaCostsFuel,GLOBAL,TRNRPOMDVXX,ELCMDVXX01,,1,2032,,,,,,1.0
InputActivityRatio,B_Opt_IndiaCostsFuel,GLOBAL,TRNRPOMDVXX,ELCMDVXX01,,1,2033,,,,,,1.0
InputActivityRatio,B_Opt_IndiaCostsFuel,GLOBAL,TRNRPOMDVXX,ELCMDVXX01,,1,2034,,,,,,1.0
InputActivityRatio,B_Opt_IndiaCostsFuel,GLOBAL,TRNRPOMDVXX,ELCMDVXX01,,1,2035,,,,,,1.0
InputActivityRatio,B_Opt_IndiaCostsFuel,GLOBAL,TRNRPOMDVXX,ELCMDVXX01,,1,2036,,,,,,1.0
InputActivityRatio,B_Opt_IndiaCostsFuel,GLOBAL,TRNRPOMDVXX,ELCMDVXX01,,1,2037,,,,,,1.0
InputActivityRatio,B_Opt_IndiaCostsFuel,GLOBAL,TRNRPOMDVXX,ELCMDVXX01,,1,2038,,,,,,1.0
InputActivityRatio,B_Opt_IndiaCostsFuel,GLOBAL,TRNRPOMDVXX,ELCMDVXX01,,1,2039,,,,,,1.0
InputActivityRatio,B_Opt_IndiaCostsFuel,GLOBAL,TRNRPOMDVXX,ELCMDVXX01,,1,2040,,,,,,1.0
InputActivityRatio,B_Opt_IndiaCostsFuel,GLOBAL,TRNRPOMDVXX,ELCMDVXX01,,1,2041,,,,,,1.0
InputActivityRatio,B_Opt_IndiaCostsFuel,GLOBAL,TRNRPOMDVXX,ELCMDVXX01,,1,2042,,,,,,1.0
InputActivityRatio,B_Opt_IndiaCostsFuel,GLOBAL,TRNRPOMDVXX,ELCMDVXX01,,1,2043,,,,,,1.0
InputActivityRatio,B_Opt_IndiaCostsFuel,GLOBAL,TRNRPOMDVXX,ELCMDVXX01,,1,2044,,,,,,1.0
InputActivityRatio,B_Opt_IndiaCostsFuel,GLOBAL,TRNRPOMDVXX,ELCMDVXX01,,1,2045,,,,,,1.0
InputActivityRatio,B_Opt_IndiaCostsFuel,GLOBAL,TRNRPOMDVXX,ELCMDVXX01,,1,2046,,,,,,1.0
InputActivityRatio,B_Opt_IndiaCostsFuel,GLOBAL,TRNRPOMDVXX,ELCMDVXX01,,1,2047,,,,,,1.0
InputActivityRatio,B_Opt_IndiaCostsFuel,GLOBAL,TRNRPOMDVXX,ELCMDVXX01,,1,2048,,,,,,1.0
InputActivityRatio,B_Opt_IndiaCostsFuel,GLOBAL,TRNRPOMDVXX,ELCMDVXX01,,1,2049,,,,,,1.0
InputActivityRatio,B_Opt_IndiaCostsFuel,GLOBAL,TRNRPOMDVXX,ELCMDVXX01,,1,2050,,,,,,1.0
InputActivityRatio,B_Opt_IndiaCostsFuel,GLOBAL,TRNNLIMDVXX,ELCMDVXX01,,1,2023,,,,,,1.0
InputActivityRatio,B_Opt_IndiaCostsFuel,GLOBAL,TRNNLIMDVXX,ELCMDVXX01,,1,2024,,,,,,1.0
InputActivityRatio,B_Opt_IndiaCostsFuel,GLOBAL,TRNNLIMDVXX,ELCMDVXX01,,1,2025,,,,,,1.0
InputActivityRatio,B_Opt_IndiaCostsFuel,GLOBAL,TRNNLIMDVXX,ELCMDVXX01,,1,2026,,,,,,1.0
InputActivityRatio,B_Opt_IndiaCostsFuel,GLOBAL,TRNNLIMDVXX,ELCMDVXX01,,1,2027,,,,,,1.0
InputActivityRatio,B_Opt_IndiaCostsFuel,GLOBAL,TRNNLIMDVXX,ELCMDVXX01,,1,2028,,,,,,1.0
InputActivityRatio,B_Opt_IndiaCostsFuel,GLOBAL,TRNNLIMDVXX,ELCMDVXX01,,1,2029,,,,,,1.0
InputActivityRatio,B_Opt_IndiaCostsFuel,GLOBAL,TRNNLIMDVXX,ELCMDVXX01,,1,2030,,,,,,1.0
InputActivityRatio,B_Opt_IndiaCostsFuel,GLOBAL,TRNNLIMDVXX,ELCMDVXX01,,1,2031,,,,,,1.0
InputActivityRatio,B_Opt_IndiaCostsFuel,GLOBAL,TRNNLIMDVXX,ELCMDVXX01,,1,2032,,,,,,1.0
InputActivityRatio,B_Opt_IndiaCostsFuel,GLOBAL,TRNNLIMDVXX,ELCMDVXX01,,1,2033,,,,,,1.0
InputActivityRatio,B_Opt_IndiaCostsFuel,GLOBAL,TRNNLIMDVXX,ELCMDVXX01,,1,2034,,,,,,1.0
InputActivityRatio,B_Opt_IndiaCostsFuel,GLOBAL,TRNNLIMDVXX,ELCMDVXX01,,1,2035,,,,,,1.0
InputActivityRatio,B_Opt_IndiaCostsFuel,GLOBAL,TRNNLIMDVXX,ELCMDVXX01,,1,2036,,,,,,1.0
InputActivityRatio,B_Opt_IndiaCostsFuel,GLOBAL,TRNNLIMDVXX,ELCMDVXX01,,1,2037,,,,,,1.0
InputActivityRatio,B_Opt_IndiaCostsFuel,GLOBAL,TRNNLIMDVXX,ELCMDVXX01,,1,2038,,,,,,1.0
InputActivityRatio,B_Opt_IndiaCostsFuel,GLOBAL,TRNNLIMDVXX,ELCMDVXX01,,1,2039,,,,,,1.0
InputActivityRatio,B_Opt_IndiaCostsFuel,GLOBAL,TRNNLIMDVXX,ELCMDVXX01,,1,2040,,,,,,1.0
InputActivityRatio,B_Opt_IndiaCostsFuel,GLOBAL,TRNNLIMDVXX,ELCMDVXX01,,1,2041,,,,,,1.0
InputActivityRatio,B_Opt_IndiaCostsFuel,GLOBAL,TRNNLIMDVXX,ELCMDVXX01,,1,2042,,,,,,1.0
InputActivityRatio,B_Opt_IndiaCostsFuel,GLOBAL,TRNNLIMDVXX,ELCMDVXX01,,1,2043,,,,,,1.0
InputActivityRatio,B_Opt_IndiaCostsFuel,GLOBAL,TRNNLIMDVXX,ELCMDVXX01,,1,2044,,,,,,1.0
InputActivityRatio,B_Opt_IndiaCostsFuel,GLOBAL,TRNNLIMDVXX,ELCMDVXX01,,1,2045,,,,,,1.0
InputActivityRatio,B_Opt_IndiaCostsFuel,GLOBAL,TRNNLIMDVXX,ELCMDVXX01,,1,2046,,,,,,1.0
InputActivityRatio,B_Opt_IndiaCostsFuel,GLOBAL,TRNNLIMDVXX,ELCMDVXX01,,1,2047,,,,,,1.0
InputActivityRatio,B_Opt_IndiaCostsFuel,GLOBAL,TRNNLIMDVXX,ELCMDVXX01,,1,2048,,,,,,1.0
InputActivityRatio,B_Opt_IndiaCostsFuel,GLOBAL,TRNNLIMDVXX,ELCMDVXX01,,1,2049,,,,,,1.0
InputActivityRatio,B_Opt_IndiaCostsFuel,GLOBAL,TRNNLIMDVXX,ELCMDVXX01,,1,2050,,,,,,1.0
InputActivityRatio,B_Opt_IndiaCostsFuel,GLOBAL,DSPTRNMDVXX,ELCMDVXX02,,1,2023,,,,,,1.0
InputActivityRatio,B_Opt_IndiaCostsFuel,GLOBAL,DSPTRNMDVXX,ELCMDVXX02,,1,2024,,,,,,1.0
InputActivityRatio,B_Opt_IndiaCostsFuel,GLOBAL,DSPTRNMDVXX,ELCMDVXX02,,1,2025,,,,,,1.0
InputActivityRatio,B_Opt_IndiaCostsFuel,GLOBAL,DSPTRNMDVXX,ELCMDVXX02,,1,2026,,,,,,1.0
InputActivityRatio,B_Opt_IndiaCostsFuel,GLOBAL,DSPTRNMDVXX,ELCMDVXX02,,1,2027,,,,,,1.0
InputActivityRatio,B_Opt_IndiaCostsFuel,GLOBAL,DSPTRNMDVXX,ELCMDVXX02,,1,2028,,,,,,1.0
InputActivityRatio,B_Opt_IndiaCostsFuel,GLOBAL,DSPTRNMDVXX,ELCMDVXX02,,1,2029,,,,,,1.0
InputActivityRatio,B_Opt_IndiaCostsFuel,GLOBAL,DSPTRNMDVXX,ELCMDVXX02,,1,2030,,,,,,1.0
InputActivityRatio,B_Opt_IndiaCostsFuel,GLOBAL,DSPTRNMDVXX,ELCMDVXX02,,1,2031,,,,,,1.0
InputActivityRatio,B_Opt_IndiaCostsFuel,GLOBAL,DSPTRNMDVXX,ELCMDVXX02,,1,2032,,,,,,1.0
InputActivityRatio,B_Opt_IndiaCostsFuel,GLOBAL,DSPTRNMDVXX,ELCMDVXX02,,1,2033,,,,,,1.0
InputActivityRatio,B_Opt_IndiaCostsFuel,GLOBAL,DSPTRNMDVXX,ELCMDVXX02,,1,2034,,,,,,1.0
InputActivityRatio,B_Opt_IndiaCostsFuel,GLOBAL,DSPTRNMDVXX,ELCMDVXX02,,1,2035,,,,,,1.0
InputActivityRatio,B_Opt_IndiaCostsFuel,GLOBAL,DSPTRNMDVXX,ELCMDVXX02,,1,2036,,,,,,1.0
InputActivityRatio,B_Opt_IndiaCostsFuel,GLOBAL,DSPTRNMDVXX,ELCMDVXX02,,1,2037,,,,,,1.0
InputActivityRatio,B_Opt_IndiaCostsFuel,GLOBAL,DSPTRNMDVXX,ELCMDVXX02,,1,2038,,,,,,1.0
InputActivityRatio,B_Opt_IndiaCostsFuel,GLOBAL,DSPTRNMDVXX,ELCMDVXX02,,1,2039,,,,,,1.0
InputActivityRatio,B_Opt_IndiaCostsFuel,GLOBAL,DSPTRNMDVXX,ELCMDVXX02,,1,2040,,,,,,1.0
InputActivityRatio,B_Opt_IndiaCostsFuel,GLOBAL,DSPTRNMDVXX,ELCMDVXX02,,1,2041,,,,,,1.0
InputActivityRatio,B_Opt_IndiaCostsFuel,GLOBAL,DSPTRNMDVXX,ELCMDVXX02,,1,2042,,,,,,1.0
InputActivityRatio,B_Opt_IndiaCostsFuel,GLOBAL,DSPTRNMDVXX,ELCMDVXX02,,1,2043,,,,,,1.0
InputActivityRatio,B_Opt_IndiaCostsFuel,GLOBAL,DSPTRNMDVXX,ELCMDVXX02,,1,2044,,,,,,1.0
InputActivityRatio,B_Opt_IndiaCostsFuel,GLOBAL,DSPTRNMDVXX,ELCMDVXX02,,1,2045,,,,,,1.0
InputActivityRatio,B_Opt_IndiaCostsFuel,GLOBAL,DSPTRNMDVXX,ELCMDVXX02,,1,2046,,,,,,1.0
InputActivityRatio,B_Opt_IndiaCostsFuel,GLOBAL,DSPTRNMDVXX,ELCMDVXX02,,1,2047,,,,,,1.0
InputActivityRatio,B_Opt_IndiaCostsFuel,GLOBAL,DSPTRNMDVXX,ELCMDVXX02,,1,2048,,,,,,1.0
InputActivityRatio,B_Opt_IndiaCostsFuel,GLOBAL,DSPTRNMDVXX,ELCMDVXX02,,1,2049,,,,,,1.0
InputActivityRatio,B_Opt_IndiaCostsFuel,GLOBAL,DSPTRNMDVXX,ELCMDVXX02,,1,2050,,,,,,1.0
InputActivityRatio,B_Opt_IndiaCostsFuel,GLOBAL,DSPTRNMDVXX,ELCMDVXX04,,2,2023,,,,,,1.0
InputActivityRatio,B_Opt_IndiaCostsFuel,GLOBAL,DSPTRNMDVXX,ELCMDVXX04,,2,2024,,,,,,1.0
InputActivityRatio,B_Opt_IndiaCostsFuel,GLOBAL,DSPTRNMDVXX,ELCMDVXX04,,2,2025,,,,,,1.0
InputActivityRatio,B_Opt_IndiaCostsFuel,GLOBAL,DSPTRNMDVXX,ELCMDVXX04,,2,2026,,,,,,1.0
InputActivityRatio,B_Opt_IndiaCostsFuel,GLOBAL,DSPTRNMDVXX,ELCMDVXX04,,2,2027,,,,,,1.0
InputActivityRatio,B_Opt_IndiaCostsFuel,GLOBAL,DSPTRNMDVXX,ELCMDVXX04,,2,2028,,,,,,1.0
InputActivityRatio,B_Opt_IndiaCostsFuel,GLOBAL,DSPTRNMDVXX,ELCMDVXX04,,2,2029,,,,,,1.0
InputActivityRatio,B_Opt_IndiaCostsFuel,GLOBAL,DSPTRNMDVXX,ELCMDVXX04,,2,2030,,,,,,1.0
InputActivityRatio,B_Opt_IndiaCostsFuel,GLOBAL,DSPTRNMDVXX,ELCMDVXX04,,2,2031,,,,,,1.0
InputActivityRatio,B_Opt_IndiaCostsFuel,GLOBAL,DSPTRNMDVXX,ELCMDVXX04,,2,2032,,,,,,1.0
InputActivityRatio,B_Opt_IndiaCostsFuel,GLOBAL,DSPTRNMDVXX,ELCMDVXX04,,2,2033,,,,,,1.0
InputActivityRatio,B_Opt_IndiaCostsFuel,GLOBAL,DSPTRNMDVXX,ELCMDVXX04,,2,2034,,,,,,1.0
InputActivityRatio,B_Opt_IndiaCostsFuel,GLOBAL,DSPTRNMDVXX,ELCMDVXX04,,2,2035,,,,,,1.0
InputActivityRatio,B_Opt_IndiaCostsFuel,GLOBAL,DSPTRNMDVXX,ELCMDVXX04,,2,2036,,,,,,1.0
InputActivityRatio,B_Opt_IndiaCostsFuel,GLOBAL,DSPTRNMDVXX,ELCMDVXX04,,2,2037,,,,,,1.0
InputActivityRatio,B_Opt_IndiaCostsFuel,GLOBAL,DSPTRNMDVXX,ELCMDVXX04,,2,2038,,,,,,1.0
InputActivityRatio,B_Opt_IndiaCostsFuel,GLOBAL,DSPTRNMDVXX,ELCMDVXX04,,2,2039,,,,,,1.0
InputActivityRatio,B_Opt_IndiaCostsFuel,GLOBAL,DSPTRNMDVXX,ELCMDVXX04,,2,2040,,,,,,1.0
InputActivityRatio,B_Opt_IndiaCostsFuel,GLOBAL,DSPTRNMDVXX,ELCMDVXX04,,2,2041,,,,,,1.0
InputActivityRatio,B_Opt_IndiaCostsFuel,GLOBAL,DSPTRNMDVXX,ELCMDVXX04,,2,2042,,,,,,1.0
InputActivityRatio,B_Opt_IndiaCostsFuel,GLOBAL,DSPTRNMDVXX,ELCMDVXX04,,2,2043,,,,,,1.0
InputActivityRatio,B_Opt_IndiaCostsFuel,GLOBAL,DSPTRNMDVXX,ELCMDVXX04,,2,2044,,,,,,1.0
InputActivityRatio,B_Opt_IndiaCostsFuel,GLOBAL,DSPTRNMDVXX,ELCMDVXX04,,2,2045,,,,,,1.0
InputActivityRatio,B_Opt_IndiaCostsFuel,GLOBAL,DSPTRNMDVXX,ELCMDVXX04,,2,2046,,,,,,1.0
InputActivityRatio,B_Opt_IndiaCostsFuel,GLOBAL,DSPTRNMDVXX,ELCMDVXX04,,2,2047,,,,,,1.0
InputActivityRatio,B_Opt_IndiaCostsFuel,GLOBAL,DSPTRNMDVXX,ELCMDVXX04,,2,2048,,,,,,1.0
InputActivityRatio,B_Opt_IndiaCostsFuel,GLOBAL,DSPTRNMDVXX,ELCMDVXX04,,2,2049,,,,,,1.0
InputActivityRatio,B_Opt_IndiaCostsFuel,GLOBAL,DSPTRNMDVXX,ELCMDVXX04,,2,2050,,,,,,1.0
