REGION,TECHNOLOGY,YEAR,VALUE
GLOBAL,MINCOAINT,2023,17.031176288391222
GLOBAL,MINCOAINT,2024,17.950416510434675
GLOBAL,MINCOAINT,2025,18.878105713615398
GLOBAL,MINCOAINT,2026,20.012529130798285
GLOBAL,MINCOAINT,2027,21.300622015841487
GLOBAL,MINCOAINT,2028,22.62839872008315
GLOBAL,MINCOAINT,2029,23.625885227616006
GLOBAL,MINCOAINT,2030,23.851326252384013
GLOBAL,MINCOAINT,2031,23.85641855952
GLOBAL,MINCOAINT,2032,24.207408184608006
GLOBAL,MINCOAINT,2033,24.558397809696007
GLOBAL,MINCOAINT,2034,25.22691998136
GLOBAL,MINCOAINT,2035,26.948646720515427
GLOBAL,MINCOAINT,2036,27.61716889217944
GLOBAL,MINCOAINT,2037,28.358289458723437
GLOBAL,MINCOAINT,2038,29.099410025267435
GLOBAL,MINCOAINT,2039,29.99598667947192
GLOBAL,MINCOAINT,2040,31.17480347749565
GLOBAL,MINCOAINT,2041,32.37970409951202
GLOBAL,MINCOAINT,2042,33.745601127139466
GLOBAL,MINCOAINT,2043,35.16480877211786
GLOBAL,MINCOAINT,2044,36.67838360146522
GLOBAL,MINCOAINT,2045,38.277101945146526
GLOBAL,MINCOAINT,2046,39.934728481490446
GLOBAL,MINCOAINT,2047,41.65687455370086
GLOBAL,MINCOAINT,2048,43.44948549786342
GLOBAL,MINCOAINT,2049,45.415745079423175
GLOBAL,MINCOAINT,2050,47.442762746911455
GLOBAL,MINGASINT,2023,0.6868357638912
GLOBAL,MINGASINT,2024,0.7339372081632001
GLOBAL,MINGASINT,2025,0.5674290203232
GLOBAL,MINGASINT,2026,0.5918195264416508
GLOBAL,MINGASINT,2027,0.6055443129312
GLOBAL,MINGASINT,2028,0.6317164865116806
GLOBAL,MINGASINT,2029,0.9207897485034596
GLOBAL,MINGASINT,2030,1.6248090370061443
GLOBAL,MINGASINT,2031,2.5546623955181103
GLOBAL,MINGASINT,2032,3.4123632787288387
GLOBAL,MINGASINT,2033,4.310159494140329
GLOBAL,MINGASINT,2034,4.950344897035339
GLOBAL,MINGASINT,2035,4.659746284759648
GLOBAL,MINGASINT,2036,5.3222371949712635
GLOBAL,MINGASINT,2037,5.89246602234624
GLOBAL,MINGASINT,2038,6.229608085019253
GLOBAL,MINGASINT,2039,6.5591087024099215
GLOBAL,MINGASINT,2040,6.88518272792075
GLOBAL,MINGASINT,2041,7.203944569089323
GLOBAL,MINGASINT,2042,7.521824599254376
GLOBAL,MINGASINT,2043,7.8528119418175315
GLOBAL,MINGASINT,2044,8.21331373436791
GLOBAL,MINGASINT,2045,8.580692597232561
GLOBAL,MINGASINT,2046,8.954573083653425
GLOBAL,MINGASINT,2047,9.34298564045619
GLOBAL,MINGASINT,2048,9.747784428755427
GLOBAL,MINGASINT,2049,10.169687865672191
GLOBAL,MINGASINT,2050,10.608496557208293
GLOBAL,MINOILINT,2023,0.0133239720218386
GLOBAL,MINOILINT,2024,0.0283880578071764
GLOBAL,MINOILINT,2025,0.0180617656204687
GLOBAL,MINOILINT,2026,0.0017400779442671
GLOBAL,MINOILINT,2027,0.0030460023403441
GLOBAL,MINOILINT,2028,0.0041346080445063
GLOBAL,MINOILINT,2029,0.0254117436322515
GLOBAL,MINOILINT,2030,0.0203284576513031
GLOBAL,MINOILINT,2031,0.0173466414577441
GLOBAL,MINOILINT,2032,0.0275180130348852
GLOBAL,MINOILINT,2033,0.0425512460530817
GLOBAL,MINOILINT,2034,0.0443768149969764
GLOBAL,MINOILINT,2035,0.0251751491868137
GLOBAL,MINOILINT,2036,0.0256575053219001
GLOBAL,MINOILINT,2037,0.1488021476018585
GLOBAL,MINOILINT,2038,0.5350388832900635
GLOBAL,MINOILINT,2039,0.7855155564007111
GLOBAL,MINOILINT,2040,0.8333756889857163
GLOBAL,MINOILINT,2041,0.8712934799482257
GLOBAL,MINOILINT,2042,0.8932264893269815
GLOBAL,MINOILINT,2043,0.9084499038780744
GLOBAL,MINOILINT,2044,0.9160671920099996
GLOBAL,MINOILINT,2045,0.9170358606484335
GLOBAL,MINOILINT,2046,0.9170358606484322
GLOBAL,MINOILINT,2047,0.9170358606484332
GLOBAL,MINOILINT,2048,0.9170358606484332
GLOBAL,MINOILINT,2049,0.9170358606484322
GLOBAL,MINOILINT,2050,0.9170358606484332
GLOBAL,MINPETINT,2037,0.04825008
GLOBAL,MINPETINT,2038,0.09650016
GLOBAL,MINPETINT,2039,0.14475024
GLOBAL,MINPETINT,2040,0.1722840019527736
GLOBAL,MINPETINT,2041,0.1722840019527736
GLOBAL,MINPETINT,2042,0.1722840019527736
GLOBAL,MINPETINT,2043,0.1722840019527736
GLOBAL,MINPETINT,2044,0.1722840019527736
GLOBAL,MINPETINT,2045,0.1722840019527736
GLOBAL,MINPETINT,2046,0.1722840019527736
GLOBAL,MINPETINT,2047,0.1722840019527736
GLOBAL,MINPETINT,2048,0.1722840019527736
GLOBAL,MINPETINT,2049,0.1722840019527736
GLOBAL,MINPETINT,2050,0.1722840019527736
GLOBAL,MINURNINT,2023,0.5236742016000001
GLOBAL,MINURNINT,2024,0.6426910656000027
GLOBAL,MINURNINT,2025,1.01402368128
GLOBAL,MINURNINT,2026,1.06352069472
GLOBAL,MINURNINT,2027,1.0718168702400066
GLOBAL,MINURNINT,2028,1.0805401062719988
GLOBAL,MINURNINT,2029,1.21617732528
GLOBAL,MINURNINT,2030,1.2489139638720004
GLOBAL,MINURNINT,2031,1.280929500288
GLOBAL,MINURNINT,2032,1.321983317376
GLOBAL,MINURNINT,2033,1.3630371344640002
GLOBAL,MINURNINT,2034,1.4040909515520004
GLOBAL,MINURNINT,2035,1.4451447686400003
GLOBAL,MINURNINT,2036,1.4861985857280005
GLOBAL,MINURNINT,2037,1.5307248948480006
GLOBAL,MINURNINT,2038,1.5752512039680004
GLOBAL,MINURNINT,2039,1.6197775130880008
GLOBAL,MINURNINT,2040,1.66340069424
GLOBAL,MINURNINT,2041,1.7078919984
GLOBAL,MINURNINT,2042,1.7577810673920005
GLOBAL,MINURNINT,2043,1.809644416128
GLOBAL,MINURNINT,2044,1.863419035680001
GLOBAL,MINURNINT,2045,1.919076922080001
GLOBAL,MINURNINT,2046,1.9773181745280004
GLOBAL,MINURNINT,2047,2.0378557523520007
GLOBAL,MINURNINT,2048,2.1007876694400003
GLOBAL,MINURNINT,2049,2.166204938688
GLOBAL,MINURNINT,2050,2.2341985729920006
GLOBAL,PWRBIOBGDXX,2024,0.21384
GLOBAL,PWRBIOBGDXX,2025,0.21384
GLOBAL,PWRBIOBGDXX,2026,0.21384
GLOBAL,PWRBIOBGDXX,2027,0.21384
GLOBAL,PWRBIOBGDXX,2028,0.21384
GLOBAL,PWRBIOBGDXX,2029,0.21384
GLOBAL,PWRBIOBGDXX,2030,0.21384
GLOBAL,PWRBIOBGDXX,2031,0.21384
GLOBAL,PWRBIOBGDXX,2032,0.21384
GLOBAL,PWRBIOBGDXX,2033,0.21384
GLOBAL,PWRBIOBGDXX,2034,0.21384
GLOBAL,PWRBIOBGDXX,2035,0.21384
GLOBAL,PWRBIOBGDXX,2036,0.21384
GLOBAL,PWRBIOBGDXX,2037,0.21384
GLOBAL,PWRBIOBGDXX,2038,0.21384
GLOBAL,PWRBIOBGDXX,2039,0.21384
GLOBAL,PWRBIOBGDXX,2040,0.21384
GLOBAL,PWRBIOBGDXX,2041,0.21384
GLOBAL,PWRBIOBGDXX,2042,0.21384
GLOBAL,PWRBIOBGDXX,2043,0.21384
GLOBAL,PWRBIOBGDXX,2044,0.21384
GLOBAL,PWRBIOBGDXX,2045,0.21384
GLOBAL,PWRBIOBGDXX,2046,0.21384
GLOBAL,PWRBIOBGDXX,2047,0.42768
GLOBAL,PWRBIOBGDXX,2048,0.42768
GLOBAL,PWRBIOBGDXX,2049,0.42768
GLOBAL,PWRBIOBGDXX,2050,0.42768
GLOBAL,PWRBIOINDEA,2024,60.7662
GLOBAL,PWRBIOINDEA,2025,68.9634
GLOBAL,PWRBIOINDEA,2026,70.5672
GLOBAL,PWRBIOINDEA,2027,75.37859999999998
GLOBAL,PWRBIOINDEA,2028,78.22979999999998
GLOBAL,PWRBIOINDEA,2029,94.2678
GLOBAL,PWRBIOINDEA,2030,65.934
GLOBAL,PWRBIOINDEA,2031,63.9738
GLOBAL,PWRBIOINDEA,2032,87.85259999999998
GLOBAL,PWRBIOINDEA,2033,87.85259999999998
GLOBAL,PWRBIOINDEA,2034,87.85259999999998
GLOBAL,PWRBIOINDEA,2035,87.85259999999998
GLOBAL,PWRBIOINDEA,2036,87.85259999999998
GLOBAL,PWRBIOINDEA,2037,99.2574
GLOBAL,PWRBIOINDEA,2038,99.2574
GLOBAL,PWRBIOINDEA,2039,99.2574
GLOBAL,PWRBIOINDEA,2040,99.2574
GLOBAL,PWRBIOINDEA,2041,99.2574
GLOBAL,PWRBIOINDEA,2042,113.157
GLOBAL,PWRBIOINDEA,2043,118.3248
GLOBAL,PWRBIOINDEA,2044,123.84900000000002
GLOBAL,PWRBIOINDEA,2045,129.3732
GLOBAL,PWRBIOINDEA,2046,135.25379999999998
GLOBAL,PWRBIOINDEA,2047,141.4908
GLOBAL,PWRBIOINDEA,2048,147.906
GLOBAL,PWRBIOINDEA,2049,154.6776
GLOBAL,PWRBIOINDEA,2050,161.6274
GLOBAL,PWRBIOINDNE,2024,1.6038
GLOBAL,PWRBIOINDNE,2025,1.782
GLOBAL,PWRBIOINDNE,2026,1.9602
GLOBAL,PWRBIOINDNE,2027,1.9602
GLOBAL,PWRBIOINDNE,2028,1.9602
GLOBAL,PWRBIOINDNE,2029,2.3166
GLOBAL,PWRBIOINDNE,2030,2.1384
GLOBAL,PWRBIOINDNE,2031,2.1384
GLOBAL,PWRBIOINDNE,2032,2.4948
GLOBAL,PWRBIOINDNE,2033,2.4948
GLOBAL,PWRBIOINDNE,2034,2.4948
GLOBAL,PWRBIOINDNE,2035,2.4948
GLOBAL,PWRBIOINDNE,2036,2.4948
GLOBAL,PWRBIOINDNE,2037,2.8512
GLOBAL,PWRBIOINDNE,2038,2.8512
GLOBAL,PWRBIOINDNE,2039,2.8512
GLOBAL,PWRBIOINDNE,2040,2.8512
GLOBAL,PWRBIOINDNE,2041,2.8512
GLOBAL,PWRBIOINDNE,2042,3.3858
GLOBAL,PWRBIOINDNE,2043,3.564
GLOBAL,PWRBIOINDNE,2044,3.564
GLOBAL,PWRBIOINDNE,2045,3.7422
GLOBAL,PWRBIOINDNE,2046,3.9204
GLOBAL,PWRBIOINDNE,2047,4.0986
GLOBAL,PWRBIOINDNE,2048,4.455
GLOBAL,PWRBIOINDNE,2049,4.6332
GLOBAL,PWRBIOINDNE,2050,4.8114
GLOBAL,PWRBIOINDNO,2024,336.9762
GLOBAL,PWRBIOINDNO,2025,356.2218
GLOBAL,PWRBIOINDNO,2026,382.5954
GLOBAL,PWRBIOINDNO,2027,406.1178
GLOBAL,PWRBIOINDNO,2028,426.9672
GLOBAL,PWRBIOINDNO,2029,499.1382
GLOBAL,PWRBIOINDNO,2030,379.7442
GLOBAL,PWRBIOINDNO,2031,382.9518
GLOBAL,PWRBIOINDNO,2032,450.3114
GLOBAL,PWRBIOINDNO,2033,450.3114
GLOBAL,PWRBIOINDNO,2034,450.3114
GLOBAL,PWRBIOINDNO,2035,450.3114
GLOBAL,PWRBIOINDNO,2036,450.3114
GLOBAL,PWRBIOINDNO,2037,489.6936
GLOBAL,PWRBIOINDNO,2038,489.6936
GLOBAL,PWRBIOINDNO,2039,489.6936
GLOBAL,PWRBIOINDNO,2040,467.775
GLOBAL,PWRBIOINDNO,2041,488.8026
GLOBAL,PWRBIOINDNO,2042,549.2124
GLOBAL,PWRBIOINDNO,2043,571.8438
GLOBAL,PWRBIOINDNO,2044,587.7036
GLOBAL,PWRBIOINDNO,2045,599.8212
GLOBAL,PWRBIOINDNO,2046,642.7674000000001
GLOBAL,PWRBIOINDNO,2047,668.7846000000001
GLOBAL,PWRBIOINDNO,2048,695.6928
GLOBAL,PWRBIOINDNO,2049,723.8483999999999
GLOBAL,PWRBIOINDNO,2050,753.0731999999998
GLOBAL,PWRBIOINDSO,2024,382.5954
GLOBAL,PWRBIOINDSO,2025,406.296
GLOBAL,PWRBIOINDSO,2026,447.282
GLOBAL,PWRBIOINDSO,2027,452.628
GLOBAL,PWRBIOINDSO,2028,471.339
GLOBAL,PWRBIOINDSO,2029,546.0048
GLOBAL,PWRBIOINDSO,2030,422.6904
GLOBAL,PWRBIOINDSO,2031,411.9984
GLOBAL,PWRBIOINDSO,2032,494.8614
GLOBAL,PWRBIOINDSO,2033,494.8614
GLOBAL,PWRBIOINDSO,2034,494.8614
GLOBAL,PWRBIOINDSO,2035,494.8614
GLOBAL,PWRBIOINDSO,2036,494.8614
GLOBAL,PWRBIOINDSO,2037,529.0758
GLOBAL,PWRBIOINDSO,2038,529.0758
GLOBAL,PWRBIOINDSO,2039,529.0758
GLOBAL,PWRBIOINDSO,2040,516.6018
GLOBAL,PWRBIOINDSO,2041,528.7194000000001
GLOBAL,PWRBIOINDSO,2042,591.8022
GLOBAL,PWRBIOINDSO,2043,614.79
GLOBAL,PWRBIOINDSO,2044,638.6688
GLOBAL,PWRBIOINDSO,2045,663.4386000000001
GLOBAL,PWRBIOINDSO,2046,689.2776
GLOBAL,PWRBIOINDSO,2047,716.0076
GLOBAL,PWRBIOINDSO,2048,743.8067999999998
GLOBAL,PWRBIOINDSO,2049,772.6752
GLOBAL,PWRBIOINDSO,2050,802.791
GLOBAL,PWRBIOINDWE,2024,333.05580000000003
GLOBAL,PWRBIOINDWE,2025,364.419
GLOBAL,PWRBIOINDWE,2026,410.9292
GLOBAL,PWRBIOINDWE,2027,396.3168
GLOBAL,PWRBIOINDWE,2028,410.5728
GLOBAL,PWRBIOINDWE,2029,506.8008
GLOBAL,PWRBIOINDWE,2030,289.2186
GLOBAL,PWRBIOINDWE,2031,276.9228
GLOBAL,PWRBIOINDWE,2032,418.0572
GLOBAL,PWRBIOINDWE,2033,418.0572
GLOBAL,PWRBIOINDWE,2034,418.0572
GLOBAL,PWRBIOINDWE,2035,418.0572
GLOBAL,PWRBIOINDWE,2036,418.0572
GLOBAL,PWRBIOINDWE,2037,461.1816
GLOBAL,PWRBIOINDWE,2038,461.1816
GLOBAL,PWRBIOINDWE,2039,461.1816
GLOBAL,PWRBIOINDWE,2040,461.1816
GLOBAL,PWRBIOINDWE,2041,461.1816
GLOBAL,PWRBIOINDWE,2042,517.671
GLOBAL,PWRBIOINDWE,2043,538.164
GLOBAL,PWRBIOINDWE,2044,559.548
GLOBAL,PWRBIOINDWE,2045,581.823
GLOBAL,PWRBIOINDWE,2046,604.989
GLOBAL,PWRBIOINDWE,2047,629.046
GLOBAL,PWRBIOINDWE,2048,653.994
GLOBAL,PWRBIOINDWE,2049,680.0112
GLOBAL,PWRBIOINDWE,2050,707.0976
GLOBAL,PWRBIOLKAXX,2024,9.732345
GLOBAL,PWRBIOLKAXX,2025,28.084767
GLOBAL,PWRBIOLKAXX,2026,42.266184
GLOBAL,PWRBIOLKAXX,2027,56.169534
GLOBAL,PWRBIOLKAXX,2028,56.169534
GLOBAL,PWRBIOLKAXX,2029,56.169534
GLOBAL,PWRBIOLKAXX,2030,56.169534
GLOBAL,PWRBIOLKAXX,2031,56.169534
GLOBAL,PWRBIOLKAXX,2032,9.176211
GLOBAL,PWRBIOLKAXX,2033,9.454278
GLOBAL,PWRBIOLKAXX,2034,10.010412
GLOBAL,PWRBIOLKAXX,2035,10.844613
GLOBAL,PWRBIOLKAXX,2036,11.678814
GLOBAL,PWRBIOLKAXX,2037,12.234948
GLOBAL,PWRBIOLKAXX,2038,13.069149
GLOBAL,PWRBIOLKAXX,2039,13.347216
GLOBAL,PWRBIOLKAXX,2040,14.181417
GLOBAL,PWRBIOLKAXX,2041,14.737551
GLOBAL,PWRBIOLKAXX,2042,15.015618000000002
GLOBAL,PWRBIOLKAXX,2043,15.293685
GLOBAL,PWRBIOLKAXX,2044,15.849819
GLOBAL,PWRBIOLKAXX,2045,15.571752
GLOBAL,PWRBIOLKAXX,2046,15.849819
GLOBAL,PWRBIOLKAXX,2047,16.127886
GLOBAL,PWRBIOLKAXX,2048,15.571752
GLOBAL,PWRBIOLKAXX,2049,16.127886
GLOBAL,PWRBIOLKAXX,2050,16.68402
GLOBAL,PWRBIONPLXX,2024,1.1583
GLOBAL,PWRBIONPLXX,2025,1.1583
GLOBAL,PWRBIONPLXX,2026,1.1583
GLOBAL,PWRBIONPLXX,2027,1.38996
GLOBAL,PWRBIONPLXX,2028,1.38996
GLOBAL,PWRBIONPLXX,2029,1.6216199999999998
GLOBAL,PWRBIONPLXX,2030,1.85328
GLOBAL,PWRBIONPLXX,2031,1.85328
GLOBAL,PWRBIONPLXX,2032,2.08494
GLOBAL,PWRBIONPLXX,2033,2.3166
GLOBAL,PWRBIONPLXX,2034,1.38996
GLOBAL,PWRBIONPLXX,2035,1.38996
GLOBAL,PWRBIONPLXX,2036,1.38996
GLOBAL,PWRBIONPLXX,2037,1.38996
GLOBAL,PWRBIONPLXX,2038,1.38996
GLOBAL,PWRBIONPLXX,2039,1.38996
GLOBAL,PWRBIONPLXX,2040,1.38996
GLOBAL,PWRBIONPLXX,2041,1.38996
GLOBAL,PWRBIONPLXX,2042,1.38996
GLOBAL,PWRBIONPLXX,2043,1.38996
GLOBAL,PWRBIONPLXX,2044,1.38996
GLOBAL,PWRBIONPLXX,2045,1.38996
GLOBAL,PWRBIONPLXX,2046,1.38996
GLOBAL,PWRBIONPLXX,2047,1.38996
GLOBAL,PWRBIONPLXX,2048,1.38996
GLOBAL,PWRBIONPLXX,2049,1.38996
GLOBAL,PWRBIONPLXX,2050,1.38996
GLOBAL,PWRCOABGDXX,2025,4434.157200000001
GLOBAL,PWRCOAINDEA,2025,1435.5
GLOBAL,PWRCOAINDEA,2026,4915.499999999999
GLOBAL,PWRCOAINDEA,2027,2871.0
GLOBAL,PWRCOAINDEA,2028,6351.0
GLOBAL,PWRCOAINDEA,2029,5220.0
GLOBAL,PWRCOAINDEA,2030,5220.0
GLOBAL,PWRCOAINDEA,2034,7525.7175
GLOBAL,PWRCOAINDEA,2035,17486.999999999996
GLOBAL,PWRCOAINDEA,2036,7525.7175
GLOBAL,PWRCOAINDEA,2037,8506.6425
GLOBAL,PWRCOAINDEA,2038,8506.6425
GLOBAL,PWRCOAINDEA,2039,8506.6425
GLOBAL,PWRCOAINDEA,2040,8506.6425
GLOBAL,PWRCOAINDEA,2041,8506.6425
GLOBAL,PWRCOAINDEA,2042,9703.545
GLOBAL,PWRCOAINDEA,2043,10145.505
GLOBAL,PWRCOAINDEA,2044,10607.6925
GLOBAL,PWRCOAINDEA,2045,11090.76
GLOBAL,PWRCOAINDEA,2046,11596.0125
GLOBAL,PWRCOAINDEA,2047,12124.1025
GLOBAL,PWRCOAINDEA,2048,12676.335
GLOBAL,PWRCOAINDEA,2049,12844.424975644348
GLOBAL,PWRCOAINDEA,2050,4445.12435284884
GLOBAL,PWRCOAINDNE,2026,61.440000000000005
GLOBAL,PWRCOAINDNE,2027,61.68
GLOBAL,PWRCOAINDNE,2028,64.92
GLOBAL,PWRCOAINDNE,2029,71.52
GLOBAL,PWRCOAINDNE,2030,67.67999999999999
GLOBAL,PWRCOAINDNE,2031,66.36
GLOBAL,PWRCOAINDNE,2032,79.56
GLOBAL,PWRCOAINDNE,2033,79.56
GLOBAL,PWRCOAINDNE,2034,79.56
GLOBAL,PWRCOAINDNE,2035,79.56
GLOBAL,PWRCOAINDNE,2036,79.56
GLOBAL,PWRCOAINDNE,2037,93.24000000000001
GLOBAL,PWRCOAINDNE,2038,93.24000000000001
GLOBAL,PWRCOAINDNE,2039,93.12
GLOBAL,PWRCOAINDNE,2040,93.24000000000001
GLOBAL,PWRCOAINDNE,2041,93.24000000000001
GLOBAL,PWRCOAINDNE,2042,106.44
GLOBAL,PWRCOAINDNE,2043,111.36
GLOBAL,PWRCOAINDNE,2044,116.52
GLOBAL,PWRCOAINDNE,2045,121.92
GLOBAL,PWRCOAINDNE,2046,127.56
GLOBAL,PWRCOAINDNE,2047,133.44
GLOBAL,PWRCOAINDNE,2048,139.68
GLOBAL,PWRCOAINDNE,2049,146.16
GLOBAL,PWRCOAINDNE,2050,152.88000000000002
GLOBAL,PWRCOAINDNO,2026,1435.5
GLOBAL,PWRCOAINDNO,2029,5220.0
GLOBAL,PWRCOAINDNO,2032,8090.565
GLOBAL,PWRCOAINDNO,2033,8090.565
GLOBAL,PWRCOAINDNO,2034,8090.565
GLOBAL,PWRCOAINDNO,2035,5563.339841673845
GLOBAL,PWRCOAINDNO,2036,8090.565
GLOBAL,PWRCOAINDNO,2037,8798.0925
GLOBAL,PWRCOAINDNO,2038,8798.0925
GLOBAL,PWRCOAINDNO,2039,8798.0925
GLOBAL,PWRCOAINDNO,2040,8404.635
GLOBAL,PWRCOAINDNO,2041,8783.52
GLOBAL,PWRCOAINDNO,2042,9867.7575
GLOBAL,PWRCOAINDNO,2043,10273.395
GLOBAL,PWRCOAINDNO,2044,10558.32
GLOBAL,PWRCOAINDNO,2045,10777.3425
GLOBAL,PWRCOAINDNO,2046,11549.0325
GLOBAL,PWRCOAINDNO,2047,12015.135
GLOBAL,PWRCOAINDNO,2048,12499.9425
GLOBAL,PWRCOAINDNO,2049,13004.5425
GLOBAL,PWRCOAINDNO,2050,13529.37
GLOBAL,PWRCOAINDSO,2025,6960.0
GLOBAL,PWRCOAINDSO,2026,5742.0
GLOBAL,PWRCOAINDSO,2028,1740.0
GLOBAL,PWRCOAINDSO,2035,4306.5
GLOBAL,PWRCOAINDSO,2039,1627.798998982727
GLOBAL,PWRCOAINDSO,2040,5352.6002421210615
GLOBAL,PWRCOAINDSO,2041,5105.730371584593
GLOBAL,PWRCOAINDSO,2042,5735.080533656774
GLOBAL,PWRCOAINDSO,2043,5947.563080783298
GLOBAL,PWRCOAINDSO,2044,6734.157857642929
GLOBAL,PWRCOAINDSO,2045,7014.854005378948
GLOBAL,PWRCOAINDSO,2046,7287.616405323342
GLOBAL,PWRCOAINDSO,2047,4769.042523971544
GLOBAL,PWRCOAINDSO,2048,4695.342430458639
GLOBAL,PWRCOAINDSO,2049,9313.388668591198
GLOBAL,PWRCOAINDSO,2050,9715.855327665473
GLOBAL,PWRCOAINDWE,2025,3480.0
GLOBAL,PWRCOAINDWE,2026,6960.0
GLOBAL,PWRCOAINDWE,2027,3480.0
GLOBAL,PWRCOAINDWE,2028,6960.0
GLOBAL,PWRCOAINDWE,2029,9222.0
GLOBAL,PWRCOAINDWE,2035,13082.625
GLOBAL,PWRCOAINDWE,2039,2024.7630860663385
GLOBAL,PWRCOAINDWE,2040,5326.88065453686
GLOBAL,PWRCOAINDWE,2041,5805.920381520328
GLOBAL,PWRCOAINDWE,2042,6662.800315997116
GLOBAL,PWRCOAINDWE,2043,6849.697718393918
GLOBAL,PWRCOAINDWE,2044,7527.83177087481
GLOBAL,PWRCOAINDWE,2045,8538.571232159415
GLOBAL,PWRCOAINDWE,2046,8366.710792640144
GLOBAL,PWRCOAINDWE,2047,11390.878524103606
GLOBAL,PWRCOAINDWE,2048,12074.709455424689
GLOBAL,PWRCOAINDWE,2049,10863.31524221978
GLOBAL,PWRCOAINDWE,2050,19664.19659598473
GLOBAL,PWRCSPINDNO,2032,127.584
GLOBAL,PWRCSPINDNO,2033,125.856
GLOBAL,PWRCSPINDNO,2034,124.128
GLOBAL,PWRCSPINDNO,2035,122.4
GLOBAL,PWRCSPINDNO,2036,120.672
GLOBAL,PWRCSPINDNO,2037,129.682
GLOBAL,PWRCSPINDNO,2038,127.798
GLOBAL,PWRCSPINDNO,2039,125.914
GLOBAL,PWRCSPINDNO,2040,118.5
GLOBAL,PWRCSPINDNO,2041,123.635
GLOBAL,PWRCSPINDNO,2042,139.04000000000002
GLOBAL,PWRCSPINDNO,2043,144.57
GLOBAL,PWRCSPINDNO,2044,148.52
GLOBAL,PWRCSPINDNO,2045,151.67999999999998
GLOBAL,PWRCSPINDNO,2046,162.74
GLOBAL,PWRCSPINDNO,2047,169.06
GLOBAL,PWRCSPINDNO,2048,175.775
GLOBAL,PWRCSPINDNO,2049,182.885
GLOBAL,PWRCSPINDNO,2050,190.39
GLOBAL,PWRCSPINDSO,2039,33.283
GLOBAL,PWRCSPINDSO,2040,31.995
GLOBAL,PWRCSPINDSO,2041,32.785000000000004
GLOBAL,PWRCSPINDSO,2042,36.735
GLOBAL,PWRCSPINDSO,2043,38.315
GLOBAL,PWRCSPINDSO,2044,39.895
GLOBAL,PWRCSPINDSO,2045,41.475
GLOBAL,PWRCSPINDSO,2046,43.055
GLOBAL,PWRCSPINDSO,2047,44.635
GLOBAL,PWRHYDBGDXX,2024,33.60875
GLOBAL,PWRHYDBGDXX,2025,35.905
GLOBAL,PWRHYDBGDXX,2026,38.20125
GLOBAL,PWRHYDBGDXX,2027,40.915
GLOBAL,PWRHYDBGDXX,2028,43.62875
GLOBAL,PWRHYDBGDXX,2029,46.55125
GLOBAL,PWRHYDBGDXX,2030,49.682500000000005
GLOBAL,PWRHYDBGDXX,2031,42.009
GLOBAL,PWRHYDBGDXX,2032,44.361
GLOBAL,PWRHYDBGDXX,2033,46.7185
GLOBAL,PWRHYDBGDXX,2034,49.29125
GLOBAL,PWRHYDBGDXX,2035,51.87
GLOBAL,PWRHYDBGDXX,2036,54.87525
GLOBAL,PWRHYDBGDXX,2037,57.8875
GLOBAL,PWRHYDBGDXX,2038,60.90675
GLOBAL,PWRHYDBGDXX,2039,64.355
GLOBAL,PWRHYDBGDXX,2040,67.81124999999999
GLOBAL,PWRHYDBGDXX,2041,71.40249999999999
GLOBAL,PWRHYDBGDXX,2042,59.995000000000005
GLOBAL,PWRHYDBGDXX,2043,62.53
GLOBAL,PWRHYDBGDXX,2044,65.27625
GLOBAL,PWRHYDBGDXX,2045,68.0225
GLOBAL,PWRHYDBGDXX,2046,70.97999999999999
GLOBAL,PWRHYDBGDXX,2047,35.06750000000001
GLOBAL,PWRHYDBTNXX,2024,294.254046
GLOBAL,PWRHYDBTNXX,2025,2040.403386
GLOBAL,PWRHYDBTNXX,2026,342.882288
GLOBAL,PWRHYDBTNXX,2027,1092.06654
GLOBAL,PWRHYDBTNXX,2028,1228.569151
GLOBAL,PWRHYDBTNXX,2029,429.442156
GLOBAL,PWRHYDBTNXX,2030,7713.107087999999
GLOBAL,PWRHYDBTNXX,2031,499.021931
GLOBAL,PWRHYDBTNXX,2032,537.751578
GLOBAL,PWRHYDBTNXX,2033,579.436578
GLOBAL,PWRHYDBTNXX,2034,624.499578
GLOBAL,PWRHYDBTNXX,2035,4984.617684000001
GLOBAL,PWRHYDBTNXX,2036,725.038857
GLOBAL,PWRHYDBTNXX,2037,780.8371959999998
GLOBAL,PWRHYDBTNXX,2038,841.629369
GLOBAL,PWRHYDBTNXX,2039,906.718938
GLOBAL,PWRHYDBTNXX,2040,976.568886
GLOBAL,PWRHYDBTNXX,2041,1052.023121
GLOBAL,PWRHYDBTNXX,2042,1133.198926
GLOBAL,PWRHYDBTNXX,2043,1220.617715
GLOBAL,PWRHYDBTNXX,2044,1314.366725
GLOBAL,PWRHYDBTNXX,2045,1415.9861099999998
GLOBAL,PWRHYDBTNXX,2046,1524.6465359999995
GLOBAL,PWRHYDBTNXX,2047,1642.050912
GLOBAL,PWRHYDBTNXX,2048,1768.359807
GLOBAL,PWRHYDBTNXX,2049,1904.1214
GLOBAL,PWRHYDBTNXX,2050,2050.5618
GLOBAL,PWRHYDINDEA,2025,168.3
GLOBAL,PWRHYDINDEA,2026,307.8
GLOBAL,PWRHYDINDEA,2027,1290.0
GLOBAL,PWRHYDINDEA,2029,313.2
GLOBAL,PWRHYDINDEA,2035,947.7
GLOBAL,PWRHYDINDNE,2024,299.7175
GLOBAL,PWRHYDINDNE,2025,321.81
GLOBAL,PWRHYDINDNE,2026,4844.5155
GLOBAL,PWRHYDINDNE,2027,358.62
GLOBAL,PWRHYDINDNE,2028,379.389
GLOBAL,PWRHYDINDNE,2029,1123.083
GLOBAL,PWRHYDINDNE,2030,400.05
GLOBAL,PWRHYDINDNE,2031,394.68
GLOBAL,PWRHYDINDNE,2032,7722.864
GLOBAL,PWRHYDINDNE,2033,478.197
GLOBAL,PWRHYDINDNE,2034,480.8835
GLOBAL,PWRHYDINDNE,2035,483.5700000000001
GLOBAL,PWRHYDINDNE,2036,486.2565
GLOBAL,PWRHYDINDNE,2037,573.027
GLOBAL,PWRHYDINDNE,2038,576.1755
GLOBAL,PWRHYDINDNE,2039,579.048
GLOBAL,PWRHYDINDNE,2040,582.4725
GLOBAL,PWRHYDINDNE,2041,585.621
GLOBAL,PWRHYDINDNE,2042,672.9195
GLOBAL,PWRHYDINDNE,2043,707.538
GLOBAL,PWRHYDINDNE,2044,744.1875
GLOBAL,PWRHYDINDNE,2045,782.895
GLOBAL,PWRHYDINDNE,2046,823.4009999999998
GLOBAL,PWRHYDINDNE,2047,866.016
GLOBAL,PWRHYDINDNE,2048,910.767
GLOBAL,PWRHYDINDNE,2049,957.681
GLOBAL,PWRHYDINDNE,2050,1007.0775
GLOBAL,PWRHYDINDNO,2024,3027.7275
GLOBAL,PWRHYDINDNO,2025,3232.635
GLOBAL,PWRHYDINDNO,2026,5243.373
GLOBAL,PWRHYDINDNO,2027,3727.842
GLOBAL,PWRHYDINDNO,2028,4822.548
GLOBAL,PWRHYDINDNO,2029,4634.838
GLOBAL,PWRHYDINDNO,2030,3546.6375
GLOBAL,PWRHYDINDNO,2031,3598.056
GLOBAL,PWRHYDINDNO,2032,4254.1065
GLOBAL,PWRHYDINDNO,2033,4278.1410000000005
GLOBAL,PWRHYDINDNO,2034,4302.1755
GLOBAL,PWRHYDINDNO,2035,4326.21
GLOBAL,PWRHYDINDNO,2036,4350.2445
GLOBAL,PWRHYDINDNO,2037,4756.752
GLOBAL,PWRHYDINDNO,2038,4782.888
GLOBAL,PWRHYDINDNO,2039,4809.024
GLOBAL,PWRHYDINDNO,2040,4618.987499999999
GLOBAL,PWRHYDINDNO,2041,4853.205
GLOBAL,PWRHYDINDNO,2042,5481.531000000001
GLOBAL,PWRHYDINDNO,2043,5737.29
GLOBAL,PWRHYDINDNO,2044,5927.985000000001
GLOBAL,PWRHYDINDNO,2045,6083.04
GLOBAL,PWRHYDINDNO,2046,6552.828
GLOBAL,PWRHYDINDNO,2047,6852.960000000001
GLOBAL,PWRHYDINDNO,2048,7166.572499999999
GLOBAL,PWRHYDINDNO,2049,7494.414
GLOBAL,PWRHYDINDNO,2050,7837.245
GLOBAL,PWRHYDINDSO,2024,709.0999999999999
GLOBAL,PWRHYDINDSO,2025,752.9
GLOBAL,PWRHYDINDSO,2026,1242.3
GLOBAL,PWRHYDINDSO,2027,1656.4
GLOBAL,PWRHYDINDSO,2028,969.6
GLOBAL,PWRHYDINDSO,2029,4393.5
GLOBAL,PWRHYDINDSO,2030,783.2999999999998
GLOBAL,PWRHYDINDSO,2031,763.4
GLOBAL,PWRHYDINDSO,2032,917.1
GLOBAL,PWRHYDINDSO,2033,917.1
GLOBAL,PWRHYDINDSO,2034,917.1
GLOBAL,PWRHYDINDSO,2035,917.1
GLOBAL,PWRHYDINDSO,2036,917.1
GLOBAL,PWRHYDINDSO,2037,980.5
GLOBAL,PWRHYDINDSO,2038,980.5
GLOBAL,PWRHYDINDSO,2039,980.5
GLOBAL,PWRHYDINDSO,2040,957.3
GLOBAL,PWRHYDINDSO,2041,979.7
GLOBAL,PWRHYDINDSO,2042,1096.7
GLOBAL,PWRHYDINDSO,2043,1139.3
GLOBAL,PWRHYDINDSO,2044,37.69999999999807
GLOBAL,PWRHYDINDWE,2024,454.0
GLOBAL,PWRHYDINDWE,2025,496.7
GLOBAL,PWRHYDINDWE,2026,1939.2
GLOBAL,PWRHYDINDWE,2027,540.1
GLOBAL,PWRHYDINDWE,2028,2525.0
GLOBAL,PWRHYDINDWE,2029,690.8
GLOBAL,PWRHYDINDWE,2030,394.1
GLOBAL,PWRHYDINDWE,2031,377.4
GLOBAL,PWRHYDINDWE,2032,569.6999999999999
GLOBAL,PWRHYDINDWE,2033,569.6999999999999
GLOBAL,PWRHYDINDWE,2034,569.6999999999999
GLOBAL,PWRHYDINDWE,2035,569.6999999999999
GLOBAL,PWRHYDINDWE,2036,569.6999999999999
GLOBAL,PWRHYDINDWE,2037,628.5
GLOBAL,PWRHYDINDWE,2038,628.5
GLOBAL,PWRHYDINDWE,2039,628.5
GLOBAL,PWRHYDINDWE,2040,628.5
GLOBAL,PWRHYDINDWE,2041,628.5
GLOBAL,PWRHYDINDWE,2042,705.4
GLOBAL,PWRHYDINDWE,2043,733.5
GLOBAL,PWRHYDINDWE,2044,762.7
GLOBAL,PWRHYDINDWE,2045,793.0
GLOBAL,PWRHYDINDWE,2046,824.5
GLOBAL,PWRHYDINDWE,2047,857.2999999999998
GLOBAL,PWRHYDINDWE,2048,891.4
GLOBAL,PWRHYDINDWE,2049,926.8
GLOBAL,PWRHYDINDWE,2050,963.7
GLOBAL,PWRHYDLKAXX,2025,42.5
GLOBAL,PWRHYDLKAXX,2026,42.75
GLOBAL,PWRHYDLKAXX,2027,43.0
GLOBAL,PWRHYDLKAXX,2028,86.5
GLOBAL,PWRHYDLKAXX,2029,87.0
GLOBAL,PWRHYDLKAXX,2030,87.5
GLOBAL,PWRHYDLKAXX,2031,88.0
GLOBAL,PWRHYDLKAXX,2034,2685.0
GLOBAL,PWRHYDNPLXX,2024,744.395846
GLOBAL,PWRHYDNPLXX,2025,1863.91271
GLOBAL,PWRHYDNPLXX,2026,841.4628749999998
GLOBAL,PWRHYDNPLXX,2027,894.964499
GLOBAL,PWRHYDNPLXX,2028,1024.0930199999998
GLOBAL,PWRHYDNPLXX,2029,1127.301866
GLOBAL,PWRHYDNPLXX,2030,1228.274258
GLOBAL,PWRHYDNPLXX,2031,1338.3962250000002
GLOBAL,PWRHYDNPLXX,2032,1458.580032
GLOBAL,PWRHYDNPLXX,2033,1589.0176890000002
GLOBAL,PWRHYDNPLXX,2034,967.233252
GLOBAL,PWRHYDNPLXX,2035,973.69899
GLOBAL,PWRHYDNPLXX,2036,980.199022
GLOBAL,PWRHYDNPLXX,2037,986.696416
GLOBAL,PWRHYDNPLXX,2038,993.196448
GLOBAL,PWRHYDNPLXX,2039,999.693842
GLOBAL,PWRHYDNPLXX,2040,1006.196512
GLOBAL,PWRHYDNPLXX,2041,1012.6596119999998
GLOBAL,PWRHYDNPLXX,2042,1019.127988
GLOBAL,PWRHYDNPLXX,2043,1025.5937259999998
GLOBAL,PWRHYDNPLXX,2044,1032.059464
GLOBAL,PWRHYDNPLXX,2045,1038.52784
GLOBAL,PWRHYDNPLXX,2046,1045.025234
GLOBAL,PWRHYDNPLXX,2047,1051.525266
GLOBAL,PWRHYDNPLXX,2048,1058.02266
GLOBAL,PWRHYDNPLXX,2049,1064.522692
GLOBAL,PWRHYDNPLXX,2050,1071.0200859999998
GLOBAL,PWRLDSINDEA,2032,8.644441813941107
GLOBAL,PWRLDSINDNO,2032,16.00822558137242
GLOBAL,PWRLDSINDSO,2032,42.10163327900946
GLOBAL,PWRLDSINDWE,2032,31.055957627862878
GLOBAL,PWRNGSBGDXX,2025,5295.4
GLOBAL,PWRNGSBGDXX,2030,1232.7326
GLOBAL,PWRNGSBGDXX,2031,1039.2679
GLOBAL,PWRNGSBGDXX,2032,1094.9609
GLOBAL,PWRNGSBGDXX,2033,1153.5755
GLOBAL,PWRNGSBGDXX,2034,1215.2943
GLOBAL,PWRNGSBGDXX,2035,1280.3912
GLOBAL,PWRNGSBGDXX,2036,1348.9575
GLOBAL,PWRNGSBGDXX,2037,1421.1758
GLOBAL,PWRNGSBGDXX,2038,1497.3200000000002
GLOBAL,PWRNGSBGDXX,2039,1577.4814
GLOBAL,PWRNGSBGDXX,2040,1661.9339
GLOBAL,PWRNGSBGDXX,2041,1750.8601
GLOBAL,PWRNGSBGDXX,2042,1469.6561000000002
GLOBAL,PWRNGSBGDXX,2043,1532.2879
GLOBAL,PWRNGSBGDXX,2044,1597.6587
GLOBAL,PWRNGSBGDXX,2045,1665.8598
GLOBAL,PWRNGSBGDXX,2046,1736.8912
GLOBAL,PWRNGSBGDXX,2047,1810.9355
GLOBAL,PWRNGSBGDXX,2048,1888.2666
GLOBAL,PWRNGSBGDXX,2049,1968.7932
GLOBAL,PWRNGSBGDXX,2050,2052.7892
GLOBAL,PWRNGSINDEA,2029,6.640000000000001
GLOBAL,PWRNGSINDEA,2030,4.648
GLOBAL,PWRNGSINDEA,2031,4.565
GLOBAL,PWRNGSINDEA,2032,6.225
GLOBAL,PWRNGSINDEA,2033,6.225
GLOBAL,PWRNGSINDEA,2034,6.225
GLOBAL,PWRNGSINDEA,2035,6.225
GLOBAL,PWRNGSINDEA,2036,6.225
GLOBAL,PWRNGSINDEA,2037,7.055000000000001
GLOBAL,PWRNGSINDEA,2038,7.055000000000001
GLOBAL,PWRNGSINDEA,2039,7.055000000000001
GLOBAL,PWRNGSINDEA,2040,7.055000000000001
GLOBAL,PWRNGSINDEA,2041,7.055000000000001
GLOBAL,PWRNGSINDEA,2042,7.967999999999998
GLOBAL,PWRNGSINDEA,2043,8.383
GLOBAL,PWRNGSINDEA,2044,8.715
GLOBAL,PWRNGSINDEA,2045,9.13
GLOBAL,PWRNGSINDEA,2046,9.545000000000002
GLOBAL,PWRNGSINDEA,2047,10.043
GLOBAL,PWRNGSINDEA,2048,10.458
GLOBAL,PWRNGSINDEA,2049,10.956
GLOBAL,PWRNGSINDEA,2050,11.454
GLOBAL,PWRNGSINDNE,2028,99.683
GLOBAL,PWRNGSINDNE,2029,109.726
GLOBAL,PWRNGSINDNE,2030,103.83299999999998
GLOBAL,PWRNGSINDNE,2031,101.924
GLOBAL,PWRNGSINDNE,2032,122.093
GLOBAL,PWRNGSINDNE,2033,122.093
GLOBAL,PWRNGSINDNE,2034,122.093
GLOBAL,PWRNGSINDNE,2035,122.093
GLOBAL,PWRNGSINDNE,2036,122.093
GLOBAL,PWRNGSINDNE,2037,143.09199999999998
GLOBAL,PWRNGSINDNE,2038,143.09199999999998
GLOBAL,PWRNGSINDNE,2039,143.09199999999998
GLOBAL,PWRNGSINDNE,2040,143.09199999999998
GLOBAL,PWRNGSINDNE,2041,143.09199999999998
GLOBAL,PWRNGSINDNE,2042,163.51000000000002
GLOBAL,PWRNGSINDNE,2043,171.06300000000002
GLOBAL,PWRNGSINDNE,2044,178.948
GLOBAL,PWRNGSINDNE,2045,187.248
GLOBAL,PWRNGSINDNE,2046,195.963
GLOBAL,PWRNGSINDNE,2047,205.01
GLOBAL,PWRNGSINDNE,2048,214.472
GLOBAL,PWRNGSINDNE,2049,224.349
GLOBAL,PWRNGSINDNE,2050,234.724
GLOBAL,PWRNGSINDNO,2028,382.547
GLOBAL,PWRNGSINDNO,2029,447.287
GLOBAL,PWRNGSINDNO,2030,340.29999999999995
GLOBAL,PWRNGSINDNO,2031,343.288
GLOBAL,PWRNGSINDNO,2032,403.546
GLOBAL,PWRNGSINDNO,2033,403.546
GLOBAL,PWRNGSINDNO,2034,403.546
GLOBAL,PWRNGSINDNO,2035,403.546
GLOBAL,PWRNGSINDNO,2036,403.546
GLOBAL,PWRNGSINDNO,2037,438.821
GLOBAL,PWRNGSINDNO,2038,438.821
GLOBAL,PWRNGSINDNO,2039,438.821
GLOBAL,PWRNGSINDNO,2040,419.233
GLOBAL,PWRNGSINDNO,2041,438.157
GLOBAL,PWRNGSINDNO,2042,492.19
GLOBAL,PWRNGSINDNO,2043,512.442
GLOBAL,PWRNGSINDNO,2044,526.635
GLOBAL,PWRNGSINDNO,2045,537.591
GLOBAL,PWRNGSINDNO,2046,576.1030000000001
GLOBAL,PWRNGSINDNO,2047,599.343
GLOBAL,PWRNGSINDNO,2048,623.496
GLOBAL,PWRNGSINDNO,2049,648.645
GLOBAL,PWRNGSINDNO,2050,674.873
GLOBAL,PWRNGSINDSO,2029,464.136
GLOBAL,PWRNGSINDSO,2030,359.307
GLOBAL,PWRNGSINDSO,2031,350.177
GLOBAL,PWRNGSINDSO,2032,420.727
GLOBAL,PWRNGSINDSO,2033,420.727
GLOBAL,PWRNGSINDSO,2034,420.727
GLOBAL,PWRNGSINDSO,2035,420.727
GLOBAL,PWRNGSINDSO,2036,420.727
GLOBAL,PWRNGSINDSO,2037,449.777
GLOBAL,PWRNGSINDSO,2038,449.777
GLOBAL,PWRNGSINDSO,2039,449.777
GLOBAL,PWRNGSINDSO,2040,439.153
GLOBAL,PWRNGSINDSO,2041,449.362
GLOBAL,PWRNGSINDSO,2042,503.063
GLOBAL,PWRNGSINDSO,2043,522.6510000000001
GLOBAL,PWRNGSINDSO,2044,542.903
GLOBAL,PWRNGSINDSO,2045,563.985
GLOBAL,PWRNGSINDSO,2046,585.8969999999999
GLOBAL,PWRNGSINDSO,2047,608.639
GLOBAL,PWRNGSINDSO,2048,632.294
GLOBAL,PWRNGSINDSO,2049,656.862
GLOBAL,PWRNGSINDSO,2050,682.3430000000001
GLOBAL,PWRNGSINDWE,2028,678.94
GLOBAL,PWRNGSINDWE,2029,838.217
GLOBAL,PWRNGSINDWE,2030,478.163
GLOBAL,PWRNGSINDWE,2031,457.911
GLOBAL,PWRNGSINDWE,2032,691.2239999999999
GLOBAL,PWRNGSINDWE,2033,691.2239999999999
GLOBAL,PWRNGSINDWE,2034,691.2239999999999
GLOBAL,PWRNGSINDWE,2035,691.2239999999999
GLOBAL,PWRNGSINDWE,2036,691.2239999999999
GLOBAL,PWRNGSINDWE,2037,762.6039999999998
GLOBAL,PWRNGSINDWE,2038,762.6039999999998
GLOBAL,PWRNGSINDWE,2039,762.6039999999998
GLOBAL,PWRNGSINDWE,2040,762.6039999999998
GLOBAL,PWRNGSINDWE,2041,762.6039999999998
GLOBAL,PWRNGSINDWE,2042,855.979
GLOBAL,PWRNGSINDWE,2043,890.009
GLOBAL,PWRNGSINDWE,2044,925.367
GLOBAL,PWRNGSINDWE,2045,962.136
GLOBAL,PWRNGSINDWE,2046,1000.399
GLOBAL,PWRNGSINDWE,2047,1040.239
GLOBAL,PWRNGSINDWE,2048,1081.573
GLOBAL,PWRNGSINDWE,2049,1124.567
GLOBAL,PWRNGSINDWE,2050,1169.304
GLOBAL,PWRNGSLKAXX,2025,317.5179
GLOBAL,PWRNGSLKAXX,2026,472.899
GLOBAL,PWRNGSLKAXX,2027,155.38110000000003
GLOBAL,PWRNGSLKAXX,2028,270.228
GLOBAL,PWRNGSLKAXX,2030,175.64820000000003
GLOBAL,PWRNGSLKAXX,2031,135.114
GLOBAL,PWRNGSLKAXX,2035,405.342
GLOBAL,PWRNGSLKAXX,2036,270.228
GLOBAL,PWRNGSLKAXX,2037,272.93028000000004
GLOBAL,PWRNGSLKAXX,2038,272.93028000000004
GLOBAL,PWRNGSLKAXX,2039,272.93028000000004
GLOBAL,PWRNGSLKAXX,2040,272.93028000000004
GLOBAL,PWRNGSLKAXX,2044,272.93028000000004
GLOBAL,PWRNGSMDVXX,2038,522.7191130741056
GLOBAL,PWRNGSMDVXX,2039,204.90046668672187
GLOBAL,PWRNGSMDVXX,2040,40.5098800594304
GLOBAL,PWRNGSMDVXX,2041,23.063685941389217
GLOBAL,PWRNGSMDVXX,2042,23.748745919846357
GLOBAL,PWRNGSMDVXX,2043,24.479476563533996
GLOBAL,PWRNGSMDVXX,2044,25.210207207221725
GLOBAL,PWRNGSMDVXX,2045,257.8007841856359
GLOBAL,PWRNGSMDVXX,2046,37.32313662842073
GLOBAL,PWRNGSMDVXX,2047,19.532354278958792
GLOBAL,PWRNGSMDVXX,2048,29.463574235403048
GLOBAL,PWRNGSMDVXX,2049,40.78798233126346
GLOBAL,PWRNGSMDVXX,2050,31.974805014139527
GLOBAL,PWROILINDNO,2037,574.4824104326492
GLOBAL,PWROILINDNO,2038,620.0
GLOBAL,PWROILINDNO,2039,620.0
GLOBAL,PWROILINDNO,2040,620.0
GLOBAL,PWROILLKAXX,2026,288.57114
GLOBAL,PWRPETNPLXX,2037,620.0
GLOBAL,PWRPETNPLXX,2038,620.0
GLOBAL,PWRPETNPLXX,2039,620.0
GLOBAL,PWRPETNPLXX,2040,353.80112138093114
GLOBAL,PWRSDSINDEA,2032,4458.248734440777
GLOBAL,PWRSDSINDEA,2033,7770.730548119205
GLOBAL,PWRSDSINDEA,2037,4427.087353201786
GLOBAL,PWRSDSINDEA,2038,4101.896416758532
GLOBAL,PWRSDSINDEA,2039,3022.9242022763274
GLOBAL,PWRSDSINDEA,2041,1724.7008393804335
GLOBAL,PWRSDSINDEA,2049,6101.220517975057
GLOBAL,PWRSDSINDEA,2050,2452.948108439168
GLOBAL,PWRSDSINDNE,2034,4740.444807850148
GLOBAL,PWRSDSINDNE,2040,1659.5841669851009
GLOBAL,PWRSDSINDNE,2042,1659.5089078133683
GLOBAL,PWRSDSINDNE,2043,1640.1762703516067
GLOBAL,PWRSDSINDNE,2044,1974.9248865708976
GLOBAL,PWRSDSINDNE,2045,2021.645057629432
GLOBAL,PWRSDSINDNE,2046,1999.4398503161867
GLOBAL,PWRSDSINDNE,2047,5555.380641693647
GLOBAL,PWRSDSINDNE,2048,8064.7132303530625
GLOBAL,PWRSDSINDNO,2032,0.3546211464146685
GLOBAL,PWRSDSINDNO,2039,0.3021949458399265
GLOBAL,PWRSDSINDSO,2032,0.3273425966904632
GLOBAL,PWRSDSINDSO,2045,0.2646576401096313
GLOBAL,PWRSDSINDWE,2032,0.1841302106383855
GLOBAL,PWRSDSINDWE,2044,0.1516438962739968
GLOBAL,PWRSDSLKAXX,2028,98.91
GLOBAL,PWRSDSLKAXX,2029,95.58
GLOBAL,PWRSDSLKAXX,2030,46.125
GLOBAL,PWRSDSLKAXX,2031,90.93
GLOBAL,PWRSDSLKAXX,2032,179.22000000000003
GLOBAL,PWRSDSLKAXX,2044,36.9
GLOBAL,PWRSHPINDNE,2037,108.5
GLOBAL,PWRSHPINDNE,2038,108.5
GLOBAL,PWRSHPINDNE,2039,108.5
GLOBAL,PWRSHPINDNE,2040,108.5
GLOBAL,PWRSHPINDNE,2041,108.5
GLOBAL,PWRSHPINDNE,2042,123.9
GLOBAL,PWRSHPINDNE,2043,129.85
GLOBAL,PWRSHPINDNE,2044,135.8
GLOBAL,PWRSHPINDNE,2045,142.1
GLOBAL,PWRSHPINDNE,2046,148.4
GLOBAL,PWRSHPINDNE,2047,155.4
GLOBAL,PWRSHPINDNE,2048,162.75
GLOBAL,PWRSHPINDNE,2049,170.1
GLOBAL,PWRSHPINDNE,2050,178.15
GLOBAL,PWRSHPINDNO,2028,462.7000000000001
GLOBAL,PWRSHPINDNO,2029,540.75
GLOBAL,PWRSHPINDNO,2030,411.6
GLOBAL,PWRSHPINDNO,2031,415.1
GLOBAL,PWRSHPINDNO,2032,487.9
GLOBAL,PWRSHPINDNO,2033,487.9
GLOBAL,PWRSHPINDNO,2034,487.9
GLOBAL,PWRSHPINDNO,2035,487.9
GLOBAL,PWRSHPINDNO,2036,487.9
GLOBAL,PWRSHPINDNO,2037,530.6
GLOBAL,PWRSHPINDNO,2038,530.6
GLOBAL,PWRSHPINDNO,2039,530.6
GLOBAL,PWRSHPINDNO,2040,506.80000000000007
GLOBAL,PWRSHPINDNO,2041,529.55
GLOBAL,PWRSHPINDNO,2042,595.0
GLOBAL,PWRSHPINDNO,2043,619.5
GLOBAL,PWRSHPINDNO,2044,636.65
GLOBAL,PWRSHPINDNO,2045,649.95
GLOBAL,PWRSHPINDNO,2046,696.5
GLOBAL,PWRSHPINDNO,2047,724.5
GLOBAL,PWRSHPINDNO,2048,753.9
GLOBAL,PWRSHPINDNO,2049,784.35
GLOBAL,PWRSHPINDNO,2050,815.85
GLOBAL,PWRSPVBGDXX,2024,34.524
GLOBAL,PWRSPVBGDXX,2025,2505.1032
GLOBAL,PWRSPVBGDXX,2026,37.62066
GLOBAL,PWRSPVBGDXX,2027,39.18348
GLOBAL,PWRSPVBGDXX,2028,40.85172000000001
GLOBAL,PWRSPVBGDXX,2029,42.53568
GLOBAL,PWRSPVBGDXX,2030,44.2242
GLOBAL,PWRSPVBGDXX,2031,36.36675
GLOBAL,PWRSPVBGDXX,2032,37.29432
GLOBAL,PWRSPVBGDXX,2033,38.18502
GLOBAL,PWRSPVBGDXX,2034,39.16092
GLOBAL,PWRSPVBGDXX,2035,40.0197
GLOBAL,PWRSPVBGDXX,2036,41.49332999999999
GLOBAL,PWRSPVBGDXX,2037,43.01538
GLOBAL,PWRSPVBGDXX,2038,44.52084
GLOBAL,PWRSPVBGDXX,2039,46.06452000000001
GLOBAL,PWRSPVBGDXX,2040,47.69715
GLOBAL,PWRSPVBGDXX,2041,49.35372
GLOBAL,PWRSPVBGDXX,2042,40.66902
GLOBAL,PWRSPVBGDXX,2043,41.63346
GLOBAL,PWRSPVBGDXX,2044,42.58539
GLOBAL,PWRSPVBGDXX,2045,43.52175
GLOBAL,PWRSPVBGDXX,2046,44.49021
GLOBAL,PWRSPVBGDXX,2047,45.43494
GLOBAL,PWRSPVBGDXX,2048,46.40156999999999
GLOBAL,PWRSPVBGDXX,2049,47.38398
GLOBAL,PWRSPVBGDXX,2050,48.3294
GLOBAL,PWRSPVBTNXX,2024,0.09864
GLOBAL,PWRSPVBTNXX,2025,0.1929599999999999
GLOBAL,PWRSPVBTNXX,2026,0.188496
GLOBAL,PWRSPVBTNXX,2027,0.184032
GLOBAL,PWRSPVBTNXX,2028,0.179568
GLOBAL,PWRSPVBTNXX,2029,0.175104
GLOBAL,PWRSPVBTNXX,2030,43.0866
GLOBAL,PWRSPVBTNXX,2031,0.166248
GLOBAL,PWRSPVBTNXX,2032,0.161856
GLOBAL,PWRSPVBTNXX,2033,0.2361959999999999
GLOBAL,PWRSPVBTNXX,2034,0.2296079999999999
GLOBAL,PWRSPVBTNXX,2035,0.2230199999999999
GLOBAL,PWRSPVBTNXX,2036,0.2193479999999999
GLOBAL,PWRSPVBTNXX,2037,0.2156759999999999
GLOBAL,PWRSPVBTNXX,2038,0.2826719999999999
GLOBAL,PWRSPVBTNXX,2039,0.277776
GLOBAL,PWRSPVBTNXX,2040,0.27288
GLOBAL,PWRSPVBTNXX,2041,0.33498
GLOBAL,PWRSPVBTNXX,2042,0.32886
GLOBAL,PWRSPVBTNXX,2043,0.32274
GLOBAL,PWRSPVBTNXX,2044,0.3799439999999999
GLOBAL,PWRSPVBTNXX,2045,0.3725999999999999
GLOBAL,PWRSPVBTNXX,2046,0.3652559999999999
GLOBAL,PWRSPVBTNXX,2047,0.4175639999999999
GLOBAL,PWRSPVBTNXX,2048,0.4089959999999999
GLOBAL,PWRSPVBTNXX,2049,0.4576319999999999
GLOBAL,PWRSPVBTNXX,2050,0.4478399999999999
GLOBAL,PWRSPVINDEA,2023,42.448
GLOBAL,PWRSPVINDEA,2024,34.25
GLOBAL,PWRSPVINDEA,2025,193.8176
GLOBAL,PWRSPVINDEA,2026,38.01336
GLOBAL,PWRSPVINDEA,2027,51.6312
GLOBAL,PWRSPVINDEA,2028,40.20328000000001
GLOBAL,PWRSPVINDEA,2029,47.22944
GLOBAL,PWRSPVINDEA,2030,32.1846
GLOBAL,PWRSPVINDEA,2031,30.43262
GLOBAL,PWRSPVINDEA,2032,40.64384
GLOBAL,PWRSPVINDEA,2033,39.54096
GLOBAL,PWRSPVINDEA,2034,38.43808
GLOBAL,PWRSPVINDEA,2035,37.3352
GLOBAL,PWRSPVINDEA,2036,36.72048
GLOBAL,PWRSPVINDEA,2037,40.81868
GLOBAL,PWRSPVINDEA,2038,40.12372
GLOBAL,PWRSPVINDEA,2039,39.42876
GLOBAL,PWRSPVINDEA,2040,38.7338
GLOBAL,PWRSPVINDEA,2041,38.03884
GLOBAL,PWRSPVINDEA,2042,42.5691
GLOBAL,PWRSPVINDEA,2043,43.71334
GLOBAL,PWRSPVINDEA,2044,44.819320000000005
GLOBAL,PWRSPVINDEA,2045,45.95400000000001
GLOBAL,PWRSPVINDEA,2046,47.11126
GLOBAL,PWRSPVINDEA,2047,48.25184
GLOBAL,PWRSPVINDEA,2048,49.404120000000006
GLOBAL,PWRSPVINDEA,2049,50.59376
GLOBAL,PWRSPVINDEA,2050,51.7504
GLOBAL,PWRSPVINDNE,2024,7.2336
GLOBAL,PWRSPVINDNE,2025,64.9632
GLOBAL,PWRSPVINDNE,2026,8.01108
GLOBAL,PWRSPVINDNE,2027,7.87248
GLOBAL,PWRSPVINDNE,2028,8.08056
GLOBAL,PWRSPVINDNE,2029,8.657919999999999
GLOBAL,PWRSPVINDNE,2030,8.010599999999998
GLOBAL,PWRSPVINDNE,2031,7.66588
GLOBAL,PWRSPVINDNE,2032,8.902080000000002
GLOBAL,PWRSPVINDNE,2033,8.66052
GLOBAL,PWRSPVINDNE,2034,8.41896
GLOBAL,PWRSPVINDNE,2035,8.1774
GLOBAL,PWRSPVINDNE,2036,8.042760000000001
GLOBAL,PWRSPVINDNE,2037,9.30602
GLOBAL,PWRSPVINDNE,2038,9.14758
GLOBAL,PWRSPVINDNE,2039,8.98914
GLOBAL,PWRSPVINDNE,2040,8.8307
GLOBAL,PWRSPVINDNE,2041,8.672259999999998
GLOBAL,PWRSPVINDNE,2042,9.719639999999998
GLOBAL,PWRSPVINDNE,2043,9.969080000000002
GLOBAL,PWRSPVINDNE,2044,10.23738
GLOBAL,PWRSPVINDNE,2045,10.488
GLOBAL,PWRSPVINDNE,2046,10.75476
GLOBAL,PWRSPVINDNE,2047,11.03562
GLOBAL,PWRSPVINDNE,2048,11.32854
GLOBAL,PWRSPVINDNE,2049,11.5997
GLOBAL,PWRSPVINDNE,2050,11.8802
GLOBAL,PWRSPVINDNO,2023,109.088
GLOBAL,PWRSPVINDNO,2024,757.1716
GLOBAL,PWRSPVINDNO,2025,5055.82
GLOBAL,PWRSPVINDNO,2026,9741.68272
GLOBAL,PWRSPVINDNO,2027,5753.76048
GLOBAL,PWRSPVINDNO,2028,873.0496399999998
GLOBAL,PWRSPVINDNO,2029,995.2716799999998
GLOBAL,PWRSPVINDNO,2030,3700.1862
GLOBAL,PWRSPVINDNO,2031,725.2568999999999
GLOBAL,PWRSPVINDNO,2032,830.09648
GLOBAL,PWRSPVINDNO,2033,807.5716199999998
GLOBAL,PWRSPVINDNO,2034,785.0467599999998
GLOBAL,PWRSPVINDNO,2035,3191.4575
GLOBAL,PWRSPVINDNO,2036,749.9670599999998
GLOBAL,PWRSPVINDNO,2037,801.9153199999998
GLOBAL,PWRSPVINDNO,2038,788.26228
GLOBAL,PWRSPVINDNO,2039,774.60924
GLOBAL,PWRSPVINDNO,2040,726.922
GLOBAL,PWRSPVINDNO,2041,746.0376799999998
GLOBAL,PWRSPVINDNO,2042,822.8442599999998
GLOBAL,PWRSPVINDNO,2043,840.7018399999998
GLOBAL,PWRSPVINDNO,2044,847.6269199999998
GLOBAL,PWRSPVINDNO,2045,848.493
GLOBAL,PWRSPVINDNO,2046,891.3261
GLOBAL,PWRSPVINDNO,2047,908.66566
GLOBAL,PWRSPVINDNO,2048,925.9215
GLOBAL,PWRSPVINDNO,2049,943.10328
GLOBAL,PWRSPVINDNO,2050,960.1814
GLOBAL,PWRSPVINDSO,2023,56.56
GLOBAL,PWRSPVINDSO,2024,828.1376
GLOBAL,PWRSPVINDSO,2025,860.0656
GLOBAL,PWRSPVINDSO,2026,1004.7884
GLOBAL,PWRSPVINDSO,2027,913.66776
GLOBAL,PWRSPVINDSO,2028,928.61596
GLOBAL,PWRSPVINDSO,2029,1048.82432
GLOBAL,PWRSPVINDSO,2030,791.2956
GLOBAL,PWRSPVINDSO,2031,751.3486
GLOBAL,PWRSPVINDSO,2032,878.78816
GLOBAL,PWRSPVINDSO,2033,854.94204
GLOBAL,PWRSPVINDSO,2034,831.09592
GLOBAL,PWRSPVINDSO,2035,807.2498
GLOBAL,PWRSPVINDSO,2036,793.95852
GLOBAL,PWRSPVINDSO,2037,834.62618
GLOBAL,PWRSPVINDSO,2038,820.41622
GLOBAL,PWRSPVINDSO,2039,806.20626
GLOBAL,PWRSPVINDSO,2040,773.2358
GLOBAL,PWRSPVINDSO,2041,777.1163799999998
GLOBAL,PWRSPVINDSO,2042,854.08596
GLOBAL,PWRSPVINDSO,2043,870.75252
GLOBAL,PWRSPVINDSO,2044,887.3803200000001
GLOBAL,PWRSPVINDSO,2045,904.038
GLOBAL,PWRSPVINDSO,2046,920.64804
GLOBAL,PWRSPVINDSO,2047,937.16606
GLOBAL,PWRSPVINDSO,2048,953.57742
GLOBAL,PWRSPVINDSO,2049,969.8620400000002
GLOBAL,PWRSPVINDSO,2050,985.9944
GLOBAL,PWRSPVINDWE,2023,89.37599999999999
GLOBAL,PWRSPVINDWE,2024,2319.6292
GLOBAL,PWRSPVINDWE,2025,2903.2976
GLOBAL,PWRSPVINDWE,2026,5157.7218
GLOBAL,PWRSPVINDWE,2027,2798.41104
GLOBAL,PWRSPVINDWE,2028,1284.6594
GLOBAL,PWRSPVINDWE,2029,809.1750399999999
GLOBAL,PWRSPVINDWE,2030,449.826
GLOBAL,PWRSPVINDWE,2031,419.68384
GLOBAL,PWRSPVINDWE,2032,616.8512
GLOBAL,PWRSPVINDWE,2033,600.1127999999999
GLOBAL,PWRSPVINDWE,2034,583.3743999999999
GLOBAL,PWRSPVINDWE,2035,566.636
GLOBAL,PWRSPVINDWE,2036,557.3064
GLOBAL,PWRSPVINDWE,2037,604.5318399999999
GLOBAL,PWRSPVINDWE,2038,594.2393599999999
GLOBAL,PWRSPVINDWE,2039,583.94688
GLOBAL,PWRSPVINDWE,2040,573.6543999999999
GLOBAL,PWRSPVINDWE,2041,563.36192
GLOBAL,PWRSPVINDWE,2042,620.77806
GLOBAL,PWRSPVINDWE,2043,633.43104
GLOBAL,PWRSPVINDWE,2044,646.1158800000001
GLOBAL,PWRSPVINDWE,2045,658.8465
GLOBAL,PWRSPVINDWE,2046,671.52992
GLOBAL,PWRSPVINDWE,2047,684.20844
GLOBAL,PWRSPVINDWE,2048,696.8188200000001
GLOBAL,PWRSPVINDWE,2049,709.3296000000001
GLOBAL,PWRSPVINDWE,2050,721.7688
GLOBAL,PWRSPVLKAXX,2024,63.14155999999999
GLOBAL,PWRSPVLKAXX,2025,164.14722
GLOBAL,PWRSPVLKAXX,2026,376.826354
GLOBAL,PWRSPVLKAXX,2027,391.3851
GLOBAL,PWRSPVLKAXX,2028,381.8911
GLOBAL,PWRSPVLKAXX,2029,647.970954
GLOBAL,PWRSPVLKAXX,2030,326.61279
GLOBAL,PWRSPVLKAXX,2031,318.20454
GLOBAL,PWRSPVLKAXX,2032,240.956205
GLOBAL,PWRSPVLKAXX,2033,49.137933
GLOBAL,PWRSPVLKAXX,2034,227.876705
GLOBAL,PWRSPVLKAXX,2035,221.34049
GLOBAL,PWRSPVLKAXX,2036,217.695905
GLOBAL,PWRSPVLKAXX,2037,57.887712
GLOBAL,PWRSPVLKAXX,2038,240.46484000000004
GLOBAL,PWRSPVLKAXX,2039,236.2996
GLOBAL,PWRSPVLKAXX,2040,62.802687
GLOBAL,PWRSPVLKAXX,2041,64.83577199999999
GLOBAL,PWRSPVLKAXX,2042,64.371314
GLOBAL,PWRSPVLKAXX,2043,64.804272
GLOBAL,PWRSPVLKAXX,2044,242.407575
GLOBAL,PWRSPVLKAXX,2045,63.23553599999999
GLOBAL,PWRSPVLKAXX,2046,62.55428
GLOBAL,PWRSPVLKAXX,2047,62.351563
GLOBAL,PWRSPVLKAXX,2048,59.497308
GLOBAL,PWRSPVLKAXX,2049,59.792621
GLOBAL,PWRSPVLKAXX,2050,60.7292
GLOBAL,PWRSPVMDVXX,2024,11.6724
GLOBAL,PWRSPVMDVXX,2025,51.456
GLOBAL,PWRSPVMDVXX,2026,56.54879999999999
GLOBAL,PWRSPVMDVXX,2028,407.02080000000007
GLOBAL,PWRSPVMDVXX,2041,3.23814
GLOBAL,PWRSPVMDVXX,2042,3.2886
GLOBAL,PWRSPVMDVXX,2043,3.33498
GLOBAL,PWRSPVMDVXX,2044,3.3772800000000003
GLOBAL,PWRSPVMDVXX,2045,3.4155
GLOBAL,PWRSPVMDVXX,2046,2.84088
GLOBAL,PWRSPVMDVXX,2047,2.88318
GLOBAL,PWRSPVMDVXX,2048,2.8240199999999995
GLOBAL,PWRSPVMDVXX,2049,2.8602
GLOBAL,PWRSPVMDVXX,2050,2.8923
GLOBAL,PWRSPVNPLXX,2024,4.64704
GLOBAL,PWRSPVNPLXX,2025,831.52896
GLOBAL,PWRSPVNPLXX,2026,4.859007999999999
GLOBAL,PWRSPVNPLXX,2027,5.071103999999999
GLOBAL,PWRSPVNPLXX,2028,5.58656
GLOBAL,PWRSPVNPLXX,2029,5.992448
GLOBAL,PWRSPVNPLXX,2030,6.29472
GLOBAL,PWRSPVNPLXX,2031,6.64992
GLOBAL,PWRSPVNPLXX,2032,6.977792
GLOBAL,PWRSPVNPLXX,2033,7.348320000000002
GLOBAL,PWRSPVNPLXX,2034,4.354048000000001
GLOBAL,PWRSPVNPLXX,2035,4.22912
GLOBAL,PWRSPVNPLXX,2036,4.159488
GLOBAL,PWRSPVNPLXX,2037,4.089856
GLOBAL,PWRSPVNPLXX,2038,4.020224
GLOBAL,PWRSPVNPLXX,2039,3.950592
GLOBAL,PWRSPVNPLXX,2040,3.88096
GLOBAL,PWRSPVNPLXX,2041,3.811328
GLOBAL,PWRSPVNPLXX,2042,3.741696
GLOBAL,PWRSPVNPLXX,2043,3.672064
GLOBAL,PWRSPVNPLXX,2044,3.6024320000000003
GLOBAL,PWRSPVNPLXX,2045,3.5328000000000004
GLOBAL,PWRSPVNPLXX,2046,3.463168
GLOBAL,PWRSPVNPLXX,2047,3.393536
GLOBAL,PWRSPVNPLXX,2048,3.323904
GLOBAL,PWRSPVNPLXX,2049,3.2542720000000003
GLOBAL,PWRSPVNPLXX,2050,3.1846400000000004
GLOBAL,PWRTRNBGDXX,2031,516.9535714033891
GLOBAL,PWRTRNBGDXX,2033,82.88634497546425
GLOBAL,PWRTRNBGDXX,2038,551.3508836941238
GLOBAL,PWRTRNBGDXX,2039,198.2117435567428
GLOBAL,PWRTRNINDEA,2023,640.6627878614337
GLOBAL,PWRTRNINDEA,2034,325.5666261154779
GLOBAL,PWRTRNINDEA,2035,791.8400000000001
GLOBAL,PWRTRNINDEA,2036,346.01000000000033
GLOBAL,PWRTRNINDEA,2037,41.73550875597442
GLOBAL,PWRTRNINDEA,2049,591.8682747422679
GLOBAL,PWRTRNINDNO,2023,2623.358337367852
GLOBAL,PWRTRNINDNO,2025,10.399999999999078
GLOBAL,PWRTRNINDNO,2026,136.70000000000053
GLOBAL,PWRTRNINDNO,2032,433.74000000000086
GLOBAL,PWRTRNINDNO,2033,72.74158871789567
GLOBAL,PWRTRNINDNO,2034,433.74000000000007
GLOBAL,PWRTRNINDNO,2039,2.917506454416952
GLOBAL,PWRTRNINDNO,2046,517.0702306069857
GLOBAL,PWRTRNINDNO,2050,725.3200000000036
GLOBAL,PWRTRNINDSO,2023,780.281589154512
GLOBAL,PWRTRNINDSO,2026,243.01577781203204
GLOBAL,PWRTRNINDSO,2027,231.24644122809653
GLOBAL,PWRTRNINDSO,2028,242.2219027022532
GLOBAL,PWRTRNINDSO,2029,181.21562305226232
GLOBAL,PWRTRNINDSO,2030,22.140000000001077
GLOBAL,PWRTRNINDSO,2031,21.579999999999185
GLOBAL,PWRTRNINDSO,2032,25.92000000000119
GLOBAL,PWRTRNINDSO,2033,142.43942235976056
GLOBAL,PWRTRNINDSO,2048,50.52777620825708
GLOBAL,PWRTRNINDSO,2049,547.8117778662598
GLOBAL,PWRTRNINDWE,2023,2541.688696051495
GLOBAL,PWRTRNINDWE,2024,156.66372830421585
GLOBAL,PWRTRNINDWE,2025,460.7072210950456
GLOBAL,PWRURNBGDXX,2024,15921.36
GLOBAL,PWRURNBGDXX,2025,15921.36
GLOBAL,PWRURNINDNO,2025,530.712
GLOBAL,PWRURNINDNO,2026,3607.821
GLOBAL,PWRURNINDNO,2027,604.7054999999999
GLOBAL,PWRURNINDNO,2028,635.8338
GLOBAL,PWRURNINDNO,2029,7215.642
GLOBAL,PWRURNINDNO,2030,565.4123999999999
GLOBAL,PWRURNINDNO,2031,570.5154
GLOBAL,PWRURNINDNO,2032,670.5342
GLOBAL,PWRURNINDNO,2033,670.5342
GLOBAL,PWRURNINDNO,2034,670.5342
GLOBAL,PWRURNINDNO,2035,670.5342
GLOBAL,PWRURNINDNO,2036,670.5342
GLOBAL,PWRURNINDNO,2037,729.2187
GLOBAL,PWRURNINDNO,2038,729.2187
GLOBAL,PWRURNINDNO,2039,729.2187
GLOBAL,PWRURNINDNO,2040,696.5595000000001
GLOBAL,PWRURNINDNO,2041,727.6878
GLOBAL,PWRURNINDNO,2042,817.5006
GLOBAL,PWRURNINDNO,2043,851.1803999999998
GLOBAL,PWRURNINDNO,2044,875.1645000000002
GLOBAL,PWRURNINDNO,2045,893.025
GLOBAL,PWRURNINDNO,2046,957.3228
GLOBAL,PWRURNINDNO,2047,995.5953
GLOBAL,PWRURNINDNO,2048,1035.909
GLOBAL,PWRURNINDNO,2049,1077.7536
GLOBAL,PWRURNINDNO,2050,1121.1291
GLOBAL,PWRURNINDSO,2024,2551.5
GLOBAL,PWRURNINDSO,2025,20412.0
GLOBAL,PWRURNINDSO,2029,1459.458
GLOBAL,PWRURNINDSO,2030,1129.8042
GLOBAL,PWRURNINDSO,2031,1101.2274
GLOBAL,PWRURNINDSO,2032,1322.6976
GLOBAL,PWRURNINDSO,2033,1322.6976
GLOBAL,PWRURNINDSO,2034,1322.6976
GLOBAL,PWRURNINDSO,2035,1322.6976
GLOBAL,PWRURNINDSO,2036,1322.6976
GLOBAL,PWRURNINDSO,2037,1414.0413
GLOBAL,PWRURNINDSO,2038,1414.0413
GLOBAL,PWRURNINDSO,2039,1414.0413
GLOBAL,PWRURNINDSO,2040,1380.8718
GLOBAL,PWRURNINDSO,2041,1413.0206999999998
GLOBAL,PWRURNINDSO,2042,1581.93
GLOBAL,PWRURNINDSO,2043,1643.166
GLOBAL,PWRURNINDSO,2044,1706.9535
GLOBAL,PWRURNINDSO,2045,1773.2924999999998
GLOBAL,PWRURNINDSO,2046,1842.183
GLOBAL,PWRURNINDSO,2047,1913.625
GLOBAL,PWRURNINDSO,2048,1988.1288
GLOBAL,PWRURNINDSO,2049,2065.1841
GLOBAL,PWRURNINDSO,2050,2145.3012
GLOBAL,PWRURNINDWE,2029,1211.4522
GLOBAL,PWRURNINDWE,2030,690.9462
GLOBAL,PWRURNINDWE,2031,661.8591
GLOBAL,PWRURNINDWE,2032,999.1674
GLOBAL,PWRURNINDWE,2033,999.1674
GLOBAL,PWRURNINDWE,2034,999.1674
GLOBAL,PWRURNINDWE,2035,999.1674
GLOBAL,PWRURNINDWE,2036,999.1674
GLOBAL,PWRURNINDWE,2037,1102.248
GLOBAL,PWRURNINDWE,2038,1102.248
GLOBAL,PWRURNINDWE,2039,1102.248
GLOBAL,PWRURNINDWE,2040,1102.248
GLOBAL,PWRURNINDWE,2041,1102.248
GLOBAL,PWRURNINDWE,2042,1236.9672
GLOBAL,PWRURNINDWE,2043,1285.956
GLOBAL,PWRURNINDWE,2044,1337.4963
GLOBAL,PWRURNINDWE,2045,1390.5675
GLOBAL,PWRURNINDWE,2046,1445.6799
GLOBAL,PWRURNINDWE,2047,1503.3438
GLOBAL,PWRURNINDWE,2048,1563.0489
GLOBAL,PWRURNINDWE,2049,1625.3055
GLOBAL,PWRURNINDWE,2050,1689.6033
GLOBAL,PWRWASINDEA,2024,1.2
GLOBAL,PWRWASINDEA,2025,1.2
GLOBAL,PWRWASINDEA,2026,1.2
GLOBAL,PWRWASINDEA,2027,1.5
GLOBAL,PWRWASINDEA,2028,1.5
GLOBAL,PWRWASINDEA,2029,1.7999999999999998
GLOBAL,PWRWASINDEA,2030,1.2
GLOBAL,PWRWASINDEA,2031,1.2
GLOBAL,PWRWASINDEA,2032,1.5
GLOBAL,PWRWASINDEA,2033,1.5
GLOBAL,PWRWASINDEA,2034,1.5
GLOBAL,PWRWASINDEA,2035,1.5
GLOBAL,PWRWASINDEA,2036,1.5
GLOBAL,PWRWASINDEA,2037,1.7999999999999998
GLOBAL,PWRWASINDEA,2038,1.7999999999999998
GLOBAL,PWRWASINDEA,2039,1.7999999999999998
GLOBAL,PWRWASINDEA,2040,1.7999999999999998
GLOBAL,PWRWASINDEA,2041,1.7999999999999998
GLOBAL,PWRWASINDEA,2042,2.1
GLOBAL,PWRWASINDEA,2043,2.1
GLOBAL,PWRWASINDEA,2044,2.4
GLOBAL,PWRWASINDEA,2045,2.4
GLOBAL,PWRWASINDEA,2046,2.4
GLOBAL,PWRWASINDEA,2047,2.7
GLOBAL,PWRWASINDEA,2048,2.7
GLOBAL,PWRWASINDEA,2049,3.0
GLOBAL,PWRWASINDEA,2050,3.0
GLOBAL,PWRWASINDNO,2024,44.1
GLOBAL,PWRWASINDNO,2025,46.5
GLOBAL,PWRWASINDNO,2026,49.8
GLOBAL,PWRWASINDNO,2027,53.1
GLOBAL,PWRWASINDNO,2028,55.8
GLOBAL,PWRWASINDNO,2029,65.10000000000001
GLOBAL,PWRWASINDNO,2030,49.5
GLOBAL,PWRWASINDNO,2031,50.1
GLOBAL,PWRWASINDNO,2032,58.8
GLOBAL,PWRWASINDNO,2033,58.8
GLOBAL,PWRWASINDNO,2034,58.8
GLOBAL,PWRWASINDNO,2035,58.8
GLOBAL,PWRWASINDNO,2036,58.8
GLOBAL,PWRWASINDNO,2037,63.9
GLOBAL,PWRWASINDNO,2038,63.9
GLOBAL,PWRWASINDNO,2039,63.9
GLOBAL,PWRWASINDNO,2040,60.9
GLOBAL,PWRWASINDNO,2041,63.9
GLOBAL,PWRWASINDNO,2042,71.7
GLOBAL,PWRWASINDNO,2043,74.7
GLOBAL,PWRWASINDNO,2044,76.79999999999998
GLOBAL,PWRWASINDNO,2045,78.30000000000001
GLOBAL,PWRWASINDNO,2046,83.7
GLOBAL,PWRWASINDNO,2047,87.29999999999998
GLOBAL,PWRWASINDNO,2048,90.60000000000002
GLOBAL,PWRWASINDNO,2049,94.5
GLOBAL,PWRWASINDNO,2050,98.1
GLOBAL,PWRWASINDSO,2024,34.2
GLOBAL,PWRWASINDSO,2025,36.3
GLOBAL,PWRWASINDSO,2026,39.9
GLOBAL,PWRWASINDSO,2027,40.5
GLOBAL,PWRWASINDSO,2028,42.0
GLOBAL,PWRWASINDSO,2029,48.9
GLOBAL,PWRWASINDSO,2030,37.8
GLOBAL,PWRWASINDSO,2031,36.9
GLOBAL,PWRWASINDSO,2032,44.1
GLOBAL,PWRWASINDSO,2033,44.1
GLOBAL,PWRWASINDSO,2034,44.1
GLOBAL,PWRWASINDSO,2035,44.1
GLOBAL,PWRWASINDSO,2036,44.1
GLOBAL,PWRWASINDSO,2037,47.400000000000006
GLOBAL,PWRWASINDSO,2038,47.400000000000006
GLOBAL,PWRWASINDSO,2039,47.400000000000006
GLOBAL,PWRWASINDSO,2040,46.2
GLOBAL,PWRWASINDSO,2041,47.1
GLOBAL,PWRWASINDSO,2042,52.8
GLOBAL,PWRWASINDSO,2043,54.9
GLOBAL,PWRWASINDSO,2044,57.0
GLOBAL,PWRWASINDSO,2045,59.400000000000006
GLOBAL,PWRWASINDSO,2046,61.5
GLOBAL,PWRWASINDSO,2047,63.9
GLOBAL,PWRWASINDSO,2048,66.60000000000001
GLOBAL,PWRWASINDSO,2049,69.0
GLOBAL,PWRWASINDSO,2050,71.7
GLOBAL,PWRWASINDWE,2024,21.9
GLOBAL,PWRWASINDWE,2025,23.700000000000003
GLOBAL,PWRWASINDWE,2026,26.7
GLOBAL,PWRWASINDWE,2027,25.8
GLOBAL,PWRWASINDWE,2028,26.7
GLOBAL,PWRWASINDWE,2029,33.0
GLOBAL,PWRWASINDWE,2030,18.9
GLOBAL,PWRWASINDWE,2031,18.0
GLOBAL,PWRWASINDWE,2032,27.3
GLOBAL,PWRWASINDWE,2033,27.3
GLOBAL,PWRWASINDWE,2034,27.3
GLOBAL,PWRWASINDWE,2035,27.3
GLOBAL,PWRWASINDWE,2036,27.3
GLOBAL,PWRWASINDWE,2037,30.0
GLOBAL,PWRWASINDWE,2038,30.0
GLOBAL,PWRWASINDWE,2039,30.0
GLOBAL,PWRWASINDWE,2040,30.0
GLOBAL,PWRWASINDWE,2041,30.0
GLOBAL,PWRWASINDWE,2042,33.9
GLOBAL,PWRWASINDWE,2043,35.1
GLOBAL,PWRWASINDWE,2044,36.6
GLOBAL,PWRWASINDWE,2045,38.1
GLOBAL,PWRWASINDWE,2046,39.6
GLOBAL,PWRWASINDWE,2047,41.1
GLOBAL,PWRWASINDWE,2048,42.6
GLOBAL,PWRWASINDWE,2049,44.4
GLOBAL,PWRWASINDWE,2050,46.2
GLOBAL,PWRWASLKAXX,2024,2.4
GLOBAL,PWRWASLKAXX,2025,1.7999999999999998
GLOBAL,PWRWASLKAXX,2026,1.7999999999999998
GLOBAL,PWRWASLKAXX,2027,1.7999999999999998
GLOBAL,PWRWASLKAXX,2028,2.1
GLOBAL,PWRWASLKAXX,2029,2.1
GLOBAL,PWRWASLKAXX,2030,2.4
GLOBAL,PWRWASLKAXX,2031,2.1
GLOBAL,PWRWASLKAXX,2032,2.4
GLOBAL,PWRWASLKAXX,2033,2.4
GLOBAL,PWRWASLKAXX,2034,2.4
GLOBAL,PWRWASLKAXX,2035,2.7
GLOBAL,PWRWASLKAXX,2036,2.7
GLOBAL,PWRWASLKAXX,2037,3.0
GLOBAL,PWRWASLKAXX,2038,3.3000000000000003
GLOBAL,PWRWASLKAXX,2039,3.3000000000000003
GLOBAL,PWRWASLKAXX,2040,3.6
GLOBAL,PWRWASLKAXX,2041,3.6
GLOBAL,PWRWASLKAXX,2042,3.6
GLOBAL,PWRWASLKAXX,2043,3.9
GLOBAL,PWRWASLKAXX,2044,3.9
GLOBAL,PWRWASLKAXX,2045,3.9
GLOBAL,PWRWASLKAXX,2046,3.9
GLOBAL,PWRWASLKAXX,2047,3.9
GLOBAL,PWRWASLKAXX,2048,3.9
GLOBAL,PWRWASLKAXX,2049,3.9
GLOBAL,PWRWASLKAXX,2050,4.2
GLOBAL,PWRWONBGDXX,2024,5.098632
GLOBAL,PWRWONBGDXX,2025,5.167932
GLOBAL,PWRWONBGDXX,2026,5.4594000000000005
GLOBAL,PWRWONBGDXX,2027,5.854680000000001
GLOBAL,PWRWONBGDXX,2028,6.136107
GLOBAL,PWRWONBGDXX,2029,6.519863
GLOBAL,PWRWONBGDXX,2030,6.897475
GLOBAL,PWRWONBGDXX,2031,5.795844999999999
GLOBAL,PWRWONBGDXX,2032,6.069236
GLOBAL,PWRWONBGDXX,2033,6.338266
GLOBAL,PWRWONBGDXX,2034,6.602880000000001
GLOBAL,PWRWONBGDXX,2035,206.91668
GLOBAL,PWRWONBGDXX,2036,7.220487
GLOBAL,PWRWONBGDXX,2037,7.572075
GLOBAL,PWRWONBGDXX,2038,7.917775
GLOBAL,PWRWONBGDXX,2039,8.257587
GLOBAL,PWRWONBGDXX,2040,8.690176000000001
GLOBAL,PWRWONBGDXX,2041,9.115488
GLOBAL,PWRWONBGDXX,2042,7.587839999999999
GLOBAL,PWRWONBGDXX,2043,7.820064
GLOBAL,PWRWONBGDXX,2044,8.143595000000001
GLOBAL,PWRWONBGDXX,2045,8.366248
GLOBAL,PWRWONBGDXX,2046,8.675876
GLOBAL,PWRWONBGDXX,2047,8.97936
GLOBAL,PWRWONBGDXX,2048,9.2766
GLOBAL,PWRWONBGDXX,2049,9.567792
GLOBAL,PWRWONBGDXX,2050,9.94407
GLOBAL,PWRWONBTNXX,2045,0.1669799999999999
GLOBAL,PWRWONBTNXX,2046,0.1649399999999999
GLOBAL,PWRWONBTNXX,2047,0.1628999999999999
GLOBAL,PWRWONBTNXX,2048,0.21444
GLOBAL,PWRWONBTNXX,2049,0.2117199999999999
GLOBAL,PWRWONBTNXX,2050,0.209
GLOBAL,PWRWONINDNO,2024,226.612
GLOBAL,PWRWONINDNO,2025,227.3283
GLOBAL,PWRWONINDNO,2026,242.38566000000003
GLOBAL,PWRWONINDNO,2027,255.51528
GLOBAL,PWRWONINDNO,2028,266.6859
GLOBAL,PWRWONINDNO,2029,309.5253
GLOBAL,PWRWONINDNO,2030,233.8401
GLOBAL,PWRWONINDNO,2031,234.25872
GLOBAL,PWRWONINDNO,2032,273.48454
GLOBAL,PWRWONINDNO,2033,271.49544000000003
GLOBAL,PWRWONINDNO,2034,269.63618
GLOBAL,PWRWONINDNO,2035,267.648
GLOBAL,PWRWONINDNO,2036,265.78782
GLOBAL,PWRWONINDNO,2037,286.88784
GLOBAL,PWRWONINDNO,2038,284.79576000000003
GLOBAL,PWRWONINDNO,2039,282.70368
GLOBAL,PWRWONINDNO,2040,268.0865
GLOBAL,PWRWONINDNO,2041,278.09084
GLOBAL,PWRWONINDNO,2042,310.03878
GLOBAL,PWRWONINDNO,2043,320.35952000000003
GLOBAL,PWRWONINDNO,2044,326.71588
GLOBAL,PWRWONINDNO,2045,330.91740000000004
GLOBAL,PWRWONINDNO,2046,351.7524
GLOBAL,PWRWONINDNO,2047,362.97084
GLOBAL,PWRWONINDNO,2048,374.53752
GLOBAL,PWRWONINDNO,2049,386.43804
GLOBAL,PWRWONINDNO,2050,398.658
GLOBAL,PWRWONINDSO,2024,856.5644
GLOBAL,PWRWONINDSO,2025,863.0094
GLOBAL,PWRWONINDSO,2026,943.61904
GLOBAL,PWRWONINDSO,2027,947.81808
GLOBAL,PWRWONINDSO,2028,980.3145
GLOBAL,PWRWONINDSO,2029,1127.31318
GLOBAL,PWRWONINDSO,2030,866.4747
GLOBAL,PWRWONINDSO,2031,838.66992
GLOBAL,PWRWONINDSO,2032,1000.44476
GLOBAL,PWRWONINDSO,2033,993.40584
GLOBAL,PWRWONINDSO,2034,986.36692
GLOBAL,PWRWONINDSO,2035,979.328
GLOBAL,PWRWONINDSO,2036,972.28908
GLOBAL,PWRWONINDSO,2037,1031.9888
GLOBAL,PWRWONINDSO,2038,1024.4632
GLOBAL,PWRWONINDSO,2039,1016.9376
GLOBAL,PWRWONINDSO,2040,985.4724000000001
GLOBAL,PWRWONINDSO,2041,1001.02904
GLOBAL,PWRWONINDSO,2042,1112.21322
GLOBAL,PWRWONINDSO,2043,1146.6832000000002
GLOBAL,PWRWONINDSO,2044,1182.1152800000002
GLOBAL,PWRWONINDSO,2045,1218.591
GLOBAL,PWRWONINDSO,2046,1255.6441200000002
GLOBAL,PWRWONINDSO,2047,1293.8031600000002
GLOBAL,PWRWONINDSO,2048,1333.02204
GLOBAL,PWRWONINDSO,2049,1373.3121599999995
GLOBAL,PWRWONINDSO,2050,1414.74
GLOBAL,PWRWONINDWE,2024,793.0695999999998
GLOBAL,PWRWONINDWE,2025,823.3695000000001
GLOBAL,PWRWONINDWE,2026,921.85686
GLOBAL,PWRWONINDWE,2027,882.7199399999998
GLOBAL,PWRWONINDWE,2028,908.07726
GLOBAL,PWRWONINDWE,2029,1113.0890399999998
GLOBAL,PWRWONINDWE,2030,630.4467
GLOBAL,PWRWONINDWE,2031,599.53904
GLOBAL,PWRWONINDWE,2032,898.71348
GLOBAL,PWRWONINDWE,2033,892.3903200000002
GLOBAL,PWRWONINDWE,2034,886.06716
GLOBAL,PWRWONINDWE,2035,879.744
GLOBAL,PWRWONINDWE,2036,873.42084
GLOBAL,PWRWONINDWE,2037,956.6082
GLOBAL,PWRWONINDWE,2038,949.6323000000002
GLOBAL,PWRWONINDWE,2039,942.71856
GLOBAL,PWRWONINDWE,2040,935.6805
GLOBAL,PWRWONINDWE,2041,928.7046
GLOBAL,PWRWONINDWE,2042,1034.5971599999998
GLOBAL,PWRWONINDWE,2043,1067.54336
GLOBAL,PWRWONINDWE,2044,1101.54372
GLOBAL,PWRWONINDWE,2045,1136.5596
GLOBAL,PWRWONINDWE,2046,1172.2134
GLOBAL,PWRWONINDWE,2047,1208.88984
GLOBAL,PWRWONINDWE,2048,1246.60368
GLOBAL,PWRWONINDWE,2049,1285.48272
GLOBAL,PWRWONINDWE,2050,1325.421
GLOBAL,PWRWONLKAXX,2024,28.055444
GLOBAL,PWRWONLKAXX,2025,20.09184
GLOBAL,PWRWONLKAXX,2026,176.320144
GLOBAL,PWRWONLKAXX,2027,912.917487
GLOBAL,PWRWONLKAXX,2028,248.34284
GLOBAL,PWRWONLKAXX,2029,184.92696
GLOBAL,PWRWONLKAXX,2030,469.963186
GLOBAL,PWRWONLKAXX,2031,364.64838
GLOBAL,PWRWONLKAXX,2032,265.54011
GLOBAL,PWRWONLKAXX,2033,24.563655
GLOBAL,PWRWONLKAXX,2034,119.00224
GLOBAL,PWRWONLKAXX,2035,118.15283
GLOBAL,PWRWONLKAXX,2036,29.151642
GLOBAL,PWRWONLKAXX,2037,30.785367
GLOBAL,PWRWONLKAXX,2038,115.6046
GLOBAL,PWRWONLKAXX,2039,114.7562
GLOBAL,PWRWONLKAXX,2040,34.397594999999995
GLOBAL,PWRWONLKAXX,2041,35.82016
GLOBAL,PWRWONLKAXX,2042,35.995428
GLOBAL,PWRWONLKAXX,2043,556.7928
GLOBAL,PWRWONLKAXX,2044,37.529688
GLOBAL,PWRWONLKAXX,2045,36.589775
GLOBAL,PWRWONLKAXX,2046,36.616980000000005
GLOBAL,PWRWONLKAXX,2047,36.95972
GLOBAL,PWRWONLKAXX,2048,35.702791000000005
GLOBAL,PWRWONLKAXX,2049,36.35249
GLOBAL,PWRWONLKAXX,2050,37.40349200000001
GLOBAL,PWRWONMDVXX,2028,2.5104
GLOBAL,RNWBIOBGDXX,2024,1.1573712000000002e-05
GLOBAL,RNWBIOBGDXX,2025,2.3147424000000004e-05
GLOBAL,RNWBIOBGDXX,2026,3.4721136000000014e-05
GLOBAL,RNWBIOBGDXX,2027,4.629484800000001e-05
GLOBAL,RNWBIOBGDXX,2028,5.786856000000001e-05
GLOBAL,RNWBIOBGDXX,2029,6.944227200000001e-05
GLOBAL,RNWBIOBGDXX,2030,8.101598399999998e-05
GLOBAL,RNWBIOBGDXX,2031,9.2589696e-05
GLOBAL,RNWBIOBGDXX,2032,0.0001041634079999
GLOBAL,RNWBIOBGDXX,2033,0.00011573712
GLOBAL,RNWBIOBGDXX,2034,0.000127310832
GLOBAL,RNWBIOBGDXX,2035,0.000138884544
GLOBAL,RNWBIOBGDXX,2036,0.000150458256
GLOBAL,RNWBIOBGDXX,2037,0.0001620319679999
GLOBAL,RNWBIOBGDXX,2038,0.0001736056799999
GLOBAL,RNWBIOBGDXX,2039,0.000185179392
GLOBAL,RNWBIOBGDXX,2040,0.000196753104
GLOBAL,RNWBIOBGDXX,2041,0.0002083268159999
GLOBAL,RNWBIOBGDXX,2042,0.000219900528
GLOBAL,RNWBIOBGDXX,2043,0.00023147424
GLOBAL,RNWBIOBGDXX,2044,0.000243047952
GLOBAL,RNWBIOBGDXX,2045,0.000254621664
GLOBAL,RNWBIOBGDXX,2046,0.000266195376
GLOBAL,RNWBIOBGDXX,2047,0.0002893428
GLOBAL,RNWBIOBGDXX,2048,0.000312490224
GLOBAL,RNWBIOBGDXX,2049,0.000335637648
GLOBAL,RNWBIOBGDXX,2050,0.000358785072
GLOBAL,RNWBIOINDEA,2024,0.003946635792
GLOBAL,RNWBIOINDEA,2025,0.008425662336
GLOBAL,RNWBIOINDEA,2026,0.013008852288
GLOBAL,RNWBIOINDEA,2027,0.017904532464
GLOBAL,RNWBIOINDEA,2028,0.022985392032
GLOBAL,RNWBIOINDEA,2029,0.02910788568
GLOBAL,RNWBIOINDEA,2030,0.03339015912
GLOBAL,RNWBIOINDEA,2031,0.037545121728
GLOBAL,RNWBIOINDEA,2032,0.043250961744
GLOBAL,RNWBIOINDEA,2033,0.04895680176
GLOBAL,RNWBIOINDEA,2034,0.054662641776
GLOBAL,RNWBIOINDEA,2035,0.060368481792
GLOBAL,RNWBIOINDEA,2036,0.0660743218079999
GLOBAL,RNWBIOINDEA,2037,0.072520879392
GLOBAL,RNWBIOINDEA,2038,0.078967436976
GLOBAL,RNWBIOINDEA,2039,0.08541399456
GLOBAL,RNWBIOINDEA,2040,0.091860552144
GLOBAL,RNWBIOINDEA,2041,0.098307109728
GLOBAL,RNWBIOINDEA,2042,0.105656416848
GLOBAL,RNWBIOINDEA,2043,0.113341361616
GLOBAL,RNWBIOINDEA,2044,0.121385091456
GLOBAL,RNWBIOINDEA,2045,0.129787606368
GLOBAL,RNWBIOINDEA,2046,0.1385720537759999
GLOBAL,RNWBIOINDEA,2047,0.147761581104
GLOBAL,RNWBIOINDEA,2048,0.157367762064
GLOBAL,RNWBIOINDEA,2049,0.16741374408
GLOBAL,RNWBIOINDEA,2050,0.177911100864
GLOBAL,RNWBIOINDNE,2024,0.000104163408
GLOBAL,RNWBIOINDNE,2025,0.000219900528
GLOBAL,RNWBIOINDNE,2026,0.00034721136
GLOBAL,RNWBIOINDNE,2027,0.000474522192
GLOBAL,RNWBIOINDNE,2028,0.000601833024
GLOBAL,RNWBIOINDNE,2029,0.00075229128
GLOBAL,RNWBIOINDNE,2030,0.0008911758239999
GLOBAL,RNWBIOINDNE,2031,0.001030060368
GLOBAL,RNWBIOINDNE,2032,0.001192092336
GLOBAL,RNWBIOINDNE,2033,0.0013541243039999
GLOBAL,RNWBIOINDNE,2034,0.001516156272
GLOBAL,RNWBIOINDNE,2035,0.0016781882399999
GLOBAL,RNWBIOINDNE,2036,0.001840220208
GLOBAL,RNWBIOINDNE,2037,0.0020253995999999
GLOBAL,RNWBIOINDNE,2038,0.0022105789919999
GLOBAL,RNWBIOINDNE,2039,0.0023957583839999
GLOBAL,RNWBIOINDNE,2040,0.0025809377759999
GLOBAL,RNWBIOINDNE,2041,0.0027661171679999
GLOBAL,RNWBIOINDNE,2042,0.002986017696
GLOBAL,RNWBIOINDNE,2043,0.0032174919359999
GLOBAL,RNWBIOINDNE,2044,0.003448966176
GLOBAL,RNWBIOINDNE,2045,0.003692014128
GLOBAL,RNWBIOINDNE,2046,0.003946635792
GLOBAL,RNWBIOINDNE,2047,0.004212831168
GLOBAL,RNWBIOINDNE,2048,0.004502173968
GLOBAL,RNWBIOINDNE,2049,0.00480309048
GLOBAL,RNWBIOINDNE,2050,0.005115580704
GLOBAL,RNWBIOINDNO,2023,0.32915999592
GLOBAL,RNWBIOINDNO,2024,0.34913757888
GLOBAL,RNWBIOINDNO,2025,0.37025613432
GLOBAL,RNWBIOINDNO,2026,0.39293824464
GLOBAL,RNWBIOINDNO,2027,0.41701487688
GLOBAL,RNWBIOINDNO,2028,0.4423275626400001
GLOBAL,RNWBIOINDNO,2029,0.4719188952000001
GLOBAL,RNWBIOINDNO,2030,0.4944319725600001
GLOBAL,RNWBIOINDNO,2031,0.5171352120000001
GLOBAL,RNWBIOINDNO,2032,0.5438318551200001
GLOBAL,RNWBIOINDNO,2033,0.5705284982400001
GLOBAL,RNWBIOINDNO,2034,0.5972251413600002
GLOBAL,RNWBIOINDNO,2035,0.6239217844800002
GLOBAL,RNWBIOINDNO,2036,0.6506184276000003
GLOBAL,RNWBIOINDNO,2037,0.6796498384800003
GLOBAL,RNWBIOINDNO,2038,0.7086812493600003
GLOBAL,RNWBIOINDNO,2039,0.7377126602400003
GLOBAL,RNWBIOINDNO,2040,0.7654446302400004
GLOBAL,RNWBIOINDNO,2041,0.7944232183200004
GLOBAL,RNWBIOINDNO,2042,0.8269831922400003
GLOBAL,RNWBIOINDNO,2043,0.86088486528
GLOBAL,RNWBIOINDNO,2044,0.8957267841600002
GLOBAL,RNWBIOINDNO,2045,0.93128709312
GLOBAL,RNWBIOINDNO,2046,0.9693934610400003
GLOBAL,RNWBIOINDNO,2047,1.0090422547200004
GLOBAL,RNWBIOINDNO,2048,1.0502862969600006
GLOBAL,RNWBIOINDNO,2049,1.0931995396800005
GLOBAL,RNWBIOINDNO,2050,1.1378453702400004
GLOBAL,RNWBIOINDSO,2023,0.4139320436640001
GLOBAL,RNWBIOINDSO,2024,0.4389162189120001
GLOBAL,RNWBIOINDSO,2025,0.4654480864320001
GLOBAL,RNWBIOINDSO,2026,0.494656414272
GLOBAL,RNWBIOINDSO,2027,0.524213845632
GLOBAL,RNWBIOINDSO,2028,0.554993139312
GLOBAL,RNWBIOINDSO,2029,0.5906482454880002
GLOBAL,RNWBIOINDSO,2030,0.6182506971360002
GLOBAL,RNWBIOINDSO,2031,0.6451549417440001
GLOBAL,RNWBIOINDSO,2032,0.6774702909120001
GLOBAL,RNWBIOINDSO,2033,0.7097856400800002
GLOBAL,RNWBIOINDSO,2034,0.742100989248
GLOBAL,RNWBIOINDSO,2035,0.7744163384160003
GLOBAL,RNWBIOINDSO,2036,0.806731687584
GLOBAL,RNWBIOINDSO,2037,0.84128129928
GLOBAL,RNWBIOINDSO,2038,0.875830910976
GLOBAL,RNWBIOINDSO,2039,0.910380522672
GLOBAL,RNWBIOINDSO,2040,0.944115559488
GLOBAL,RNWBIOINDSO,2041,0.978641897616
GLOBAL,RNWBIOINDSO,2042,1.01728765728
GLOBAL,RNWBIOINDSO,2043,1.05743456208
GLOBAL,RNWBIOINDSO,2044,1.0991407959360002
GLOBAL,RNWBIOINDSO,2045,1.142464542768
GLOBAL,RNWBIOINDSO,2046,1.1874756232800003
GLOBAL,RNWBIOINDSO,2047,1.2342322213920005
GLOBAL,RNWBIOINDSO,2048,1.282804157808
GLOBAL,RNWBIOINDSO,2049,1.3332612532320005
GLOBAL,RNWBIOINDSO,2050,1.385684965152
GLOBAL,RNWBIOINDWE,2023,0.359936136
GLOBAL,RNWBIOINDWE,2024,0.38203893
GLOBAL,RNWBIOINDWE,2025,0.4062231
GLOBAL,RNWBIOINDWE,2026,0.433493856
GLOBAL,RNWBIOINDWE,2027,0.45979488
GLOBAL,RNWBIOINDWE,2028,0.487041984
GLOBAL,RNWBIOINDWE,2029,0.5206751279999999
GLOBAL,RNWBIOINDWE,2030,0.539868726
GLOBAL,RNWBIOINDWE,2031,0.5582463300000001
GLOBAL,RNWBIOINDWE,2032,0.585990126
GLOBAL,RNWBIOINDWE,2033,0.6137339220000001
GLOBAL,RNWBIOINDWE,2034,0.6414777179999999
GLOBAL,RNWBIOINDWE,2035,0.669221514
GLOBAL,RNWBIOINDWE,2036,0.69696531
GLOBAL,RNWBIOINDWE,2037,0.7275709979999999
GLOBAL,RNWBIOINDWE,2038,0.7581766859999998
GLOBAL,RNWBIOINDWE,2039,0.788782374
GLOBAL,RNWBIOINDWE,2040,0.8193880619999998
GLOBAL,RNWBIOINDWE,2041,0.8499937499999997
GLOBAL,RNWBIOINDWE,2042,0.8843482799999997
GLOBAL,RNWBIOINDWE,2043,0.9200627999999998
GLOBAL,RNWBIOINDWE,2044,0.9571964399999998
GLOBAL,RNWBIOINDWE,2045,0.99580833
GLOBAL,RNWBIOINDWE,2046,1.0359576
GLOBAL,RNWBIOINDWE,2047,1.07770338
GLOBAL,RNWBIOINDWE,2048,1.1211048
GLOBAL,RNWBIOINDWE,2049,1.166232816
GLOBAL,RNWBIOINDWE,2050,1.2131583840000002
GLOBAL,RNWBIOLKAXX,2023,0.0052589433599999
GLOBAL,RNWBIOLKAXX,2024,0.0056772684
GLOBAL,RNWBIOLKAXX,2025,0.0068844349439999
GLOBAL,RNWBIOLKAXX,2026,0.008701160832
GLOBAL,RNWBIOLKAXX,2027,0.01111549392
GLOBAL,RNWBIOLKAXX,2028,0.0135298270079999
GLOBAL,RNWBIOLKAXX,2029,0.0159441600959999
GLOBAL,RNWBIOLKAXX,2030,0.0183584931839999
GLOBAL,RNWBIOLKAXX,2031,0.020772826272
GLOBAL,RNWBIOLKAXX,2032,0.021167247024
GLOBAL,RNWBIOLKAXX,2033,0.02157361992
GLOBAL,RNWBIOLKAXX,2034,0.022003897104
GLOBAL,RNWBIOLKAXX,2035,0.02247003072
GLOBAL,RNWBIOLKAXX,2036,0.022972020768
GLOBAL,RNWBIOLKAXX,2037,0.023497915104
GLOBAL,RNWBIOLKAXX,2038,0.024059665872
GLOBAL,RNWBIOLKAXX,2039,0.024633368784
GLOBAL,RNWBIOLKAXX,2040,0.025242928128
GLOBAL,RNWBIOLKAXX,2041,0.02587639176
GLOBAL,RNWBIOLKAXX,2042,0.026521807536
GLOBAL,RNWBIOLKAXX,2043,0.027179175456
GLOBAL,RNWBIOLKAXX,2044,0.027860447664
GLOBAL,RNWBIOLKAXX,2045,0.028529767728
GLOBAL,RNWBIOLKAXX,2046,0.029211039936
GLOBAL,RNWBIOLKAXX,2047,0.029904264288
GLOBAL,RNWBIOLKAXX,2048,0.030573584352
GLOBAL,RNWBIOLKAXX,2049,0.0312668087039999
GLOBAL,RNWBIOLKAXX,2050,0.031983937344
GLOBAL,RNWBIONPLXX,2024,5.786856e-05
GLOBAL,RNWBIONPLXX,2025,0.00011573712
GLOBAL,RNWBIONPLXX,2026,0.0001736056799999
GLOBAL,RNWBIONPLXX,2027,0.000243047952
GLOBAL,RNWBIONPLXX,2028,0.0003124902239999
GLOBAL,RNWBIONPLXX,2029,0.000393506208
GLOBAL,RNWBIONPLXX,2030,0.000486095904
GLOBAL,RNWBIONPLXX,2031,0.0005786855999999
GLOBAL,RNWBIONPLXX,2032,0.0006828490079999
GLOBAL,RNWBIONPLXX,2033,0.0007985861279999
GLOBAL,RNWBIONPLXX,2034,0.0008680284
GLOBAL,RNWBIONPLXX,2035,0.000937470672
GLOBAL,RNWBIONPLXX,2036,0.0010069129439999
GLOBAL,RNWBIONPLXX,2037,0.001076355216
GLOBAL,RNWBIONPLXX,2038,0.0011457974879999
GLOBAL,RNWBIONPLXX,2039,0.0012152397599999
GLOBAL,RNWBIONPLXX,2040,0.0012846820319999
GLOBAL,RNWBIONPLXX,2041,0.001354124304
GLOBAL,RNWBIONPLXX,2042,0.0014235665759999
GLOBAL,RNWBIONPLXX,2043,0.0014930088479999
GLOBAL,RNWBIONPLXX,2044,0.0015624511199999
GLOBAL,RNWBIONPLXX,2045,0.0016318933919999
GLOBAL,RNWBIONPLXX,2046,0.0017013356639999
GLOBAL,RNWBIONPLXX,2047,0.0017707779359999
GLOBAL,RNWBIONPLXX,2048,0.0018402202079999
GLOBAL,RNWBIONPLXX,2049,0.0019096624799999
GLOBAL,RNWBIONPLXX,2050,0.0019791047519999
GLOBAL,RNWCSPINDNO,2023,0.0112110479999999
GLOBAL,RNWCSPINDNO,2024,0.0112110479999999
GLOBAL,RNWCSPINDNO,2025,0.0112110479999999
GLOBAL,RNWCSPINDNO,2026,0.0112110479999999
GLOBAL,RNWCSPINDNO,2027,0.0112110479999999
GLOBAL,RNWCSPINDNO,2028,0.0112110479999999
GLOBAL,RNWCSPINDNO,2029,0.0112110479999999
GLOBAL,RNWCSPINDNO,2030,0.0112110479999999
GLOBAL,RNWCSPINDNO,2031,0.0112110479999999
GLOBAL,RNWCSPINDNO,2032,0.0121192848
GLOBAL,RNWCSPINDNO,2033,0.0130275216
GLOBAL,RNWCSPINDNO,2034,0.0139357584
GLOBAL,RNWCSPINDNO,2035,0.0148439952
GLOBAL,RNWCSPINDNO,2036,0.015752232
GLOBAL,RNWCSPINDNO,2037,0.0167424624
GLOBAL,RNWCSPINDNO,2038,0.0177326928
GLOBAL,RNWCSPINDNO,2039,0.0187229232
GLOBAL,RNWCSPINDNO,2040,0.0140713632
GLOBAL,RNWCSPINDNO,2041,0.01505844
GLOBAL,RNWCSPINDNO,2042,0.0160738991999999
GLOBAL,RNWCSPINDNO,2043,0.0172281167999999
GLOBAL,RNWCSPINDNO,2044,0.0168370704
GLOBAL,RNWCSPINDNO,2045,0.0141060528
GLOBAL,RNWCSPINDNO,2046,0.015405336
GLOBAL,RNWCSPINDNO,2047,0.0167550768
GLOBAL,RNWCSPINDNO,2048,0.0181584288
GLOBAL,RNWCSPINDNO,2049,0.0196185456
GLOBAL,RNWCSPINDNO,2050,0.0211385808
GLOBAL,RNWCSPINDSO,2023,0.0031535999999999
GLOBAL,RNWCSPINDSO,2024,0.0031535999999999
GLOBAL,RNWCSPINDSO,2025,0.0031535999999999
GLOBAL,RNWCSPINDSO,2026,0.0031535999999999
GLOBAL,RNWCSPINDSO,2027,0.0031535999999999
GLOBAL,RNWCSPINDSO,2028,0.0031535999999999
GLOBAL,RNWCSPINDSO,2029,0.0031535999999999
GLOBAL,RNWCSPINDSO,2030,0.0031535999999999
GLOBAL,RNWCSPINDSO,2031,0.0031535999999999
GLOBAL,RNWCSPINDSO,2032,0.0031535999999999
GLOBAL,RNWCSPINDSO,2033,0.0031535999999999
GLOBAL,RNWCSPINDSO,2034,0.0031535999999999
GLOBAL,RNWCSPINDSO,2035,0.0031535999999999
GLOBAL,RNWCSPINDSO,2036,0.0031535999999999
GLOBAL,RNWCSPINDSO,2037,0.0031535999999999
GLOBAL,RNWCSPINDSO,2038,0.0031535999999999
GLOBAL,RNWCSPINDSO,2039,0.0034153487999999
GLOBAL,RNWCSPINDSO,2040,0.0005171904
GLOBAL,RNWCSPINDSO,2041,0.0007789392
GLOBAL,RNWCSPINDSO,2042,0.001072224
GLOBAL,RNWCSPINDSO,2043,0.0013781232
GLOBAL,RNWCSPINDSO,2044,0.0016966368
GLOBAL,RNWCSPINDSO,2045,0.0020277647999999
GLOBAL,RNWCSPINDSO,2046,0.0023715071999999
GLOBAL,RNWCSPINDSO,2047,0.002727864
GLOBAL,RNWCSPINDSO,2048,0.002727864
GLOBAL,RNWCSPINDSO,2049,0.002727864
GLOBAL,RNWCSPINDSO,2050,0.002727864
GLOBAL,RNWHYDBGDXX,2023,0.005249924064
GLOBAL,RNWHYDBGDXX,2024,0.00561741874848
GLOBAL,RNWHYDBGDXX,2025,0.0060100217654399
GLOBAL,RNWHYDBGDXX,2026,0.00642773311488
GLOBAL,RNWHYDBGDXX,2027,0.00687511794816
GLOBAL,RNWHYDBGDXX,2028,0.00735217626528
GLOBAL,RNWHYDBGDXX,2029,0.00786119064192
GLOBAL,RNWHYDBGDXX,2030,0.00840444365376
GLOBAL,RNWHYDBGDXX,2031,0.00886324136544
GLOBAL,RNWHYDBGDXX,2032,0.0093471474096
GLOBAL,RNWHYDBGDXX,2033,0.00985616178624
GLOBAL,RNWHYDBGDXX,2034,0.01039256707104
GLOBAL,RNWHYDBGDXX,2035,0.010956363264
GLOBAL,RNWHYDBGDXX,2036,0.01155211551648
GLOBAL,RNWHYDBGDXX,2037,0.01217982382848
GLOBAL,RNWHYDBGDXX,2038,0.0128394882
GLOBAL,RNWHYDBGDXX,2039,0.0135356737824
GLOBAL,RNWHYDBGDXX,2040,0.01426838057568
GLOBAL,RNWHYDBGDXX,2041,0.01503989115552
GLOBAL,RNWHYDBGDXX,2042,0.01568814264864
GLOBAL,RNWHYDBGDXX,2043,0.01636378504992
GLOBAL,RNWHYDBGDXX,2044,0.01706910093504
GLOBAL,RNWHYDBGDXX,2045,0.017804090304
GLOBAL,RNWHYDBGDXX,2046,0.01857103573248
GLOBAL,RNWHYDBGDXX,2047,0.01894994329536
GLOBAL,RNWHYDBGDXX,2048,0.01894994329536
GLOBAL,RNWHYDBGDXX,2049,0.01894994329536
GLOBAL,RNWHYDBGDXX,2050,0.01894994329536
GLOBAL,RNWHYDBTNXX,2023,0.0564795930862711
GLOBAL,RNWHYDBTNXX,2024,0.0605373973277483
GLOBAL,RNWHYDBTNXX,2025,0.0883990472390615
GLOBAL,RNWHYDBTNXX,2026,0.0930458875801081
GLOBAL,RNWHYDBTNXX,2027,0.1179320981327999
GLOBAL,RNWHYDBTNXX,2028,0.1358879201164799
GLOBAL,RNWHYDBTNXX,2029,0.129830343592304
GLOBAL,RNWHYDBTNXX,2030,0.2425768014413126
GLOBAL,RNWHYDBTNXX,2031,0.2489198549368559
GLOBAL,RNWHYDBTNXX,2032,0.2540224643271181
GLOBAL,RNWHYDBTNXX,2033,0.262110848247009
GLOBAL,RNWHYDBTNXX,2034,0.2725976618051587
GLOBAL,RNWHYDBTNXX,2035,0.3379504104827114
GLOBAL,RNWHYDBTNXX,2036,0.3478595107751942
GLOBAL,RNWHYDBTNXX,2037,0.3584569322533346
GLOBAL,RNWHYDBTNXX,2038,0.36980089339481
GLOBAL,RNWHYDBTNXX,2039,0.3817729715703441
GLOBAL,RNWHYDBTNXX,2040,0.3943632456226124
GLOBAL,RNWHYDBTNXX,2041,0.4069330688245329
GLOBAL,RNWHYDBTNXX,2042,0.4205000567979924
GLOBAL,RNWHYDBTNXX,2043,0.4364055120871722
GLOBAL,RNWHYDBTNXX,2044,0.4534202417909512
GLOBAL,RNWHYDBTNXX,2045,0.4716304360256124
GLOBAL,RNWHYDBTNXX,2046,0.47303809270272
GLOBAL,RNWHYDBTNXX,2047,0.4917087557761556
GLOBAL,RNWHYDBTNXX,2048,0.5125941298270632
GLOBAL,RNWHYDBTNXX,2049,0.5349385600977514
GLOBAL,RNWHYDBTNXX,2050,0.5588472688510672
GLOBAL,RNWHYDINDEA,2023,0.0718948909667818
GLOBAL,RNWHYDINDEA,2024,0.0718948909667818
GLOBAL,RNWHYDINDEA,2025,0.0726486741409464
GLOBAL,RNWHYDINDEA,2026,0.0740191890030639
GLOBAL,RNWHYDINDEA,2027,0.08881810582176
GLOBAL,RNWHYDINDEA,2028,0.08881810582176
GLOBAL,RNWHYDINDEA,2029,0.0811001824573375
GLOBAL,RNWHYDINDEA,2030,0.09033675343776
GLOBAL,RNWHYDINDEA,2031,0.0811001824573375
GLOBAL,RNWHYDINDEA,2032,0.0811001824573374
GLOBAL,RNWHYDINDEA,2033,0.0811001824573375
GLOBAL,RNWHYDINDEA,2034,0.0811001824573375
GLOBAL,RNWHYDINDEA,2035,0.085108938429031
GLOBAL,RNWHYDINDEA,2036,0.085108938429031
GLOBAL,RNWHYDINDEA,2037,0.085108938429031
GLOBAL,RNWHYDINDEA,2038,0.085108938429031
GLOBAL,RNWHYDINDEA,2039,0.085108938429031
GLOBAL,RNWHYDINDEA,2040,0.085108938429031
GLOBAL,RNWHYDINDEA,2041,0.085108938429031
GLOBAL,RNWHYDINDEA,2042,0.085108938429031
GLOBAL,RNWHYDINDEA,2043,0.085108938429031
GLOBAL,RNWHYDINDEA,2044,0.085108938429031
GLOBAL,RNWHYDINDEA,2045,0.085108938429031
GLOBAL,RNWHYDINDEA,2046,0.085108938429031
GLOBAL,RNWHYDINDEA,2047,0.085108938429031
GLOBAL,RNWHYDINDEA,2048,0.085108938429031
GLOBAL,RNWHYDINDEA,2049,0.085108938429031
GLOBAL,RNWHYDINDEA,2050,0.085108938429031
GLOBAL,RNWHYDINDNE,2023,0.0417391876530239
GLOBAL,RNWHYDINDNE,2024,0.0438973927861824
GLOBAL,RNWHYDINDNE,2025,0.0461919630288497
GLOBAL,RNWHYDINDNE,2026,0.089425626048
GLOBAL,RNWHYDINDNE,2027,0.0922126578911999
GLOBAL,RNWHYDINDNE,2028,0.0951440539737599
GLOBAL,RNWHYDINDNE,2029,0.1037718223344
GLOBAL,RNWHYDINDNE,2030,0.1068275320675199
GLOBAL,RNWHYDINDNE,2031,0.10982509509312
GLOBAL,RNWHYDINDNE,2032,0.165169721315056
GLOBAL,RNWHYDINDNE,2033,0.1711988465585111
GLOBAL,RNWHYDINDNE,2034,0.17533036870272
GLOBAL,RNWHYDINDNE,2035,0.1789214291568
GLOBAL,RNWHYDINDNE,2036,0.18251248961088
GLOBAL,RNWHYDINDNE,2037,0.1873426764528
GLOBAL,RNWHYDINDNE,2038,0.19217286329472
GLOBAL,RNWHYDINDNE,2039,0.19700104507776
GLOBAL,RNWHYDINDNE,2040,0.20183123191968
GLOBAL,RNWHYDINDNE,2041,0.2066614187616
GLOBAL,RNWHYDINDNE,2042,0.21218134585824
GLOBAL,RNWHYDINDNE,2043,0.21795591543264
GLOBAL,RNWHYDINDNE,2044,0.22399715783808
GLOBAL,RNWHYDINDNE,2045,0.2303191084867199
GLOBAL,RNWHYDINDNE,2046,0.23693179267296
GLOBAL,RNWHYDINDNE,2047,0.24385125086784
GLOBAL,RNWHYDINDNE,2048,0.25109151848352
GLOBAL,RNWHYDINDNE,2049,0.2586646258732799
GLOBAL,RNWHYDINDNE,2050,0.2665886185670399
GLOBAL,RNWHYDINDNO,2023,0.48110592992256
GLOBAL,RNWHYDINDNO,2024,0.5079695763456
GLOBAL,RNWHYDINDNO,2025,0.5363700805324799
GLOBAL,RNWHYDINDNO,2026,0.5821666496409598
GLOBAL,RNWHYDINDNO,2027,0.6145369963315199
GLOBAL,RNWHYDINDNO,2028,0.65913275529216
GLOBAL,RNWHYDINDNO,2029,0.7023776028364801
GLOBAL,RNWHYDINDNO,2030,0.7352811450777599
GLOBAL,RNWHYDINDNO,2031,0.76847144795136
GLOBAL,RNWHYDINDNO,2032,0.80749105680384
GLOBAL,RNWHYDINDNO,2033,0.8465106656563199
GLOBAL,RNWHYDINDNO,2034,0.8855302745088
GLOBAL,RNWHYDINDNO,2035,0.92454988336128
GLOBAL,RNWHYDINDNO,2036,0.96356949221376
GLOBAL,RNWHYDINDNO,2037,1.0060011045273598
GLOBAL,RNWHYDINDNO,2038,1.0484327168409595
GLOBAL,RNWHYDINDNO,2039,1.09086432915456
GLOBAL,RNWHYDINDNO,2040,1.13139839259648
GLOBAL,RNWHYDINDNO,2041,1.173758314752
GLOBAL,RNWHYDINDNO,2042,1.2213471378124798
GLOBAL,RNWHYDINDNO,2043,1.27089175799808
GLOBAL,RNWHYDINDNO,2044,1.32181193309184
GLOBAL,RNWHYDINDNO,2045,1.3737895380172798
GLOBAL,RNWHYDINDNO,2046,1.4294883102105598
GLOBAL,RNWHYDINDNO,2047,1.4874341207961597
GLOBAL,RNWHYDINDNO,2048,1.5477188227891197
GLOBAL,RNWHYDINDNO,2049,1.6104365095219195
GLOBAL,RNWHYDINDNO,2050,1.6532457820882236
GLOBAL,RNWHYDINDSO,2023,0.16557974087904
GLOBAL,RNWHYDINDSO,2024,0.17416234464192
GLOBAL,RNWHYDINDSO,2025,0.18327508244064
GLOBAL,RNWHYDINDSO,2026,0.19831128136128
GLOBAL,RNWHYDINDSO,2027,0.2183595465888
GLOBAL,RNWHYDINDSO,2028,0.23009511647808
GLOBAL,RNWHYDINDSO,2029,0.2832719175388799
GLOBAL,RNWHYDINDSO,2030,0.29275260224832
GLOBAL,RNWHYDINDSO,2031,0.3019924269734399
GLOBAL,RNWHYDINDSO,2032,0.3130925622307199
GLOBAL,RNWHYDINDSO,2033,0.3241926974879999
GLOBAL,RNWHYDINDSO,2034,0.3352928327452799
GLOBAL,RNWHYDINDSO,2035,0.3463929680025599
GLOBAL,RNWHYDINDSO,2036,0.3574931032598399
GLOBAL,RNWHYDINDSO,2037,0.3693606014822399
GLOBAL,RNWHYDINDSO,2038,0.3812280997046399
GLOBAL,RNWHYDINDSO,2039,0.3930955979270399
GLOBAL,RNWHYDINDSO,2040,0.4046822945596799
GLOBAL,RNWHYDINDSO,2041,0.4165401099686399
GLOBAL,RNWHYDINDSO,2042,0.4298140368431999
GLOBAL,RNWHYDINDSO,2043,0.4436035735334398
GLOBAL,RNWHYDINDSO,2044,0.4440598761167998
GLOBAL,RNWHYDINDSO,2045,0.4440598761167998
GLOBAL,RNWHYDINDSO,2046,0.4440598761167998
GLOBAL,RNWHYDINDSO,2047,0.4440598761167998
GLOBAL,RNWHYDINDSO,2048,0.4440598761167998
GLOBAL,RNWHYDINDSO,2049,0.4440598761167998
GLOBAL,RNWHYDINDSO,2050,0.4440598761167999
GLOBAL,RNWHYDINDWE,2023,0.1023315312715199
GLOBAL,RNWHYDINDWE,2024,0.1080913987627199
GLOBAL,RNWHYDINDWE,2025,0.1143929982844799
GLOBAL,RNWHYDINDWE,2026,0.13899549837024
GLOBAL,RNWHYDINDWE,2027,0.14584771077552
GLOBAL,RNWHYDINDWE,2028,0.1778822160955199
GLOBAL,RNWHYDINDWE,2029,0.18664634927376
GLOBAL,RNWHYDINDWE,2030,0.19164626949024
GLOBAL,RNWHYDINDWE,2031,0.19643431792896
GLOBAL,RNWHYDINDWE,2032,0.20366206354512
GLOBAL,RNWHYDINDWE,2033,0.21088980916128
GLOBAL,RNWHYDINDWE,2034,0.21811755477744
GLOBAL,RNWHYDINDWE,2035,0.2253453003936
GLOBAL,RNWHYDINDWE,2036,0.2304016687376749
GLOBAL,RNWHYDINDWE,2037,0.21026465486546
GLOBAL,RNWHYDINDWE,2038,0.2195496438383015
GLOBAL,RNWHYDINDWE,2039,0.2288258980238804
GLOBAL,RNWHYDINDWE,2040,0.2381108870199564
GLOBAL,RNWHYDINDWE,2041,0.2473958759565019
GLOBAL,RNWHYDINDWE,2042,0.2578168913958626
GLOBAL,RNWHYDINDWE,2043,0.2686538199593865
GLOBAL,RNWHYDINDWE,2044,0.2799226705930583
GLOBAL,RNWHYDINDWE,2045,0.2916388662728924
GLOBAL,RNWHYDINDWE,2046,0.303820277826402
GLOBAL,RNWHYDINDWE,2047,0.3164955900961233
GLOBAL,RNWHYDINDWE,2048,0.3330771347428864
GLOBAL,RNWHYDINDWE,2049,0.3477504028968005
GLOBAL,RNWHYDINDWE,2050,0.3527319353687805
GLOBAL,RNWHYDLKAXX,2023,0.0303926655387113
GLOBAL,RNWHYDLKAXX,2024,0.0328840162495391
GLOBAL,RNWHYDLKAXX,2025,0.0370731164109814
GLOBAL,RNWHYDLKAXX,2026,0.039795753147955
GLOBAL,RNWHYDLKAXX,2027,0.0368882737460605
GLOBAL,RNWHYDLKAXX,2028,0.04690238904
GLOBAL,RNWHYDLKAXX,2029,0.04740002712
GLOBAL,RNWHYDLKAXX,2030,0.0478976652
GLOBAL,RNWHYDLKAXX,2031,0.04839530328
GLOBAL,RNWHYDLKAXX,2032,0.04839530328
GLOBAL,RNWHYDLKAXX,2033,0.04839530328
GLOBAL,RNWHYDLKAXX,2034,0.06332444568
GLOBAL,RNWHYDLKAXX,2035,0.06332444568
GLOBAL,RNWHYDLKAXX,2036,0.06332444568
GLOBAL,RNWHYDLKAXX,2037,0.06332444568
GLOBAL,RNWHYDLKAXX,2038,0.06332444568
GLOBAL,RNWHYDLKAXX,2039,0.06332444568
GLOBAL,RNWHYDLKAXX,2040,0.06332444568
GLOBAL,RNWHYDLKAXX,2041,0.06332444568
GLOBAL,RNWHYDLKAXX,2042,0.06332444568
GLOBAL,RNWHYDLKAXX,2043,0.06332444568
GLOBAL,RNWHYDLKAXX,2044,0.06332444568
GLOBAL,RNWHYDLKAXX,2045,0.06332444568
GLOBAL,RNWHYDLKAXX,2046,0.06332444568
GLOBAL,RNWHYDLKAXX,2047,0.06332444568
GLOBAL,RNWHYDLKAXX,2048,0.06332444568
GLOBAL,RNWHYDLKAXX,2049,0.06332444568
GLOBAL,RNWHYDLKAXX,2050,0.06332444568
GLOBAL,RNWHYDNPLXX,2023,0.0642861359999999
GLOBAL,RNWHYDNPLXX,2024,0.069481408176
GLOBAL,RNWHYDNPLXX,2025,0.082362445056
GLOBAL,RNWHYDNPLXX,2026,0.0881362924559999
GLOBAL,RNWHYDNPLXX,2027,0.0942339515039999
GLOBAL,RNWHYDNPLXX,2028,0.1011625683839999
GLOBAL,RNWHYDNPLXX,2029,0.108736427592
GLOBAL,RNWHYDNPLXX,2030,0.1169317194479999
GLOBAL,RNWHYDNPLXX,2031,0.1258008252479999
GLOBAL,RNWHYDNPLXX,2032,0.135400888224
GLOBAL,RNWHYDNPLXX,2033,0.1457890516079999
GLOBAL,RNWHYDNPLXX,2034,0.1520700451919999
GLOBAL,RNWHYDNPLXX,2035,0.1583510387759999
GLOBAL,RNWHYDNPLXX,2036,0.1646320323599999
GLOBAL,RNWHYDNPLXX,2037,0.1709130259439999
GLOBAL,RNWHYDNPLXX,2038,0.1771940195279999
GLOBAL,RNWHYDNPLXX,2039,0.1834750131119999
GLOBAL,RNWHYDNPLXX,2040,0.1897560066959999
GLOBAL,RNWHYDNPLXX,2041,0.1960370002799999
GLOBAL,RNWHYDNPLXX,2042,0.2023179938639999
GLOBAL,RNWHYDNPLXX,2043,0.2085989874479998
GLOBAL,RNWHYDNPLXX,2044,0.2148799810319998
GLOBAL,RNWHYDNPLXX,2045,0.2211609746159998
GLOBAL,RNWHYDNPLXX,2046,0.2274419681999998
GLOBAL,RNWHYDNPLXX,2047,0.2337229617839998
GLOBAL,RNWHYDNPLXX,2048,0.2400039553679997
GLOBAL,RNWHYDNPLXX,2049,0.2462849489519997
GLOBAL,RNWHYDNPLXX,2050,0.2525659425359997
GLOBAL,RNWSPVBGDXX,2023,0.0077726810736
GLOBAL,RNWSPVBGDXX,2024,0.0083158634448
GLOBAL,RNWSPVBGDXX,2025,0.0486122356396799
GLOBAL,RNWSPVBGDXX,2026,0.04923172220112
GLOBAL,RNWSPVBGDXX,2027,0.04989259408608
GLOBAL,RNWSPVBGDXX,2028,0.0505987311686399
GLOBAL,RNWSPVBGDXX,2029,0.0513527200315199
GLOBAL,RNWSPVBGDXX,2030,0.05215714725744
GLOBAL,RNWSPVBGDXX,2031,0.05283612522144
GLOBAL,RNWSPVBGDXX,2032,0.05355131534352
GLOBAL,RNWSPVBGDXX,2033,0.05430401091504
GLOBAL,RNWSPVBGDXX,2034,0.0550980918100799
GLOBAL,RNWSPVBGDXX,2035,0.05593355802864
GLOBAL,RNWSPVBGDXX,2036,0.0568142894448
GLOBAL,RNWSPVBGDXX,2037,0.05774287264128
GLOBAL,RNWSPVBGDXX,2038,0.05872060090944
GLOBAL,RNWSPVBGDXX,2039,0.059750060832
GLOBAL,RNWSPVBGDXX,2040,0.06083513228304
GLOBAL,RNWSPVBGDXX,2041,0.06197840184528
GLOBAL,RNWSPVBGDXX,2042,0.0629380240343999
GLOBAL,RNWSPVBGDXX,2043,0.06393903154704
GLOBAL,RNWSPVBGDXX,2044,0.06498271767456
GLOBAL,RNWSPVBGDXX,2045,0.06607037570832
GLOBAL,RNWSPVBGDXX,2046,0.06720459223104
GLOBAL,RNWSPVBGDXX,2047,0.0683866605340799
GLOBAL,RNWSPVBGDXX,2048,0.0696191672001599
GLOBAL,RNWSPVBGDXX,2049,0.0703615164407999
GLOBAL,RNWSPVBGDXX,2050,0.03140499409488
GLOBAL,RNWSPVBTNXX,2024,1.6461792000000002e-06
GLOBAL,RNWSPVBTNXX,2025,4.9385376e-06
GLOBAL,RNWSPVBTNXX,2026,8.230896e-06
GLOBAL,RNWSPVBTNXX,2027,1.15232544e-05
GLOBAL,RNWSPVBTNXX,2028,1.4815612800000002e-05
GLOBAL,RNWSPVBTNXX,2029,1.81079712e-05
GLOBAL,RNWSPVBTNXX,2030,0.0008494284671999
GLOBAL,RNWSPVBTNXX,2031,0.0008527208255999
GLOBAL,RNWSPVBTNXX,2032,0.0008560131839999
GLOBAL,RNWSPVBTNXX,2033,0.0008609517215999
GLOBAL,RNWSPVBTNXX,2034,0.0008658902591999
GLOBAL,RNWSPVBTNXX,2035,0.0008708287967999
GLOBAL,RNWSPVBTNXX,2036,0.0008757673343999
GLOBAL,RNWSPVBTNXX,2037,0.0008807058719999
GLOBAL,RNWSPVBTNXX,2038,0.0008872905887999
GLOBAL,RNWSPVBTNXX,2039,0.0008938753055999
GLOBAL,RNWSPVBTNXX,2040,0.0009004600223999
GLOBAL,RNWSPVBTNXX,2041,0.0009086909183999
GLOBAL,RNWSPVBTNXX,2042,0.0009169218143999
GLOBAL,RNWSPVBTNXX,2043,0.0009251527103999
GLOBAL,RNWSPVBTNXX,2044,0.0009350297855999
GLOBAL,RNWSPVBTNXX,2045,0.0009449068607999
GLOBAL,RNWSPVBTNXX,2046,0.0009547839359999
GLOBAL,RNWSPVBTNXX,2047,0.0009663071903999
GLOBAL,RNWSPVBTNXX,2048,0.0009778304447999
GLOBAL,RNWSPVBTNXX,2049,0.0009893536991999
GLOBAL,RNWSPVBTNXX,2050,0.0009992307743999
GLOBAL,RNWSPVINDEA,2023,0.01386455452704
GLOBAL,RNWSPVINDEA,2024,0.01469592232704
GLOBAL,RNWSPVINDEA,2025,0.0195058838707199
GLOBAL,RNWSPVINDEA,2026,0.0204716007071999
GLOBAL,RNWSPVINDEA,2027,0.021815091072
GLOBAL,RNWSPVINDEA,2028,0.02288722298688
GLOBAL,RNWSPVINDEA,2029,0.02417883600096
GLOBAL,RNWSPVINDEA,2030,0.0250820339788799
GLOBAL,RNWSPVINDEA,2031,0.0259586281872
GLOBAL,RNWSPVINDEA,2032,0.02716111857312
GLOBAL,RNWSPVINDEA,2033,0.02836360895904
GLOBAL,RNWSPVINDEA,2034,0.02956609934496
GLOBAL,RNWSPVINDEA,2035,0.03076858973088
GLOBAL,RNWSPVINDEA,2036,0.0319710801168
GLOBAL,RNWSPVINDEA,2037,0.03333053274336
GLOBAL,RNWSPVINDEA,2038,0.03468998536992
GLOBAL,RNWSPVINDEA,2039,0.03604943799648
GLOBAL,RNWSPVINDEA,2040,0.03740889062304
GLOBAL,RNWSPVINDEA,2041,0.0387683432496
GLOBAL,RNWSPVINDEA,2042,0.0403180128288
GLOBAL,RNWSPVINDEA,2043,0.04193951258592
GLOBAL,RNWSPVINDEA,2044,0.04363417270944
GLOBAL,RNWSPVINDEA,2045,0.0454059837648
GLOBAL,RNWSPVINDEA,2046,0.04725893631744
GLOBAL,RNWSPVINDEA,2047,0.04919569074432
GLOBAL,RNWSPVINDEA,2048,0.05021195474304
GLOBAL,RNWSPVINDEA,2049,0.0514982470032
GLOBAL,RNWSPVINDEA,2050,0.0489017190902399
GLOBAL,RNWSPVINDNE,2023,0.00295856308512
GLOBAL,RNWSPVINDNE,2024,0.0031324412361599
GLOBAL,RNWSPVINDNE,2025,0.0047289588047999
GLOBAL,RNWSPVINDNE,2026,0.0049304993889599
GLOBAL,RNWSPVINDNE,2027,0.00513335723184
GLOBAL,RNWSPVINDNE,2028,0.00534675314448
GLOBAL,RNWSPVINDNE,2029,0.00558122519664
GLOBAL,RNWSPVINDNE,2030,0.00580384192032
GLOBAL,RNWSPVINDNE,2031,0.0060225068678399
GLOBAL,RNWSPVINDNE,2032,0.0062833240944
GLOBAL,RNWSPVINDNE,2033,0.00654414132096
GLOBAL,RNWSPVINDNE,2034,0.00680495854752
GLOBAL,RNWSPVINDNE,2035,0.00706577577408
GLOBAL,RNWSPVINDNE,2036,0.00732659300064
GLOBAL,RNWSPVINDNE,2037,0.0076335142824
GLOBAL,RNWSPVINDNE,2038,0.00794043556416
GLOBAL,RNWSPVINDNE,2039,0.00824735684592
GLOBAL,RNWSPVINDNE,2040,0.00855427812768
GLOBAL,RNWSPVINDNE,2041,0.00886119940944
GLOBAL,RNWSPVINDNE,2042,0.00921159022896
GLOBAL,RNWSPVINDNE,2043,0.0095777881531199
GLOBAL,RNWSPVINDNE,2044,0.00996111044064
GLOBAL,RNWSPVINDNE,2045,0.01036155709152
GLOBAL,RNWSPVINDNE,2046,0.01078044536448
GLOBAL,RNWSPVINDNE,2047,0.0112190925182399
GLOBAL,RNWSPVINDNE,2048,0.01167881581152
GLOBAL,RNWSPVINDNE,2049,0.01198573709328
GLOBAL,RNWSPVINDNE,2050,0.01089241235568
GLOBAL,RNWSPVINDNO,2023,0.32864522306976
GLOBAL,RNWSPVINDNO,2024,0.34842313994544
GLOBAL,RNWSPVINDNO,2025,0.4834417408934399
GLOBAL,RNWSPVINDNO,2026,0.74976011612352
GLOBAL,RNWSPVINDNO,2027,0.9108720547516787
GLOBAL,RNWSPVINDNO,2028,0.9359261822088
GLOBAL,RNWSPVINDNO,2029,0.96521587860528
GLOBAL,RNWSPVINDNO,2030,1.0769567431247995
GLOBAL,RNWSPVINDNO,2031,1.0994371791479989
GLOBAL,RNWSPVINDNO,2032,1.1258654688835186
GLOBAL,RNWSPVINDNO,2033,1.1522937586190398
GLOBAL,RNWSPVINDNO,2034,1.1787220483545595
GLOBAL,RNWSPVINDNO,2035,1.2893349546705588
GLOBAL,RNWSPVINDNO,2036,1.3157632444060796
GLOBAL,RNWSPVINDNO,2037,1.3445032758911997
GLOBAL,RNWSPVINDNO,2038,1.3732433073763195
GLOBAL,RNWSPVINDNO,2039,1.4019833388614396
GLOBAL,RNWSPVINDNO,2040,1.4294379560486397
GLOBAL,RNWSPVINDNO,2041,1.4581293192863996
GLOBAL,RNWSPVINDNO,2042,1.4903634446481595
GLOBAL,RNWSPVINDNO,2043,1.5239216326219196
GLOBAL,RNWSPVINDNO,2044,1.5584102429716795
GLOBAL,RNWSPVINDNO,2045,1.5936145628414395
GLOBAL,RNWSPVINDNO,2046,1.6313396116406396
GLOBAL,RNWSPVINDNO,2047,1.6705876902983996
GLOBAL,RNWSPVINDNO,2048,1.7086305141244795
GLOBAL,RNWSPVINDNO,2049,1.7313313886798394
GLOBAL,RNWSPVINDNO,2050,1.6405064191727998
GLOBAL,RNWSPVINDSO,2023,0.372167436672
GLOBAL,RNWSPVINDSO,2024,0.3945424935744
GLOBAL,RNWSPVINDSO,2025,0.4183004450735999
GLOBAL,RNWSPVINDSO,2026,0.4467134507615999
GLOBAL,RNWSPVINDSO,2027,0.4731764862312
GLOBAL,RNWSPVINDSO,2028,0.5007410994095999
GLOBAL,RNWSPVINDSO,2029,0.5326676049672
GLOBAL,RNWSPVINDSO,2030,0.5573849951159999
GLOBAL,RNWSPVINDSO,2031,0.5814746044199998
GLOBAL,RNWSPVINDSO,2032,0.6104147091191999
GLOBAL,RNWSPVINDSO,2033,0.6393548138183998
GLOBAL,RNWSPVINDSO,2034,0.6682949185175999
GLOBAL,RNWSPVINDSO,2035,0.6972350232167998
GLOBAL,RNWSPVINDSO,2036,0.7261751279159998
GLOBAL,RNWSPVINDSO,2037,0.7571155437503999
GLOBAL,RNWSPVINDSO,2038,0.7880559595847999
GLOBAL,RNWSPVINDSO,2039,0.8189963754191999
GLOBAL,RNWSPVINDSO,2040,0.8492038867296
GLOBAL,RNWSPVINDSO,2041,0.8801176514903998
GLOBAL,RNWSPVINDSO,2042,0.9147255511752
GLOBAL,RNWSPVINDSO,2043,0.9506778494616
GLOBAL,RNWSPVINDSO,2044,0.9880248872664
GLOBAL,RNWSPVINDSO,2045,1.0268229279672
GLOBAL,RNWSPVINDSO,2046,1.0671282349416
GLOBAL,RNWSPVINDSO,2047,1.1089985521824002
GLOBAL,RNWSPVINDSO,2048,1.1509991635608
GLOBAL,RNWSPVINDSO,2049,1.173809521332
GLOBAL,RNWSPVINDSO,2050,1.1969929941336002
GLOBAL,RNWSPVINDWE,2023,0.2606656077792
GLOBAL,RNWSPVINDWE,2024,0.32209712335008
GLOBAL,RNWSPVINDWE,2025,0.4007075198255999
GLOBAL,RNWSPVINDWE,2026,0.5436665181791999
GLOBAL,RNWSPVINDWE,2027,0.6231128558054398
GLOBAL,RNWSPVINDWE,2028,0.66049074527904
GLOBAL,RNWSPVINDWE,2029,0.68463435115296
GLOBAL,RNWSPVINDWE,2030,0.69840706212576
GLOBAL,RNWSPVINDWE,2031,0.7115963558371201
GLOBAL,RNWSPVINDWE,2032,0.7315080096355201
GLOBAL,RNWSPVINDWE,2033,0.7514196634339201
GLOBAL,RNWSPVINDWE,2034,0.7713313172323201
GLOBAL,RNWSPVINDWE,2035,0.7912429710307202
GLOBAL,RNWSPVINDWE,2036,0.8111546248291159
GLOBAL,RNWSPVINDWE,2037,0.8331213006230402
GLOBAL,RNWSPVINDWE,2038,0.8550879764169603
GLOBAL,RNWSPVINDWE,2039,0.8770546522108803
GLOBAL,RNWSPVINDWE,2040,0.8990213280048002
GLOBAL,RNWSPVINDWE,2041,0.9209880037987201
GLOBAL,RNWSPVINDWE,2042,0.9456439138848
GLOBAL,RNWSPVINDWE,2043,0.97127944250688
GLOBAL,RNWSPVINDWE,2044,0.9979337744064
GLOBAL,RNWSPVINDWE,2045,1.0256489968982403
GLOBAL,RNWSPVINDWE,2046,1.0544657460105602
GLOBAL,RNWSPVINDWE,2047,1.0844290116316802
GLOBAL,RNWSPVINDWE,2048,1.1132675300448005
GLOBAL,RNWSPVINDWE,2049,1.0842287340643204
GLOBAL,RNWSPVINDWE,2050,1.0392997997865605
GLOBAL,RNWSPVLKAXX,2023,0.0122414962608
GLOBAL,RNWSPVLKAXX,2024,0.0132239183472
GLOBAL,RNWSPVLKAXX,2025,0.0158350928399999
GLOBAL,RNWSPVLKAXX,2026,0.0219713528980799
GLOBAL,RNWSPVLKAXX,2027,0.02849928913008
GLOBAL,RNWSPVLKAXX,2028,0.03502722536208
GLOBAL,RNWSPVLKAXX,2029,0.04638583440576
GLOBAL,RNWSPVLKAXX,2030,0.05226097701456
GLOBAL,RNWSPVLKAXX,2031,0.05813611962336
GLOBAL,RNWSPVLKAXX,2032,0.06270567498576
GLOBAL,RNWSPVLKAXX,2033,0.06366353652
GLOBAL,RNWSPVLKAXX,2034,0.0682330918824
GLOBAL,RNWSPVLKAXX,2035,0.0728026472448
GLOBAL,RNWSPVLKAXX,2036,0.0773722026072
GLOBAL,RNWSPVLKAXX,2037,0.07860798617904
GLOBAL,RNWSPVLKAXX,2038,0.08383033516464
GLOBAL,RNWSPVLKAXX,2039,0.08905268415024
GLOBAL,RNWSPVLKAXX,2040,0.09046556222976
GLOBAL,RNWSPVLKAXX,2041,0.09195082930512
GLOBAL,RNWSPVLKAXX,2042,0.0934529009688
GLOBAL,RNWSPVLKAXX,2043,0.09499375245168
GLOBAL,RNWSPVLKAXX,2044,0.10086889506048
GLOBAL,RNWSPVLKAXX,2045,0.10243172177424
GLOBAL,RNWSPVLKAXX,2046,0.10400876775504
GLOBAL,RNWSPVLKAXX,2047,0.10561295960928
GLOBAL,RNWSPVLKAXX,2048,0.10717578632304
GLOBAL,RNWSPVLKAXX,2049,0.10779755609088
GLOBAL,RNWSPVLKAXX,2050,0.1068513285024
GLOBAL,RNWSPVMDVXX,2023,0.0004452630912
GLOBAL,RNWSPVMDVXX,2024,0.0005307054681599
GLOBAL,RNWSPVMDVXX,2025,0.0009157978713599
GLOBAL,RNWSPVMDVXX,2026,0.00134902682496
GLOBAL,RNWSPVMDVXX,2027,0.00134902682496
GLOBAL,RNWSPVMDVXX,2028,0.00462231225216
GLOBAL,RNWSPVMDVXX,2029,0.00462231225216
GLOBAL,RNWSPVMDVXX,2030,0.0046223122521599
GLOBAL,RNWSPVMDVXX,2031,0.0046223122521599
GLOBAL,RNWSPVMDVXX,2032,0.0046223122521599
GLOBAL,RNWSPVMDVXX,2033,0.00462231225216
GLOBAL,RNWSPVMDVXX,2034,0.0046223122521599
GLOBAL,RNWSPVMDVXX,2035,0.0046223122521599
GLOBAL,RNWSPVMDVXX,2036,0.00462231225216
GLOBAL,RNWSPVMDVXX,2037,0.0046223122521599
GLOBAL,RNWSPVMDVXX,2038,0.00462231225216
GLOBAL,RNWSPVMDVXX,2039,0.0046223122521599
GLOBAL,RNWSPVMDVXX,2040,0.00462231225216
GLOBAL,RNWSPVMDVXX,2041,0.0046572112511999
GLOBAL,RNWSPVMDVXX,2042,0.004693313664
GLOBAL,RNWSPVMDVXX,2043,0.0047306194905599
GLOBAL,RNWSPVMDVXX,2044,0.00476912873088
GLOBAL,RNWSPVMDVXX,2045,0.0048088413849599
GLOBAL,RNWSPVMDVXX,2046,0.00484253697024
GLOBAL,RNWSPVMDVXX,2047,0.0048774359692799
GLOBAL,RNWSPVMDVXX,2048,0.00491233496832
GLOBAL,RNWSPVMDVXX,2049,0.0048629950041599
GLOBAL,RNWSPVMDVXX,2050,0.00451520842752
GLOBAL,RNWSPVNPLXX,2023,0.0009941723999999
GLOBAL,RNWSPVNPLXX,2024,0.001075235688
GLOBAL,RNWSPVNPLXX,2025,0.015905228904
GLOBAL,RNWSPVNPLXX,2026,0.0159939396719999
GLOBAL,RNWSPVNPLXX,2027,0.016088768424
GLOBAL,RNWSPVNPLXX,2028,0.016195833144
GLOBAL,RNWSPVNPLXX,2029,0.016313604336
GLOBAL,RNWSPVNPLXX,2030,0.0164405525039999
GLOBAL,RNWSPVNPLXX,2031,0.016578207144
GLOBAL,RNWSPVNPLXX,2032,0.016726568256
GLOBAL,RNWSPVNPLXX,2033,0.0168871653359999
GLOBAL,RNWSPVNPLXX,2034,0.01698505308
GLOBAL,RNWSPVNPLXX,2035,0.017082940824
GLOBAL,RNWSPVNPLXX,2036,0.017180828568
GLOBAL,RNWSPVNPLXX,2037,0.017278716312
GLOBAL,RNWSPVNPLXX,2038,0.017376604056
GLOBAL,RNWSPVNPLXX,2039,0.0174744918
GLOBAL,RNWSPVNPLXX,2040,0.017572379544
GLOBAL,RNWSPVNPLXX,2041,0.017670267288
GLOBAL,RNWSPVNPLXX,2042,0.017768155032
GLOBAL,RNWSPVNPLXX,2043,0.017866042776
GLOBAL,RNWSPVNPLXX,2044,0.01796393052
GLOBAL,RNWSPVNPLXX,2045,0.018061818264
GLOBAL,RNWSPVNPLXX,2046,0.018159706008
GLOBAL,RNWSPVNPLXX,2047,0.018257593752
GLOBAL,RNWSPVNPLXX,2048,0.018355481496
GLOBAL,RNWSPVNPLXX,2049,0.018372305952
GLOBAL,RNWSPVNPLXX,2050,0.0036402004799999
GLOBAL,RNWTRNBTNXX,2047,59.2073082257599
GLOBAL,RNWTRNBTNXX,2048,66.23111866573889
GLOBAL,RNWTRNBTNXX,2049,70.85775558792582
GLOBAL,RNWTRNBTNXX,2050,75.81805011680594
GLOBAL,RNWTRNINDNO,2023,740.8722318060757
GLOBAL,RNWTRNINDNO,2024,131.89362478604477
GLOBAL,RNWTRNINDNO,2025,462.2112709757913
GLOBAL,RNWTRNINDNO,2026,878.3239558524134
GLOBAL,RNWTRNINDNO,2027,558.1655686669037
GLOBAL,RNWTRNINDNO,2028,185.4844785470199
GLOBAL,RNWTRNINDNO,2029,197.7900868024264
GLOBAL,RNWTRNINDNO,2030,416.6941855496425
GLOBAL,RNWTRNINDNO,2031,151.8091586346145
GLOBAL,RNWTRNINDNO,2032,179.35000329822373
GLOBAL,RNWTRNINDNO,2033,179.70695219151827
GLOBAL,RNWTRNINDNO,2034,183.06405868459544
GLOBAL,RNWTRNINDNO,2035,425.834446538326
GLOBAL,RNWTRNINDNO,2036,179.4343696916073
GLOBAL,RNWTRNINDNO,2037,198.06041332691723
GLOBAL,RNWTRNINDNO,2038,199.07336203129503
GLOBAL,RNWTRNINDNO,2039,199.0549299146072
GLOBAL,RNWTRNINDNO,2040,184.6696158117145
GLOBAL,RNWTRNINDNO,2041,198.7408622055261
GLOBAL,RNWTRNINDNO,2042,223.18038114407528
GLOBAL,RNWTRNINDNO,2043,232.44826629463944
GLOBAL,RNWTRNINDNO,2044,237.3494533731564
GLOBAL,RNWTRNINDNO,2045,239.98276750674543
GLOBAL,RNWTRNINDNO,2046,261.30803237721
GLOBAL,RNWTRNINDNO,2047,271.8592457849443
GLOBAL,RNWTRNINDNO,2048,274.9337003504011
GLOBAL,RNWTRNINDNO,2049,230.4552849101455
GLOBAL,RNWTRNINDSO,2023,840.6159694192775
GLOBAL,RNWTRNINDSO,2024,139.90350184997754
GLOBAL,RNWTRNINDSO,2025,148.54793535967428
GLOBAL,RNWTRNINDSO,2026,178.29365186761646
GLOBAL,RNWTRNINDSO,2027,184.04863215683545
GLOBAL,RNWTRNINDSO,2028,174.5301808722674
GLOBAL,RNWTRNINDSO,2029,276.48657070254217
GLOBAL,RNWTRNINDSO,2030,154.54611996460417
GLOBAL,RNWTRNINDSO,2031,150.6282622626788
GLOBAL,RNWTRNINDSO,2032,181.3156629460605
GLOBAL,RNWTRNINDSO,2033,180.9447981971024
GLOBAL,RNWTRNINDSO,2034,180.6011865566037
GLOBAL,RNWTRNINDSO,2035,180.91754572917705
GLOBAL,RNWTRNINDSO,2036,180.97205097336
GLOBAL,RNWTRNINDSO,2037,193.4621740978056
GLOBAL,RNWTRNINDSO,2038,193.46217408588495
GLOBAL,RNWTRNINDSO,2039,193.6211189321844
GLOBAL,RNWTRNINDSO,2040,187.11487223172847
GLOBAL,RNWTRNINDSO,2041,193.42013983023048
GLOBAL,RNWTRNINDSO,2042,216.56302665778017
GLOBAL,RNWTRNINDSO,2043,224.9789245452531
GLOBAL,RNWTRNINDSO,2044,207.66731502317768
GLOBAL,RNWTRNINDSO,2045,214.85030799999976
GLOBAL,RNWTRNINDSO,2046,223.18414600001245
GLOBAL,RNWTRNINDSO,2047,231.8531409999876
GLOBAL,RNWTRNINDSO,2048,237.09818200002192
GLOBAL,RNWTRNINDSO,2049,126.19194899996398
GLOBAL,RNWTRNINDSO,2050,128.25545200001116
GLOBAL,RNWTRNINDWE,2023,206.9408715861587
GLOBAL,RNWTRNINDWE,2024,213.419129711074
GLOBAL,RNWTRNINDWE,2025,260.7780209671618
GLOBAL,RNWTRNINDWE,2026,458.4476535667692
GLOBAL,RNWTRNINDWE,2027,269.1180328012135
GLOBAL,RNWTRNINDWE,2028,220.2574495296525
GLOBAL,RNWTRNINDWE,2029,158.77031665816867
GLOBAL,RNWTRNINDWE,2030,90.57750339632305
GLOBAL,RNWTRNINDWE,2031,86.73618132194427
GLOBAL,RNWTRNINDWE,2032,131.2098128240532
GLOBAL,RNWTRNINDWE,2033,130.9411578128181
GLOBAL,RNWTRNINDWE,2034,130.90518204206373
GLOBAL,RNWTRNINDWE,2035,130.70847799946367
GLOBAL,RNWTRNINDWE,2036,139.35205794614126
GLOBAL,RNWTRNINDWE,2037,249.79924145162187
GLOBAL,RNWTRNINDWE,2038,139.53895199999948
GLOBAL,RNWTRNINDWE,2039,139.54089000000067
GLOBAL,RNWTRNINDWE,2040,139.53895199999948
GLOBAL,RNWTRNINDWE,2041,139.5389520000002
GLOBAL,RNWTRNINDWE,2042,156.63098059570189
GLOBAL,RNWTRNINDWE,2043,162.8460594042977
GLOBAL,RNWTRNINDWE,2044,169.3234920194037
GLOBAL,RNWTRNINDWE,2045,176.06246398059753
GLOBAL,RNWTRNINDWE,2046,183.06249459570125
GLOBAL,RNWTRNINDWE,2047,190.34147799999917
GLOBAL,RNWTRNINDWE,2048,179.57221728486024
GLOBAL,RNWWASINDEA,2024,1.2614400000000004e-05
GLOBAL,RNWWASINDEA,2025,2.52288e-05
GLOBAL,RNWWASINDEA,2026,3.784319999999999e-05
GLOBAL,RNWWASINDEA,2027,5.3611200000000006e-05
GLOBAL,RNWWASINDEA,2028,6.937919999999996e-05
GLOBAL,RNWWASINDEA,2029,8.830080000000002e-05
GLOBAL,RNWWASINDEA,2030,0.0001009152
GLOBAL,RNWWASINDEA,2031,0.0001135295999999
GLOBAL,RNWWASINDEA,2032,0.0001292976
GLOBAL,RNWWASINDEA,2033,0.0001450656
GLOBAL,RNWWASINDEA,2034,0.0001608336
GLOBAL,RNWWASINDEA,2035,0.0001766016
GLOBAL,RNWWASINDEA,2036,0.0001923696
GLOBAL,RNWWASINDEA,2037,0.0002112912
GLOBAL,RNWWASINDEA,2038,0.0002302128
GLOBAL,RNWWASINDEA,2039,0.0002491344
GLOBAL,RNWWASINDEA,2040,0.000268056
GLOBAL,RNWWASINDEA,2041,0.0002869776
GLOBAL,RNWWASINDEA,2042,0.0003090528
GLOBAL,RNWWASINDEA,2043,0.000331128
GLOBAL,RNWWASINDEA,2044,0.0003563568
GLOBAL,RNWWASINDEA,2045,0.0003815856
GLOBAL,RNWWASINDEA,2046,0.0004068144
GLOBAL,RNWWASINDEA,2047,0.0004351968
GLOBAL,RNWWASINDEA,2048,0.0004635792
GLOBAL,RNWWASINDEA,2049,0.0004825008
GLOBAL,RNWWASINDEA,2050,0.0005014224
GLOBAL,RNWWASINDNO,2024,0.0004635792
GLOBAL,RNWWASINDNO,2025,0.0009523872
GLOBAL,RNWWASINDNO,2026,0.0014758848
GLOBAL,RNWWASINDNO,2027,0.002034072
GLOBAL,RNWWASINDNO,2028,0.0026206416
GLOBAL,RNWWASINDNO,2029,0.0033049728
GLOBAL,RNWWASINDNO,2030,0.0038253167999999
GLOBAL,RNWWASINDNO,2031,0.004351968
GLOBAL,RNWWASINDNO,2032,0.0049700736
GLOBAL,RNWWASINDNO,2033,0.0055881791999999
GLOBAL,RNWWASINDNO,2034,0.0062062847999999
GLOBAL,RNWWASINDNO,2035,0.0068243903999999
GLOBAL,RNWWASINDNO,2036,0.0074424959999999
GLOBAL,RNWWASINDNO,2037,0.0081142127999999
GLOBAL,RNWWASINDNO,2038,0.0087859295999999
GLOBAL,RNWWASINDNO,2039,0.0094576464
GLOBAL,RNWWASINDNO,2040,0.0100978271999999
GLOBAL,RNWWASINDNO,2041,0.010769544
GLOBAL,RNWWASINDNO,2042,0.0115232543999999
GLOBAL,RNWWASINDNO,2043,0.0123085007999999
GLOBAL,RNWWASINDNO,2044,0.0131158223999999
GLOBAL,RNWWASINDNO,2045,0.0139389119999999
GLOBAL,RNWWASINDNO,2046,0.0148187663999999
GLOBAL,RNWWASINDNO,2047,0.0157364639999999
GLOBAL,RNWWASINDNO,2048,0.0166888512
GLOBAL,RNWWASINDNO,2049,0.0172186559999999
GLOBAL,RNWWASINDNO,2050,0.0177610752
GLOBAL,RNWWASINDSO,2024,0.0003595104
GLOBAL,RNWWASINDSO,2025,0.000741096
GLOBAL,RNWWASINDSO,2026,0.0011605247999999
GLOBAL,RNWWASINDSO,2027,0.0015862607999999
GLOBAL,RNWWASINDSO,2028,0.0020277648
GLOBAL,RNWWASINDSO,2029,0.0025418016
GLOBAL,RNWWASINDSO,2030,0.0029391552
GLOBAL,RNWWASINDSO,2031,0.003327048
GLOBAL,RNWWASINDSO,2032,0.0037906272
GLOBAL,RNWWASINDSO,2033,0.0042542064
GLOBAL,RNWWASINDSO,2034,0.0047177855999999
GLOBAL,RNWWASINDSO,2035,0.0051813648
GLOBAL,RNWWASINDSO,2036,0.0056449439999999
GLOBAL,RNWWASINDSO,2037,0.0061432127999999
GLOBAL,RNWWASINDSO,2038,0.0066414815999999
GLOBAL,RNWWASINDSO,2039,0.0071397503999999
GLOBAL,RNWWASINDSO,2040,0.0076254048
GLOBAL,RNWWASINDSO,2041,0.00812052
GLOBAL,RNWWASINDSO,2042,0.0086755536
GLOBAL,RNWWASINDSO,2043,0.0092526624
GLOBAL,RNWWASINDSO,2044,0.0098518463999999
GLOBAL,RNWWASINDSO,2045,0.0104762591999999
GLOBAL,RNWWASINDSO,2046,0.0111227472
GLOBAL,RNWWASINDSO,2047,0.0117944639999999
GLOBAL,RNWWASINDSO,2048,0.0124945631999999
GLOBAL,RNWWASINDSO,2049,0.0128603807999999
GLOBAL,RNWWASINDSO,2050,0.0132325056
GLOBAL,RNWWASINDWE,2024,0.0002302128
GLOBAL,RNWWASINDWE,2025,0.0004793472
GLOBAL,RNWWASINDWE,2026,0.0007600176
GLOBAL,RNWWASINDWE,2027,0.0010312272
GLOBAL,RNWWASINDWE,2028,0.0013118976
GLOBAL,RNWWASINDWE,2029,0.0016587936
GLOBAL,RNWWASINDWE,2030,0.0018574704
GLOBAL,RNWWASINDWE,2031,0.0020466864
GLOBAL,RNWWASINDWE,2032,0.002333664
GLOBAL,RNWWASINDWE,2033,0.0026206416
GLOBAL,RNWWASINDWE,2034,0.0029076192
GLOBAL,RNWWASINDWE,2035,0.0031945968
GLOBAL,RNWWASINDWE,2036,0.0034815744
GLOBAL,RNWWASINDWE,2037,0.0037969344
GLOBAL,RNWWASINDWE,2038,0.0041122944
GLOBAL,RNWWASINDWE,2039,0.0044276544
GLOBAL,RNWWASINDWE,2040,0.0047430144
GLOBAL,RNWWASINDWE,2041,0.0050583744
GLOBAL,RNWWASINDWE,2042,0.0054147312
GLOBAL,RNWWASINDWE,2043,0.0057837024
GLOBAL,RNWWASINDWE,2044,0.0061684416
GLOBAL,RNWWASINDWE,2045,0.0065689488
GLOBAL,RNWWASINDWE,2046,0.006985224
GLOBAL,RNWWASINDWE,2047,0.0074172672
GLOBAL,RNWWASINDWE,2048,0.0078650784
GLOBAL,RNWWASINDWE,2049,0.0081015984
GLOBAL,RNWWASINDWE,2050,0.0083381184
GLOBAL,RNWWASLKAXX,2024,2.52288e-05
GLOBAL,RNWWASLKAXX,2025,4.415040000000001e-05
GLOBAL,RNWWASLKAXX,2026,6.307199999999998e-05
GLOBAL,RNWWASLKAXX,2027,8.19936e-05
GLOBAL,RNWWASLKAXX,2028,0.0001040687999999
GLOBAL,RNWWASLKAXX,2029,0.000126144
GLOBAL,RNWWASLKAXX,2030,0.0001513728
GLOBAL,RNWWASLKAXX,2031,0.000173448
GLOBAL,RNWWASLKAXX,2032,0.0001986768
GLOBAL,RNWWASLKAXX,2033,0.0002239055999999
GLOBAL,RNWWASLKAXX,2034,0.0002491344
GLOBAL,RNWWASLKAXX,2035,0.0002775168
GLOBAL,RNWWASLKAXX,2036,0.0003058992
GLOBAL,RNWWASLKAXX,2037,0.0003374351999999
GLOBAL,RNWWASLKAXX,2038,0.0003721248
GLOBAL,RNWWASLKAXX,2039,0.0004068144
GLOBAL,RNWWASLKAXX,2040,0.0004446576
GLOBAL,RNWWASLKAXX,2041,0.0004825008
GLOBAL,RNWWASLKAXX,2042,0.000520344
GLOBAL,RNWWASLKAXX,2043,0.0005613408
GLOBAL,RNWWASLKAXX,2044,0.0006023376
GLOBAL,RNWWASLKAXX,2045,0.0006433344
GLOBAL,RNWWASLKAXX,2046,0.0006843312
GLOBAL,RNWWASLKAXX,2047,0.000725328
GLOBAL,RNWWASLKAXX,2048,0.0007663248
GLOBAL,RNWWASLKAXX,2049,0.0007820927999999
GLOBAL,RNWWASLKAXX,2050,0.0008073216
GLOBAL,RNWWONBGDXX,2024,6.113695104000001e-05
GLOBAL,RNWWONBGDXX,2025,0.00012644233056
GLOBAL,RNWWONBGDXX,2026,0.00019591613856
GLOBAL,RNWWONBGDXX,2027,0.0002709478512
GLOBAL,RNWWONBGDXX,2028,0.00035014799232
GLOBAL,RNWWONBGDXX,2029,0.00043490603808
GLOBAL,RNWWONBGDXX,2030,0.0005252219884799
GLOBAL,RNWWONBGDXX,2031,0.00060164317728
GLOBAL,RNWWONBGDXX,2032,0.00068223279456
GLOBAL,RNWWONBGDXX,2033,0.00076699084032
GLOBAL,RNWWONBGDXX,2034,0.00085591731456
GLOBAL,RNWWONBGDXX,2035,0.00366265915776
GLOBAL,RNWWONBGDXX,2036,0.00376131196512
GLOBAL,RNWWONBGDXX,2037,0.00386552267712
GLOBAL,RNWWONBGDXX,2038,0.00397529129376
GLOBAL,RNWWONBGDXX,2039,0.00409061781504
GLOBAL,RNWWONBGDXX,2040,0.0042128917171199
GLOBAL,RNWWONBGDXX,2041,0.0043421129999999
GLOBAL,RNWWONBGDXX,2042,0.0044504921404799
GLOBAL,RNWWONBGDXX,2043,0.00456303970944
GLOBAL,RNWWONBGDXX,2044,0.00468114518304
GLOBAL,RNWWONBGDXX,2045,0.00480341908512
GLOBAL,RNWWONBGDXX,2046,0.0049312508918399
GLOBAL,RNWWONBGDXX,2047,0.0050646406031999
GLOBAL,RNWWONBGDXX,2048,0.0052035882191999
GLOBAL,RNWWONBGDXX,2049,0.0052869567887999
GLOBAL,RNWWONBGDXX,2050,0.00537310431072
GLOBAL,RNWWONBTNXX,2045,1.5231888e-06
GLOBAL,RNWWONBTNXX,2046,3.0463776e-06
GLOBAL,RNWWONBTNXX,2047,4.5695664e-06
GLOBAL,RNWWONBTNXX,2048,6.600484799999999e-06
GLOBAL,RNWWONBTNXX,2049,8.631403199999998e-06
GLOBAL,RNWWONBTNXX,2050,1.06623216e-05
GLOBAL,RNWWONINDNO,2023,0.0704355519311999
GLOBAL,RNWWONINDNO,2024,0.0747105815519999
GLOBAL,RNWWONINDNO,2025,0.0792300936974399
GLOBAL,RNWWONINDNO,2026,0.0840828669379199
GLOBAL,RNWWONINDNO,2027,0.08923475566944
GLOBAL,RNWWONINDNO,2028,0.09465024846384
GLOBAL,RNWWONINDNO,2029,0.10098084344544
GLOBAL,RNWWONINDNO,2030,0.10579810525776
GLOBAL,RNWWONINDNO,2031,0.1106577076190399
GLOBAL,RNWWONINDNO,2032,0.11637095008032
GLOBAL,RNWWONINDNO,2033,0.12208282671744
GLOBAL,RNWWONINDNO,2034,0.12779606917872
GLOBAL,RNWWONINDNO,2035,0.13350794581584
GLOBAL,RNWWONINDNO,2036,0.13922118827712
GLOBAL,RNWWONINDNO,2037,0.1454329565568
GLOBAL,RNWWONINDNO,2038,0.15164472483648
GLOBAL,RNWWONINDNO,2039,0.15785649311616
GLOBAL,RNWWONINDNO,2040,0.16379099909136
GLOBAL,RNWWONINDNO,2041,0.16999320660192
GLOBAL,RNWWONINDNO,2042,0.17696027564208
GLOBAL,RNWWONINDNO,2043,0.18421416775584
GLOBAL,RNWWONINDNO,2044,0.19166883602112
GLOBAL,RNWWONINDNO,2045,0.19927784241648
GLOBAL,RNWWONINDNO,2046,0.20743181265168
GLOBAL,RNWWONINDNO,2047,0.21591494650944
GLOBAL,RNWWONINDNO,2048,0.22474090223136
GLOBAL,RNWWONINDNO,2049,0.22964830843824
GLOBAL,RNWWONINDNO,2050,0.23468137046784
GLOBAL,RNWWONINDSO,2023,0.3993458029142399
GLOBAL,RNWWONINDSO,2024,0.423451950012
GLOBAL,RNWWONINDSO,2025,0.4490475395515199
GLOBAL,RNWWONINDSO,2026,0.4772308061102399
GLOBAL,RNWWONINDSO,2027,0.50574007922256
GLOBAL,RNWWONINDSO,2028,0.53543723871456
GLOBAL,RNWWONINDSO,2029,0.5698329676603199
GLOBAL,RNWWONINDSO,2030,0.5964615904665598
GLOBAL,RNWWONINDSO,2031,0.6224157872150399
GLOBAL,RNWWONINDSO,2032,0.6535942389849599
GLOBAL,RNWWONINDSO,2033,0.6847726907548799
GLOBAL,RNWWONINDSO,2034,0.7159511425247999
GLOBAL,RNWWONINDSO,2035,0.7471295942947199
GLOBAL,RNWWONINDSO,2036,0.7783080460646399
GLOBAL,RNWWONINDSO,2037,0.81164221617024
GLOBAL,RNWWONINDSO,2038,0.84497638627584
GLOBAL,RNWWONINDSO,2039,0.87831055638144
GLOBAL,RNWWONINDSO,2040,0.91085416059456
GLOBAL,RNWWONINDSO,2041,0.94415980512672
GLOBAL,RNWWONINDSO,2042,0.98144476715376
GLOBAL,RNWWONINDSO,2043,1.0201784208033602
GLOBAL,RNWWONINDSO,2044,1.0604157796814402
GLOBAL,RNWWONINDSO,2045,1.1022159324758405
GLOBAL,RNWWONINDSO,2046,1.1456379678744002
GLOBAL,RNWWONINDSO,2047,1.1907470871878405
GLOBAL,RNWWONINDSO,2048,1.23760849172688
GLOBAL,RNWWONINDSO,2049,1.2621832732454403
GLOBAL,RNWWONINDSO,2050,1.2871594503331203
GLOBAL,RNWWONINDWE,2023,0.2789318960064
GLOBAL,RNWWONINDWE,2024,0.29606253061536
GLOBAL,RNWWONINDWE,2025,0.31480551544176
GLOBAL,RNWWONINDWE,2026,0.33593809399488
GLOBAL,RNWWONINDWE,2027,0.3563168870923199
GLOBAL,RNWWONINDWE,2028,0.37743069920256
GLOBAL,RNWWONINDWE,2029,0.40349728836288
GLOBAL,RNWWONINDWE,2030,0.41836813047504
GLOBAL,RNWWONINDWE,2031,0.4326087328804799
GLOBAL,RNWWONINDWE,2032,0.4541056931995199
GLOBAL,RNWWONINDWE,2033,0.4756026535185599
GLOBAL,RNWWONINDWE,2034,0.4970996138375999
GLOBAL,RNWWONINDWE,2035,0.5185965741566394
GLOBAL,RNWWONINDWE,2036,0.5400935344756792
GLOBAL,RNWWONINDWE,2037,0.5638096266652791
GLOBAL,RNWWONINDWE,2038,0.5875257188548799
GLOBAL,RNWWONINDWE,2039,0.6112433749147191
GLOBAL,RNWWONINDWE,2040,0.6349594671043198
GLOBAL,RNWWONINDWE,2041,0.6586755592939181
GLOBAL,RNWWONINDWE,2042,0.6852957585191997
GLOBAL,RNWWONINDWE,2043,0.7129731340267198
GLOBAL,RNWWONINDWE,2044,0.7417514741831998
GLOBAL,RNWWONINDWE,2045,0.7716745673553597
GLOBAL,RNWWONINDWE,2046,0.8027877657801593
GLOBAL,RNWWONINDWE,2047,0.8351379855647989
GLOBAL,RNWWONINDWE,2048,0.8687737066867179
GLOBAL,RNWWONINDWE,2049,0.8866174661251197
GLOBAL,RNWWONINDWE,2050,0.9042391559894398
GLOBAL,RNWWONLKAXX,2023,0.0053166668544
GLOBAL,RNWWONLKAXX,2024,0.00574361131392
GLOBAL,RNWWONLKAXX,2025,0.0060658335475199
GLOBAL,RNWWONLKAXX,2026,0.0089134725369599
GLOBAL,RNWWONLKAXX,2027,0.0237618758390399
GLOBAL,RNWWONLKAXX,2028,0.0278299315382399
GLOBAL,RNWWONLKAXX,2029,0.0308809733126399
GLOBAL,RNWWONLKAXX,2030,0.0386908346995199
GLOBAL,RNWWONLKAXX,2031,0.04479291824832
GLOBAL,RNWWONLKAXX,2032,0.0492677795174399
GLOBAL,RNWWONLKAXX,2033,0.0496846545321599
GLOBAL,RNWWONLKAXX,2034,0.05171868238176
GLOBAL,RNWWONLKAXX,2035,0.05375271023136
GLOBAL,RNWWONLKAXX,2036,0.0542581963603199
GLOBAL,RNWWONLKAXX,2037,0.0547959047126399
GLOBAL,RNWWONLKAXX,2038,0.0568299325622399
GLOBAL,RNWWONLKAXX,2039,0.0588639604118399
GLOBAL,RNWWONLKAXX,2040,0.05947819654464
GLOBAL,RNWWONLKAXX,2041,0.06012264101184
GLOBAL,RNWWONLKAXX,2042,0.0607751410348799
GLOBAL,RNWWONLKAXX,2043,0.0709452802828799
GLOBAL,RNWWONLKAXX,2044,0.07163604419616
GLOBAL,RNWWONLKAXX,2045,0.07231472477568
GLOBAL,RNWWONLKAXX,2046,0.07299944702208
GLOBAL,RNWWONLKAXX,2047,0.07369625260224
GLOBAL,RNWWONLKAXX,2048,0.07437493318176
GLOBAL,RNWWONLKAXX,2049,0.0746447943024
GLOBAL,RNWWONLKAXX,2050,0.07504555820544
GLOBAL,RNWWONMDVXX,2028,2.03344128e-05
GLOBAL,RNWWONMDVXX,2029,2.03344128e-05
GLOBAL,RNWWONMDVXX,2030,2.03344128e-05
GLOBAL,RNWWONMDVXX,2031,2.03344128e-05
GLOBAL,RNWWONMDVXX,2032,2.03344128e-05
GLOBAL,RNWWONMDVXX,2033,2.03344128e-05
GLOBAL,RNWWONMDVXX,2034,2.03344128e-05
GLOBAL,RNWWONMDVXX,2035,2.03344128e-05
GLOBAL,RNWWONMDVXX,2036,2.03344128e-05
GLOBAL,RNWWONMDVXX,2037,2.03344128e-05
GLOBAL,RNWWONMDVXX,2038,2.03344128e-05
GLOBAL,RNWWONMDVXX,2039,2.03344128e-05
GLOBAL,RNWWONMDVXX,2040,2.03344128e-05
GLOBAL,RNWWONMDVXX,2041,2.03344128e-05
GLOBAL,RNWWONMDVXX,2042,2.03344128e-05
GLOBAL,RNWWONMDVXX,2043,2.03344128e-05
GLOBAL,RNWWONMDVXX,2044,2.03344128e-05
GLOBAL,RNWWONMDVXX,2045,2.03344128e-05
GLOBAL,RNWWONMDVXX,2046,2.03344128e-05
GLOBAL,RNWWONMDVXX,2047,2.03344128e-05
GLOBAL,RNWWONMDVXX,2048,2.03344128e-05
GLOBAL,RNWWONMDVXX,2049,2.03344128e-05
GLOBAL,RNWWONMDVXX,2050,2.03344128e-05
GLOBAL,TRNBGDXXINDEA,2023,1747.4679039844243
GLOBAL,TRNBGDXXINDEA,2027,179.24829719533022
GLOBAL,TRNBGDXXINDEA,2028,373.4919214842111
GLOBAL,TRNBGDXXINDEA,2029,398.8345833771044
GLOBAL,TRNBGDXXINDEA,2030,229.93349645416853
GLOBAL,TRNBGDXXINDEA,2031,41.8795668697456
GLOBAL,TRNBGDXXINDEA,2032,14.729578739274087
GLOBAL,TRNBGDXXINDEA,2033,191.70447185421023
GLOBAL,TRNBGDXXINDEA,2034,388.6608274877791
GLOBAL,TRNBGDXXINDEA,2035,10.2623965382826
GLOBAL,TRNBGDXXINDEA,2036,370.2330070695476
GLOBAL,TRNBGDXXINDEA,2037,403.3148477348068
GLOBAL,TRNBGDXXINDEA,2038,420.8295021507185
GLOBAL,TRNBGDXXINDEA,2039,433.7607136965901
GLOBAL,TRNBGDXXINDEA,2040,457.0141650794633
GLOBAL,TRNBGDXXINDEA,2041,485.9851561997229
GLOBAL,TRNBGDXXINDEA,2042,395.3939701541356
GLOBAL,TRNBGDXXINDEA,2043,401.2593683325936
GLOBAL,TRNBGDXXINDEA,2044,427.88812910964793
GLOBAL,TRNBGDXXINDEA,2045,444.3674402594227
GLOBAL,TRNBGDXXINDEA,2046,448.2220992676103
GLOBAL,TRNBGDXXINDEA,2047,476.5620708359276
GLOBAL,TRNBGDXXINDEA,2048,497.8893819048399
GLOBAL,TRNBGDXXINDEA,2049,512.6210508291239
GLOBAL,TRNBGDXXINDEA,2050,725.2962959296389
GLOBAL,TRNBGDXXINDNE,2031,65.7184975405241
GLOBAL,TRNBGDXXINDNE,2032,360.3033029642416
GLOBAL,TRNBTNXXBGDXX,2030,346.5639270785732
GLOBAL,TRNBTNXXBGDXX,2031,52.9042508639751
GLOBAL,TRNBTNXXBGDXX,2032,84.89544176872403
GLOBAL,TRNBTNXXBGDXX,2033,73.67277780218612
GLOBAL,TRNBTNXXBGDXX,2034,76.20790034952651
GLOBAL,TRNBTNXXBGDXX,2035,950.3791110289549
GLOBAL,TRNBTNXXBGDXX,2036,90.25380790431647
GLOBAL,TRNBTNXXBGDXX,2037,96.52471144984132
GLOBAL,TRNBTNXXBGDXX,2038,103.33846985211426
GLOBAL,TRNBTNXXBGDXX,2039,107.93447705371162
GLOBAL,TRNBTNXXBGDXX,2040,112.03301260740383
GLOBAL,TRNBTNXXBGDXX,2041,105.56564719417506
GLOBAL,TRNBTNXXBGDXX,2042,114.83226841343176
GLOBAL,TRNBTNXXBGDXX,2043,144.8848581096276
GLOBAL,TRNBTNXXBGDXX,2044,154.98848851050616
GLOBAL,TRNBTNXXBGDXX,2045,165.89347958282065
GLOBAL,TRNBTNXXBGDXX,2046,207.5128320206772
GLOBAL,TRNBTNXXBGDXX,2047,195.7663692645406
GLOBAL,TRNBTNXXBGDXX,2048,205.68413423785924
GLOBAL,TRNBTNXXBGDXX,2049,220.03865597545013
GLOBAL,TRNBTNXXBGDXX,2050,235.443955240211
GLOBAL,TRNINDEAINDWE,2025,1106.2384
GLOBAL,TRNINDNOINDWE,2024,916.9808
GLOBAL,TRNINDNOINDWE,2026,4814.149200000001
GLOBAL,TRNINDNOINDWE,2028,2407.0746000000004
GLOBAL,TRNINDSOINDWE,2024,2087.2026
GLOBAL,TRNINDSOINDWE,2025,2087.2026
GLOBAL,TRNINDSOINDWE,2026,795.1248
GLOBAL,TRNINDSOLKAXX,2023,306.7468268750613
GLOBAL,TRNINDSOLKAXX,2030,253.922
GLOBAL,TRNINDSOLKAXX,2040,12.8496241525917
GLOBAL,TRNINDSOLKAXX,2041,91.01393016712552
GLOBAL,TRNINDSOLKAXX,2043,16.874941700678402
GLOBAL,TRNINDSOLKAXX,2044,16.7466410354683
GLOBAL,TRNINDSOLKAXX,2046,62.52222571573272
GLOBAL,TRNINDSOLKAXX,2047,100.2993493308836
GLOBAL,TRNINDSOLKAXX,2048,93.10852311293544
GLOBAL,TRNINDSOLKAXX,2049,103.16791476409036
GLOBAL,TRNINDSOLKAXX,2050,104.787434083356
GLOBAL,TRNLKAXXMDVXX,2023,120.49884971082643
GLOBAL,TRNLKAXXMDVXX,2024,1.2168091152197809
GLOBAL,TRNLKAXXMDVXX,2025,10.384226091836108
GLOBAL,TRNLKAXXMDVXX,2026,7.099458075478271
GLOBAL,TRNLKAXXMDVXX,2030,253.922
GLOBAL,TRNNLIBGDXX,2029,139.98394760605083
GLOBAL,TRNNLIBGDXX,2030,305.14468889616546
GLOBAL,TRNNLIBGDXX,2031,7.537724394737921
GLOBAL,TRNNLIBGDXX,2033,188.0608494135901
GLOBAL,TRNNLIBGDXX,2040,182.02999999999923
GLOBAL,TRNNLIBGDXX,2041,191.7700000000009
GLOBAL,TRNNLIBGDXX,2042,160.97000000000037
GLOBAL,TRNNLIBGDXX,2043,167.82999999999964
GLOBAL,TRNNLIBGDXX,2044,174.99
GLOBAL,TRNNLIBGDXX,2050,224.8399999999986
GLOBAL,TRNNLIINDEA,2023,1271.6764119198576
GLOBAL,TRNNLIINDEA,2024,58.94541367210877
GLOBAL,TRNNLIINDEA,2025,66.00000000000001
GLOBAL,TRNNLIINDEA,2026,225.99999999999983
GLOBAL,TRNNLIINDEA,2027,132.0
GLOBAL,TRNNLIINDEA,2028,292.00000000000017
GLOBAL,TRNNLIINDEA,2029,55.823188243316935
GLOBAL,TRNNLIINDEA,2030,240.00000000000088
GLOBAL,TRNNLIINDEA,2033,11.409999999999672
GLOBAL,TRNNLIINDEA,2039,391.9599999999989
GLOBAL,TRNNLIINDNO,2027,11.849999999999584
GLOBAL,TRNNLIINDNO,2028,12.460000000000504
GLOBAL,TRNNLIINDNO,2029,381.3999999999989
GLOBAL,TRNNLIINDNO,2030,440.4142509337793
GLOBAL,TRNNLIINDNO,2031,328.11582298047455
GLOBAL,TRNNLIINDNO,2035,317.5457398470712
GLOBAL,TRNNLIINDNO,2036,433.7400000000002
GLOBAL,TRNNLIINDNO,2037,517.9992266477939
GLOBAL,TRNNLIINDNO,2038,214.32594380127767
GLOBAL,TRNNLIINDNO,2039,518.7524935455845
GLOBAL,TRNNLIINDNO,2044,399.01993862458266
GLOBAL,TRNNLIINDNO,2045,577.7800000000012
GLOBAL,TRNNLIINDNO,2046,102.0897693930138
GLOBAL,TRNNLIINDNO,2047,644.1400000000009
GLOBAL,TRNNLIINDNO,2048,670.1299999999997
GLOBAL,TRNNLIINDNO,2049,697.1799999999987
GLOBAL,TRNNLIINDSO,2023,1078.038902016016
GLOBAL,TRNNLIINDSO,2028,507.089888198068
GLOBAL,TRNNLIINDSO,2029,16.341976281476533
GLOBAL,TRNNLIINDSO,2033,230.23833928597952
GLOBAL,TRNNLIINDSO,2034,313.55907771274724
GLOBAL,TRNNLIINDSO,2035,264.2337969022453
GLOBAL,TRNNLIINDSO,2048,214.7197957661945
GLOBAL,TRNNLIINDSO,2050,79.31751105462848
GLOBAL,TRNNLIINDWE,2024,479.8117050613404
GLOBAL,TRNNLIINDWE,2026,335.60941018650414
GLOBAL,TRNNLIINDWE,2028,390.93590540856695
GLOBAL,TRNNLIINDWE,2030,13.540000000001127
GLOBAL,TRNNLIINDWE,2031,340.8270595647206
GLOBAL,TRNNLIINDWE,2032,1005.1859197788668
GLOBAL,TRNNPLXXBGDXX,2033,450.0
GLOBAL,TRNNPLXXBGDXX,2049,15.001427026089502
GLOBAL,TRNNPLXXBGDXX,2050,43.607305631325616
GLOBAL,TRNRPOBGDXX,2029,237.54595681846655
GLOBAL,TRNRPOBGDXX,2030,110.62823611207166
GLOBAL,TRNRPOBGDXX,2033,230.4886803800633
GLOBAL,TRNRPOBGDXX,2034,133.1100000000003
GLOBAL,TRNRPOBGDXX,2035,140.23999999999893
GLOBAL,TRNRPOBGDXX,2036,147.75000000000117
GLOBAL,TRNRPOBGDXX,2037,155.65999999999997
GLOBAL,TRNRPOBGDXX,2039,170.5173727491335
GLOBAL,TRNRPOBGDXX,2045,182.46000000000004
GLOBAL,TRNRPOBGDXX,2046,190.24000000000035
GLOBAL,TRNRPOBGDXX,2047,198.3499999999996
GLOBAL,TRNRPOBGDXX,2048,206.8199999999997
GLOBAL,TRNRPOBGDXX,2049,215.64000000000192
GLOBAL,TRNRPOINDEA,2023,123.26175805267026
GLOBAL,TRNRPOINDEA,2024,105.15362849392947
GLOBAL,TRNRPOINDEA,2029,184.17681175668287
GLOBAL,TRNRPOINDEA,2034,21.193373884521804
GLOBAL,TRNRPOINDEA,2037,363.8844912440264
GLOBAL,TRNRPOINDEA,2038,391.95999999999947
GLOBAL,TRNRPOINDEA,2040,391.96000000000026
GLOBAL,TRNRPOINDEA,2041,391.9600000000013
GLOBAL,TRNRPOINDEA,2042,447.1000000000007
GLOBAL,TRNRPOINDEA,2043,467.4699999999991
GLOBAL,TRNRPOINDEA,2044,488.75999999999993
GLOBAL,TRNRPOINDEA,2045,511.0200000000024
GLOBAL,TRNRPOINDEA,2046,534.2999999999989
GLOBAL,TRNRPOINDEA,2047,558.6399999999998
GLOBAL,TRNRPOINDEA,2048,584.0800000000012
GLOBAL,TRNRPOINDEA,2050,205.7535334643092
GLOBAL,TRNRPOINDNO,2023,625.1416626321477
GLOBAL,TRNRPOINDNO,2030,35.56992608574632
GLOBAL,TRNRPOINDNO,2033,360.9984112821053
GLOBAL,TRNRPOINDNO,2038,307.3440561987219
GLOBAL,TRNRPOINDNO,2040,500.57999999999646
GLOBAL,TRNRPOINDNO,2041,470.89000000000425
GLOBAL,TRNRPOINDNO,2042,529.0099999999989
GLOBAL,TRNRPOINDNO,2043,550.7600000000018
GLOBAL,TRNRPOINDNO,2044,167.02006137541474
GLOBAL,TRNRPOINDSO,2023,704.3569608573007
GLOBAL,TRNRPOINDSO,2024,243.2169404821898
GLOBAL,TRNRPOINDSO,2025,247.37399821579257
GLOBAL,TRNRPOINDSO,2034,244.59390080290748
GLOBAL,TRNRPOINDSO,2037,232.5654629363596
GLOBAL,TRNRPOINDSO,2038,81.89999999999849
GLOBAL,TRNRPOINDSO,2039,200.11133328656211
GLOBAL,TRNRPOINDSO,2040,326.06656285614173
GLOBAL,TRNRPOINDSO,2041,316.5762239809002
GLOBAL,TRNRPOINDSO,2042,355.2918636164037
GLOBAL,TRNRPOINDSO,2043,368.62117612796806
GLOBAL,TRNRPOINDSO,2044,408.4764532249608
GLOBAL,TRNRPOINDSO,2045,425.222023235815
GLOBAL,TRNRPOINDSO,2046,441.75282323325575
GLOBAL,TRNRPOINDSO,2047,330.09632294122235
GLOBAL,TRNRPOINDSO,2048,65.77024092019954
GLOBAL,TRNRPOINDSO,2050,491.6384810219441
GLOBAL,TRNRPOINDWE,2023,2057.595661986803
GLOBAL,TRNRPOINDWE,2025,495.54357858937976
GLOBAL,TRNRPOINDWE,2026,350.97100785731783
GLOBAL,TRNRPOINDWE,2027,1023.0730854593312
GLOBAL,TRNRPOINDWE,2029,447.7399999999996
GLOBAL,TRNRPOINDWE,2033,248.84702065641375
GLOBAL,TRNRPOINDWE,2034,102.85999999999902
GLOBAL,TRNRPOINDWE,2035,9.769424651738488
GLOBAL,TRNRPOINDWE,2036,638.9702464707973
GLOBAL,TRNRPOINDWE,2037,271.96032887746355
GLOBAL,TRNRPOINDWE,2038,113.48000000000198
GLOBAL,TRNRPOINDWE,2039,206.572555681214
GLOBAL,TRNRPOINDWE,2040,358.3940530821508
GLOBAL,TRNRPOINDWE,2041,380.41886811588057
GLOBAL,TRNRPOINDWE,2042,433.7056467125152
GLOBAL,TRNRPOINDWE,2043,447.35863073074427
GLOBAL,TRNRPOINDWE,2044,483.8072078563272
GLOBAL,TRNRPOINDWE,2045,535.7479876854782
GLOBAL,TRNRPOINDWE,2046,533.5363582823105
GLOBAL,TRNRPOINDWE,2047,678.5085528323477
GLOBAL,TRNRPOINDWE,2048,716.0990554218216
GLOBAL,TRNRPOINDWE,2049,666.8027697572413
GLOBAL,TRNRPOINDWE,2050,1078.0909929188297
