REGION,TECHNOLOGY,YEAR,VALUE
GLOBAL,DSPTRNBGDXX,2023,9999.0
GLOBAL,DSPTRNBGDXX,2024,9999.0
GLOBAL,DSPTRNBGDXX,2025,9999.0
GLOBAL,DSPTRNBGDXX,2026,9999.0
GLOBAL,DSPTRNBGDXX,2027,9999.0
GLOBAL,DSPTRNBGDXX,2028,9999.0
GLOBAL,DSPTRNBGDXX,2029,9999.0
GLOBAL,DSPTRNBGDXX,2030,9999.0
GLOBAL,DSPTRNBGDXX,2031,9999.0
GLOBAL,DSPTRNBGDXX,2032,9999.0
GLOBAL,DSPTRNBGDXX,2033,9999.0
GLOBAL,DSPTRNBGDXX,2034,9999.0
GLOBAL,DSPTRNBGDXX,2035,9999.0
GLOBAL,DSPTRNBGDXX,2036,9999.0
GLOBAL,DSPTRNBGDXX,2037,9999.0
GLOBAL,DSPTRNBGDXX,2038,9999.0
GLOBAL,DSPTRNBGDXX,2039,9999.0
GLOBAL,DSPTRNBGDXX,2040,9999.0
GLOBAL,DSPTRNBGDXX,2041,9999.0
GLOBAL,DSPTRNBGDXX,2042,9999.0
GLOBAL,DSPTRNBGDXX,2043,9999.0
GLOBAL,DSPTRNBGDXX,2044,9999.0
GLOBAL,DSPTRNBGDXX,2045,9999.0
GLOBAL,DSPTRNBGDXX,2046,9999.0
GLOBAL,DSPTRNBGDXX,2047,9999.0
GLOBAL,DSPTRNBGDXX,2048,9999.0
GLOBAL,DSPTRNBGDXX,2049,9999.0
GLOBAL,DSPTRNBGDXX,2050,9999.0
GLOBAL,DSPTRNBTNXX,2023,9999.0
GLOBAL,DSPTRNBTNXX,2024,9999.0
GLOBAL,DSPTRNBTNXX,2025,9999.0
GLOBAL,DSPTRNBTNXX,2026,9999.0
GLOBAL,DSPTRNBTNXX,2027,9999.0
GLOBAL,DSPTRNBTNXX,2028,9999.0
GLOBAL,DSPTRNBTNXX,2029,9999.0
GLOBAL,DSPTRNBTNXX,2030,9999.0
GLOBAL,DSPTRNBTNXX,2031,9999.0
GLOBAL,DSPTRNBTNXX,2032,9999.0
GLOBAL,DSPTRNBTNXX,2033,9999.0
GLOBAL,DSPTRNBTNXX,2034,9999.0
GLOBAL,DSPTRNBTNXX,2035,9999.0
GLOBAL,DSPTRNBTNXX,2036,9999.0
GLOBAL,DSPTRNBTNXX,2037,9999.0
GLOBAL,DSPTRNBTNXX,2038,9999.0
GLOBAL,DSPTRNBTNXX,2039,9999.0
GLOBAL,DSPTRNBTNXX,2040,9999.0
GLOBAL,DSPTRNBTNXX,2041,9999.0
GLOBAL,DSPTRNBTNXX,2042,9999.0
GLOBAL,DSPTRNBTNXX,2043,9999.0
GLOBAL,DSPTRNBTNXX,2044,9999.0
GLOBAL,DSPTRNBTNXX,2045,9999.0
GLOBAL,DSPTRNBTNXX,2046,9999.0
GLOBAL,DSPTRNBTNXX,2047,9999.0
GLOBAL,DSPTRNBTNXX,2048,9999.0
GLOBAL,DSPTRNBTNXX,2049,9999.0
GLOBAL,DSPTRNBTNXX,2050,9999.0
GLOBAL,DSPTRNINDEA,2023,9999.0
GLOBAL,DSPTRNINDEA,2024,9999.0
GLOBAL,DSPTRNINDEA,2025,9999.0
GLOBAL,DSPTRNINDEA,2026,9999.0
GLOBAL,DSPTRNINDEA,2027,9999.0
GLOBAL,DSPTRNINDEA,2028,9999.0
GLOBAL,DSPTRNINDEA,2029,9999.0
GLOBAL,DSPTRNINDEA,2030,9999.0
GLOBAL,DSPTRNINDEA,2031,9999.0
GLOBAL,DSPTRNINDEA,2032,9999.0
GLOBAL,DSPTRNINDEA,2033,9999.0
GLOBAL,DSPTRNINDEA,2034,9999.0
GLOBAL,DSPTRNINDEA,2035,9999.0
GLOBAL,DSPTRNINDEA,2036,9999.0
GLOBAL,DSPTRNINDEA,2037,9999.0
GLOBAL,DSPTRNINDEA,2038,9999.0
GLOBAL,DSPTRNINDEA,2039,9999.0
GLOBAL,DSPTRNINDEA,2040,9999.0
GLOBAL,DSPTRNINDEA,2041,9999.0
GLOBAL,DSPTRNINDEA,2042,9999.0
GLOBAL,DSPTRNINDEA,2043,9999.0
GLOBAL,DSPTRNINDEA,2044,9999.0
GLOBAL,DSPTRNINDEA,2045,9999.0
GLOBAL,DSPTRNINDEA,2046,9999.0
GLOBAL,DSPTRNINDEA,2047,9999.0
GLOBAL,DSPTRNINDEA,2048,9999.0
GLOBAL,DSPTRNINDEA,2049,9999.0
GLOBAL,DSPTRNINDEA,2050,9999.0
GLOBAL,DSPTRNINDNE,2023,9999.0
GLOBAL,DSPTRNINDNE,2024,9999.0
GLOBAL,DSPTRNINDNE,2025,9999.0
GLOBAL,DSPTRNINDNE,2026,9999.0
GLOBAL,DSPTRNINDNE,2027,9999.0
GLOBAL,DSPTRNINDNE,2028,9999.0
GLOBAL,DSPTRNINDNE,2029,9999.0
GLOBAL,DSPTRNINDNE,2030,9999.0
GLOBAL,DSPTRNINDNE,2031,9999.0
GLOBAL,DSPTRNINDNE,2032,9999.0
GLOBAL,DSPTRNINDNE,2033,9999.0
GLOBAL,DSPTRNINDNE,2034,9999.0
GLOBAL,DSPTRNINDNE,2035,9999.0
GLOBAL,DSPTRNINDNE,2036,9999.0
GLOBAL,DSPTRNINDNE,2037,9999.0
GLOBAL,DSPTRNINDNE,2038,9999.0
GLOBAL,DSPTRNINDNE,2039,9999.0
GLOBAL,DSPTRNINDNE,2040,9999.0
GLOBAL,DSPTRNINDNE,2041,9999.0
GLOBAL,DSPTRNINDNE,2042,9999.0
GLOBAL,DSPTRNINDNE,2043,9999.0
GLOBAL,DSPTRNINDNE,2044,9999.0
GLOBAL,DSPTRNINDNE,2045,9999.0
GLOBAL,DSPTRNINDNE,2046,9999.0
GLOBAL,DSPTRNINDNE,2047,9999.0
GLOBAL,DSPTRNINDNE,2048,9999.0
GLOBAL,DSPTRNINDNE,2049,9999.0
GLOBAL,DSPTRNINDNE,2050,9999.0
GLOBAL,DSPTRNINDNO,2023,9999.0
GLOBAL,DSPTRNINDNO,2024,9999.0
GLOBAL,DSPTRNINDNO,2025,9999.0
GLOBAL,DSPTRNINDNO,2026,9999.0
GLOBAL,DSPTRNINDNO,2027,9999.0
GLOBAL,DSPTRNINDNO,2028,9999.0
GLOBAL,DSPTRNINDNO,2029,9999.0
GLOBAL,DSPTRNINDNO,2030,9999.0
GLOBAL,DSPTRNINDNO,2031,9999.0
GLOBAL,DSPTRNINDNO,2032,9999.0
GLOBAL,DSPTRNINDNO,2033,9999.0
GLOBAL,DSPTRNINDNO,2034,9999.0
GLOBAL,DSPTRNINDNO,2035,9999.0
GLOBAL,DSPTRNINDNO,2036,9999.0
GLOBAL,DSPTRNINDNO,2037,9999.0
GLOBAL,DSPTRNINDNO,2038,9999.0
GLOBAL,DSPTRNINDNO,2039,9999.0
GLOBAL,DSPTRNINDNO,2040,9999.0
GLOBAL,DSPTRNINDNO,2041,9999.0
GLOBAL,DSPTRNINDNO,2042,9999.0
GLOBAL,DSPTRNINDNO,2043,9999.0
GLOBAL,DSPTRNINDNO,2044,9999.0
GLOBAL,DSPTRNINDNO,2045,9999.0
GLOBAL,DSPTRNINDNO,2046,9999.0
GLOBAL,DSPTRNINDNO,2047,9999.0
GLOBAL,DSPTRNINDNO,2048,9999.0
GLOBAL,DSPTRNINDNO,2049,9999.0
GLOBAL,DSPTRNINDNO,2050,9999.0
GLOBAL,DSPTRNINDSO,2023,9999.0
GLOBAL,DSPTRNINDSO,2024,9999.0
GLOBAL,DSPTRNINDSO,2025,9999.0
GLOBAL,DSPTRNINDSO,2026,9999.0
GLOBAL,DSPTRNINDSO,2027,9999.0
GLOBAL,DSPTRNINDSO,2028,9999.0
GLOBAL,DSPTRNINDSO,2029,9999.0
GLOBAL,DSPTRNINDSO,2030,9999.0
GLOBAL,DSPTRNINDSO,2031,9999.0
GLOBAL,DSPTRNINDSO,2032,9999.0
GLOBAL,DSPTRNINDSO,2033,9999.0
GLOBAL,DSPTRNINDSO,2034,9999.0
GLOBAL,DSPTRNINDSO,2035,9999.0
GLOBAL,DSPTRNINDSO,2036,9999.0
GLOBAL,DSPTRNINDSO,2037,9999.0
GLOBAL,DSPTRNINDSO,2038,9999.0
GLOBAL,DSPTRNINDSO,2039,9999.0
GLOBAL,DSPTRNINDSO,2040,9999.0
GLOBAL,DSPTRNINDSO,2041,9999.0
GLOBAL,DSPTRNINDSO,2042,9999.0
GLOBAL,DSPTRNINDSO,2043,9999.0
GLOBAL,DSPTRNINDSO,2044,9999.0
GLOBAL,DSPTRNINDSO,2045,9999.0
GLOBAL,DSPTRNINDSO,2046,9999.0
GLOBAL,DSPTRNINDSO,2047,9999.0
GLOBAL,DSPTRNINDSO,2048,9999.0
GLOBAL,DSPTRNINDSO,2049,9999.0
GLOBAL,DSPTRNINDSO,2050,9999.0
GLOBAL,DSPTRNINDWE,2023,9999.0
GLOBAL,DSPTRNINDWE,2024,9999.0
GLOBAL,DSPTRNINDWE,2025,9999.0
GLOBAL,DSPTRNINDWE,2026,9999.0
GLOBAL,DSPTRNINDWE,2027,9999.0
GLOBAL,DSPTRNINDWE,2028,9999.0
GLOBAL,DSPTRNINDWE,2029,9999.0
GLOBAL,DSPTRNINDWE,2030,9999.0
GLOBAL,DSPTRNINDWE,2031,9999.0
GLOBAL,DSPTRNINDWE,2032,9999.0
GLOBAL,DSPTRNINDWE,2033,9999.0
GLOBAL,DSPTRNINDWE,2034,9999.0
GLOBAL,DSPTRNINDWE,2035,9999.0
GLOBAL,DSPTRNINDWE,2036,9999.0
GLOBAL,DSPTRNINDWE,2037,9999.0
GLOBAL,DSPTRNINDWE,2038,9999.0
GLOBAL,DSPTRNINDWE,2039,9999.0
GLOBAL,DSPTRNINDWE,2040,9999.0
GLOBAL,DSPTRNINDWE,2041,9999.0
GLOBAL,DSPTRNINDWE,2042,9999.0
GLOBAL,DSPTRNINDWE,2043,9999.0
GLOBAL,DSPTRNINDWE,2044,9999.0
GLOBAL,DSPTRNINDWE,2045,9999.0
GLOBAL,DSPTRNINDWE,2046,9999.0
GLOBAL,DSPTRNINDWE,2047,9999.0
GLOBAL,DSPTRNINDWE,2048,9999.0
GLOBAL,DSPTRNINDWE,2049,9999.0
GLOBAL,DSPTRNINDWE,2050,9999.0
GLOBAL,DSPTRNLKAXX,2023,9999.0
GLOBAL,DSPTRNLKAXX,2024,9999.0
GLOBAL,DSPTRNLKAXX,2025,9999.0
GLOBAL,DSPTRNLKAXX,2026,9999.0
GLOBAL,DSPTRNLKAXX,2027,9999.0
GLOBAL,DSPTRNLKAXX,2028,9999.0
GLOBAL,DSPTRNLKAXX,2029,9999.0
GLOBAL,DSPTRNLKAXX,2030,9999.0
GLOBAL,DSPTRNLKAXX,2031,9999.0
GLOBAL,DSPTRNLKAXX,2032,9999.0
GLOBAL,DSPTRNLKAXX,2033,9999.0
GLOBAL,DSPTRNLKAXX,2034,9999.0
GLOBAL,DSPTRNLKAXX,2035,9999.0
GLOBAL,DSPTRNLKAXX,2036,9999.0
GLOBAL,DSPTRNLKAXX,2037,9999.0
GLOBAL,DSPTRNLKAXX,2038,9999.0
GLOBAL,DSPTRNLKAXX,2039,9999.0
GLOBAL,DSPTRNLKAXX,2040,9999.0
GLOBAL,DSPTRNLKAXX,2041,9999.0
GLOBAL,DSPTRNLKAXX,2042,9999.0
GLOBAL,DSPTRNLKAXX,2043,9999.0
GLOBAL,DSPTRNLKAXX,2044,9999.0
GLOBAL,DSPTRNLKAXX,2045,9999.0
GLOBAL,DSPTRNLKAXX,2046,9999.0
GLOBAL,DSPTRNLKAXX,2047,9999.0
GLOBAL,DSPTRNLKAXX,2048,9999.0
GLOBAL,DSPTRNLKAXX,2049,9999.0
GLOBAL,DSPTRNLKAXX,2050,9999.0
GLOBAL,DSPTRNMDVXX,2023,9999.0
GLOBAL,DSPTRNMDVXX,2024,9999.0
GLOBAL,DSPTRNMDVXX,2025,9999.0
GLOBAL,DSPTRNMDVXX,2026,9999.0
GLOBAL,DSPTRNMDVXX,2027,9999.0
GLOBAL,DSPTRNMDVXX,2028,9999.0
GLOBAL,DSPTRNMDVXX,2029,9999.0
GLOBAL,DSPTRNMDVXX,2030,9999.0
GLOBAL,DSPTRNMDVXX,2031,9999.0
GLOBAL,DSPTRNMDVXX,2032,9999.0
GLOBAL,DSPTRNMDVXX,2033,9999.0
GLOBAL,DSPTRNMDVXX,2034,9999.0
GLOBAL,DSPTRNMDVXX,2035,9999.0
GLOBAL,DSPTRNMDVXX,2036,9999.0
GLOBAL,DSPTRNMDVXX,2037,9999.0
GLOBAL,DSPTRNMDVXX,2038,9999.0
GLOBAL,DSPTRNMDVXX,2039,9999.0
GLOBAL,DSPTRNMDVXX,2040,9999.0
GLOBAL,DSPTRNMDVXX,2041,9999.0
GLOBAL,DSPTRNMDVXX,2042,9999.0
GLOBAL,DSPTRNMDVXX,2043,9999.0
GLOBAL,DSPTRNMDVXX,2044,9999.0
GLOBAL,DSPTRNMDVXX,2045,9999.0
GLOBAL,DSPTRNMDVXX,2046,9999.0
GLOBAL,DSPTRNMDVXX,2047,9999.0
GLOBAL,DSPTRNMDVXX,2048,9999.0
GLOBAL,DSPTRNMDVXX,2049,9999.0
GLOBAL,DSPTRNMDVXX,2050,9999.0
GLOBAL,DSPTRNNPLXX,2023,9999.0
GLOBAL,DSPTRNNPLXX,2024,9999.0
GLOBAL,DSPTRNNPLXX,2025,9999.0
GLOBAL,DSPTRNNPLXX,2026,9999.0
GLOBAL,DSPTRNNPLXX,2027,9999.0
GLOBAL,DSPTRNNPLXX,2028,9999.0
GLOBAL,DSPTRNNPLXX,2029,9999.0
GLOBAL,DSPTRNNPLXX,2030,9999.0
GLOBAL,DSPTRNNPLXX,2031,9999.0
GLOBAL,DSPTRNNPLXX,2032,9999.0
GLOBAL,DSPTRNNPLXX,2033,9999.0
GLOBAL,DSPTRNNPLXX,2034,9999.0
GLOBAL,DSPTRNNPLXX,2035,9999.0
GLOBAL,DSPTRNNPLXX,2036,9999.0
GLOBAL,DSPTRNNPLXX,2037,9999.0
GLOBAL,DSPTRNNPLXX,2038,9999.0
GLOBAL,DSPTRNNPLXX,2039,9999.0
GLOBAL,DSPTRNNPLXX,2040,9999.0
GLOBAL,DSPTRNNPLXX,2041,9999.0
GLOBAL,DSPTRNNPLXX,2042,9999.0
GLOBAL,DSPTRNNPLXX,2043,9999.0
GLOBAL,DSPTRNNPLXX,2044,9999.0
GLOBAL,DSPTRNNPLXX,2045,9999.0
GLOBAL,DSPTRNNPLXX,2046,9999.0
GLOBAL,DSPTRNNPLXX,2047,9999.0
GLOBAL,DSPTRNNPLXX,2048,9999.0
GLOBAL,DSPTRNNPLXX,2049,9999.0
GLOBAL,DSPTRNNPLXX,2050,9999.0
GLOBAL,MINCOAINT,2023,16976.66729407287
GLOBAL,MINCOAINT,2024,17895.67313732765
GLOBAL,MINCOAINT,2025,18821.13067351132
GLOBAL,MINCOAINT,2026,19957.100402791584
GLOBAL,MINCOAINT,2027,21224.08019673781
GLOBAL,MINCOAINT,2028,22527.947645850934
GLOBAL,MINCOAINT,2029,23605.96721616
GLOBAL,MINCOAINT,2030,23826.21464016
GLOBAL,MINCOAINT,2031,23826.21464016
GLOBAL,MINCOAINT,2032,24177.204265248005
GLOBAL,MINCOAINT,2033,24845.717259936
GLOBAL,MINCOAINT,2034,25514.2394316
GLOBAL,MINCOAINT,2035,27193.374758602436
GLOBAL,MINCOAINT,2036,27613.28804741992
GLOBAL,MINCOAINT,2037,28354.40861396392
GLOBAL,MINCOAINT,2038,29095.529180507907
GLOBAL,MINCOAINT,2039,29948.172835839803
GLOBAL,MINCOAINT,2040,30993.954435138137
GLOBAL,MINCOAINT,2041,32278.407947532647
GLOBAL,MINCOAINT,2042,33713.216311659475
GLOBAL,MINCOAINT,2043,35116.41566816146
GLOBAL,MINCOAINT,2044,36600.31859475726
GLOBAL,MINCOAINT,2045,38152.00848441874
GLOBAL,MINCOAINT,2046,39775.68771006104
GLOBAL,MINCOAINT,2047,41523.847735344665
GLOBAL,MINCOAINT,2048,43353.982287463165
GLOBAL,MINCOAINT,2049,45312.240479077016
GLOBAL,MINCOAINT,2050,47464.83875077166
GLOBAL,MINGASINT,2023,686.8357638912
GLOBAL,MINGASINT,2024,733.9372081632001
GLOBAL,MINGASINT,2025,567.4290203232001
GLOBAL,MINGASINT,2026,590.3455501806211
GLOBAL,MINGASINT,2027,614.84243636736
GLOBAL,MINGASINT,2028,641.0146099478401
GLOBAL,MINGASINT,2029,880.6251666661094
GLOBAL,MINGASINT,2030,1570.774184273112
GLOBAL,MINGASINT,2031,2487.1864438820007
GLOBAL,MINGASINT,2032,3303.22101012328
GLOBAL,MINGASINT,2033,3794.9367627819593
GLOBAL,MINGASINT,2034,4289.541513157292
GLOBAL,MINGASINT,2035,4375.900702672374
GLOBAL,MINGASINT,2036,5089.291252675255
GLOBAL,MINGASINT,2037,5525.050780926603
GLOBAL,MINGASINT,2038,6129.40892705462
GLOBAL,MINGASINT,2039,6736.188815263544
GLOBAL,MINGASINT,2040,7063.639156323536
GLOBAL,MINGASINT,2041,7381.393143644032
GLOBAL,MINGASINT,2042,7698.304066043674
GLOBAL,MINGASINT,2043,8028.236342627066
GLOBAL,MINGASINT,2044,8387.611854694022
GLOBAL,MINGASINT,2045,8765.818693015057
GLOBAL,MINGASINT,2046,9135.129609670135
GLOBAL,MINGASINT,2047,9518.856490453463
GLOBAL,MINGASINT,2048,9918.66392870189
GLOBAL,MINGASINT,2049,10334.908666051724
GLOBAL,MINGASINT,2050,10673.596848001916
GLOBAL,MINOILINT,2023,15.003072116967282
GLOBAL,MINOILINT,2024,30.48690292058316
GLOBAL,MINOILINT,2025,20.052921468062287
GLOBAL,MINOILINT,2026,1.7542104580673643
GLOBAL,MINOILINT,2027,3.060134854144425
GLOBAL,MINOILINT,2028,4.148740558306621
GLOBAL,MINOILINT,2029,10.66636119700693
GLOBAL,MINOILINT,2030,20.67518626515304
GLOBAL,MINOILINT,2031,17.69337007159406
GLOBAL,MINOILINT,2032,27.86474164873581
GLOBAL,MINOILINT,2033,66.04419415225667
GLOBAL,MINOILINT,2034,111.33696719215143
GLOBAL,MINOILINT,2035,6.067021823999999
GLOBAL,MINOILINT,2036,6.067021823999999
GLOBAL,MINOILINT,2037,136.62530496000002
GLOBAL,MINOILINT,2038,180.45958809600003
GLOBAL,MINOILINT,2039,224.29387123200004
GLOBAL,MINOILINT,2040,224.29387123200004
GLOBAL,MINOILINT,2041,224.29387123200004
GLOBAL,MINOILINT,2042,261.4639348395309
GLOBAL,MINOILINT,2043,381.26862185532
GLOBAL,MINOILINT,2044,487.01085140382577
GLOBAL,MINOILINT,2045,509.19777852861046
GLOBAL,MINOILINT,2046,531.1555668140433
GLOBAL,MINOILINT,2047,554.3430095996478
GLOBAL,MINOILINT,2048,540.0880398790019
GLOBAL,MINOILINT,2049,511.63938552399406
GLOBAL,MINOILINT,2050,460.01902152776967
GLOBAL,MINPETINT,2032,48.25008
GLOBAL,MINPETINT,2033,186.73667795968825
GLOBAL,MINPETINT,2034,289.84456208633134
GLOBAL,MINPETINT,2036,193.00032
GLOBAL,MINPETINT,2037,378.3845466919696
GLOBAL,MINPETINT,2038,491.6549632425984
GLOBAL,MINPETINT,2039,461.6330806960356
GLOBAL,MINPETINT,2040,664.5410391620935
GLOBAL,MINPETINT,2041,598.3147623454884
GLOBAL,MINPETINT,2042,515.4231137519465
GLOBAL,MINPETINT,2043,427.85670241065816
GLOBAL,MINPETINT,2044,354.69589973744286
GLOBAL,MINPETINT,2045,374.85147342539767
GLOBAL,MINPETINT,2046,396.1100445790975
GLOBAL,MINPETINT,2047,351.25499763899205
GLOBAL,MINPETINT,2048,337.6223077280689
GLOBAL,MINPETINT,2049,387.4122932019933
GLOBAL,MINPETINT,2050,443.57297693001146
GLOBAL,MINURNINT,2023,523.6742016
GLOBAL,MINURNINT,2024,642.6910656000001
GLOBAL,MINURNINT,2025,1014.0236812799994
GLOBAL,MINURNINT,2026,1063.5206947200002
GLOBAL,MINURNINT,2027,1071.8168702399998
GLOBAL,MINURNINT,2028,1094.0030138880002
GLOBAL,MINURNINT,2029,1229.6402328960005
GLOBAL,MINURNINT,2030,1262.3768714880002
GLOBAL,MINURNINT,2031,1294.3924079039998
GLOBAL,MINURNINT,2032,1335.446224992
GLOBAL,MINURNINT,2033,1376.5000420800002
GLOBAL,MINURNINT,2034,1417.5538591680004
GLOBAL,MINURNINT,2035,1458.6076762560003
GLOBAL,MINURNINT,2036,1499.6614933440003
GLOBAL,MINURNINT,2037,1544.1878024640002
GLOBAL,MINURNINT,2038,1588.7141115840004
GLOBAL,MINURNINT,2039,1633.240420704
GLOBAL,MINURNINT,2040,1676.8636018560003
GLOBAL,MINURNINT,2041,1721.3549060160008
GLOBAL,MINURNINT,2042,1771.2439750080007
GLOBAL,MINURNINT,2043,1823.1073237440007
GLOBAL,MINURNINT,2044,1876.8819432960008
GLOBAL,MINURNINT,2045,1932.5398296960009
GLOBAL,MINURNINT,2046,1990.7810821440007
GLOBAL,MINURNINT,2047,2051.318659968
GLOBAL,MINURNINT,2048,2114.250577056
GLOBAL,MINURNINT,2049,2179.6678463040007
GLOBAL,MINURNINT,2050,2247.6614806080006
GLOBAL,PWRBIOBGDXX,2024,0.0001
GLOBAL,PWRBIOBGDXX,2025,0.0002
GLOBAL,PWRBIOBGDXX,2026,0.0003
GLOBAL,PWRBIOBGDXX,2027,0.0004
GLOBAL,PWRBIOBGDXX,2028,0.0005
GLOBAL,PWRBIOBGDXX,2029,0.0006
GLOBAL,PWRBIOBGDXX,2030,0.0007
GLOBAL,PWRBIOBGDXX,2031,0.0008
GLOBAL,PWRBIOBGDXX,2032,0.0009
GLOBAL,PWRBIOBGDXX,2033,0.001
GLOBAL,PWRBIOBGDXX,2034,0.0011
GLOBAL,PWRBIOBGDXX,2035,0.0012
GLOBAL,PWRBIOBGDXX,2036,0.0013
GLOBAL,PWRBIOBGDXX,2037,0.0014
GLOBAL,PWRBIOBGDXX,2038,0.0015
GLOBAL,PWRBIOBGDXX,2039,0.0016
GLOBAL,PWRBIOBGDXX,2040,0.0017
GLOBAL,PWRBIOBGDXX,2041,0.0018
GLOBAL,PWRBIOBGDXX,2042,0.0019
GLOBAL,PWRBIOBGDXX,2043,0.002
GLOBAL,PWRBIOBGDXX,2044,0.0021
GLOBAL,PWRBIOBGDXX,2045,0.0022
GLOBAL,PWRBIOBGDXX,2046,0.0023
GLOBAL,PWRBIOBGDXX,2047,0.0024999999999999
GLOBAL,PWRBIOBGDXX,2048,0.0026999999999999
GLOBAL,PWRBIOBGDXX,2049,0.0028999999999999
GLOBAL,PWRBIOBGDXX,2050,0.0030999999999999
GLOBAL,PWRBIOINDEA,2023,0.5268
GLOBAL,PWRBIOINDEA,2024,0.5609
GLOBAL,PWRBIOINDEA,2025,0.5996
GLOBAL,PWRBIOINDEA,2026,0.6391999999999999
GLOBAL,PWRBIOINDEA,2027,0.6814999999999999
GLOBAL,PWRBIOINDEA,2028,0.7254
GLOBAL,PWRBIOINDEA,2029,0.7783000000000001
GLOBAL,PWRBIOINDEA,2030,0.8153
GLOBAL,PWRBIOINDEA,2031,0.8512
GLOBAL,PWRBIOINDEA,2032,0.9005000000000001
GLOBAL,PWRBIOINDEA,2033,0.9498
GLOBAL,PWRBIOINDEA,2034,0.9991000000000002
GLOBAL,PWRBIOINDEA,2035,1.0484000000000002
GLOBAL,PWRBIOINDEA,2036,1.0977000000000003
GLOBAL,PWRBIOINDEA,2037,1.1534000000000002
GLOBAL,PWRBIOINDEA,2038,1.2091000000000005
GLOBAL,PWRBIOINDEA,2039,1.2648
GLOBAL,PWRBIOINDEA,2040,1.3205
GLOBAL,PWRBIOINDEA,2041,1.3762
GLOBAL,PWRBIOINDEA,2042,1.4396999999999998
GLOBAL,PWRBIOINDEA,2043,1.5060999999999996
GLOBAL,PWRBIOINDEA,2044,1.5755999999999994
GLOBAL,PWRBIOINDEA,2045,1.6481999999999997
GLOBAL,PWRBIOINDEA,2046,1.7240999999999995
GLOBAL,PWRBIOINDEA,2047,1.8035
GLOBAL,PWRBIOINDEA,2048,1.8865
GLOBAL,PWRBIOINDEA,2049,1.9733
GLOBAL,PWRBIOINDEA,2050,2.0640000000000005
GLOBAL,PWRBIOINDNE,2023,0.0158
GLOBAL,PWRBIOINDNE,2024,0.0167
GLOBAL,PWRBIOINDNE,2025,0.0177
GLOBAL,PWRBIOINDNE,2026,0.0188
GLOBAL,PWRBIOINDNE,2027,0.0199
GLOBAL,PWRBIOINDNE,2028,0.021
GLOBAL,PWRBIOINDNE,2029,0.0223
GLOBAL,PWRBIOINDNE,2030,0.0235
GLOBAL,PWRBIOINDNE,2031,0.0247
GLOBAL,PWRBIOINDNE,2032,0.0261
GLOBAL,PWRBIOINDNE,2033,0.0275
GLOBAL,PWRBIOINDNE,2034,0.0288999999999999
GLOBAL,PWRBIOINDNE,2035,0.0302999999999999
GLOBAL,PWRBIOINDNE,2036,0.0316999999999999
GLOBAL,PWRBIOINDNE,2037,0.0332999999999999
GLOBAL,PWRBIOINDNE,2038,0.0348999999999999
GLOBAL,PWRBIOINDNE,2039,0.0364999999999999
GLOBAL,PWRBIOINDNE,2040,0.0380999999999999
GLOBAL,PWRBIOINDNE,2041,0.0396999999999999
GLOBAL,PWRBIOINDNE,2042,0.0415999999999999
GLOBAL,PWRBIOINDNE,2043,0.0435999999999999
GLOBAL,PWRBIOINDNE,2044,0.0455999999999999
GLOBAL,PWRBIOINDNE,2045,0.0455999999999999
GLOBAL,PWRBIOINDNE,2046,0.0474999999999999
GLOBAL,PWRBIOINDNE,2047,0.0494999999999999
GLOBAL,PWRBIOINDNE,2048,0.0515999999999999
GLOBAL,PWRBIOINDNE,2049,0.0537999999999999
GLOBAL,PWRBIOINDNE,2050,0.0560999999999999
GLOBAL,PWRBIOINDNO,2023,3.1157
GLOBAL,PWRBIOINDNO,2024,3.3048
GLOBAL,PWRBIOINDNO,2025,3.5047
GLOBAL,PWRBIOINDNO,2026,3.7194
GLOBAL,PWRBIOINDNO,2027,3.9473
GLOBAL,PWRBIOINDNO,2028,4.1869
GLOBAL,PWRBIOINDNO,2029,4.467
GLOBAL,PWRBIOINDNO,2030,4.6801
GLOBAL,PWRBIOINDNO,2031,4.895
GLOBAL,PWRBIOINDNO,2032,5.1477
GLOBAL,PWRBIOINDNO,2033,5.4004
GLOBAL,PWRBIOINDNO,2034,5.653099999999999
GLOBAL,PWRBIOINDNO,2035,5.9058
GLOBAL,PWRBIOINDNO,2036,6.1585
GLOBAL,PWRBIOINDNO,2037,6.4333
GLOBAL,PWRBIOINDNO,2038,6.7081
GLOBAL,PWRBIOINDNO,2039,6.9829
GLOBAL,PWRBIOINDNO,2040,7.2454
GLOBAL,PWRBIOINDNO,2041,7.5196999999999985
GLOBAL,PWRBIOINDNO,2042,7.827899999999999
GLOBAL,PWRBIOINDNO,2043,8.148799999999998
GLOBAL,PWRBIOINDNO,2044,8.4786
GLOBAL,PWRBIOINDNO,2045,8.8152
GLOBAL,PWRBIOINDNO,2046,9.175899999999999
GLOBAL,PWRBIOINDNO,2047,9.5512
GLOBAL,PWRBIOINDNO,2048,9.9416
GLOBAL,PWRBIOINDNO,2049,10.3478
GLOBAL,PWRBIOINDNO,2050,10.770400000000004
GLOBAL,PWRBIOINDSO,2023,3.5571
GLOBAL,PWRBIOINDSO,2024,3.7718
GLOBAL,PWRBIOINDSO,2025,3.999800000000001
GLOBAL,PWRBIOINDSO,2026,4.2508
GLOBAL,PWRBIOINDSO,2027,4.5048
GLOBAL,PWRBIOINDSO,2028,4.7693
GLOBAL,PWRBIOINDSO,2029,5.0757
GLOBAL,PWRBIOINDSO,2030,5.312899999999999
GLOBAL,PWRBIOINDSO,2031,5.5441
GLOBAL,PWRBIOINDSO,2032,5.8218
GLOBAL,PWRBIOINDSO,2033,6.099499999999999
GLOBAL,PWRBIOINDSO,2034,6.3772
GLOBAL,PWRBIOINDSO,2035,6.6549
GLOBAL,PWRBIOINDSO,2036,6.932600000000001
GLOBAL,PWRBIOINDSO,2037,7.229500000000002
GLOBAL,PWRBIOINDSO,2038,7.5264
GLOBAL,PWRBIOINDSO,2039,7.8233000000000015
GLOBAL,PWRBIOINDSO,2040,8.1132
GLOBAL,PWRBIOINDSO,2041,8.409900000000002
GLOBAL,PWRBIOINDSO,2042,8.742
GLOBAL,PWRBIOINDSO,2043,9.087
GLOBAL,PWRBIOINDSO,2044,9.4454
GLOBAL,PWRBIOINDSO,2045,9.8177
GLOBAL,PWRBIOINDSO,2046,10.2045
GLOBAL,PWRBIOINDSO,2047,10.606299999999996
GLOBAL,PWRBIOINDSO,2048,11.023699999999996
GLOBAL,PWRBIOINDSO,2049,11.457299999999996
GLOBAL,PWRBIOINDSO,2050,11.907799999999996
GLOBAL,PWRBIOINDWE,2023,3.0436
GLOBAL,PWRBIOINDWE,2024,3.2305
GLOBAL,PWRBIOINDWE,2025,3.435
GLOBAL,PWRBIOINDWE,2026,3.6656
GLOBAL,PWRBIOINDWE,2027,3.888
GLOBAL,PWRBIOINDWE,2028,4.1184
GLOBAL,PWRBIOINDWE,2029,4.4028
GLOBAL,PWRBIOINDWE,2030,4.5651
GLOBAL,PWRBIOINDWE,2031,4.7205
GLOBAL,PWRBIOINDWE,2032,4.955100000000001
GLOBAL,PWRBIOINDWE,2033,5.189700000000001
GLOBAL,PWRBIOINDWE,2034,5.424300000000001
GLOBAL,PWRBIOINDWE,2035,5.6589
GLOBAL,PWRBIOINDWE,2036,5.8935
GLOBAL,PWRBIOINDWE,2037,6.152300000000001
GLOBAL,PWRBIOINDWE,2038,6.411100000000002
GLOBAL,PWRBIOINDWE,2039,6.669900000000002
GLOBAL,PWRBIOINDWE,2040,6.928700000000003
GLOBAL,PWRBIOINDWE,2041,7.187500000000003
GLOBAL,PWRBIOINDWE,2042,7.4780000000000015
GLOBAL,PWRBIOINDWE,2043,7.780000000000002
GLOBAL,PWRBIOINDWE,2044,8.094000000000003
GLOBAL,PWRBIOINDWE,2045,8.420500000000002
GLOBAL,PWRBIOINDWE,2046,8.760000000000002
GLOBAL,PWRBIOINDWE,2047,9.113
GLOBAL,PWRBIOINDWE,2048,9.48
GLOBAL,PWRBIOINDWE,2049,9.8616
GLOBAL,PWRBIOINDWE,2050,10.2584
GLOBAL,PWRBIOLKAXX,2023,0.0439999999999999
GLOBAL,PWRBIOLKAXX,2024,0.0439999999999999
GLOBAL,PWRBIOLKAXX,2025,0.0539999999999999
GLOBAL,PWRBIOLKAXX,2026,0.0689999999999999
GLOBAL,PWRBIOLKAXX,2027,0.0889999999999999
GLOBAL,PWRBIOLKAXX,2028,0.1091999999999999
GLOBAL,PWRBIOLKAXX,2029,0.1293999999999999
GLOBAL,PWRBIOLKAXX,2030,0.1495999999999999
GLOBAL,PWRBIOLKAXX,2031,0.1697999999999999
GLOBAL,PWRBIOLKAXX,2032,0.1730999999999999
GLOBAL,PWRBIOLKAXX,2033,0.1764999999999999
GLOBAL,PWRBIOLKAXX,2034,0.1800999999999999
GLOBAL,PWRBIOLKAXX,2035,0.184
GLOBAL,PWRBIOLKAXX,2036,0.1881999999999999
GLOBAL,PWRBIOLKAXX,2037,0.1925999999999999
GLOBAL,PWRBIOLKAXX,2038,0.1972999999999999
GLOBAL,PWRBIOLKAXX,2039,0.2020999999999999
GLOBAL,PWRBIOLKAXX,2040,0.2071999999999999
GLOBAL,PWRBIOLKAXX,2041,0.2124999999999999
GLOBAL,PWRBIOLKAXX,2042,0.2178999999999999
GLOBAL,PWRBIOLKAXX,2043,0.2233999999999999
GLOBAL,PWRBIOLKAXX,2044,0.2290999999999999
GLOBAL,PWRBIOLKAXX,2045,0.2346999999999999
GLOBAL,PWRBIOLKAXX,2046,0.2403999999999999
GLOBAL,PWRBIOLKAXX,2047,0.2461999999999999
GLOBAL,PWRBIOLKAXX,2048,0.2517999999999999
GLOBAL,PWRBIOLKAXX,2049,0.2575999999999999
GLOBAL,PWRBIOLKAXX,2050,0.2635999999999999
GLOBAL,PWRBIONPLXX,2024,0.0005
GLOBAL,PWRBIONPLXX,2025,0.001
GLOBAL,PWRBIONPLXX,2026,0.0015
GLOBAL,PWRBIONPLXX,2027,0.0020999999999999
GLOBAL,PWRBIONPLXX,2028,0.0026999999999999
GLOBAL,PWRBIONPLXX,2029,0.0033999999999999
GLOBAL,PWRBIONPLXX,2030,0.0041999999999999
GLOBAL,PWRBIONPLXX,2031,0.005
GLOBAL,PWRBIONPLXX,2032,0.0059
GLOBAL,PWRBIONPLXX,2033,0.0068999999999999
GLOBAL,PWRBIONPLXX,2034,0.0074999999999999
GLOBAL,PWRBIONPLXX,2035,0.0080999999999999
GLOBAL,PWRBIONPLXX,2036,0.0087
GLOBAL,PWRBIONPLXX,2037,0.0093
GLOBAL,PWRBIONPLXX,2038,0.0099
GLOBAL,PWRBIONPLXX,2039,0.0105
GLOBAL,PWRBIONPLXX,2040,0.0111
GLOBAL,PWRBIONPLXX,2041,0.0117
GLOBAL,PWRBIONPLXX,2042,0.0123
GLOBAL,PWRBIONPLXX,2043,0.0129
GLOBAL,PWRBIONPLXX,2044,0.0135
GLOBAL,PWRBIONPLXX,2045,0.0141
GLOBAL,PWRBIONPLXX,2046,0.0147
GLOBAL,PWRBIONPLXX,2047,0.0152999999999999
GLOBAL,PWRBIONPLXX,2048,0.0158999999999999
GLOBAL,PWRBIONPLXX,2049,0.0164999999999999
GLOBAL,PWRBIONPLXX,2050,0.0170999999999999
GLOBAL,PWRCOABGDXX,2023,5.683
GLOBAL,PWRCOABGDXX,2024,5.683
GLOBAL,PWRCOABGDXX,2025,7.003
GLOBAL,PWRCOABGDXX,2026,7.003
GLOBAL,PWRCOABGDXX,2027,7.003
GLOBAL,PWRCOABGDXX,2028,7.003
GLOBAL,PWRCOABGDXX,2029,7.003
GLOBAL,PWRCOABGDXX,2030,7.003
GLOBAL,PWRCOABGDXX,2031,7.003
GLOBAL,PWRCOABGDXX,2032,7.003
GLOBAL,PWRCOABGDXX,2033,7.003
GLOBAL,PWRCOABGDXX,2034,7.003
GLOBAL,PWRCOABGDXX,2035,7.003
GLOBAL,PWRCOABGDXX,2036,7.003
GLOBAL,PWRCOABGDXX,2037,7.003
GLOBAL,PWRCOABGDXX,2038,7.003
GLOBAL,PWRCOABGDXX,2039,7.003
GLOBAL,PWRCOABGDXX,2040,7.003
GLOBAL,PWRCOABGDXX,2041,7.003
GLOBAL,PWRCOABGDXX,2042,7.003
GLOBAL,PWRCOABGDXX,2043,7.003
GLOBAL,PWRCOABGDXX,2044,7.003
GLOBAL,PWRCOABGDXX,2045,7.003
GLOBAL,PWRCOABGDXX,2046,7.003
GLOBAL,PWRCOABGDXX,2047,7.003
GLOBAL,PWRCOABGDXX,2048,7.003
GLOBAL,PWRCOABGDXX,2049,7.003
GLOBAL,PWRCOABGDXX,2050,7.003
GLOBAL,PWRCOAINDEA,2023,36.997
GLOBAL,PWRCOAINDEA,2024,36.997
GLOBAL,PWRCOAINDEA,2025,37.657
GLOBAL,PWRCOAINDEA,2026,39.917
GLOBAL,PWRCOAINDEA,2027,41.237
GLOBAL,PWRCOAINDEA,2028,44.157
GLOBAL,PWRCOAINDEA,2029,46.557
GLOBAL,PWRCOAINDEA,2030,48.957
GLOBAL,PWRCOAINDEA,2031,48.957
GLOBAL,PWRCOAINDEA,2032,48.957
GLOBAL,PWRCOAINDEA,2033,52.417
GLOBAL,PWRCOAINDEA,2034,55.87709999999999
GLOBAL,PWRCOAINDEA,2035,63.91709999999999
GLOBAL,PWRCOAINDEA,2036,64.66814984179415
GLOBAL,PWRCOAINDEA,2037,68.57924984179414
GLOBAL,PWRCOAINDEA,2038,72.49034984179414
GLOBAL,PWRCOAINDEA,2039,76.40144984179415
GLOBAL,PWRCOAINDEA,2040,80.31254984179414
GLOBAL,PWRCOAINDEA,2041,84.22364984179414
GLOBAL,PWRCOAINDEA,2042,88.68504984179414
GLOBAL,PWRCOAINDEA,2043,93.34964984179416
GLOBAL,PWRCOAINDEA,2044,98.22674984179416
GLOBAL,PWRCOAINDEA,2045,103.32594984179416
GLOBAL,PWRCOAINDEA,2046,108.65744984179416
GLOBAL,PWRCOAINDEA,2047,114.23174984179416
GLOBAL,PWRCOAINDEA,2048,120.05994984179416
GLOBAL,PWRCOAINDEA,2049,126.15364984179416
GLOBAL,PWRCOAINDEA,2050,129.60912289749078
GLOBAL,PWRCOAINDNE,2023,0.75
GLOBAL,PWRCOAINDNE,2024,0.75
GLOBAL,PWRCOAINDNE,2025,0.75
GLOBAL,PWRCOAINDNE,2026,0.75
GLOBAL,PWRCOAINDNE,2027,0.75
GLOBAL,PWRCOAINDNE,2028,0.75
GLOBAL,PWRCOAINDNE,2029,0.75
GLOBAL,PWRCOAINDNE,2030,0.75
GLOBAL,PWRCOAINDNE,2031,0.75
GLOBAL,PWRCOAINDNE,2032,0.8163
GLOBAL,PWRCOAINDNE,2033,0.8826
GLOBAL,PWRCOAINDNE,2034,0.9489
GLOBAL,PWRCOAINDNE,2035,1.0152
GLOBAL,PWRCOAINDNE,2036,1.0815
GLOBAL,PWRCOAINDNE,2037,1.1592
GLOBAL,PWRCOAINDNE,2038,1.2369
GLOBAL,PWRCOAINDNE,2039,1.3145
GLOBAL,PWRCOAINDNE,2040,1.3922
GLOBAL,PWRCOAINDNE,2041,1.4699000000000002
GLOBAL,PWRCOAINDNE,2042,1.5586000000000002
GLOBAL,PWRCOAINDNE,2043,1.6514000000000006
GLOBAL,PWRCOAINDNE,2044,1.7485000000000004
GLOBAL,PWRCOAINDNE,2045,0.9985
GLOBAL,PWRCOAINDNE,2046,1.0889
GLOBAL,PWRCOAINDNE,2047,1.1835
GLOBAL,PWRCOAINDNE,2048,1.2825
GLOBAL,PWRCOAINDNE,2049,1.3861
GLOBAL,PWRCOAINDNE,2050,1.4945000000000004
GLOBAL,PWRCOAINDNO,2023,45.865
GLOBAL,PWRCOAINDNO,2024,45.865
GLOBAL,PWRCOAINDNO,2025,45.865
GLOBAL,PWRCOAINDNO,2026,46.525
GLOBAL,PWRCOAINDNO,2027,46.525
GLOBAL,PWRCOAINDNO,2028,46.525
GLOBAL,PWRCOAINDNO,2029,48.925
GLOBAL,PWRCOAINDNO,2030,48.925
GLOBAL,PWRCOAINDNO,2031,48.925
GLOBAL,PWRCOAINDNO,2032,52.6448
GLOBAL,PWRCOAINDNO,2033,56.3646
GLOBAL,PWRCOAINDNO,2034,60.0844
GLOBAL,PWRCOAINDNO,2035,62.18288160946855
GLOBAL,PWRCOAINDNO,2036,65.90268160946854
GLOBAL,PWRCOAINDNO,2037,69.94778160946855
GLOBAL,PWRCOAINDNO,2038,73.99288160946854
GLOBAL,PWRCOAINDNO,2039,78.03798160946856
GLOBAL,PWRCOAINDNO,2040,81.90218160946857
GLOBAL,PWRCOAINDNO,2041,85.94058160946858
GLOBAL,PWRCOAINDNO,2042,90.47748160946857
GLOBAL,PWRCOAINDNO,2043,95.20088160946858
GLOBAL,PWRCOAINDNO,2044,100.05528160946858
GLOBAL,PWRCOAINDNO,2045,105.01038160946858
GLOBAL,PWRCOAINDNO,2046,110.32028160946858
GLOBAL,PWRCOAINDNO,2047,115.84448160946856
GLOBAL,PWRCOAINDNO,2048,121.5915816094686
GLOBAL,PWRCOAINDNO,2049,127.5706816094686
GLOBAL,PWRCOAINDNO,2050,133.79108160946856
GLOBAL,PWRCOAINDSO,2023,44.998
GLOBAL,PWRCOAINDSO,2024,44.998
GLOBAL,PWRCOAINDSO,2025,48.198
GLOBAL,PWRCOAINDSO,2026,50.838
GLOBAL,PWRCOAINDSO,2027,50.838
GLOBAL,PWRCOAINDSO,2028,51.638
GLOBAL,PWRCOAINDSO,2029,51.638
GLOBAL,PWRCOAINDSO,2030,51.638
GLOBAL,PWRCOAINDSO,2031,51.638
GLOBAL,PWRCOAINDSO,2032,51.638
GLOBAL,PWRCOAINDSO,2033,51.638
GLOBAL,PWRCOAINDSO,2034,51.638
GLOBAL,PWRCOAINDSO,2035,53.618
GLOBAL,PWRCOAINDSO,2036,53.618
GLOBAL,PWRCOAINDSO,2037,53.618
GLOBAL,PWRCOAINDSO,2038,53.618
GLOBAL,PWRCOAINDSO,2039,54.62656233900059
GLOBAL,PWRCOAINDSO,2040,56.85554442965828
GLOBAL,PWRCOAINDSO,2041,58.93620213083536
GLOBAL,PWRCOAINDSO,2042,61.34811318651046
GLOBAL,PWRCOAINDSO,2043,63.96276963585919
GLOBAL,PWRCOAINDSO,2044,67.05528205092935
GLOBAL,PWRCOAINDSO,2045,70.2767054832875
GLOBAL,PWRCOAINDSO,2046,73.62339227562009
GLOBAL,PWRCOAINDSO,2047,76.08721029660524
GLOBAL,PWRCOAINDSO,2048,78.94180861751043
GLOBAL,PWRCOAINDSO,2049,82.97253634935095
GLOBAL,PWRCOAINDSO,2050,87.17490843521814
GLOBAL,PWRCOAINDWE,2023,85.786
GLOBAL,PWRCOAINDWE,2024,85.786
GLOBAL,PWRCOAINDWE,2025,87.38599999999998
GLOBAL,PWRCOAINDWE,2026,90.58600000000001
GLOBAL,PWRCOAINDWE,2027,92.186
GLOBAL,PWRCOAINDWE,2028,95.386
GLOBAL,PWRCOAINDWE,2029,99.626
GLOBAL,PWRCOAINDWE,2030,99.626
GLOBAL,PWRCOAINDWE,2031,99.626
GLOBAL,PWRCOAINDWE,2032,99.626
GLOBAL,PWRCOAINDWE,2033,99.626
GLOBAL,PWRCOAINDWE,2034,99.626
GLOBAL,PWRCOAINDWE,2035,105.641
GLOBAL,PWRCOAINDWE,2036,105.641
GLOBAL,PWRCOAINDWE,2037,105.641
GLOBAL,PWRCOAINDWE,2038,105.641
GLOBAL,PWRCOAINDWE,2039,105.8388157461153
GLOBAL,PWRCOAINDWE,2040,107.08428052454106
GLOBAL,PWRCOAINDWE,2041,110.87759536345158
GLOBAL,PWRCOAINDWE,2042,114.908347530084
GLOBAL,PWRCOAINDWE,2043,118.00442178513109
GLOBAL,PWRCOAINDWE,2044,121.14910299271492
GLOBAL,PWRCOAINDWE,2045,125.41724141709138
GLOBAL,PWRCOAINDWE,2046,128.91758127829647
GLOBAL,PWRCOAINDWE,2047,134.1815986097896
GLOBAL,PWRCOAINDWE,2048,139.46173359949216
GLOBAL,PWRCOAINDWE,2049,144.4522759982287
GLOBAL,PWRCOAINDWE,2050,153.73307960924242
GLOBAL,PWRCOALKAXX,2023,0.81
GLOBAL,PWRCOALKAXX,2024,0.81
GLOBAL,PWRCOALKAXX,2025,0.81
GLOBAL,PWRCOALKAXX,2026,0.81
GLOBAL,PWRCOALKAXX,2027,0.81
GLOBAL,PWRCOALKAXX,2028,0.81
GLOBAL,PWRCOALKAXX,2029,0.81
GLOBAL,PWRCOALKAXX,2030,0.81
GLOBAL,PWRCOALKAXX,2031,0.81
GLOBAL,PWRCOALKAXX,2032,0.81
GLOBAL,PWRCOALKAXX,2033,0.81
GLOBAL,PWRCOALKAXX,2034,0.81
GLOBAL,PWRCOALKAXX,2035,0.81
GLOBAL,PWRCOALKAXX,2036,0.81
GLOBAL,PWRCOALKAXX,2037,0.81
GLOBAL,PWRCOALKAXX,2038,0.81
GLOBAL,PWRCOALKAXX,2039,0.81
GLOBAL,PWRCOALKAXX,2040,0.81
GLOBAL,PWRCOALKAXX,2041,0.81
GLOBAL,PWRCOALKAXX,2042,0.81
GLOBAL,PWRCOALKAXX,2043,0.81
GLOBAL,PWRCOALKAXX,2044,0.81
GLOBAL,PWRCOALKAXX,2045,0.81
GLOBAL,PWRCOALKAXX,2046,0.81
GLOBAL,PWRCOALKAXX,2047,0.81
GLOBAL,PWRCOALKAXX,2048,0.81
GLOBAL,PWRCOALKAXX,2049,0.81
GLOBAL,PWRCOALKAXX,2050,0.81
GLOBAL,PWRCSPINDNO,2023,0.3554999999999999
GLOBAL,PWRCSPINDNO,2024,0.3554999999999999
GLOBAL,PWRCSPINDNO,2025,0.3782999999999999
GLOBAL,PWRCSPINDNO,2026,0.4027999999999999
GLOBAL,PWRCSPINDNO,2027,0.4288
GLOBAL,PWRCSPINDNO,2028,0.4561
GLOBAL,PWRCSPINDNO,2029,0.4880999999999999
GLOBAL,PWRCSPINDNO,2030,0.5123999999999999
GLOBAL,PWRCSPINDNO,2031,0.5369
GLOBAL,PWRCSPINDNO,2032,0.5656999999999999
GLOBAL,PWRCSPINDNO,2033,0.5945
GLOBAL,PWRCSPINDNO,2034,0.6232999999999999
GLOBAL,PWRCSPINDNO,2035,0.6521
GLOBAL,PWRCSPINDNO,2036,0.6809
GLOBAL,PWRCSPINDNO,2037,0.7123
GLOBAL,PWRCSPINDNO,2038,0.7437
GLOBAL,PWRCSPINDNO,2039,0.7751000000000001
GLOBAL,PWRCSPINDNO,2040,0.6275999999999999
GLOBAL,PWRCSPINDNO,2041,0.6588999999999999
GLOBAL,PWRCSPINDNO,2042,0.6910999999999999
GLOBAL,PWRCSPINDNO,2043,0.7277
GLOBAL,PWRCSPINDNO,2044,0.7152999999999999
GLOBAL,PWRCSPINDNO,2045,0.6286999999999999
GLOBAL,PWRCSPINDNO,2046,0.6698999999999999
GLOBAL,PWRCSPINDNO,2047,0.7127
GLOBAL,PWRCSPINDNO,2048,0.7572000000000001
GLOBAL,PWRCSPINDNO,2049,0.8035000000000002
GLOBAL,PWRCSPINDNO,2050,0.8517000000000002
GLOBAL,PWRCSPINDSO,2023,0.1
GLOBAL,PWRCSPINDSO,2024,0.1
GLOBAL,PWRCSPINDSO,2025,0.1
GLOBAL,PWRCSPINDSO,2026,0.1
GLOBAL,PWRCSPINDSO,2027,0.1
GLOBAL,PWRCSPINDSO,2028,0.1074
GLOBAL,PWRCSPINDSO,2029,0.116
GLOBAL,PWRCSPINDSO,2030,0.1227
GLOBAL,PWRCSPINDSO,2031,0.1292
GLOBAL,PWRCSPINDSO,2032,0.137
GLOBAL,PWRCSPINDSO,2033,0.1448
GLOBAL,PWRCSPINDSO,2034,0.1526
GLOBAL,PWRCSPINDSO,2035,0.1604
GLOBAL,PWRCSPINDSO,2036,0.1682
GLOBAL,PWRCSPINDSO,2037,0.1765
GLOBAL,PWRCSPINDSO,2038,0.1848
GLOBAL,PWRCSPINDSO,2039,0.1931
GLOBAL,PWRCSPINDSO,2040,0.1012
GLOBAL,PWRCSPINDSO,2041,0.1095
GLOBAL,PWRCSPINDSO,2042,0.1188
GLOBAL,PWRCSPINDSO,2043,0.1285
GLOBAL,PWRCSPINDSO,2044,0.1386
GLOBAL,PWRCSPINDSO,2045,0.1491
GLOBAL,PWRCSPINDSO,2046,0.16
GLOBAL,PWRCSPINDSO,2047,0.1713
GLOBAL,PWRCSPINDSO,2048,0.183
GLOBAL,PWRCSPINDSO,2049,0.1952
GLOBAL,PWRCSPINDSO,2050,0.2079
GLOBAL,PWRHYDBGDXX,2023,0.23
GLOBAL,PWRHYDBGDXX,2024,0.246
GLOBAL,PWRHYDBGDXX,2025,0.2631
GLOBAL,PWRHYDBGDXX,2026,0.2812999999999999
GLOBAL,PWRHYDBGDXX,2027,0.3008
GLOBAL,PWRHYDBGDXX,2028,0.3216
GLOBAL,PWRHYDBGDXX,2029,0.3438
GLOBAL,PWRHYDBGDXX,2030,0.3675
GLOBAL,PWRHYDBGDXX,2031,0.3874
GLOBAL,PWRHYDBGDXX,2032,0.4084
GLOBAL,PWRHYDBGDXX,2033,0.4305
GLOBAL,PWRHYDBGDXX,2034,0.4538
GLOBAL,PWRHYDBGDXX,2035,0.4783
GLOBAL,PWRHYDBGDXX,2036,0.5041999999999999
GLOBAL,PWRHYDBGDXX,2037,0.5313999999999999
GLOBAL,PWRHYDBGDXX,2038,0.5600999999999999
GLOBAL,PWRHYDBGDXX,2039,0.5902999999999999
GLOBAL,PWRHYDBGDXX,2040,0.6220999999999999
GLOBAL,PWRHYDBGDXX,2041,0.6556
GLOBAL,PWRHYDBGDXX,2042,0.6837
GLOBAL,PWRHYDBGDXX,2043,0.7130000000000001
GLOBAL,PWRHYDBGDXX,2044,0.7435
GLOBAL,PWRHYDBGDXX,2045,0.7752999999999999
GLOBAL,PWRHYDBGDXX,2046,0.8085000000000001
GLOBAL,PWRHYDBGDXX,2047,0.8301999999999999
GLOBAL,PWRHYDBGDXX,2048,0.8301999999999999
GLOBAL,PWRHYDBGDXX,2049,0.8301999999999999
GLOBAL,PWRHYDBGDXX,2050,0.8301999999999999
GLOBAL,PWRHYDBTNXX,2023,2.33
GLOBAL,PWRHYDBTNXX,2024,2.4974
GLOBAL,PWRHYDBTNXX,2025,3.6468
GLOBAL,PWRHYDBTNXX,2026,3.8385
GLOBAL,PWRHYDBTNXX,2027,4.4445
GLOBAL,PWRHYDBTNXX,2028,5.121199999999999
GLOBAL,PWRHYDBTNXX,2029,5.356
GLOBAL,PWRHYDBTNXX,2030,9.542400000000002
GLOBAL,PWRHYDBTNXX,2031,9.8113
GLOBAL,PWRHYDBTNXX,2032,10.099000000000002
GLOBAL,PWRHYDBTNXX,2033,10.4068
GLOBAL,PWRHYDBTNXX,2034,10.736200000000002
GLOBAL,PWRHYDBTNXX,2035,13.347000000000005
GLOBAL,PWRHYDBTNXX,2036,13.724100000000002
GLOBAL,PWRHYDBTNXX,2037,14.127400000000002
GLOBAL,PWRHYDBTNXX,2038,14.559100000000004
GLOBAL,PWRHYDBTNXX,2039,15.021000000000004
GLOBAL,PWRHYDBTNXX,2040,15.515100000000002
GLOBAL,PWRHYDBTNXX,2041,16.043799999999997
GLOBAL,PWRHYDBTNXX,2042,16.609499999999997
GLOBAL,PWRHYDBTNXX,2043,17.214799999999997
GLOBAL,PWRHYDBTNXX,2044,17.8623
GLOBAL,PWRHYDBTNXX,2045,18.555300000000003
GLOBAL,PWRHYDBTNXX,2046,19.2966
GLOBAL,PWRHYDBTNXX,2047,20.0898
GLOBAL,PWRHYDBTNXX,2048,20.9385
GLOBAL,PWRHYDBTNXX,2049,21.8465
GLOBAL,PWRHYDBTNXX,2050,22.8181
GLOBAL,PWRHYDINDEA,2023,5.988
GLOBAL,PWRHYDINDEA,2024,5.988
GLOBAL,PWRHYDINDEA,2025,6.054
GLOBAL,PWRHYDINDEA,2026,6.174
GLOBAL,PWRHYDINDEA,2027,6.674
GLOBAL,PWRHYDINDEA,2028,6.674
GLOBAL,PWRHYDINDEA,2029,6.794
GLOBAL,PWRHYDINDEA,2030,6.794
GLOBAL,PWRHYDINDEA,2031,6.794
GLOBAL,PWRHYDINDEA,2032,6.794
GLOBAL,PWRHYDINDEA,2033,6.794
GLOBAL,PWRHYDINDEA,2034,6.794
GLOBAL,PWRHYDINDEA,2035,7.145
GLOBAL,PWRHYDINDEA,2036,7.145
GLOBAL,PWRHYDINDEA,2037,7.145
GLOBAL,PWRHYDINDEA,2038,7.145
GLOBAL,PWRHYDINDEA,2039,7.145
GLOBAL,PWRHYDINDEA,2040,7.145
GLOBAL,PWRHYDINDEA,2041,7.145
GLOBAL,PWRHYDINDEA,2042,7.145
GLOBAL,PWRHYDINDEA,2043,7.145
GLOBAL,PWRHYDINDEA,2044,7.145
GLOBAL,PWRHYDINDEA,2045,7.145
GLOBAL,PWRHYDINDEA,2046,7.145
GLOBAL,PWRHYDINDEA,2047,7.145
GLOBAL,PWRHYDINDEA,2048,7.145
GLOBAL,PWRHYDINDEA,2049,7.145
GLOBAL,PWRHYDINDEA,2050,7.145
GLOBAL,PWRHYDINDNE,2023,2.027
GLOBAL,PWRHYDINDNE,2024,2.1457
GLOBAL,PWRHYDINDNE,2025,2.2719
GLOBAL,PWRHYDINDNE,2026,4.1606
GLOBAL,PWRHYDINDNE,2027,4.2996
GLOBAL,PWRHYDINDNE,2028,4.445799999999999
GLOBAL,PWRHYDINDNE,2029,4.876099999999999
GLOBAL,PWRHYDINDNE,2030,5.028499999999999
GLOBAL,PWRHYDINDNE,2031,5.178
GLOBAL,PWRHYDINDNE,2032,8.0868
GLOBAL,PWRHYDINDNE,2033,8.265900000000002
GLOBAL,PWRHYDINDNE,2034,8.445000000000002
GLOBAL,PWRHYDINDNE,2035,8.624100000000002
GLOBAL,PWRHYDINDNE,2036,8.803200000000002
GLOBAL,PWRHYDINDNE,2037,9.0131
GLOBAL,PWRHYDINDNE,2038,9.223
GLOBAL,PWRHYDINDNE,2039,9.432800000000002
GLOBAL,PWRHYDINDNE,2040,9.642700000000003
GLOBAL,PWRHYDINDNE,2041,9.852600000000002
GLOBAL,PWRHYDINDNE,2042,10.092500000000005
GLOBAL,PWRHYDINDNE,2043,10.3434
GLOBAL,PWRHYDINDNE,2044,10.605900000000002
GLOBAL,PWRHYDINDNE,2045,10.605900000000002
GLOBAL,PWRHYDINDNE,2046,10.850300000000002
GLOBAL,PWRHYDINDNE,2047,11.106000000000003
GLOBAL,PWRHYDINDNE,2048,11.373600000000003
GLOBAL,PWRHYDINDNE,2049,11.653500000000005
GLOBAL,PWRHYDINDNE,2050,11.946400000000002
GLOBAL,PWRHYDINDNO,2023,19.756
GLOBAL,PWRHYDINDNO,2024,20.9551
GLOBAL,PWRHYDINDNO,2025,22.222800000000003
GLOBAL,PWRHYDINDNO,2026,24.267000000000003
GLOBAL,PWRHYDINDNO,2027,25.711900000000004
GLOBAL,PWRHYDINDNO,2028,27.570300000000003
GLOBAL,PWRHYDINDNO,2029,29.346100000000003
GLOBAL,PWRHYDINDNO,2030,30.6972
GLOBAL,PWRHYDINDNO,2031,32.0601
GLOBAL,PWRHYDINDNO,2032,33.6624
GLOBAL,PWRHYDINDNO,2033,35.2647
GLOBAL,PWRHYDINDNO,2034,36.867
GLOBAL,PWRHYDINDNO,2035,38.4693
GLOBAL,PWRHYDINDNO,2036,40.0716
GLOBAL,PWRHYDINDNO,2037,41.814
GLOBAL,PWRHYDINDNO,2038,43.5564
GLOBAL,PWRHYDINDNO,2039,45.29880000000001
GLOBAL,PWRHYDINDNO,2040,46.9633
GLOBAL,PWRHYDINDNO,2041,48.7028
GLOBAL,PWRHYDINDNO,2042,50.657
GLOBAL,PWRHYDINDNO,2043,52.6915
GLOBAL,PWRHYDINDNO,2044,54.782500000000006
GLOBAL,PWRHYDINDNO,2045,56.916900000000005
GLOBAL,PWRHYDINDNO,2046,59.2041
GLOBAL,PWRHYDINDNO,2047,61.5836
GLOBAL,PWRHYDINDNO,2048,64.05909999999999
GLOBAL,PWRHYDINDNO,2049,66.6345
GLOBAL,PWRHYDINDNO,2050,69.31390000000003
GLOBAL,PWRHYDINDSO,2023,11.747
GLOBAL,PWRHYDINDSO,2024,12.4561
GLOBAL,PWRHYDINDSO,2025,13.209
GLOBAL,PWRHYDINDSO,2026,14.4513
GLOBAL,PWRHYDINDSO,2027,16.1077
GLOBAL,PWRHYDINDSO,2028,17.077299999999997
GLOBAL,PWRHYDINDSO,2029,21.4708
GLOBAL,PWRHYDINDSO,2030,22.2541
GLOBAL,PWRHYDINDSO,2031,23.0175
GLOBAL,PWRHYDINDSO,2032,23.934600000000003
GLOBAL,PWRHYDINDSO,2033,24.8517
GLOBAL,PWRHYDINDSO,2034,25.7688
GLOBAL,PWRHYDINDSO,2035,26.6859
GLOBAL,PWRHYDINDSO,2036,27.603
GLOBAL,PWRHYDINDSO,2037,28.5835
GLOBAL,PWRHYDINDSO,2038,29.564000000000004
GLOBAL,PWRHYDINDSO,2039,30.544500000000003
GLOBAL,PWRHYDINDSO,2040,31.501800000000006
GLOBAL,PWRHYDINDSO,2041,32.48150000000001
GLOBAL,PWRHYDINDSO,2042,33.5782
GLOBAL,PWRHYDINDSO,2043,34.7175
GLOBAL,PWRHYDINDSO,2044,34.7552
GLOBAL,PWRHYDINDSO,2045,34.7552
GLOBAL,PWRHYDINDSO,2046,34.7552
GLOBAL,PWRHYDINDSO,2047,34.7552
GLOBAL,PWRHYDINDSO,2048,34.7552
GLOBAL,PWRHYDINDSO,2049,34.7552
GLOBAL,PWRHYDINDSO,2050,34.7552
GLOBAL,PWRHYDINDWE,2023,7.392
GLOBAL,PWRHYDINDWE,2024,7.846
GLOBAL,PWRHYDINDWE,2025,8.3427
GLOBAL,PWRHYDINDWE,2026,10.281900000000002
GLOBAL,PWRHYDINDWE,2027,10.822
GLOBAL,PWRHYDINDWE,2028,13.347
GLOBAL,PWRHYDINDWE,2029,14.037800000000002
GLOBAL,PWRHYDINDWE,2030,14.431900000000002
GLOBAL,PWRHYDINDWE,2031,14.809300000000002
GLOBAL,PWRHYDINDWE,2032,15.379
GLOBAL,PWRHYDINDWE,2033,15.9487
GLOBAL,PWRHYDINDWE,2034,16.5184
GLOBAL,PWRHYDINDWE,2035,17.0881
GLOBAL,PWRHYDINDWE,2036,17.657799999999998
GLOBAL,PWRHYDINDWE,2037,18.2863
GLOBAL,PWRHYDINDWE,2038,18.9148
GLOBAL,PWRHYDINDWE,2039,19.543299999999995
GLOBAL,PWRHYDINDWE,2040,20.1718
GLOBAL,PWRHYDINDWE,2041,20.8003
GLOBAL,PWRHYDINDWE,2042,21.5057
GLOBAL,PWRHYDINDWE,2043,22.2392
GLOBAL,PWRHYDINDWE,2044,23.0019
GLOBAL,PWRHYDINDWE,2045,23.7949
GLOBAL,PWRHYDINDWE,2046,24.6194
GLOBAL,PWRHYDINDWE,2047,25.476700000000008
GLOBAL,PWRHYDINDWE,2048,26.36810000000001
GLOBAL,PWRHYDINDWE,2049,27.29490000000001
GLOBAL,PWRHYDINDWE,2050,28.258600000000005
GLOBAL,PWRHYDLKAXX,2023,1.835
GLOBAL,PWRHYDLKAXX,2024,1.835
GLOBAL,PWRHYDLKAXX,2025,1.845
GLOBAL,PWRHYDLKAXX,2026,1.855
GLOBAL,PWRHYDLKAXX,2027,1.865
GLOBAL,PWRHYDLKAXX,2028,1.885
GLOBAL,PWRHYDLKAXX,2029,1.905
GLOBAL,PWRHYDLKAXX,2030,1.925
GLOBAL,PWRHYDLKAXX,2031,1.945
GLOBAL,PWRHYDLKAXX,2032,1.945
GLOBAL,PWRHYDLKAXX,2033,1.945
GLOBAL,PWRHYDLKAXX,2034,2.5449999999999995
GLOBAL,PWRHYDLKAXX,2035,2.5449999999999995
GLOBAL,PWRHYDLKAXX,2036,2.5449999999999995
GLOBAL,PWRHYDLKAXX,2037,2.5449999999999995
GLOBAL,PWRHYDLKAXX,2038,2.5449999999999995
GLOBAL,PWRHYDLKAXX,2039,2.5449999999999995
GLOBAL,PWRHYDLKAXX,2040,2.5449999999999995
GLOBAL,PWRHYDLKAXX,2041,2.5449999999999995
GLOBAL,PWRHYDLKAXX,2042,2.5449999999999995
GLOBAL,PWRHYDLKAXX,2043,2.5449999999999995
GLOBAL,PWRHYDLKAXX,2044,2.5449999999999995
GLOBAL,PWRHYDLKAXX,2045,2.5449999999999995
GLOBAL,PWRHYDLKAXX,2046,2.5449999999999995
GLOBAL,PWRHYDLKAXX,2047,2.5449999999999995
GLOBAL,PWRHYDLKAXX,2048,2.5449999999999995
GLOBAL,PWRHYDLKAXX,2049,2.5449999999999995
GLOBAL,PWRHYDLKAXX,2050,2.5449999999999995
GLOBAL,PWRHYDNPLXX,2023,2.7
GLOBAL,PWRHYDNPLXX,2024,2.9182
GLOBAL,PWRHYDNPLXX,2025,3.4592
GLOBAL,PWRHYDNPLXX,2026,3.7017
GLOBAL,PWRHYDNPLXX,2027,3.9578
GLOBAL,PWRHYDNPLXX,2028,4.248800000000001
GLOBAL,PWRHYDNPLXX,2029,4.5669
GLOBAL,PWRHYDNPLXX,2030,4.9111
GLOBAL,PWRHYDNPLXX,2031,5.283600000000001
GLOBAL,PWRHYDNPLXX,2032,5.686800000000001
GLOBAL,PWRHYDNPLXX,2033,6.123100000000002
GLOBAL,PWRHYDNPLXX,2034,6.386900000000001
GLOBAL,PWRHYDNPLXX,2035,6.6507000000000005
GLOBAL,PWRHYDNPLXX,2036,6.9145
GLOBAL,PWRHYDNPLXX,2037,7.1783
GLOBAL,PWRHYDNPLXX,2038,7.4421
GLOBAL,PWRHYDNPLXX,2039,7.705899999999998
GLOBAL,PWRHYDNPLXX,2040,7.969699999999999
GLOBAL,PWRHYDNPLXX,2041,8.233499999999998
GLOBAL,PWRHYDNPLXX,2042,8.497299999999997
GLOBAL,PWRHYDNPLXX,2043,8.761099999999999
GLOBAL,PWRHYDNPLXX,2044,9.0249
GLOBAL,PWRHYDNPLXX,2045,9.288699999999997
GLOBAL,PWRHYDNPLXX,2046,9.552499999999997
GLOBAL,PWRHYDNPLXX,2047,9.816299999999996
GLOBAL,PWRHYDNPLXX,2048,10.080099999999996
GLOBAL,PWRHYDNPLXX,2049,10.343899999999998
GLOBAL,PWRHYDNPLXX,2050,10.607699999999998
GLOBAL,PWRNGSBGDXX,2023,13.038
GLOBAL,PWRNGSBGDXX,2024,13.038
GLOBAL,PWRNGSBGDXX,2025,18.838
GLOBAL,PWRNGSBGDXX,2026,18.838
GLOBAL,PWRNGSBGDXX,2027,18.838
GLOBAL,PWRNGSBGDXX,2028,18.838
GLOBAL,PWRNGSBGDXX,2029,20.096
GLOBAL,PWRNGSBGDXX,2030,21.4389
GLOBAL,PWRNGSBGDXX,2031,22.5695
GLOBAL,PWRNGSBGDXX,2032,23.7604
GLOBAL,PWRNGSBGDXX,2033,25.0148
GLOBAL,PWRNGSBGDXX,2034,26.3359
GLOBAL,PWRNGSBGDXX,2035,27.727400000000003
GLOBAL,PWRNGSBGDXX,2036,29.193
GLOBAL,PWRNGSBGDXX,2037,30.736600000000003
GLOBAL,PWRNGSBGDXX,2038,32.362500000000004
GLOBAL,PWRNGSBGDXX,2039,34.075
GLOBAL,PWRNGSBGDXX,2040,35.878600000000006
GLOBAL,PWRNGSBGDXX,2041,37.778400000000005
GLOBAL,PWRNGSBGDXX,2042,39.3706
GLOBAL,PWRNGSBGDXX,2043,41.0301
GLOBAL,PWRNGSBGDXX,2044,42.76010000000001
GLOBAL,PWRNGSBGDXX,2045,44.5634
GLOBAL,PWRNGSBGDXX,2046,46.443000000000005
GLOBAL,PWRNGSBGDXX,2047,48.40240000000001
GLOBAL,PWRNGSBGDXX,2048,50.4449
GLOBAL,PWRNGSBGDXX,2049,52.5737
GLOBAL,PWRNGSBGDXX,2050,54.793
GLOBAL,PWRNGSINDEA,2023,0.08
GLOBAL,PWRNGSINDEA,2024,0.08
GLOBAL,PWRNGSINDEA,2025,0.08
GLOBAL,PWRNGSINDEA,2026,0.08
GLOBAL,PWRNGSINDEA,2027,0.08
GLOBAL,PWRNGSINDEA,2028,0.0866999999999999
GLOBAL,PWRNGSINDEA,2029,0.0946999999999999
GLOBAL,PWRNGSINDEA,2030,0.1002999999999999
GLOBAL,PWRNGSINDEA,2031,0.1057999999999999
GLOBAL,PWRNGSINDEA,2032,0.1133
GLOBAL,PWRNGSINDEA,2033,0.1208
GLOBAL,PWRNGSINDEA,2034,0.1283
GLOBAL,PWRNGSINDEA,2035,0.1358
GLOBAL,PWRNGSINDEA,2036,0.1433
GLOBAL,PWRNGSINDEA,2037,0.1518
GLOBAL,PWRNGSINDEA,2038,0.1603
GLOBAL,PWRNGSINDEA,2039,0.1688
GLOBAL,PWRNGSINDEA,2040,0.1773
GLOBAL,PWRNGSINDEA,2041,0.1858
GLOBAL,PWRNGSINDEA,2042,0.1954
GLOBAL,PWRNGSINDEA,2043,0.2055
GLOBAL,PWRNGSINDEA,2044,0.216
GLOBAL,PWRNGSINDEA,2045,0.227
GLOBAL,PWRNGSINDEA,2046,0.2385
GLOBAL,PWRNGSINDEA,2047,0.2506
GLOBAL,PWRNGSINDEA,2048,0.2632
GLOBAL,PWRNGSINDEA,2049,0.2764
GLOBAL,PWRNGSINDEA,2050,0.2902
GLOBAL,PWRNGSINDNE,2023,1.665
GLOBAL,PWRNGSINDNE,2024,1.665
GLOBAL,PWRNGSINDNE,2025,1.665
GLOBAL,PWRNGSINDNE,2026,1.665
GLOBAL,PWRNGSINDNE,2027,1.7792
GLOBAL,PWRNGSINDNE,2028,1.8993
GLOBAL,PWRNGSINDNE,2029,2.0315000000000003
GLOBAL,PWRNGSINDNE,2030,2.1566
GLOBAL,PWRNGSINDNE,2031,2.2794
GLOBAL,PWRNGSINDNE,2032,2.4265
GLOBAL,PWRNGSINDNE,2033,2.5735999999999994
GLOBAL,PWRNGSINDNE,2034,2.7206999999999995
GLOBAL,PWRNGSINDNE,2035,2.8677999999999995
GLOBAL,PWRNGSINDNE,2036,3.0148999999999995
GLOBAL,PWRNGSINDNE,2037,3.1873
GLOBAL,PWRNGSINDNE,2038,3.3597
GLOBAL,PWRNGSINDNE,2039,3.5321
GLOBAL,PWRNGSINDNE,2040,3.7045
GLOBAL,PWRNGSINDNE,2041,3.876900000000001
GLOBAL,PWRNGSINDNE,2042,4.073900000000001
GLOBAL,PWRNGSINDNE,2043,4.28
GLOBAL,PWRNGSINDNE,2044,4.4956000000000005
GLOBAL,PWRNGSINDNE,2045,4.995600000000001
GLOBAL,PWRNGSINDNE,2046,5.196400000000001
GLOBAL,PWRNGSINDNE,2047,5.4064000000000005
GLOBAL,PWRNGSINDNE,2048,5.626200000000001
GLOBAL,PWRNGSINDNE,2049,5.8561
GLOBAL,PWRNGSINDNE,2050,6.096699999999999
GLOBAL,PWRNGSINDNO,2023,5.995
GLOBAL,PWRNGSINDNO,2024,5.995
GLOBAL,PWRNGSINDNO,2025,5.995
GLOBAL,PWRNGSINDNO,2026,5.995
GLOBAL,PWRNGSINDNO,2027,6.4334
GLOBAL,PWRNGSINDNO,2028,6.8943
GLOBAL,PWRNGSINDNO,2029,7.4331999999999985
GLOBAL,PWRNGSINDNO,2030,7.843199999999999
GLOBAL,PWRNGSINDNO,2031,8.2568
GLOBAL,PWRNGSINDNO,2032,8.743
GLOBAL,PWRNGSINDNO,2033,9.2292
GLOBAL,PWRNGSINDNO,2034,9.7154
GLOBAL,PWRNGSINDNO,2035,10.2016
GLOBAL,PWRNGSINDNO,2036,10.6878
GLOBAL,PWRNGSINDNO,2037,11.216500000000002
GLOBAL,PWRNGSINDNO,2038,11.7452
GLOBAL,PWRNGSINDNO,2039,12.2739
GLOBAL,PWRNGSINDNO,2040,12.779000000000002
GLOBAL,PWRNGSINDNO,2041,13.306900000000002
GLOBAL,PWRNGSINDNO,2042,13.899900000000002
GLOBAL,PWRNGSINDNO,2043,14.517300000000004
GLOBAL,PWRNGSINDNO,2044,15.151800000000003
GLOBAL,PWRNGSINDNO,2045,15.799500000000004
GLOBAL,PWRNGSINDNO,2046,16.493600000000004
GLOBAL,PWRNGSINDNO,2047,17.215700000000005
GLOBAL,PWRNGSINDNO,2048,17.966900000000006
GLOBAL,PWRNGSINDNO,2049,18.748400000000004
GLOBAL,PWRNGSINDNO,2050,19.56150000000001
GLOBAL,PWRNGSINDSO,2023,6.492
GLOBAL,PWRNGSINDSO,2024,6.492
GLOBAL,PWRNGSINDSO,2025,6.492
GLOBAL,PWRNGSINDSO,2026,6.492
GLOBAL,PWRNGSINDSO,2027,6.492
GLOBAL,PWRNGSINDSO,2028,6.9748
GLOBAL,PWRNGSINDSO,2029,7.534
GLOBAL,PWRNGSINDSO,2030,7.9669
GLOBAL,PWRNGSINDSO,2031,8.3888
GLOBAL,PWRNGSINDSO,2032,8.895699999999998
GLOBAL,PWRNGSINDSO,2033,9.4026
GLOBAL,PWRNGSINDSO,2034,9.9095
GLOBAL,PWRNGSINDSO,2035,10.4164
GLOBAL,PWRNGSINDSO,2036,10.9233
GLOBAL,PWRNGSINDSO,2037,11.4652
GLOBAL,PWRNGSINDSO,2038,12.0071
GLOBAL,PWRNGSINDSO,2039,12.549
GLOBAL,PWRNGSINDSO,2040,13.0781
GLOBAL,PWRNGSINDSO,2041,13.6195
GLOBAL,PWRNGSINDSO,2042,14.2256
GLOBAL,PWRNGSINDSO,2043,14.8553
GLOBAL,PWRNGSINDSO,2044,15.5094
GLOBAL,PWRNGSINDSO,2045,16.1889
GLOBAL,PWRNGSINDSO,2046,16.8948
GLOBAL,PWRNGSINDSO,2047,17.6281
GLOBAL,PWRNGSINDSO,2048,18.3899
GLOBAL,PWRNGSINDSO,2049,19.181300000000007
GLOBAL,PWRNGSINDSO,2050,20.00340000000001
GLOBAL,PWRNGSINDWE,2023,10.806
GLOBAL,PWRNGSINDWE,2024,10.806
GLOBAL,PWRNGSINDWE,2025,10.806
GLOBAL,PWRNGSINDWE,2026,10.806
GLOBAL,PWRNGSINDWE,2027,10.806
GLOBAL,PWRNGSINDWE,2028,11.624
GLOBAL,PWRNGSINDWE,2029,12.6339
GLOBAL,PWRNGSINDWE,2030,13.21
GLOBAL,PWRNGSINDWE,2031,13.7617
GLOBAL,PWRNGSINDWE,2032,14.594500000000002
GLOBAL,PWRNGSINDWE,2033,15.427300000000002
GLOBAL,PWRNGSINDWE,2034,16.260100000000005
GLOBAL,PWRNGSINDWE,2035,17.092900000000004
GLOBAL,PWRNGSINDWE,2036,17.925700000000003
GLOBAL,PWRNGSINDWE,2037,18.844500000000007
GLOBAL,PWRNGSINDWE,2038,19.763300000000005
GLOBAL,PWRNGSINDWE,2039,20.6821
GLOBAL,PWRNGSINDWE,2040,21.6009
GLOBAL,PWRNGSINDWE,2041,22.5197
GLOBAL,PWRNGSINDWE,2042,23.55099999999999
GLOBAL,PWRNGSINDWE,2043,24.6233
GLOBAL,PWRNGSINDWE,2044,25.7382
GLOBAL,PWRNGSINDWE,2045,26.8974
GLOBAL,PWRNGSINDWE,2046,28.1027
GLOBAL,PWRNGSINDWE,2047,29.356000000000005
GLOBAL,PWRNGSINDWE,2048,30.6591
GLOBAL,PWRNGSINDWE,2049,32.014
GLOBAL,PWRNGSINDWE,2050,33.422799999999995
GLOBAL,PWRNGSLKAXX,2025,0.2349999999999999
GLOBAL,PWRNGSLKAXX,2026,0.5849999999999999
GLOBAL,PWRNGSLKAXX,2027,0.6999999999999998
GLOBAL,PWRNGSLKAXX,2028,0.9
GLOBAL,PWRNGSLKAXX,2029,0.9
GLOBAL,PWRNGSLKAXX,2030,1.0299999999999998
GLOBAL,PWRNGSLKAXX,2031,1.13
GLOBAL,PWRNGSLKAXX,2032,1.13
GLOBAL,PWRNGSLKAXX,2033,1.13
GLOBAL,PWRNGSLKAXX,2034,1.13
GLOBAL,PWRNGSLKAXX,2035,1.4299999999999995
GLOBAL,PWRNGSLKAXX,2036,1.6319999999999997
GLOBAL,PWRNGSLKAXX,2037,1.834
GLOBAL,PWRNGSLKAXX,2038,2.036
GLOBAL,PWRNGSLKAXX,2039,2.2379999999999995
GLOBAL,PWRNGSLKAXX,2040,2.4399999999999995
GLOBAL,PWRNGSLKAXX,2041,2.4399999999999995
GLOBAL,PWRNGSLKAXX,2042,2.4399999999999995
GLOBAL,PWRNGSLKAXX,2043,2.4399999999999995
GLOBAL,PWRNGSLKAXX,2044,2.6419999999999995
GLOBAL,PWRNGSLKAXX,2045,2.6419999999999995
GLOBAL,PWRNGSLKAXX,2046,2.6419999999999995
GLOBAL,PWRNGSLKAXX,2047,2.6419999999999995
GLOBAL,PWRNGSLKAXX,2048,2.6419999999999995
GLOBAL,PWRNGSLKAXX,2049,2.6419999999999995
GLOBAL,PWRNGSLKAXX,2050,2.6419999999999995
GLOBAL,PWRNGSMDVXX,2033,0.2332615248642976
GLOBAL,PWRNGSMDVXX,2034,0.2332615248642976
GLOBAL,PWRNGSMDVXX,2035,0.2332615248642976
GLOBAL,PWRNGSMDVXX,2036,0.2332615248642976
GLOBAL,PWRNGSMDVXX,2037,0.3146318187374568
GLOBAL,PWRNGSMDVXX,2038,0.593956402209114
GLOBAL,PWRNGSMDVXX,2039,0.593956402209114
GLOBAL,PWRNGSMDVXX,2040,0.6037019059691883
GLOBAL,PWRNGSMDVXX,2041,0.6218240483138332
GLOBAL,PWRNGSMDVXX,2042,0.6404844721142595
GLOBAL,PWRNGSMDVXX,2043,0.6597190628008529
GLOBAL,PWRNGSMDVXX,2044,0.6795278203736131
GLOBAL,PWRNGSMDVXX,2045,0.6999466302629258
GLOBAL,PWRNGSMDVXX,2046,0.722231402878395
GLOBAL,PWRNGSMDVXX,2047,0.7354014354837358
GLOBAL,PWRNGSMDVXX,2048,0.7537747758410787
GLOBAL,PWRNGSMDVXX,2049,0.7738054208188424
GLOBAL,PWRNGSMDVXX,2050,0.7982272770549196
GLOBAL,PWROILBGDXX,2023,5.833
GLOBAL,PWROILBGDXX,2024,5.833
GLOBAL,PWROILBGDXX,2025,5.833
GLOBAL,PWROILBGDXX,2026,5.833
GLOBAL,PWROILBGDXX,2027,5.833
GLOBAL,PWROILBGDXX,2028,5.833
GLOBAL,PWROILBGDXX,2029,5.833
GLOBAL,PWROILBGDXX,2030,5.833
GLOBAL,PWROILBGDXX,2031,5.833
GLOBAL,PWROILBGDXX,2032,5.833
GLOBAL,PWROILBGDXX,2033,5.895869487378339
GLOBAL,PWROILBGDXX,2034,5.895869487378339
GLOBAL,PWROILBGDXX,2035,5.895869487378339
GLOBAL,PWROILBGDXX,2036,5.895869487378339
GLOBAL,PWROILBGDXX,2037,6.586469487378339
GLOBAL,PWROILBGDXX,2038,7.313869487378339
GLOBAL,PWROILBGDXX,2039,7.313869487378339
GLOBAL,PWROILBGDXX,2040,7.313869487378339
GLOBAL,PWROILBGDXX,2041,7.313869487378339
GLOBAL,PWROILBGDXX,2042,7.313869487378339
GLOBAL,PWROILBGDXX,2043,7.313869487378339
GLOBAL,PWROILBGDXX,2044,7.313869487378339
GLOBAL,PWROILBGDXX,2045,7.313869487378339
GLOBAL,PWROILBGDXX,2046,7.313869487378339
GLOBAL,PWROILBGDXX,2047,7.313869487378339
GLOBAL,PWROILBGDXX,2048,7.313869487378339
GLOBAL,PWROILBGDXX,2049,7.313869487378339
GLOBAL,PWROILBGDXX,2050,7.313869487378339
GLOBAL,PWROILINDEA,2033,0.5
GLOBAL,PWROILINDEA,2034,1.0
GLOBAL,PWROILINDEA,2035,1.0
GLOBAL,PWROILINDEA,2036,1.0
GLOBAL,PWROILINDEA,2037,1.5
GLOBAL,PWROILINDEA,2038,2.0
GLOBAL,PWROILINDEA,2039,2.5
GLOBAL,PWROILINDEA,2040,2.5
GLOBAL,PWROILINDEA,2041,2.5
GLOBAL,PWROILINDEA,2042,2.5
GLOBAL,PWROILINDEA,2043,2.5
GLOBAL,PWROILINDEA,2044,2.5
GLOBAL,PWROILINDEA,2045,2.5
GLOBAL,PWROILINDEA,2046,2.5
GLOBAL,PWROILINDEA,2047,2.5
GLOBAL,PWROILINDEA,2048,2.5
GLOBAL,PWROILINDEA,2049,2.5
GLOBAL,PWROILINDEA,2050,2.5
GLOBAL,PWROILINDNE,2033,0.0032
GLOBAL,PWROILINDNE,2034,0.0064
GLOBAL,PWROILINDNE,2035,0.0064
GLOBAL,PWROILINDNE,2036,0.0064
GLOBAL,PWROILINDNE,2037,0.0101
GLOBAL,PWROILINDNE,2038,0.0138
GLOBAL,PWROILINDNE,2039,0.0175
GLOBAL,PWROILINDNE,2040,0.0175
GLOBAL,PWROILINDNE,2041,0.0175
GLOBAL,PWROILINDNE,2042,0.0175
GLOBAL,PWROILINDNE,2043,0.0175
GLOBAL,PWROILINDNE,2044,0.0175
GLOBAL,PWROILINDNE,2045,0.0175
GLOBAL,PWROILINDNE,2046,0.0175
GLOBAL,PWROILINDNE,2047,0.0175
GLOBAL,PWROILINDNE,2048,0.0175
GLOBAL,PWROILINDNE,2049,0.0175
GLOBAL,PWROILINDNE,2050,0.0175
GLOBAL,PWROILINDNO,2033,0.5
GLOBAL,PWROILINDNO,2034,1.0
GLOBAL,PWROILINDNO,2035,1.0
GLOBAL,PWROILINDNO,2036,1.0
GLOBAL,PWROILINDNO,2037,1.5
GLOBAL,PWROILINDNO,2038,2.0
GLOBAL,PWROILINDNO,2039,2.5
GLOBAL,PWROILINDNO,2040,2.5
GLOBAL,PWROILINDNO,2041,2.5
GLOBAL,PWROILINDNO,2042,2.5
GLOBAL,PWROILINDNO,2043,2.5
GLOBAL,PWROILINDNO,2044,2.5
GLOBAL,PWROILINDNO,2045,2.5
GLOBAL,PWROILINDNO,2046,2.5
GLOBAL,PWROILINDNO,2047,2.5
GLOBAL,PWROILINDNO,2048,2.5
GLOBAL,PWROILINDNO,2049,2.5
GLOBAL,PWROILINDNO,2050,2.5
GLOBAL,PWROILINDSO,2023,0.4336999999999999
GLOBAL,PWROILINDSO,2024,0.4336999999999999
GLOBAL,PWROILINDSO,2025,0.4336999999999999
GLOBAL,PWROILINDSO,2026,0.4336999999999999
GLOBAL,PWROILINDSO,2027,0.4336999999999999
GLOBAL,PWROILINDSO,2028,0.4336999999999999
GLOBAL,PWROILINDSO,2029,0.4336999999999999
GLOBAL,PWROILINDSO,2030,0.4336999999999999
GLOBAL,PWROILINDSO,2031,0.4336999999999999
GLOBAL,PWROILINDSO,2032,0.4336999999999999
GLOBAL,PWROILINDSO,2033,0.4675999999999999
GLOBAL,PWROILINDSO,2034,0.5015
GLOBAL,PWROILINDSO,2035,0.5015
GLOBAL,PWROILINDSO,2036,0.5015
GLOBAL,PWROILINDSO,2037,0.5377
GLOBAL,PWROILINDSO,2038,0.5739
GLOBAL,PWROILINDSO,2039,0.6101
GLOBAL,PWROILINDSO,2040,0.6101
GLOBAL,PWROILINDSO,2041,0.6101
GLOBAL,PWROILINDSO,2042,0.6101
GLOBAL,PWROILINDSO,2043,0.6101
GLOBAL,PWROILINDSO,2044,0.6101
GLOBAL,PWROILINDSO,2045,0.6101
GLOBAL,PWROILINDSO,2046,0.6101
GLOBAL,PWROILINDSO,2047,0.6101
GLOBAL,PWROILINDSO,2048,0.6101
GLOBAL,PWROILINDSO,2049,0.6101
GLOBAL,PWROILINDSO,2050,0.6101
GLOBAL,PWROILINDWE,2033,0.5
GLOBAL,PWROILINDWE,2034,1.0
GLOBAL,PWROILINDWE,2035,1.0
GLOBAL,PWROILINDWE,2036,1.0
GLOBAL,PWROILINDWE,2037,1.5
GLOBAL,PWROILINDWE,2038,2.0
GLOBAL,PWROILINDWE,2039,2.5
GLOBAL,PWROILINDWE,2040,2.5
GLOBAL,PWROILINDWE,2041,2.5
GLOBAL,PWROILINDWE,2042,2.5
GLOBAL,PWROILINDWE,2043,2.5
GLOBAL,PWROILINDWE,2044,2.5
GLOBAL,PWROILINDWE,2045,2.5
GLOBAL,PWROILINDWE,2046,2.5
GLOBAL,PWROILINDWE,2047,2.5
GLOBAL,PWROILINDWE,2048,2.5
GLOBAL,PWROILINDWE,2049,2.5
GLOBAL,PWROILINDWE,2050,2.5
GLOBAL,PWROILLKAXX,2023,1.168
GLOBAL,PWROILLKAXX,2024,1.168
GLOBAL,PWROILLKAXX,2025,1.168
GLOBAL,PWROILLKAXX,2026,1.37
GLOBAL,PWROILLKAXX,2027,1.37
GLOBAL,PWROILLKAXX,2028,1.37
GLOBAL,PWROILLKAXX,2029,1.37
GLOBAL,PWROILLKAXX,2030,1.37
GLOBAL,PWROILLKAXX,2031,1.37
GLOBAL,PWROILLKAXX,2032,1.37
GLOBAL,PWROILLKAXX,2033,1.37
GLOBAL,PWROILLKAXX,2034,1.37
GLOBAL,PWROILLKAXX,2035,1.37
GLOBAL,PWROILLKAXX,2036,1.37
GLOBAL,PWROILLKAXX,2037,1.37
GLOBAL,PWROILLKAXX,2038,1.37
GLOBAL,PWROILLKAXX,2039,1.37
GLOBAL,PWROILLKAXX,2040,1.37
GLOBAL,PWROILLKAXX,2041,1.37
GLOBAL,PWROILLKAXX,2042,1.37
GLOBAL,PWROILLKAXX,2043,1.37
GLOBAL,PWROILLKAXX,2044,1.37
GLOBAL,PWROILLKAXX,2045,1.37
GLOBAL,PWROILLKAXX,2046,1.37
GLOBAL,PWROILLKAXX,2047,1.37
GLOBAL,PWROILLKAXX,2048,1.37
GLOBAL,PWROILLKAXX,2049,1.37
GLOBAL,PWROILLKAXX,2050,1.37
GLOBAL,PWROILMDVXX,2023,0.5314999999999999
GLOBAL,PWROILMDVXX,2024,0.5314999999999999
GLOBAL,PWROILMDVXX,2025,0.5314999999999999
GLOBAL,PWROILMDVXX,2026,0.5314999999999999
GLOBAL,PWROILMDVXX,2027,0.5314999999999999
GLOBAL,PWROILMDVXX,2028,0.5314999999999999
GLOBAL,PWROILMDVXX,2029,0.5314999999999999
GLOBAL,PWROILMDVXX,2030,0.5314999999999999
GLOBAL,PWROILMDVXX,2031,0.5314999999999999
GLOBAL,PWROILMDVXX,2032,0.5837999999999999
GLOBAL,PWROILMDVXX,2033,0.6394999999999998
GLOBAL,PWROILMDVXX,2034,0.6901999999999999
GLOBAL,PWROILMDVXX,2035,0.6901999999999999
GLOBAL,PWROILMDVXX,2036,0.7472999999999999
GLOBAL,PWROILMDVXX,2037,0.8079999999999999
GLOBAL,PWROILMDVXX,2038,0.8725999999999999
GLOBAL,PWROILMDVXX,2039,0.9413
GLOBAL,PWROILMDVXX,2040,1.0144
GLOBAL,PWROILMDVXX,2041,1.056
GLOBAL,PWROILMDVXX,2042,1.0988
GLOBAL,PWROILMDVXX,2043,1.143
GLOBAL,PWROILMDVXX,2044,1.1885
GLOBAL,PWROILMDVXX,2045,1.2354
GLOBAL,PWROILMDVXX,2046,1.2756
GLOBAL,PWROILMDVXX,2047,1.3168
GLOBAL,PWROILMDVXX,2048,1.359
GLOBAL,PWROILMDVXX,2049,1.4023
GLOBAL,PWROILMDVXX,2050,1.4466
GLOBAL,PWROILNPLXX,2023,0.0529999999999999
GLOBAL,PWROILNPLXX,2024,0.0529999999999999
GLOBAL,PWROILNPLXX,2025,0.0529999999999999
GLOBAL,PWROILNPLXX,2026,0.0529999999999999
GLOBAL,PWROILNPLXX,2027,0.0529999999999999
GLOBAL,PWROILNPLXX,2028,0.0529999999999999
GLOBAL,PWROILNPLXX,2029,0.0529999999999999
GLOBAL,PWROILNPLXX,2030,0.0529999999999999
GLOBAL,PWROILNPLXX,2031,0.0529999999999999
GLOBAL,PWROILNPLXX,2032,0.0529999999999999
GLOBAL,PWROILNPLXX,2033,0.0616
GLOBAL,PWROILNPLXX,2034,0.0667999999999999
GLOBAL,PWROILNPLXX,2035,0.0667999999999999
GLOBAL,PWROILNPLXX,2036,0.0667999999999999
GLOBAL,PWROILNPLXX,2037,0.0719999999999999
GLOBAL,PWROILNPLXX,2038,0.0771999999999999
GLOBAL,PWROILNPLXX,2039,0.0823999999999999
GLOBAL,PWROILNPLXX,2040,0.0823999999999999
GLOBAL,PWROILNPLXX,2041,0.0823999999999999
GLOBAL,PWROILNPLXX,2042,0.0823999999999999
GLOBAL,PWROILNPLXX,2043,0.0823999999999999
GLOBAL,PWROILNPLXX,2044,0.0823999999999999
GLOBAL,PWROILNPLXX,2045,0.0823999999999999
GLOBAL,PWROILNPLXX,2046,0.0823999999999999
GLOBAL,PWROILNPLXX,2047,0.0823999999999999
GLOBAL,PWROILNPLXX,2048,0.0823999999999999
GLOBAL,PWROILNPLXX,2049,0.0823999999999999
GLOBAL,PWROILNPLXX,2050,0.0823999999999999
GLOBAL,PWRPETBGDXX,2023,0.202
GLOBAL,PWRPETBGDXX,2024,0.1953
GLOBAL,PWRPETBGDXX,2025,0.1885
GLOBAL,PWRPETBGDXX,2026,0.1817999999999999
GLOBAL,PWRPETBGDXX,2027,0.1751
GLOBAL,PWRPETBGDXX,2028,0.1683
GLOBAL,PWRPETBGDXX,2029,0.1615999999999999
GLOBAL,PWRPETBGDXX,2030,0.1549
GLOBAL,PWRPETBGDXX,2031,0.1481
GLOBAL,PWRPETBGDXX,2032,0.1592
GLOBAL,PWRPETBGDXX,2033,0.1713
GLOBAL,PWRPETBGDXX,2034,0.1843
GLOBAL,PWRPETBGDXX,2035,0.1776
GLOBAL,PWRPETBGDXX,2036,0.1929
GLOBAL,PWRPETBGDXX,2037,0.2092
GLOBAL,PWRPETBGDXX,2038,0.2269
GLOBAL,PWRPETBGDXX,2039,0.2459
GLOBAL,PWRPETBGDXX,2040,0.2661
GLOBAL,PWRPETBGDXX,2041,0.2879
GLOBAL,PWRPETBGDXX,2042,0.3051
GLOBAL,PWRPETBGDXX,2043,0.3231999999999999
GLOBAL,PWRPETBGDXX,2044,0.3423999999999999
GLOBAL,PWRPETBGDXX,2045,0.3627
GLOBAL,PWRPETBGDXX,2046,0.3841
GLOBAL,PWRPETBGDXX,2047,0.4067999999999999
GLOBAL,PWRPETBGDXX,2048,0.4307
GLOBAL,PWRPETBGDXX,2049,0.4557999999999999
GLOBAL,PWRPETBGDXX,2050,0.4823
GLOBAL,PWRPETBTNXX,2032,0.2261898165343188
GLOBAL,PWRPETBTNXX,2033,0.7261898165343189
GLOBAL,PWRPETBTNXX,2034,1.226189816534319
GLOBAL,PWRPETBTNXX,2035,1.226189816534319
GLOBAL,PWRPETBTNXX,2036,1.726189816534319
GLOBAL,PWRPETBTNXX,2037,2.226189816534319
GLOBAL,PWRPETBTNXX,2038,2.726189816534319
GLOBAL,PWRPETBTNXX,2039,3.226189816534319
GLOBAL,PWRPETBTNXX,2040,3.726189816534319
GLOBAL,PWRPETBTNXX,2041,4.226189816534319
GLOBAL,PWRPETBTNXX,2042,4.726189816534319
GLOBAL,PWRPETBTNXX,2043,5.226189816534319
GLOBAL,PWRPETBTNXX,2044,5.726189816534319
GLOBAL,PWRPETBTNXX,2045,6.226189816534319
GLOBAL,PWRPETBTNXX,2046,6.726189816534319
GLOBAL,PWRPETBTNXX,2047,7.226189816534319
GLOBAL,PWRPETBTNXX,2048,7.726189816534319
GLOBAL,PWRPETBTNXX,2049,8.226189816534319
GLOBAL,PWRPETBTNXX,2050,8.726189816534319
GLOBAL,PWRPETINDEA,2033,0.5
GLOBAL,PWRPETINDEA,2034,1.0
GLOBAL,PWRPETINDEA,2035,1.0
GLOBAL,PWRPETINDEA,2036,1.5
GLOBAL,PWRPETINDEA,2037,2.0
GLOBAL,PWRPETINDEA,2038,2.5
GLOBAL,PWRPETINDEA,2039,3.0
GLOBAL,PWRPETINDEA,2040,3.5
GLOBAL,PWRPETINDEA,2041,4.0
GLOBAL,PWRPETINDEA,2042,4.5
GLOBAL,PWRPETINDEA,2043,5.0
GLOBAL,PWRPETINDEA,2044,5.5
GLOBAL,PWRPETINDEA,2045,6.0
GLOBAL,PWRPETINDEA,2046,6.5
GLOBAL,PWRPETINDEA,2047,7.0
GLOBAL,PWRPETINDEA,2048,7.5
GLOBAL,PWRPETINDEA,2049,8.0
GLOBAL,PWRPETINDEA,2050,8.4903421545406
GLOBAL,PWRPETINDNE,2032,0.5
GLOBAL,PWRPETINDNE,2033,1.0
GLOBAL,PWRPETINDNE,2034,1.5
GLOBAL,PWRPETINDNE,2035,1.5
GLOBAL,PWRPETINDNE,2036,2.0
GLOBAL,PWRPETINDNE,2037,2.5
GLOBAL,PWRPETINDNE,2038,3.0
GLOBAL,PWRPETINDNE,2039,3.5
GLOBAL,PWRPETINDNE,2040,4.0
GLOBAL,PWRPETINDNE,2041,4.5
GLOBAL,PWRPETINDNE,2042,5.0
GLOBAL,PWRPETINDNE,2043,5.5
GLOBAL,PWRPETINDNE,2044,6.0
GLOBAL,PWRPETINDNE,2045,6.5
GLOBAL,PWRPETINDNE,2046,7.0
GLOBAL,PWRPETINDNE,2047,7.5
GLOBAL,PWRPETINDNE,2048,8.0
GLOBAL,PWRPETINDNE,2049,8.5
GLOBAL,PWRPETINDNE,2050,9.0
GLOBAL,PWRPETINDNO,2032,0.5
GLOBAL,PWRPETINDNO,2033,1.0
GLOBAL,PWRPETINDNO,2034,1.5
GLOBAL,PWRPETINDNO,2035,1.5
GLOBAL,PWRPETINDNO,2036,1.5
GLOBAL,PWRPETINDNO,2037,2.0
GLOBAL,PWRPETINDNO,2038,2.5
GLOBAL,PWRPETINDNO,2039,3.0
GLOBAL,PWRPETINDNO,2040,3.5
GLOBAL,PWRPETINDNO,2041,3.5
GLOBAL,PWRPETINDNO,2042,3.5
GLOBAL,PWRPETINDNO,2043,3.5
GLOBAL,PWRPETINDNO,2044,3.5
GLOBAL,PWRPETINDNO,2045,3.5
GLOBAL,PWRPETINDNO,2046,3.5
GLOBAL,PWRPETINDNO,2047,3.5
GLOBAL,PWRPETINDNO,2048,3.5
GLOBAL,PWRPETINDNO,2049,3.8774093312629856
GLOBAL,PWRPETINDNO,2050,3.8774093312629856
GLOBAL,PWRPETINDSO,2033,0.5
GLOBAL,PWRPETINDSO,2034,1.0
GLOBAL,PWRPETINDSO,2035,1.0
GLOBAL,PWRPETINDSO,2036,1.5
GLOBAL,PWRPETINDSO,2037,2.0
GLOBAL,PWRPETINDSO,2038,2.5
GLOBAL,PWRPETINDSO,2039,3.0
GLOBAL,PWRPETINDSO,2040,3.5
GLOBAL,PWRPETINDSO,2041,3.5
GLOBAL,PWRPETINDSO,2042,3.5
GLOBAL,PWRPETINDSO,2043,3.636699605542869
GLOBAL,PWRPETINDSO,2044,3.9482732640329377
GLOBAL,PWRPETINDSO,2045,4.157821174723079
GLOBAL,PWRPETINDSO,2046,4.657821174723079
GLOBAL,PWRPETINDSO,2047,4.723354997795186
GLOBAL,PWRPETINDSO,2048,4.8278753294680845
GLOBAL,PWRPETINDSO,2049,5.3278753294680845
GLOBAL,PWRPETINDSO,2050,5.8278753294680845
GLOBAL,PWRPETINDWE,2033,0.5
GLOBAL,PWRPETINDWE,2034,1.0
GLOBAL,PWRPETINDWE,2035,1.0
GLOBAL,PWRPETINDWE,2036,1.0
GLOBAL,PWRPETINDWE,2037,1.5
GLOBAL,PWRPETINDWE,2038,2.0
GLOBAL,PWRPETINDWE,2039,2.5
GLOBAL,PWRPETINDWE,2040,3.0
GLOBAL,PWRPETINDWE,2041,3.0
GLOBAL,PWRPETINDWE,2042,3.0
GLOBAL,PWRPETINDWE,2043,3.0
GLOBAL,PWRPETINDWE,2044,3.0
GLOBAL,PWRPETINDWE,2045,3.5
GLOBAL,PWRPETINDWE,2046,3.6262487728416746
GLOBAL,PWRPETINDWE,2047,3.6262487728416746
GLOBAL,PWRPETINDWE,2048,3.6262487728416746
GLOBAL,PWRPETINDWE,2049,4.126248772841675
GLOBAL,PWRPETINDWE,2050,4.126248772841675
GLOBAL,PWRPETLKAXX,2033,0.5
GLOBAL,PWRPETLKAXX,2034,1.0
GLOBAL,PWRPETLKAXX,2035,1.0
GLOBAL,PWRPETLKAXX,2036,1.4882158381106747
GLOBAL,PWRPETLKAXX,2037,1.9882158381106747
GLOBAL,PWRPETLKAXX,2038,2.488215838110675
GLOBAL,PWRPETLKAXX,2039,2.988215838110675
GLOBAL,PWRPETLKAXX,2040,3.488215838110675
GLOBAL,PWRPETLKAXX,2041,3.488215838110675
GLOBAL,PWRPETLKAXX,2042,3.488215838110675
GLOBAL,PWRPETLKAXX,2043,3.9882158381106745
GLOBAL,PWRPETLKAXX,2044,4.4882158381106745
GLOBAL,PWRPETLKAXX,2045,4.9882158381106745
GLOBAL,PWRPETLKAXX,2046,5.4882158381106745
GLOBAL,PWRPETLKAXX,2047,5.9882158381106745
GLOBAL,PWRPETLKAXX,2048,6.4882158381106745
GLOBAL,PWRPETLKAXX,2049,6.9882158381106745
GLOBAL,PWRPETLKAXX,2050,7.488215838110674
GLOBAL,PWRPETMDVXX,2032,0.5
GLOBAL,PWRPETMDVXX,2033,1.0
GLOBAL,PWRPETMDVXX,2034,1.5
GLOBAL,PWRPETMDVXX,2035,1.5
GLOBAL,PWRPETMDVXX,2036,2.0
GLOBAL,PWRPETMDVXX,2037,2.5
GLOBAL,PWRPETMDVXX,2038,3.0
GLOBAL,PWRPETMDVXX,2039,3.5
GLOBAL,PWRPETMDVXX,2040,4.0
GLOBAL,PWRPETMDVXX,2041,4.178377469928606
GLOBAL,PWRPETMDVXX,2042,4.424428767437558
GLOBAL,PWRPETMDVXX,2043,4.924428767437558
GLOBAL,PWRPETMDVXX,2044,5.424428767437558
GLOBAL,PWRPETMDVXX,2045,5.924428767437558
GLOBAL,PWRPETMDVXX,2046,6.424428767437558
GLOBAL,PWRPETMDVXX,2047,6.924428767437558
GLOBAL,PWRPETMDVXX,2048,7.424428767437559
GLOBAL,PWRPETMDVXX,2049,7.924428767437559
GLOBAL,PWRPETMDVXX,2050,8.424428767437558
GLOBAL,PWRPETNPLXX,2032,0.5
GLOBAL,PWRPETNPLXX,2033,1.0
GLOBAL,PWRPETNPLXX,2034,1.5
GLOBAL,PWRPETNPLXX,2035,1.5
GLOBAL,PWRPETNPLXX,2036,2.0
GLOBAL,PWRPETNPLXX,2037,2.5
GLOBAL,PWRPETNPLXX,2038,3.0
GLOBAL,PWRPETNPLXX,2039,3.5
GLOBAL,PWRPETNPLXX,2040,4.0
GLOBAL,PWRPETNPLXX,2041,4.0
GLOBAL,PWRPETNPLXX,2042,4.037219403763546
GLOBAL,PWRPETNPLXX,2043,4.037219403763546
GLOBAL,PWRPETNPLXX,2044,4.537219403763546
GLOBAL,PWRPETNPLXX,2045,5.037219403763546
GLOBAL,PWRPETNPLXX,2046,5.537219403763546
GLOBAL,PWRPETNPLXX,2047,6.037219403763546
GLOBAL,PWRPETNPLXX,2048,6.537219403763546
GLOBAL,PWRPETNPLXX,2049,7.037219403763546
GLOBAL,PWRPETNPLXX,2050,7.037219403763546
GLOBAL,PWRSHPINDEA,2023,0.3442
GLOBAL,PWRSHPINDEA,2024,0.3442
GLOBAL,PWRSHPINDEA,2025,0.3442
GLOBAL,PWRSHPINDEA,2026,0.3442
GLOBAL,PWRSHPINDEA,2027,0.3442
GLOBAL,PWRSHPINDEA,2028,0.3442
GLOBAL,PWRSHPINDEA,2029,0.3442
GLOBAL,PWRSHPINDEA,2030,0.3442
GLOBAL,PWRSHPINDEA,2031,0.3442
GLOBAL,PWRSHPINDEA,2032,0.3442
GLOBAL,PWRSHPINDEA,2033,0.3442
GLOBAL,PWRSHPINDEA,2034,0.3442
GLOBAL,PWRSHPINDEA,2035,0.3442
GLOBAL,PWRSHPINDEA,2036,0.3442
GLOBAL,PWRSHPINDEA,2037,0.3442
GLOBAL,PWRSHPINDEA,2038,0.3442
GLOBAL,PWRSHPINDEA,2039,0.3442
GLOBAL,PWRSHPINDEA,2040,0.3442
GLOBAL,PWRSHPINDEA,2041,0.3442
GLOBAL,PWRSHPINDEA,2042,0.3442
GLOBAL,PWRSHPINDEA,2043,0.3442
GLOBAL,PWRSHPINDEA,2044,0.3442
GLOBAL,PWRSHPINDEA,2045,0.3442
GLOBAL,PWRSHPINDEA,2046,0.3442
GLOBAL,PWRSHPINDEA,2047,0.3442
GLOBAL,PWRSHPINDEA,2048,0.3442
GLOBAL,PWRSHPINDEA,2049,0.3442
GLOBAL,PWRSHPINDEA,2050,0.3442
GLOBAL,PWRSHPINDNE,2023,0.2994
GLOBAL,PWRSHPINDNE,2024,0.2994
GLOBAL,PWRSHPINDNE,2025,0.2994
GLOBAL,PWRSHPINDNE,2026,0.2994
GLOBAL,PWRSHPINDNE,2027,0.2994
GLOBAL,PWRSHPINDNE,2028,0.2994
GLOBAL,PWRSHPINDNE,2029,0.2994
GLOBAL,PWRSHPINDNE,2030,0.2994
GLOBAL,PWRSHPINDNE,2031,0.2994
GLOBAL,PWRSHPINDNE,2032,0.3257999999999999
GLOBAL,PWRSHPINDNE,2033,0.3521999999999999
GLOBAL,PWRSHPINDNE,2034,0.3785999999999999
GLOBAL,PWRSHPINDNE,2035,0.3785999999999999
GLOBAL,PWRSHPINDNE,2036,0.4049999999999999
GLOBAL,PWRSHPINDNE,2037,0.4359999999999999
GLOBAL,PWRSHPINDNE,2038,0.4669999999999999
GLOBAL,PWRSHPINDNE,2039,0.498
GLOBAL,PWRSHPINDNE,2040,0.529
GLOBAL,PWRSHPINDNE,2041,0.56
GLOBAL,PWRSHPINDNE,2042,0.5954
GLOBAL,PWRSHPINDNE,2043,0.6325
GLOBAL,PWRSHPINDNE,2044,0.6713
GLOBAL,PWRSHPINDNE,2045,0.6713
GLOBAL,PWRSHPINDNE,2046,0.7074
GLOBAL,PWRSHPINDNE,2047,0.7452
GLOBAL,PWRSHPINDNE,2048,0.7847
GLOBAL,PWRSHPINDNE,2049,0.826
GLOBAL,PWRSHPINDNE,2050,0.8693
GLOBAL,PWRSHPINDNO,2023,1.7189
GLOBAL,PWRSHPINDNO,2024,1.7189
GLOBAL,PWRSHPINDNO,2025,1.7189
GLOBAL,PWRSHPINDNO,2026,1.7189
GLOBAL,PWRSHPINDNO,2027,1.8446
GLOBAL,PWRSHPINDNO,2028,1.9768
GLOBAL,PWRSHPINDNO,2029,2.1313000000000004
GLOBAL,PWRSHPINDNO,2030,2.2489000000000003
GLOBAL,PWRSHPINDNO,2031,2.3675
GLOBAL,PWRSHPINDNO,2032,2.5069000000000004
GLOBAL,PWRSHPINDNO,2033,2.6463
GLOBAL,PWRSHPINDNO,2034,2.7857000000000003
GLOBAL,PWRSHPINDNO,2035,2.9251000000000005
GLOBAL,PWRSHPINDNO,2036,3.0645000000000007
GLOBAL,PWRSHPINDNO,2037,3.216100000000001
GLOBAL,PWRSHPINDNO,2038,3.367700000000001
GLOBAL,PWRSHPINDNO,2039,3.5193000000000008
GLOBAL,PWRSHPINDNO,2040,3.6641000000000017
GLOBAL,PWRSHPINDNO,2041,3.8154000000000017
GLOBAL,PWRSHPINDNO,2042,3.9854000000000016
GLOBAL,PWRSHPINDNO,2043,4.162400000000002
GLOBAL,PWRSHPINDNO,2044,4.344300000000001
GLOBAL,PWRSHPINDNO,2045,4.530000000000002
GLOBAL,PWRSHPINDNO,2046,4.729000000000002
GLOBAL,PWRSHPINDNO,2047,4.936000000000002
GLOBAL,PWRSHPINDNO,2048,5.1514000000000015
GLOBAL,PWRSHPINDNO,2049,5.3755000000000015
GLOBAL,PWRSHPINDNO,2050,5.608600000000002
GLOBAL,PWRSHPINDSO,2023,1.9333
GLOBAL,PWRSHPINDSO,2024,1.9333
GLOBAL,PWRSHPINDSO,2025,1.9333
GLOBAL,PWRSHPINDSO,2026,1.9333
GLOBAL,PWRSHPINDSO,2027,1.9333
GLOBAL,PWRSHPINDSO,2028,1.9333
GLOBAL,PWRSHPINDSO,2029,1.9333
GLOBAL,PWRSHPINDSO,2030,1.9333
GLOBAL,PWRSHPINDSO,2031,1.9333
GLOBAL,PWRSHPINDSO,2032,1.9333
GLOBAL,PWRSHPINDSO,2033,1.9333
GLOBAL,PWRSHPINDSO,2034,1.9333
GLOBAL,PWRSHPINDSO,2035,1.9333
GLOBAL,PWRSHPINDSO,2036,1.9333
GLOBAL,PWRSHPINDSO,2037,1.9333
GLOBAL,PWRSHPINDSO,2038,1.9333
GLOBAL,PWRSHPINDSO,2039,1.9333
GLOBAL,PWRSHPINDSO,2040,1.9333
GLOBAL,PWRSHPINDSO,2041,1.9333
GLOBAL,PWRSHPINDSO,2042,1.9333
GLOBAL,PWRSHPINDSO,2043,1.9333
GLOBAL,PWRSHPINDSO,2044,1.9333
GLOBAL,PWRSHPINDSO,2045,1.9333
GLOBAL,PWRSHPINDSO,2046,1.9333
GLOBAL,PWRSHPINDSO,2047,1.9333
GLOBAL,PWRSHPINDSO,2048,1.9333
GLOBAL,PWRSHPINDSO,2049,1.9333
GLOBAL,PWRSHPINDSO,2050,1.9333
GLOBAL,PWRSHPINDWE,2023,0.6739
GLOBAL,PWRSHPINDWE,2024,0.6739
GLOBAL,PWRSHPINDWE,2025,0.6739
GLOBAL,PWRSHPINDWE,2026,0.6739
GLOBAL,PWRSHPINDWE,2027,0.6739
GLOBAL,PWRSHPINDWE,2028,0.6739
GLOBAL,PWRSHPINDWE,2029,0.6739
GLOBAL,PWRSHPINDWE,2030,0.6739
GLOBAL,PWRSHPINDWE,2031,0.6739
GLOBAL,PWRSHPINDWE,2032,0.6739
GLOBAL,PWRSHPINDWE,2033,0.6739
GLOBAL,PWRSHPINDWE,2034,0.6739
GLOBAL,PWRSHPINDWE,2035,0.6739
GLOBAL,PWRSHPINDWE,2036,0.6739
GLOBAL,PWRSHPINDWE,2037,0.6739
GLOBAL,PWRSHPINDWE,2038,0.6739
GLOBAL,PWRSHPINDWE,2039,0.6739
GLOBAL,PWRSHPINDWE,2040,0.6739
GLOBAL,PWRSHPINDWE,2041,0.6739
GLOBAL,PWRSHPINDWE,2042,0.6739
GLOBAL,PWRSHPINDWE,2043,0.6739
GLOBAL,PWRSHPINDWE,2044,0.6739
GLOBAL,PWRSHPINDWE,2045,0.6739
GLOBAL,PWRSHPINDWE,2046,0.6739
GLOBAL,PWRSHPINDWE,2047,0.6739
GLOBAL,PWRSHPINDWE,2048,0.6739
GLOBAL,PWRSHPINDWE,2049,0.6739
GLOBAL,PWRSHPINDWE,2050,0.6739
GLOBAL,PWRSPVBGDXX,2023,0.6009999999999999
GLOBAL,PWRSPVBGDXX,2024,0.6427999999999999
GLOBAL,PWRSPVBGDXX,2025,3.7586
GLOBAL,PWRSPVBGDXX,2026,3.8063
GLOBAL,PWRSPVBGDXX,2027,3.8572
GLOBAL,PWRSPVBGDXX,2028,3.9115
GLOBAL,PWRSPVBGDXX,2029,3.9695
GLOBAL,PWRSPVBGDXX,2030,4.0314000000000005
GLOBAL,PWRSPVBGDXX,2031,4.083500000000001
GLOBAL,PWRSPVBGDXX,2032,4.138400000000001
GLOBAL,PWRSPVBGDXX,2033,4.1962
GLOBAL,PWRSPVBGDXX,2034,4.2571
GLOBAL,PWRSPVBGDXX,2035,4.3212
GLOBAL,PWRSPVBGDXX,2036,4.388800000000001
GLOBAL,PWRSPVBGDXX,2037,4.460000000000001
GLOBAL,PWRSPVBGDXX,2038,4.5349
GLOBAL,PWRSPVBGDXX,2039,4.6138
GLOBAL,PWRSPVBGDXX,2040,4.6969
GLOBAL,PWRSPVBGDXX,2041,4.7845
GLOBAL,PWRSPVBGDXX,2042,4.857900000000001
GLOBAL,PWRSPVBGDXX,2043,4.9344
GLOBAL,PWRSPVBGDXX,2044,5.014100000000001
GLOBAL,PWRSPVBGDXX,2045,5.097200000000001
GLOBAL,PWRSPVBGDXX,2046,5.1838
GLOBAL,PWRSPVBGDXX,2047,5.2741
GLOBAL,PWRSPVBGDXX,2048,5.3682
GLOBAL,PWRSPVBGDXX,2049,5.424499999999999
GLOBAL,PWRSPVBGDXX,2050,2.4109999999999987
GLOBAL,PWRSPVBTNXX,2024,0.0001
GLOBAL,PWRSPVBTNXX,2025,0.0003
GLOBAL,PWRSPVBTNXX,2026,0.0005
GLOBAL,PWRSPVBTNXX,2027,0.0007
GLOBAL,PWRSPVBTNXX,2028,0.0009
GLOBAL,PWRSPVBTNXX,2029,0.0011
GLOBAL,PWRSPVBTNXX,2030,0.0516
GLOBAL,PWRSPVBTNXX,2031,0.0517999999999999
GLOBAL,PWRSPVBTNXX,2032,0.0519999999999999
GLOBAL,PWRSPVBTNXX,2033,0.0522999999999999
GLOBAL,PWRSPVBTNXX,2034,0.0526
GLOBAL,PWRSPVBTNXX,2035,0.0529
GLOBAL,PWRSPVBTNXX,2036,0.0531999999999999
GLOBAL,PWRSPVBTNXX,2037,0.0534999999999999
GLOBAL,PWRSPVBTNXX,2038,0.0538999999999999
GLOBAL,PWRSPVBTNXX,2039,0.0543
GLOBAL,PWRSPVBTNXX,2040,0.0546999999999999
GLOBAL,PWRSPVBTNXX,2041,0.0551999999999999
GLOBAL,PWRSPVBTNXX,2042,0.0557
GLOBAL,PWRSPVBTNXX,2043,0.0562
GLOBAL,PWRSPVBTNXX,2044,0.0567999999999999
GLOBAL,PWRSPVBTNXX,2045,0.0574
GLOBAL,PWRSPVBTNXX,2046,0.058
GLOBAL,PWRSPVBTNXX,2047,0.0587
GLOBAL,PWRSPVBTNXX,2048,0.0594
GLOBAL,PWRSPVBTNXX,2049,0.0601
GLOBAL,PWRSPVBTNXX,2050,0.0607
GLOBAL,PWRSPVINDEA,2023,1.0423
GLOBAL,PWRSPVINDEA,2024,1.1048
GLOBAL,PWRSPVINDEA,2025,1.4664
GLOBAL,PWRSPVINDEA,2026,1.539
GLOBAL,PWRSPVINDEA,2027,1.64
GLOBAL,PWRSPVINDEA,2028,1.7206
GLOBAL,PWRSPVINDEA,2029,1.8177
GLOBAL,PWRSPVINDEA,2030,1.8856
GLOBAL,PWRSPVINDEA,2031,1.9515
GLOBAL,PWRSPVINDEA,2032,2.0419
GLOBAL,PWRSPVINDEA,2033,2.1323
GLOBAL,PWRSPVINDEA,2034,2.2227
GLOBAL,PWRSPVINDEA,2035,2.3131000000000004
GLOBAL,PWRSPVINDEA,2036,2.4035
GLOBAL,PWRSPVINDEA,2037,2.5057000000000005
GLOBAL,PWRSPVINDEA,2038,2.6079000000000008
GLOBAL,PWRSPVINDEA,2039,2.7101000000000006
GLOBAL,PWRSPVINDEA,2040,2.812300000000001
GLOBAL,PWRSPVINDEA,2041,2.9145000000000008
GLOBAL,PWRSPVINDEA,2042,3.0310000000000006
GLOBAL,PWRSPVINDEA,2043,3.1529000000000007
GLOBAL,PWRSPVINDEA,2044,3.2803
GLOBAL,PWRSPVINDEA,2045,3.4135
GLOBAL,PWRSPVINDEA,2046,3.5527999999999995
GLOBAL,PWRSPVINDEA,2047,3.698399999999999
GLOBAL,PWRSPVINDEA,2048,3.774799999999999
GLOBAL,PWRSPVINDEA,2049,3.8714999999999984
GLOBAL,PWRSPVINDEA,2050,3.6762999999999986
GLOBAL,PWRSPVINDNE,2023,0.2245999999999999
GLOBAL,PWRSPVINDNE,2024,0.2377999999999999
GLOBAL,PWRSPVINDNE,2025,0.3589999999999999
GLOBAL,PWRSPVINDNE,2026,0.3742999999999999
GLOBAL,PWRSPVINDNE,2027,0.3896999999999999
GLOBAL,PWRSPVINDNE,2028,0.4058999999999999
GLOBAL,PWRSPVINDNE,2029,0.4236999999999999
GLOBAL,PWRSPVINDNE,2030,0.4405999999999999
GLOBAL,PWRSPVINDNE,2031,0.4571999999999999
GLOBAL,PWRSPVINDNE,2032,0.4769999999999999
GLOBAL,PWRSPVINDNE,2033,0.4967999999999999
GLOBAL,PWRSPVINDNE,2034,0.5166
GLOBAL,PWRSPVINDNE,2035,0.5363999999999998
GLOBAL,PWRSPVINDNE,2036,0.5561999999999999
GLOBAL,PWRSPVINDNE,2037,0.5794999999999999
GLOBAL,PWRSPVINDNE,2038,0.6027999999999998
GLOBAL,PWRSPVINDNE,2039,0.6260999999999998
GLOBAL,PWRSPVINDNE,2040,0.6493999999999998
GLOBAL,PWRSPVINDNE,2041,0.6726999999999999
GLOBAL,PWRSPVINDNE,2042,0.6992999999999998
GLOBAL,PWRSPVINDNE,2043,0.7270999999999997
GLOBAL,PWRSPVINDNE,2044,0.7561999999999998
GLOBAL,PWRSPVINDNE,2045,0.7561999999999998
GLOBAL,PWRSPVINDNE,2046,0.7832999999999998
GLOBAL,PWRSPVINDNE,2047,0.8115999999999999
GLOBAL,PWRSPVINDNE,2048,0.8413
GLOBAL,PWRSPVINDNE,2049,0.8591
GLOBAL,PWRSPVINDNE,2050,0.7704000000000002
GLOBAL,PWRSPVINDNO,2023,22.9594
GLOBAL,PWRSPVINDNO,2024,24.3411
GLOBAL,PWRSPVINDNO,2025,33.7736
GLOBAL,PWRSPVINDNO,2026,52.3788
GLOBAL,PWRSPVINDNO,2027,63.63420000000001
GLOBAL,PWRSPVINDNO,2028,65.3845
GLOBAL,PWRSPVINDNO,2029,67.4307
GLOBAL,PWRSPVINDNO,2030,75.23700000000001
GLOBAL,PWRSPVINDNO,2031,76.8075
GLOBAL,PWRSPVINDNO,2032,78.6538
GLOBAL,PWRSPVINDNO,2033,80.5001
GLOBAL,PWRSPVINDNO,2034,82.3464
GLOBAL,PWRSPVINDNO,2035,90.07390000000001
GLOBAL,PWRSPVINDNO,2036,91.9202
GLOBAL,PWRSPVINDNO,2037,93.928
GLOBAL,PWRSPVINDNO,2038,95.9358
GLOBAL,PWRSPVINDNO,2039,97.9436
GLOBAL,PWRSPVINDNO,2040,99.8616
GLOBAL,PWRSPVINDNO,2041,101.866
GLOBAL,PWRSPVINDNO,2042,104.1179
GLOBAL,PWRSPVINDNO,2043,106.4623
GLOBAL,PWRSPVINDNO,2044,108.8717
GLOBAL,PWRSPVINDNO,2045,111.3311
GLOBAL,PWRSPVINDNO,2046,113.9666
GLOBAL,PWRSPVINDNO,2047,116.7085
GLOBAL,PWRSPVINDNO,2048,119.3662
GLOBAL,PWRSPVINDNO,2049,120.9521
GLOBAL,PWRSPVINDNO,2050,114.607
GLOBAL,PWRSPVINDSO,2023,25.136
GLOBAL,PWRSPVINDSO,2024,26.6472
GLOBAL,PWRSPVINDSO,2025,28.2518
GLOBAL,PWRSPVINDSO,2026,30.1708
GLOBAL,PWRSPVINDSO,2027,31.9581
GLOBAL,PWRSPVINDSO,2028,33.8198
GLOBAL,PWRSPVINDSO,2029,35.976099999999995
GLOBAL,PWRSPVINDSO,2030,37.6455
GLOBAL,PWRSPVINDSO,2031,39.2725
GLOBAL,PWRSPVINDSO,2032,41.22709999999999
GLOBAL,PWRSPVINDSO,2033,43.1817
GLOBAL,PWRSPVINDSO,2034,45.1363
GLOBAL,PWRSPVINDSO,2035,47.090900000000005
GLOBAL,PWRSPVINDSO,2036,49.0455
GLOBAL,PWRSPVINDSO,2037,51.135200000000005
GLOBAL,PWRSPVINDSO,2038,53.224900000000005
GLOBAL,PWRSPVINDSO,2039,55.314600000000006
GLOBAL,PWRSPVINDSO,2040,57.3548
GLOBAL,PWRSPVINDSO,2041,59.4427
GLOBAL,PWRSPVINDSO,2042,61.7801
GLOBAL,PWRSPVINDSO,2043,64.2083
GLOBAL,PWRSPVINDSO,2044,66.7307
GLOBAL,PWRSPVINDSO,2045,69.3511
GLOBAL,PWRSPVINDSO,2046,72.0733
GLOBAL,PWRSPVINDSO,2047,74.9012
GLOBAL,PWRSPVINDSO,2048,77.73789999999998
GLOBAL,PWRSPVINDSO,2049,79.27849999999998
GLOBAL,PWRSPVINDSO,2050,80.84429999999999
GLOBAL,PWRSPVINDWE,2023,17.961000000000002
GLOBAL,PWRSPVINDWE,2024,22.193900000000003
GLOBAL,PWRSPVINDWE,2025,27.6105
GLOBAL,PWRSPVINDWE,2026,37.461
GLOBAL,PWRSPVINDWE,2027,42.9352
GLOBAL,PWRSPVINDWE,2028,45.5107
GLOBAL,PWRSPVINDWE,2029,47.1743
GLOBAL,PWRSPVINDWE,2030,48.1233
GLOBAL,PWRSPVINDWE,2031,49.0321
GLOBAL,PWRSPVINDWE,2032,50.4041
GLOBAL,PWRSPVINDWE,2033,51.7761
GLOBAL,PWRSPVINDWE,2034,53.1481
GLOBAL,PWRSPVINDWE,2035,54.5201
GLOBAL,PWRSPVINDWE,2036,55.8921
GLOBAL,PWRSPVINDWE,2037,57.4057
GLOBAL,PWRSPVINDWE,2038,58.91929999999999
GLOBAL,PWRSPVINDWE,2039,60.4329
GLOBAL,PWRSPVINDWE,2040,61.9465
GLOBAL,PWRSPVINDWE,2041,63.4601
GLOBAL,PWRSPVINDWE,2042,65.159
GLOBAL,PWRSPVINDWE,2043,66.9254
GLOBAL,PWRSPVINDWE,2044,68.762
GLOBAL,PWRSPVINDWE,2045,70.6717
GLOBAL,PWRSPVINDWE,2046,72.65729999999998
GLOBAL,PWRSPVINDWE,2047,74.72189999999999
GLOBAL,PWRSPVINDWE,2048,76.709
GLOBAL,PWRSPVINDWE,2049,74.7081
GLOBAL,PWRSPVINDWE,2050,71.61229999999998
GLOBAL,PWRSPVLKAXX,2023,0.947
GLOBAL,PWRSPVLKAXX,2024,1.023
GLOBAL,PWRSPVLKAXX,2025,1.225
GLOBAL,PWRSPVLKAXX,2026,1.6997
GLOBAL,PWRSPVLKAXX,2027,2.2047
GLOBAL,PWRSPVLKAXX,2028,2.7097
GLOBAL,PWRSPVLKAXX,2029,3.5884
GLOBAL,PWRSPVLKAXX,2030,4.0429
GLOBAL,PWRSPVLKAXX,2031,4.4974
GLOBAL,PWRSPVLKAXX,2032,4.850899999999999
GLOBAL,PWRSPVLKAXX,2033,4.925
GLOBAL,PWRSPVLKAXX,2034,5.278499999999999
GLOBAL,PWRSPVLKAXX,2035,5.632
GLOBAL,PWRSPVLKAXX,2036,5.985499999999999
GLOBAL,PWRSPVLKAXX,2037,6.081099999999999
GLOBAL,PWRSPVLKAXX,2038,6.485099999999999
GLOBAL,PWRSPVLKAXX,2039,6.8891
GLOBAL,PWRSPVLKAXX,2040,6.9984
GLOBAL,PWRSPVLKAXX,2041,7.113300000000001
GLOBAL,PWRSPVLKAXX,2042,7.2295
GLOBAL,PWRSPVLKAXX,2043,7.3487
GLOBAL,PWRSPVLKAXX,2044,7.8032
GLOBAL,PWRSPVLKAXX,2045,7.9241
GLOBAL,PWRSPVLKAXX,2046,8.046100000000001
GLOBAL,PWRSPVLKAXX,2047,8.170200000000001
GLOBAL,PWRSPVLKAXX,2048,8.291100000000004
GLOBAL,PWRSPVLKAXX,2049,8.339200000000002
GLOBAL,PWRSPVLKAXX,2050,8.266000000000004
GLOBAL,PWRSPVMDVXX,2023,0.0369999999999999
GLOBAL,PWRSPVMDVXX,2024,0.0441
GLOBAL,PWRSPVMDVXX,2025,0.0761
GLOBAL,PWRSPVMDVXX,2026,0.1120999999999999
GLOBAL,PWRSPVMDVXX,2027,0.1120999999999999
GLOBAL,PWRSPVMDVXX,2028,0.3841
GLOBAL,PWRSPVMDVXX,2029,0.3841
GLOBAL,PWRSPVMDVXX,2030,0.3841
GLOBAL,PWRSPVMDVXX,2031,0.3841
GLOBAL,PWRSPVMDVXX,2032,0.3841
GLOBAL,PWRSPVMDVXX,2033,0.3841
GLOBAL,PWRSPVMDVXX,2034,0.3841
GLOBAL,PWRSPVMDVXX,2035,0.3841
GLOBAL,PWRSPVMDVXX,2036,0.3841
GLOBAL,PWRSPVMDVXX,2037,0.3841
GLOBAL,PWRSPVMDVXX,2038,0.3841
GLOBAL,PWRSPVMDVXX,2039,0.3841
GLOBAL,PWRSPVMDVXX,2040,0.3841
GLOBAL,PWRSPVMDVXX,2041,0.387
GLOBAL,PWRSPVMDVXX,2042,0.39
GLOBAL,PWRSPVMDVXX,2043,0.3931
GLOBAL,PWRSPVMDVXX,2044,0.3962999999999999
GLOBAL,PWRSPVMDVXX,2045,0.3996
GLOBAL,PWRSPVMDVXX,2046,0.4024
GLOBAL,PWRSPVMDVXX,2047,0.4053
GLOBAL,PWRSPVMDVXX,2048,0.4082
GLOBAL,PWRSPVMDVXX,2049,0.4041
GLOBAL,PWRSPVMDVXX,2050,0.3752
GLOBAL,PWRSPVNPLXX,2023,0.065
GLOBAL,PWRSPVNPLXX,2024,0.0703
GLOBAL,PWRSPVNPLXX,2025,1.0399
GLOBAL,PWRSPVNPLXX,2026,1.0457
GLOBAL,PWRSPVNPLXX,2027,1.0519
GLOBAL,PWRSPVNPLXX,2028,1.0589000000000002
GLOBAL,PWRSPVNPLXX,2029,1.0666000000000002
GLOBAL,PWRSPVNPLXX,2030,1.0749000000000002
GLOBAL,PWRSPVNPLXX,2031,1.0839
GLOBAL,PWRSPVNPLXX,2032,1.0936
GLOBAL,PWRSPVNPLXX,2033,1.1041
GLOBAL,PWRSPVNPLXX,2034,1.1105
GLOBAL,PWRSPVNPLXX,2035,1.1169000000000002
GLOBAL,PWRSPVNPLXX,2036,1.1233000000000002
GLOBAL,PWRSPVNPLXX,2037,1.1297
GLOBAL,PWRSPVNPLXX,2038,1.1361
GLOBAL,PWRSPVNPLXX,2039,1.1425
GLOBAL,PWRSPVNPLXX,2040,1.1489000000000005
GLOBAL,PWRSPVNPLXX,2041,1.1553000000000002
GLOBAL,PWRSPVNPLXX,2042,1.1617000000000002
GLOBAL,PWRSPVNPLXX,2043,1.1681
GLOBAL,PWRSPVNPLXX,2044,1.1745
GLOBAL,PWRSPVNPLXX,2045,1.1809000000000005
GLOBAL,PWRSPVNPLXX,2046,1.1873
GLOBAL,PWRSPVNPLXX,2047,1.1937000000000002
GLOBAL,PWRSPVNPLXX,2048,1.2001000000000002
GLOBAL,PWRSPVNPLXX,2049,1.2012
GLOBAL,PWRSPVNPLXX,2050,0.2379999999999999
GLOBAL,PWRTRNBGDXX,2023,5.0
GLOBAL,PWRTRNBGDXX,2024,5.0
GLOBAL,PWRTRNBGDXX,2025,5.0
GLOBAL,PWRTRNBGDXX,2026,5.0
GLOBAL,PWRTRNBGDXX,2027,5.0
GLOBAL,PWRTRNBGDXX,2028,5.0
GLOBAL,PWRTRNBGDXX,2029,5.0
GLOBAL,PWRTRNBGDXX,2030,5.0
GLOBAL,PWRTRNBGDXX,2031,11.564513027521656
GLOBAL,PWRTRNBGDXX,2032,11.564513027521656
GLOBAL,PWRTRNBGDXX,2033,11.564513027521656
GLOBAL,PWRTRNBGDXX,2034,11.564513027521656
GLOBAL,PWRTRNBGDXX,2035,11.564513027521656
GLOBAL,PWRTRNBGDXX,2036,11.564513027521656
GLOBAL,PWRTRNBGDXX,2037,11.564513027521656
GLOBAL,PWRTRNBGDXX,2038,11.564513027521656
GLOBAL,PWRTRNBGDXX,2039,11.564513027521656
GLOBAL,PWRTRNBGDXX,2040,11.564513027521656
GLOBAL,PWRTRNBGDXX,2041,11.564513027521656
GLOBAL,PWRTRNBGDXX,2042,11.564513027521656
GLOBAL,PWRTRNBGDXX,2043,11.564513027521656
GLOBAL,PWRTRNBGDXX,2044,11.564513027521656
GLOBAL,PWRTRNBGDXX,2045,11.564513027521656
GLOBAL,PWRTRNBGDXX,2046,11.564513027521656
GLOBAL,PWRTRNBGDXX,2047,11.564513027521656
GLOBAL,PWRTRNBGDXX,2048,11.564513027521656
GLOBAL,PWRTRNBGDXX,2049,11.564513027521656
GLOBAL,PWRTRNBGDXX,2050,11.564513027521656
GLOBAL,PWRTRNBTNXX,2023,5.0
GLOBAL,PWRTRNBTNXX,2024,5.0
GLOBAL,PWRTRNBTNXX,2025,5.0
GLOBAL,PWRTRNBTNXX,2026,5.0
GLOBAL,PWRTRNBTNXX,2027,5.0
GLOBAL,PWRTRNBTNXX,2028,5.0
GLOBAL,PWRTRNBTNXX,2029,5.0
GLOBAL,PWRTRNBTNXX,2030,5.0
GLOBAL,PWRTRNBTNXX,2031,5.0
GLOBAL,PWRTRNBTNXX,2032,5.0
GLOBAL,PWRTRNBTNXX,2033,5.0
GLOBAL,PWRTRNBTNXX,2034,5.0
GLOBAL,PWRTRNBTNXX,2035,5.0
GLOBAL,PWRTRNBTNXX,2036,5.0
GLOBAL,PWRTRNBTNXX,2037,5.0
GLOBAL,PWRTRNBTNXX,2038,5.0
GLOBAL,PWRTRNBTNXX,2039,5.0
GLOBAL,PWRTRNBTNXX,2040,5.0
GLOBAL,PWRTRNBTNXX,2041,5.0
GLOBAL,PWRTRNBTNXX,2042,5.0
GLOBAL,PWRTRNBTNXX,2043,5.0
GLOBAL,PWRTRNBTNXX,2044,5.0
GLOBAL,PWRTRNBTNXX,2045,5.0
GLOBAL,PWRTRNBTNXX,2046,5.0
GLOBAL,PWRTRNBTNXX,2047,5.0
GLOBAL,PWRTRNBTNXX,2048,5.0
GLOBAL,PWRTRNBTNXX,2049,5.0
GLOBAL,PWRTRNBTNXX,2050,5.0
GLOBAL,PWRTRNINDEA,2023,5.0
GLOBAL,PWRTRNINDEA,2024,5.0
GLOBAL,PWRTRNINDEA,2025,5.0
GLOBAL,PWRTRNINDEA,2026,5.0
GLOBAL,PWRTRNINDEA,2027,5.0
GLOBAL,PWRTRNINDEA,2028,5.0
GLOBAL,PWRTRNINDEA,2029,5.0
GLOBAL,PWRTRNINDEA,2030,5.0
GLOBAL,PWRTRNINDEA,2031,5.0
GLOBAL,PWRTRNINDEA,2032,5.0
GLOBAL,PWRTRNINDEA,2033,5.0
GLOBAL,PWRTRNINDEA,2034,5.0
GLOBAL,PWRTRNINDEA,2035,5.0
GLOBAL,PWRTRNINDEA,2036,5.0
GLOBAL,PWRTRNINDEA,2037,5.0
GLOBAL,PWRTRNINDEA,2038,5.0
GLOBAL,PWRTRNINDEA,2039,5.0
GLOBAL,PWRTRNINDEA,2040,5.0
GLOBAL,PWRTRNINDEA,2041,8.919600000000013
GLOBAL,PWRTRNINDEA,2042,13.390600000000015
GLOBAL,PWRTRNINDEA,2043,13.390600000000015
GLOBAL,PWRTRNINDEA,2044,13.390600000000015
GLOBAL,PWRTRNINDEA,2045,13.390600000000015
GLOBAL,PWRTRNINDEA,2046,13.390600000000015
GLOBAL,PWRTRNINDEA,2047,15.100293658607356
GLOBAL,PWRTRNINDEA,2048,15.100293658607356
GLOBAL,PWRTRNINDEA,2049,15.100293658607356
GLOBAL,PWRTRNINDEA,2050,15.100293658607356
GLOBAL,PWRTRNINDNE,2023,5.0
GLOBAL,PWRTRNINDNE,2024,5.0
GLOBAL,PWRTRNINDNE,2025,5.0
GLOBAL,PWRTRNINDNE,2026,5.0
GLOBAL,PWRTRNINDNE,2027,5.0
GLOBAL,PWRTRNINDNE,2028,5.0
GLOBAL,PWRTRNINDNE,2029,5.0
GLOBAL,PWRTRNINDNE,2030,5.0
GLOBAL,PWRTRNINDNE,2031,5.0
GLOBAL,PWRTRNINDNE,2032,5.0
GLOBAL,PWRTRNINDNE,2033,5.0
GLOBAL,PWRTRNINDNE,2034,5.0
GLOBAL,PWRTRNINDNE,2035,5.0
GLOBAL,PWRTRNINDNE,2036,5.0
GLOBAL,PWRTRNINDNE,2037,5.0
GLOBAL,PWRTRNINDNE,2038,5.0
GLOBAL,PWRTRNINDNE,2039,5.0
GLOBAL,PWRTRNINDNE,2040,5.0
GLOBAL,PWRTRNINDNE,2041,5.0
GLOBAL,PWRTRNINDNE,2042,5.0
GLOBAL,PWRTRNINDNE,2043,5.0
GLOBAL,PWRTRNINDNE,2044,5.0
GLOBAL,PWRTRNINDNE,2045,5.0
GLOBAL,PWRTRNINDNE,2046,5.0
GLOBAL,PWRTRNINDNE,2047,5.0
GLOBAL,PWRTRNINDNE,2048,5.0
GLOBAL,PWRTRNINDNE,2049,5.0
GLOBAL,PWRTRNINDNE,2050,5.0
GLOBAL,PWRTRNINDNO,2023,7.330891196949029
GLOBAL,PWRTRNINDNO,2024,7.330891196949029
GLOBAL,PWRTRNINDNO,2025,7.330891196949029
GLOBAL,PWRTRNINDNO,2026,7.330891196949029
GLOBAL,PWRTRNINDNO,2027,7.330891196949029
GLOBAL,PWRTRNINDNO,2028,7.330891196949029
GLOBAL,PWRTRNINDNO,2029,7.330891196949029
GLOBAL,PWRTRNINDNO,2030,7.330891196949029
GLOBAL,PWRTRNINDNO,2031,9.902734240228803
GLOBAL,PWRTRNINDNO,2032,10.868714511268797
GLOBAL,PWRTRNINDNO,2033,16.641206411216828
GLOBAL,PWRTRNINDNO,2034,22.043514511268775
GLOBAL,PWRTRNINDNO,2035,22.25959612073736
GLOBAL,PWRTRNINDNO,2036,22.25959612073736
GLOBAL,PWRTRNINDNO,2037,29.046597351943078
GLOBAL,PWRTRNINDNO,2038,29.046597351943078
GLOBAL,PWRTRNINDNO,2039,29.046597351943078
GLOBAL,PWRTRNINDNO,2040,35.397735362950606
GLOBAL,PWRTRNINDNO,2041,35.397735362950606
GLOBAL,PWRTRNINDNO,2042,35.397735362950606
GLOBAL,PWRTRNINDNO,2043,35.397735362950606
GLOBAL,PWRTRNINDNO,2044,35.397735362950606
GLOBAL,PWRTRNINDNO,2045,35.397735362950606
GLOBAL,PWRTRNINDNO,2046,35.397735362950606
GLOBAL,PWRTRNINDNO,2047,35.397735362950606
GLOBAL,PWRTRNINDNO,2048,35.397735362950606
GLOBAL,PWRTRNINDNO,2049,35.397735362950606
GLOBAL,PWRTRNINDNO,2050,35.397735362950606
GLOBAL,PWRTRNINDSO,2023,17.702171255478532
GLOBAL,PWRTRNINDSO,2024,17.702171255478532
GLOBAL,PWRTRNINDSO,2025,19.33835415179681
GLOBAL,PWRTRNINDSO,2026,19.33835415179681
GLOBAL,PWRTRNINDSO,2027,19.33835415179681
GLOBAL,PWRTRNINDSO,2028,21.15517085685607
GLOBAL,PWRTRNINDSO,2029,23.38701760707956
GLOBAL,PWRTRNINDSO,2030,23.60841760707956
GLOBAL,PWRTRNINDSO,2031,23.82421760707955
GLOBAL,PWRTRNINDSO,2032,24.08341760707956
GLOBAL,PWRTRNINDSO,2033,24.515032706223145
GLOBAL,PWRTRNINDSO,2034,27.249533369866455
GLOBAL,PWRTRNINDSO,2035,28.978748411565466
GLOBAL,PWRTRNINDSO,2036,28.978748411565466
GLOBAL,PWRTRNINDSO,2037,28.978748411565466
GLOBAL,PWRTRNINDSO,2038,28.978748411565466
GLOBAL,PWRTRNINDSO,2039,28.978748411565466
GLOBAL,PWRTRNINDSO,2040,28.978748411565466
GLOBAL,PWRTRNINDSO,2041,31.059382829316927
GLOBAL,PWRTRNINDSO,2042,31.38473742226409
GLOBAL,PWRTRNINDSO,2043,31.38473742226409
GLOBAL,PWRTRNINDSO,2044,31.38473742226409
GLOBAL,PWRTRNINDSO,2045,35.633160854622226
GLOBAL,PWRTRNINDSO,2046,40.046747646954806
GLOBAL,PWRTRNINDSO,2047,40.046747646954806
GLOBAL,PWRTRNINDSO,2048,40.046747646954806
GLOBAL,PWRTRNINDSO,2049,40.046747646954806
GLOBAL,PWRTRNINDSO,2050,45.491619732822016
GLOBAL,PWRTRNINDWE,2023,16.076301871981805
GLOBAL,PWRTRNINDWE,2024,16.076301871981805
GLOBAL,PWRTRNINDWE,2025,16.076301871981805
GLOBAL,PWRTRNINDWE,2026,16.076301871981805
GLOBAL,PWRTRNINDWE,2027,16.932426807399857
GLOBAL,PWRTRNINDWE,2028,21.682421433200847
GLOBAL,PWRTRNINDWE,2029,21.682421433200847
GLOBAL,PWRTRNINDWE,2030,21.682421433200847
GLOBAL,PWRTRNINDWE,2031,21.682421433200847
GLOBAL,PWRTRNINDWE,2032,21.682421433200847
GLOBAL,PWRTRNINDWE,2033,21.682421433200847
GLOBAL,PWRTRNINDWE,2034,21.682421433200847
GLOBAL,PWRTRNINDWE,2035,21.682421433200847
GLOBAL,PWRTRNINDWE,2036,21.682421433200847
GLOBAL,PWRTRNINDWE,2037,21.682421433200847
GLOBAL,PWRTRNINDWE,2038,21.682421433200847
GLOBAL,PWRTRNINDWE,2039,23.015037179316128
GLOBAL,PWRTRNINDWE,2040,25.395301957741896
GLOBAL,PWRTRNINDWE,2041,30.323416796652413
GLOBAL,PWRTRNINDWE,2042,31.006569798808112
GLOBAL,PWRTRNINDWE,2043,36.59937776187516
GLOBAL,PWRTRNINDWE,2044,42.22183877061839
GLOBAL,PWRTRNINDWE,2045,47.921677194994864
GLOBAL,PWRTRNINDWE,2046,52.775786035023614
GLOBAL,PWRTRNINDWE,2047,53.74858923480428
GLOBAL,PWRTRNINDWE,2048,53.74858923480428
GLOBAL,PWRTRNINDWE,2049,53.74858923480428
GLOBAL,PWRTRNINDWE,2050,59.6563110491083
GLOBAL,PWRTRNLKAXX,2023,5.0
GLOBAL,PWRTRNLKAXX,2024,5.0
GLOBAL,PWRTRNLKAXX,2025,5.0
GLOBAL,PWRTRNLKAXX,2026,5.0
GLOBAL,PWRTRNLKAXX,2027,5.0
GLOBAL,PWRTRNLKAXX,2028,5.0
GLOBAL,PWRTRNLKAXX,2029,5.0
GLOBAL,PWRTRNLKAXX,2030,5.0
GLOBAL,PWRTRNLKAXX,2031,5.0
GLOBAL,PWRTRNLKAXX,2032,5.0
GLOBAL,PWRTRNLKAXX,2033,5.0
GLOBAL,PWRTRNLKAXX,2034,5.0
GLOBAL,PWRTRNLKAXX,2035,5.0
GLOBAL,PWRTRNLKAXX,2036,5.0
GLOBAL,PWRTRNLKAXX,2037,5.0
GLOBAL,PWRTRNLKAXX,2038,5.0
GLOBAL,PWRTRNLKAXX,2039,5.0
GLOBAL,PWRTRNLKAXX,2040,5.0
GLOBAL,PWRTRNLKAXX,2041,5.0
GLOBAL,PWRTRNLKAXX,2042,5.0
GLOBAL,PWRTRNLKAXX,2043,5.0
GLOBAL,PWRTRNLKAXX,2044,5.0
GLOBAL,PWRTRNLKAXX,2045,5.0
GLOBAL,PWRTRNLKAXX,2046,5.0
GLOBAL,PWRTRNLKAXX,2047,5.0
GLOBAL,PWRTRNLKAXX,2048,5.0
GLOBAL,PWRTRNLKAXX,2049,5.0
GLOBAL,PWRTRNLKAXX,2050,5.0
GLOBAL,PWRTRNMDVXX,2023,5.0
GLOBAL,PWRTRNMDVXX,2024,5.0
GLOBAL,PWRTRNMDVXX,2025,5.0
GLOBAL,PWRTRNMDVXX,2026,5.0
GLOBAL,PWRTRNMDVXX,2027,5.0
GLOBAL,PWRTRNMDVXX,2028,5.0
GLOBAL,PWRTRNMDVXX,2029,5.0
GLOBAL,PWRTRNMDVXX,2030,5.0
GLOBAL,PWRTRNMDVXX,2031,5.0
GLOBAL,PWRTRNMDVXX,2032,5.0
GLOBAL,PWRTRNMDVXX,2033,5.0
GLOBAL,PWRTRNMDVXX,2034,5.0
GLOBAL,PWRTRNMDVXX,2035,5.0
GLOBAL,PWRTRNMDVXX,2036,5.0
GLOBAL,PWRTRNMDVXX,2037,5.0
GLOBAL,PWRTRNMDVXX,2038,5.0
GLOBAL,PWRTRNMDVXX,2039,5.0
GLOBAL,PWRTRNMDVXX,2040,5.0
GLOBAL,PWRTRNMDVXX,2041,5.0
GLOBAL,PWRTRNMDVXX,2042,5.0
GLOBAL,PWRTRNMDVXX,2043,5.0
GLOBAL,PWRTRNMDVXX,2044,5.0
GLOBAL,PWRTRNMDVXX,2045,5.0
GLOBAL,PWRTRNMDVXX,2046,5.0
GLOBAL,PWRTRNMDVXX,2047,5.0
GLOBAL,PWRTRNMDVXX,2048,5.0
GLOBAL,PWRTRNMDVXX,2049,5.0
GLOBAL,PWRTRNMDVXX,2050,5.0
GLOBAL,PWRTRNNPLXX,2023,5.0
GLOBAL,PWRTRNNPLXX,2024,5.0
GLOBAL,PWRTRNNPLXX,2025,5.0
GLOBAL,PWRTRNNPLXX,2026,5.0
GLOBAL,PWRTRNNPLXX,2027,5.0
GLOBAL,PWRTRNNPLXX,2028,5.0
GLOBAL,PWRTRNNPLXX,2029,5.0
GLOBAL,PWRTRNNPLXX,2030,5.0
GLOBAL,PWRTRNNPLXX,2031,5.0
GLOBAL,PWRTRNNPLXX,2032,5.0
GLOBAL,PWRTRNNPLXX,2033,5.0
GLOBAL,PWRTRNNPLXX,2034,5.0
GLOBAL,PWRTRNNPLXX,2035,5.0
GLOBAL,PWRTRNNPLXX,2036,5.0
GLOBAL,PWRTRNNPLXX,2037,5.0
GLOBAL,PWRTRNNPLXX,2038,5.0
GLOBAL,PWRTRNNPLXX,2039,5.0
GLOBAL,PWRTRNNPLXX,2040,5.0
GLOBAL,PWRTRNNPLXX,2041,5.0
GLOBAL,PWRTRNNPLXX,2042,5.0
GLOBAL,PWRTRNNPLXX,2043,5.0
GLOBAL,PWRTRNNPLXX,2044,5.0
GLOBAL,PWRTRNNPLXX,2045,5.0
GLOBAL,PWRTRNNPLXX,2046,5.0
GLOBAL,PWRTRNNPLXX,2047,5.0
GLOBAL,PWRTRNNPLXX,2048,5.0
GLOBAL,PWRTRNNPLXX,2049,5.0
GLOBAL,PWRTRNNPLXX,2050,5.0
GLOBAL,PWRURNBGDXX,2024,1.2
GLOBAL,PWRURNBGDXX,2025,2.4
GLOBAL,PWRURNBGDXX,2026,2.4
GLOBAL,PWRURNBGDXX,2027,2.4
GLOBAL,PWRURNBGDXX,2028,2.4
GLOBAL,PWRURNBGDXX,2029,2.4
GLOBAL,PWRURNBGDXX,2030,2.4
GLOBAL,PWRURNBGDXX,2031,2.4
GLOBAL,PWRURNBGDXX,2032,2.4
GLOBAL,PWRURNBGDXX,2033,2.4
GLOBAL,PWRURNBGDXX,2034,2.4
GLOBAL,PWRURNBGDXX,2035,2.4
GLOBAL,PWRURNBGDXX,2036,2.4
GLOBAL,PWRURNBGDXX,2037,2.4
GLOBAL,PWRURNBGDXX,2038,2.4
GLOBAL,PWRURNBGDXX,2039,2.4
GLOBAL,PWRURNBGDXX,2040,2.4
GLOBAL,PWRURNBGDXX,2041,2.4
GLOBAL,PWRURNBGDXX,2042,2.4
GLOBAL,PWRURNBGDXX,2043,2.4
GLOBAL,PWRURNBGDXX,2044,2.4
GLOBAL,PWRURNBGDXX,2045,2.4
GLOBAL,PWRURNBGDXX,2046,2.4
GLOBAL,PWRURNBGDXX,2047,2.4
GLOBAL,PWRURNBGDXX,2048,2.4
GLOBAL,PWRURNBGDXX,2049,2.4
GLOBAL,PWRURNBGDXX,2050,2.4
GLOBAL,PWRURNINDNO,2023,1.62
GLOBAL,PWRURNINDNO,2024,1.62
GLOBAL,PWRURNINDNO,2025,1.7240000000000002
GLOBAL,PWRURNINDNO,2026,2.431
GLOBAL,PWRURNINDNO,2027,2.5495
GLOBAL,PWRURNINDNO,2028,2.6741
GLOBAL,PWRURNINDNO,2029,4.0881
GLOBAL,PWRURNINDNO,2030,4.1989
GLOBAL,PWRURNINDNO,2031,4.3107
GLOBAL,PWRURNINDNO,2032,4.4421
GLOBAL,PWRURNINDNO,2033,4.5735
GLOBAL,PWRURNINDNO,2034,4.7049
GLOBAL,PWRURNINDNO,2035,4.8363000000000005
GLOBAL,PWRURNINDNO,2036,4.967700000000001
GLOBAL,PWRURNINDNO,2037,5.110600000000001
GLOBAL,PWRURNINDNO,2038,5.253500000000001
GLOBAL,PWRURNINDNO,2039,5.396400000000001
GLOBAL,PWRURNINDNO,2040,5.532900000000001
GLOBAL,PWRURNINDNO,2041,5.6755
GLOBAL,PWRURNINDNO,2042,5.835700000000001
GLOBAL,PWRURNINDNO,2043,6.0025
GLOBAL,PWRURNINDNO,2044,6.174
GLOBAL,PWRURNINDNO,2045,6.349000000000001
GLOBAL,PWRURNINDNO,2046,6.536600000000001
GLOBAL,PWRURNINDNO,2047,6.7317
GLOBAL,PWRURNINDNO,2048,6.9347
GLOBAL,PWRURNINDNO,2049,7.1459
GLOBAL,PWRURNINDNO,2050,7.365599999999999
GLOBAL,PWRURNINDSO,2023,3.32
GLOBAL,PWRURNINDSO,2024,3.82
GLOBAL,PWRURNINDSO,2025,7.82
GLOBAL,PWRURNINDSO,2026,7.82
GLOBAL,PWRURNINDSO,2027,7.82
GLOBAL,PWRURNINDSO,2028,7.82
GLOBAL,PWRURNINDSO,2029,8.106
GLOBAL,PWRURNINDSO,2030,8.327399999999999
GLOBAL,PWRURNINDSO,2031,8.5432
GLOBAL,PWRURNINDSO,2032,8.802399999999999
GLOBAL,PWRURNINDSO,2033,9.061599999999999
GLOBAL,PWRURNINDSO,2034,9.320799999999998
GLOBAL,PWRURNINDSO,2035,9.579999999999998
GLOBAL,PWRURNINDSO,2036,9.839199999999998
GLOBAL,PWRURNINDSO,2037,10.1163
GLOBAL,PWRURNINDSO,2038,10.3934
GLOBAL,PWRURNINDSO,2039,10.6705
GLOBAL,PWRURNINDSO,2040,10.9411
GLOBAL,PWRURNINDSO,2041,11.218
GLOBAL,PWRURNINDSO,2042,11.528
GLOBAL,PWRURNINDSO,2043,11.85
GLOBAL,PWRURNINDSO,2044,12.1845
GLOBAL,PWRURNINDSO,2045,12.532
GLOBAL,PWRURNINDSO,2046,12.893
GLOBAL,PWRURNINDSO,2047,13.268
GLOBAL,PWRURNINDSO,2048,13.6576
GLOBAL,PWRURNINDSO,2049,14.0623
GLOBAL,PWRURNINDSO,2050,14.4827
GLOBAL,PWRURNINDWE,2023,2.54
GLOBAL,PWRURNINDWE,2024,2.54
GLOBAL,PWRURNINDWE,2025,2.54
GLOBAL,PWRURNINDWE,2026,2.54
GLOBAL,PWRURNINDWE,2027,2.54
GLOBAL,PWRURNINDWE,2028,2.7323
GLOBAL,PWRURNINDWE,2029,2.9697
GLOBAL,PWRURNINDWE,2030,3.1051
GLOBAL,PWRURNINDWE,2031,3.2348000000000003
GLOBAL,PWRURNINDWE,2032,3.4306000000000005
GLOBAL,PWRURNINDWE,2033,3.6264000000000007
GLOBAL,PWRURNINDWE,2034,3.822200000000001
GLOBAL,PWRURNINDWE,2035,4.018000000000002
GLOBAL,PWRURNINDWE,2036,4.213800000000002
GLOBAL,PWRURNINDWE,2037,4.429800000000002
GLOBAL,PWRURNINDWE,2038,4.6458
GLOBAL,PWRURNINDWE,2039,4.8618000000000015
GLOBAL,PWRURNINDWE,2040,5.077800000000002
GLOBAL,PWRURNINDWE,2041,5.293800000000002
GLOBAL,PWRURNINDWE,2042,5.536200000000002
GLOBAL,PWRURNINDWE,2043,5.788200000000002
GLOBAL,PWRURNINDWE,2044,6.050300000000002
GLOBAL,PWRURNINDWE,2045,6.322800000000002
GLOBAL,PWRURNINDWE,2046,6.606100000000001
GLOBAL,PWRURNINDWE,2047,6.900700000000001
GLOBAL,PWRURNINDWE,2048,7.207000000000002
GLOBAL,PWRURNINDWE,2049,7.525500000000002
GLOBAL,PWRURNINDWE,2050,7.856600000000002
GLOBAL,PWRWASINDEA,2024,0.0004
GLOBAL,PWRWASINDEA,2025,0.0008
GLOBAL,PWRWASINDEA,2026,0.0012
GLOBAL,PWRWASINDEA,2027,0.0016999999999999
GLOBAL,PWRWASINDEA,2028,0.0022
GLOBAL,PWRWASINDEA,2029,0.0028
GLOBAL,PWRWASINDEA,2030,0.0032
GLOBAL,PWRWASINDEA,2031,0.0036
GLOBAL,PWRWASINDEA,2032,0.0041
GLOBAL,PWRWASINDEA,2033,0.0045999999999999
GLOBAL,PWRWASINDEA,2034,0.0051
GLOBAL,PWRWASINDEA,2035,0.0056
GLOBAL,PWRWASINDEA,2036,0.0061
GLOBAL,PWRWASINDEA,2037,0.0067
GLOBAL,PWRWASINDEA,2038,0.0073
GLOBAL,PWRWASINDEA,2039,0.0079
GLOBAL,PWRWASINDEA,2040,0.0085
GLOBAL,PWRWASINDEA,2041,0.0091
GLOBAL,PWRWASINDEA,2042,0.0097999999999999
GLOBAL,PWRWASINDEA,2043,0.0105
GLOBAL,PWRWASINDEA,2044,0.0112999999999999
GLOBAL,PWRWASINDEA,2045,0.0120999999999999
GLOBAL,PWRWASINDEA,2046,0.0128999999999999
GLOBAL,PWRWASINDEA,2047,0.0137999999999999
GLOBAL,PWRWASINDEA,2048,0.0147
GLOBAL,PWRWASINDEA,2049,0.0153
GLOBAL,PWRWASINDEA,2050,0.0159
GLOBAL,PWRWASINDNO,2024,0.0147
GLOBAL,PWRWASINDNO,2025,0.0301999999999999
GLOBAL,PWRWASINDNO,2026,0.0468
GLOBAL,PWRWASINDNO,2027,0.0645
GLOBAL,PWRWASINDNO,2028,0.0831
GLOBAL,PWRWASINDNO,2029,0.1048
GLOBAL,PWRWASINDNO,2030,0.1213
GLOBAL,PWRWASINDNO,2031,0.138
GLOBAL,PWRWASINDNO,2032,0.1575999999999999
GLOBAL,PWRWASINDNO,2033,0.1771999999999999
GLOBAL,PWRWASINDNO,2034,0.1967999999999999
GLOBAL,PWRWASINDNO,2035,0.2163999999999999
GLOBAL,PWRWASINDNO,2036,0.2359999999999999
GLOBAL,PWRWASINDNO,2037,0.2573
GLOBAL,PWRWASINDNO,2038,0.2786
GLOBAL,PWRWASINDNO,2039,0.2999
GLOBAL,PWRWASINDNO,2040,0.3202
GLOBAL,PWRWASINDNO,2041,0.3415
GLOBAL,PWRWASINDNO,2042,0.3654
GLOBAL,PWRWASINDNO,2043,0.3903
GLOBAL,PWRWASINDNO,2044,0.4159
GLOBAL,PWRWASINDNO,2045,0.442
GLOBAL,PWRWASINDNO,2046,0.4698999999999999
GLOBAL,PWRWASINDNO,2047,0.499
GLOBAL,PWRWASINDNO,2048,0.5292
GLOBAL,PWRWASINDNO,2049,0.5459999999999999
GLOBAL,PWRWASINDNO,2050,0.5631999999999999
GLOBAL,PWRWASINDSO,2024,0.0114
GLOBAL,PWRWASINDSO,2025,0.0235
GLOBAL,PWRWASINDSO,2026,0.0367999999999999
GLOBAL,PWRWASINDSO,2027,0.0502999999999999
GLOBAL,PWRWASINDSO,2028,0.0642999999999999
GLOBAL,PWRWASINDSO,2029,0.0806
GLOBAL,PWRWASINDSO,2030,0.0932
GLOBAL,PWRWASINDSO,2031,0.1054999999999999
GLOBAL,PWRWASINDSO,2032,0.1201999999999999
GLOBAL,PWRWASINDSO,2033,0.1348999999999999
GLOBAL,PWRWASINDSO,2034,0.1495999999999999
GLOBAL,PWRWASINDSO,2035,0.1643
GLOBAL,PWRWASINDSO,2036,0.179
GLOBAL,PWRWASINDSO,2037,0.1948
GLOBAL,PWRWASINDSO,2038,0.2106
GLOBAL,PWRWASINDSO,2039,0.2264
GLOBAL,PWRWASINDSO,2040,0.2418
GLOBAL,PWRWASINDSO,2041,0.2575
GLOBAL,PWRWASINDSO,2042,0.2751
GLOBAL,PWRWASINDSO,2043,0.2933999999999999
GLOBAL,PWRWASINDSO,2044,0.3124
GLOBAL,PWRWASINDSO,2045,0.3322
GLOBAL,PWRWASINDSO,2046,0.3526999999999999
GLOBAL,PWRWASINDSO,2047,0.374
GLOBAL,PWRWASINDSO,2048,0.3961999999999999
GLOBAL,PWRWASINDSO,2049,0.4077999999999999
GLOBAL,PWRWASINDSO,2050,0.4195999999999999
GLOBAL,PWRWASINDWE,2024,0.0073
GLOBAL,PWRWASINDWE,2025,0.0152
GLOBAL,PWRWASINDWE,2026,0.0241
GLOBAL,PWRWASINDWE,2027,0.0327
GLOBAL,PWRWASINDWE,2028,0.0415999999999999
GLOBAL,PWRWASINDWE,2029,0.0526
GLOBAL,PWRWASINDWE,2030,0.0588999999999999
GLOBAL,PWRWASINDWE,2031,0.0648999999999999
GLOBAL,PWRWASINDWE,2032,0.0739999999999999
GLOBAL,PWRWASINDWE,2033,0.0831
GLOBAL,PWRWASINDWE,2034,0.0922
GLOBAL,PWRWASINDWE,2035,0.1013
GLOBAL,PWRWASINDWE,2036,0.1104
GLOBAL,PWRWASINDWE,2037,0.1204
GLOBAL,PWRWASINDWE,2038,0.1303999999999999
GLOBAL,PWRWASINDWE,2039,0.1403999999999999
GLOBAL,PWRWASINDWE,2040,0.1503999999999999
GLOBAL,PWRWASINDWE,2041,0.1603999999999999
GLOBAL,PWRWASINDWE,2042,0.1716999999999999
GLOBAL,PWRWASINDWE,2043,0.1833999999999999
GLOBAL,PWRWASINDWE,2044,0.1955999999999999
GLOBAL,PWRWASINDWE,2045,0.2082999999999999
GLOBAL,PWRWASINDWE,2046,0.2214999999999999
GLOBAL,PWRWASINDWE,2047,0.2351999999999999
GLOBAL,PWRWASINDWE,2048,0.2493999999999999
GLOBAL,PWRWASINDWE,2049,0.2569
GLOBAL,PWRWASINDWE,2050,0.2644
GLOBAL,PWRWASLKAXX,2024,0.0008
GLOBAL,PWRWASLKAXX,2025,0.0014
GLOBAL,PWRWASLKAXX,2026,0.002
GLOBAL,PWRWASLKAXX,2027,0.0025999999999999
GLOBAL,PWRWASLKAXX,2028,0.0032999999999999
GLOBAL,PWRWASLKAXX,2029,0.004
GLOBAL,PWRWASLKAXX,2030,0.0048
GLOBAL,PWRWASLKAXX,2031,0.0055
GLOBAL,PWRWASLKAXX,2032,0.0063
GLOBAL,PWRWASLKAXX,2033,0.0070999999999999
GLOBAL,PWRWASLKAXX,2034,0.0078999999999999
GLOBAL,PWRWASLKAXX,2035,0.0088
GLOBAL,PWRWASLKAXX,2036,0.0097
GLOBAL,PWRWASLKAXX,2037,0.0107
GLOBAL,PWRWASLKAXX,2038,0.0118
GLOBAL,PWRWASLKAXX,2039,0.0129
GLOBAL,PWRWASLKAXX,2040,0.0140999999999999
GLOBAL,PWRWASLKAXX,2041,0.0152999999999999
GLOBAL,PWRWASLKAXX,2042,0.0164999999999999
GLOBAL,PWRWASLKAXX,2043,0.0177999999999999
GLOBAL,PWRWASLKAXX,2044,0.0190999999999999
GLOBAL,PWRWASLKAXX,2045,0.0203999999999999
GLOBAL,PWRWASLKAXX,2046,0.0216999999999999
GLOBAL,PWRWASLKAXX,2047,0.0229999999999999
GLOBAL,PWRWASLKAXX,2048,0.0242999999999999
GLOBAL,PWRWASLKAXX,2049,0.0247999999999999
GLOBAL,PWRWASLKAXX,2050,0.0255999999999999
GLOBAL,PWRWONBGDXX,2023,0.063
GLOBAL,PWRWONBGDXX,2024,0.0674
GLOBAL,PWRWONBGDXX,2025,0.0720999999999999
GLOBAL,PWRWONBGDXX,2026,0.0771
GLOBAL,PWRWONBGDXX,2027,0.0824
GLOBAL,PWRWONBGDXX,2028,0.0880999999999999
GLOBAL,PWRWONBGDXX,2029,0.0941999999999999
GLOBAL,PWRWONBGDXX,2030,0.1007
GLOBAL,PWRWONBGDXX,2031,0.1062
GLOBAL,PWRWONBGDXX,2032,0.112
GLOBAL,PWRWONBGDXX,2033,0.1181
GLOBAL,PWRWONBGDXX,2034,0.1245
GLOBAL,PWRWONBGDXX,2035,0.3265
GLOBAL,PWRWONBGDXX,2036,0.3336
GLOBAL,PWRWONBGDXX,2037,0.3411
GLOBAL,PWRWONBGDXX,2038,0.3489999999999999
GLOBAL,PWRWONBGDXX,2039,0.3573
GLOBAL,PWRWONBGDXX,2040,0.3659999999999999
GLOBAL,PWRWONBGDXX,2041,0.3751999999999999
GLOBAL,PWRWONBGDXX,2042,0.3829
GLOBAL,PWRWONBGDXX,2043,0.3909
GLOBAL,PWRWONBGDXX,2044,0.3992999999999999
GLOBAL,PWRWONBGDXX,2045,0.408
GLOBAL,PWRWONBGDXX,2046,0.4171
GLOBAL,PWRWONBGDXX,2047,0.4265999999999999
GLOBAL,PWRWONBGDXX,2048,0.4365
GLOBAL,PWRWONBGDXX,2049,0.4424
GLOBAL,PWRWONBGDXX,2050,0.4484
GLOBAL,PWRWONBTNXX,2037,0.0002
GLOBAL,PWRWONBTNXX,2038,0.0004
GLOBAL,PWRWONBTNXX,2039,0.0006
GLOBAL,PWRWONBTNXX,2040,0.0008
GLOBAL,PWRWONBTNXX,2041,0.001
GLOBAL,PWRWONBTNXX,2042,0.0012
GLOBAL,PWRWONBTNXX,2043,0.0015
GLOBAL,PWRWONBTNXX,2044,0.0018
GLOBAL,PWRWONBTNXX,2045,0.0021
GLOBAL,PWRWONBTNXX,2046,0.0024
GLOBAL,PWRWONBTNXX,2047,0.0027
GLOBAL,PWRWONBTNXX,2048,0.0031
GLOBAL,PWRWONBTNXX,2049,0.0035
GLOBAL,PWRWONBTNXX,2050,0.0039
GLOBAL,PWRWONINDNO,2023,5.157
GLOBAL,PWRWONINDNO,2024,5.47
GLOBAL,PWRWONINDNO,2025,5.8009
GLOBAL,PWRWONINDNO,2026,6.156199999999999
GLOBAL,PWRWONINDNO,2027,6.5334
GLOBAL,PWRWONINDNO,2028,6.929899999999999
GLOBAL,PWRWONINDNO,2029,7.3934
GLOBAL,PWRWONINDNO,2030,7.746099999999998
GLOBAL,PWRWONINDNO,2031,8.1019
GLOBAL,PWRWONINDNO,2032,8.5202
GLOBAL,PWRWONINDNO,2033,8.938399999999998
GLOBAL,PWRWONINDNO,2034,9.3567
GLOBAL,PWRWONINDNO,2035,9.7749
GLOBAL,PWRWONINDNO,2036,10.1932
GLOBAL,PWRWONINDNO,2037,10.648
GLOBAL,PWRWONINDNO,2038,11.1028
GLOBAL,PWRWONINDNO,2039,11.5576
GLOBAL,PWRWONINDNO,2040,11.9921
GLOBAL,PWRWONINDNO,2041,12.4462
GLOBAL,PWRWONINDNO,2042,12.9563
GLOBAL,PWRWONINDNO,2043,13.487400000000004
GLOBAL,PWRWONINDNO,2044,14.033200000000004
GLOBAL,PWRWONINDNO,2045,14.590300000000004
GLOBAL,PWRWONINDNO,2046,15.187300000000004
GLOBAL,PWRWONINDNO,2047,15.808400000000004
GLOBAL,PWRWONINDNO,2048,16.454600000000003
GLOBAL,PWRWONINDNO,2049,16.813900000000004
GLOBAL,PWRWONINDNO,2050,17.182400000000005
GLOBAL,PWRWONINDSO,2023,19.5994
GLOBAL,PWRWONINDSO,2024,20.7825
GLOBAL,PWRWONINDSO,2025,22.0387
GLOBAL,PWRWONINDSO,2026,23.4219
GLOBAL,PWRWONINDSO,2027,24.8211
GLOBAL,PWRWONINDSO,2028,26.2786
GLOBAL,PWRWONINDSO,2029,27.9667
GLOBAL,PWRWONINDSO,2030,29.273599999999995
GLOBAL,PWRWONINDSO,2031,30.5474
GLOBAL,PWRWONINDSO,2032,32.0776
GLOBAL,PWRWONINDSO,2033,33.607800000000005
GLOBAL,PWRWONINDSO,2034,35.138000000000005
GLOBAL,PWRWONINDSO,2035,36.668200000000006
GLOBAL,PWRWONINDSO,2036,38.19840000000001
GLOBAL,PWRWONINDSO,2037,39.83440000000001
GLOBAL,PWRWONINDSO,2038,41.470400000000005
GLOBAL,PWRWONINDSO,2039,43.10640000000001
GLOBAL,PWRWONINDSO,2040,44.70360000000001
GLOBAL,PWRWONINDSO,2041,46.33820000000001
GLOBAL,PWRWONINDSO,2042,48.1681
GLOBAL,PWRWONINDSO,2043,50.069100000000006
GLOBAL,PWRWONINDSO,2044,52.04390000000001
GLOBAL,PWRWONINDSO,2045,54.09540000000002
GLOBAL,PWRWONINDSO,2046,56.226500000000016
GLOBAL,PWRWONINDSO,2047,58.44040000000002
GLOBAL,PWRWONINDSO,2048,60.740300000000026
GLOBAL,PWRWONINDSO,2049,61.94640000000002
GLOBAL,PWRWONINDSO,2050,63.17220000000002
GLOBAL,PWRWONINDWE,2023,17.836
GLOBAL,PWRWONINDWE,2024,18.9314
GLOBAL,PWRWONINDWE,2025,20.1299
GLOBAL,PWRWONINDWE,2026,21.4812
GLOBAL,PWRWONINDWE,2027,22.7843
GLOBAL,PWRWONINDWE,2028,24.1344
GLOBAL,PWRWONINDWE,2029,25.8012
GLOBAL,PWRWONINDWE,2030,26.7521
GLOBAL,PWRWONINDWE,2031,27.6627
GLOBAL,PWRWONINDWE,2032,29.0373
GLOBAL,PWRWONINDWE,2033,30.4119
GLOBAL,PWRWONINDWE,2034,31.7865
GLOBAL,PWRWONINDWE,2035,33.1611
GLOBAL,PWRWONINDWE,2036,34.535700000000006
GLOBAL,PWRWONINDWE,2037,36.052200000000006
GLOBAL,PWRWONINDWE,2038,37.56870000000001
GLOBAL,PWRWONINDWE,2039,39.0853
GLOBAL,PWRWONINDWE,2040,40.6018
GLOBAL,PWRWONINDWE,2041,42.118300000000005
GLOBAL,PWRWONINDWE,2042,43.82050000000001
GLOBAL,PWRWONINDWE,2043,45.590300000000006
GLOBAL,PWRWONINDWE,2044,47.43050000000001
GLOBAL,PWRWONINDWE,2045,49.343900000000005
GLOBAL,PWRWONINDWE,2046,51.333400000000005
GLOBAL,PWRWONINDWE,2047,53.402
GLOBAL,PWRWONINDWE,2048,55.552800000000005
GLOBAL,PWRWONINDWE,2049,56.6938
GLOBAL,PWRWONINDWE,2050,57.8206
GLOBAL,PWRWONLKAXX,2023,0.264
GLOBAL,PWRWONLKAXX,2024,0.2852
GLOBAL,PWRWONLKAXX,2025,0.3012
GLOBAL,PWRWONLKAXX,2026,0.4425999999999999
GLOBAL,PWRWONLKAXX,2027,1.1799000000000002
GLOBAL,PWRWONLKAXX,2028,1.3819
GLOBAL,PWRWONLKAXX,2029,1.5334
GLOBAL,PWRWONLKAXX,2030,1.9212
GLOBAL,PWRWONLKAXX,2031,2.2242
GLOBAL,PWRWONLKAXX,2032,2.4464
GLOBAL,PWRWONLKAXX,2033,2.4671
GLOBAL,PWRWONLKAXX,2034,2.5681
GLOBAL,PWRWONLKAXX,2035,2.6691
GLOBAL,PWRWONLKAXX,2036,2.6941999999999995
GLOBAL,PWRWONLKAXX,2037,2.7209
GLOBAL,PWRWONLKAXX,2038,2.8219
GLOBAL,PWRWONLKAXX,2039,2.9228999999999994
GLOBAL,PWRWONLKAXX,2040,2.9534
GLOBAL,PWRWONLKAXX,2041,2.9853999999999994
GLOBAL,PWRWONLKAXX,2042,3.0178
GLOBAL,PWRWONLKAXX,2043,3.5227999999999997
GLOBAL,PWRWONLKAXX,2044,3.5570999999999997
GLOBAL,PWRWONLKAXX,2045,3.5907999999999998
GLOBAL,PWRWONLKAXX,2046,3.624799999999999
GLOBAL,PWRWONLKAXX,2047,3.6593999999999993
GLOBAL,PWRWONLKAXX,2048,3.6931
GLOBAL,PWRWONLKAXX,2049,3.7064999999999992
GLOBAL,PWRWONLKAXX,2050,3.7264
GLOBAL,PWRWONMDVXX,2028,0.002
GLOBAL,PWRWONMDVXX,2029,0.002
GLOBAL,PWRWONMDVXX,2030,0.002
GLOBAL,PWRWONMDVXX,2031,0.002
GLOBAL,PWRWONMDVXX,2032,0.002
GLOBAL,PWRWONMDVXX,2033,0.002
GLOBAL,PWRWONMDVXX,2034,0.002
GLOBAL,PWRWONMDVXX,2035,0.002
GLOBAL,PWRWONMDVXX,2036,0.002
GLOBAL,PWRWONMDVXX,2037,0.002
GLOBAL,PWRWONMDVXX,2038,0.002
GLOBAL,PWRWONMDVXX,2039,0.002
GLOBAL,PWRWONMDVXX,2040,0.002
GLOBAL,PWRWONMDVXX,2041,0.002
GLOBAL,PWRWONMDVXX,2042,0.002
GLOBAL,PWRWONMDVXX,2043,0.002
GLOBAL,PWRWONMDVXX,2044,0.002
GLOBAL,PWRWONMDVXX,2045,0.002
GLOBAL,PWRWONMDVXX,2046,0.002
GLOBAL,PWRWONMDVXX,2047,0.002
GLOBAL,PWRWONMDVXX,2048,0.002
GLOBAL,PWRWONMDVXX,2049,0.002
GLOBAL,PWRWONMDVXX,2050,0.002
GLOBAL,RNWBIOBGDXX,2024,0.011573712
GLOBAL,RNWBIOBGDXX,2025,0.023147424
GLOBAL,RNWBIOBGDXX,2026,0.034721136
GLOBAL,RNWBIOBGDXX,2027,0.046294848
GLOBAL,RNWBIOBGDXX,2028,0.0578685599999999
GLOBAL,RNWBIOBGDXX,2029,0.069442272
GLOBAL,RNWBIOBGDXX,2030,0.081015984
GLOBAL,RNWBIOBGDXX,2031,0.0925896959999999
GLOBAL,RNWBIOBGDXX,2032,0.104163408
GLOBAL,RNWBIOBGDXX,2033,0.11573712
GLOBAL,RNWBIOBGDXX,2034,0.127310832
GLOBAL,RNWBIOBGDXX,2035,0.138884544
GLOBAL,RNWBIOBGDXX,2036,0.150458256
GLOBAL,RNWBIOBGDXX,2037,0.162031968
GLOBAL,RNWBIOBGDXX,2038,0.17360568
GLOBAL,RNWBIOBGDXX,2039,0.185179392
GLOBAL,RNWBIOBGDXX,2040,0.196753104
GLOBAL,RNWBIOBGDXX,2041,0.208326816
GLOBAL,RNWBIOBGDXX,2042,0.219900528
GLOBAL,RNWBIOBGDXX,2043,0.23147424
GLOBAL,RNWBIOBGDXX,2044,0.243047952
GLOBAL,RNWBIOBGDXX,2045,0.254621664
GLOBAL,RNWBIOBGDXX,2046,0.266195376
GLOBAL,RNWBIOBGDXX,2047,0.2893428000000001
GLOBAL,RNWBIOBGDXX,2048,0.3124902240000001
GLOBAL,RNWBIOBGDXX,2049,0.335637648
GLOBAL,RNWBIOBGDXX,2050,0.358785072
GLOBAL,RNWBIOINDEA,2023,60.970314816000005
GLOBAL,RNWBIOINDEA,2024,64.916950608
GLOBAL,RNWBIOINDEA,2025,69.39597715200001
GLOBAL,RNWBIOINDEA,2026,73.97916710400001
GLOBAL,RNWBIOINDEA,2027,78.87484728000001
GLOBAL,RNWBIOINDEA,2028,83.955706848
GLOBAL,RNWBIOINDEA,2029,90.078200496
GLOBAL,RNWBIOINDEA,2030,94.360473936
GLOBAL,RNWBIOINDEA,2031,98.515436544
GLOBAL,RNWBIOINDEA,2032,104.22127656
GLOBAL,RNWBIOINDEA,2033,109.927116576
GLOBAL,RNWBIOINDEA,2034,115.632956592
GLOBAL,RNWBIOINDEA,2035,121.338796608
GLOBAL,RNWBIOINDEA,2036,127.044636624
GLOBAL,RNWBIOINDEA,2037,133.49119420800002
GLOBAL,RNWBIOINDEA,2038,139.93775179200003
GLOBAL,RNWBIOINDEA,2039,146.38430937600003
GLOBAL,RNWBIOINDEA,2040,152.83086696000004
GLOBAL,RNWBIOINDEA,2041,159.27742454400004
GLOBAL,RNWBIOINDEA,2042,166.62673166400003
GLOBAL,RNWBIOINDEA,2043,174.31167643200004
GLOBAL,RNWBIOINDEA,2044,182.35540627200004
GLOBAL,RNWBIOINDEA,2045,190.75792118400005
GLOBAL,RNWBIOINDEA,2046,199.54236859200003
GLOBAL,RNWBIOINDEA,2047,208.73189592000003
GLOBAL,RNWBIOINDEA,2048,218.33807688000005
GLOBAL,RNWBIOINDEA,2049,228.38405889600003
GLOBAL,RNWBIOINDEA,2050,238.8814156800001
GLOBAL,RNWBIOINDNE,2023,1.828646496
GLOBAL,RNWBIOINDNE,2024,1.932809904
GLOBAL,RNWBIOINDNE,2025,2.048547024
GLOBAL,RNWBIOINDNE,2026,2.1758578560000004
GLOBAL,RNWBIOINDNE,2027,2.303168688
GLOBAL,RNWBIOINDNE,2028,2.43047952
GLOBAL,RNWBIOINDNE,2029,2.580937776
GLOBAL,RNWBIOINDNE,2030,2.71982232
GLOBAL,RNWBIOINDNE,2031,2.858706864
GLOBAL,RNWBIOINDNE,2032,3.020738832
GLOBAL,RNWBIOINDNE,2033,3.182770800000001
GLOBAL,RNWBIOINDNE,2034,3.344802768
GLOBAL,RNWBIOINDNE,2035,3.506834736
GLOBAL,RNWBIOINDNE,2036,3.668866704
GLOBAL,RNWBIOINDNE,2037,3.854046096
GLOBAL,RNWBIOINDNE,2038,4.0392254880000005
GLOBAL,RNWBIOINDNE,2039,4.224404880000002
GLOBAL,RNWBIOINDNE,2040,4.409584272000002
GLOBAL,RNWBIOINDNE,2041,4.594763664000002
GLOBAL,RNWBIOINDNE,2042,4.814664192
GLOBAL,RNWBIOINDNE,2043,5.046138432000002
GLOBAL,RNWBIOINDNE,2044,5.277612672000002
GLOBAL,RNWBIOINDNE,2045,5.277612672000002
GLOBAL,RNWBIOINDNE,2046,5.497513200000002
GLOBAL,RNWBIOINDNE,2047,5.728987440000002
GLOBAL,RNWBIOINDNE,2048,5.972035392000001
GLOBAL,RNWBIOINDNE,2049,6.226657056000001
GLOBAL,RNWBIOINDNE,2050,6.492852432000001
GLOBAL,RNWBIOINDNO,2023,329.15999592000003
GLOBAL,RNWBIOINDNO,2024,349.13757888000004
GLOBAL,RNWBIOINDNO,2025,370.25613432000006
GLOBAL,RNWBIOINDNO,2026,392.9382446400001
GLOBAL,RNWBIOINDNO,2027,417.0148768800001
GLOBAL,RNWBIOINDNO,2028,442.32756264000005
GLOBAL,RNWBIOINDNO,2029,471.91889520000007
GLOBAL,RNWBIOINDNO,2030,494.43197256
GLOBAL,RNWBIOINDNO,2031,517.1352120000001
GLOBAL,RNWBIOINDNO,2032,543.8318551200001
GLOBAL,RNWBIOINDNO,2033,570.5284982400002
GLOBAL,RNWBIOINDNO,2034,597.2251413600003
GLOBAL,RNWBIOINDNO,2035,623.9217844800003
GLOBAL,RNWBIOINDNO,2036,650.6184276000002
GLOBAL,RNWBIOINDNO,2037,679.6498384800003
GLOBAL,RNWBIOINDNO,2038,708.6812493600004
GLOBAL,RNWBIOINDNO,2039,737.7126602400003
GLOBAL,RNWBIOINDNO,2040,765.4446302400002
GLOBAL,RNWBIOINDNO,2041,794.4232183200005
GLOBAL,RNWBIOINDNO,2042,826.9831922400003
GLOBAL,RNWBIOINDNO,2043,860.8848652800002
GLOBAL,RNWBIOINDNO,2044,895.7267841600003
GLOBAL,RNWBIOINDNO,2045,931.2870931200003
GLOBAL,RNWBIOINDNO,2046,969.3934610400004
GLOBAL,RNWBIOINDNO,2047,1009.0422547200004
GLOBAL,RNWBIOINDNO,2048,1050.2862969600003
GLOBAL,RNWBIOINDNO,2049,1093.1995396800005
GLOBAL,RNWBIOINDNO,2050,1137.8453702400006
GLOBAL,RNWBIOINDSO,2023,413.9320436640001
GLOBAL,RNWBIOINDSO,2024,438.9162189120001
GLOBAL,RNWBIOINDSO,2025,465.44808643200014
GLOBAL,RNWBIOINDSO,2026,494.65641427200006
GLOBAL,RNWBIOINDSO,2027,524.213845632
GLOBAL,RNWBIOINDSO,2028,554.993139312
GLOBAL,RNWBIOINDSO,2029,590.6482454880002
GLOBAL,RNWBIOINDSO,2030,618.2506971360001
GLOBAL,RNWBIOINDSO,2031,645.1549417440001
GLOBAL,RNWBIOINDSO,2032,677.470290912
GLOBAL,RNWBIOINDSO,2033,709.7856400800001
GLOBAL,RNWBIOINDSO,2034,742.1009892480001
GLOBAL,RNWBIOINDSO,2035,774.416338416
GLOBAL,RNWBIOINDSO,2036,806.7316875840002
GLOBAL,RNWBIOINDSO,2037,841.2812992800001
GLOBAL,RNWBIOINDSO,2038,875.830910976
GLOBAL,RNWBIOINDSO,2039,910.380522672
GLOBAL,RNWBIOINDSO,2040,944.115559488
GLOBAL,RNWBIOINDSO,2041,978.641897616
GLOBAL,RNWBIOINDSO,2042,1017.2876572799998
GLOBAL,RNWBIOINDSO,2043,1057.4345620800002
GLOBAL,RNWBIOINDSO,2044,1099.140795936
GLOBAL,RNWBIOINDSO,2045,1142.464542768
GLOBAL,RNWBIOINDSO,2046,1187.4756232800005
GLOBAL,RNWBIOINDSO,2047,1234.2322213920002
GLOBAL,RNWBIOINDSO,2048,1282.804157808
GLOBAL,RNWBIOINDSO,2049,1333.2612532320002
GLOBAL,RNWBIOINDSO,2050,1385.684965152
GLOBAL,RNWBIOINDWE,2023,359.93613600000003
GLOBAL,RNWBIOINDWE,2024,382.0389300000001
GLOBAL,RNWBIOINDWE,2025,406.2231
GLOBAL,RNWBIOINDWE,2026,433.4938560000001
GLOBAL,RNWBIOINDWE,2027,459.79488
GLOBAL,RNWBIOINDWE,2028,487.041984
GLOBAL,RNWBIOINDWE,2029,520.675128
GLOBAL,RNWBIOINDWE,2030,539.868726
GLOBAL,RNWBIOINDWE,2031,558.2463300000001
GLOBAL,RNWBIOINDWE,2032,585.990126
GLOBAL,RNWBIOINDWE,2033,613.7339220000001
GLOBAL,RNWBIOINDWE,2034,641.4777180000001
GLOBAL,RNWBIOINDWE,2035,669.2215140000001
GLOBAL,RNWBIOINDWE,2036,696.96531
GLOBAL,RNWBIOINDWE,2037,727.570998
GLOBAL,RNWBIOINDWE,2038,758.1766859999999
GLOBAL,RNWBIOINDWE,2039,788.782374
GLOBAL,RNWBIOINDWE,2040,819.3880619999996
GLOBAL,RNWBIOINDWE,2041,849.9937499999996
GLOBAL,RNWBIOINDWE,2042,884.3482799999997
GLOBAL,RNWBIOINDWE,2043,920.0627999999996
GLOBAL,RNWBIOINDWE,2044,957.1964399999998
GLOBAL,RNWBIOINDWE,2045,995.80833
GLOBAL,RNWBIOINDWE,2046,1035.9576
GLOBAL,RNWBIOINDWE,2047,1077.70338
GLOBAL,RNWBIOINDWE,2048,1121.1048
GLOBAL,RNWBIOINDWE,2049,1166.2328160000002
GLOBAL,RNWBIOINDWE,2050,1213.158384
GLOBAL,RNWBIOLKAXX,2023,5.25894336
GLOBAL,RNWBIOLKAXX,2024,5.25894336
GLOBAL,RNWBIOLKAXX,2025,6.45415776
GLOBAL,RNWBIOLKAXX,2026,8.246979360000001
GLOBAL,RNWBIOLKAXX,2027,10.63740816
GLOBAL,RNWBIOLKAXX,2028,13.051741248
GLOBAL,RNWBIOLKAXX,2029,15.466074335999998
GLOBAL,RNWBIOLKAXX,2030,17.880407424
GLOBAL,RNWBIOLKAXX,2031,20.294740512000004
GLOBAL,RNWBIOLKAXX,2032,20.689161264000003
GLOBAL,RNWBIOLKAXX,2033,21.095534160000003
GLOBAL,RNWBIOLKAXX,2034,21.525811344
GLOBAL,RNWBIOLKAXX,2035,21.99194496
GLOBAL,RNWBIOLKAXX,2036,22.493935008000005
GLOBAL,RNWBIOLKAXX,2037,23.019829344
GLOBAL,RNWBIOLKAXX,2038,23.581580112
GLOBAL,RNWBIOLKAXX,2039,24.155283024000003
GLOBAL,RNWBIOLKAXX,2040,24.764842368
GLOBAL,RNWBIOLKAXX,2041,25.398306
GLOBAL,RNWBIOLKAXX,2042,26.043721776000005
GLOBAL,RNWBIOLKAXX,2043,26.701089696
GLOBAL,RNWBIOLKAXX,2044,27.38236190400001
GLOBAL,RNWBIOLKAXX,2045,28.051681968
GLOBAL,RNWBIOLKAXX,2046,28.73295417600001
GLOBAL,RNWBIOLKAXX,2047,29.426178528
GLOBAL,RNWBIOLKAXX,2048,30.095498592
GLOBAL,RNWBIOLKAXX,2049,30.788722944
GLOBAL,RNWBIOLKAXX,2050,31.50585158399999
GLOBAL,RNWBIONPLXX,2024,0.05786856
GLOBAL,RNWBIONPLXX,2025,0.11573712
GLOBAL,RNWBIONPLXX,2026,0.17360568
GLOBAL,RNWBIONPLXX,2027,0.2430479519999999
GLOBAL,RNWBIONPLXX,2028,0.3124902239999999
GLOBAL,RNWBIONPLXX,2029,0.393506208
GLOBAL,RNWBIONPLXX,2030,0.486095904
GLOBAL,RNWBIONPLXX,2031,0.5786856
GLOBAL,RNWBIONPLXX,2032,0.6828490079999999
GLOBAL,RNWBIONPLXX,2033,0.7985861280000001
GLOBAL,RNWBIONPLXX,2034,0.8680284000000003
GLOBAL,RNWBIONPLXX,2035,0.9374706719999998
GLOBAL,RNWBIONPLXX,2036,1.0069129439999998
GLOBAL,RNWBIONPLXX,2037,1.076355216
GLOBAL,RNWBIONPLXX,2038,1.145797488
GLOBAL,RNWBIONPLXX,2039,1.2152397599999998
GLOBAL,RNWBIONPLXX,2040,1.2846820319999996
GLOBAL,RNWBIONPLXX,2041,1.3541243039999995
GLOBAL,RNWBIONPLXX,2042,1.4235665759999996
GLOBAL,RNWBIONPLXX,2043,1.4930088479999997
GLOBAL,RNWBIONPLXX,2044,1.5624511199999995
GLOBAL,RNWBIONPLXX,2045,1.6318933919999994
GLOBAL,RNWBIONPLXX,2046,1.7013356639999997
GLOBAL,RNWBIONPLXX,2047,1.770777935999999
GLOBAL,RNWBIONPLXX,2048,1.8402202079999996
GLOBAL,RNWBIONPLXX,2049,1.9096624799999995
GLOBAL,RNWBIONPLXX,2050,1.9791047519999996
GLOBAL,RNWCSPINDNO,2023,11.211047999999998
GLOBAL,RNWCSPINDNO,2024,11.211048000000002
GLOBAL,RNWCSPINDNO,2025,11.930068799999995
GLOBAL,RNWCSPINDNO,2026,12.7027008
GLOBAL,RNWCSPINDNO,2027,13.5226368
GLOBAL,RNWCSPINDNO,2028,14.3835696
GLOBAL,RNWCSPINDNO,2029,15.392721600000002
GLOBAL,RNWCSPINDNO,2030,16.1590464
GLOBAL,RNWCSPINDNO,2031,16.931678400000003
GLOBAL,RNWCSPINDNO,2032,17.839915200000004
GLOBAL,RNWCSPINDNO,2033,18.748152000000005
GLOBAL,RNWCSPINDNO,2034,19.65638880000001
GLOBAL,RNWCSPINDNO,2035,20.564625600000007
GLOBAL,RNWCSPINDNO,2036,21.472862400000007
GLOBAL,RNWCSPINDNO,2037,22.46309280000001
GLOBAL,RNWCSPINDNO,2038,23.45332320000001
GLOBAL,RNWCSPINDNO,2039,24.44355360000001
GLOBAL,RNWCSPINDNO,2040,19.791993600000005
GLOBAL,RNWCSPINDNO,2041,20.779070400000005
GLOBAL,RNWCSPINDNO,2042,21.794529600000008
GLOBAL,RNWCSPINDNO,2043,22.948747200000007
GLOBAL,RNWCSPINDNO,2044,22.557700800000003
GLOBAL,RNWCSPINDNO,2045,19.8266832
GLOBAL,RNWCSPINDNO,2046,21.125966400000003
GLOBAL,RNWCSPINDNO,2047,22.4757072
GLOBAL,RNWCSPINDNO,2048,23.8790592
GLOBAL,RNWCSPINDNO,2049,25.339176
GLOBAL,RNWCSPINDNO,2050,26.8592112
GLOBAL,RNWCSPINDSO,2023,3.153599999999999
GLOBAL,RNWCSPINDSO,2024,3.153599999999999
GLOBAL,RNWCSPINDSO,2025,3.153599999999999
GLOBAL,RNWCSPINDSO,2026,3.1536
GLOBAL,RNWCSPINDSO,2027,3.1536
GLOBAL,RNWCSPINDSO,2028,3.3869664
GLOBAL,RNWCSPINDSO,2029,3.658176
GLOBAL,RNWCSPINDSO,2030,3.8694672
GLOBAL,RNWCSPINDSO,2031,4.0744512
GLOBAL,RNWCSPINDSO,2032,4.320432
GLOBAL,RNWCSPINDSO,2033,4.566412799999999
GLOBAL,RNWCSPINDSO,2034,4.812393599999999
GLOBAL,RNWCSPINDSO,2035,5.058374399999999
GLOBAL,RNWCSPINDSO,2036,5.304355199999999
GLOBAL,RNWCSPINDSO,2037,5.566103999999999
GLOBAL,RNWCSPINDSO,2038,5.8278528
GLOBAL,RNWCSPINDSO,2039,6.0896016
GLOBAL,RNWCSPINDSO,2040,3.1914431999999997
GLOBAL,RNWCSPINDSO,2041,3.453191999999999
GLOBAL,RNWCSPINDSO,2042,3.746476799999999
GLOBAL,RNWCSPINDSO,2043,4.052375999999999
GLOBAL,RNWCSPINDSO,2044,4.370889599999999
GLOBAL,RNWCSPINDSO,2045,4.7020176
GLOBAL,RNWCSPINDSO,2046,5.04576
GLOBAL,RNWCSPINDSO,2047,5.402116799999999
GLOBAL,RNWCSPINDSO,2048,5.771087999999999
GLOBAL,RNWCSPINDSO,2049,6.155827199999999
GLOBAL,RNWCSPINDSO,2050,6.556334399999999
GLOBAL,RNWHYDBGDXX,2023,5.249924064
GLOBAL,RNWHYDBGDXX,2024,5.6151361728
GLOBAL,RNWHYDBGDXX,2025,6.00545661408
GLOBAL,RNWHYDBGDXX,2026,6.42088538784
GLOBAL,RNWHYDBGDXX,2027,6.865987645440001
GLOBAL,RNWHYDBGDXX,2028,7.340763386880002
GLOBAL,RNWHYDBGDXX,2029,7.84749518784
GLOBAL,RNWHYDBGDXX,2030,8.388465624
GLOBAL,RNWHYDBGDXX,2031,8.842698184319998
GLOBAL,RNWHYDBGDXX,2032,9.32203907712
GLOBAL,RNWHYDBGDXX,2033,9.8264883024
GLOBAL,RNWHYDBGDXX,2034,10.35832843584
GLOBAL,RNWHYDBGDXX,2035,10.91755947744
GLOBAL,RNWHYDBGDXX,2036,11.50874657856
GLOBAL,RNWHYDBGDXX,2037,12.12960716352
GLOBAL,RNWHYDBGDXX,2038,12.78470638368
GLOBAL,RNWHYDBGDXX,2039,13.47404423904
GLOBAL,RNWHYDBGDXX,2040,14.19990330528
GLOBAL,RNWHYDBGDXX,2041,14.96456615808
GLOBAL,RNWHYDBGDXX,2042,15.60596992416
GLOBAL,RNWHYDBGDXX,2043,16.2747645984
GLOBAL,RNWHYDBGDXX,2044,16.970950180800003
GLOBAL,RNWHYDBGDXX,2045,17.696809247040004
GLOBAL,RNWHYDBGDXX,2046,18.454624372800005
GLOBAL,RNWHYDBGDXX,2047,18.949943295360004
GLOBAL,RNWHYDBGDXX,2048,18.949943295360004
GLOBAL,RNWHYDBGDXX,2049,18.949943295360004
GLOBAL,RNWHYDBGDXX,2050,18.949943295360004
GLOBAL,RNWHYDBTNXX,2023,56.47959308627118
GLOBAL,RNWHYDBTNXX,2024,60.53739732774832
GLOBAL,RNWHYDBTNXX,2025,88.39904723906163
GLOBAL,RNWHYDBTNXX,2026,93.04588758010813
GLOBAL,RNWHYDBTNXX,2027,117.93209813279998
GLOBAL,RNWHYDBTNXX,2028,135.88792011648
GLOBAL,RNWHYDBTNXX,2029,129.830343592304
GLOBAL,RNWHYDBTNXX,2030,241.8540992791391
GLOBAL,RNWHYDBTNXX,2031,248.552915531975
GLOBAL,RNWHYDBTNXX,2032,254.0224643271181
GLOBAL,RNWHYDBTNXX,2033,262.1108482470089
GLOBAL,RNWHYDBTNXX,2034,270.84727229491386
GLOBAL,RNWHYDBTNXX,2035,334.77053134758086
GLOBAL,RNWHYDBTNXX,2036,344.67963164006375
GLOBAL,RNWHYDBTNXX,2037,358.45698213202365
GLOBAL,RNWHYDBTNXX,2038,369.8009931521885
GLOBAL,RNWHYDBTNXX,2039,381.93854566886966
GLOBAL,RNWHYDBTNXX,2040,394.90278894675674
GLOBAL,RNWHYDBTNXX,2041,408.42823391946325
GLOBAL,RNWHYDBTNXX,2042,422.9575330430845
GLOBAL,RNWHYDBTNXX,2043,438.863063150298
GLOBAL,RNWHYDBTNXX,2044,455.62833136864464
GLOBAL,RNWHYDBTNXX,2045,471.6308849338148
GLOBAL,RNWHYDBTNXX,2046,473.03237081088
GLOBAL,RNWHYDBTNXX,2047,491.7092046843581
GLOBAL,RNWHYDBTNXX,2048,512.5945787352655
GLOBAL,RNWHYDBTNXX,2049,534.9390090059537
GLOBAL,RNWHYDBTNXX,2050,558.8477177592697
GLOBAL,RNWHYDINDEA,2023,71.89489096678183
GLOBAL,RNWHYDINDEA,2024,71.89489096678183
GLOBAL,RNWHYDINDEA,2025,72.64867414094644
GLOBAL,RNWHYDINDEA,2026,74.01918900306394
GLOBAL,RNWHYDINDEA,2027,88.81810582176
GLOBAL,RNWHYDINDEA,2028,88.81810582176
GLOBAL,RNWHYDINDEA,2029,81.10018245733752
GLOBAL,RNWHYDINDEA,2030,90.33675343776
GLOBAL,RNWHYDINDEA,2031,81.10018245733751
GLOBAL,RNWHYDINDEA,2032,81.10018245733752
GLOBAL,RNWHYDINDEA,2033,81.10018245733748
GLOBAL,RNWHYDINDEA,2034,81.10018245733752
GLOBAL,RNWHYDINDEA,2035,94.77879771456
GLOBAL,RNWHYDINDEA,2036,85.10893842903106
GLOBAL,RNWHYDINDEA,2037,85.10893842903104
GLOBAL,RNWHYDINDEA,2038,85.10893842903104
GLOBAL,RNWHYDINDEA,2039,85.10893842903101
GLOBAL,RNWHYDINDEA,2040,85.10893842903104
GLOBAL,RNWHYDINDEA,2041,85.10893842903101
GLOBAL,RNWHYDINDEA,2042,85.10893842903104
GLOBAL,RNWHYDINDEA,2043,85.10893842903104
GLOBAL,RNWHYDINDEA,2044,85.10893842903104
GLOBAL,RNWHYDINDEA,2045,85.10893842903104
GLOBAL,RNWHYDINDEA,2046,85.10893842903104
GLOBAL,RNWHYDINDEA,2047,85.10893842903104
GLOBAL,RNWHYDINDEA,2048,85.10893842903104
GLOBAL,RNWHYDINDEA,2049,85.10893842903104
GLOBAL,RNWHYDINDEA,2050,85.10893842903101
GLOBAL,RNWHYDINDNE,2023,41.73918765302397
GLOBAL,RNWHYDINDNE,2024,43.89739278618247
GLOBAL,RNWHYDINDNE,2025,46.191963028849706
GLOBAL,RNWHYDINDNE,2026,89.425626048
GLOBAL,RNWHYDINDNE,2027,92.2126578912
GLOBAL,RNWHYDINDNE,2028,95.14405397376001
GLOBAL,RNWHYDINDNE,2029,103.7718223344
GLOBAL,RNWHYDINDNE,2030,106.82753206752
GLOBAL,RNWHYDINDNE,2031,109.82509509312
GLOBAL,RNWHYDINDNE,2032,164.94368741673978
GLOBAL,RNWHYDINDNE,2033,170.9728126601949
GLOBAL,RNWHYDINDNE,2034,176.91837533568005
GLOBAL,RNWHYDINDNE,2035,179.73555114710527
GLOBAL,RNWHYDINDNE,2036,184.6298317881601
GLOBAL,RNWHYDINDNE,2037,189.46001863008004
GLOBAL,RNWHYDINDNE,2038,194.29020547200005
GLOBAL,RNWHYDINDNE,2039,199.11838725504003
GLOBAL,RNWHYDINDNE,2040,203.94857409696
GLOBAL,RNWHYDINDNE,2041,208.77876093888003
GLOBAL,RNWHYDINDNE,2042,214.29868803552
GLOBAL,RNWHYDINDNE,2043,220.07325760992
GLOBAL,RNWHYDINDNE,2044,226.11450001536
GLOBAL,RNWHYDINDNE,2045,226.11450001536
GLOBAL,RNWHYDINDNE,2046,231.73869017376
GLOBAL,RNWHYDINDNE,2047,237.62353798656
GLOBAL,RNWHYDINDNE,2048,243.78107380704
GLOBAL,RNWHYDINDNE,2049,250.2213229296
GLOBAL,RNWHYDINDNE,2050,248.17586353207025
GLOBAL,RNWHYDINDNO,2023,481.10592992256
GLOBAL,RNWHYDINDNO,2024,507.9695763456
GLOBAL,RNWHYDINDNO,2025,536.37008053248
GLOBAL,RNWHYDINDNO,2026,582.1666496409599
GLOBAL,RNWHYDINDNO,2027,617.3530753536
GLOBAL,RNWHYDINDNO,2028,661.94883431424
GLOBAL,RNWHYDINDNO,2029,705.19368185856
GLOBAL,RNWHYDINDNO,2030,738.09722409984
GLOBAL,RNWHYDINDNO,2031,771.28752697344
GLOBAL,RNWHYDINDNO,2032,810.30713582592
GLOBAL,RNWHYDINDNO,2033,849.3267446784
GLOBAL,RNWHYDINDNO,2034,888.3463535308798
GLOBAL,RNWHYDINDNO,2035,927.36596238336
GLOBAL,RNWHYDINDNO,2036,966.38557123584
GLOBAL,RNWHYDINDNO,2037,1008.8171835494398
GLOBAL,RNWHYDINDNO,2038,1051.24879586304
GLOBAL,RNWHYDINDNO,2039,1093.6804081766395
GLOBAL,RNWHYDINDNO,2040,1134.21447161856
GLOBAL,RNWHYDINDNO,2041,1176.57439377408
GLOBAL,RNWHYDINDNO,2042,1224.1632168345598
GLOBAL,RNWHYDINDNO,2043,1273.7078370201598
GLOBAL,RNWHYDINDNO,2044,1324.6280121139198
GLOBAL,RNWHYDINDNO,2045,1376.6056170393597
GLOBAL,RNWHYDINDNO,2046,1432.3043892326398
GLOBAL,RNWHYDINDNO,2047,1490.2501998182397
GLOBAL,RNWHYDINDNO,2048,1550.5349018111997
GLOBAL,RNWHYDINDNO,2049,1613.2525885439998
GLOBAL,RNWHYDINDNO,2050,1656.9497079015457
GLOBAL,RNWHYDINDSO,2023,165.57974087904
GLOBAL,RNWHYDINDSO,2024,174.16234464192
GLOBAL,RNWHYDINDSO,2025,183.27508244064
GLOBAL,RNWHYDINDSO,2026,198.31128136128
GLOBAL,RNWHYDINDSO,2027,218.3595465888
GLOBAL,RNWHYDINDSO,2028,230.09511647808
GLOBAL,RNWHYDINDSO,2029,283.27191753888
GLOBAL,RNWHYDINDSO,2030,292.75260224832
GLOBAL,RNWHYDINDSO,2031,301.99242697344
GLOBAL,RNWHYDINDSO,2032,313.09256223072
GLOBAL,RNWHYDINDSO,2033,324.192697488
GLOBAL,RNWHYDINDSO,2034,335.29283274527995
GLOBAL,RNWHYDINDSO,2035,346.39296800255994
GLOBAL,RNWHYDINDSO,2036,357.49310325984
GLOBAL,RNWHYDINDSO,2037,369.36060148223993
GLOBAL,RNWHYDINDSO,2038,381.22809970463993
GLOBAL,RNWHYDINDSO,2039,393.09559792703993
GLOBAL,RNWHYDINDSO,2040,404.6822945596799
GLOBAL,RNWHYDINDSO,2041,416.5401099686399
GLOBAL,RNWHYDINDSO,2042,429.8140368431999
GLOBAL,RNWHYDINDSO,2043,443.60357353343994
GLOBAL,RNWHYDINDSO,2044,444.05987611679984
GLOBAL,RNWHYDINDSO,2045,444.05987611679984
GLOBAL,RNWHYDINDSO,2046,444.05987611679984
GLOBAL,RNWHYDINDSO,2047,444.05987611679984
GLOBAL,RNWHYDINDSO,2048,444.05987611679984
GLOBAL,RNWHYDINDSO,2049,444.05987611679984
GLOBAL,RNWHYDINDSO,2050,444.05987611679984
GLOBAL,RNWHYDINDWE,2023,102.33153127152
GLOBAL,RNWHYDINDWE,2024,108.09139876272
GLOBAL,RNWHYDINDWE,2025,114.39299828448
GLOBAL,RNWHYDINDWE,2026,138.99549837024
GLOBAL,RNWHYDINDWE,2027,145.84771077552
GLOBAL,RNWHYDINDWE,2028,177.88221609552
GLOBAL,RNWHYDINDWE,2029,186.64634927376
GLOBAL,RNWHYDINDWE,2030,191.64626949024
GLOBAL,RNWHYDINDWE,2031,196.43431792896
GLOBAL,RNWHYDINDWE,2032,203.66206354512
GLOBAL,RNWHYDINDWE,2033,210.88980916128003
GLOBAL,RNWHYDINDWE,2034,218.11755477744003
GLOBAL,RNWHYDINDWE,2035,225.34530039360004
GLOBAL,RNWHYDINDWE,2036,232.57304600976005
GLOBAL,RNWHYDINDWE,2037,210.06122626571928
GLOBAL,RNWHYDINDWE,2038,219.34621523856472
GLOBAL,RNWHYDINDWE,2039,228.63201033908496
GLOBAL,RNWHYDINDWE,2040,237.91699931192875
GLOBAL,RNWHYDINDWE,2041,247.20198828477177
GLOBAL,RNWHYDINDWE,2042,257.62300599449947
GLOBAL,RNWHYDINDWE,2043,268.459932312453
GLOBAL,RNWHYDINDWE,2044,279.7287846851022
GLOBAL,RNWHYDINDWE,2045,291.4449785648628
GLOBAL,RNWHYDINDWE,2046,303.6263924250364
GLOBAL,RNWHYDINDWE,2047,316.29216377172764
GLOBAL,RNWHYDINDWE,2048,332.8737061112837
GLOBAL,RNWHYDINDWE,2049,347.546974265198
GLOBAL,RNWHYDINDWE,2050,352.5961408868742
GLOBAL,RNWHYDLKAXX,2023,30.392665538711302
GLOBAL,RNWHYDLKAXX,2024,33.605268865830126
GLOBAL,RNWHYDLKAXX,2025,37.509760621047995
GLOBAL,RNWHYDLKAXX,2026,40.521324987376914
GLOBAL,RNWHYDLKAXX,2027,37.6201527854824
GLOBAL,RNWHYDLKAXX,2028,46.90238904
GLOBAL,RNWHYDLKAXX,2029,47.40002712
GLOBAL,RNWHYDLKAXX,2030,47.897665200000006
GLOBAL,RNWHYDLKAXX,2031,48.39530328000001
GLOBAL,RNWHYDLKAXX,2032,48.39530328000001
GLOBAL,RNWHYDLKAXX,2033,48.39530328000001
GLOBAL,RNWHYDLKAXX,2034,63.32444568
GLOBAL,RNWHYDLKAXX,2035,63.32444568
GLOBAL,RNWHYDLKAXX,2036,63.32444568
GLOBAL,RNWHYDLKAXX,2037,63.32444568
GLOBAL,RNWHYDLKAXX,2038,63.32444568
GLOBAL,RNWHYDLKAXX,2039,63.32444568
GLOBAL,RNWHYDLKAXX,2040,63.32444568
GLOBAL,RNWHYDLKAXX,2041,63.32444568
GLOBAL,RNWHYDLKAXX,2042,63.32444568
GLOBAL,RNWHYDLKAXX,2043,63.32444568
GLOBAL,RNWHYDLKAXX,2044,63.32444568
GLOBAL,RNWHYDLKAXX,2045,63.32444568
GLOBAL,RNWHYDLKAXX,2046,63.32444568
GLOBAL,RNWHYDLKAXX,2047,63.32444568
GLOBAL,RNWHYDLKAXX,2048,63.32444568
GLOBAL,RNWHYDLKAXX,2049,63.32444568
GLOBAL,RNWHYDLKAXX,2050,63.32444568
GLOBAL,RNWHYDNPLXX,2023,64.286136
GLOBAL,RNWHYDNPLXX,2024,69.481408176
GLOBAL,RNWHYDNPLXX,2025,82.362445056
GLOBAL,RNWHYDNPLXX,2026,88.13629245599998
GLOBAL,RNWHYDNPLXX,2027,94.233951504
GLOBAL,RNWHYDNPLXX,2028,101.162568384
GLOBAL,RNWHYDNPLXX,2029,108.736427592
GLOBAL,RNWHYDNPLXX,2030,116.931719448
GLOBAL,RNWHYDNPLXX,2031,125.800825248
GLOBAL,RNWHYDNPLXX,2032,135.400888224
GLOBAL,RNWHYDNPLXX,2033,145.789051608
GLOBAL,RNWHYDNPLXX,2034,152.07004519199998
GLOBAL,RNWHYDNPLXX,2035,158.35103877599997
GLOBAL,RNWHYDNPLXX,2036,164.63203235999995
GLOBAL,RNWHYDNPLXX,2037,170.91302594399994
GLOBAL,RNWHYDNPLXX,2038,177.19401952799993
GLOBAL,RNWHYDNPLXX,2039,183.4750131119999
GLOBAL,RNWHYDNPLXX,2040,189.7560066959999
GLOBAL,RNWHYDNPLXX,2041,196.0370002799999
GLOBAL,RNWHYDNPLXX,2042,202.3179938639999
GLOBAL,RNWHYDNPLXX,2043,208.59898744799983
GLOBAL,RNWHYDNPLXX,2044,214.87998103199985
GLOBAL,RNWHYDNPLXX,2045,221.16097461599983
GLOBAL,RNWHYDNPLXX,2046,227.44196819999985
GLOBAL,RNWHYDNPLXX,2047,233.7229617839998
GLOBAL,RNWHYDNPLXX,2048,240.00395536799977
GLOBAL,RNWHYDNPLXX,2049,246.28494895199975
GLOBAL,RNWHYDNPLXX,2050,252.56594253599977
GLOBAL,RNWNLIBGDXX,2023,5.0
GLOBAL,RNWNLIBGDXX,2024,5.0
GLOBAL,RNWNLIBGDXX,2025,5.0
GLOBAL,RNWNLIBGDXX,2026,5.0
GLOBAL,RNWNLIBGDXX,2027,5.0
GLOBAL,RNWNLIBGDXX,2028,5.0
GLOBAL,RNWNLIBGDXX,2029,5.0
GLOBAL,RNWNLIBGDXX,2030,5.0
GLOBAL,RNWNLIBGDXX,2031,5.0
GLOBAL,RNWNLIBGDXX,2032,5.0
GLOBAL,RNWNLIBGDXX,2033,5.0
GLOBAL,RNWNLIBGDXX,2034,5.0
GLOBAL,RNWNLIBGDXX,2035,5.0
GLOBAL,RNWNLIBGDXX,2036,5.0
GLOBAL,RNWNLIBGDXX,2037,5.0
GLOBAL,RNWNLIBGDXX,2038,5.0
GLOBAL,RNWNLIBGDXX,2039,5.0
GLOBAL,RNWNLIBGDXX,2040,5.0
GLOBAL,RNWNLIBGDXX,2041,5.0
GLOBAL,RNWNLIBGDXX,2042,5.0
GLOBAL,RNWNLIBGDXX,2043,5.0
GLOBAL,RNWNLIBGDXX,2044,5.0
GLOBAL,RNWNLIBGDXX,2045,5.0
GLOBAL,RNWNLIBGDXX,2046,5.0
GLOBAL,RNWNLIBGDXX,2047,5.0
GLOBAL,RNWNLIBGDXX,2048,5.0
GLOBAL,RNWNLIBGDXX,2049,5.0
GLOBAL,RNWNLIBGDXX,2050,5.0
GLOBAL,RNWNLIBTNXX,2023,5.0
GLOBAL,RNWNLIBTNXX,2024,5.0
GLOBAL,RNWNLIBTNXX,2025,5.0
GLOBAL,RNWNLIBTNXX,2026,5.0
GLOBAL,RNWNLIBTNXX,2027,5.0
GLOBAL,RNWNLIBTNXX,2028,5.0
GLOBAL,RNWNLIBTNXX,2029,5.0
GLOBAL,RNWNLIBTNXX,2030,5.0
GLOBAL,RNWNLIBTNXX,2031,5.0
GLOBAL,RNWNLIBTNXX,2032,5.0
GLOBAL,RNWNLIBTNXX,2033,5.0
GLOBAL,RNWNLIBTNXX,2034,5.0
GLOBAL,RNWNLIBTNXX,2035,5.0
GLOBAL,RNWNLIBTNXX,2036,5.0
GLOBAL,RNWNLIBTNXX,2037,5.0
GLOBAL,RNWNLIBTNXX,2038,5.0
GLOBAL,RNWNLIBTNXX,2039,5.0
GLOBAL,RNWNLIBTNXX,2040,5.0
GLOBAL,RNWNLIBTNXX,2041,5.0
GLOBAL,RNWNLIBTNXX,2042,5.0
GLOBAL,RNWNLIBTNXX,2043,5.0
GLOBAL,RNWNLIBTNXX,2044,5.0
GLOBAL,RNWNLIBTNXX,2045,5.0
GLOBAL,RNWNLIBTNXX,2046,5.0
GLOBAL,RNWNLIBTNXX,2047,5.0
GLOBAL,RNWNLIBTNXX,2048,5.0
GLOBAL,RNWNLIBTNXX,2049,5.0
GLOBAL,RNWNLIBTNXX,2050,5.0
GLOBAL,RNWNLIINDEA,2023,5.0
GLOBAL,RNWNLIINDEA,2024,5.0
GLOBAL,RNWNLIINDEA,2025,5.0
GLOBAL,RNWNLIINDEA,2026,5.0
GLOBAL,RNWNLIINDEA,2027,5.0
GLOBAL,RNWNLIINDEA,2028,5.0
GLOBAL,RNWNLIINDEA,2029,5.0
GLOBAL,RNWNLIINDEA,2030,5.0
GLOBAL,RNWNLIINDEA,2031,5.0
GLOBAL,RNWNLIINDEA,2032,5.0
GLOBAL,RNWNLIINDEA,2033,5.0
GLOBAL,RNWNLIINDEA,2034,5.0
GLOBAL,RNWNLIINDEA,2035,5.0
GLOBAL,RNWNLIINDEA,2036,5.0
GLOBAL,RNWNLIINDEA,2037,5.0
GLOBAL,RNWNLIINDEA,2038,5.0
GLOBAL,RNWNLIINDEA,2039,5.0
GLOBAL,RNWNLIINDEA,2040,5.0
GLOBAL,RNWNLIINDEA,2041,5.0
GLOBAL,RNWNLIINDEA,2042,5.0
GLOBAL,RNWNLIINDEA,2043,5.0
GLOBAL,RNWNLIINDEA,2044,5.0
GLOBAL,RNWNLIINDEA,2045,5.0
GLOBAL,RNWNLIINDEA,2046,5.0
GLOBAL,RNWNLIINDEA,2047,5.0
GLOBAL,RNWNLIINDEA,2048,5.0
GLOBAL,RNWNLIINDEA,2049,5.0
GLOBAL,RNWNLIINDEA,2050,5.0
GLOBAL,RNWNLIINDNE,2023,5.0
GLOBAL,RNWNLIINDNE,2024,5.0
GLOBAL,RNWNLIINDNE,2025,5.0
GLOBAL,RNWNLIINDNE,2026,5.0
GLOBAL,RNWNLIINDNE,2027,5.0
GLOBAL,RNWNLIINDNE,2028,5.0
GLOBAL,RNWNLIINDNE,2029,5.0
GLOBAL,RNWNLIINDNE,2030,5.0
GLOBAL,RNWNLIINDNE,2031,5.0
GLOBAL,RNWNLIINDNE,2032,5.0
GLOBAL,RNWNLIINDNE,2033,5.0
GLOBAL,RNWNLIINDNE,2034,5.0
GLOBAL,RNWNLIINDNE,2035,5.0
GLOBAL,RNWNLIINDNE,2036,5.0
GLOBAL,RNWNLIINDNE,2037,5.0
GLOBAL,RNWNLIINDNE,2038,5.0
GLOBAL,RNWNLIINDNE,2039,5.0
GLOBAL,RNWNLIINDNE,2040,5.0
GLOBAL,RNWNLIINDNE,2041,5.0
GLOBAL,RNWNLIINDNE,2042,5.0
GLOBAL,RNWNLIINDNE,2043,5.0
GLOBAL,RNWNLIINDNE,2044,5.0
GLOBAL,RNWNLIINDNE,2045,5.0
GLOBAL,RNWNLIINDNE,2046,5.0
GLOBAL,RNWNLIINDNE,2047,5.0
GLOBAL,RNWNLIINDNE,2048,5.0
GLOBAL,RNWNLIINDNE,2049,5.0
GLOBAL,RNWNLIINDNE,2050,5.0
GLOBAL,RNWNLIINDNO,2023,5.0
GLOBAL,RNWNLIINDNO,2024,5.0
GLOBAL,RNWNLIINDNO,2025,5.0
GLOBAL,RNWNLIINDNO,2026,5.0
GLOBAL,RNWNLIINDNO,2027,5.0
GLOBAL,RNWNLIINDNO,2028,5.0
GLOBAL,RNWNLIINDNO,2029,5.0
GLOBAL,RNWNLIINDNO,2030,5.0
GLOBAL,RNWNLIINDNO,2031,5.0
GLOBAL,RNWNLIINDNO,2032,5.0
GLOBAL,RNWNLIINDNO,2033,5.0
GLOBAL,RNWNLIINDNO,2034,5.0
GLOBAL,RNWNLIINDNO,2035,5.0
GLOBAL,RNWNLIINDNO,2036,5.0
GLOBAL,RNWNLIINDNO,2037,5.0
GLOBAL,RNWNLIINDNO,2038,5.0
GLOBAL,RNWNLIINDNO,2039,5.0
GLOBAL,RNWNLIINDNO,2040,5.0
GLOBAL,RNWNLIINDNO,2041,5.0
GLOBAL,RNWNLIINDNO,2042,5.0
GLOBAL,RNWNLIINDNO,2043,5.0
GLOBAL,RNWNLIINDNO,2044,5.0
GLOBAL,RNWNLIINDNO,2045,5.0
GLOBAL,RNWNLIINDNO,2046,5.0
GLOBAL,RNWNLIINDNO,2047,5.0
GLOBAL,RNWNLIINDNO,2048,5.0
GLOBAL,RNWNLIINDNO,2049,5.0
GLOBAL,RNWNLIINDNO,2050,5.0
GLOBAL,RNWNLIINDSO,2023,5.0
GLOBAL,RNWNLIINDSO,2024,5.0
GLOBAL,RNWNLIINDSO,2025,5.0
GLOBAL,RNWNLIINDSO,2026,5.0
GLOBAL,RNWNLIINDSO,2027,5.0
GLOBAL,RNWNLIINDSO,2028,5.0
GLOBAL,RNWNLIINDSO,2029,5.0
GLOBAL,RNWNLIINDSO,2030,5.0
GLOBAL,RNWNLIINDSO,2031,5.0
GLOBAL,RNWNLIINDSO,2032,5.0
GLOBAL,RNWNLIINDSO,2033,5.0
GLOBAL,RNWNLIINDSO,2034,5.0
GLOBAL,RNWNLIINDSO,2035,5.0
GLOBAL,RNWNLIINDSO,2036,5.0
GLOBAL,RNWNLIINDSO,2037,5.0
GLOBAL,RNWNLIINDSO,2038,5.0
GLOBAL,RNWNLIINDSO,2039,5.0
GLOBAL,RNWNLIINDSO,2040,5.0
GLOBAL,RNWNLIINDSO,2041,5.0
GLOBAL,RNWNLIINDSO,2042,5.0
GLOBAL,RNWNLIINDSO,2043,5.0
GLOBAL,RNWNLIINDSO,2044,5.0
GLOBAL,RNWNLIINDSO,2045,5.0
GLOBAL,RNWNLIINDSO,2046,5.0
GLOBAL,RNWNLIINDSO,2047,5.0
GLOBAL,RNWNLIINDSO,2048,5.0
GLOBAL,RNWNLIINDSO,2049,5.0
GLOBAL,RNWNLIINDSO,2050,5.0
GLOBAL,RNWNLIINDWE,2023,5.0
GLOBAL,RNWNLIINDWE,2024,5.0
GLOBAL,RNWNLIINDWE,2025,5.0
GLOBAL,RNWNLIINDWE,2026,5.0
GLOBAL,RNWNLIINDWE,2027,5.0
GLOBAL,RNWNLIINDWE,2028,5.0
GLOBAL,RNWNLIINDWE,2029,5.0
GLOBAL,RNWNLIINDWE,2030,5.0
GLOBAL,RNWNLIINDWE,2031,5.0
GLOBAL,RNWNLIINDWE,2032,5.0
GLOBAL,RNWNLIINDWE,2033,5.0
GLOBAL,RNWNLIINDWE,2034,5.0
GLOBAL,RNWNLIINDWE,2035,5.0
GLOBAL,RNWNLIINDWE,2036,5.0
GLOBAL,RNWNLIINDWE,2037,5.0
GLOBAL,RNWNLIINDWE,2038,5.0
GLOBAL,RNWNLIINDWE,2039,5.0
GLOBAL,RNWNLIINDWE,2040,5.0
GLOBAL,RNWNLIINDWE,2041,5.0
GLOBAL,RNWNLIINDWE,2042,5.0
GLOBAL,RNWNLIINDWE,2043,5.0
GLOBAL,RNWNLIINDWE,2044,5.0
GLOBAL,RNWNLIINDWE,2045,5.0
GLOBAL,RNWNLIINDWE,2046,5.0
GLOBAL,RNWNLIINDWE,2047,5.0
GLOBAL,RNWNLIINDWE,2048,5.0
GLOBAL,RNWNLIINDWE,2049,5.0
GLOBAL,RNWNLIINDWE,2050,5.0
GLOBAL,RNWNLILKAXX,2023,5.0
GLOBAL,RNWNLILKAXX,2024,5.0
GLOBAL,RNWNLILKAXX,2025,5.0
GLOBAL,RNWNLILKAXX,2026,5.0
GLOBAL,RNWNLILKAXX,2027,5.0
GLOBAL,RNWNLILKAXX,2028,5.0
GLOBAL,RNWNLILKAXX,2029,5.0
GLOBAL,RNWNLILKAXX,2030,5.0
GLOBAL,RNWNLILKAXX,2031,5.0
GLOBAL,RNWNLILKAXX,2032,5.0
GLOBAL,RNWNLILKAXX,2033,5.0
GLOBAL,RNWNLILKAXX,2034,5.0
GLOBAL,RNWNLILKAXX,2035,5.0
GLOBAL,RNWNLILKAXX,2036,5.0
GLOBAL,RNWNLILKAXX,2037,5.0
GLOBAL,RNWNLILKAXX,2038,5.0
GLOBAL,RNWNLILKAXX,2039,5.0
GLOBAL,RNWNLILKAXX,2040,5.0
GLOBAL,RNWNLILKAXX,2041,5.0
GLOBAL,RNWNLILKAXX,2042,5.0
GLOBAL,RNWNLILKAXX,2043,5.0
GLOBAL,RNWNLILKAXX,2044,5.0
GLOBAL,RNWNLILKAXX,2045,5.0
GLOBAL,RNWNLILKAXX,2046,5.0
GLOBAL,RNWNLILKAXX,2047,5.0
GLOBAL,RNWNLILKAXX,2048,5.0
GLOBAL,RNWNLILKAXX,2049,5.0
GLOBAL,RNWNLILKAXX,2050,5.0
GLOBAL,RNWNLIMDVXX,2023,5.0
GLOBAL,RNWNLIMDVXX,2024,5.0
GLOBAL,RNWNLIMDVXX,2025,5.0
GLOBAL,RNWNLIMDVXX,2026,5.0
GLOBAL,RNWNLIMDVXX,2027,5.0
GLOBAL,RNWNLIMDVXX,2028,5.0
GLOBAL,RNWNLIMDVXX,2029,5.0
GLOBAL,RNWNLIMDVXX,2030,5.0
GLOBAL,RNWNLIMDVXX,2031,5.0
GLOBAL,RNWNLIMDVXX,2032,5.0
GLOBAL,RNWNLIMDVXX,2033,5.0
GLOBAL,RNWNLIMDVXX,2034,5.0
GLOBAL,RNWNLIMDVXX,2035,5.0
GLOBAL,RNWNLIMDVXX,2036,5.0
GLOBAL,RNWNLIMDVXX,2037,5.0
GLOBAL,RNWNLIMDVXX,2038,5.0
GLOBAL,RNWNLIMDVXX,2039,5.0
GLOBAL,RNWNLIMDVXX,2040,5.0
GLOBAL,RNWNLIMDVXX,2041,5.0
GLOBAL,RNWNLIMDVXX,2042,5.0
GLOBAL,RNWNLIMDVXX,2043,5.0
GLOBAL,RNWNLIMDVXX,2044,5.0
GLOBAL,RNWNLIMDVXX,2045,5.0
GLOBAL,RNWNLIMDVXX,2046,5.0
GLOBAL,RNWNLIMDVXX,2047,5.0
GLOBAL,RNWNLIMDVXX,2048,5.0
GLOBAL,RNWNLIMDVXX,2049,5.0
GLOBAL,RNWNLIMDVXX,2050,5.0
GLOBAL,RNWNLINPLXX,2023,5.0
GLOBAL,RNWNLINPLXX,2024,5.0
GLOBAL,RNWNLINPLXX,2025,5.0
GLOBAL,RNWNLINPLXX,2026,5.0
GLOBAL,RNWNLINPLXX,2027,5.0
GLOBAL,RNWNLINPLXX,2028,5.0
GLOBAL,RNWNLINPLXX,2029,5.0
GLOBAL,RNWNLINPLXX,2030,5.0
GLOBAL,RNWNLINPLXX,2031,5.0
GLOBAL,RNWNLINPLXX,2032,5.0
GLOBAL,RNWNLINPLXX,2033,5.0
GLOBAL,RNWNLINPLXX,2034,5.0
GLOBAL,RNWNLINPLXX,2035,5.0
GLOBAL,RNWNLINPLXX,2036,5.0
GLOBAL,RNWNLINPLXX,2037,5.0
GLOBAL,RNWNLINPLXX,2038,5.0
GLOBAL,RNWNLINPLXX,2039,5.0
GLOBAL,RNWNLINPLXX,2040,5.0
GLOBAL,RNWNLINPLXX,2041,5.0
GLOBAL,RNWNLINPLXX,2042,5.0
GLOBAL,RNWNLINPLXX,2043,5.0
GLOBAL,RNWNLINPLXX,2044,5.0
GLOBAL,RNWNLINPLXX,2045,5.0
GLOBAL,RNWNLINPLXX,2046,5.0
GLOBAL,RNWNLINPLXX,2047,5.0
GLOBAL,RNWNLINPLXX,2048,5.0
GLOBAL,RNWNLINPLXX,2049,5.0
GLOBAL,RNWNLINPLXX,2050,5.0
GLOBAL,RNWRPOBGDXX,2023,5.0
GLOBAL,RNWRPOBGDXX,2024,5.0
GLOBAL,RNWRPOBGDXX,2025,5.0
GLOBAL,RNWRPOBGDXX,2026,5.0
GLOBAL,RNWRPOBGDXX,2027,5.0
GLOBAL,RNWRPOBGDXX,2028,5.0
GLOBAL,RNWRPOBGDXX,2029,5.0
GLOBAL,RNWRPOBGDXX,2030,5.0
GLOBAL,RNWRPOBGDXX,2031,5.0
GLOBAL,RNWRPOBGDXX,2032,5.0
GLOBAL,RNWRPOBGDXX,2033,5.0
GLOBAL,RNWRPOBGDXX,2034,5.0
GLOBAL,RNWRPOBGDXX,2035,5.0
GLOBAL,RNWRPOBGDXX,2036,5.0
GLOBAL,RNWRPOBGDXX,2037,5.0
GLOBAL,RNWRPOBGDXX,2038,5.0
GLOBAL,RNWRPOBGDXX,2039,5.0
GLOBAL,RNWRPOBGDXX,2040,5.0
GLOBAL,RNWRPOBGDXX,2041,5.0
GLOBAL,RNWRPOBGDXX,2042,5.0
GLOBAL,RNWRPOBGDXX,2043,5.0
GLOBAL,RNWRPOBGDXX,2044,5.0
GLOBAL,RNWRPOBGDXX,2045,5.0
GLOBAL,RNWRPOBGDXX,2046,5.0
GLOBAL,RNWRPOBGDXX,2047,5.0
GLOBAL,RNWRPOBGDXX,2048,5.0
GLOBAL,RNWRPOBGDXX,2049,5.0
GLOBAL,RNWRPOBGDXX,2050,5.0
GLOBAL,RNWRPOBTNXX,2023,5.0
GLOBAL,RNWRPOBTNXX,2024,5.0
GLOBAL,RNWRPOBTNXX,2025,5.0
GLOBAL,RNWRPOBTNXX,2026,5.0
GLOBAL,RNWRPOBTNXX,2027,5.0
GLOBAL,RNWRPOBTNXX,2028,5.0
GLOBAL,RNWRPOBTNXX,2029,5.0
GLOBAL,RNWRPOBTNXX,2030,5.0
GLOBAL,RNWRPOBTNXX,2031,5.0
GLOBAL,RNWRPOBTNXX,2032,5.0
GLOBAL,RNWRPOBTNXX,2033,5.0
GLOBAL,RNWRPOBTNXX,2034,5.0
GLOBAL,RNWRPOBTNXX,2035,5.0
GLOBAL,RNWRPOBTNXX,2036,5.0
GLOBAL,RNWRPOBTNXX,2037,5.0
GLOBAL,RNWRPOBTNXX,2038,5.0
GLOBAL,RNWRPOBTNXX,2039,5.0
GLOBAL,RNWRPOBTNXX,2040,5.0
GLOBAL,RNWRPOBTNXX,2041,5.0
GLOBAL,RNWRPOBTNXX,2042,5.0
GLOBAL,RNWRPOBTNXX,2043,5.0
GLOBAL,RNWRPOBTNXX,2044,5.0
GLOBAL,RNWRPOBTNXX,2045,5.0
GLOBAL,RNWRPOBTNXX,2046,5.0
GLOBAL,RNWRPOBTNXX,2047,5.0
GLOBAL,RNWRPOBTNXX,2048,5.0
GLOBAL,RNWRPOBTNXX,2049,5.0
GLOBAL,RNWRPOBTNXX,2050,5.0
GLOBAL,RNWRPOINDEA,2023,5.0
GLOBAL,RNWRPOINDEA,2024,5.0
GLOBAL,RNWRPOINDEA,2025,5.0
GLOBAL,RNWRPOINDEA,2026,5.0
GLOBAL,RNWRPOINDEA,2027,5.0
GLOBAL,RNWRPOINDEA,2028,5.0
GLOBAL,RNWRPOINDEA,2029,5.0
GLOBAL,RNWRPOINDEA,2030,5.0
GLOBAL,RNWRPOINDEA,2031,5.0
GLOBAL,RNWRPOINDEA,2032,5.0
GLOBAL,RNWRPOINDEA,2033,5.0
GLOBAL,RNWRPOINDEA,2034,5.0
GLOBAL,RNWRPOINDEA,2035,5.0
GLOBAL,RNWRPOINDEA,2036,5.0
GLOBAL,RNWRPOINDEA,2037,5.0
GLOBAL,RNWRPOINDEA,2038,5.0
GLOBAL,RNWRPOINDEA,2039,5.0
GLOBAL,RNWRPOINDEA,2040,5.0
GLOBAL,RNWRPOINDEA,2041,5.0
GLOBAL,RNWRPOINDEA,2042,5.0
GLOBAL,RNWRPOINDEA,2043,5.0
GLOBAL,RNWRPOINDEA,2044,5.0
GLOBAL,RNWRPOINDEA,2045,5.0
GLOBAL,RNWRPOINDEA,2046,5.0
GLOBAL,RNWRPOINDEA,2047,5.0
GLOBAL,RNWRPOINDEA,2048,5.0
GLOBAL,RNWRPOINDEA,2049,5.0
GLOBAL,RNWRPOINDEA,2050,5.0
GLOBAL,RNWRPOINDNE,2023,5.0
GLOBAL,RNWRPOINDNE,2024,5.0
GLOBAL,RNWRPOINDNE,2025,5.0
GLOBAL,RNWRPOINDNE,2026,5.0
GLOBAL,RNWRPOINDNE,2027,5.0
GLOBAL,RNWRPOINDNE,2028,5.0
GLOBAL,RNWRPOINDNE,2029,5.0
GLOBAL,RNWRPOINDNE,2030,5.0
GLOBAL,RNWRPOINDNE,2031,5.0
GLOBAL,RNWRPOINDNE,2032,5.0
GLOBAL,RNWRPOINDNE,2033,5.0
GLOBAL,RNWRPOINDNE,2034,5.0
GLOBAL,RNWRPOINDNE,2035,5.0
GLOBAL,RNWRPOINDNE,2036,5.0
GLOBAL,RNWRPOINDNE,2037,5.0
GLOBAL,RNWRPOINDNE,2038,5.0
GLOBAL,RNWRPOINDNE,2039,5.0
GLOBAL,RNWRPOINDNE,2040,5.0
GLOBAL,RNWRPOINDNE,2041,5.0
GLOBAL,RNWRPOINDNE,2042,5.0
GLOBAL,RNWRPOINDNE,2043,5.0
GLOBAL,RNWRPOINDNE,2044,5.0
GLOBAL,RNWRPOINDNE,2045,5.0
GLOBAL,RNWRPOINDNE,2046,5.0
GLOBAL,RNWRPOINDNE,2047,5.0
GLOBAL,RNWRPOINDNE,2048,5.0
GLOBAL,RNWRPOINDNE,2049,5.0
GLOBAL,RNWRPOINDNE,2050,5.0
GLOBAL,RNWRPOINDNO,2023,5.0
GLOBAL,RNWRPOINDNO,2024,5.0
GLOBAL,RNWRPOINDNO,2025,5.0
GLOBAL,RNWRPOINDNO,2026,5.0
GLOBAL,RNWRPOINDNO,2027,5.0
GLOBAL,RNWRPOINDNO,2028,5.0
GLOBAL,RNWRPOINDNO,2029,5.0
GLOBAL,RNWRPOINDNO,2030,5.0
GLOBAL,RNWRPOINDNO,2031,5.0
GLOBAL,RNWRPOINDNO,2032,5.0
GLOBAL,RNWRPOINDNO,2033,5.0
GLOBAL,RNWRPOINDNO,2034,5.0
GLOBAL,RNWRPOINDNO,2035,5.0
GLOBAL,RNWRPOINDNO,2036,5.0
GLOBAL,RNWRPOINDNO,2037,5.0
GLOBAL,RNWRPOINDNO,2038,5.0
GLOBAL,RNWRPOINDNO,2039,5.0
GLOBAL,RNWRPOINDNO,2040,5.0
GLOBAL,RNWRPOINDNO,2041,5.0
GLOBAL,RNWRPOINDNO,2042,5.0
GLOBAL,RNWRPOINDNO,2043,5.0
GLOBAL,RNWRPOINDNO,2044,5.0
GLOBAL,RNWRPOINDNO,2045,5.0
GLOBAL,RNWRPOINDNO,2046,5.0
GLOBAL,RNWRPOINDNO,2047,5.0
GLOBAL,RNWRPOINDNO,2048,5.0
GLOBAL,RNWRPOINDNO,2049,5.0
GLOBAL,RNWRPOINDNO,2050,5.0
GLOBAL,RNWRPOINDSO,2023,5.0
GLOBAL,RNWRPOINDSO,2024,5.0
GLOBAL,RNWRPOINDSO,2025,5.0
GLOBAL,RNWRPOINDSO,2026,5.0
GLOBAL,RNWRPOINDSO,2027,5.0
GLOBAL,RNWRPOINDSO,2028,5.0
GLOBAL,RNWRPOINDSO,2029,5.0
GLOBAL,RNWRPOINDSO,2030,5.0
GLOBAL,RNWRPOINDSO,2031,5.0
GLOBAL,RNWRPOINDSO,2032,5.0
GLOBAL,RNWRPOINDSO,2033,5.0
GLOBAL,RNWRPOINDSO,2034,5.0
GLOBAL,RNWRPOINDSO,2035,5.0
GLOBAL,RNWRPOINDSO,2036,5.0
GLOBAL,RNWRPOINDSO,2037,5.0
GLOBAL,RNWRPOINDSO,2038,5.0
GLOBAL,RNWRPOINDSO,2039,5.0
GLOBAL,RNWRPOINDSO,2040,5.0
GLOBAL,RNWRPOINDSO,2041,5.0
GLOBAL,RNWRPOINDSO,2042,5.0
GLOBAL,RNWRPOINDSO,2043,5.0
GLOBAL,RNWRPOINDSO,2044,5.0
GLOBAL,RNWRPOINDSO,2045,5.0
GLOBAL,RNWRPOINDSO,2046,5.0
GLOBAL,RNWRPOINDSO,2047,5.0
GLOBAL,RNWRPOINDSO,2048,5.0
GLOBAL,RNWRPOINDSO,2049,5.0
GLOBAL,RNWRPOINDSO,2050,5.0
GLOBAL,RNWRPOINDWE,2023,5.0
GLOBAL,RNWRPOINDWE,2024,5.0
GLOBAL,RNWRPOINDWE,2025,5.0
GLOBAL,RNWRPOINDWE,2026,5.0
GLOBAL,RNWRPOINDWE,2027,5.0
GLOBAL,RNWRPOINDWE,2028,5.0
GLOBAL,RNWRPOINDWE,2029,5.0
GLOBAL,RNWRPOINDWE,2030,5.0
GLOBAL,RNWRPOINDWE,2031,5.0
GLOBAL,RNWRPOINDWE,2032,5.0
GLOBAL,RNWRPOINDWE,2033,5.0
GLOBAL,RNWRPOINDWE,2034,5.0
GLOBAL,RNWRPOINDWE,2035,5.0
GLOBAL,RNWRPOINDWE,2036,5.0
GLOBAL,RNWRPOINDWE,2037,5.0
GLOBAL,RNWRPOINDWE,2038,5.0
GLOBAL,RNWRPOINDWE,2039,5.0
GLOBAL,RNWRPOINDWE,2040,5.0
GLOBAL,RNWRPOINDWE,2041,5.0
GLOBAL,RNWRPOINDWE,2042,5.0
GLOBAL,RNWRPOINDWE,2043,5.0
GLOBAL,RNWRPOINDWE,2044,5.0
GLOBAL,RNWRPOINDWE,2045,5.0
GLOBAL,RNWRPOINDWE,2046,5.0
GLOBAL,RNWRPOINDWE,2047,5.0
GLOBAL,RNWRPOINDWE,2048,5.0
GLOBAL,RNWRPOINDWE,2049,5.0
GLOBAL,RNWRPOINDWE,2050,5.0
GLOBAL,RNWRPOLKAXX,2023,5.0
GLOBAL,RNWRPOLKAXX,2024,5.0
GLOBAL,RNWRPOLKAXX,2025,5.0
GLOBAL,RNWRPOLKAXX,2026,5.0
GLOBAL,RNWRPOLKAXX,2027,5.0
GLOBAL,RNWRPOLKAXX,2028,5.0
GLOBAL,RNWRPOLKAXX,2029,5.0
GLOBAL,RNWRPOLKAXX,2030,5.0
GLOBAL,RNWRPOLKAXX,2031,5.0
GLOBAL,RNWRPOLKAXX,2032,5.0
GLOBAL,RNWRPOLKAXX,2033,5.0
GLOBAL,RNWRPOLKAXX,2034,5.0
GLOBAL,RNWRPOLKAXX,2035,5.0
GLOBAL,RNWRPOLKAXX,2036,5.0
GLOBAL,RNWRPOLKAXX,2037,5.0
GLOBAL,RNWRPOLKAXX,2038,5.0
GLOBAL,RNWRPOLKAXX,2039,5.0
GLOBAL,RNWRPOLKAXX,2040,5.0
GLOBAL,RNWRPOLKAXX,2041,5.0
GLOBAL,RNWRPOLKAXX,2042,5.0
GLOBAL,RNWRPOLKAXX,2043,5.0
GLOBAL,RNWRPOLKAXX,2044,5.0
GLOBAL,RNWRPOLKAXX,2045,5.0
GLOBAL,RNWRPOLKAXX,2046,5.0
GLOBAL,RNWRPOLKAXX,2047,5.0
GLOBAL,RNWRPOLKAXX,2048,5.0
GLOBAL,RNWRPOLKAXX,2049,5.0
GLOBAL,RNWRPOLKAXX,2050,5.0
GLOBAL,RNWRPOMDVXX,2023,5.0
GLOBAL,RNWRPOMDVXX,2024,5.0
GLOBAL,RNWRPOMDVXX,2025,5.0
GLOBAL,RNWRPOMDVXX,2026,5.0
GLOBAL,RNWRPOMDVXX,2027,5.0
GLOBAL,RNWRPOMDVXX,2028,5.0
GLOBAL,RNWRPOMDVXX,2029,5.0
GLOBAL,RNWRPOMDVXX,2030,5.0
GLOBAL,RNWRPOMDVXX,2031,5.0
GLOBAL,RNWRPOMDVXX,2032,5.0
GLOBAL,RNWRPOMDVXX,2033,5.0
GLOBAL,RNWRPOMDVXX,2034,5.0
GLOBAL,RNWRPOMDVXX,2035,5.0
GLOBAL,RNWRPOMDVXX,2036,5.0
GLOBAL,RNWRPOMDVXX,2037,5.0
GLOBAL,RNWRPOMDVXX,2038,5.0
GLOBAL,RNWRPOMDVXX,2039,5.0
GLOBAL,RNWRPOMDVXX,2040,5.0
GLOBAL,RNWRPOMDVXX,2041,5.0
GLOBAL,RNWRPOMDVXX,2042,5.0
GLOBAL,RNWRPOMDVXX,2043,5.0
GLOBAL,RNWRPOMDVXX,2044,5.0
GLOBAL,RNWRPOMDVXX,2045,5.0
GLOBAL,RNWRPOMDVXX,2046,5.0
GLOBAL,RNWRPOMDVXX,2047,5.0
GLOBAL,RNWRPOMDVXX,2048,5.0
GLOBAL,RNWRPOMDVXX,2049,5.0
GLOBAL,RNWRPOMDVXX,2050,5.0
GLOBAL,RNWRPONPLXX,2023,5.0
GLOBAL,RNWRPONPLXX,2024,5.0
GLOBAL,RNWRPONPLXX,2025,5.0
GLOBAL,RNWRPONPLXX,2026,5.0
GLOBAL,RNWRPONPLXX,2027,5.0
GLOBAL,RNWRPONPLXX,2028,5.0
GLOBAL,RNWRPONPLXX,2029,5.0
GLOBAL,RNWRPONPLXX,2030,5.0
GLOBAL,RNWRPONPLXX,2031,5.0
GLOBAL,RNWRPONPLXX,2032,5.0
GLOBAL,RNWRPONPLXX,2033,5.0
GLOBAL,RNWRPONPLXX,2034,5.0
GLOBAL,RNWRPONPLXX,2035,5.0
GLOBAL,RNWRPONPLXX,2036,5.0
GLOBAL,RNWRPONPLXX,2037,5.0
GLOBAL,RNWRPONPLXX,2038,5.0
GLOBAL,RNWRPONPLXX,2039,5.0
GLOBAL,RNWRPONPLXX,2040,5.0
GLOBAL,RNWRPONPLXX,2041,5.0
GLOBAL,RNWRPONPLXX,2042,5.0
GLOBAL,RNWRPONPLXX,2043,5.0
GLOBAL,RNWRPONPLXX,2044,5.0
GLOBAL,RNWRPONPLXX,2045,5.0
GLOBAL,RNWRPONPLXX,2046,5.0
GLOBAL,RNWRPONPLXX,2047,5.0
GLOBAL,RNWRPONPLXX,2048,5.0
GLOBAL,RNWRPONPLXX,2049,5.0
GLOBAL,RNWRPONPLXX,2050,5.0
GLOBAL,RNWSPVBGDXX,2023,7.7726810736
GLOBAL,RNWSPVBGDXX,2024,8.31327686208
GLOBAL,RNWSPVBGDXX,2025,48.60964905696
GLOBAL,RNWSPVBGDXX,2026,49.22654903568
GLOBAL,RNWSPVBGDXX,2027,49.884834337920005
GLOBAL,RNWSPVBGDXX,2028,50.5870915464
GLOBAL,RNWSPVBGDXX,2029,51.3372005352
GLOBAL,RNWSPVBGDXX,2030,52.13774788704
GLOBAL,RNWSPVBGDXX,2031,52.811552685600006
GLOBAL,RNWSPVBGDXX,2032,53.52156964224
GLOBAL,RNWSPVBGDXX,2033,54.269092048320005
GLOBAL,RNWSPVBGDXX,2034,55.05670648656
GLOBAL,RNWSPVBGDXX,2035,55.885706248320005
GLOBAL,RNWSPVBGDXX,2036,56.75997120768
GLOBAL,RNWSPVBGDXX,2037,57.680794656
GLOBAL,RNWSPVBGDXX,2038,58.649469884640006
GLOBAL,RNWSPVBGDXX,2039,59.66987676768001
GLOBAL,RNWSPVBGDXX,2040,60.744601887840005
GLOBAL,RNWSPVBGDXX,2041,61.87752511920001
GLOBAL,RNWSPVBGDXX,2042,62.82680097744001
GLOBAL,RNWSPVBGDXX,2043,63.816168867840005
GLOBAL,RNWSPVBGDXX,2044,64.84692208176
GLOBAL,RNWSPVBGDXX,2045,65.92164720192
GLOBAL,RNWSPVBGDXX,2046,67.04163751968
GLOBAL,RNWSPVBGDXX,2047,68.20947961776
GLOBAL,RNWSPVBGDXX,2048,69.42646678752
GLOBAL,RNWSPVBGDXX,2049,70.1545898232
GLOBAL,RNWSPVBGDXX,2050,31.181254689600003
GLOBAL,RNWSPVBTNXX,2024,0.0016461792
GLOBAL,RNWSPVBTNXX,2025,0.0049385376
GLOBAL,RNWSPVBTNXX,2026,0.0082308959999999
GLOBAL,RNWSPVBTNXX,2027,0.0115232544
GLOBAL,RNWSPVBTNXX,2028,0.0148156128
GLOBAL,RNWSPVBTNXX,2029,0.0181079712
GLOBAL,RNWSPVBTNXX,2030,0.8494284671999999
GLOBAL,RNWSPVBTNXX,2031,0.8527208256
GLOBAL,RNWSPVBTNXX,2032,0.8560131839999999
GLOBAL,RNWSPVBTNXX,2033,0.8609517215999998
GLOBAL,RNWSPVBTNXX,2034,0.8658902591999998
GLOBAL,RNWSPVBTNXX,2035,0.8708287967999998
GLOBAL,RNWSPVBTNXX,2036,0.8757673343999997
GLOBAL,RNWSPVBTNXX,2037,0.8807058719999997
GLOBAL,RNWSPVBTNXX,2038,0.8872905887999996
GLOBAL,RNWSPVBTNXX,2039,0.8938753055999996
GLOBAL,RNWSPVBTNXX,2040,0.9004600223999994
GLOBAL,RNWSPVBTNXX,2041,0.9086909183999996
GLOBAL,RNWSPVBTNXX,2042,0.9169218143999996
GLOBAL,RNWSPVBTNXX,2043,0.9251527103999996
GLOBAL,RNWSPVBTNXX,2044,0.9350297855999996
GLOBAL,RNWSPVBTNXX,2045,0.9449068607999996
GLOBAL,RNWSPVBTNXX,2046,0.9547839359999996
GLOBAL,RNWSPVBTNXX,2047,0.9663071903999996
GLOBAL,RNWSPVBTNXX,2048,0.9778304447999998
GLOBAL,RNWSPVBTNXX,2049,0.9893536991999998
GLOBAL,RNWSPVBTNXX,2050,0.9992307743999999
GLOBAL,RNWSPVINDEA,2023,13.86455452704
GLOBAL,RNWSPVINDEA,2024,14.695922327040002
GLOBAL,RNWSPVINDEA,2025,19.50588387072
GLOBAL,RNWSPVINDEA,2026,20.4716007072
GLOBAL,RNWSPVINDEA,2027,21.815091072
GLOBAL,RNWSPVINDEA,2028,22.88722298688
GLOBAL,RNWSPVINDEA,2029,24.17883600096
GLOBAL,RNWSPVINDEA,2030,25.08203397888
GLOBAL,RNWSPVINDEA,2031,25.9586281872
GLOBAL,RNWSPVINDEA,2032,27.161118573120003
GLOBAL,RNWSPVINDEA,2033,28.363608959040004
GLOBAL,RNWSPVINDEA,2034,29.566099344960005
GLOBAL,RNWSPVINDEA,2035,30.76858973088001
GLOBAL,RNWSPVINDEA,2036,31.971080116800007
GLOBAL,RNWSPVINDEA,2037,33.33053274336001
GLOBAL,RNWSPVINDEA,2038,34.68998536992001
GLOBAL,RNWSPVINDEA,2039,36.04943799648001
GLOBAL,RNWSPVINDEA,2040,37.40889062304001
GLOBAL,RNWSPVINDEA,2041,38.76834324960001
GLOBAL,RNWSPVINDEA,2042,40.31801282880001
GLOBAL,RNWSPVINDEA,2043,41.939512585920006
GLOBAL,RNWSPVINDEA,2044,43.63417270944001
GLOBAL,RNWSPVINDEA,2045,45.405983764800006
GLOBAL,RNWSPVINDEA,2046,47.25893631744
GLOBAL,RNWSPVINDEA,2047,49.19569074432
GLOBAL,RNWSPVINDEA,2048,50.21195474304
GLOBAL,RNWSPVINDEA,2049,51.4982470032
GLOBAL,RNWSPVINDEA,2050,48.90171909024
GLOBAL,RNWSPVINDNE,2023,2.95856308512
GLOBAL,RNWSPVINDNE,2024,3.1324412361599694
GLOBAL,RNWSPVINDNE,2025,4.728958804799971
GLOBAL,RNWSPVINDNE,2026,4.93049938896
GLOBAL,RNWSPVINDNE,2027,5.13335723184
GLOBAL,RNWSPVINDNE,2028,5.34675314448
GLOBAL,RNWSPVINDNE,2029,5.58122519664
GLOBAL,RNWSPVINDNE,2030,5.80384192032
GLOBAL,RNWSPVINDNE,2031,6.02250686784
GLOBAL,RNWSPVINDNE,2032,6.2833240944
GLOBAL,RNWSPVINDNE,2033,6.544141320960001
GLOBAL,RNWSPVINDNE,2034,6.804958547520001
GLOBAL,RNWSPVINDNE,2035,7.0657757740800005
GLOBAL,RNWSPVINDNE,2036,7.326593000640002
GLOBAL,RNWSPVINDNE,2037,7.633514282400002
GLOBAL,RNWSPVINDNE,2038,7.940435564160001
GLOBAL,RNWSPVINDNE,2039,8.247356845920002
GLOBAL,RNWSPVINDNE,2040,8.554278127680002
GLOBAL,RNWSPVINDNE,2041,8.861199409440001
GLOBAL,RNWSPVINDNE,2042,9.21159022896
GLOBAL,RNWSPVINDNE,2043,9.57778815312
GLOBAL,RNWSPVINDNE,2044,9.96111044064
GLOBAL,RNWSPVINDNE,2045,9.96111044064
GLOBAL,RNWSPVINDNE,2046,10.31808755376
GLOBAL,RNWSPVINDNE,2047,10.69087177152
GLOBAL,RNWSPVINDNE,2048,11.08209761136
GLOBAL,RNWSPVINDNE,2049,11.31656966352
GLOBAL,RNWSPVINDNE,2050,10.148161178880002
GLOBAL,RNWSPVINDNO,2023,328.64522306976
GLOBAL,RNWSPVINDNO,2024,348.42313994544
GLOBAL,RNWSPVINDNO,2025,483.44174089344
GLOBAL,RNWSPVINDNO,2026,749.76011612352
GLOBAL,RNWSPVINDNO,2027,910.8720547516785
GLOBAL,RNWSPVINDNO,2028,935.9261822088
GLOBAL,RNWSPVINDNO,2029,965.21587860528
GLOBAL,RNWSPVINDNO,2030,1076.9567431248
GLOBAL,RNWSPVINDNO,2031,1099.437179148
GLOBAL,RNWSPVINDNO,2032,1125.86546888352
GLOBAL,RNWSPVINDNO,2033,1152.29375861904
GLOBAL,RNWSPVINDNO,2034,1178.7220483545598
GLOBAL,RNWSPVINDNO,2035,1289.3349546705597
GLOBAL,RNWSPVINDNO,2036,1315.7632444060796
GLOBAL,RNWSPVINDNO,2037,1344.5032758911996
GLOBAL,RNWSPVINDNO,2038,1373.2433073763195
GLOBAL,RNWSPVINDNO,2039,1401.9833388614395
GLOBAL,RNWSPVINDNO,2040,1429.4379560486395
GLOBAL,RNWSPVINDNO,2041,1458.1293192863996
GLOBAL,RNWSPVINDNO,2042,1490.3634446481597
GLOBAL,RNWSPVINDNO,2043,1523.9216326219196
GLOBAL,RNWSPVINDNO,2044,1558.4102429716795
GLOBAL,RNWSPVINDNO,2045,1593.6145628414397
GLOBAL,RNWSPVINDNO,2046,1631.3396116406395
GLOBAL,RNWSPVINDNO,2047,1670.5876902983996
GLOBAL,RNWSPVINDNO,2048,1708.6305141244795
GLOBAL,RNWSPVINDNO,2049,1731.3313886798394
GLOBAL,RNWSPVINDNO,2050,1640.5064191728
GLOBAL,RNWSPVINDSO,2023,372.167436672
GLOBAL,RNWSPVINDSO,2024,394.5424935744
GLOBAL,RNWSPVINDSO,2025,418.3004450736
GLOBAL,RNWSPVINDSO,2026,446.7134507616
GLOBAL,RNWSPVINDSO,2027,473.1764862312
GLOBAL,RNWSPVINDSO,2028,500.7410994096
GLOBAL,RNWSPVINDSO,2029,532.6676049672
GLOBAL,RNWSPVINDSO,2030,557.3849951159999
GLOBAL,RNWSPVINDSO,2031,581.4746044199999
GLOBAL,RNWSPVINDSO,2032,610.4147091191999
GLOBAL,RNWSPVINDSO,2033,639.3548138184
GLOBAL,RNWSPVINDSO,2034,668.2949185176
GLOBAL,RNWSPVINDSO,2035,697.2350232168
GLOBAL,RNWSPVINDSO,2036,726.1751279159998
GLOBAL,RNWSPVINDSO,2037,757.1155437503999
GLOBAL,RNWSPVINDSO,2038,788.0559595848
GLOBAL,RNWSPVINDSO,2039,818.9963754191998
GLOBAL,RNWSPVINDSO,2040,849.2038867295998
GLOBAL,RNWSPVINDSO,2041,880.1176514903998
GLOBAL,RNWSPVINDSO,2042,914.7255511752
GLOBAL,RNWSPVINDSO,2043,950.6778494616
GLOBAL,RNWSPVINDSO,2044,988.0248872664
GLOBAL,RNWSPVINDSO,2045,1026.8229279672
GLOBAL,RNWSPVINDSO,2046,1067.1282349416
GLOBAL,RNWSPVINDSO,2047,1108.9985521824
GLOBAL,RNWSPVINDSO,2048,1150.9991635608
GLOBAL,RNWSPVINDSO,2049,1173.809521332
GLOBAL,RNWSPVINDSO,2050,1196.9929941336002
GLOBAL,RNWSPVINDWE,2023,260.6656077792
GLOBAL,RNWSPVINDWE,2024,322.09712335008
GLOBAL,RNWSPVINDWE,2025,400.7075198256
GLOBAL,RNWSPVINDWE,2026,543.6665181792
GLOBAL,RNWSPVINDWE,2027,623.11285580544
GLOBAL,RNWSPVINDWE,2028,660.49074527904
GLOBAL,RNWSPVINDWE,2029,684.63435115296
GLOBAL,RNWSPVINDWE,2030,698.40706212576
GLOBAL,RNWSPVINDWE,2031,711.5963558371201
GLOBAL,RNWSPVINDWE,2032,731.5080096355201
GLOBAL,RNWSPVINDWE,2033,751.4196634339202
GLOBAL,RNWSPVINDWE,2034,771.3313172323202
GLOBAL,RNWSPVINDWE,2035,791.2429710307201
GLOBAL,RNWSPVINDWE,2036,811.1546248291203
GLOBAL,RNWSPVINDWE,2037,833.1213006230402
GLOBAL,RNWSPVINDWE,2038,855.0879764169601
GLOBAL,RNWSPVINDWE,2039,877.0546522108801
GLOBAL,RNWSPVINDWE,2040,899.0213280048001
GLOBAL,RNWSPVINDWE,2041,920.9880037987201
GLOBAL,RNWSPVINDWE,2042,945.6439138848002
GLOBAL,RNWSPVINDWE,2043,971.27944250688
GLOBAL,RNWSPVINDWE,2044,997.9337744064
GLOBAL,RNWSPVINDWE,2045,1025.6489968982405
GLOBAL,RNWSPVINDWE,2046,1054.4657460105602
GLOBAL,RNWSPVINDWE,2047,1084.4290116316802
GLOBAL,RNWSPVINDWE,2048,1113.267530044796
GLOBAL,RNWSPVINDWE,2049,1084.2287340643204
GLOBAL,RNWSPVINDWE,2050,1039.2997997865605
GLOBAL,RNWSPVLKAXX,2023,12.2414962608
GLOBAL,RNWSPVLKAXX,2024,13.2239183472
GLOBAL,RNWSPVLKAXX,2025,15.83509284
GLOBAL,RNWSPVLKAXX,2026,21.97135289808
GLOBAL,RNWSPVLKAXX,2027,28.49928913008
GLOBAL,RNWSPVLKAXX,2028,35.02722536208
GLOBAL,RNWSPVLKAXX,2029,46.38583440576001
GLOBAL,RNWSPVLKAXX,2030,52.260977014560005
GLOBAL,RNWSPVLKAXX,2031,58.13611962336001
GLOBAL,RNWSPVLKAXX,2032,62.705674985760005
GLOBAL,RNWSPVLKAXX,2033,63.66353652000001
GLOBAL,RNWSPVLKAXX,2034,68.23309188240002
GLOBAL,RNWSPVLKAXX,2035,72.80264724480001
GLOBAL,RNWSPVLKAXX,2036,77.37220260720001
GLOBAL,RNWSPVLKAXX,2037,78.60798617904001
GLOBAL,RNWSPVLKAXX,2038,83.83033516464003
GLOBAL,RNWSPVLKAXX,2039,89.05268415024001
GLOBAL,RNWSPVLKAXX,2040,90.46556222976001
GLOBAL,RNWSPVLKAXX,2041,91.95082930512001
GLOBAL,RNWSPVLKAXX,2042,93.45290096880004
GLOBAL,RNWSPVLKAXX,2043,94.99375245168001
GLOBAL,RNWSPVLKAXX,2044,100.86889506048004
GLOBAL,RNWSPVLKAXX,2045,102.43172177424005
GLOBAL,RNWSPVLKAXX,2046,104.00876775504004
GLOBAL,RNWSPVLKAXX,2047,105.61295960928004
GLOBAL,RNWSPVLKAXX,2048,107.17578632304004
GLOBAL,RNWSPVLKAXX,2049,107.79755609088002
GLOBAL,RNWSPVLKAXX,2050,106.85132850240002
GLOBAL,RNWSPVMDVXX,2023,0.4452630912
GLOBAL,RNWSPVMDVXX,2024,0.5307054681599999
GLOBAL,RNWSPVMDVXX,2025,0.91579787136
GLOBAL,RNWSPVMDVXX,2026,1.34902682496
GLOBAL,RNWSPVMDVXX,2027,1.34902682496
GLOBAL,RNWSPVMDVXX,2028,4.62231225216
GLOBAL,RNWSPVMDVXX,2029,4.62231225216
GLOBAL,RNWSPVMDVXX,2030,4.62231225216
GLOBAL,RNWSPVMDVXX,2031,4.62231225216
GLOBAL,RNWSPVMDVXX,2032,4.62231225216
GLOBAL,RNWSPVMDVXX,2033,4.62231225216
GLOBAL,RNWSPVMDVXX,2034,4.62231225216
GLOBAL,RNWSPVMDVXX,2035,4.62231225216
GLOBAL,RNWSPVMDVXX,2036,4.62231225216
GLOBAL,RNWSPVMDVXX,2037,4.62231225216
GLOBAL,RNWSPVMDVXX,2038,4.62231225216
GLOBAL,RNWSPVMDVXX,2039,4.62231225216
GLOBAL,RNWSPVMDVXX,2040,4.62231225216
GLOBAL,RNWSPVMDVXX,2041,4.657211251200001
GLOBAL,RNWSPVMDVXX,2042,4.693313664
GLOBAL,RNWSPVMDVXX,2043,4.7306194905600005
GLOBAL,RNWSPVMDVXX,2044,4.76912873088
GLOBAL,RNWSPVMDVXX,2045,4.808841384960001
GLOBAL,RNWSPVMDVXX,2046,4.84253697024
GLOBAL,RNWSPVMDVXX,2047,4.87743596928
GLOBAL,RNWSPVMDVXX,2048,4.912334968320001
GLOBAL,RNWSPVMDVXX,2049,4.86299500416
GLOBAL,RNWSPVMDVXX,2050,4.51520842752
GLOBAL,RNWSPVNPLXX,2023,0.9941724
GLOBAL,RNWSPVNPLXX,2024,1.075235688
GLOBAL,RNWSPVNPLXX,2025,15.905228904
GLOBAL,RNWSPVNPLXX,2026,15.993939672
GLOBAL,RNWSPVNPLXX,2027,16.088768424
GLOBAL,RNWSPVNPLXX,2028,16.195833144
GLOBAL,RNWSPVNPLXX,2029,16.313604336
GLOBAL,RNWSPVNPLXX,2030,16.440552504
GLOBAL,RNWSPVNPLXX,2031,16.578207144
GLOBAL,RNWSPVNPLXX,2032,16.726568256
GLOBAL,RNWSPVNPLXX,2033,16.887165336
GLOBAL,RNWSPVNPLXX,2034,16.98505308
GLOBAL,RNWSPVNPLXX,2035,17.082940824
GLOBAL,RNWSPVNPLXX,2036,17.180828568000003
GLOBAL,RNWSPVNPLXX,2037,17.278716312000004
GLOBAL,RNWSPVNPLXX,2038,17.376604056000005
GLOBAL,RNWSPVNPLXX,2039,17.474491800000006
GLOBAL,RNWSPVNPLXX,2040,17.572379544000007
GLOBAL,RNWSPVNPLXX,2041,17.67026728800001
GLOBAL,RNWSPVNPLXX,2042,17.76815503200001
GLOBAL,RNWSPVNPLXX,2043,17.86604277600001
GLOBAL,RNWSPVNPLXX,2044,17.963930520000012
GLOBAL,RNWSPVNPLXX,2045,18.061818264000014
GLOBAL,RNWSPVNPLXX,2046,18.15970600800001
GLOBAL,RNWSPVNPLXX,2047,18.257593752000016
GLOBAL,RNWSPVNPLXX,2048,18.355481496000017
GLOBAL,RNWSPVNPLXX,2049,18.372305952000016
GLOBAL,RNWSPVNPLXX,2050,3.6402004799999985
GLOBAL,RNWTRNBGDXX,2023,5.0
GLOBAL,RNWTRNBGDXX,2024,5.0
GLOBAL,RNWTRNBGDXX,2025,5.0
GLOBAL,RNWTRNBGDXX,2026,5.0
GLOBAL,RNWTRNBGDXX,2027,5.0
GLOBAL,RNWTRNBGDXX,2028,5.0
GLOBAL,RNWTRNBGDXX,2029,5.0
GLOBAL,RNWTRNBGDXX,2030,5.0
GLOBAL,RNWTRNBGDXX,2031,5.0
GLOBAL,RNWTRNBGDXX,2032,5.0
GLOBAL,RNWTRNBGDXX,2033,5.0
GLOBAL,RNWTRNBGDXX,2034,5.0
GLOBAL,RNWTRNBGDXX,2035,5.0
GLOBAL,RNWTRNBGDXX,2036,5.0
GLOBAL,RNWTRNBGDXX,2037,5.0
GLOBAL,RNWTRNBGDXX,2038,5.0
GLOBAL,RNWTRNBGDXX,2039,5.0
GLOBAL,RNWTRNBGDXX,2040,5.0
GLOBAL,RNWTRNBGDXX,2041,5.0
GLOBAL,RNWTRNBGDXX,2042,5.0
GLOBAL,RNWTRNBGDXX,2043,5.0
GLOBAL,RNWTRNBGDXX,2044,5.0
GLOBAL,RNWTRNBGDXX,2045,5.0
GLOBAL,RNWTRNBGDXX,2046,5.0
GLOBAL,RNWTRNBGDXX,2047,5.0
GLOBAL,RNWTRNBGDXX,2048,5.0
GLOBAL,RNWTRNBGDXX,2049,5.0
GLOBAL,RNWTRNBGDXX,2050,5.0
GLOBAL,RNWTRNBTNXX,2023,5.0
GLOBAL,RNWTRNBTNXX,2024,5.0
GLOBAL,RNWTRNBTNXX,2025,5.0
GLOBAL,RNWTRNBTNXX,2026,5.0
GLOBAL,RNWTRNBTNXX,2027,5.0
GLOBAL,RNWTRNBTNXX,2028,5.0
GLOBAL,RNWTRNBTNXX,2029,5.0
GLOBAL,RNWTRNBTNXX,2030,5.0
GLOBAL,RNWTRNBTNXX,2031,5.0
GLOBAL,RNWTRNBTNXX,2032,5.0
GLOBAL,RNWTRNBTNXX,2033,5.0
GLOBAL,RNWTRNBTNXX,2034,5.0
GLOBAL,RNWTRNBTNXX,2035,5.0
GLOBAL,RNWTRNBTNXX,2036,5.0
GLOBAL,RNWTRNBTNXX,2037,5.0
GLOBAL,RNWTRNBTNXX,2038,5.0
GLOBAL,RNWTRNBTNXX,2039,5.0
GLOBAL,RNWTRNBTNXX,2040,5.0
GLOBAL,RNWTRNBTNXX,2041,5.0
GLOBAL,RNWTRNBTNXX,2042,5.0
GLOBAL,RNWTRNBTNXX,2043,5.0
GLOBAL,RNWTRNBTNXX,2044,5.0
GLOBAL,RNWTRNBTNXX,2045,5.0
GLOBAL,RNWTRNBTNXX,2046,5.0
GLOBAL,RNWTRNBTNXX,2047,5.592268757043316
GLOBAL,RNWTRNBTNXX,2048,6.254579943700709
GLOBAL,RNWTRNBTNXX,2049,6.963157499579961
GLOBAL,RNWTRNBTNXX,2050,7.721338000748022
GLOBAL,RNWTRNINDEA,2023,5.0
GLOBAL,RNWTRNINDEA,2024,5.0
GLOBAL,RNWTRNINDEA,2025,5.0
GLOBAL,RNWTRNINDEA,2026,5.0
GLOBAL,RNWTRNINDEA,2027,5.0
GLOBAL,RNWTRNINDEA,2028,5.0
GLOBAL,RNWTRNINDEA,2029,5.0
GLOBAL,RNWTRNINDEA,2030,5.0
GLOBAL,RNWTRNINDEA,2031,5.0
GLOBAL,RNWTRNINDEA,2032,5.0
GLOBAL,RNWTRNINDEA,2033,5.0
GLOBAL,RNWTRNINDEA,2034,5.0
GLOBAL,RNWTRNINDEA,2035,5.0
GLOBAL,RNWTRNINDEA,2036,5.0
GLOBAL,RNWTRNINDEA,2037,5.0
GLOBAL,RNWTRNINDEA,2038,5.0
GLOBAL,RNWTRNINDEA,2039,5.0
GLOBAL,RNWTRNINDEA,2040,5.0
GLOBAL,RNWTRNINDEA,2041,5.0
GLOBAL,RNWTRNINDEA,2042,5.0
GLOBAL,RNWTRNINDEA,2043,5.0
GLOBAL,RNWTRNINDEA,2044,5.0
GLOBAL,RNWTRNINDEA,2045,5.0
GLOBAL,RNWTRNINDEA,2046,5.0
GLOBAL,RNWTRNINDEA,2047,5.0
GLOBAL,RNWTRNINDEA,2048,5.0
GLOBAL,RNWTRNINDEA,2049,5.0
GLOBAL,RNWTRNINDEA,2050,5.0
GLOBAL,RNWTRNINDNE,2023,5.0
GLOBAL,RNWTRNINDNE,2024,5.0
GLOBAL,RNWTRNINDNE,2025,5.0
GLOBAL,RNWTRNINDNE,2026,5.0
GLOBAL,RNWTRNINDNE,2027,5.0
GLOBAL,RNWTRNINDNE,2028,5.0
GLOBAL,RNWTRNINDNE,2029,5.0
GLOBAL,RNWTRNINDNE,2030,5.0
GLOBAL,RNWTRNINDNE,2031,5.0
GLOBAL,RNWTRNINDNE,2032,5.0
GLOBAL,RNWTRNINDNE,2033,5.0
GLOBAL,RNWTRNINDNE,2034,5.0
GLOBAL,RNWTRNINDNE,2035,5.0
GLOBAL,RNWTRNINDNE,2036,5.0
GLOBAL,RNWTRNINDNE,2037,5.0
GLOBAL,RNWTRNINDNE,2038,5.0
GLOBAL,RNWTRNINDNE,2039,5.0
GLOBAL,RNWTRNINDNE,2040,5.0
GLOBAL,RNWTRNINDNE,2041,5.0
GLOBAL,RNWTRNINDNE,2042,5.0
GLOBAL,RNWTRNINDNE,2043,5.0
GLOBAL,RNWTRNINDNE,2044,5.0
GLOBAL,RNWTRNINDNE,2045,5.0
GLOBAL,RNWTRNINDNE,2046,5.0
GLOBAL,RNWTRNINDNE,2047,5.0
GLOBAL,RNWTRNINDNE,2048,5.0
GLOBAL,RNWTRNINDNE,2049,5.0
GLOBAL,RNWTRNINDNE,2050,5.0
GLOBAL,RNWTRNINDNO,2023,12.654123968060798
GLOBAL,RNWTRNINDNO,2024,13.973060215921247
GLOBAL,RNWTRNINDNO,2025,18.617972925679076
GLOBAL,RNWTRNINDNO,2026,27.42571248420319
GLOBAL,RNWTRNINDNO,2027,33.08098945232143
GLOBAL,RNWTRNINDNO,2028,34.96313423779165
GLOBAL,RNWTRNINDNO,2029,36.97572081094282
GLOBAL,RNWTRNINDNO,2030,41.16427696131231
GLOBAL,RNWTRNINDNO,2031,42.7068685476584
GLOBAL,RNWTRNINDNO,2032,44.52035940280476
GLOBAL,RNWTRNINDNO,2033,46.34165966751125
GLOBAL,RNWTRNINDNO,2034,48.192180893360806
GLOBAL,RNWTRNINDNO,2035,52.46597717508018
GLOBAL,RNWTRNINDNO,2036,54.27946803022638
GLOBAL,RNWTRNINDNO,2037,56.2869098889292
GLOBAL,RNWTRNINDNO,2038,58.29931891279816
GLOBAL,RNWTRNINDNO,2039,60.311727936667225
GLOBAL,RNWTRNINDNO,2040,62.05660484549796
GLOBAL,RNWTRNINDNO,2041,64.0656198960048
GLOBAL,RNWTRNINDNO,2042,66.31965137610845
GLOBAL,RNWTRNINDNO,2043,68.66939897194021
GLOBAL,RNWTRNINDNO,2044,71.0343337866029
GLOBAL,RNWTRNINDNO,2045,73.37438149882763
GLOBAL,RNWTRNINDNO,2046,76.01590218024167
GLOBAL,RNWTRNINDNO,2047,78.76403950083238
GLOBAL,RNWTRNINDNO,2048,81.54409484920778
GLOBAL,RNWTRNINDNO,2049,83.88060855397617
GLOBAL,RNWTRNINDNO,2050,83.88060855397617
GLOBAL,RNWTRNINDSO,2023,13.487009694192771
GLOBAL,RNWTRNINDSO,2024,14.886044712692533
GLOBAL,RNWTRNINDSO,2025,16.37152406628931
GLOBAL,RNWTRNINDSO,2026,18.15446058496547
GLOBAL,RNWTRNINDSO,2027,19.994946906533755
GLOBAL,RNWTRNINDSO,2028,21.74764871525661
GLOBAL,RNWTRNINDSO,2029,24.52111442228204
GLOBAL,RNWTRNINDSO,2030,26.073275621928
GLOBAL,RNWTRNINDSO,2031,27.586058244554764
GLOBAL,RNWTRNINDSO,2032,29.40330622812712
GLOBAL,RNWTRNINDSO,2033,31.220554211699454
GLOBAL,RNWTRNINDSO,2034,33.0378021952718
GLOBAL,RNWTRNINDSO,2035,34.85505017884418
GLOBAL,RNWTRNINDSO,2036,36.67229816241635
GLOBAL,RNWTRNINDSO,2037,38.615219903275374
GLOBAL,RNWTRNINDSO,2038,40.55814164413414
GLOBAL,RNWTRNINDSO,2039,42.501063384993074
GLOBAL,RNWTRNINDSO,2040,44.29791095570911
GLOBAL,RNWTRNINDSO,2041,46.239095430356286
GLOBAL,RNWTRNINDSO,2042,48.41224474848171
GLOBAL,RNWTRNINDSO,2043,50.669876442386375
GLOBAL,RNWTRNINDSO,2044,52.75471544261829
GLOBAL,RNWTRNINDSO,2045,54.91170777261826
GLOBAL,RNWTRNINDSO,2046,57.1523618826183
GLOBAL,RNWTRNINDSO,2047,59.48002934261818
GLOBAL,RNWTRNINDSO,2048,61.86271116261821
GLOBAL,RNWTRNINDSO,2049,63.13683065261819
GLOBAL,RNWTRNINDSO,2050,64.4320851726181
GLOBAL,RNWTRNINDWE,2023,7.069408715861576
GLOBAL,RNWTRNINDWE,2024,9.203600012972409
GLOBAL,RNWTRNINDWE,2025,11.811380222643905
GLOBAL,RNWTRNINDWE,2026,16.39585675831172
GLOBAL,RNWTRNINDWE,2027,19.087037086323846
GLOBAL,RNWTRNINDWE,2028,21.289611581620413
GLOBAL,RNWTRNINDWE,2029,22.877314748201982
GLOBAL,RNWTRNINDWE,2030,23.78308978216532
GLOBAL,RNWTRNINDWE,2031,24.65045159538473
GLOBAL,RNWTRNINDWE,2032,25.95986317208065
GLOBAL,RNWTRNINDWE,2033,27.269274748776738
GLOBAL,RNWTRNINDWE,2034,28.578686325472724
GLOBAL,RNWTRNINDWE,2035,29.888097902168667
GLOBAL,RNWTRNINDWE,2036,31.197509478864625
GLOBAL,RNWTRNINDWE,2037,33.78449882000001
GLOBAL,RNWTRNINDWE,2038,35.179888340000005
GLOBAL,RNWTRNINDWE,2039,36.575297240000005
GLOBAL,RNWTRNINDWE,2040,37.97068676000001
GLOBAL,RNWTRNINDWE,2041,39.36607628
GLOBAL,RNWTRNINDWE,2042,40.932386060000006
GLOBAL,RNWTRNINDWE,2043,42.56084668
GLOBAL,RNWTRNINDWE,2044,44.254081580000005
GLOBAL,RNWTRNINDWE,2045,46.01470624
GLOBAL,RNWTRNINDWE,2046,47.84533116000001
GLOBAL,RNWTRNINDWE,2047,49.74874594
GLOBAL,RNWTRNINDWE,2048,51.54446814
GLOBAL,RNWTRNINDWE,2049,51.54446814
GLOBAL,RNWTRNINDWE,2050,51.54446814
GLOBAL,RNWTRNLKAXX,2023,5.0
GLOBAL,RNWTRNLKAXX,2024,5.0
GLOBAL,RNWTRNLKAXX,2025,5.0
GLOBAL,RNWTRNLKAXX,2026,5.0
GLOBAL,RNWTRNLKAXX,2027,5.0
GLOBAL,RNWTRNLKAXX,2028,5.0
GLOBAL,RNWTRNLKAXX,2029,5.0
GLOBAL,RNWTRNLKAXX,2030,5.0
GLOBAL,RNWTRNLKAXX,2031,5.0
GLOBAL,RNWTRNLKAXX,2032,5.0
GLOBAL,RNWTRNLKAXX,2033,5.0
GLOBAL,RNWTRNLKAXX,2034,5.0
GLOBAL,RNWTRNLKAXX,2035,5.0
GLOBAL,RNWTRNLKAXX,2036,5.0
GLOBAL,RNWTRNLKAXX,2037,5.0
GLOBAL,RNWTRNLKAXX,2038,5.0
GLOBAL,RNWTRNLKAXX,2039,5.0
GLOBAL,RNWTRNLKAXX,2040,5.0
GLOBAL,RNWTRNLKAXX,2041,5.0
GLOBAL,RNWTRNLKAXX,2042,5.0
GLOBAL,RNWTRNLKAXX,2043,5.0
GLOBAL,RNWTRNLKAXX,2044,5.0
GLOBAL,RNWTRNLKAXX,2045,5.0
GLOBAL,RNWTRNLKAXX,2046,5.0
GLOBAL,RNWTRNLKAXX,2047,5.0
GLOBAL,RNWTRNLKAXX,2048,5.0
GLOBAL,RNWTRNLKAXX,2049,5.0
GLOBAL,RNWTRNLKAXX,2050,5.0
GLOBAL,RNWTRNMDVXX,2023,5.0
GLOBAL,RNWTRNMDVXX,2024,5.0
GLOBAL,RNWTRNMDVXX,2025,5.0
GLOBAL,RNWTRNMDVXX,2026,5.0
GLOBAL,RNWTRNMDVXX,2027,5.0
GLOBAL,RNWTRNMDVXX,2028,5.0
GLOBAL,RNWTRNMDVXX,2029,5.0
GLOBAL,RNWTRNMDVXX,2030,5.0
GLOBAL,RNWTRNMDVXX,2031,5.0
GLOBAL,RNWTRNMDVXX,2032,5.0
GLOBAL,RNWTRNMDVXX,2033,5.0
GLOBAL,RNWTRNMDVXX,2034,5.0
GLOBAL,RNWTRNMDVXX,2035,5.0
GLOBAL,RNWTRNMDVXX,2036,5.0
GLOBAL,RNWTRNMDVXX,2037,5.0
GLOBAL,RNWTRNMDVXX,2038,5.0
GLOBAL,RNWTRNMDVXX,2039,5.0
GLOBAL,RNWTRNMDVXX,2040,5.0
GLOBAL,RNWTRNMDVXX,2041,5.0
GLOBAL,RNWTRNMDVXX,2042,5.0
GLOBAL,RNWTRNMDVXX,2043,5.0
GLOBAL,RNWTRNMDVXX,2044,5.0
GLOBAL,RNWTRNMDVXX,2045,5.0
GLOBAL,RNWTRNMDVXX,2046,5.0
GLOBAL,RNWTRNMDVXX,2047,5.0
GLOBAL,RNWTRNMDVXX,2048,5.0
GLOBAL,RNWTRNMDVXX,2049,5.0
GLOBAL,RNWTRNMDVXX,2050,5.0
GLOBAL,RNWTRNNPLXX,2023,5.0
GLOBAL,RNWTRNNPLXX,2024,5.0
GLOBAL,RNWTRNNPLXX,2025,5.0
GLOBAL,RNWTRNNPLXX,2026,5.0
GLOBAL,RNWTRNNPLXX,2027,5.0
GLOBAL,RNWTRNNPLXX,2028,5.0
GLOBAL,RNWTRNNPLXX,2029,5.0
GLOBAL,RNWTRNNPLXX,2030,5.0
GLOBAL,RNWTRNNPLXX,2031,5.0
GLOBAL,RNWTRNNPLXX,2032,5.0
GLOBAL,RNWTRNNPLXX,2033,5.0
GLOBAL,RNWTRNNPLXX,2034,5.0
GLOBAL,RNWTRNNPLXX,2035,5.0
GLOBAL,RNWTRNNPLXX,2036,5.0
GLOBAL,RNWTRNNPLXX,2037,5.0
GLOBAL,RNWTRNNPLXX,2038,5.0
GLOBAL,RNWTRNNPLXX,2039,5.0
GLOBAL,RNWTRNNPLXX,2040,5.0
GLOBAL,RNWTRNNPLXX,2041,5.0
GLOBAL,RNWTRNNPLXX,2042,5.0
GLOBAL,RNWTRNNPLXX,2043,5.0
GLOBAL,RNWTRNNPLXX,2044,5.0
GLOBAL,RNWTRNNPLXX,2045,5.0
GLOBAL,RNWTRNNPLXX,2046,5.0
GLOBAL,RNWTRNNPLXX,2047,5.0
GLOBAL,RNWTRNNPLXX,2048,5.0
GLOBAL,RNWTRNNPLXX,2049,5.0
GLOBAL,RNWTRNNPLXX,2050,5.0
GLOBAL,RNWWASINDEA,2024,0.0126144
GLOBAL,RNWWASINDEA,2025,0.0252288
GLOBAL,RNWWASINDEA,2026,0.0378432
GLOBAL,RNWWASINDEA,2027,0.0536112
GLOBAL,RNWWASINDEA,2028,0.0693792
GLOBAL,RNWWASINDEA,2029,0.0883008
GLOBAL,RNWWASINDEA,2030,0.1009152
GLOBAL,RNWWASINDEA,2031,0.1135296
GLOBAL,RNWWASINDEA,2032,0.1292976
GLOBAL,RNWWASINDEA,2033,0.1450656
GLOBAL,RNWWASINDEA,2034,0.1608336
GLOBAL,RNWWASINDEA,2035,0.1766016
GLOBAL,RNWWASINDEA,2036,0.1923696
GLOBAL,RNWWASINDEA,2037,0.2112912
GLOBAL,RNWWASINDEA,2038,0.2302128
GLOBAL,RNWWASINDEA,2039,0.2491344
GLOBAL,RNWWASINDEA,2040,0.268056
GLOBAL,RNWWASINDEA,2041,0.2869776
GLOBAL,RNWWASINDEA,2042,0.3090528
GLOBAL,RNWWASINDEA,2043,0.331128
GLOBAL,RNWWASINDEA,2044,0.3563568
GLOBAL,RNWWASINDEA,2045,0.3815856000000001
GLOBAL,RNWWASINDEA,2046,0.4068144000000001
GLOBAL,RNWWASINDEA,2047,0.4351968000000001
GLOBAL,RNWWASINDEA,2048,0.4635792
GLOBAL,RNWWASINDEA,2049,0.4825008
GLOBAL,RNWWASINDEA,2050,0.5014224
GLOBAL,RNWWASINDNO,2024,0.4635792
GLOBAL,RNWWASINDNO,2025,0.9523872
GLOBAL,RNWWASINDNO,2026,1.4758848
GLOBAL,RNWWASINDNO,2027,2.034072
GLOBAL,RNWWASINDNO,2028,2.6206416
GLOBAL,RNWWASINDNO,2029,3.3049728
GLOBAL,RNWWASINDNO,2030,3.8253168
GLOBAL,RNWWASINDNO,2031,4.351968
GLOBAL,RNWWASINDNO,2032,4.9700736
GLOBAL,RNWWASINDNO,2033,5.5881792
GLOBAL,RNWWASINDNO,2034,6.2062848
GLOBAL,RNWWASINDNO,2035,6.8243904
GLOBAL,RNWWASINDNO,2036,7.4424959999999984
GLOBAL,RNWWASINDNO,2037,8.1142128
GLOBAL,RNWWASINDNO,2038,8.785929599999998
GLOBAL,RNWWASINDNO,2039,9.4576464
GLOBAL,RNWWASINDNO,2040,10.0978272
GLOBAL,RNWWASINDNO,2041,10.769544
GLOBAL,RNWWASINDNO,2042,11.5232544
GLOBAL,RNWWASINDNO,2043,12.3085008
GLOBAL,RNWWASINDNO,2044,13.1158224
GLOBAL,RNWWASINDNO,2045,13.938911999999998
GLOBAL,RNWWASINDNO,2046,14.818766399999998
GLOBAL,RNWWASINDNO,2047,15.736463999999998
GLOBAL,RNWWASINDNO,2048,16.6888512
GLOBAL,RNWWASINDNO,2049,17.218655999999996
GLOBAL,RNWWASINDNO,2050,17.7610752
GLOBAL,RNWWASINDSO,2024,0.3595104
GLOBAL,RNWWASINDSO,2025,0.7410959999999999
GLOBAL,RNWWASINDSO,2026,1.1605248
GLOBAL,RNWWASINDSO,2027,1.5862607999999998
GLOBAL,RNWWASINDSO,2028,2.0277648
GLOBAL,RNWWASINDSO,2029,2.5418016
GLOBAL,RNWWASINDSO,2030,2.9391552
GLOBAL,RNWWASINDSO,2031,3.327048
GLOBAL,RNWWASINDSO,2032,3.7906272
GLOBAL,RNWWASINDSO,2033,4.2542064
GLOBAL,RNWWASINDSO,2034,4.7177856
GLOBAL,RNWWASINDSO,2035,5.1813648
GLOBAL,RNWWASINDSO,2036,5.644944
GLOBAL,RNWWASINDSO,2037,6.1432128
GLOBAL,RNWWASINDSO,2038,6.6414816
GLOBAL,RNWWASINDSO,2039,7.1397504
GLOBAL,RNWWASINDSO,2040,7.6254048
GLOBAL,RNWWASINDSO,2041,8.12052
GLOBAL,RNWWASINDSO,2042,8.6755536
GLOBAL,RNWWASINDSO,2043,9.2526624
GLOBAL,RNWWASINDSO,2044,9.8518464
GLOBAL,RNWWASINDSO,2045,10.4762592
GLOBAL,RNWWASINDSO,2046,11.1227472
GLOBAL,RNWWASINDSO,2047,11.794464
GLOBAL,RNWWASINDSO,2048,12.4945632
GLOBAL,RNWWASINDSO,2049,12.860380800000003
GLOBAL,RNWWASINDSO,2050,13.2325056
GLOBAL,RNWWASINDWE,2024,0.2302128
GLOBAL,RNWWASINDWE,2025,0.4793472
GLOBAL,RNWWASINDWE,2026,0.7600176
GLOBAL,RNWWASINDWE,2027,1.0312272
GLOBAL,RNWWASINDWE,2028,1.3118976
GLOBAL,RNWWASINDWE,2029,1.6587936
GLOBAL,RNWWASINDWE,2030,1.8574704
GLOBAL,RNWWASINDWE,2031,2.0466864
GLOBAL,RNWWASINDWE,2032,2.333664
GLOBAL,RNWWASINDWE,2033,2.6206416000000003
GLOBAL,RNWWASINDWE,2034,2.9076192000000005
GLOBAL,RNWWASINDWE,2035,3.1945968000000007
GLOBAL,RNWWASINDWE,2036,3.481574400000001
GLOBAL,RNWWASINDWE,2037,3.796934400000002
GLOBAL,RNWWASINDWE,2038,4.112294400000001
GLOBAL,RNWWASINDWE,2039,4.427654400000001
GLOBAL,RNWWASINDWE,2040,4.743014400000001
GLOBAL,RNWWASINDWE,2041,5.058374400000002
GLOBAL,RNWWASINDWE,2042,5.414731200000001
GLOBAL,RNWWASINDWE,2043,5.783702400000002
GLOBAL,RNWWASINDWE,2044,6.1684416
GLOBAL,RNWWASINDWE,2045,6.568948800000001
GLOBAL,RNWWASINDWE,2046,6.985224000000001
GLOBAL,RNWWASINDWE,2047,7.417267200000001
GLOBAL,RNWWASINDWE,2048,7.865078400000002
GLOBAL,RNWWASINDWE,2049,8.101598400000002
GLOBAL,RNWWASINDWE,2050,8.3381184
GLOBAL,RNWWASLKAXX,2024,0.0252288
GLOBAL,RNWWASLKAXX,2025,0.0441504
GLOBAL,RNWWASLKAXX,2026,0.063072
GLOBAL,RNWWASLKAXX,2027,0.0819936
GLOBAL,RNWWASLKAXX,2028,0.1040688
GLOBAL,RNWWASLKAXX,2029,0.126144
GLOBAL,RNWWASLKAXX,2030,0.1513728
GLOBAL,RNWWASLKAXX,2031,0.173448
GLOBAL,RNWWASLKAXX,2032,0.1986767999999999
GLOBAL,RNWWASLKAXX,2033,0.2239056
GLOBAL,RNWWASLKAXX,2034,0.2491343999999999
GLOBAL,RNWWASLKAXX,2035,0.2775168
GLOBAL,RNWWASLKAXX,2036,0.3058991999999999
GLOBAL,RNWWASLKAXX,2037,0.3374352
GLOBAL,RNWWASLKAXX,2038,0.3721248
GLOBAL,RNWWASLKAXX,2039,0.4068144
GLOBAL,RNWWASLKAXX,2040,0.4446576
GLOBAL,RNWWASLKAXX,2041,0.4825008
GLOBAL,RNWWASLKAXX,2042,0.520344
GLOBAL,RNWWASLKAXX,2043,0.5613407999999999
GLOBAL,RNWWASLKAXX,2044,0.6023376
GLOBAL,RNWWASLKAXX,2045,0.6433344
GLOBAL,RNWWASLKAXX,2046,0.6843312
GLOBAL,RNWWASLKAXX,2047,0.7253280000000001
GLOBAL,RNWWASLKAXX,2048,0.7663248000000003
GLOBAL,RNWWASLKAXX,2049,0.7820928000000003
GLOBAL,RNWWASLKAXX,2050,0.8073216000000001
GLOBAL,RNWWONBGDXX,2023,0.8753699808
GLOBAL,RNWWONBGDXX,2024,0.93650693184
GLOBAL,RNWWONBGDXX,2025,1.00181231136
GLOBAL,RNWWONBGDXX,2026,1.0712861193599998
GLOBAL,RNWWONBGDXX,2027,1.14492835584
GLOBAL,RNWWONBGDXX,2028,1.22412849696
GLOBAL,RNWWONBGDXX,2029,1.3088865427199998
GLOBAL,RNWWONBGDXX,2030,1.3992024931199998
GLOBAL,RNWWONBGDXX,2031,1.4756236819199997
GLOBAL,RNWWONBGDXX,2032,1.5562132991999995
GLOBAL,RNWWONBGDXX,2033,1.6409713449599996
GLOBAL,RNWWONBGDXX,2034,1.7298978191999996
GLOBAL,RNWWONBGDXX,2035,4.5366396624
GLOBAL,RNWWONBGDXX,2036,4.63529246976
GLOBAL,RNWWONBGDXX,2037,4.73950318176
GLOBAL,RNWWONBGDXX,2038,4.8492717984
GLOBAL,RNWWONBGDXX,2039,4.96459831968
GLOBAL,RNWWONBGDXX,2040,5.0854827456
GLOBAL,RNWWONBGDXX,2041,5.21331455232
GLOBAL,RNWWONBGDXX,2042,5.32030421664
GLOBAL,RNWWONBGDXX,2043,5.4314623094400005
GLOBAL,RNWWONBGDXX,2044,5.548178306880001
GLOBAL,RNWWONBGDXX,2045,5.6690627328000005
GLOBAL,RNWWONBGDXX,2046,5.79550506336
GLOBAL,RNWWONBGDXX,2047,5.92750529856
GLOBAL,RNWWONBGDXX,2048,6.0650634384
GLOBAL,RNWWONBGDXX,2049,6.14704253184
GLOBAL,RNWWONBGDXX,2050,6.2304111014400005
GLOBAL,RNWWONBTNXX,2037,0.0010154591999999
GLOBAL,RNWWONBTNXX,2038,0.0020309183999999
GLOBAL,RNWWONBTNXX,2039,0.0030463775999999
GLOBAL,RNWWONBTNXX,2040,0.0040618367999999
GLOBAL,RNWWONBTNXX,2041,0.0050772959999999
GLOBAL,RNWWONBTNXX,2042,0.0060927551999999
GLOBAL,RNWWONBTNXX,2043,0.0076159439999999
GLOBAL,RNWWONBTNXX,2044,0.0091391327999999
GLOBAL,RNWWONBTNXX,2045,0.0106623216
GLOBAL,RNWWONBTNXX,2046,0.0121855104
GLOBAL,RNWWONBTNXX,2047,0.0137086992
GLOBAL,RNWWONBTNXX,2048,0.0157396175999999
GLOBAL,RNWWONBTNXX,2049,0.0177705359999999
GLOBAL,RNWWONBTNXX,2050,0.0198014543999999
GLOBAL,RNWWONINDNO,2023,70.4355519312
GLOBAL,RNWWONINDNO,2024,74.71058155199998
GLOBAL,RNWWONINDNO,2025,79.23009369743998
GLOBAL,RNWWONINDNO,2026,84.08286693792
GLOBAL,RNWWONINDNO,2027,89.23475566944
GLOBAL,RNWWONINDNO,2028,94.65024846384
GLOBAL,RNWWONINDNO,2029,100.98084344544
GLOBAL,RNWWONINDNO,2030,105.79810525776
GLOBAL,RNWWONINDNO,2031,110.65770761904
GLOBAL,RNWWONINDNO,2032,116.37095008032
GLOBAL,RNWWONINDNO,2033,122.08282671744
GLOBAL,RNWWONINDNO,2034,127.79606917872
GLOBAL,RNWWONINDNO,2035,133.50794581584
GLOBAL,RNWWONINDNO,2036,139.22118827712
GLOBAL,RNWWONINDNO,2037,145.4329565568
GLOBAL,RNWWONINDNO,2038,151.64472483648
GLOBAL,RNWWONINDNO,2039,157.85649311616
GLOBAL,RNWWONINDNO,2040,163.79099909136002
GLOBAL,RNWWONINDNO,2041,169.99320660192
GLOBAL,RNWWONINDNO,2042,176.96027564208
GLOBAL,RNWWONINDNO,2043,184.21416775584
GLOBAL,RNWWONINDNO,2044,191.66883602112
GLOBAL,RNWWONINDNO,2045,199.27784241648
GLOBAL,RNWWONINDNO,2046,207.43181265168
GLOBAL,RNWWONINDNO,2047,215.91494650944003
GLOBAL,RNWWONINDNO,2048,224.74090223136
GLOBAL,RNWWONINDNO,2049,229.64830843824004
GLOBAL,RNWWONINDNO,2050,234.68137046784005
GLOBAL,RNWWONINDSO,2023,399.34580291424
GLOBAL,RNWWONINDSO,2024,423.451950012
GLOBAL,RNWWONINDSO,2025,449.04753955152
GLOBAL,RNWWONINDSO,2026,477.23080611024
GLOBAL,RNWWONINDSO,2027,505.74007922256
GLOBAL,RNWWONINDSO,2028,535.43723871456
GLOBAL,RNWWONINDSO,2029,569.8329676603199
GLOBAL,RNWWONINDSO,2030,596.4615904665599
GLOBAL,RNWWONINDSO,2031,622.4157872150399
GLOBAL,RNWWONINDSO,2032,653.5942389849599
GLOBAL,RNWWONINDSO,2033,684.7726907548799
GLOBAL,RNWWONINDSO,2034,715.9511425247999
GLOBAL,RNWWONINDSO,2035,747.1295942947198
GLOBAL,RNWWONINDSO,2036,778.3080460646398
GLOBAL,RNWWONINDSO,2037,811.64221617024
GLOBAL,RNWWONINDSO,2038,844.97638627584
GLOBAL,RNWWONINDSO,2039,878.31055638144
GLOBAL,RNWWONINDSO,2040,910.85416059456
GLOBAL,RNWWONINDSO,2041,944.15980512672
GLOBAL,RNWWONINDSO,2042,981.44476715376
GLOBAL,RNWWONINDSO,2043,1020.1784208033602
GLOBAL,RNWWONINDSO,2044,1060.4157796814402
GLOBAL,RNWWONINDSO,2045,1102.2159324758402
GLOBAL,RNWWONINDSO,2046,1145.6379678744
GLOBAL,RNWWONINDSO,2047,1190.7470871878402
GLOBAL,RNWWONINDSO,2048,1237.6084917268802
GLOBAL,RNWWONINDSO,2049,1262.1832732454402
GLOBAL,RNWWONINDSO,2050,1287.1594503331205
GLOBAL,RNWWONINDWE,2023,278.9318960064
GLOBAL,RNWWONINDWE,2024,296.06253061536
GLOBAL,RNWWONINDWE,2025,314.80551544176
GLOBAL,RNWWONINDWE,2026,335.93809399488
GLOBAL,RNWWONINDWE,2027,356.31688709232
GLOBAL,RNWWONINDWE,2028,377.43069920256
GLOBAL,RNWWONINDWE,2029,403.49728836288
GLOBAL,RNWWONINDWE,2030,418.36813047504
GLOBAL,RNWWONINDWE,2031,432.60873288048
GLOBAL,RNWWONINDWE,2032,454.10569319952
GLOBAL,RNWWONINDWE,2033,475.60265351856
GLOBAL,RNWWONINDWE,2034,497.0996138376
GLOBAL,RNWWONINDWE,2035,518.5965741566399
GLOBAL,RNWWONINDWE,2036,540.0935344756799
GLOBAL,RNWWONINDWE,2037,563.8096266652799
GLOBAL,RNWWONINDWE,2038,587.5257188548799
GLOBAL,RNWWONINDWE,2039,611.2433749147199
GLOBAL,RNWWONINDWE,2040,634.95946710432
GLOBAL,RNWWONINDWE,2041,658.6755592939198
GLOBAL,RNWWONINDWE,2042,685.2957585191998
GLOBAL,RNWWONINDWE,2043,712.9731340267198
GLOBAL,RNWWONINDWE,2044,741.7514741831997
GLOBAL,RNWWONINDWE,2045,771.6745673553597
GLOBAL,RNWWONINDWE,2046,802.7877657801597
GLOBAL,RNWWONINDWE,2047,835.1379855647998
GLOBAL,RNWWONINDWE,2048,868.7737066867197
GLOBAL,RNWWONINDWE,2049,886.6174661251197
GLOBAL,RNWWONINDWE,2050,904.2391559894398
GLOBAL,RNWWONLKAXX,2023,5.3166668544
GLOBAL,RNWWONLKAXX,2024,5.74361131392
GLOBAL,RNWWONLKAXX,2025,6.06583354752
GLOBAL,RNWWONLKAXX,2026,8.913472536959999
GLOBAL,RNWWONLKAXX,2027,23.761875839039995
GLOBAL,RNWWONLKAXX,2028,27.82993153824
GLOBAL,RNWWONLKAXX,2029,30.88097331264
GLOBAL,RNWWONLKAXX,2030,38.69083469952
GLOBAL,RNWWONLKAXX,2031,44.79291824832001
GLOBAL,RNWWONLKAXX,2032,49.267779517440005
GLOBAL,RNWWONLKAXX,2033,49.68465453216
GLOBAL,RNWWONLKAXX,2034,51.71868238176
GLOBAL,RNWWONLKAXX,2035,53.75271023136
GLOBAL,RNWWONLKAXX,2036,54.25819636032
GLOBAL,RNWWONLKAXX,2037,54.79590471264
GLOBAL,RNWWONLKAXX,2038,56.82993256224
GLOBAL,RNWWONLKAXX,2039,58.86396041184
GLOBAL,RNWWONLKAXX,2040,59.47819654464
GLOBAL,RNWWONLKAXX,2041,60.12264101184
GLOBAL,RNWWONLKAXX,2042,60.77514103488
GLOBAL,RNWWONLKAXX,2043,70.94528028288
GLOBAL,RNWWONLKAXX,2044,71.63604419616
GLOBAL,RNWWONLKAXX,2045,72.31472477568
GLOBAL,RNWWONLKAXX,2046,72.99944702207998
GLOBAL,RNWWONLKAXX,2047,73.69625260224
GLOBAL,RNWWONLKAXX,2048,74.37493318176001
GLOBAL,RNWWONLKAXX,2049,74.64479430240002
GLOBAL,RNWWONLKAXX,2050,75.04555820544003
GLOBAL,RNWWONMDVXX,2028,0.0203344128
GLOBAL,RNWWONMDVXX,2029,0.0203344128
GLOBAL,RNWWONMDVXX,2030,0.0203344128
GLOBAL,RNWWONMDVXX,2031,0.0203344128
GLOBAL,RNWWONMDVXX,2032,0.0203344128
GLOBAL,RNWWONMDVXX,2033,0.0203344128
GLOBAL,RNWWONMDVXX,2034,0.0203344128
GLOBAL,RNWWONMDVXX,2035,0.0203344128
GLOBAL,RNWWONMDVXX,2036,0.0203344128
GLOBAL,RNWWONMDVXX,2037,0.0203344128
GLOBAL,RNWWONMDVXX,2038,0.0203344128
GLOBAL,RNWWONMDVXX,2039,0.0203344128
GLOBAL,RNWWONMDVXX,2040,0.0203344128
GLOBAL,RNWWONMDVXX,2041,0.0203344128
GLOBAL,RNWWONMDVXX,2042,0.0203344128
GLOBAL,RNWWONMDVXX,2043,0.0203344128
GLOBAL,RNWWONMDVXX,2044,0.0203344128
GLOBAL,RNWWONMDVXX,2045,0.0203344128
GLOBAL,RNWWONMDVXX,2046,0.0203344128
GLOBAL,RNWWONMDVXX,2047,0.0203344128
GLOBAL,RNWWONMDVXX,2048,0.0203344128
GLOBAL,RNWWONMDVXX,2049,0.0203344128
GLOBAL,RNWWONMDVXX,2050,0.0203344128
GLOBAL,TRNBGDXXINDEA,2023,8.462837071707101
GLOBAL,TRNBGDXXINDEA,2024,8.462837071707101
GLOBAL,TRNBGDXXINDEA,2025,8.462837071707101
GLOBAL,TRNBGDXXINDEA,2026,8.462837071707101
GLOBAL,TRNBGDXXINDEA,2027,9.064061922139938
GLOBAL,TRNBGDXXINDEA,2028,10.341091311840955
GLOBAL,TRNBGDXXINDEA,2029,11.70476613157098
GLOBAL,TRNBGDXXINDEA,2030,12.551604415717112
GLOBAL,TRNBGDXXINDEA,2031,12.900279927293584
GLOBAL,TRNBGDXXINDEA,2032,12.900279927293584
GLOBAL,TRNBGDXXINDEA,2033,13.510671111539867
GLOBAL,TRNBGDXXINDEA,2034,14.739665719395964
GLOBAL,TRNBGDXXINDEA,2035,15.70709436161252
GLOBAL,TRNBGDXXINDEA,2036,16.516560018787885
GLOBAL,TRNBGDXXINDEA,2037,17.56283076698245
GLOBAL,TRNBGDXXINDEA,2038,19.00757407832214
GLOBAL,TRNBGDXXINDEA,2039,20.52699997591568
GLOBAL,TRNBGDXXINDEA,2040,22.08082864520778
GLOBAL,TRNBGDXXINDEA,2041,23.71929799756772
GLOBAL,TRNBGDXXINDEA,2042,25.048546958377152
GLOBAL,TRNBGDXXINDEA,2043,26.420760989635085
GLOBAL,TRNBGDXXINDEA,2044,27.85161564258734
GLOBAL,TRNBGDXXINDEA,2045,30.114565031099616
GLOBAL,TRNBGDXXINDEA,2046,31.675239926887055
GLOBAL,TRNBGDXXINDEA,2047,33.335508833510325
GLOBAL,TRNBGDXXINDEA,2048,35.00261277737039
GLOBAL,TRNBGDXXINDEA,2049,36.71663947680844
GLOBAL,TRNBGDXXINDEA,2050,39.10256065094634
GLOBAL,TRNBGDXXINDNE,2023,0.16
GLOBAL,TRNBGDXXINDNE,2024,0.16
GLOBAL,TRNBGDXXINDNE,2025,0.16
GLOBAL,TRNBGDXXINDNE,2026,0.16
GLOBAL,TRNBGDXXINDNE,2027,0.16
GLOBAL,TRNBGDXXINDNE,2028,0.16
GLOBAL,TRNBGDXXINDNE,2029,0.16
GLOBAL,TRNBGDXXINDNE,2030,0.16
GLOBAL,TRNBGDXXINDNE,2031,0.16
GLOBAL,TRNBGDXXINDNE,2032,1.1260104285842725
GLOBAL,TRNBGDXXINDNE,2033,1.1260104285842725
GLOBAL,TRNBGDXXINDNE,2034,1.1260104285842725
GLOBAL,TRNBGDXXINDNE,2035,1.1260104285842725
GLOBAL,TRNBGDXXINDNE,2036,1.1260104285842725
GLOBAL,TRNBGDXXINDNE,2037,1.1260104285842725
GLOBAL,TRNBGDXXINDNE,2038,1.1260104285842725
GLOBAL,TRNBGDXXINDNE,2039,1.1260104285842725
GLOBAL,TRNBGDXXINDNE,2040,1.1260104285842725
GLOBAL,TRNBGDXXINDNE,2041,1.1260104285842725
GLOBAL,TRNBGDXXINDNE,2042,1.1260104285842725
GLOBAL,TRNBGDXXINDNE,2043,1.1260104285842725
GLOBAL,TRNBGDXXINDNE,2044,1.1260104285842725
GLOBAL,TRNBGDXXINDNE,2045,1.1260104285842725
GLOBAL,TRNBGDXXINDNE,2046,1.1260104285842725
GLOBAL,TRNBGDXXINDNE,2047,1.1260104285842725
GLOBAL,TRNBGDXXINDNE,2048,1.1260104285842725
GLOBAL,TRNBGDXXINDNE,2049,1.1260104285842725
GLOBAL,TRNBGDXXINDNE,2050,1.1260104285842725
GLOBAL,TRNBTNXXBGDXX,2030,0.6702111189284076
GLOBAL,TRNBTNXXBGDXX,2031,0.7873007836856755
GLOBAL,TRNBTNXXBGDXX,2032,0.9687272394225428
GLOBAL,TRNBTNXXBGDXX,2033,1.1160727950269127
GLOBAL,TRNBTNXXBGDXX,2034,1.2735344746727857
GLOBAL,TRNBTNXXBGDXX,2035,3.068413511875377
GLOBAL,TRNBTNXXBGDXX,2036,3.248921127684009
GLOBAL,TRNBTNXXBGDXX,2037,3.542825598135051
GLOBAL,TRNBTNXXBGDXX,2038,3.7495242794821446
GLOBAL,TRNBTNXXBGDXX,2039,3.970660550525992
GLOBAL,TRNBTNXXBGDXX,2040,4.2066052220934935
GLOBAL,TRNBTNXXBGDXX,2041,4.448059244048629
GLOBAL,TRNBTNXXBGDXX,2042,4.708258627270774
GLOBAL,TRNBTNXXBGDXX,2043,4.99806095595432
GLOBAL,TRNBTNXXBGDXX,2044,5.300157801164308
GLOBAL,TRNBTNXXBGDXX,2045,5.561940933925489
GLOBAL,TRNBTNXXBGDXX,2046,5.977018091526092
GLOBAL,TRNBTNXXBGDXX,2047,6.368499336495924
GLOBAL,TRNBTNXXBGDXX,2048,6.779867604971648
GLOBAL,TRNBTNXXBGDXX,2049,7.219944916922544
GLOBAL,TRNBTNXXBGDXX,2050,7.69083282740297
GLOBAL,TRNBTNXXINDEA,2023,5.526
GLOBAL,TRNBTNXXINDEA,2024,5.526
GLOBAL,TRNBTNXXINDEA,2025,5.526
GLOBAL,TRNBTNXXINDEA,2026,5.526
GLOBAL,TRNBTNXXINDEA,2027,5.526
GLOBAL,TRNBTNXXINDEA,2028,5.526
GLOBAL,TRNBTNXXINDEA,2029,5.526
GLOBAL,TRNBTNXXINDEA,2030,5.526
GLOBAL,TRNBTNXXINDEA,2031,5.526
GLOBAL,TRNBTNXXINDEA,2032,5.526
GLOBAL,TRNBTNXXINDEA,2033,5.526
GLOBAL,TRNBTNXXINDEA,2034,5.526
GLOBAL,TRNBTNXXINDEA,2035,5.526
GLOBAL,TRNBTNXXINDEA,2036,5.526
GLOBAL,TRNBTNXXINDEA,2037,5.526
GLOBAL,TRNBTNXXINDEA,2038,5.526
GLOBAL,TRNBTNXXINDEA,2039,5.526
GLOBAL,TRNBTNXXINDEA,2040,5.526
GLOBAL,TRNBTNXXINDEA,2041,5.526
GLOBAL,TRNBTNXXINDEA,2042,5.526
GLOBAL,TRNBTNXXINDEA,2043,5.526
GLOBAL,TRNBTNXXINDEA,2044,5.526
GLOBAL,TRNBTNXXINDEA,2045,5.526
GLOBAL,TRNBTNXXINDEA,2046,5.526
GLOBAL,TRNBTNXXINDEA,2047,5.526
GLOBAL,TRNBTNXXINDEA,2048,5.526
GLOBAL,TRNBTNXXINDEA,2049,5.526
GLOBAL,TRNBTNXXINDEA,2050,5.526
GLOBAL,TRNBTNXXINDNE,2023,0.11
GLOBAL,TRNBTNXXINDNE,2024,0.11
GLOBAL,TRNBTNXXINDNE,2025,0.11
GLOBAL,TRNBTNXXINDNE,2026,0.11
GLOBAL,TRNBTNXXINDNE,2027,0.11
GLOBAL,TRNBTNXXINDNE,2028,0.11
GLOBAL,TRNBTNXXINDNE,2029,0.11
GLOBAL,TRNBTNXXINDNE,2030,0.11
GLOBAL,TRNBTNXXINDNE,2031,0.11
GLOBAL,TRNBTNXXINDNE,2032,0.11
GLOBAL,TRNBTNXXINDNE,2033,0.11
GLOBAL,TRNBTNXXINDNE,2034,0.11
GLOBAL,TRNBTNXXINDNE,2035,0.11
GLOBAL,TRNBTNXXINDNE,2036,0.11
GLOBAL,TRNBTNXXINDNE,2037,0.11
GLOBAL,TRNBTNXXINDNE,2038,0.11
GLOBAL,TRNBTNXXINDNE,2039,0.11
GLOBAL,TRNBTNXXINDNE,2040,0.11
GLOBAL,TRNBTNXXINDNE,2041,0.11
GLOBAL,TRNBTNXXINDNE,2042,0.11
GLOBAL,TRNBTNXXINDNE,2043,0.11
GLOBAL,TRNBTNXXINDNE,2044,0.11
GLOBAL,TRNBTNXXINDNE,2045,0.11
GLOBAL,TRNBTNXXINDNE,2046,0.11
GLOBAL,TRNBTNXXINDNE,2047,0.11
GLOBAL,TRNBTNXXINDNE,2048,0.11
GLOBAL,TRNBTNXXINDNE,2049,0.11
GLOBAL,TRNBTNXXINDNE,2050,0.11
GLOBAL,TRNINDEAINDNE,2023,3.53
GLOBAL,TRNINDEAINDNE,2024,3.53
GLOBAL,TRNINDEAINDNE,2025,3.53
GLOBAL,TRNINDEAINDNE,2026,3.53
GLOBAL,TRNINDEAINDNE,2027,3.53
GLOBAL,TRNINDEAINDNE,2028,3.53
GLOBAL,TRNINDEAINDNE,2029,3.53
GLOBAL,TRNINDEAINDNE,2030,3.53
GLOBAL,TRNINDEAINDNE,2031,3.53
GLOBAL,TRNINDEAINDNE,2032,3.53
GLOBAL,TRNINDEAINDNE,2033,3.53
GLOBAL,TRNINDEAINDNE,2034,3.53
GLOBAL,TRNINDEAINDNE,2035,3.53
GLOBAL,TRNINDEAINDNE,2036,3.53
GLOBAL,TRNINDEAINDNE,2037,3.53
GLOBAL,TRNINDEAINDNE,2038,3.53
GLOBAL,TRNINDEAINDNE,2039,3.53
GLOBAL,TRNINDEAINDNE,2040,3.53
GLOBAL,TRNINDEAINDNE,2041,3.53
GLOBAL,TRNINDEAINDNE,2042,3.53
GLOBAL,TRNINDEAINDNE,2043,3.53
GLOBAL,TRNINDEAINDNE,2044,3.53
GLOBAL,TRNINDEAINDNE,2045,3.53
GLOBAL,TRNINDEAINDNE,2046,3.53
GLOBAL,TRNINDEAINDNE,2047,3.53
GLOBAL,TRNINDEAINDNE,2048,3.53
GLOBAL,TRNINDEAINDNE,2049,3.53
GLOBAL,TRNINDEAINDNE,2050,3.53
GLOBAL,TRNINDEAINDNO,2023,22.53
GLOBAL,TRNINDEAINDNO,2024,22.53
GLOBAL,TRNINDEAINDNO,2025,22.53
GLOBAL,TRNINDEAINDNO,2026,22.53
GLOBAL,TRNINDEAINDNO,2027,22.53
GLOBAL,TRNINDEAINDNO,2028,22.53
GLOBAL,TRNINDEAINDNO,2029,22.53
GLOBAL,TRNINDEAINDNO,2030,22.53
GLOBAL,TRNINDEAINDNO,2031,22.53
GLOBAL,TRNINDEAINDNO,2032,22.53
GLOBAL,TRNINDEAINDNO,2033,22.53
GLOBAL,TRNINDEAINDNO,2034,22.53
GLOBAL,TRNINDEAINDNO,2035,22.53
GLOBAL,TRNINDEAINDNO,2036,22.53
GLOBAL,TRNINDEAINDNO,2037,22.53
GLOBAL,TRNINDEAINDNO,2038,22.53
GLOBAL,TRNINDEAINDNO,2039,22.53
GLOBAL,TRNINDEAINDNO,2040,22.53
GLOBAL,TRNINDEAINDNO,2041,22.53
GLOBAL,TRNINDEAINDNO,2042,22.53
GLOBAL,TRNINDEAINDNO,2043,22.53
GLOBAL,TRNINDEAINDNO,2044,22.53
GLOBAL,TRNINDEAINDNO,2045,22.53
GLOBAL,TRNINDEAINDNO,2046,22.53
GLOBAL,TRNINDEAINDNO,2047,22.53
GLOBAL,TRNINDEAINDNO,2048,22.53
GLOBAL,TRNINDEAINDNO,2049,22.53
GLOBAL,TRNINDEAINDNO,2050,22.53
GLOBAL,TRNINDEAINDSO,2023,7.83
GLOBAL,TRNINDEAINDSO,2024,7.83
GLOBAL,TRNINDEAINDSO,2025,7.83
GLOBAL,TRNINDEAINDSO,2026,7.83
GLOBAL,TRNINDEAINDSO,2027,7.83
GLOBAL,TRNINDEAINDSO,2028,7.83
GLOBAL,TRNINDEAINDSO,2029,7.83
GLOBAL,TRNINDEAINDSO,2030,7.83
GLOBAL,TRNINDEAINDSO,2031,7.83
GLOBAL,TRNINDEAINDSO,2032,7.83
GLOBAL,TRNINDEAINDSO,2033,7.83
GLOBAL,TRNINDEAINDSO,2034,7.83
GLOBAL,TRNINDEAINDSO,2035,7.83
GLOBAL,TRNINDEAINDSO,2036,7.83
GLOBAL,TRNINDEAINDSO,2037,7.83
GLOBAL,TRNINDEAINDSO,2038,7.83
GLOBAL,TRNINDEAINDSO,2039,7.83
GLOBAL,TRNINDEAINDSO,2040,7.83
GLOBAL,TRNINDEAINDSO,2041,7.83
GLOBAL,TRNINDEAINDSO,2042,7.83
GLOBAL,TRNINDEAINDSO,2043,7.83
GLOBAL,TRNINDEAINDSO,2044,7.83
GLOBAL,TRNINDEAINDSO,2045,7.83
GLOBAL,TRNINDEAINDSO,2046,7.83
GLOBAL,TRNINDEAINDSO,2047,7.83
GLOBAL,TRNINDEAINDSO,2048,7.83
GLOBAL,TRNINDEAINDSO,2049,7.83
GLOBAL,TRNINDEAINDSO,2050,7.83
GLOBAL,TRNINDEAINDWE,2023,21.19
GLOBAL,TRNINDEAINDWE,2024,21.19
GLOBAL,TRNINDEAINDWE,2025,22.790000000000003
GLOBAL,TRNINDEAINDWE,2026,22.790000000000003
GLOBAL,TRNINDEAINDWE,2027,22.790000000000003
GLOBAL,TRNINDEAINDWE,2028,22.790000000000003
GLOBAL,TRNINDEAINDWE,2029,22.790000000000003
GLOBAL,TRNINDEAINDWE,2030,22.790000000000003
GLOBAL,TRNINDEAINDWE,2031,22.790000000000003
GLOBAL,TRNINDEAINDWE,2032,22.790000000000003
GLOBAL,TRNINDEAINDWE,2033,22.790000000000003
GLOBAL,TRNINDEAINDWE,2034,22.790000000000003
GLOBAL,TRNINDEAINDWE,2035,22.790000000000003
GLOBAL,TRNINDEAINDWE,2036,22.790000000000003
GLOBAL,TRNINDEAINDWE,2037,22.790000000000003
GLOBAL,TRNINDEAINDWE,2038,22.790000000000003
GLOBAL,TRNINDEAINDWE,2039,22.790000000000003
GLOBAL,TRNINDEAINDWE,2040,22.790000000000003
GLOBAL,TRNINDEAINDWE,2041,22.790000000000003
GLOBAL,TRNINDEAINDWE,2042,22.790000000000003
GLOBAL,TRNINDEAINDWE,2043,22.790000000000003
GLOBAL,TRNINDEAINDWE,2044,22.790000000000003
GLOBAL,TRNINDEAINDWE,2045,22.790000000000003
GLOBAL,TRNINDEAINDWE,2046,22.790000000000003
GLOBAL,TRNINDEAINDWE,2047,22.790000000000003
GLOBAL,TRNINDEAINDWE,2048,22.790000000000003
GLOBAL,TRNINDEAINDWE,2049,22.790000000000003
GLOBAL,TRNINDEAINDWE,2050,22.790000000000003
GLOBAL,TRNINDEANPLXX,2023,1.3
GLOBAL,TRNINDEANPLXX,2024,1.3
GLOBAL,TRNINDEANPLXX,2025,1.3
GLOBAL,TRNINDEANPLXX,2026,1.3
GLOBAL,TRNINDEANPLXX,2027,1.3
GLOBAL,TRNINDEANPLXX,2028,1.3
GLOBAL,TRNINDEANPLXX,2029,1.3
GLOBAL,TRNINDEANPLXX,2030,1.3
GLOBAL,TRNINDEANPLXX,2031,1.3
GLOBAL,TRNINDEANPLXX,2032,1.3
GLOBAL,TRNINDEANPLXX,2033,1.3
GLOBAL,TRNINDEANPLXX,2034,1.3
GLOBAL,TRNINDEANPLXX,2035,1.3
GLOBAL,TRNINDEANPLXX,2036,1.3
GLOBAL,TRNINDEANPLXX,2037,1.3
GLOBAL,TRNINDEANPLXX,2038,1.3
GLOBAL,TRNINDEANPLXX,2039,1.3
GLOBAL,TRNINDEANPLXX,2040,1.3
GLOBAL,TRNINDEANPLXX,2041,1.3
GLOBAL,TRNINDEANPLXX,2042,1.3
GLOBAL,TRNINDEANPLXX,2043,1.3
GLOBAL,TRNINDEANPLXX,2044,1.3
GLOBAL,TRNINDEANPLXX,2045,1.3
GLOBAL,TRNINDEANPLXX,2046,1.3
GLOBAL,TRNINDEANPLXX,2047,1.3
GLOBAL,TRNINDEANPLXX,2048,1.3
GLOBAL,TRNINDEANPLXX,2049,1.3
GLOBAL,TRNINDEANPLXX,2050,1.3
GLOBAL,TRNINDNEINDNO,2023,3.0
GLOBAL,TRNINDNEINDNO,2024,3.0
GLOBAL,TRNINDNEINDNO,2025,3.0
GLOBAL,TRNINDNEINDNO,2026,3.0
GLOBAL,TRNINDNEINDNO,2027,3.0
GLOBAL,TRNINDNEINDNO,2028,3.0
GLOBAL,TRNINDNEINDNO,2029,3.0
GLOBAL,TRNINDNEINDNO,2030,3.0
GLOBAL,TRNINDNEINDNO,2031,3.0
GLOBAL,TRNINDNEINDNO,2032,3.0
GLOBAL,TRNINDNEINDNO,2033,3.0
GLOBAL,TRNINDNEINDNO,2034,3.0
GLOBAL,TRNINDNEINDNO,2035,3.0
GLOBAL,TRNINDNEINDNO,2036,3.0
GLOBAL,TRNINDNEINDNO,2037,3.0
GLOBAL,TRNINDNEINDNO,2038,3.0
GLOBAL,TRNINDNEINDNO,2039,3.0
GLOBAL,TRNINDNEINDNO,2040,3.0
GLOBAL,TRNINDNEINDNO,2041,3.0
GLOBAL,TRNINDNEINDNO,2042,3.0
GLOBAL,TRNINDNEINDNO,2043,3.0
GLOBAL,TRNINDNEINDNO,2044,3.0
GLOBAL,TRNINDNEINDNO,2045,3.0
GLOBAL,TRNINDNEINDNO,2046,3.0
GLOBAL,TRNINDNEINDNO,2047,3.0
GLOBAL,TRNINDNEINDNO,2048,3.0
GLOBAL,TRNINDNEINDNO,2049,3.0
GLOBAL,TRNINDNEINDNO,2050,3.0
GLOBAL,TRNINDNOINDWE,2023,36.72
GLOBAL,TRNINDNOINDWE,2024,38.32
GLOBAL,TRNINDNOINDWE,2025,38.32
GLOBAL,TRNINDNOINDWE,2026,46.72
GLOBAL,TRNINDNOINDWE,2027,46.72
GLOBAL,TRNINDNOINDWE,2028,50.92
GLOBAL,TRNINDNOINDWE,2029,50.92
GLOBAL,TRNINDNOINDWE,2030,50.92
GLOBAL,TRNINDNOINDWE,2031,50.92
GLOBAL,TRNINDNOINDWE,2032,50.92
GLOBAL,TRNINDNOINDWE,2033,50.92
GLOBAL,TRNINDNOINDWE,2034,50.92
GLOBAL,TRNINDNOINDWE,2035,50.92
GLOBAL,TRNINDNOINDWE,2036,50.92
GLOBAL,TRNINDNOINDWE,2037,50.92
GLOBAL,TRNINDNOINDWE,2038,50.92
GLOBAL,TRNINDNOINDWE,2039,50.92
GLOBAL,TRNINDNOINDWE,2040,50.92
GLOBAL,TRNINDNOINDWE,2041,50.92
GLOBAL,TRNINDNOINDWE,2042,50.92
GLOBAL,TRNINDNOINDWE,2043,50.92
GLOBAL,TRNINDNOINDWE,2044,50.92
GLOBAL,TRNINDNOINDWE,2045,50.92
GLOBAL,TRNINDNOINDWE,2046,50.92
GLOBAL,TRNINDNOINDWE,2047,50.92
GLOBAL,TRNINDNOINDWE,2048,50.92
GLOBAL,TRNINDNOINDWE,2049,50.92
GLOBAL,TRNINDNOINDWE,2050,50.92
GLOBAL,TRNINDNONPLXX,2023,1.2
GLOBAL,TRNINDNONPLXX,2024,1.2
GLOBAL,TRNINDNONPLXX,2025,1.2
GLOBAL,TRNINDNONPLXX,2026,1.2
GLOBAL,TRNINDNONPLXX,2027,1.2
GLOBAL,TRNINDNONPLXX,2028,1.2
GLOBAL,TRNINDNONPLXX,2029,1.2
GLOBAL,TRNINDNONPLXX,2030,1.2
GLOBAL,TRNINDNONPLXX,2031,1.2
GLOBAL,TRNINDNONPLXX,2032,1.2
GLOBAL,TRNINDNONPLXX,2033,1.2
GLOBAL,TRNINDNONPLXX,2034,1.2
GLOBAL,TRNINDNONPLXX,2035,1.2
GLOBAL,TRNINDNONPLXX,2036,1.2
GLOBAL,TRNINDNONPLXX,2037,1.2
GLOBAL,TRNINDNONPLXX,2038,1.2
GLOBAL,TRNINDNONPLXX,2039,1.2
GLOBAL,TRNINDNONPLXX,2040,1.2
GLOBAL,TRNINDNONPLXX,2041,1.2
GLOBAL,TRNINDNONPLXX,2042,1.2
GLOBAL,TRNINDNONPLXX,2043,1.2
GLOBAL,TRNINDNONPLXX,2044,1.2
GLOBAL,TRNINDNONPLXX,2045,1.2
GLOBAL,TRNINDNONPLXX,2046,1.2
GLOBAL,TRNINDNONPLXX,2047,1.2
GLOBAL,TRNINDNONPLXX,2048,1.2
GLOBAL,TRNINDNONPLXX,2049,1.2
GLOBAL,TRNINDNONPLXX,2050,1.2
GLOBAL,TRNINDSOINDWE,2023,18.12
GLOBAL,TRNINDSOINDWE,2024,22.32
GLOBAL,TRNINDSOINDWE,2025,26.52
GLOBAL,TRNINDSOINDWE,2026,28.12
GLOBAL,TRNINDSOINDWE,2027,28.12
GLOBAL,TRNINDSOINDWE,2028,28.12
GLOBAL,TRNINDSOINDWE,2029,28.12
GLOBAL,TRNINDSOINDWE,2030,28.12
GLOBAL,TRNINDSOINDWE,2031,28.12
GLOBAL,TRNINDSOINDWE,2032,28.12
GLOBAL,TRNINDSOINDWE,2033,28.12
GLOBAL,TRNINDSOINDWE,2034,28.12
GLOBAL,TRNINDSOINDWE,2035,28.12
GLOBAL,TRNINDSOINDWE,2036,28.12
GLOBAL,TRNINDSOINDWE,2037,28.12
GLOBAL,TRNINDSOINDWE,2038,28.12
GLOBAL,TRNINDSOINDWE,2039,28.12
GLOBAL,TRNINDSOINDWE,2040,28.12
GLOBAL,TRNINDSOINDWE,2041,28.12
GLOBAL,TRNINDSOINDWE,2042,28.12
GLOBAL,TRNINDSOINDWE,2043,28.12
GLOBAL,TRNINDSOINDWE,2044,28.12
GLOBAL,TRNINDSOINDWE,2045,28.12
GLOBAL,TRNINDSOINDWE,2046,28.12
GLOBAL,TRNINDSOINDWE,2047,28.12
GLOBAL,TRNINDSOINDWE,2048,28.12
GLOBAL,TRNINDSOINDWE,2049,28.12
GLOBAL,TRNINDSOINDWE,2050,28.12
GLOBAL,TRNINDSOLKAXX,2023,0.5838829326697974
GLOBAL,TRNINDSOLKAXX,2024,0.5838829326697974
GLOBAL,TRNINDSOLKAXX,2025,0.5838829326697974
GLOBAL,TRNINDSOLKAXX,2026,0.5838829326697974
GLOBAL,TRNINDSOLKAXX,2027,0.5838829326697974
GLOBAL,TRNINDSOLKAXX,2028,0.5838829326697974
GLOBAL,TRNINDSOLKAXX,2029,0.5838829326697974
GLOBAL,TRNINDSOLKAXX,2030,1.0838829326697974
GLOBAL,TRNINDSOLKAXX,2031,1.0838829326697974
GLOBAL,TRNINDSOLKAXX,2032,1.0838829326697974
GLOBAL,TRNINDSOLKAXX,2033,1.0838829326697974
GLOBAL,TRNINDSOLKAXX,2034,1.0838829326697974
GLOBAL,TRNINDSOLKAXX,2035,1.0838829326697974
GLOBAL,TRNINDSOLKAXX,2036,1.0838829326697974
GLOBAL,TRNINDSOLKAXX,2037,1.0838829326697974
GLOBAL,TRNINDSOLKAXX,2038,1.0838829326697974
GLOBAL,TRNINDSOLKAXX,2039,1.0838829326697974
GLOBAL,TRNINDSOLKAXX,2040,1.0838829326697974
GLOBAL,TRNINDSOLKAXX,2041,1.0838829326697974
GLOBAL,TRNINDSOLKAXX,2042,1.0838829326697974
GLOBAL,TRNINDSOLKAXX,2043,1.0838829326697974
GLOBAL,TRNINDSOLKAXX,2044,1.1271202138781362
GLOBAL,TRNINDSOLKAXX,2045,1.3197559447878802
GLOBAL,TRNINDSOLKAXX,2046,1.4953173445799712
GLOBAL,TRNINDSOLKAXX,2047,1.6806799062315807
GLOBAL,TRNINDSOLKAXX,2048,1.8730125825484247
GLOBAL,TRNINDSOLKAXX,2049,2.083842567093412
GLOBAL,TRNINDSOLKAXX,2050,2.2923396134557414
GLOBAL,TRNLKAXXMDVXX,2023,0.2372753241365979
GLOBAL,TRNLKAXXMDVXX,2024,0.2396713534590272
GLOBAL,TRNLKAXXMDVXX,2025,0.2509941492508648
GLOBAL,TRNLKAXXMDVXX,2026,0.2739355883975848
GLOBAL,TRNLKAXXMDVXX,2027,0.2739355883975848
GLOBAL,TRNLKAXXMDVXX,2028,0.2739355883975848
GLOBAL,TRNLKAXXMDVXX,2029,0.2739355883975848
GLOBAL,TRNLKAXXMDVXX,2030,0.7739355883975849
GLOBAL,TRNLKAXXMDVXX,2031,0.7739355883975849
GLOBAL,TRNLKAXXMDVXX,2032,0.7739355883975849
GLOBAL,TRNLKAXXMDVXX,2033,0.7739355883975849
GLOBAL,TRNLKAXXMDVXX,2034,0.7739355883975849
GLOBAL,TRNLKAXXMDVXX,2035,0.7739355883975849
GLOBAL,TRNLKAXXMDVXX,2036,0.7739355883975849
GLOBAL,TRNLKAXXMDVXX,2037,0.7739355883975849
GLOBAL,TRNLKAXXMDVXX,2038,0.7739355883975849
GLOBAL,TRNLKAXXMDVXX,2039,0.7739355883975849
GLOBAL,TRNLKAXXMDVXX,2040,0.7739355883975849
GLOBAL,TRNLKAXXMDVXX,2041,0.7739355883975849
GLOBAL,TRNLKAXXMDVXX,2042,0.7739355883975849
GLOBAL,TRNLKAXXMDVXX,2043,0.7739355883975849
GLOBAL,TRNLKAXXMDVXX,2044,0.7739355883975849
GLOBAL,TRNLKAXXMDVXX,2045,0.7739355883975849
GLOBAL,TRNLKAXXMDVXX,2046,0.7739355883975849
GLOBAL,TRNLKAXXMDVXX,2047,0.7739355883975849
GLOBAL,TRNLKAXXMDVXX,2048,0.7739355883975849
GLOBAL,TRNLKAXXMDVXX,2049,0.7739355883975849
GLOBAL,TRNLKAXXMDVXX,2050,0.7739355883975849
GLOBAL,TRNNLIBGDXX,2023,5.0
GLOBAL,TRNNLIBGDXX,2024,5.0
GLOBAL,TRNNLIBGDXX,2025,5.0
GLOBAL,TRNNLIBGDXX,2026,5.0
GLOBAL,TRNNLIBGDXX,2027,5.0
GLOBAL,TRNNLIBGDXX,2028,5.0
GLOBAL,TRNNLIBGDXX,2029,5.0
GLOBAL,TRNNLIBGDXX,2030,5.0
GLOBAL,TRNNLIBGDXX,2031,5.0
GLOBAL,TRNNLIBGDXX,2032,5.0
GLOBAL,TRNNLIBGDXX,2033,5.0
GLOBAL,TRNNLIBGDXX,2034,5.0
GLOBAL,TRNNLIBGDXX,2035,5.0
GLOBAL,TRNNLIBGDXX,2036,5.0
GLOBAL,TRNNLIBGDXX,2037,5.0
GLOBAL,TRNNLIBGDXX,2038,5.0
GLOBAL,TRNNLIBGDXX,2039,5.0
GLOBAL,TRNNLIBGDXX,2040,5.0
GLOBAL,TRNNLIBGDXX,2041,5.0
GLOBAL,TRNNLIBGDXX,2042,5.0
GLOBAL,TRNNLIBGDXX,2043,5.0
GLOBAL,TRNNLIBGDXX,2044,5.0
GLOBAL,TRNNLIBGDXX,2045,5.0
GLOBAL,TRNNLIBGDXX,2046,5.0
GLOBAL,TRNNLIBGDXX,2047,5.0
GLOBAL,TRNNLIBGDXX,2048,5.0
GLOBAL,TRNNLIBGDXX,2049,5.0
GLOBAL,TRNNLIBGDXX,2050,5.0
GLOBAL,TRNNLIBTNXX,2023,5.0
GLOBAL,TRNNLIBTNXX,2024,5.0
GLOBAL,TRNNLIBTNXX,2025,5.0
GLOBAL,TRNNLIBTNXX,2026,5.0
GLOBAL,TRNNLIBTNXX,2027,5.0
GLOBAL,TRNNLIBTNXX,2028,5.0
GLOBAL,TRNNLIBTNXX,2029,5.0
GLOBAL,TRNNLIBTNXX,2030,5.0
GLOBAL,TRNNLIBTNXX,2031,5.0
GLOBAL,TRNNLIBTNXX,2032,5.0
GLOBAL,TRNNLIBTNXX,2033,5.0
GLOBAL,TRNNLIBTNXX,2034,5.0
GLOBAL,TRNNLIBTNXX,2035,5.0
GLOBAL,TRNNLIBTNXX,2036,5.0
GLOBAL,TRNNLIBTNXX,2037,5.0
GLOBAL,TRNNLIBTNXX,2038,5.0
GLOBAL,TRNNLIBTNXX,2039,5.0
GLOBAL,TRNNLIBTNXX,2040,5.0
GLOBAL,TRNNLIBTNXX,2041,5.0
GLOBAL,TRNNLIBTNXX,2042,5.0
GLOBAL,TRNNLIBTNXX,2043,5.0
GLOBAL,TRNNLIBTNXX,2044,5.0
GLOBAL,TRNNLIBTNXX,2045,5.0
GLOBAL,TRNNLIBTNXX,2046,5.0
GLOBAL,TRNNLIBTNXX,2047,5.0
GLOBAL,TRNNLIBTNXX,2048,5.0
GLOBAL,TRNNLIBTNXX,2049,5.0
GLOBAL,TRNNLIBTNXX,2050,5.0
GLOBAL,TRNNLIINDEA,2023,5.0
GLOBAL,TRNNLIINDEA,2024,5.0
GLOBAL,TRNNLIINDEA,2025,5.0
GLOBAL,TRNNLIINDEA,2026,5.0
GLOBAL,TRNNLIINDEA,2027,5.0
GLOBAL,TRNNLIINDEA,2028,5.0
GLOBAL,TRNNLIINDEA,2029,5.0
GLOBAL,TRNNLIINDEA,2030,5.0
GLOBAL,TRNNLIINDEA,2031,5.0
GLOBAL,TRNNLIINDEA,2032,5.0
GLOBAL,TRNNLIINDEA,2033,5.0
GLOBAL,TRNNLIINDEA,2034,5.0
GLOBAL,TRNNLIINDEA,2035,5.0
GLOBAL,TRNNLIINDEA,2036,5.0
GLOBAL,TRNNLIINDEA,2037,5.0
GLOBAL,TRNNLIINDEA,2038,5.0
GLOBAL,TRNNLIINDEA,2039,5.0
GLOBAL,TRNNLIINDEA,2040,5.0
GLOBAL,TRNNLIINDEA,2041,5.0
GLOBAL,TRNNLIINDEA,2042,5.0
GLOBAL,TRNNLIINDEA,2043,5.0
GLOBAL,TRNNLIINDEA,2044,5.0
GLOBAL,TRNNLIINDEA,2045,5.0
GLOBAL,TRNNLIINDEA,2046,5.0
GLOBAL,TRNNLIINDEA,2047,7.9824423960671185
GLOBAL,TRNNLIINDEA,2048,13.823242396067135
GLOBAL,TRNNLIINDEA,2049,13.823242396067135
GLOBAL,TRNNLIINDEA,2050,13.823242396067135
GLOBAL,TRNNLIINDNE,2023,5.0
GLOBAL,TRNNLIINDNE,2024,5.0
GLOBAL,TRNNLIINDNE,2025,5.0
GLOBAL,TRNNLIINDNE,2026,5.0
GLOBAL,TRNNLIINDNE,2027,5.0
GLOBAL,TRNNLIINDNE,2028,5.0
GLOBAL,TRNNLIINDNE,2029,5.0
GLOBAL,TRNNLIINDNE,2030,5.0
GLOBAL,TRNNLIINDNE,2031,5.0
GLOBAL,TRNNLIINDNE,2032,5.0
GLOBAL,TRNNLIINDNE,2033,5.0
GLOBAL,TRNNLIINDNE,2034,5.0
GLOBAL,TRNNLIINDNE,2035,5.0
GLOBAL,TRNNLIINDNE,2036,5.0
GLOBAL,TRNNLIINDNE,2037,5.0
GLOBAL,TRNNLIINDNE,2038,5.0
GLOBAL,TRNNLIINDNE,2039,5.0
GLOBAL,TRNNLIINDNE,2040,5.0
GLOBAL,TRNNLIINDNE,2041,5.0
GLOBAL,TRNNLIINDNE,2042,5.0
GLOBAL,TRNNLIINDNE,2043,5.0
GLOBAL,TRNNLIINDNE,2044,5.0
GLOBAL,TRNNLIINDNE,2045,5.0
GLOBAL,TRNNLIINDNE,2046,5.0
GLOBAL,TRNNLIINDNE,2047,5.0
GLOBAL,TRNNLIINDNE,2048,5.0
GLOBAL,TRNNLIINDNE,2049,5.0
GLOBAL,TRNNLIINDNE,2050,5.0
GLOBAL,TRNNLIINDNO,2023,5.0
GLOBAL,TRNNLIINDNO,2024,5.0
GLOBAL,TRNNLIINDNO,2025,5.0
GLOBAL,TRNNLIINDNO,2026,5.0
GLOBAL,TRNNLIINDNO,2027,5.0
GLOBAL,TRNNLIINDNO,2028,5.0
GLOBAL,TRNNLIINDNO,2029,5.0
GLOBAL,TRNNLIINDNO,2030,5.0
GLOBAL,TRNNLIINDNO,2031,5.0
GLOBAL,TRNNLIINDNO,2032,5.0
GLOBAL,TRNNLIINDNO,2033,5.0
GLOBAL,TRNNLIINDNO,2034,5.0
GLOBAL,TRNNLIINDNO,2035,5.0
GLOBAL,TRNNLIINDNO,2036,5.0
GLOBAL,TRNNLIINDNO,2037,5.0
GLOBAL,TRNNLIINDNO,2038,5.0
GLOBAL,TRNNLIINDNO,2039,5.0
GLOBAL,TRNNLIINDNO,2040,5.0
GLOBAL,TRNNLIINDNO,2041,5.0
GLOBAL,TRNNLIINDNO,2042,5.0
GLOBAL,TRNNLIINDNO,2043,5.0
GLOBAL,TRNNLIINDNO,2044,5.0
GLOBAL,TRNNLIINDNO,2045,5.0
GLOBAL,TRNNLIINDNO,2046,5.0
GLOBAL,TRNNLIINDNO,2047,5.0
GLOBAL,TRNNLIINDNO,2048,5.0
GLOBAL,TRNNLIINDNO,2049,5.0
GLOBAL,TRNNLIINDNO,2050,5.0
GLOBAL,TRNNLIINDSO,2023,5.0
GLOBAL,TRNNLIINDSO,2024,5.0
GLOBAL,TRNNLIINDSO,2025,5.0
GLOBAL,TRNNLIINDSO,2026,5.0
GLOBAL,TRNNLIINDSO,2027,5.0
GLOBAL,TRNNLIINDSO,2028,5.0
GLOBAL,TRNNLIINDSO,2029,5.0
GLOBAL,TRNNLIINDSO,2030,5.0
GLOBAL,TRNNLIINDSO,2031,5.0
GLOBAL,TRNNLIINDSO,2032,5.0
GLOBAL,TRNNLIINDSO,2033,5.0
GLOBAL,TRNNLIINDSO,2034,5.0
GLOBAL,TRNNLIINDSO,2035,9.124374925585997
GLOBAL,TRNNLIINDSO,2036,9.124374925585997
GLOBAL,TRNNLIINDSO,2037,11.663172798352209
GLOBAL,TRNNLIINDSO,2038,14.586559311116812
GLOBAL,TRNNLIINDSO,2039,17.51033153451469
GLOBAL,TRNNLIINDSO,2040,17.51033153451469
GLOBAL,TRNNLIINDSO,2041,17.51033153451469
GLOBAL,TRNNLIINDSO,2042,19.758659553531917
GLOBAL,TRNNLIINDSO,2043,19.758659553531917
GLOBAL,TRNNLIINDSO,2044,19.758659553531917
GLOBAL,TRNNLIINDSO,2045,19.758659553531917
GLOBAL,TRNNLIINDSO,2046,19.758659553531917
GLOBAL,TRNNLIINDSO,2047,23.330777574517064
GLOBAL,TRNNLIINDSO,2048,27.33677589542229
GLOBAL,TRNNLIINDSO,2049,32.56360362726278
GLOBAL,TRNNLIINDSO,2050,32.56360362726278
GLOBAL,TRNNLIINDWE,2023,5.0
GLOBAL,TRNNLIINDWE,2024,5.0
GLOBAL,TRNNLIINDWE,2025,5.0
GLOBAL,TRNNLIINDWE,2026,5.0
GLOBAL,TRNNLIINDWE,2027,5.0
GLOBAL,TRNNLIINDWE,2028,5.0
GLOBAL,TRNNLIINDWE,2029,5.0
GLOBAL,TRNNLIINDWE,2030,5.0
GLOBAL,TRNNLIINDWE,2031,5.0
GLOBAL,TRNNLIINDWE,2032,5.0
GLOBAL,TRNNLIINDWE,2033,5.0
GLOBAL,TRNNLIINDWE,2034,5.0
GLOBAL,TRNNLIINDWE,2035,5.0
GLOBAL,TRNNLIINDWE,2036,5.0
GLOBAL,TRNNLIINDWE,2037,5.0
GLOBAL,TRNNLIINDWE,2038,5.0
GLOBAL,TRNNLIINDWE,2039,5.0
GLOBAL,TRNNLIINDWE,2040,5.0
GLOBAL,TRNNLIINDWE,2041,5.0
GLOBAL,TRNNLIINDWE,2042,5.0
GLOBAL,TRNNLIINDWE,2043,5.0
GLOBAL,TRNNLIINDWE,2044,5.0
GLOBAL,TRNNLIINDWE,2045,5.0
GLOBAL,TRNNLIINDWE,2046,5.0
GLOBAL,TRNNLIINDWE,2047,10.839114131712552
GLOBAL,TRNNLIINDWE,2048,10.839114131712552
GLOBAL,TRNNLIINDWE,2049,10.839114131712552
GLOBAL,TRNNLIINDWE,2050,10.839114131712552
GLOBAL,TRNNLILKAXX,2023,5.0
GLOBAL,TRNNLILKAXX,2024,5.0
GLOBAL,TRNNLILKAXX,2025,5.0
GLOBAL,TRNNLILKAXX,2026,5.0
GLOBAL,TRNNLILKAXX,2027,5.0
GLOBAL,TRNNLILKAXX,2028,5.0
GLOBAL,TRNNLILKAXX,2029,5.0
GLOBAL,TRNNLILKAXX,2030,5.0
GLOBAL,TRNNLILKAXX,2031,5.0
GLOBAL,TRNNLILKAXX,2032,5.0
GLOBAL,TRNNLILKAXX,2033,5.0
GLOBAL,TRNNLILKAXX,2034,5.0
GLOBAL,TRNNLILKAXX,2035,5.0
GLOBAL,TRNNLILKAXX,2036,5.0
GLOBAL,TRNNLILKAXX,2037,5.0
GLOBAL,TRNNLILKAXX,2038,5.0
GLOBAL,TRNNLILKAXX,2039,5.0
GLOBAL,TRNNLILKAXX,2040,5.0
GLOBAL,TRNNLILKAXX,2041,5.0
GLOBAL,TRNNLILKAXX,2042,5.0
GLOBAL,TRNNLILKAXX,2043,5.0
GLOBAL,TRNNLILKAXX,2044,5.0
GLOBAL,TRNNLILKAXX,2045,5.0
GLOBAL,TRNNLILKAXX,2046,5.0
GLOBAL,TRNNLILKAXX,2047,5.0
GLOBAL,TRNNLILKAXX,2048,5.0
GLOBAL,TRNNLILKAXX,2049,5.0
GLOBAL,TRNNLILKAXX,2050,5.0
GLOBAL,TRNNLIMDVXX,2023,5.0
GLOBAL,TRNNLIMDVXX,2024,5.0
GLOBAL,TRNNLIMDVXX,2025,5.0
GLOBAL,TRNNLIMDVXX,2026,5.0
GLOBAL,TRNNLIMDVXX,2027,5.0
GLOBAL,TRNNLIMDVXX,2028,5.0
GLOBAL,TRNNLIMDVXX,2029,5.0
GLOBAL,TRNNLIMDVXX,2030,5.0
GLOBAL,TRNNLIMDVXX,2031,5.0
GLOBAL,TRNNLIMDVXX,2032,5.0
GLOBAL,TRNNLIMDVXX,2033,5.0
GLOBAL,TRNNLIMDVXX,2034,5.0
GLOBAL,TRNNLIMDVXX,2035,5.0
GLOBAL,TRNNLIMDVXX,2036,5.0
GLOBAL,TRNNLIMDVXX,2037,5.0
GLOBAL,TRNNLIMDVXX,2038,5.0
GLOBAL,TRNNLIMDVXX,2039,5.0
GLOBAL,TRNNLIMDVXX,2040,5.0
GLOBAL,TRNNLIMDVXX,2041,5.0
GLOBAL,TRNNLIMDVXX,2042,5.0
GLOBAL,TRNNLIMDVXX,2043,5.0
GLOBAL,TRNNLIMDVXX,2044,5.0
GLOBAL,TRNNLIMDVXX,2045,5.0
GLOBAL,TRNNLIMDVXX,2046,5.0
GLOBAL,TRNNLIMDVXX,2047,5.0
GLOBAL,TRNNLIMDVXX,2048,5.0
GLOBAL,TRNNLIMDVXX,2049,5.0
GLOBAL,TRNNLIMDVXX,2050,5.0
GLOBAL,TRNNLINPLXX,2023,5.0
GLOBAL,TRNNLINPLXX,2024,5.0
GLOBAL,TRNNLINPLXX,2025,5.0
GLOBAL,TRNNLINPLXX,2026,5.0
GLOBAL,TRNNLINPLXX,2027,5.0
GLOBAL,TRNNLINPLXX,2028,5.0
GLOBAL,TRNNLINPLXX,2029,5.0
GLOBAL,TRNNLINPLXX,2030,5.0
GLOBAL,TRNNLINPLXX,2031,5.0
GLOBAL,TRNNLINPLXX,2032,5.0
GLOBAL,TRNNLINPLXX,2033,5.0
GLOBAL,TRNNLINPLXX,2034,5.0
GLOBAL,TRNNLINPLXX,2035,5.0
GLOBAL,TRNNLINPLXX,2036,5.0
GLOBAL,TRNNLINPLXX,2037,5.0
GLOBAL,TRNNLINPLXX,2038,5.0
GLOBAL,TRNNLINPLXX,2039,5.0
GLOBAL,TRNNLINPLXX,2040,5.0
GLOBAL,TRNNLINPLXX,2041,5.0
GLOBAL,TRNNLINPLXX,2042,5.0
GLOBAL,TRNNLINPLXX,2043,5.0
GLOBAL,TRNNLINPLXX,2044,5.0
GLOBAL,TRNNLINPLXX,2045,5.0
GLOBAL,TRNNLINPLXX,2046,5.0
GLOBAL,TRNNLINPLXX,2047,5.0
GLOBAL,TRNNLINPLXX,2048,5.0
GLOBAL,TRNNLINPLXX,2049,5.0
GLOBAL,TRNNLINPLXX,2050,5.0
GLOBAL,TRNNPLXXBGDXX,2023,0.04
GLOBAL,TRNNPLXXBGDXX,2024,0.04
GLOBAL,TRNNPLXXBGDXX,2025,0.04
GLOBAL,TRNNPLXXBGDXX,2026,0.04
GLOBAL,TRNNPLXXBGDXX,2027,0.04
GLOBAL,TRNNPLXXBGDXX,2028,0.04
GLOBAL,TRNNPLXXBGDXX,2029,0.04
GLOBAL,TRNNPLXXBGDXX,2030,0.04
GLOBAL,TRNNPLXXBGDXX,2031,0.04
GLOBAL,TRNNPLXXBGDXX,2032,0.04
GLOBAL,TRNNPLXXBGDXX,2033,1.04
GLOBAL,TRNNPLXXBGDXX,2034,1.04
GLOBAL,TRNNPLXXBGDXX,2035,1.04
GLOBAL,TRNNPLXXBGDXX,2036,1.04
GLOBAL,TRNNPLXXBGDXX,2037,1.04
GLOBAL,TRNNPLXXBGDXX,2038,1.04
GLOBAL,TRNNPLXXBGDXX,2039,1.04
GLOBAL,TRNNPLXXBGDXX,2040,1.04
GLOBAL,TRNNPLXXBGDXX,2041,1.04
GLOBAL,TRNNPLXXBGDXX,2042,1.04
GLOBAL,TRNNPLXXBGDXX,2043,1.04
GLOBAL,TRNNPLXXBGDXX,2044,1.04
GLOBAL,TRNNPLXXBGDXX,2045,1.04
GLOBAL,TRNNPLXXBGDXX,2046,1.04
GLOBAL,TRNNPLXXBGDXX,2047,1.04
GLOBAL,TRNNPLXXBGDXX,2048,1.04
GLOBAL,TRNNPLXXBGDXX,2049,1.073336504502421
GLOBAL,TRNNPLXXBGDXX,2050,1.1702416281275891
GLOBAL,TRNRPOBGDXX,2023,5.0
GLOBAL,TRNRPOBGDXX,2024,5.0
GLOBAL,TRNRPOBGDXX,2025,5.0
GLOBAL,TRNRPOBGDXX,2026,5.0
GLOBAL,TRNRPOBGDXX,2027,5.0
GLOBAL,TRNRPOBGDXX,2028,5.0
GLOBAL,TRNRPOBGDXX,2029,8.104332199970193
GLOBAL,TRNRPOBGDXX,2030,12.785554904349178
GLOBAL,TRNRPOBGDXX,2031,13.015439928701715
GLOBAL,TRNRPOBGDXX,2032,13.015439928701715
GLOBAL,TRNRPOBGDXX,2033,13.015439928701715
GLOBAL,TRNRPOBGDXX,2034,14.86635470717321
GLOBAL,TRNRPOBGDXX,2035,17.986870390696797
GLOBAL,TRNRPOBGDXX,2036,19.69887821648852
GLOBAL,TRNRPOBGDXX,2037,19.69887821648852
GLOBAL,TRNRPOBGDXX,2038,22.451030808325797
GLOBAL,TRNRPOBGDXX,2039,26.863459067603376
GLOBAL,TRNRPOBGDXX,2040,28.717086972478345
GLOBAL,TRNRPOBGDXX,2041,30.616886972478337
GLOBAL,TRNRPOBGDXX,2042,32.209086972478325
GLOBAL,TRNRPOBGDXX,2043,33.86858697247833
GLOBAL,TRNRPOBGDXX,2044,35.598586972478344
GLOBAL,TRNRPOBGDXX,2045,37.40188697247834
GLOBAL,TRNRPOBGDXX,2046,39.28148697247834
GLOBAL,TRNRPOBGDXX,2047,41.240886972478336
GLOBAL,TRNRPOBGDXX,2048,43.283386972478326
GLOBAL,TRNRPOBGDXX,2049,45.41218697247834
GLOBAL,TRNRPOBGDXX,2050,46.34389018340524
GLOBAL,TRNRPOBTNXX,2023,5.0
GLOBAL,TRNRPOBTNXX,2024,5.0
GLOBAL,TRNRPOBTNXX,2025,5.0
GLOBAL,TRNRPOBTNXX,2026,5.0
GLOBAL,TRNRPOBTNXX,2027,5.0
GLOBAL,TRNRPOBTNXX,2028,5.0
GLOBAL,TRNRPOBTNXX,2029,5.0
GLOBAL,TRNRPOBTNXX,2030,5.0
GLOBAL,TRNRPOBTNXX,2031,5.0
GLOBAL,TRNRPOBTNXX,2032,5.0
GLOBAL,TRNRPOBTNXX,2033,5.0
GLOBAL,TRNRPOBTNXX,2034,5.0
GLOBAL,TRNRPOBTNXX,2035,5.0
GLOBAL,TRNRPOBTNXX,2036,5.0
GLOBAL,TRNRPOBTNXX,2037,5.0
GLOBAL,TRNRPOBTNXX,2038,5.0
GLOBAL,TRNRPOBTNXX,2039,5.0
GLOBAL,TRNRPOBTNXX,2040,5.0
GLOBAL,TRNRPOBTNXX,2041,5.0
GLOBAL,TRNRPOBTNXX,2042,5.0
GLOBAL,TRNRPOBTNXX,2043,5.0
GLOBAL,TRNRPOBTNXX,2044,5.0
GLOBAL,TRNRPOBTNXX,2045,5.0
GLOBAL,TRNRPOBTNXX,2046,5.0
GLOBAL,TRNRPOBTNXX,2047,5.0
GLOBAL,TRNRPOBTNXX,2048,5.0
GLOBAL,TRNRPOBTNXX,2049,5.0
GLOBAL,TRNRPOBTNXX,2050,5.0
GLOBAL,TRNRPOINDEA,2023,24.784651168522775
GLOBAL,TRNRPOINDEA,2024,26.996999999999996
GLOBAL,TRNRPOINDEA,2025,27.657
GLOBAL,TRNRPOINDEA,2026,29.917
GLOBAL,TRNRPOINDEA,2027,31.237
GLOBAL,TRNRPOINDEA,2028,34.15699999999999
GLOBAL,TRNRPOINDEA,2029,36.557
GLOBAL,TRNRPOINDEA,2030,38.957
GLOBAL,TRNRPOINDEA,2031,38.957
GLOBAL,TRNRPOINDEA,2032,38.957
GLOBAL,TRNRPOINDEA,2033,42.417
GLOBAL,TRNRPOINDEA,2034,46.00540000000001
GLOBAL,TRNRPOINDEA,2035,53.917100000000005
GLOBAL,TRNRPOINDEA,2036,54.66814984179416
GLOBAL,TRNRPOINDEA,2037,58.579249841794166
GLOBAL,TRNRPOINDEA,2038,62.65064984179416
GLOBAL,TRNRPOINDEA,2039,66.57024984179415
GLOBAL,TRNRPOINDEA,2040,70.48984984179415
GLOBAL,TRNRPOINDEA,2041,70.48984984179415
GLOBAL,TRNRPOINDEA,2042,70.48984984179415
GLOBAL,TRNRPOINDEA,2043,75.16454984179417
GLOBAL,TRNRPOINDEA,2044,80.05214984179415
GLOBAL,TRNRPOINDEA,2045,85.16234984179414
GLOBAL,TRNRPOINDEA,2046,90.50534984179411
GLOBAL,TRNRPOINDEA,2047,91.39961378711968
GLOBAL,TRNRPOINDEA,2048,91.39961378711968
GLOBAL,TRNRPOINDEA,2049,97.50651378711969
GLOBAL,TRNRPOINDEA,2050,100.97578684281626
GLOBAL,TRNRPOINDNE,2023,5.0
GLOBAL,TRNRPOINDNE,2024,5.0
GLOBAL,TRNRPOINDNE,2025,5.0
GLOBAL,TRNRPOINDNE,2026,5.0
GLOBAL,TRNRPOINDNE,2027,5.0
GLOBAL,TRNRPOINDNE,2028,5.0
GLOBAL,TRNRPOINDNE,2029,5.0
GLOBAL,TRNRPOINDNE,2030,5.0
GLOBAL,TRNRPOINDNE,2031,5.0
GLOBAL,TRNRPOINDNE,2032,5.0
GLOBAL,TRNRPOINDNE,2033,5.0
GLOBAL,TRNRPOINDNE,2034,5.0
GLOBAL,TRNRPOINDNE,2035,5.0
GLOBAL,TRNRPOINDNE,2036,5.0
GLOBAL,TRNRPOINDNE,2037,5.0
GLOBAL,TRNRPOINDNE,2038,5.0
GLOBAL,TRNRPOINDNE,2039,5.0
GLOBAL,TRNRPOINDNE,2040,5.0
GLOBAL,TRNRPOINDNE,2041,5.0
GLOBAL,TRNRPOINDNE,2042,5.0
GLOBAL,TRNRPOINDNE,2043,5.0
GLOBAL,TRNRPOINDNE,2044,5.0
GLOBAL,TRNRPOINDNE,2045,5.0
GLOBAL,TRNRPOINDNE,2046,5.0
GLOBAL,TRNRPOINDNE,2047,5.0
GLOBAL,TRNRPOINDNE,2048,5.0
GLOBAL,TRNRPOINDNE,2049,5.0
GLOBAL,TRNRPOINDNE,2050,5.0
GLOBAL,TRNRPOINDNO,2023,35.15410880305096
GLOBAL,TRNRPOINDNO,2024,35.15410880305096
GLOBAL,TRNRPOINDNO,2025,35.25810880305096
GLOBAL,TRNRPOINDNO,2026,36.62510880305096
GLOBAL,TRNRPOINDNO,2027,36.74360880305096
GLOBAL,TRNRPOINDNO,2028,36.86820880305097
GLOBAL,TRNRPOINDNO,2029,40.68220880305096
GLOBAL,TRNRPOINDNO,2030,44.79455652699664
GLOBAL,TRNRPOINDNO,2031,46.58976575977118
GLOBAL,TRNRPOINDNO,2032,49.9611854887312
GLOBAL,TRNRPOINDNO,2033,49.9611854887312
GLOBAL,TRNRPOINDNO,2034,49.9611854887312
GLOBAL,TRNRPOINDNO,2035,49.9611854887312
GLOBAL,TRNRPOINDNO,2036,54.29858548873119
GLOBAL,TRNRPOINDNO,2037,55.14936114166712
GLOBAL,TRNRPOINDNO,2038,61.03984589550202
GLOBAL,TRNRPOINDNO,2039,65.44543882017115
GLOBAL,TRNRPOINDNO,2040,65.44543882017115
GLOBAL,TRNRPOINDNO,2041,69.37476137795637
GLOBAL,TRNRPOINDNO,2042,73.71258606895114
GLOBAL,TRNRPOINDNO,2043,78.21946770298362
GLOBAL,TRNRPOINDNO,2044,83.48334624651795
GLOBAL,TRNRPOINDNO,2045,89.26114624651795
GLOBAL,TRNRPOINDNO,2046,95.45274624651792
GLOBAL,TRNRPOINDNO,2047,101.89414624651792
GLOBAL,TRNRPOINDNO,2048,108.17535686077704
GLOBAL,TRNRPOINDNO,2049,114.76723405948776
GLOBAL,TRNRPOINDNO,2050,121.42520823968896
GLOBAL,TRNRPOINDSO,2023,17.84487326479976
GLOBAL,TRNRPOINDSO,2024,20.280680734171312
GLOBAL,TRNRPOINDSO,2025,21.11834176471238
GLOBAL,TRNRPOINDSO,2026,23.548707432235545
GLOBAL,TRNRPOINDSO,2027,25.861379733919307
GLOBAL,TRNRPOINDSO,2028,30.682291146922893
GLOBAL,TRNRPOINDSO,2029,31.356982392920443
GLOBAL,TRNRPOINDSO,2030,31.356982392920443
GLOBAL,TRNRPOINDSO,2031,31.356982392920443
GLOBAL,TRNRPOINDSO,2032,31.356982392920443
GLOBAL,TRNRPOINDSO,2033,31.356982392920443
GLOBAL,TRNRPOINDSO,2034,31.356982392920443
GLOBAL,TRNRPOINDSO,2035,31.356982392920443
GLOBAL,TRNRPOINDSO,2036,31.356982392920443
GLOBAL,TRNRPOINDSO,2037,31.356982392920443
GLOBAL,TRNRPOINDSO,2038,31.356982392920443
GLOBAL,TRNRPOINDSO,2039,31.356982392920443
GLOBAL,TRNRPOINDSO,2040,34.385664483578125
GLOBAL,TRNRPOINDSO,2041,35.20398776700377
GLOBAL,TRNRPOINDSO,2042,35.95831621071444
GLOBAL,TRNRPOINDSO,2043,39.52467266006319
GLOBAL,TRNRPOINDSO,2044,43.60578507513336
GLOBAL,TRNRPOINDSO,2045,43.60578507513336
GLOBAL,TRNRPOINDSO,2046,43.60578507513336
GLOBAL,TRNRPOINDSO,2047,43.60578507513336
GLOBAL,TRNRPOINDSO,2048,43.60578507513336
GLOBAL,TRNRPOINDSO,2049,43.60578507513336
GLOBAL,TRNRPOINDSO,2050,43.60578507513336
GLOBAL,TRNRPOINDWE,2023,39.97361415788678
GLOBAL,TRNRPOINDWE,2024,45.76668665333432
GLOBAL,TRNRPOINDWE,2025,55.30502109431852
GLOBAL,TRNRPOINDWE,2026,62.238147764212265
GLOBAL,TRNRPOINDWE,2027,71.43587856679915
GLOBAL,TRNRPOINDWE,2028,71.43587856679915
GLOBAL,TRNRPOINDWE,2029,75.91327856679916
GLOBAL,TRNRPOINDWE,2030,76.04867856679917
GLOBAL,TRNRPOINDWE,2031,76.82100367275464
GLOBAL,TRNRPOINDWE,2032,86.36356125777985
GLOBAL,TRNRPOINDWE,2033,91.56158142187512
GLOBAL,TRNRPOINDWE,2034,93.02587856679916
GLOBAL,TRNRPOINDWE,2035,93.02587856679916
GLOBAL,TRNRPOINDWE,2036,99.82442888296752
GLOBAL,TRNRPOINDWE,2037,102.23287856679916
GLOBAL,TRNRPOINDWE,2038,103.3676785667992
GLOBAL,TRNRPOINDWE,2039,103.3676785667992
GLOBAL,TRNRPOINDWE,2040,103.3676785667992
GLOBAL,TRNRPOINDWE,2041,103.3676785667992
GLOBAL,TRNRPOINDWE,2042,108.21576422209654
GLOBAL,TRNRPOINDWE,2043,108.21576422209654
GLOBAL,TRNRPOINDWE,2044,108.21576422209654
GLOBAL,TRNRPOINDWE,2045,108.21576422209654
GLOBAL,TRNRPOINDWE,2046,108.3505952432728
GLOBAL,TRNRPOINDWE,2047,108.3505952432728
GLOBAL,TRNRPOINDWE,2048,115.24013023297532
GLOBAL,TRNRPOINDWE,2049,121.9040726317119
GLOBAL,TRNRPOINDWE,2050,127.01705442842164
GLOBAL,TRNRPOLKAXX,2023,5.0
GLOBAL,TRNRPOLKAXX,2024,5.0
GLOBAL,TRNRPOLKAXX,2025,5.0
GLOBAL,TRNRPOLKAXX,2026,5.0
GLOBAL,TRNRPOLKAXX,2027,5.0
GLOBAL,TRNRPOLKAXX,2028,5.0
GLOBAL,TRNRPOLKAXX,2029,5.0
GLOBAL,TRNRPOLKAXX,2030,5.0
GLOBAL,TRNRPOLKAXX,2031,5.0
GLOBAL,TRNRPOLKAXX,2032,5.0
GLOBAL,TRNRPOLKAXX,2033,5.0
GLOBAL,TRNRPOLKAXX,2034,5.0
GLOBAL,TRNRPOLKAXX,2035,5.0
GLOBAL,TRNRPOLKAXX,2036,5.0
GLOBAL,TRNRPOLKAXX,2037,5.0
GLOBAL,TRNRPOLKAXX,2038,5.0
GLOBAL,TRNRPOLKAXX,2039,5.0
GLOBAL,TRNRPOLKAXX,2040,5.0
GLOBAL,TRNRPOLKAXX,2041,5.0
GLOBAL,TRNRPOLKAXX,2042,5.0
GLOBAL,TRNRPOLKAXX,2043,5.0
GLOBAL,TRNRPOLKAXX,2044,5.0
GLOBAL,TRNRPOLKAXX,2045,5.0
GLOBAL,TRNRPOLKAXX,2046,5.0
GLOBAL,TRNRPOLKAXX,2047,5.0
GLOBAL,TRNRPOLKAXX,2048,5.0
GLOBAL,TRNRPOLKAXX,2049,5.0
GLOBAL,TRNRPOLKAXX,2050,5.0
GLOBAL,TRNRPOMDVXX,2023,5.0
GLOBAL,TRNRPOMDVXX,2024,5.0
GLOBAL,TRNRPOMDVXX,2025,5.0
GLOBAL,TRNRPOMDVXX,2026,5.0
GLOBAL,TRNRPOMDVXX,2027,5.0
GLOBAL,TRNRPOMDVXX,2028,5.0
GLOBAL,TRNRPOMDVXX,2029,5.0
GLOBAL,TRNRPOMDVXX,2030,5.0
GLOBAL,TRNRPOMDVXX,2031,5.0
GLOBAL,TRNRPOMDVXX,2032,5.0
GLOBAL,TRNRPOMDVXX,2033,5.0
GLOBAL,TRNRPOMDVXX,2034,5.0
GLOBAL,TRNRPOMDVXX,2035,5.0
GLOBAL,TRNRPOMDVXX,2036,5.0
GLOBAL,TRNRPOMDVXX,2037,5.0
GLOBAL,TRNRPOMDVXX,2038,5.0
GLOBAL,TRNRPOMDVXX,2039,5.0
GLOBAL,TRNRPOMDVXX,2040,5.0
GLOBAL,TRNRPOMDVXX,2041,5.0
GLOBAL,TRNRPOMDVXX,2042,5.0
GLOBAL,TRNRPOMDVXX,2043,5.0
GLOBAL,TRNRPOMDVXX,2044,5.0
GLOBAL,TRNRPOMDVXX,2045,5.0
GLOBAL,TRNRPOMDVXX,2046,5.0
GLOBAL,TRNRPOMDVXX,2047,5.0
GLOBAL,TRNRPOMDVXX,2048,5.0
GLOBAL,TRNRPOMDVXX,2049,5.0
GLOBAL,TRNRPOMDVXX,2050,5.0
GLOBAL,TRNRPONPLXX,2023,5.0
GLOBAL,TRNRPONPLXX,2024,5.0
GLOBAL,TRNRPONPLXX,2025,5.0
GLOBAL,TRNRPONPLXX,2026,5.0
GLOBAL,TRNRPONPLXX,2027,5.0
GLOBAL,TRNRPONPLXX,2028,5.0
GLOBAL,TRNRPONPLXX,2029,5.0
GLOBAL,TRNRPONPLXX,2030,5.0
GLOBAL,TRNRPONPLXX,2031,5.0
GLOBAL,TRNRPONPLXX,2032,5.0
GLOBAL,TRNRPONPLXX,2033,5.0
GLOBAL,TRNRPONPLXX,2034,5.0
GLOBAL,TRNRPONPLXX,2035,5.0
GLOBAL,TRNRPONPLXX,2036,5.0
GLOBAL,TRNRPONPLXX,2037,5.0
GLOBAL,TRNRPONPLXX,2038,5.0
GLOBAL,TRNRPONPLXX,2039,5.0
GLOBAL,TRNRPONPLXX,2040,5.0
GLOBAL,TRNRPONPLXX,2041,5.0
GLOBAL,TRNRPONPLXX,2042,5.0
GLOBAL,TRNRPONPLXX,2043,5.0
GLOBAL,TRNRPONPLXX,2044,5.0
GLOBAL,TRNRPONPLXX,2045,5.0
GLOBAL,TRNRPONPLXX,2046,5.0
GLOBAL,TRNRPONPLXX,2047,5.0
GLOBAL,TRNRPONPLXX,2048,5.0
GLOBAL,TRNRPONPLXX,2049,5.0
GLOBAL,TRNRPONPLXX,2050,5.0
