REGION,TECHNOLOGY,YEAR,VALUE
GLOBAL,PWRBIOBGDXX,2024,0.008556000000000001
GLOBAL,PWRBIOBGDXX,2025,0.017112000000000002
GLOBAL,PWRBIOBGDXX,2026,0.025668
GLOBAL,PWRBIOBGDXX,2027,0.034224000000000004
GLOBAL,PWRBIOBGDXX,2028,0.04278
GLOBAL,PWRBIOBGDXX,2029,0.051336
GLOBAL,PWRBIOBGDXX,2030,0.059892
GLOBAL,PWRBIOBGDXX,2031,0.059892
GLOBAL,PWRBIOBGDXX,2032,0.059892
GLOBAL,PWRBIOBGDXX,2033,0.059892
GLOBAL,PWRBIOBGDXX,2034,0.059892
GLOBAL,PWRBIOBGDXX,2035,0.059892
GLOBAL,PWRBIOBGDXX,2036,0.059892
GLOBAL,PWRBIOBGDXX,2037,0.059892
GLOBAL,PWRBIOBGDXX,2038,0.059892
GLOBAL,PWRBIOBGDXX,2039,0.059892
GLOBAL,PWRBIOBGDXX,2040,0.059892
GLOBAL,PWRBIOBGDXX,2041,0.059892
GLOBAL,PWRBIOBGDXX,2042,0.059892
GLOBAL,PWRBIOBGDXX,2043,0.059892
GLOBAL,PWRBIOBGDXX,2044,0.059892
GLOBAL,PWRBIOBGDXX,2045,0.059892
GLOBAL,PWRBIOBGDXX,2046,0.059892
GLOBAL,PWRBIOBGDXX,2047,0.059892
GLOBAL,PWRBIOBGDXX,2048,0.059892
GLOBAL,PWRBIOBGDXX,2049,0.059892
GLOBAL,PWRBIOBGDXX,2050,0.059892
GLOBAL,PWRBIOINDEA,2024,2.431329999999993
GLOBAL,PWRBIOINDEA,2025,5.19064
GLOBAL,PWRBIOINDEA,2026,8.01412
GLOBAL,PWRBIOINDEA,2027,11.03011
GLOBAL,PWRBIOINDEA,2028,14.160179999999992
GLOBAL,PWRBIOINDEA,2029,16.591509999999992
GLOBAL,PWRBIOINDEA,2030,17.76796
GLOBAL,PWRBIOINDEA,2031,18.744770000000003
GLOBAL,PWRBIOINDEA,2032,20.463099999999997
GLOBAL,PWRBIOINDEA,2033,22.01744
GLOBAL,PWRBIOINDEA,2034,23.40066
GLOBAL,PWRBIOINDEA,2035,24.619889999999998
GLOBAL,PWRBIOINDEA,2036,25.675129999999996
GLOBAL,PWRBIOINDEA,2037,26.922879999999992
GLOBAL,PWRBIOINDEA,2038,27.98525
GLOBAL,PWRBIOINDEA,2039,28.86224
GLOBAL,PWRBIOINDEA,2040,29.546720000000008
GLOBAL,PWRBIOINDEA,2041,30.10286
GLOBAL,PWRBIOINDEA,2042,31.265050000000006
GLOBAL,PWRBIOINDEA,2043,32.97625
GLOBAL,PWRBIOINDEA,2044,35.186550000000004
GLOBAL,PWRBIOINDEA,2045,37.831779999999995
GLOBAL,PWRBIOINDEA,2046,40.98323999999999
GLOBAL,PWRBIOINDEA,2047,44.19173999999999
GLOBAL,PWRBIOINDEA,2048,45.71755999999999
GLOBAL,PWRBIOINDEA,2049,45.71755999999999
GLOBAL,PWRBIOINDEA,2050,45.71755999999999
GLOBAL,PWRBIOINDNE,2024,0.06416999999999287
GLOBAL,PWRBIOINDNE,2025,0.13547
GLOBAL,PWRBIOINDNE,2026,0.2139
GLOBAL,PWRBIOINDNE,2027,0.29233000000000003
GLOBAL,PWRBIOINDNE,2028,0.3707599999999929
GLOBAL,PWRBIOINDNE,2029,0.43493
GLOBAL,PWRBIOINDNE,2030,0.49196999999999996
GLOBAL,PWRBIOINDNE,2031,0.54188
GLOBAL,PWRBIOINDNE,2032,0.60605
GLOBAL,PWRBIOINDNE,2033,0.67022
GLOBAL,PWRBIOINDNE,2034,0.7272599999999928
GLOBAL,PWRBIOINDNE,2035,0.7842999999999999
GLOBAL,PWRBIOINDNE,2036,0.84134
GLOBAL,PWRBIOINDNE,2037,0.9055099999999999
GLOBAL,PWRBIOINDNE,2038,0.9696799999999929
GLOBAL,PWRBIOINDNE,2039,1.0267199999999999
GLOBAL,PWRBIOINDNE,2040,1.08376
GLOBAL,PWRBIOINDNE,2041,1.13367
GLOBAL,PWRBIOINDNE,2042,1.19071
GLOBAL,PWRBIOINDNE,2043,1.25488
GLOBAL,PWRBIOINDNE,2044,1.3190499999999998
GLOBAL,PWRBIOINDNE,2045,1.38322
GLOBAL,PWRBIOINDNE,2046,1.46165
GLOBAL,PWRBIOINDNE,2047,1.5543399999999998
GLOBAL,PWRBIOINDNE,2048,1.66842
GLOBAL,PWRBIOINDNE,2049,1.79676
GLOBAL,PWRBIOINDNE,2050,1.9393599999999998
GLOBAL,PWRBIOINDNO,2023,222.14941
GLOBAL,PWRBIOINDNO,2024,235.63224
GLOBAL,PWRBIOINDNO,2025,249.88511
GLOBAL,PWRBIOINDNO,2026,265.19322
GLOBAL,PWRBIOINDNO,2027,281.44248999999996
GLOBAL,PWRBIOINDNO,2028,298.52597
GLOBAL,PWRBIOINDNO,2029,313.85547
GLOBAL,PWRBIOINDNO,2030,323.98006999999996
GLOBAL,PWRBIOINDNO,2031,333.80520999999993
GLOBAL,PWRBIOINDNO,2032,345.73369999999994
GLOBAL,PWRBIOINDNO,2033,357.1488299999999
GLOBAL,PWRBIOINDNO,2034,368.05772999999994
GLOBAL,PWRBIOINDNO,2035,378.45327
GLOBAL,PWRBIOINDNO,2036,388.33545000000004
GLOBAL,PWRBIOINDNO,2037,399.08749
GLOBAL,PWRBIOINDNO,2038,409.28339
GLOBAL,PWRBIOINDNO,2039,418.92314999999996
GLOBAL,PWRBIOINDNO,2040,427.12978
GLOBAL,PWRBIOINDNO,2041,435.62874
GLOBAL,PWRBIOINDNO,2042,445.50379000000004
GLOBAL,PWRBIOINDNO,2043,455.4644
GLOBAL,PWRBIOINDNO,2044,465.20398
GLOBAL,PWRBIOINDNO,2045,474.52289
GLOBAL,PWRBIOINDNO,2046,484.5975800000001
GLOBAL,PWRBIOINDNO,2047,494.7007900000001
GLOBAL,PWRBIOINDNO,2048,505.2460600000001
GLOBAL,PWRBIOINDNO,2049,516.7895300000002
GLOBAL,PWRBIOINDNO,2050,529.2456400000001
GLOBAL,PWRBIOINDSO,2023,253.62123
GLOBAL,PWRBIOINDSO,2024,268.92933999999997
GLOBAL,PWRBIOINDSO,2025,285.18574000000007
GLOBAL,PWRBIOINDSO,2026,303.08204
GLOBAL,PWRBIOINDSO,2027,321.19224
GLOBAL,PWRBIOINDSO,2028,340.05109
GLOBAL,PWRBIOINDSO,2029,357.13457000000005
GLOBAL,PWRBIOINDSO,2030,368.85628999999994
GLOBAL,PWRBIOINDSO,2031,379.72953999999993
GLOBAL,PWRBIOINDSO,2032,393.33358000000004
GLOBAL,PWRBIOINDSO,2033,406.43139
GLOBAL,PWRBIOINDSO,2034,419.02296999999993
GLOBAL,PWRBIOINDSO,2035,431.10119000000003
GLOBAL,PWRBIOINDSO,2036,442.67318
GLOBAL,PWRBIOINDSO,2037,454.9510399999999
GLOBAL,PWRBIOINDSO,2038,466.6870199999999
GLOBAL,PWRBIOINDSO,2039,477.8811199999999
GLOBAL,PWRBIOINDSO,2040,488.03423999999995
GLOBAL,PWRBIOINDSO,2041,498.13032
GLOBAL,PWRBIOINDSO,2042,509.75935
GLOBAL,PWRBIOINDSO,2043,521.5238499999999
GLOBAL,PWRBIOINDSO,2044,533.4166899999999
GLOBAL,PWRBIOINDSO,2045,545.4307399999999
GLOBAL,PWRBIOINDSO,2046,557.55887
GLOBAL,PWRBIOINDSO,2047,569.79395
GLOBAL,PWRBIOINDSO,2048,582.12172
GLOBAL,PWRBIOINDSO,2049,594.5350500000001
GLOBAL,PWRBIOINDSO,2050,607.01255
GLOBAL,PWRBIOINDWE,2023,217.00868
GLOBAL,PWRBIOINDWE,2024,230.33465
GLOBAL,PWRBIOINDWE,2025,244.91549999999998
GLOBAL,PWRBIOINDWE,2026,261.35728
GLOBAL,PWRBIOINDWE,2027,277.21439999999996
GLOBAL,PWRBIOINDWE,2028,293.64192
GLOBAL,PWRBIOINDWE,2029,307.71654
GLOBAL,PWRBIOINDWE,2030,312.63624
GLOBAL,PWRBIOINDWE,2031,316.64329999999995
GLOBAL,PWRBIOINDWE,2032,325.44172
GLOBAL,PWRBIOINDWE,2033,333.59130999999996
GLOBAL,PWRBIOINDWE,2034,341.09920000000005
GLOBAL,PWRBIOINDWE,2035,347.95826000000005
GLOBAL,PWRBIOINDWE,2036,354.1756200000001
GLOBAL,PWRBIOINDWE,2037,361.17728000000005
GLOBAL,PWRBIOINDWE,2038,367.46594
GLOBAL,PWRBIOINDWE,2039,373.04873000000003
GLOBAL,PWRBIOINDWE,2040,377.9185200000001
GLOBAL,PWRBIOINDWE,2041,382.07531000000006
GLOBAL,PWRBIOINDWE,2042,387.17325999999997
GLOBAL,PWRBIOINDWE,2043,392.05731000000003
GLOBAL,PWRBIOINDWE,2044,397.4975
GLOBAL,PWRBIOINDWE,2045,404.00006
GLOBAL,PWRBIOINDWE,2046,411.7075899999999
GLOBAL,PWRBIOINDWE,2047,420.43470999999994
GLOBAL,PWRBIOINDWE,2048,430.02455999999995
GLOBAL,PWRBIOINDWE,2049,440.3559299999999
GLOBAL,PWRBIOINDWE,2050,451.32899999999995
GLOBAL,PWRBIOLKAXX,2023,5.019519999999988
GLOBAL,PWRBIOLKAXX,2024,5.019519999999988
GLOBAL,PWRBIOLKAXX,2025,6.160319999999989
GLOBAL,PWRBIOLKAXX,2026,7.871519999999988
GLOBAL,PWRBIOLKAXX,2027,10.153119999999989
GLOBAL,PWRBIOLKAXX,2028,12.43472
GLOBAL,PWRBIOLKAXX,2029,14.71632
GLOBAL,PWRBIOLKAXX,2030,16.99792
GLOBAL,PWRBIOLKAXX,2031,19.27952
GLOBAL,PWRBIOLKAXX,2032,19.27952
GLOBAL,PWRBIOLKAXX,2033,19.27952
GLOBAL,PWRBIOLKAXX,2034,19.27952
GLOBAL,PWRBIOLKAXX,2035,19.27952
GLOBAL,PWRBIOLKAXX,2036,19.690208
GLOBAL,PWRBIOLKAXX,2037,20.135119999999997
GLOBAL,PWRBIOLKAXX,2038,20.602848
GLOBAL,PWRBIOLKAXX,2039,21.081984
GLOBAL,PWRBIOLKAXX,2040,21.572528
GLOBAL,PWRBIOLKAXX,2041,22.085888
GLOBAL,PWRBIOLKAXX,2042,22.599248
GLOBAL,PWRBIOLKAXX,2043,23.124015999999997
GLOBAL,PWRBIOLKAXX,2044,23.660192
GLOBAL,PWRBIOLKAXX,2045,24.18496
GLOBAL,PWRBIOLKAXX,2046,24.18496
GLOBAL,PWRBIOLKAXX,2047,24.18496
GLOBAL,PWRBIOLKAXX,2048,24.18496
GLOBAL,PWRBIOLKAXX,2049,24.18496
GLOBAL,PWRBIOLKAXX,2050,24.18496
GLOBAL,PWRBIONPLXX,2025,0.046345
GLOBAL,PWRBIONPLXX,2026,0.09269
GLOBAL,PWRBIONPLXX,2027,0.14830399999999072
GLOBAL,PWRBIONPLXX,2028,0.20391799999999072
GLOBAL,PWRBIONPLXX,2029,0.26880099999999074
GLOBAL,PWRBIONPLXX,2030,0.34295299999999074
GLOBAL,PWRBIONPLXX,2031,0.41710499999999995
GLOBAL,PWRBIONPLXX,2032,0.500526
GLOBAL,PWRBIONPLXX,2033,0.5932159999999906
GLOBAL,PWRBIONPLXX,2034,0.6488299999999908
GLOBAL,PWRBIONPLXX,2035,0.7044439999999907
GLOBAL,PWRBIONPLXX,2036,0.760058
GLOBAL,PWRBIONPLXX,2037,0.8156720000000001
GLOBAL,PWRBIONPLXX,2038,0.871286
GLOBAL,PWRBIONPLXX,2039,0.9269
GLOBAL,PWRBIONPLXX,2040,0.982514
GLOBAL,PWRBIONPLXX,2041,1.038128
GLOBAL,PWRBIONPLXX,2042,1.093742
GLOBAL,PWRBIONPLXX,2043,1.1493559999999998
GLOBAL,PWRBIONPLXX,2044,1.2049699999999908
GLOBAL,PWRBIONPLXX,2045,1.2605839999999908
GLOBAL,PWRBIONPLXX,2046,1.3161979999999907
GLOBAL,PWRBIONPLXX,2047,1.3810809999999907
GLOBAL,PWRBIONPLXX,2048,1.455232999999991
GLOBAL,PWRBIONPLXX,2049,1.547923
GLOBAL,PWRBIONPLXX,2050,1.6498819999999998
GLOBAL,PWRCOABGDXX,2023,409.176
GLOBAL,PWRCOABGDXX,2024,409.176
GLOBAL,PWRCOABGDXX,2025,504.216
GLOBAL,PWRCOABGDXX,2026,504.216
GLOBAL,PWRCOABGDXX,2027,504.216
GLOBAL,PWRCOABGDXX,2028,504.216
GLOBAL,PWRCOABGDXX,2029,492.52320000000003
GLOBAL,PWRCOABGDXX,2030,480.8376
GLOBAL,PWRCOABGDXX,2031,469.14480000000003
GLOBAL,PWRCOABGDXX,2032,457.452
GLOBAL,PWRCOABGDXX,2033,463.39200000000005
GLOBAL,PWRCOABGDXX,2034,469.29600000000005
GLOBAL,PWRCOABGDXX,2035,475.10640000000006
GLOBAL,PWRCOABGDXX,2036,480.76560000000006
GLOBAL,PWRCOABGDXX,2037,486.216
GLOBAL,PWRCOABGDXX,2038,491.37120000000004
GLOBAL,PWRCOABGDXX,2039,496.152
GLOBAL,PWRCOABGDXX,2040,500.4792
GLOBAL,PWRCOABGDXX,2041,504.2592
GLOBAL,PWRCOABGDXX,2042,503.6976000000001
GLOBAL,PWRCOABGDXX,2043,507.22560000000004
GLOBAL,PWRCOABGDXX,2044,512.9856
GLOBAL,PWRCOABGDXX,2045,518.4144
GLOBAL,PWRCOABGDXX,2046,519.9552
GLOBAL,PWRCOABGDXX,2047,511.0272000000001
GLOBAL,PWRCOABGDXX,2048,499.3416000000001
GLOBAL,PWRCOABGDXX,2049,487.6488000000001
GLOBAL,PWRCOABGDXX,2050,475.956
GLOBAL,PWRCOAINDEA,2023,1664.865
GLOBAL,PWRCOAINDEA,2024,1664.865
GLOBAL,PWRCOAINDEA,2025,1694.5649999999998
GLOBAL,PWRCOAINDEA,2026,1796.265
GLOBAL,PWRCOAINDEA,2027,1855.6650000000002
GLOBAL,PWRCOAINDEA,2028,1987.0649999999998
GLOBAL,PWRCOAINDEA,2029,2047.4954999999998
GLOBAL,PWRCOAINDEA,2030,2109.0105
GLOBAL,PWRCOAINDEA,2031,2104.7805
GLOBAL,PWRCOAINDEA,2032,2133.3464999999997
GLOBAL,PWRCOAINDEA,2033,2154.5595
GLOBAL,PWRCOAINDEA,2034,2168.4284999999995
GLOBAL,PWRCOAINDEA,2035,2486.2769999999996
GLOBAL,PWRCOAINDEA,2036,2485.4445
GLOBAL,PWRCOAINDEA,2037,2493.2565
GLOBAL,PWRCOAINDEA,2038,2492.757
GLOBAL,PWRCOAINDEA,2039,2483.955
GLOBAL,PWRCOAINDEA,2040,2466.8415000000005
GLOBAL,PWRCOAINDEA,2041,2443.869
GLOBAL,PWRCOAINDEA,2042,2447.9640000000004
GLOBAL,PWRCOAINDEA,2043,2476.2150000000006
GLOBAL,PWRCOAINDEA,2044,2526.7005000000004
GLOBAL,PWRCOAINDEA,2045,2596.2570000000005
GLOBAL,PWRCOAINDEA,2046,2688.5115000000005
GLOBAL,PWRCOAINDEA,2047,2783.2860000000005
GLOBAL,PWRCOAINDEA,2048,2803.2300000000005
GLOBAL,PWRCOAINDEA,2049,2755.6605000000004
GLOBAL,PWRCOAINDEA,2050,2708.091
GLOBAL,PWRCOAINDNE,2023,35.0025
GLOBAL,PWRCOAINDNE,2024,37.051313
GLOBAL,PWRCOAINDNE,2025,39.230802000000004
GLOBAL,PWRCOAINDNE,2026,41.62030600000001
GLOBAL,PWRCOAINDNE,2027,44.019144000000004
GLOBAL,PWRCOAINDNE,2028,46.543991
GLOBAL,PWRCOAINDNE,2029,47.547396
GLOBAL,PWRCOAINDNE,2030,48.317451000000005
GLOBAL,PWRCOAINDNE,2031,48.961497
GLOBAL,PWRCOAINDNE,2032,50.006904999999996
GLOBAL,PWRCOAINDNE,2033,50.95897300000001
GLOBAL,PWRCOAINDNE,2034,51.808367000000004
GLOBAL,PWRCOAINDNE,2035,52.569087999999994
GLOBAL,PWRCOAINDNE,2036,53.23646899999999
GLOBAL,PWRCOAINDNE,2037,54.263208999999996
GLOBAL,PWRCOAINDNE,2038,55.182607999999995
GLOBAL,PWRCOAINDNE,2039,55.98999899999998
GLOBAL,PWRCOAINDNE,2040,56.685382
GLOBAL,PWRCOAINDNE,2041,57.26409
GLOBAL,PWRCOAINDNE,2042,58.14615299999999
GLOBAL,PWRCOAINDNE,2043,59.046883999999984
GLOBAL,PWRCOAINDNE,2044,59.96161599999998
GLOBAL,PWRCOAINDNE,2045,60.89501599999998
GLOBAL,PWRCOAINDNE,2046,62.267113999999985
GLOBAL,PWRCOAINDNE,2047,64.18058399999998
GLOBAL,PWRCOAINDNE,2048,66.62609199999999
GLOBAL,PWRCOAINDNE,2049,69.612972
GLOBAL,PWRCOAINDNE,2050,73.127223
GLOBAL,PWRCOAINDNO,2023,2063.925
GLOBAL,PWRCOAINDNO,2024,2063.925
GLOBAL,PWRCOAINDNO,2025,2063.925
GLOBAL,PWRCOAINDNO,2026,2093.625
GLOBAL,PWRCOAINDNO,2027,2093.625
GLOBAL,PWRCOAINDNO,2028,2093.625
GLOBAL,PWRCOAINDNO,2029,2142.657
GLOBAL,PWRCOAINDNO,2030,2177.7615
GLOBAL,PWRCOAINDNO,2031,2210.0535
GLOBAL,PWRCOAINDNO,2032,2261.898
GLOBAL,PWRCOAINDNO,2033,2308.9995000000004
GLOBAL,PWRCOAINDNO,2034,2351.3534999999997
GLOBAL,PWRCOAINDNO,2035,2388.9645
GLOBAL,PWRCOAINDNO,2036,2421.8324999999995
GLOBAL,PWRCOAINDNO,2037,2462.7284999999997
GLOBAL,PWRCOAINDNO,2038,2498.4674999999993
GLOBAL,PWRCOAINDNO,2039,2529.0494999999996
GLOBAL,PWRCOAINDNO,2040,2546.3295
GLOBAL,PWRCOAINDNO,2041,2566.287
GLOBAL,PWRCOAINDNO,2042,2599.0379999999996
GLOBAL,PWRCOAINDNO,2043,2632.6214999999997
GLOBAL,PWRCOAINDNO,2044,2664.1215
GLOBAL,PWRCOAINDNO,2045,2691.7200000000003
GLOBAL,PWRCOAINDNO,2046,2726.3835
GLOBAL,PWRCOAINDNO,2047,2761.2944999999995
GLOBAL,PWRCOAINDNO,2048,2800.3185
GLOBAL,PWRCOAINDNO,2049,2848.5944999999997
GLOBAL,PWRCOAINDNO,2050,2905.384499999999
GLOBAL,PWRCOAINDSO,2023,2024.9099999999999
GLOBAL,PWRCOAINDSO,2024,2024.9099999999999
GLOBAL,PWRCOAINDSO,2025,2168.91
GLOBAL,PWRCOAINDSO,2026,2287.71
GLOBAL,PWRCOAINDSO,2027,2287.71
GLOBAL,PWRCOAINDSO,2028,2323.71
GLOBAL,PWRCOAINDSO,2029,2265.8535
GLOBAL,PWRCOAINDSO,2030,2208.0015
GLOBAL,PWRCOAINDSO,2031,2150.145
GLOBAL,PWRCOAINDSO,2032,2098.855597830624
GLOBAL,PWRCOAINDSO,2033,2145.5520978306236
GLOBAL,PWRCOAINDSO,2034,2188.2075978306243
GLOBAL,PWRCOAINDSO,2035,2226.8130978306235
GLOBAL,PWRCOAINDSO,2036,2261.3730978306235
GLOBAL,PWRCOAINDSO,2037,2301.562597830624
GLOBAL,PWRCOAINDSO,2038,2337.4230978306236
GLOBAL,PWRCOAINDSO,2039,2368.9635978306237
GLOBAL,PWRCOAINDSO,2040,2392.170097830624
GLOBAL,PWRCOAINDSO,2041,2414.9175978306234
GLOBAL,PWRCOAINDSO,2042,2449.8915978306236
GLOBAL,PWRCOAINDSO,2043,2485.9590978306237
GLOBAL,PWRCOAINDSO,2044,2523.0660978306237
GLOBAL,PWRCOAINDSO,2045,2561.140597830624
GLOBAL,PWRCOAINDSO,2046,2600.1285978306237
GLOBAL,PWRCOAINDSO,2047,2639.9445978306235
GLOBAL,PWRCOAINDSO,2048,2680.5165978306236
GLOBAL,PWRCOAINDSO,2049,2721.7455978306234
GLOBAL,PWRCOAINDSO,2050,2763.537097830624
GLOBAL,PWRCOAINDWE,2023,3860.37
GLOBAL,PWRCOAINDWE,2024,3860.37
GLOBAL,PWRCOAINDWE,2025,3932.369999999999
GLOBAL,PWRCOAINDWE,2026,4076.370000000001
GLOBAL,PWRCOAINDWE,2027,4148.37
GLOBAL,PWRCOAINDWE,2028,4292.37
GLOBAL,PWRCOAINDWE,2029,4372.874999999999
GLOBAL,PWRCOAINDWE,2030,4262.575499999999
GLOBAL,PWRCOAINDWE,2031,4223.6145
GLOBAL,PWRCOAINDWE,2032,4269.770999999999
GLOBAL,PWRCOAINDWE,2033,4304.465999999999
GLOBAL,PWRCOAINDWE,2034,4327.699499999999
GLOBAL,PWRCOAINDWE,2035,4490.7885
GLOBAL,PWRCOAINDWE,2036,4491.112499999999
GLOBAL,PWRCOAINDWE,2037,4505.3685
GLOBAL,PWRCOAINDWE,2038,4506.988499999998
GLOBAL,PWRCOAINDWE,2039,4495.967999999999
GLOBAL,PWRCOAINDWE,2040,4472.307000000001
GLOBAL,PWRCOAINDWE,2041,4436.001
GLOBAL,PWRCOAINDWE,2042,4416.399
GLOBAL,PWRCOAINDWE,2043,4393.0305
GLOBAL,PWRCOAINDWE,2044,4379.5305
GLOBAL,PWRCOAINDWE,2045,4384.9215
GLOBAL,PWRCOAINDWE,2046,4411.7595
GLOBAL,PWRCOAINDWE,2047,4456.656
GLOBAL,PWRCOAINDWE,2048,4516.947
GLOBAL,PWRCOAINDWE,2049,4590.463500000001
GLOBAL,PWRCOAINDWE,2050,4675.3335
GLOBAL,PWRCOALKAXX,2023,72.9
GLOBAL,PWRCOALKAXX,2024,72.9
GLOBAL,PWRCOALKAXX,2025,72.9
GLOBAL,PWRCOALKAXX,2026,72.9
GLOBAL,PWRCOALKAXX,2027,72.9
GLOBAL,PWRCOALKAXX,2028,72.9
GLOBAL,PWRCOALKAXX,2029,70.821
GLOBAL,PWRCOALKAXX,2030,68.733
GLOBAL,PWRCOALKAXX,2031,66.654
GLOBAL,PWRCOALKAXX,2032,64.566
GLOBAL,PWRCOALKAXX,2033,62.487
GLOBAL,PWRCOALKAXX,2034,60.399
GLOBAL,PWRCOALKAXX,2035,58.32
GLOBAL,PWRCOALKAXX,2036,56.241
GLOBAL,PWRCOALKAXX,2037,54.153
GLOBAL,PWRCOALKAXX,2038,52.074
GLOBAL,PWRCOALKAXX,2039,49.986
GLOBAL,PWRCOALKAXX,2040,47.907
GLOBAL,PWRCOALKAXX,2041,45.819
GLOBAL,PWRCOALKAXX,2042,43.73999999999999
GLOBAL,PWRCOALKAXX,2043,49.31999999999999
GLOBAL,PWRCOALKAXX,2044,55.07999999999998
GLOBAL,PWRCOALKAXX,2045,60.61499999999999
GLOBAL,PWRCOALKAXX,2046,58.52699999999999
GLOBAL,PWRCOALKAXX,2047,56.447999999999986
GLOBAL,PWRCOALKAXX,2048,54.359999999999985
GLOBAL,PWRCOALKAXX,2049,52.280999999999985
GLOBAL,PWRCOALKAXX,2050,50.201999999999984
GLOBAL,PWRCSPINDNO,2023,63.98999999999999
GLOBAL,PWRCSPINDNO,2024,63.98999999999999
GLOBAL,PWRCSPINDNO,2025,63.98999999999999
GLOBAL,PWRCSPINDNO,2026,63.98999999999999
GLOBAL,PWRCSPINDNO,2027,63.98999999999999
GLOBAL,PWRCSPINDNO,2028,63.98999999999999
GLOBAL,PWRCSPINDNO,2029,63.98999999999999
GLOBAL,PWRCSPINDNO,2030,63.98999999999999
GLOBAL,PWRCSPINDNO,2031,63.27899999999999
GLOBAL,PWRCSPINDNO,2032,80.168
GLOBAL,PWRCSPINDNO,2033,96.65699999999998
GLOBAL,PWRCSPINDNO,2034,112.74599999999998
GLOBAL,PWRCSPINDNO,2035,128.435
GLOBAL,PWRCSPINDNO,2036,145.00079999999997
GLOBAL,PWRCSPINDNO,2037,164.9708
GLOBAL,PWRCSPINDNO,2038,185.4512
GLOBAL,PWRCSPINDNO,2039,206.17740000000003
GLOBAL,PWRCSPINDNO,2040,196.24000000000007
GLOBAL,PWRCSPINDNO,2041,220.16000000000005
GLOBAL,PWRCSPINDNO,2042,250.01600000000002
GLOBAL,PWRCSPINDNO,2043,283.16800000000006
GLOBAL,PWRCSPINDNO,2044,310.08
GLOBAL,PWRCSPINDNO,2045,325.872
GLOBAL,PWRCSPINDNO,2046,369.744
GLOBAL,PWRCSPINDNO,2047,418.896
GLOBAL,PWRCSPINDNO,2048,475.6160000000001
GLOBAL,PWRCSPINDNO,2049,543.6000000000001
GLOBAL,PWRCSPINDNO,2050,623.3600000000001
GLOBAL,PWRCSPINDSO,2023,18.0
GLOBAL,PWRCSPINDSO,2024,18.0
GLOBAL,PWRCSPINDSO,2025,18.0
GLOBAL,PWRCSPINDSO,2026,18.0
GLOBAL,PWRCSPINDSO,2027,18.0
GLOBAL,PWRCSPINDSO,2028,18.0
GLOBAL,PWRCSPINDSO,2029,18.0
GLOBAL,PWRCSPINDSO,2030,18.0
GLOBAL,PWRCSPINDSO,2031,17.8
GLOBAL,PWRCSPINDSO,2032,17.6
GLOBAL,PWRCSPINDSO,2033,17.400000000000002
GLOBAL,PWRCSPINDSO,2034,17.2
GLOBAL,PWRCSPINDSO,2035,34.0
GLOBAL,PWRCSPINDSO,2036,50.4
GLOBAL,PWRCSPINDSO,2037,66.4
GLOBAL,PWRCSPINDSO,2038,82.0
GLOBAL,PWRCSPINDSO,2039,97.19999999999997
GLOBAL,PWRCSPINDSO,2040,95.99999999999997
GLOBAL,PWRCSPINDSO,2041,111.99999999999997
GLOBAL,PWRCSPINDSO,2042,127.99999999999999
GLOBAL,PWRCSPINDSO,2043,144.0
GLOBAL,PWRCSPINDSO,2044,159.99999999999997
GLOBAL,PWRCSPINDSO,2045,176.0
GLOBAL,PWRCSPINDSO,2046,176.0
GLOBAL,PWRCSPINDSO,2047,176.0
GLOBAL,PWRCSPINDSO,2048,176.0
GLOBAL,PWRCSPINDSO,2049,176.0
GLOBAL,PWRCSPINDSO,2050,176.0
GLOBAL,PWRHYDBGDXX,2023,16.5
GLOBAL,PWRHYDBGDXX,2024,21.5
GLOBAL,PWRHYDBGDXX,2025,26.5
GLOBAL,PWRHYDBGDXX,2026,31.5
GLOBAL,PWRHYDBGDXX,2027,36.49999999999999
GLOBAL,PWRHYDBGDXX,2028,41.49999999999999
GLOBAL,PWRHYDBGDXX,2029,41.51
GLOBAL,PWRHYDBGDXX,2030,41.51
GLOBAL,PWRHYDBGDXX,2031,41.51
GLOBAL,PWRHYDBGDXX,2032,41.51
GLOBAL,PWRHYDBGDXX,2033,41.51
GLOBAL,PWRHYDBGDXX,2034,41.51
GLOBAL,PWRHYDBGDXX,2035,41.51
GLOBAL,PWRHYDBGDXX,2036,41.51
GLOBAL,PWRHYDBGDXX,2037,41.51
GLOBAL,PWRHYDBGDXX,2038,41.51
GLOBAL,PWRHYDBGDXX,2039,41.51
GLOBAL,PWRHYDBGDXX,2040,41.51
GLOBAL,PWRHYDBGDXX,2041,41.51
GLOBAL,PWRHYDBGDXX,2042,41.51
GLOBAL,PWRHYDBGDXX,2043,41.51
GLOBAL,PWRHYDBGDXX,2044,41.51
GLOBAL,PWRHYDBGDXX,2045,41.51
GLOBAL,PWRHYDBGDXX,2046,41.51
GLOBAL,PWRHYDBGDXX,2047,41.51
GLOBAL,PWRHYDBGDXX,2048,41.51
GLOBAL,PWRHYDBGDXX,2049,41.51
GLOBAL,PWRHYDBGDXX,2050,41.51
GLOBAL,PWRHYDBTNXX,2023,73.08225
GLOBAL,PWRHYDBTNXX,2024,78.116805
GLOBAL,PWRHYDBTNXX,2025,112.68500999999999
GLOBAL,PWRHYDBTNXX,2026,118.45038749999999
GLOBAL,PWRHYDBTNXX,2027,136.67583749999997
GLOBAL,PWRHYDBTNXX,2028,157.02758999999998
GLOBAL,PWRHYDBTNXX,2029,173.5056825
GLOBAL,PWRHYDBTNXX,2030,299.4116625000001
GLOBAL,PWRHYDBTNXX,2031,323.67316500000004
GLOBAL,PWRHYDBTNXX,2032,349.633905
GLOBAL,PWRHYDBTNXX,2033,377.4081675
GLOBAL,PWRHYDBTNXX,2034,407.1282825
GLOBAL,PWRHYDBTNXX,2035,485.6480925000001
GLOBAL,PWRHYDBTNXX,2036,519.6749475
GLOBAL,PWRHYDBTNXX,2037,556.0656975
GLOBAL,PWRHYDBTNXX,2038,595.0128225000001
GLOBAL,PWRHYDBTNXX,2039,636.68775
GLOBAL,PWRHYDBTNXX,2040,681.2679224999999
GLOBAL,PWRHYDBTNXX,2041,728.9728875
GLOBAL,PWRHYDBTNXX,2042,780.0101625
GLOBAL,PWRHYDBTNXX,2043,834.6203475
GLOBAL,PWRHYDBTNXX,2044,893.0410350000001
GLOBAL,PWRHYDBTNXX,2045,916.9927650000001
GLOBAL,PWRHYDBTNXX,2046,916.9927650000001
GLOBAL,PWRHYDBTNXX,2047,916.9927650000001
GLOBAL,PWRHYDBTNXX,2048,916.9927650000001
GLOBAL,PWRHYDBTNXX,2049,916.9927650000001
GLOBAL,PWRHYDBTNXX,2050,916.9927650000001
GLOBAL,PWRHYDINDEA,2023,227.544
GLOBAL,PWRHYDINDEA,2024,227.544
GLOBAL,PWRHYDINDEA,2025,230.05200000000002
GLOBAL,PWRHYDINDEA,2026,234.61200000000002
GLOBAL,PWRHYDINDEA,2027,253.61200000000002
GLOBAL,PWRHYDINDEA,2028,253.61200000000002
GLOBAL,PWRHYDINDEA,2029,258.17199999999997
GLOBAL,PWRHYDINDEA,2030,258.17199999999997
GLOBAL,PWRHYDINDEA,2031,258.17199999999997
GLOBAL,PWRHYDINDEA,2032,258.17199999999997
GLOBAL,PWRHYDINDEA,2033,258.17199999999997
GLOBAL,PWRHYDINDEA,2034,258.17199999999997
GLOBAL,PWRHYDINDEA,2035,271.51
GLOBAL,PWRHYDINDEA,2036,271.51
GLOBAL,PWRHYDINDEA,2037,271.51
GLOBAL,PWRHYDINDEA,2038,271.51
GLOBAL,PWRHYDINDEA,2039,271.51
GLOBAL,PWRHYDINDEA,2040,283.99679999999995
GLOBAL,PWRHYDINDEA,2041,294.08199999999994
GLOBAL,PWRHYDINDEA,2042,315.267
GLOBAL,PWRHYDINDEA,2043,346.35479999999995
GLOBAL,PWRHYDINDEA,2044,386.55879999999985
GLOBAL,PWRHYDINDEA,2045,434.5831999999998
GLOBAL,PWRHYDINDEA,2046,434.5831999999998
GLOBAL,PWRHYDINDEA,2047,434.5831999999998
GLOBAL,PWRHYDINDEA,2048,434.5831999999998
GLOBAL,PWRHYDINDEA,2049,434.5831999999998
GLOBAL,PWRHYDINDEA,2050,434.5831999999998
GLOBAL,PWRHYDINDNE,2023,80.826
GLOBAL,PWRHYDINDNE,2024,85.3366
GLOBAL,PWRHYDINDNE,2025,90.13220000000001
GLOBAL,PWRHYDINDNE,2026,161.90279999999998
GLOBAL,PWRHYDINDNE,2027,167.18480000000002
GLOBAL,PWRHYDINDNE,2028,176.44539999999998
GLOBAL,PWRHYDINDNE,2029,192.79679999999996
GLOBAL,PWRHYDINDNE,2030,204.49319999999997
GLOBAL,PWRHYDINDNE,2031,215.3498
GLOBAL,PWRHYDINDNE,2032,325.8842
GLOBAL,PWRHYDINDNE,2033,338.7510000000001
GLOBAL,PWRHYDINDNE,2034,350.99460000000005
GLOBAL,PWRHYDINDNE,2035,362.6112000000001
GLOBAL,PWRHYDINDNE,2036,373.6008
GLOBAL,PWRHYDINDNE,2037,386.9920000000002
GLOBAL,PWRHYDINDNE,2038,399.64979999999997
GLOBAL,PWRHYDINDNE,2039,411.57040000000006
GLOBAL,PWRHYDINDNE,2040,422.7614
GLOBAL,PWRHYDINDNE,2041,433.219
GLOBAL,PWRHYDINDNE,2042,445.62980000000005
GLOBAL,PWRHYDINDNE,2043,458.17360000000014
GLOBAL,PWRHYDINDNE,2044,470.839
GLOBAL,PWRHYDINDNE,2045,483.61080000000015
GLOBAL,PWRHYDINDNE,2046,499.27060000000006
GLOBAL,PWRHYDINDNE,2047,518.5024000000001
GLOBAL,PWRHYDINDNE,2048,541.2834
GLOBAL,PWRHYDINDNE,2049,567.5908000000002
GLOBAL,PWRHYDINDNE,2050,597.398
GLOBAL,PWRHYDINDNO,2023,754.528
GLOBAL,PWRHYDINDNO,2024,800.0938000000001
GLOBAL,PWRHYDINDNO,2025,848.2664000000002
GLOBAL,PWRHYDINDNO,2026,925.9460000000001
GLOBAL,PWRHYDINDNO,2027,980.8522000000002
GLOBAL,PWRHYDINDNO,2028,1077.0568000000003
GLOBAL,PWRHYDINDNO,2029,1197.9500000000003
GLOBAL,PWRHYDINDNO,2030,1300.6108000000002
GLOBAL,PWRHYDINDNO,2031,1400.1936
GLOBAL,PWRHYDINDNO,2032,1521.1133999999997
GLOBAL,PWRHYDINDNO,2033,1636.8576
GLOBAL,PWRHYDINDNO,2034,1747.4262
GLOBAL,PWRHYDINDNO,2035,1852.8153999999997
GLOBAL,PWRHYDINDNO,2036,1953.029
GLOBAL,PWRHYDINDNO,2037,2062.0054
GLOBAL,PWRHYDINDNO,2038,2165.3502
GLOBAL,PWRHYDINDNO,2039,2263.0672
GLOBAL,PWRHYDINDNO,2040,2346.272
GLOBAL,PWRHYDINDNO,2041,2432.4028
GLOBAL,PWRHYDINDNO,2042,2532.4872
GLOBAL,PWRHYDINDNO,2043,2633.4836000000005
GLOBAL,PWRHYDINDNO,2044,2732.207600000001
GLOBAL,PWRHYDINDNO,2045,2826.6718000000005
GLOBAL,PWRHYDINDNO,2046,2928.8462000000004
GLOBAL,PWRHYDINDNO,2047,3031.2866000000004
GLOBAL,PWRHYDINDNO,2048,3138.2224000000006
GLOBAL,PWRHYDINDNO,2049,3255.251
GLOBAL,PWRHYDINDNO,2050,3381.5668
GLOBAL,PWRHYDINDSO,2023,177.70499999999998
GLOBAL,PWRHYDINDSO,2024,188.3415
GLOBAL,PWRHYDINDSO,2025,199.635
GLOBAL,PWRHYDINDSO,2026,218.2695
GLOBAL,PWRHYDINDSO,2027,243.11550000000005
GLOBAL,PWRHYDINDSO,2028,264.9555
GLOBAL,PWRHYDINDSO,2029,330.858
GLOBAL,PWRHYDINDSO,2030,355.28700000000003
GLOBAL,PWRHYDINDSO,2031,377.9535
GLOBAL,PWRHYDINDSO,2032,406.3035
GLOBAL,PWRHYDINDSO,2033,433.5975
GLOBAL,PWRHYDINDSO,2034,459.83549999999997
GLOBAL,PWRHYDINDSO,2035,485.0175
GLOBAL,PWRHYDINDSO,2036,509.1434999999999
GLOBAL,PWRHYDINDSO,2037,521.3279999999999
GLOBAL,PWRHYDINDSO,2038,521.3279999999999
GLOBAL,PWRHYDINDSO,2039,521.3279999999999
GLOBAL,PWRHYDINDSO,2040,521.3279999999999
GLOBAL,PWRHYDINDSO,2041,521.3279999999999
GLOBAL,PWRHYDINDSO,2042,521.3279999999999
GLOBAL,PWRHYDINDSO,2043,521.3279999999999
GLOBAL,PWRHYDINDSO,2044,521.3279999999999
GLOBAL,PWRHYDINDSO,2045,521.3279999999999
GLOBAL,PWRHYDINDSO,2046,521.3279999999999
GLOBAL,PWRHYDINDSO,2047,521.3279999999999
GLOBAL,PWRHYDINDSO,2048,521.3279999999999
GLOBAL,PWRHYDINDSO,2049,521.3279999999999
GLOBAL,PWRHYDINDSO,2050,521.3279999999999
GLOBAL,PWRHYDINDWE,2023,112.38
GLOBAL,PWRHYDINDWE,2024,119.18999999999998
GLOBAL,PWRHYDINDWE,2025,126.6405
GLOBAL,PWRHYDINDWE,2026,155.72850000000003
GLOBAL,PWRHYDINDWE,2027,163.83
GLOBAL,PWRHYDINDWE,2028,201.70499999999998
GLOBAL,PWRHYDINDWE,2029,218.48400000000004
GLOBAL,PWRHYDINDWE,2030,226.02150000000006
GLOBAL,PWRHYDINDWE,2031,232.16850000000002
GLOBAL,PWRHYDINDWE,2032,245.64900000000006
GLOBAL,PWRHYDINDWE,2033,258.1425000000001
GLOBAL,PWRHYDINDWE,2034,269.64900000000006
GLOBAL,PWRHYDINDWE,2035,280.16850000000005
GLOBAL,PWRHYDINDWE,2036,289.701
GLOBAL,PWRHYDINDWE,2037,300.4335
GLOBAL,PWRHYDINDWE,2038,310.077
GLOBAL,PWRHYDINDWE,2039,318.6315
GLOBAL,PWRHYDINDWE,2040,326.097
GLOBAL,PWRHYDINDWE,2041,332.472
GLOBAL,PWRHYDINDWE,2042,340.28700000000003
GLOBAL,PWRHYDINDWE,2043,347.7765
GLOBAL,PWRHYDINDWE,2044,356.11800000000005
GLOBAL,PWRHYDINDWE,2045,366.0870000000001
GLOBAL,PWRHYDINDWE,2046,377.9040000000001
GLOBAL,PWRHYDINDWE,2047,391.2765000000001
GLOBAL,PWRHYDINDWE,2048,405.9765000000001
GLOBAL,PWRHYDINDWE,2049,421.81500000000017
GLOBAL,PWRHYDINDWE,2050,438.6315000000001
GLOBAL,PWRHYDLKAXX,2023,118.54099999999998
GLOBAL,PWRHYDLKAXX,2024,118.54099999999998
GLOBAL,PWRHYDLKAXX,2025,119.18699999999998
GLOBAL,PWRHYDLKAXX,2026,119.83299999999998
GLOBAL,PWRHYDLKAXX,2027,120.47899999999998
GLOBAL,PWRHYDLKAXX,2028,121.77099999999999
GLOBAL,PWRHYDLKAXX,2029,123.06299999999999
GLOBAL,PWRHYDLKAXX,2030,124.35499999999999
GLOBAL,PWRHYDLKAXX,2031,125.64699999999999
GLOBAL,PWRHYDLKAXX,2032,125.64699999999999
GLOBAL,PWRHYDLKAXX,2033,125.64699999999999
GLOBAL,PWRHYDLKAXX,2034,164.40699999999995
GLOBAL,PWRHYDLKAXX,2035,164.40699999999995
GLOBAL,PWRHYDLKAXX,2036,164.40699999999995
GLOBAL,PWRHYDLKAXX,2037,164.40699999999995
GLOBAL,PWRHYDLKAXX,2038,164.40699999999995
GLOBAL,PWRHYDLKAXX,2039,164.40699999999995
GLOBAL,PWRHYDLKAXX,2040,164.40699999999995
GLOBAL,PWRHYDLKAXX,2041,164.40699999999995
GLOBAL,PWRHYDLKAXX,2042,164.40699999999995
GLOBAL,PWRHYDLKAXX,2043,164.40699999999995
GLOBAL,PWRHYDLKAXX,2044,164.40699999999995
GLOBAL,PWRHYDLKAXX,2045,164.40699999999995
GLOBAL,PWRHYDLKAXX,2046,164.40699999999995
GLOBAL,PWRHYDLKAXX,2047,164.40699999999995
GLOBAL,PWRHYDLKAXX,2048,164.40699999999995
GLOBAL,PWRHYDLKAXX,2049,164.40699999999995
GLOBAL,PWRHYDLKAXX,2050,164.40699999999995
GLOBAL,PWRHYDNPLXX,2023,154.56000000000003
GLOBAL,PWRHYDNPLXX,2024,166.60464000000002
GLOBAL,PWRHYDNPLXX,2025,196.46784000000002
GLOBAL,PWRHYDNPLXX,2026,209.85384
GLOBAL,PWRHYDNPLXX,2027,223.99056000000002
GLOBAL,PWRHYDNPLXX,2028,250.76808000000003
GLOBAL,PWRHYDNPLXX,2029,291.732
GLOBAL,PWRHYDNPLXX,2030,348.73704000000004
GLOBAL,PWRHYDNPLXX,2031,410.41752
GLOBAL,PWRHYDNPLXX,2032,477.18191999999993
GLOBAL,PWRHYDNPLXX,2033,549.43872
GLOBAL,PWRHYDNPLXX,2034,593.1295200000001
GLOBAL,PWRHYDNPLXX,2035,636.82032
GLOBAL,PWRHYDNPLXX,2036,680.51112
GLOBAL,PWRHYDNPLXX,2037,724.1964
GLOBAL,PWRHYDNPLXX,2038,767.8872
GLOBAL,PWRHYDNPLXX,2039,811.5780000000001
GLOBAL,PWRHYDNPLXX,2040,855.2688
GLOBAL,PWRHYDNPLXX,2041,898.9596000000001
GLOBAL,PWRHYDNPLXX,2042,942.6504000000001
GLOBAL,PWRHYDNPLXX,2043,986.3412
GLOBAL,PWRHYDNPLXX,2044,1030.0320000000002
GLOBAL,PWRHYDNPLXX,2045,1073.7228
GLOBAL,PWRHYDNPLXX,2046,1117.4135999999999
GLOBAL,PWRHYDNPLXX,2047,1167.59592
GLOBAL,PWRHYDNPLXX,2048,1228.0730399999995
GLOBAL,PWRHYDNPLXX,2049,1299.0988799999996
GLOBAL,PWRHYDNPLXX,2050,1299.0988799999996
GLOBAL,PWRLDSBGDXX,2030,1.9000000000000001
GLOBAL,PWRLDSBGDXX,2031,4.1579999999999995
GLOBAL,PWRLDSBGDXX,2032,6.767999999999997
GLOBAL,PWRLDSBGDXX,2033,9.724
GLOBAL,PWRLDSBGDXX,2034,13.019999999999998
GLOBAL,PWRLDSBGDXX,2035,16.650000000000002
GLOBAL,PWRLDSBGDXX,2036,20.496000000000002
GLOBAL,PWRLDSBGDXX,2037,24.616
GLOBAL,PWRLDSBGDXX,2038,28.998
GLOBAL,PWRLDSBGDXX,2039,33.629999999999995
GLOBAL,PWRLDSBGDXX,2040,38.5
GLOBAL,PWRLDSBGDXX,2041,43.50000000000001
GLOBAL,PWRLDSBGDXX,2042,48.44000000000001
GLOBAL,PWRLDSBGDXX,2043,53.320000000000014
GLOBAL,PWRLDSBGDXX,2044,58.14000000000003
GLOBAL,PWRLDSBGDXX,2045,62.90000000000001
GLOBAL,PWRLDSBGDXX,2046,67.60000000000001
GLOBAL,PWRLDSBGDXX,2047,72.24
GLOBAL,PWRLDSBGDXX,2048,76.82
GLOBAL,PWRLDSBGDXX,2049,81.34
GLOBAL,PWRLDSBGDXX,2050,85.79999999999997
GLOBAL,PWRLDSBTNXX,2030,1.9000000000000001
GLOBAL,PWRLDSBTNXX,2031,4.1579999999999995
GLOBAL,PWRLDSBTNXX,2032,6.767999999999997
GLOBAL,PWRLDSBTNXX,2033,9.724
GLOBAL,PWRLDSBTNXX,2034,13.019999999999998
GLOBAL,PWRLDSBTNXX,2035,16.650000000000002
GLOBAL,PWRLDSBTNXX,2036,20.496000000000002
GLOBAL,PWRLDSBTNXX,2037,24.616
GLOBAL,PWRLDSBTNXX,2038,28.998
GLOBAL,PWRLDSBTNXX,2039,33.629999999999995
GLOBAL,PWRLDSBTNXX,2040,38.5
GLOBAL,PWRLDSBTNXX,2041,43.50000000000001
GLOBAL,PWRLDSBTNXX,2042,48.44000000000001
GLOBAL,PWRLDSBTNXX,2043,53.320000000000014
GLOBAL,PWRLDSBTNXX,2044,58.14000000000003
GLOBAL,PWRLDSBTNXX,2045,62.90000000000001
GLOBAL,PWRLDSBTNXX,2046,67.60000000000001
GLOBAL,PWRLDSBTNXX,2047,72.24
GLOBAL,PWRLDSBTNXX,2048,76.82
GLOBAL,PWRLDSBTNXX,2049,81.34
GLOBAL,PWRLDSBTNXX,2050,85.79999999999997
GLOBAL,PWRLDSINDEA,2030,1.9000000000000001
GLOBAL,PWRLDSINDEA,2031,4.1579999999999995
GLOBAL,PWRLDSINDEA,2032,6.767999999999997
GLOBAL,PWRLDSINDEA,2033,9.724
GLOBAL,PWRLDSINDEA,2034,13.019999999999998
GLOBAL,PWRLDSINDEA,2035,16.650000000000002
GLOBAL,PWRLDSINDEA,2036,20.496000000000002
GLOBAL,PWRLDSINDEA,2037,24.616
GLOBAL,PWRLDSINDEA,2038,28.998
GLOBAL,PWRLDSINDEA,2039,33.629999999999995
GLOBAL,PWRLDSINDEA,2040,38.5
GLOBAL,PWRLDSINDEA,2041,43.50000000000001
GLOBAL,PWRLDSINDEA,2042,48.44000000000001
GLOBAL,PWRLDSINDEA,2043,53.320000000000014
GLOBAL,PWRLDSINDEA,2044,58.14000000000003
GLOBAL,PWRLDSINDEA,2045,62.90000000000001
GLOBAL,PWRLDSINDEA,2046,67.60000000000001
GLOBAL,PWRLDSINDEA,2047,72.24
GLOBAL,PWRLDSINDEA,2048,76.82
GLOBAL,PWRLDSINDEA,2049,81.34
GLOBAL,PWRLDSINDEA,2050,85.79999999999997
GLOBAL,PWRLDSINDNE,2030,1.9000000000000001
GLOBAL,PWRLDSINDNE,2031,4.1579999999999995
GLOBAL,PWRLDSINDNE,2032,6.767999999999997
GLOBAL,PWRLDSINDNE,2033,9.724
GLOBAL,PWRLDSINDNE,2034,13.019999999999998
GLOBAL,PWRLDSINDNE,2035,16.650000000000002
GLOBAL,PWRLDSINDNE,2036,20.496000000000002
GLOBAL,PWRLDSINDNE,2037,24.616
GLOBAL,PWRLDSINDNE,2038,28.998
GLOBAL,PWRLDSINDNE,2039,33.629999999999995
GLOBAL,PWRLDSINDNE,2040,38.5
GLOBAL,PWRLDSINDNE,2041,43.50000000000001
GLOBAL,PWRLDSINDNE,2042,48.44000000000001
GLOBAL,PWRLDSINDNE,2043,53.320000000000014
GLOBAL,PWRLDSINDNE,2044,58.14000000000003
GLOBAL,PWRLDSINDNE,2045,62.90000000000001
GLOBAL,PWRLDSINDNE,2046,67.60000000000001
GLOBAL,PWRLDSINDNE,2047,72.24
GLOBAL,PWRLDSINDNE,2048,76.82
GLOBAL,PWRLDSINDNE,2049,81.34
GLOBAL,PWRLDSINDNE,2050,85.79999999999997
GLOBAL,PWRLDSINDNO,2030,1.9000000000000001
GLOBAL,PWRLDSINDNO,2031,4.1579999999999995
GLOBAL,PWRLDSINDNO,2032,6.767999999999997
GLOBAL,PWRLDSINDNO,2033,9.724
GLOBAL,PWRLDSINDNO,2034,13.019999999999998
GLOBAL,PWRLDSINDNO,2035,16.650000000000002
GLOBAL,PWRLDSINDNO,2036,20.496000000000002
GLOBAL,PWRLDSINDNO,2037,24.616
GLOBAL,PWRLDSINDNO,2038,28.998
GLOBAL,PWRLDSINDNO,2039,33.629999999999995
GLOBAL,PWRLDSINDNO,2040,38.5
GLOBAL,PWRLDSINDNO,2041,43.50000000000001
GLOBAL,PWRLDSINDNO,2042,48.44000000000001
GLOBAL,PWRLDSINDNO,2043,53.320000000000014
GLOBAL,PWRLDSINDNO,2044,58.14000000000003
GLOBAL,PWRLDSINDNO,2045,62.90000000000001
GLOBAL,PWRLDSINDNO,2046,67.60000000000001
GLOBAL,PWRLDSINDNO,2047,72.24
GLOBAL,PWRLDSINDNO,2048,76.82
GLOBAL,PWRLDSINDNO,2049,81.34
GLOBAL,PWRLDSINDNO,2050,85.79999999999997
GLOBAL,PWRLDSINDSO,2030,1.9000000000000001
GLOBAL,PWRLDSINDSO,2031,4.1579999999999995
GLOBAL,PWRLDSINDSO,2032,6.767999999999997
GLOBAL,PWRLDSINDSO,2033,9.724
GLOBAL,PWRLDSINDSO,2034,13.019999999999998
GLOBAL,PWRLDSINDSO,2035,16.650000000000002
GLOBAL,PWRLDSINDSO,2036,20.496000000000002
GLOBAL,PWRLDSINDSO,2037,24.616
GLOBAL,PWRLDSINDSO,2038,28.998
GLOBAL,PWRLDSINDSO,2039,33.629999999999995
GLOBAL,PWRLDSINDSO,2040,38.5
GLOBAL,PWRLDSINDSO,2041,43.50000000000001
GLOBAL,PWRLDSINDSO,2042,48.44000000000001
GLOBAL,PWRLDSINDSO,2043,53.320000000000014
GLOBAL,PWRLDSINDSO,2044,58.14000000000003
GLOBAL,PWRLDSINDSO,2045,62.90000000000001
GLOBAL,PWRLDSINDSO,2046,67.60000000000001
GLOBAL,PWRLDSINDSO,2047,72.24
GLOBAL,PWRLDSINDSO,2048,76.82
GLOBAL,PWRLDSINDSO,2049,81.34
GLOBAL,PWRLDSINDSO,2050,85.79999999999997
GLOBAL,PWRLDSINDWE,2030,1.9000000000000001
GLOBAL,PWRLDSINDWE,2031,4.1579999999999995
GLOBAL,PWRLDSINDWE,2032,6.767999999999997
GLOBAL,PWRLDSINDWE,2033,9.724
GLOBAL,PWRLDSINDWE,2034,13.019999999999998
GLOBAL,PWRLDSINDWE,2035,16.650000000000002
GLOBAL,PWRLDSINDWE,2036,20.496000000000002
GLOBAL,PWRLDSINDWE,2037,24.616
GLOBAL,PWRLDSINDWE,2038,28.998
GLOBAL,PWRLDSINDWE,2039,33.629999999999995
GLOBAL,PWRLDSINDWE,2040,38.5
GLOBAL,PWRLDSINDWE,2041,43.50000000000001
GLOBAL,PWRLDSINDWE,2042,48.44000000000001
GLOBAL,PWRLDSINDWE,2043,53.320000000000014
GLOBAL,PWRLDSINDWE,2044,58.14000000000003
GLOBAL,PWRLDSINDWE,2045,62.90000000000001
GLOBAL,PWRLDSINDWE,2046,67.60000000000001
GLOBAL,PWRLDSINDWE,2047,72.24
GLOBAL,PWRLDSINDWE,2048,76.82
GLOBAL,PWRLDSINDWE,2049,81.34
GLOBAL,PWRLDSINDWE,2050,85.79999999999997
GLOBAL,PWRLDSLKAXX,2030,1.9000000000000001
GLOBAL,PWRLDSLKAXX,2031,4.1579999999999995
GLOBAL,PWRLDSLKAXX,2032,6.767999999999997
GLOBAL,PWRLDSLKAXX,2033,9.724
GLOBAL,PWRLDSLKAXX,2034,13.019999999999998
GLOBAL,PWRLDSLKAXX,2035,16.650000000000002
GLOBAL,PWRLDSLKAXX,2036,20.496000000000002
GLOBAL,PWRLDSLKAXX,2037,24.616
GLOBAL,PWRLDSLKAXX,2038,28.998
GLOBAL,PWRLDSLKAXX,2039,33.629999999999995
GLOBAL,PWRLDSLKAXX,2040,38.5
GLOBAL,PWRLDSLKAXX,2041,43.50000000000001
GLOBAL,PWRLDSLKAXX,2042,48.44000000000001
GLOBAL,PWRLDSLKAXX,2043,53.320000000000014
GLOBAL,PWRLDSLKAXX,2044,58.14000000000003
GLOBAL,PWRLDSLKAXX,2045,62.90000000000001
GLOBAL,PWRLDSLKAXX,2046,67.60000000000001
GLOBAL,PWRLDSLKAXX,2047,72.24
GLOBAL,PWRLDSLKAXX,2048,76.82
GLOBAL,PWRLDSLKAXX,2049,81.34
GLOBAL,PWRLDSLKAXX,2050,85.79999999999997
GLOBAL,PWRLDSMDVXX,2030,1.9000000000000001
GLOBAL,PWRLDSMDVXX,2031,4.1579999999999995
GLOBAL,PWRLDSMDVXX,2032,6.767999999999997
GLOBAL,PWRLDSMDVXX,2033,9.724
GLOBAL,PWRLDSMDVXX,2034,13.019999999999998
GLOBAL,PWRLDSMDVXX,2035,16.650000000000002
GLOBAL,PWRLDSMDVXX,2036,20.496000000000002
GLOBAL,PWRLDSMDVXX,2037,24.616
GLOBAL,PWRLDSMDVXX,2038,28.998
GLOBAL,PWRLDSMDVXX,2039,33.629999999999995
GLOBAL,PWRLDSMDVXX,2040,38.5
GLOBAL,PWRLDSMDVXX,2041,43.50000000000001
GLOBAL,PWRLDSMDVXX,2042,48.44000000000001
GLOBAL,PWRLDSMDVXX,2043,53.320000000000014
GLOBAL,PWRLDSMDVXX,2044,58.14000000000003
GLOBAL,PWRLDSMDVXX,2045,62.90000000000001
GLOBAL,PWRLDSMDVXX,2046,67.60000000000001
GLOBAL,PWRLDSMDVXX,2047,72.24
GLOBAL,PWRLDSMDVXX,2048,76.82
GLOBAL,PWRLDSMDVXX,2049,81.34
GLOBAL,PWRLDSMDVXX,2050,85.79999999999997
GLOBAL,PWRLDSNPLXX,2030,1.9000000000000001
GLOBAL,PWRLDSNPLXX,2031,4.1579999999999995
GLOBAL,PWRLDSNPLXX,2032,6.767999999999997
GLOBAL,PWRLDSNPLXX,2033,9.724
GLOBAL,PWRLDSNPLXX,2034,13.019999999999998
GLOBAL,PWRLDSNPLXX,2035,16.650000000000002
GLOBAL,PWRLDSNPLXX,2036,20.496000000000002
GLOBAL,PWRLDSNPLXX,2037,24.616
GLOBAL,PWRLDSNPLXX,2038,28.998
GLOBAL,PWRLDSNPLXX,2039,33.629999999999995
GLOBAL,PWRLDSNPLXX,2040,38.5
GLOBAL,PWRLDSNPLXX,2041,43.50000000000001
GLOBAL,PWRLDSNPLXX,2042,48.44000000000001
GLOBAL,PWRLDSNPLXX,2043,53.320000000000014
GLOBAL,PWRLDSNPLXX,2044,58.14000000000003
GLOBAL,PWRLDSNPLXX,2045,62.90000000000001
GLOBAL,PWRLDSNPLXX,2046,67.60000000000001
GLOBAL,PWRLDSNPLXX,2047,72.24
GLOBAL,PWRLDSNPLXX,2048,76.82
GLOBAL,PWRLDSNPLXX,2049,81.34
GLOBAL,PWRLDSNPLXX,2050,85.79999999999997
GLOBAL,PWRNGSBGDXX,2023,152.74017
GLOBAL,PWRNGSBGDXX,2024,152.74017
GLOBAL,PWRNGSBGDXX,2025,221.36664000000002
GLOBAL,PWRNGSBGDXX,2026,233.533839
GLOBAL,PWRNGSBGDXX,2027,246.525774
GLOBAL,PWRNGSBGDXX,2028,263.172789
GLOBAL,PWRNGSBGDXX,2029,269.29153349999996
GLOBAL,PWRNGSBGDXX,2030,275.7254115
GLOBAL,PWRNGSBGDXX,2031,278.4995235
GLOBAL,PWRNGSBGDXX,2032,281.2994085
GLOBAL,PWRNGSBGDXX,2033,284.105151
GLOBAL,PWRNGSBGDXX,2034,286.8944925
GLOBAL,PWRNGSBGDXX,2035,289.644003
GLOBAL,PWRNGSBGDXX,2036,292.3255665
GLOBAL,PWRNGSBGDXX,2037,294.9098955
GLOBAL,PWRNGSBGDXX,2038,297.36418799999996
GLOBAL,PWRNGSBGDXX,2039,299.653299
GLOBAL,PWRNGSBGDXX,2040,301.73739750000004
GLOBAL,PWRNGSBGDXX,2041,303.57313800000003
GLOBAL,PWRNGSBGDXX,2042,303.4665315
GLOBAL,PWRNGSBGDXX,2043,305.1933225
GLOBAL,PWRNGSBGDXX,2044,307.9182315
GLOBAL,PWRNGSBGDXX,2045,310.496703
GLOBAL,PWRNGSBGDXX,2046,314.72698950000006
GLOBAL,PWRNGSBGDXX,2047,321.47951550000005
GLOBAL,PWRNGSBGDXX,2048,330.519981
GLOBAL,PWRNGSBGDXX,2049,341.735922
GLOBAL,PWRNGSBGDXX,2050,355.0734495
GLOBAL,PWRNGSINDEA,2023,0.8520000000000001
GLOBAL,PWRNGSINDEA,2024,0.8520000000000001
GLOBAL,PWRNGSINDEA,2025,1.9169999999999991
GLOBAL,PWRNGSINDEA,2026,2.982
GLOBAL,PWRNGSINDEA,2027,4.047000000000001
GLOBAL,PWRNGSINDEA,2028,5.111999999999999
GLOBAL,PWRNGSINDEA,2029,6.148244999999999
GLOBAL,PWRNGSINDEA,2030,7.185554999999999
GLOBAL,PWRNGSINDEA,2031,8.2218
GLOBAL,PWRNGSINDEA,2032,9.258045
GLOBAL,PWRNGSINDEA,2033,10.295354999999997
GLOBAL,PWRNGSINDEA,2034,11.331599999999998
GLOBAL,PWRNGSINDEA,2035,12.367845
GLOBAL,PWRNGSINDEA,2036,13.405155000000002
GLOBAL,PWRNGSINDEA,2037,14.441400000000002
GLOBAL,PWRNGSINDEA,2038,15.477645000000006
GLOBAL,PWRNGSINDEA,2039,16.514955000000004
GLOBAL,PWRNGSINDEA,2040,17.551200000000005
GLOBAL,PWRNGSINDEA,2041,18.704595000000005
GLOBAL,PWRNGSINDEA,2042,20.48527500000001
GLOBAL,PWRNGSINDEA,2043,23.46301500000001
GLOBAL,PWRNGSINDEA,2044,27.99352500000001
GLOBAL,PWRNGSINDEA,2045,34.69663500000001
GLOBAL,PWRNGSINDEA,2046,45.52555500000001
GLOBAL,PWRNGSINDEA,2047,63.49955999999995
GLOBAL,PWRNGSINDEA,2048,90.96910499999993
GLOBAL,PWRNGSINDEA,2049,127.42724999999996
GLOBAL,PWRNGSINDEA,2050,168.722625
GLOBAL,PWRNGSINDNE,2023,17.73225
GLOBAL,PWRNGSINDNE,2024,18.79725
GLOBAL,PWRNGSINDNE,2025,19.901655
GLOBAL,PWRNGSINDNE,2026,21.113625
GLOBAL,PWRNGSINDNE,2027,22.329855
GLOBAL,PWRNGSINDNE,2028,23.864520000000002
GLOBAL,PWRNGSINDNE,2029,24.489675000000005
GLOBAL,PWRNGSINDNE,2030,24.975315000000002
GLOBAL,PWRNGSINDNE,2031,25.449240000000003
GLOBAL,PWRNGSINDNE,2032,26.101020000000002
GLOBAL,PWRNGSINDNE,2033,26.695290000000004
GLOBAL,PWRNGSINDNE,2034,27.23205
GLOBAL,PWRNGSINDNE,2035,27.710235
GLOBAL,PWRNGSINDNE,2036,28.18416
GLOBAL,PWRNGSINDNE,2037,28.826355000000003
GLOBAL,PWRNGSINDNE,2038,29.40039
GLOBAL,PWRNGSINDNE,2039,29.907329999999998
GLOBAL,PWRNGSINDNE,2040,30.381255
GLOBAL,PWRNGSINDNE,2041,30.855180000000004
GLOBAL,PWRNGSINDNE,2042,31.40685
GLOBAL,PWRNGSINDNE,2043,31.970235000000002
GLOBAL,PWRNGSINDNE,2044,32.545335
GLOBAL,PWRNGSINDNE,2045,33.13002
GLOBAL,PWRNGSINDNE,2046,33.980955
GLOBAL,PWRNGSINDNE,2047,35.16097499999999
GLOBAL,PWRNGSINDNE,2048,36.667950000000005
GLOBAL,PWRNGSINDNE,2049,38.499750000000006
GLOBAL,PWRNGSINDNE,2050,40.653180000000006
GLOBAL,PWRNGSINDNO,2023,64.91175
GLOBAL,PWRNGSINDNO,2024,68.787285
GLOBAL,PWRNGSINDNO,2025,72.88434000000001
GLOBAL,PWRNGSINDNO,2026,77.28278999999999
GLOBAL,PWRNGSINDNO,2027,81.95174999999999
GLOBAL,PWRNGSINDNO,2028,87.842265
GLOBAL,PWRNGSINDNO,2029,91.00211999999999
GLOBAL,PWRNGSINDNO,2030,92.36531999999998
GLOBAL,PWRNGSINDNO,2031,93.62521499999998
GLOBAL,PWRNGSINDNO,2032,95.61037499999999
GLOBAL,PWRNGSINDNO,2033,97.41874499999996
GLOBAL,PWRNGSINDNO,2034,99.05245500000001
GLOBAL,PWRNGSINDNO,2035,100.50937499999999
GLOBAL,PWRNGSINDNO,2036,101.789505
GLOBAL,PWRNGSINDNO,2037,103.3689
GLOBAL,PWRNGSINDNO,2038,104.756595
GLOBAL,PWRNGSINDNO,2039,105.95152499999999
GLOBAL,PWRNGSINDNO,2040,106.65442499999999
GLOBAL,PWRNGSINDNO,2041,107.45637
GLOBAL,PWRNGSINDNO,2042,108.73223999999999
GLOBAL,PWRNGSINDNO,2043,110.04005999999998
GLOBAL,PWRNGSINDNO,2044,111.27013500000001
GLOBAL,PWRNGSINDNO,2045,112.35430499999998
GLOBAL,PWRNGSINDNO,2046,113.70259499999997
GLOBAL,PWRNGSINDNO,2047,115.05940499999996
GLOBAL,PWRNGSINDNO,2048,116.56850999999997
GLOBAL,PWRNGSINDNO,2049,118.42160999999996
GLOBAL,PWRNGSINDNO,2050,120.59101499999998
GLOBAL,PWRNGSINDSO,2023,69.13980000000001
GLOBAL,PWRNGSINDSO,2024,69.13980000000001
GLOBAL,PWRNGSINDSO,2025,73.571265
GLOBAL,PWRNGSINDSO,2026,78.451095
GLOBAL,PWRNGSINDSO,2027,83.38736999999999
GLOBAL,PWRNGSINDSO,2028,89.55691499999999
GLOBAL,PWRNGSINDSO,2029,92.84137499999997
GLOBAL,PWRNGSINDSO,2030,94.370715
GLOBAL,PWRNGSINDSO,2031,95.623155
GLOBAL,PWRNGSINDSO,2032,97.76806499999999
GLOBAL,PWRNGSINDSO,2033,99.74683500000002
GLOBAL,PWRNGSINDSO,2034,101.56053
GLOBAL,PWRNGSINDSO,2035,103.208085
GLOBAL,PWRNGSINDSO,2036,104.690565
GLOBAL,PWRNGSINDSO,2037,106.40308500000002
GLOBAL,PWRNGSINDSO,2038,107.938815
GLOBAL,PWRNGSINDSO,2039,109.29669000000001
GLOBAL,PWRNGSINDSO,2040,110.313765
GLOBAL,PWRNGSINDSO,2041,111.31167
GLOBAL,PWRNGSINDSO,2042,112.810125
GLOBAL,PWRNGSINDSO,2043,114.354375
GLOBAL,PWRNGSINDSO,2044,115.94016
GLOBAL,PWRNGSINDSO,2045,117.56641499999999
GLOBAL,PWRNGSINDSO,2046,119.229945
GLOBAL,PWRNGSINDSO,2047,120.927555
GLOBAL,PWRNGSINDSO,2048,122.65605
GLOBAL,PWRNGSINDSO,2049,124.41117000000001
GLOBAL,PWRNGSINDSO,2050,126.18972000000001
GLOBAL,PWRNGSINDWE,2023,115.0839
GLOBAL,PWRNGSINDWE,2024,122.15124000000002
GLOBAL,PWRNGSINDWE,2025,129.88420500000004
GLOBAL,PWRNGSINDWE,2026,138.60336000000004
GLOBAL,PWRNGSINDWE,2027,147.01153500000004
GLOBAL,PWRNGSINDWE,2028,157.46557500000006
GLOBAL,PWRNGSINDWE,2029,162.586095
GLOBAL,PWRNGSINDWE,2030,161.88
GLOBAL,PWRNGSINDWE,2031,160.59561
GLOBAL,PWRNGSINDWE,2032,162.356055
GLOBAL,PWRNGSINDWE,2033,163.706475
GLOBAL,PWRNGSINDWE,2034,164.64687
GLOBAL,PWRNGSINDWE,2035,165.17830500000002
GLOBAL,PWRNGSINDWE,2036,165.29971500000002
GLOBAL,PWRNGSINDWE,2037,165.919545
GLOBAL,PWRNGSINDWE,2038,166.08675000000002
GLOBAL,PWRNGSINDWE,2039,165.80239500000002
GLOBAL,PWRNGSINDWE,2040,165.065415
GLOBAL,PWRNGSINDWE,2041,163.87581
GLOBAL,PWRNGSINDWE,2042,163.28367
GLOBAL,PWRNGSINDWE,2043,162.55734
GLOBAL,PWRNGSINDWE,2044,162.18459
GLOBAL,PWRNGSINDWE,2045,162.48705
GLOBAL,PWRNGSINDWE,2046,163.55631
GLOBAL,PWRNGSINDWE,2047,165.272025
GLOBAL,PWRNGSINDWE,2048,167.538345
GLOBAL,PWRNGSINDWE,2049,170.277525
GLOBAL,PWRNGSINDWE,2050,173.423535
GLOBAL,PWRNGSLKAXX,2023,0.1564063202951328
GLOBAL,PWRNGSLKAXX,2024,0.1564063202951328
GLOBAL,PWRNGSLKAXX,2025,3.916406320295133
GLOBAL,PWRNGSLKAXX,2026,9.51640632029513
GLOBAL,PWRNGSLKAXX,2027,11.35640632029513
GLOBAL,PWRNGSLKAXX,2028,14.556406320295133
GLOBAL,PWRNGSLKAXX,2029,14.556406320295133
GLOBAL,PWRNGSLKAXX,2030,16.63640632029513
GLOBAL,PWRNGSLKAXX,2031,18.236406320295128
GLOBAL,PWRNGSLKAXX,2032,18.236406320295128
GLOBAL,PWRNGSLKAXX,2033,18.236406320295128
GLOBAL,PWRNGSLKAXX,2034,18.236406320295128
GLOBAL,PWRNGSLKAXX,2035,23.08440632029513
GLOBAL,PWRNGSLKAXX,2036,26.31640632029513
GLOBAL,PWRNGSLKAXX,2037,29.54840632029513
GLOBAL,PWRNGSLKAXX,2038,32.78040632029512
GLOBAL,PWRNGSLKAXX,2039,36.01240632029512
GLOBAL,PWRNGSLKAXX,2040,39.24440632029512
GLOBAL,PWRNGSLKAXX,2041,40.84440632029512
GLOBAL,PWRNGSLKAXX,2042,42.44440632029513
GLOBAL,PWRNGSLKAXX,2043,44.04440632029513
GLOBAL,PWRNGSLKAXX,2044,47.27640632029513
GLOBAL,PWRNGSLKAXX,2045,48.87640632029513
GLOBAL,PWRNGSLKAXX,2046,50.476406320295126
GLOBAL,PWRNGSLKAXX,2047,52.07640632029513
GLOBAL,PWRNGSLKAXX,2048,53.676406320295136
GLOBAL,PWRNGSLKAXX,2049,55.27640632029514
GLOBAL,PWRNGSLKAXX,2050,56.87640632029514
GLOBAL,PWRNGSMDVXX,2023,3.3420025322986184
GLOBAL,PWRNGSMDVXX,2024,3.3420025322986184
GLOBAL,PWRNGSMDVXX,2025,3.3420025322986184
GLOBAL,PWRNGSMDVXX,2026,3.3420025322986184
GLOBAL,PWRNGSMDVXX,2027,3.3420025322986184
GLOBAL,PWRNGSMDVXX,2028,3.3420025322986184
GLOBAL,PWRNGSMDVXX,2029,3.3420025322986184
GLOBAL,PWRNGSMDVXX,2030,3.3420025322986184
GLOBAL,PWRNGSMDVXX,2031,3.3420025322986184
GLOBAL,PWRNGSMDVXX,2032,3.3420025322986184
GLOBAL,PWRNGSMDVXX,2033,3.3420025322986184
GLOBAL,PWRNGSMDVXX,2034,3.3420025322986184
GLOBAL,PWRNGSMDVXX,2035,3.3420025322986184
GLOBAL,PWRNGSMDVXX,2036,3.3420025322986184
GLOBAL,PWRNGSMDVXX,2037,3.3420025322986184
GLOBAL,PWRNGSMDVXX,2038,3.3420025322986184
GLOBAL,PWRNGSMDVXX,2039,3.3420025322986184
GLOBAL,PWRNGSMDVXX,2040,3.3420025322986184
GLOBAL,PWRNGSMDVXX,2041,3.3420025322986184
GLOBAL,PWRNGSMDVXX,2042,3.3420025322986184
GLOBAL,PWRNGSMDVXX,2043,3.3420025322986184
GLOBAL,PWRNGSMDVXX,2044,3.3420025322986184
GLOBAL,PWRNGSMDVXX,2045,3.3420025322986184
GLOBAL,PWRNGSMDVXX,2046,3.3420025322986184
GLOBAL,PWRNGSMDVXX,2047,3.3420025322986184
GLOBAL,PWRNGSMDVXX,2048,3.3420025322986184
GLOBAL,PWRNGSMDVXX,2049,3.3420025322986184
GLOBAL,PWRNGSMDVXX,2050,3.3420025322986184
GLOBAL,PWROILBGDXX,2023,250.2357
GLOBAL,PWROILBGDXX,2024,250.2357
GLOBAL,PWROILBGDXX,2025,250.2357
GLOBAL,PWROILBGDXX,2026,250.2357
GLOBAL,PWROILBGDXX,2027,250.2357
GLOBAL,PWROILBGDXX,2028,250.2357
GLOBAL,PWROILBGDXX,2029,250.2357
GLOBAL,PWROILBGDXX,2030,250.2357
GLOBAL,PWROILBGDXX,2031,250.2357
GLOBAL,PWROILBGDXX,2032,261.11514
GLOBAL,PWROILBGDXX,2033,272.00316
GLOBAL,PWROILBGDXX,2034,282.86973
GLOBAL,PWROILBGDXX,2035,293.68053
GLOBAL,PWROILBGDXX,2036,304.39695
GLOBAL,PWROILBGDXX,2037,314.9803799999999
GLOBAL,PWROILBGDXX,2038,325.38363
GLOBAL,PWROILBGDXX,2039,335.55950999999993
GLOBAL,PWROILBGDXX,2040,345.45224999999994
GLOBAL,PWROILBGDXX,2041,355.00178999999997
GLOBAL,PWROILBGDXX,2042,362.76669
GLOBAL,PWROILBGDXX,2043,375.3878699999999
GLOBAL,PWROILBGDXX,2044,393.62037
GLOBAL,PWROILBGDXX,2045,418.62249
GLOBAL,PWROILBGDXX,2046,452.75802000000004
GLOBAL,PWROILBGDXX,2047,457.54790375997675
GLOBAL,PWROILBGDXX,2048,509.2981737599767
GLOBAL,PWROILBGDXX,2049,569.0149737599768
GLOBAL,PWROILBGDXX,2050,636.5009637599769
GLOBAL,PWROILINDEA,2031,10.5
GLOBAL,PWROILINDEA,2032,21.0
GLOBAL,PWROILINDEA,2033,31.5
GLOBAL,PWROILINDEA,2034,42.0
GLOBAL,PWROILINDEA,2035,52.5
GLOBAL,PWROILINDEA,2036,63.0
GLOBAL,PWROILINDEA,2037,73.5
GLOBAL,PWROILINDEA,2038,84.0
GLOBAL,PWROILINDEA,2039,94.5
GLOBAL,PWROILINDEA,2040,105.0
GLOBAL,PWROILINDEA,2041,115.5
GLOBAL,PWROILINDEA,2042,126.0
GLOBAL,PWROILINDEA,2043,136.5
GLOBAL,PWROILINDEA,2044,147.0
GLOBAL,PWROILINDEA,2045,157.5
GLOBAL,PWROILINDEA,2046,168.0
GLOBAL,PWROILINDEA,2047,178.5
GLOBAL,PWROILINDEA,2048,189.0
GLOBAL,PWROILINDEA,2049,199.5
GLOBAL,PWROILINDEA,2050,210.0
GLOBAL,PWROILINDNE,2032,2.1
GLOBAL,PWROILINDNE,2033,4.2
GLOBAL,PWROILINDNE,2034,6.3
GLOBAL,PWROILINDNE,2035,8.4
GLOBAL,PWROILINDNE,2036,10.5
GLOBAL,PWROILINDNE,2037,12.599999999999998
GLOBAL,PWROILINDNE,2038,14.699999999999998
GLOBAL,PWROILINDNE,2039,16.799999999999997
GLOBAL,PWROILINDNE,2040,18.9
GLOBAL,PWROILINDNE,2041,20.999999999999996
GLOBAL,PWROILINDNE,2042,23.1
GLOBAL,PWROILINDNE,2043,25.2
GLOBAL,PWROILINDNE,2044,27.3
GLOBAL,PWROILINDNE,2045,29.4
GLOBAL,PWROILINDNE,2046,31.95780000000001
GLOBAL,PWROILINDNE,2047,31.95780000000001
GLOBAL,PWROILINDNE,2048,31.95780000000001
GLOBAL,PWROILINDNE,2049,31.95780000000001
GLOBAL,PWROILINDNE,2050,31.95780000000001
GLOBAL,PWROILINDNO,2030,10.5
GLOBAL,PWROILINDNO,2031,21.0
GLOBAL,PWROILINDNO,2032,31.5
GLOBAL,PWROILINDNO,2033,42.0
GLOBAL,PWROILINDNO,2034,52.5
GLOBAL,PWROILINDNO,2035,63.0
GLOBAL,PWROILINDNO,2036,73.5
GLOBAL,PWROILINDNO,2037,84.0
GLOBAL,PWROILINDNO,2038,94.5
GLOBAL,PWROILINDNO,2039,105.0
GLOBAL,PWROILINDNO,2040,115.5
GLOBAL,PWROILINDNO,2041,126.0
GLOBAL,PWROILINDNO,2042,136.5
GLOBAL,PWROILINDNO,2043,147.0
GLOBAL,PWROILINDNO,2044,157.5
GLOBAL,PWROILINDNO,2045,168.0
GLOBAL,PWROILINDNO,2046,178.5
GLOBAL,PWROILINDNO,2047,189.0
GLOBAL,PWROILINDNO,2048,199.5
GLOBAL,PWROILINDNO,2049,210.0
GLOBAL,PWROILINDNO,2050,210.0
GLOBAL,PWROILINDSO,2023,9.107699999999998
GLOBAL,PWROILINDSO,2024,9.107699999999998
GLOBAL,PWROILINDSO,2025,9.107699999999998
GLOBAL,PWROILINDSO,2026,9.107699999999998
GLOBAL,PWROILINDSO,2027,9.107699999999998
GLOBAL,PWROILINDSO,2028,9.107699999999998
GLOBAL,PWROILINDSO,2029,9.107699999999998
GLOBAL,PWROILINDSO,2030,9.107699999999998
GLOBAL,PWROILINDSO,2031,11.207699999999999
GLOBAL,PWROILINDSO,2032,13.307699999999999
GLOBAL,PWROILINDSO,2033,15.407699999999998
GLOBAL,PWROILINDSO,2034,17.507699999999996
GLOBAL,PWROILINDSO,2035,19.607699999999994
GLOBAL,PWROILINDSO,2036,21.707699999999996
GLOBAL,PWROILINDSO,2037,23.807699999999997
GLOBAL,PWROILINDSO,2038,25.907700000000002
GLOBAL,PWROILINDSO,2039,28.007700000000003
GLOBAL,PWROILINDSO,2040,30.107700000000005
GLOBAL,PWROILINDSO,2041,32.20770000000001
GLOBAL,PWROILINDSO,2042,34.30770000000001
GLOBAL,PWROILINDSO,2043,36.40770000000001
GLOBAL,PWROILINDSO,2044,38.507700000000014
GLOBAL,PWROILINDSO,2045,40.607700000000015
GLOBAL,PWROILINDSO,2046,42.70770000000001
GLOBAL,PWROILINDSO,2047,44.80770000000001
GLOBAL,PWROILINDSO,2048,46.90770000000001
GLOBAL,PWROILINDSO,2049,49.007700000000014
GLOBAL,PWROILINDSO,2050,51.107700000000015
GLOBAL,PWROILINDWE,2031,10.5
GLOBAL,PWROILINDWE,2032,21.0
GLOBAL,PWROILINDWE,2033,31.5
GLOBAL,PWROILINDWE,2034,42.0
GLOBAL,PWROILINDWE,2035,52.5
GLOBAL,PWROILINDWE,2036,63.0
GLOBAL,PWROILINDWE,2037,73.5
GLOBAL,PWROILINDWE,2038,84.0
GLOBAL,PWROILINDWE,2039,94.5
GLOBAL,PWROILINDWE,2040,105.0
GLOBAL,PWROILINDWE,2041,115.5
GLOBAL,PWROILINDWE,2042,126.0
GLOBAL,PWROILINDWE,2043,136.5
GLOBAL,PWROILINDWE,2044,147.0
GLOBAL,PWROILINDWE,2045,157.5
GLOBAL,PWROILINDWE,2046,168.0
GLOBAL,PWROILINDWE,2047,178.5
GLOBAL,PWROILINDWE,2048,189.0
GLOBAL,PWROILINDWE,2049,199.5
GLOBAL,PWROILINDWE,2050,210.0
GLOBAL,PWROILLKAXX,2023,63.7728
GLOBAL,PWROILLKAXX,2024,63.7728
GLOBAL,PWROILLKAXX,2025,63.7728
GLOBAL,PWROILLKAXX,2026,74.802
GLOBAL,PWROILLKAXX,2027,74.802
GLOBAL,PWROILLKAXX,2028,74.802
GLOBAL,PWROILLKAXX,2029,74.802
GLOBAL,PWROILLKAXX,2030,74.802
GLOBAL,PWROILLKAXX,2031,74.802
GLOBAL,PWROILLKAXX,2032,74.802
GLOBAL,PWROILLKAXX,2033,74.802
GLOBAL,PWROILLKAXX,2034,74.802
GLOBAL,PWROILLKAXX,2035,74.802
GLOBAL,PWROILLKAXX,2036,74.802
GLOBAL,PWROILLKAXX,2037,74.802
GLOBAL,PWROILLKAXX,2038,74.802
GLOBAL,PWROILLKAXX,2039,74.802
GLOBAL,PWROILLKAXX,2040,81.15198
GLOBAL,PWROILLKAXX,2041,87.7968
GLOBAL,PWROILLKAXX,2042,94.45253999999998
GLOBAL,PWROILLKAXX,2043,101.21748
GLOBAL,PWROILLKAXX,2044,108.15168
GLOBAL,PWROILLKAXX,2045,114.88385999999997
GLOBAL,PWROILLKAXX,2046,114.88385999999997
GLOBAL,PWROILLKAXX,2047,114.88385999999997
GLOBAL,PWROILLKAXX,2048,114.88385999999997
GLOBAL,PWROILLKAXX,2049,114.88385999999997
GLOBAL,PWROILLKAXX,2050,114.88385999999997
GLOBAL,PWROILMDVXX,2023,20.728499999999993
GLOBAL,PWROILMDVXX,2024,20.728499999999993
GLOBAL,PWROILMDVXX,2025,20.728499999999993
GLOBAL,PWROILMDVXX,2026,20.728499999999993
GLOBAL,PWROILMDVXX,2027,20.728499999999993
GLOBAL,PWROILMDVXX,2028,20.728499999999993
GLOBAL,PWROILMDVXX,2029,20.728499999999993
GLOBAL,PWROILMDVXX,2030,20.728499999999993
GLOBAL,PWROILMDVXX,2031,20.728499999999993
GLOBAL,PWROILMDVXX,2032,20.728499999999993
GLOBAL,PWROILMDVXX,2033,20.728499999999993
GLOBAL,PWROILMDVXX,2034,20.728499999999993
GLOBAL,PWROILMDVXX,2035,20.728499999999993
GLOBAL,PWROILMDVXX,2036,20.728499999999993
GLOBAL,PWROILMDVXX,2037,20.728499999999993
GLOBAL,PWROILMDVXX,2038,20.728499999999993
GLOBAL,PWROILMDVXX,2039,20.728499999999993
GLOBAL,PWROILMDVXX,2040,20.728499999999993
GLOBAL,PWROILMDVXX,2041,20.728499999999993
GLOBAL,PWROILMDVXX,2042,20.728499999999993
GLOBAL,PWROILMDVXX,2043,20.728499999999993
GLOBAL,PWROILMDVXX,2044,20.728499999999993
GLOBAL,PWROILMDVXX,2045,20.728499999999993
GLOBAL,PWROILMDVXX,2046,20.728499999999993
GLOBAL,PWROILMDVXX,2047,20.728499999999993
GLOBAL,PWROILMDVXX,2048,20.728499999999993
GLOBAL,PWROILMDVXX,2049,20.728499999999993
GLOBAL,PWROILMDVXX,2050,20.728499999999993
GLOBAL,PWROILNPLXX,2023,2.273699999999996
GLOBAL,PWROILNPLXX,2024,2.273699999999996
GLOBAL,PWROILNPLXX,2025,2.273699999999996
GLOBAL,PWROILNPLXX,2026,2.273699999999996
GLOBAL,PWROILNPLXX,2027,2.273699999999996
GLOBAL,PWROILNPLXX,2028,2.273699999999996
GLOBAL,PWROILNPLXX,2029,2.273699999999996
GLOBAL,PWROILNPLXX,2030,2.273699999999996
GLOBAL,PWROILNPLXX,2031,2.273699999999996
GLOBAL,PWROILNPLXX,2032,6.5637
GLOBAL,PWROILNPLXX,2033,10.8537
GLOBAL,PWROILNPLXX,2034,15.143699999999995
GLOBAL,PWROILNPLXX,2035,19.433699999999995
GLOBAL,PWROILNPLXX,2036,23.723699999999997
GLOBAL,PWROILNPLXX,2037,28.013699999999996
GLOBAL,PWROILNPLXX,2038,32.30369999999999
GLOBAL,PWROILNPLXX,2039,36.59369999999999
GLOBAL,PWROILNPLXX,2040,40.88369999999999
GLOBAL,PWROILNPLXX,2041,45.1737
GLOBAL,PWROILNPLXX,2042,49.4637
GLOBAL,PWROILNPLXX,2043,53.753699999999995
GLOBAL,PWROILNPLXX,2044,58.04370000000001
GLOBAL,PWROILNPLXX,2045,62.33370000000001
GLOBAL,PWROILNPLXX,2046,66.62370000000001
GLOBAL,PWROILNPLXX,2047,66.62370000000001
GLOBAL,PWROILNPLXX,2048,72.56106000000001
GLOBAL,PWROILNPLXX,2049,79.5366
GLOBAL,PWROILNPLXX,2050,87.57177000000004
GLOBAL,PWRPETBGDXX,2032,10.5
GLOBAL,PWRPETBGDXX,2033,21.0
GLOBAL,PWRPETBGDXX,2034,31.5
GLOBAL,PWRPETBGDXX,2035,42.0
GLOBAL,PWRPETBGDXX,2036,52.5
GLOBAL,PWRPETBGDXX,2037,63.0
GLOBAL,PWRPETBGDXX,2038,73.5
GLOBAL,PWRPETBGDXX,2039,84.0
GLOBAL,PWRPETBGDXX,2040,94.5
GLOBAL,PWRPETBGDXX,2041,105.0
GLOBAL,PWRPETBGDXX,2042,115.5
GLOBAL,PWRPETBGDXX,2043,126.0
GLOBAL,PWRPETBGDXX,2044,136.5
GLOBAL,PWRPETBGDXX,2045,147.0
GLOBAL,PWRPETBGDXX,2046,157.5
GLOBAL,PWRPETBGDXX,2047,157.5
GLOBAL,PWRPETBGDXX,2048,168.0
GLOBAL,PWRPETBGDXX,2049,178.5
GLOBAL,PWRPETBGDXX,2050,189.0
GLOBAL,PWRPETBTNXX,2032,10.5
GLOBAL,PWRPETBTNXX,2033,21.0
GLOBAL,PWRPETBTNXX,2034,31.5
GLOBAL,PWRPETBTNXX,2035,42.0
GLOBAL,PWRPETBTNXX,2036,52.5
GLOBAL,PWRPETBTNXX,2037,63.0
GLOBAL,PWRPETBTNXX,2038,73.5
GLOBAL,PWRPETBTNXX,2039,84.0
GLOBAL,PWRPETBTNXX,2040,94.5
GLOBAL,PWRPETBTNXX,2041,105.0
GLOBAL,PWRPETBTNXX,2042,115.5
GLOBAL,PWRPETBTNXX,2043,126.0
GLOBAL,PWRPETBTNXX,2044,136.5
GLOBAL,PWRPETBTNXX,2045,147.0
GLOBAL,PWRPETBTNXX,2046,152.15266872205882
GLOBAL,PWRPETBTNXX,2047,152.15266872205882
GLOBAL,PWRPETBTNXX,2048,162.65266872205882
GLOBAL,PWRPETBTNXX,2049,173.15266872205876
GLOBAL,PWRPETBTNXX,2050,183.65266872205876
GLOBAL,PWRPETINDEA,2031,10.5
GLOBAL,PWRPETINDEA,2032,21.0
GLOBAL,PWRPETINDEA,2033,31.5
GLOBAL,PWRPETINDEA,2034,42.0
GLOBAL,PWRPETINDEA,2035,52.5
GLOBAL,PWRPETINDEA,2036,63.0
GLOBAL,PWRPETINDEA,2037,73.5
GLOBAL,PWRPETINDEA,2038,84.0
GLOBAL,PWRPETINDEA,2039,94.5
GLOBAL,PWRPETINDEA,2040,105.0
GLOBAL,PWRPETINDEA,2041,115.5
GLOBAL,PWRPETINDEA,2042,126.0
GLOBAL,PWRPETINDEA,2043,136.5
GLOBAL,PWRPETINDEA,2044,147.0
GLOBAL,PWRPETINDEA,2045,157.5
GLOBAL,PWRPETINDEA,2046,168.0
GLOBAL,PWRPETINDEA,2047,178.5
GLOBAL,PWRPETINDEA,2048,189.0
GLOBAL,PWRPETINDEA,2049,199.5
GLOBAL,PWRPETINDEA,2050,210.0
GLOBAL,PWRPETINDNE,2032,10.5
GLOBAL,PWRPETINDNE,2033,21.0
GLOBAL,PWRPETINDNE,2034,31.5
GLOBAL,PWRPETINDNE,2035,42.0
GLOBAL,PWRPETINDNE,2036,52.5
GLOBAL,PWRPETINDNE,2037,63.0
GLOBAL,PWRPETINDNE,2038,73.5
GLOBAL,PWRPETINDNE,2039,84.0
GLOBAL,PWRPETINDNE,2040,94.5
GLOBAL,PWRPETINDNE,2041,105.0
GLOBAL,PWRPETINDNE,2042,115.5
GLOBAL,PWRPETINDNE,2043,126.0
GLOBAL,PWRPETINDNE,2044,136.5
GLOBAL,PWRPETINDNE,2045,147.0
GLOBAL,PWRPETINDNE,2046,157.5
GLOBAL,PWRPETINDNE,2047,157.5
GLOBAL,PWRPETINDNE,2048,164.0262228830064
GLOBAL,PWRPETINDNE,2049,165.35174570308772
GLOBAL,PWRPETINDNE,2050,165.35174570308772
GLOBAL,PWRPETINDNO,2030,10.5
GLOBAL,PWRPETINDNO,2031,21.0
GLOBAL,PWRPETINDNO,2032,31.5
GLOBAL,PWRPETINDNO,2033,42.0
GLOBAL,PWRPETINDNO,2034,52.5
GLOBAL,PWRPETINDNO,2035,63.0
GLOBAL,PWRPETINDNO,2036,73.5
GLOBAL,PWRPETINDNO,2037,84.0
GLOBAL,PWRPETINDNO,2038,94.5
GLOBAL,PWRPETINDNO,2039,105.0
GLOBAL,PWRPETINDNO,2040,115.5
GLOBAL,PWRPETINDNO,2041,126.0
GLOBAL,PWRPETINDNO,2042,136.5
GLOBAL,PWRPETINDNO,2043,147.0
GLOBAL,PWRPETINDNO,2044,157.5
GLOBAL,PWRPETINDNO,2045,168.0
GLOBAL,PWRPETINDNO,2046,178.5
GLOBAL,PWRPETINDNO,2047,189.0
GLOBAL,PWRPETINDNO,2048,199.5
GLOBAL,PWRPETINDNO,2049,210.0
GLOBAL,PWRPETINDNO,2050,210.0
GLOBAL,PWRPETINDSO,2032,10.5
GLOBAL,PWRPETINDSO,2033,21.0
GLOBAL,PWRPETINDSO,2034,31.5
GLOBAL,PWRPETINDSO,2035,42.0
GLOBAL,PWRPETINDSO,2036,52.5
GLOBAL,PWRPETINDSO,2037,63.0
GLOBAL,PWRPETINDSO,2038,73.5
GLOBAL,PWRPETINDSO,2039,84.0
GLOBAL,PWRPETINDSO,2040,94.5
GLOBAL,PWRPETINDSO,2041,105.0
GLOBAL,PWRPETINDSO,2042,115.5
GLOBAL,PWRPETINDSO,2043,126.0
GLOBAL,PWRPETINDSO,2044,136.5
GLOBAL,PWRPETINDSO,2045,147.0
GLOBAL,PWRPETINDSO,2046,157.5
GLOBAL,PWRPETINDSO,2047,168.0
GLOBAL,PWRPETINDSO,2048,178.5
GLOBAL,PWRPETINDSO,2049,189.0
GLOBAL,PWRPETINDSO,2050,199.5
GLOBAL,PWRPETINDWE,2031,10.5
GLOBAL,PWRPETINDWE,2032,21.0
GLOBAL,PWRPETINDWE,2033,31.5
GLOBAL,PWRPETINDWE,2034,42.0
GLOBAL,PWRPETINDWE,2035,52.5
GLOBAL,PWRPETINDWE,2036,63.0
GLOBAL,PWRPETINDWE,2037,73.5
GLOBAL,PWRPETINDWE,2038,84.0
GLOBAL,PWRPETINDWE,2039,94.5
GLOBAL,PWRPETINDWE,2040,105.0
GLOBAL,PWRPETINDWE,2041,115.5
GLOBAL,PWRPETINDWE,2042,126.0
GLOBAL,PWRPETINDWE,2043,136.5
GLOBAL,PWRPETINDWE,2044,147.0
GLOBAL,PWRPETINDWE,2045,157.5
GLOBAL,PWRPETINDWE,2046,168.0
GLOBAL,PWRPETINDWE,2047,178.5
GLOBAL,PWRPETINDWE,2048,189.0
GLOBAL,PWRPETINDWE,2049,199.5
GLOBAL,PWRPETINDWE,2050,210.0
GLOBAL,PWRPETLKAXX,2037,8.503450661376133
GLOBAL,PWRPETLKAXX,2038,19.00345066137613
GLOBAL,PWRPETLKAXX,2039,29.50345066137613
GLOBAL,PWRPETLKAXX,2040,40.003450661376135
GLOBAL,PWRPETLKAXX,2041,50.503450661376135
GLOBAL,PWRPETLKAXX,2042,61.003450661376135
GLOBAL,PWRPETLKAXX,2043,71.50345066137614
GLOBAL,PWRPETLKAXX,2044,82.00345066137614
GLOBAL,PWRPETLKAXX,2045,92.50345066137615
GLOBAL,PWRPETLKAXX,2046,92.50345066137615
GLOBAL,PWRPETLKAXX,2047,92.50345066137615
GLOBAL,PWRPETLKAXX,2048,92.50345066137615
GLOBAL,PWRPETLKAXX,2049,92.50345066137615
GLOBAL,PWRPETLKAXX,2050,92.50345066137615
GLOBAL,PWRPETNPLXX,2031,10.5
GLOBAL,PWRPETNPLXX,2032,21.0
GLOBAL,PWRPETNPLXX,2033,31.5
GLOBAL,PWRPETNPLXX,2034,42.0
GLOBAL,PWRPETNPLXX,2035,52.5
GLOBAL,PWRPETNPLXX,2036,63.0
GLOBAL,PWRPETNPLXX,2037,73.5
GLOBAL,PWRPETNPLXX,2038,84.0
GLOBAL,PWRPETNPLXX,2039,94.5
GLOBAL,PWRPETNPLXX,2040,105.0
GLOBAL,PWRPETNPLXX,2041,115.5
GLOBAL,PWRPETNPLXX,2042,126.0
GLOBAL,PWRPETNPLXX,2043,136.5
GLOBAL,PWRPETNPLXX,2044,147.0
GLOBAL,PWRPETNPLXX,2045,157.5
GLOBAL,PWRPETNPLXX,2046,163.72034368380196
GLOBAL,PWRPETNPLXX,2047,163.72034368380196
GLOBAL,PWRPETNPLXX,2048,173.40690804982836
GLOBAL,PWRPETNPLXX,2049,183.90690804982836
GLOBAL,PWRPETNPLXX,2050,184.0995504894864
GLOBAL,PWRSDSBGDXX,2029,1.068
GLOBAL,PWRSDSBGDXX,2030,3.0599999999999996
GLOBAL,PWRSDSBGDXX,2031,5.508
GLOBAL,PWRSDSBGDXX,2032,8.363999999999997
GLOBAL,PWRSDSBGDXX,2033,11.627999999999998
GLOBAL,PWRSDSBGDXX,2034,15.299999999999999
GLOBAL,PWRSDSBGDXX,2035,19.38
GLOBAL,PWRSDSBGDXX,2036,23.587200000000003
GLOBAL,PWRSDSBGDXX,2037,28.0872
GLOBAL,PWRSDSBGDXX,2038,32.8656
GLOBAL,PWRSDSBGDXX,2039,37.908
GLOBAL,PWRSDSBGDXX,2040,43.199999999999996
GLOBAL,PWRSDSBGDXX,2041,48.96
GLOBAL,PWRSDSBGDXX,2042,54.720000000000006
GLOBAL,PWRSDSBGDXX,2043,60.48000000000001
GLOBAL,PWRSDSBGDXX,2044,65.28000000000002
GLOBAL,PWRSDSBGDXX,2045,69.12000000000002
GLOBAL,PWRSDSBGDXX,2046,71.66880000000002
GLOBAL,PWRSDSBGDXX,2047,73.7568
GLOBAL,PWRSDSBGDXX,2048,75.39840000000001
GLOBAL,PWRSDSBGDXX,2049,76.60799999999998
GLOBAL,PWRSDSBGDXX,2050,77.39999999999998
GLOBAL,PWRSDSBTNXX,2029,1.2460000000000002
GLOBAL,PWRSDSBTNXX,2030,3.57
GLOBAL,PWRSDSBTNXX,2031,6.426000000000001
GLOBAL,PWRSDSBTNXX,2032,9.758
GLOBAL,PWRSDSBTNXX,2033,13.565999999999999
GLOBAL,PWRSDSBTNXX,2034,17.85
GLOBAL,PWRSDSBTNXX,2035,22.61
GLOBAL,PWRSDSBTNXX,2036,27.518400000000003
GLOBAL,PWRSDSBTNXX,2037,32.76839999999999
GLOBAL,PWRSDSBTNXX,2038,38.3432
GLOBAL,PWRSDSBTNXX,2039,44.226
GLOBAL,PWRSDSBTNXX,2040,50.4
GLOBAL,PWRSDSBTNXX,2041,57.120000000000005
GLOBAL,PWRSDSBTNXX,2042,63.84000000000001
GLOBAL,PWRSDSBTNXX,2043,70.56000000000002
GLOBAL,PWRSDSBTNXX,2044,76.16000000000001
GLOBAL,PWRSDSBTNXX,2045,80.64000000000001
GLOBAL,PWRSDSBTNXX,2046,83.61360000000002
GLOBAL,PWRSDSBTNXX,2047,86.0496
GLOBAL,PWRSDSBTNXX,2048,87.9648
GLOBAL,PWRSDSBTNXX,2049,89.37599999999999
GLOBAL,PWRSDSBTNXX,2050,90.29999999999998
GLOBAL,PWRSDSINDEA,2029,0.8900000000000001
GLOBAL,PWRSDSINDEA,2030,2.55
GLOBAL,PWRSDSINDEA,2031,4.59
GLOBAL,PWRSDSINDEA,2032,6.969999999999999
GLOBAL,PWRSDSINDEA,2033,9.69
GLOBAL,PWRSDSINDEA,2034,12.75
GLOBAL,PWRSDSINDEA,2035,16.15
GLOBAL,PWRSDSINDEA,2036,19.656000000000002
GLOBAL,PWRSDSINDEA,2037,23.406000000000002
GLOBAL,PWRSDSINDEA,2038,27.388
GLOBAL,PWRSDSINDEA,2039,31.589999999999996
GLOBAL,PWRSDSINDEA,2040,36.0
GLOBAL,PWRSDSINDEA,2041,40.800000000000004
GLOBAL,PWRSDSINDEA,2042,45.60000000000001
GLOBAL,PWRSDSINDEA,2043,50.40000000000001
GLOBAL,PWRSDSINDEA,2044,54.40000000000001
GLOBAL,PWRSDSINDEA,2045,57.600000000000016
GLOBAL,PWRSDSINDEA,2046,59.72400000000001
GLOBAL,PWRSDSINDEA,2047,61.464
GLOBAL,PWRSDSINDEA,2048,62.832
GLOBAL,PWRSDSINDEA,2049,63.83999999999999
GLOBAL,PWRSDSINDEA,2050,64.49999999999999
GLOBAL,PWRSDSINDNE,2029,0.8900000000000001
GLOBAL,PWRSDSINDNE,2030,2.55
GLOBAL,PWRSDSINDNE,2031,4.59
GLOBAL,PWRSDSINDNE,2032,6.969999999999999
GLOBAL,PWRSDSINDNE,2033,9.69
GLOBAL,PWRSDSINDNE,2034,12.75
GLOBAL,PWRSDSINDNE,2035,16.15
GLOBAL,PWRSDSINDNE,2036,19.656000000000002
GLOBAL,PWRSDSINDNE,2037,23.406000000000002
GLOBAL,PWRSDSINDNE,2038,27.388
GLOBAL,PWRSDSINDNE,2039,31.589999999999996
GLOBAL,PWRSDSINDNE,2040,36.0
GLOBAL,PWRSDSINDNE,2041,40.800000000000004
GLOBAL,PWRSDSINDNE,2042,45.60000000000001
GLOBAL,PWRSDSINDNE,2043,50.40000000000001
GLOBAL,PWRSDSINDNE,2044,54.40000000000001
GLOBAL,PWRSDSINDNE,2045,57.600000000000016
GLOBAL,PWRSDSINDNE,2046,59.72400000000001
GLOBAL,PWRSDSINDNE,2047,61.464
GLOBAL,PWRSDSINDNE,2048,62.832
GLOBAL,PWRSDSINDNE,2049,63.83999999999999
GLOBAL,PWRSDSINDNE,2050,64.49999999999999
GLOBAL,PWRSDSINDNO,2029,0.8900000000000001
GLOBAL,PWRSDSINDNO,2030,2.55
GLOBAL,PWRSDSINDNO,2031,4.59
GLOBAL,PWRSDSINDNO,2032,6.969999999999999
GLOBAL,PWRSDSINDNO,2033,9.69
GLOBAL,PWRSDSINDNO,2034,12.75
GLOBAL,PWRSDSINDNO,2035,16.15
GLOBAL,PWRSDSINDNO,2036,19.656000000000002
GLOBAL,PWRSDSINDNO,2037,23.406000000000002
GLOBAL,PWRSDSINDNO,2038,27.388
GLOBAL,PWRSDSINDNO,2039,31.589999999999996
GLOBAL,PWRSDSINDNO,2040,36.0
GLOBAL,PWRSDSINDNO,2041,40.800000000000004
GLOBAL,PWRSDSINDNO,2042,45.60000000000001
GLOBAL,PWRSDSINDNO,2043,50.40000000000001
GLOBAL,PWRSDSINDNO,2044,54.40000000000001
GLOBAL,PWRSDSINDNO,2045,57.600000000000016
GLOBAL,PWRSDSINDNO,2046,59.72400000000001
GLOBAL,PWRSDSINDNO,2047,61.464
GLOBAL,PWRSDSINDNO,2048,62.832
GLOBAL,PWRSDSINDNO,2049,63.83999999999999
GLOBAL,PWRSDSINDNO,2050,64.49999999999999
GLOBAL,PWRSDSINDSO,2029,0.8900000000000001
GLOBAL,PWRSDSINDSO,2030,2.55
GLOBAL,PWRSDSINDSO,2031,4.59
GLOBAL,PWRSDSINDSO,2032,6.969999999999999
GLOBAL,PWRSDSINDSO,2033,9.69
GLOBAL,PWRSDSINDSO,2034,12.75
GLOBAL,PWRSDSINDSO,2035,16.15
GLOBAL,PWRSDSINDSO,2036,19.656000000000002
GLOBAL,PWRSDSINDSO,2037,23.406000000000002
GLOBAL,PWRSDSINDSO,2038,27.388
GLOBAL,PWRSDSINDSO,2039,31.589999999999996
GLOBAL,PWRSDSINDSO,2040,36.0
GLOBAL,PWRSDSINDSO,2041,40.800000000000004
GLOBAL,PWRSDSINDSO,2042,45.60000000000001
GLOBAL,PWRSDSINDSO,2043,50.40000000000001
GLOBAL,PWRSDSINDSO,2044,54.40000000000001
GLOBAL,PWRSDSINDSO,2045,57.600000000000016
GLOBAL,PWRSDSINDSO,2046,59.72400000000001
GLOBAL,PWRSDSINDSO,2047,61.464
GLOBAL,PWRSDSINDSO,2048,62.832
GLOBAL,PWRSDSINDSO,2049,63.83999999999999
GLOBAL,PWRSDSINDSO,2050,64.49999999999999
GLOBAL,PWRSDSINDWE,2029,0.8900000000000001
GLOBAL,PWRSDSINDWE,2030,2.55
GLOBAL,PWRSDSINDWE,2031,4.59
GLOBAL,PWRSDSINDWE,2032,6.969999999999999
GLOBAL,PWRSDSINDWE,2033,9.69
GLOBAL,PWRSDSINDWE,2034,12.75
GLOBAL,PWRSDSINDWE,2035,16.15
GLOBAL,PWRSDSINDWE,2036,19.656000000000002
GLOBAL,PWRSDSINDWE,2037,23.406000000000002
GLOBAL,PWRSDSINDWE,2038,27.388
GLOBAL,PWRSDSINDWE,2039,31.589999999999996
GLOBAL,PWRSDSINDWE,2040,36.0
GLOBAL,PWRSDSINDWE,2041,40.800000000000004
GLOBAL,PWRSDSINDWE,2042,45.60000000000001
GLOBAL,PWRSDSINDWE,2043,50.40000000000001
GLOBAL,PWRSDSINDWE,2044,54.40000000000001
GLOBAL,PWRSDSINDWE,2045,57.600000000000016
GLOBAL,PWRSDSINDWE,2046,59.72400000000001
GLOBAL,PWRSDSINDWE,2047,61.464
GLOBAL,PWRSDSINDWE,2048,62.832
GLOBAL,PWRSDSINDWE,2049,63.83999999999999
GLOBAL,PWRSDSINDWE,2050,64.49999999999999
GLOBAL,PWRSDSLKAXX,2028,2.79
GLOBAL,PWRSDSLKAXX,2029,5.34
GLOBAL,PWRSDSLKAXX,2030,6.375
GLOBAL,PWRSDSLKAXX,2031,8.924999999999997
GLOBAL,PWRSDSLKAXX,2032,14.025
GLOBAL,PWRSDSLKAXX,2033,18.104999999999997
GLOBAL,PWRSDSLKAXX,2034,22.695
GLOBAL,PWRSDSLKAXX,2035,27.795
GLOBAL,PWRSDSLKAXX,2036,33.012000000000015
GLOBAL,PWRSDSLKAXX,2037,38.59500000000001
GLOBAL,PWRSDSLKAXX,2038,44.526
GLOBAL,PWRSDSLKAXX,2039,50.787
GLOBAL,PWRSDSLKAXX,2040,57.36
GLOBAL,PWRSDSLKAXX,2041,64.56
GLOBAL,PWRSDSLKAXX,2042,71.76000000000002
GLOBAL,PWRSDSLKAXX,2043,76.56000000000002
GLOBAL,PWRSDSLKAXX,2044,75.36000000000003
GLOBAL,PWRSDSLKAXX,2045,81.36000000000003
GLOBAL,PWRSDSLKAXX,2046,85.08300000000001
GLOBAL,PWRSDSLKAXX,2047,86.34599999999999
GLOBAL,PWRSDSLKAXX,2048,88.47300000000001
GLOBAL,PWRSDSLKAXX,2049,90.06
GLOBAL,PWRSDSLKAXX,2050,91.12499999999997
GLOBAL,PWRSDSMDVXX,2029,1.335
GLOBAL,PWRSDSMDVXX,2030,3.8249999999999997
GLOBAL,PWRSDSMDVXX,2031,6.885000000000001
GLOBAL,PWRSDSMDVXX,2032,10.454999999999998
GLOBAL,PWRSDSMDVXX,2033,14.534999999999998
GLOBAL,PWRSDSMDVXX,2034,19.125
GLOBAL,PWRSDSMDVXX,2035,24.224999999999998
GLOBAL,PWRSDSMDVXX,2036,29.484
GLOBAL,PWRSDSMDVXX,2037,35.108999999999995
GLOBAL,PWRSDSMDVXX,2038,41.08200000000001
GLOBAL,PWRSDSMDVXX,2039,47.385
GLOBAL,PWRSDSMDVXX,2040,54.0
GLOBAL,PWRSDSMDVXX,2041,61.2
GLOBAL,PWRSDSMDVXX,2042,68.4
GLOBAL,PWRSDSMDVXX,2043,75.60000000000002
GLOBAL,PWRSDSMDVXX,2044,81.60000000000002
GLOBAL,PWRSDSMDVXX,2045,86.40000000000002
GLOBAL,PWRSDSMDVXX,2046,89.58600000000001
GLOBAL,PWRSDSMDVXX,2047,92.196
GLOBAL,PWRSDSMDVXX,2048,94.248
GLOBAL,PWRSDSMDVXX,2049,95.75999999999999
GLOBAL,PWRSDSMDVXX,2050,96.74999999999997
GLOBAL,PWRSDSNPLXX,2029,1.157
GLOBAL,PWRSDSNPLXX,2030,3.315
GLOBAL,PWRSDSNPLXX,2031,5.9670000000000005
GLOBAL,PWRSDSNPLXX,2032,9.060999999999998
GLOBAL,PWRSDSNPLXX,2033,12.597
GLOBAL,PWRSDSNPLXX,2034,16.575000000000003
GLOBAL,PWRSDSNPLXX,2035,20.995
GLOBAL,PWRSDSNPLXX,2036,25.552800000000005
GLOBAL,PWRSDSNPLXX,2037,30.427799999999994
GLOBAL,PWRSDSNPLXX,2038,35.604400000000005
GLOBAL,PWRSDSNPLXX,2039,41.06699999999999
GLOBAL,PWRSDSNPLXX,2040,46.800000000000004
GLOBAL,PWRSDSNPLXX,2041,53.040000000000006
GLOBAL,PWRSDSNPLXX,2042,59.280000000000015
GLOBAL,PWRSDSNPLXX,2043,65.52000000000002
GLOBAL,PWRSDSNPLXX,2044,70.72000000000001
GLOBAL,PWRSDSNPLXX,2045,74.88000000000002
GLOBAL,PWRSDSNPLXX,2046,77.64120000000001
GLOBAL,PWRSDSNPLXX,2047,79.9032
GLOBAL,PWRSDSNPLXX,2048,81.6816
GLOBAL,PWRSDSNPLXX,2049,82.99199999999999
GLOBAL,PWRSDSNPLXX,2050,83.84999999999998
GLOBAL,PWRSHPINDEA,2023,15.489
GLOBAL,PWRSHPINDEA,2024,15.489
GLOBAL,PWRSHPINDEA,2025,15.489
GLOBAL,PWRSHPINDEA,2026,15.489
GLOBAL,PWRSHPINDEA,2027,15.489
GLOBAL,PWRSHPINDEA,2028,15.489
GLOBAL,PWRSHPINDEA,2029,15.489
GLOBAL,PWRSHPINDEA,2030,15.489
GLOBAL,PWRSHPINDEA,2031,15.489
GLOBAL,PWRSHPINDEA,2032,15.489
GLOBAL,PWRSHPINDEA,2033,15.489
GLOBAL,PWRSHPINDEA,2034,15.489
GLOBAL,PWRSHPINDEA,2035,15.489
GLOBAL,PWRSHPINDEA,2036,15.489
GLOBAL,PWRSHPINDEA,2037,15.489
GLOBAL,PWRSHPINDEA,2038,15.489
GLOBAL,PWRSHPINDEA,2039,15.489
GLOBAL,PWRSHPINDEA,2040,15.489
GLOBAL,PWRSHPINDEA,2041,15.489
GLOBAL,PWRSHPINDEA,2042,15.489
GLOBAL,PWRSHPINDEA,2043,15.489
GLOBAL,PWRSHPINDEA,2044,15.489
GLOBAL,PWRSHPINDEA,2045,43.928999999999995
GLOBAL,PWRSHPINDEA,2046,43.928999999999995
GLOBAL,PWRSHPINDEA,2047,43.928999999999995
GLOBAL,PWRSHPINDEA,2048,43.928999999999995
GLOBAL,PWRSHPINDEA,2049,43.928999999999995
GLOBAL,PWRSHPINDEA,2050,43.928999999999995
GLOBAL,PWRSHPINDNE,2023,13.473
GLOBAL,PWRSHPINDNE,2024,13.473
GLOBAL,PWRSHPINDNE,2025,13.473
GLOBAL,PWRSHPINDNE,2026,13.473
GLOBAL,PWRSHPINDNE,2027,13.473
GLOBAL,PWRSHPINDNE,2028,13.473
GLOBAL,PWRSHPINDNE,2029,13.473
GLOBAL,PWRSHPINDNE,2030,13.473
GLOBAL,PWRSHPINDNE,2031,13.473
GLOBAL,PWRSHPINDNE,2032,13.473
GLOBAL,PWRSHPINDNE,2033,13.473
GLOBAL,PWRSHPINDNE,2034,13.473
GLOBAL,PWRSHPINDNE,2035,13.473
GLOBAL,PWRSHPINDNE,2036,13.473
GLOBAL,PWRSHPINDNE,2037,17.972999999999995
GLOBAL,PWRSHPINDNE,2038,22.472999999999995
GLOBAL,PWRSHPINDNE,2039,26.972999999999995
GLOBAL,PWRSHPINDNE,2040,31.472999999999995
GLOBAL,PWRSHPINDNE,2041,35.97299999999999
GLOBAL,PWRSHPINDNE,2042,40.47299999999999
GLOBAL,PWRSHPINDNE,2043,44.97299999999999
GLOBAL,PWRSHPINDNE,2044,49.473
GLOBAL,PWRSHPINDNE,2045,53.973
GLOBAL,PWRSHPINDNE,2046,53.973
GLOBAL,PWRSHPINDNE,2047,53.973
GLOBAL,PWRSHPINDNE,2048,53.973
GLOBAL,PWRSHPINDNE,2049,53.973
GLOBAL,PWRSHPINDNE,2050,53.973
GLOBAL,PWRSHPINDNO,2023,77.35050000000001
GLOBAL,PWRSHPINDNO,2024,77.35050000000001
GLOBAL,PWRSHPINDNO,2025,77.35050000000001
GLOBAL,PWRSHPINDNO,2026,77.35050000000001
GLOBAL,PWRSHPINDNO,2027,77.35050000000001
GLOBAL,PWRSHPINDNO,2028,77.35050000000001
GLOBAL,PWRSHPINDNO,2029,77.35050000000001
GLOBAL,PWRSHPINDNO,2030,87.92999999999999
GLOBAL,PWRSHPINDNO,2031,98.19
GLOBAL,PWRSHPINDNO,2032,110.65050000000001
GLOBAL,PWRSHPINDNO,2033,122.57550000000002
GLOBAL,PWRSHPINDNO,2034,133.9695
GLOBAL,PWRSHPINDNO,2035,144.828
GLOBAL,PWRSHPINDNO,2036,155.15550000000002
GLOBAL,PWRSHPINDNO,2037,166.38300000000004
GLOBAL,PWRSHPINDNO,2038,177.03
GLOBAL,PWRSHPINDNO,2039,187.09650000000002
GLOBAL,PWRSHPINDNO,2040,195.669
GLOBAL,PWRSHPINDNO,2041,204.543
GLOBAL,PWRSHPINDNO,2042,214.85700000000003
GLOBAL,PWRSHPINDNO,2043,225.261
GLOBAL,PWRSHPINDNO,2044,235.43099999999998
GLOBAL,PWRSHPINDNO,2045,245.16449999999998
GLOBAL,PWRSHPINDNO,2046,255.69000000000003
GLOBAL,PWRSHPINDNO,2047,266.247
GLOBAL,PWRSHPINDNO,2048,277.26300000000003
GLOBAL,PWRSHPINDNO,2049,289.323
GLOBAL,PWRSHPINDNO,2050,302.337
GLOBAL,PWRSHPINDSO,2023,86.9985
GLOBAL,PWRSHPINDSO,2024,86.9985
GLOBAL,PWRSHPINDSO,2025,86.9985
GLOBAL,PWRSHPINDSO,2026,86.9985
GLOBAL,PWRSHPINDSO,2027,86.9985
GLOBAL,PWRSHPINDSO,2028,86.9985
GLOBAL,PWRSHPINDSO,2029,86.9985
GLOBAL,PWRSHPINDSO,2030,86.9985
GLOBAL,PWRSHPINDSO,2031,86.9985
GLOBAL,PWRSHPINDSO,2032,86.9985
GLOBAL,PWRSHPINDSO,2033,86.9985
GLOBAL,PWRSHPINDSO,2034,86.9985
GLOBAL,PWRSHPINDSO,2035,86.9985
GLOBAL,PWRSHPINDSO,2036,86.9985
GLOBAL,PWRSHPINDSO,2037,86.9985
GLOBAL,PWRSHPINDSO,2038,86.9985
GLOBAL,PWRSHPINDSO,2039,86.9985
GLOBAL,PWRSHPINDSO,2040,86.9985
GLOBAL,PWRSHPINDSO,2041,86.9985
GLOBAL,PWRSHPINDSO,2042,86.9985
GLOBAL,PWRSHPINDSO,2043,86.9985
GLOBAL,PWRSHPINDSO,2044,99.23850000000002
GLOBAL,PWRSHPINDSO,2045,111.6045
GLOBAL,PWRSHPINDSO,2046,111.6045
GLOBAL,PWRSHPINDSO,2047,111.6045
GLOBAL,PWRSHPINDSO,2048,111.6045
GLOBAL,PWRSHPINDSO,2049,111.6045
GLOBAL,PWRSHPINDSO,2050,111.6045
GLOBAL,PWRSHPINDWE,2023,30.3255
GLOBAL,PWRSHPINDWE,2024,30.3255
GLOBAL,PWRSHPINDWE,2025,30.3255
GLOBAL,PWRSHPINDWE,2026,30.3255
GLOBAL,PWRSHPINDWE,2027,30.3255
GLOBAL,PWRSHPINDWE,2028,30.3255
GLOBAL,PWRSHPINDWE,2029,30.3255
GLOBAL,PWRSHPINDWE,2030,30.3255
GLOBAL,PWRSHPINDWE,2031,30.3255
GLOBAL,PWRSHPINDWE,2032,30.3255
GLOBAL,PWRSHPINDWE,2033,30.3255
GLOBAL,PWRSHPINDWE,2034,30.3255
GLOBAL,PWRSHPINDWE,2035,30.3255
GLOBAL,PWRSHPINDWE,2036,30.3255
GLOBAL,PWRSHPINDWE,2037,30.3255
GLOBAL,PWRSHPINDWE,2038,30.3255
GLOBAL,PWRSHPINDWE,2039,30.3255
GLOBAL,PWRSHPINDWE,2040,30.3255
GLOBAL,PWRSHPINDWE,2041,30.3255
GLOBAL,PWRSHPINDWE,2042,30.3255
GLOBAL,PWRSHPINDWE,2043,34.8255
GLOBAL,PWRSHPINDWE,2044,40.0905
GLOBAL,PWRSHPINDWE,2045,46.763999999999996
GLOBAL,PWRSHPINDWE,2046,46.763999999999996
GLOBAL,PWRSHPINDWE,2047,46.763999999999996
GLOBAL,PWRSHPINDWE,2048,46.763999999999996
GLOBAL,PWRSHPINDWE,2049,46.763999999999996
GLOBAL,PWRSHPINDWE,2050,46.763999999999996
GLOBAL,PWRSPVBGDXX,2023,8.411999999999999
GLOBAL,PWRSPVBGDXX,2024,9.611999999999998
GLOBAL,PWRSPVBGDXX,2025,47.001599999999996
GLOBAL,PWRSPVBGDXX,2026,46.996559999999995
GLOBAL,PWRSPVBGDXX,2027,46.93152
GLOBAL,PWRSPVBGDXX,2028,46.806479999999986
GLOBAL,PWRSPVBGDXX,2029,46.62143999999999
GLOBAL,PWRSPVBGDXX,2030,46.51709999999999
GLOBAL,PWRSPVBGDXX,2031,46.20804
GLOBAL,PWRSPVBGDXX,2032,45.92511
GLOBAL,PWRSPVBGDXX,2033,45.72672
GLOBAL,PWRSPVBGDXX,2034,45.595110000000005
GLOBAL,PWRSPVBGDXX,2035,45.513000000000005
GLOBAL,PWRSPVBGDXX,2036,47.0727
GLOBAL,PWRSPVBGDXX,2037,48.794399999999996
GLOBAL,PWRSPVBGDXX,2038,50.66460000000001
GLOBAL,PWRSPVBGDXX,2039,52.668000000000006
GLOBAL,PWRSPVBGDXX,2040,54.78569999999999
GLOBAL,PWRSPVBGDXX,2041,55.13277
GLOBAL,PWRSPVBGDXX,2042,54.878879999999995
GLOBAL,PWRSPVBGDXX,2043,55.301939999999995
GLOBAL,PWRSPVBGDXX,2044,56.568719999999985
GLOBAL,PWRSPVBGDXX,2045,58.763999999999974
GLOBAL,PWRSPVBGDXX,2046,64.73174999999999
GLOBAL,PWRSPVBGDXX,2047,72.31424999999997
GLOBAL,PWRSPVBGDXX,2048,80.61149999999996
GLOBAL,PWRSPVBGDXX,2049,90.3015
GLOBAL,PWRSPVBGDXX,2050,78.73125
GLOBAL,PWRSPVBTNXX,2023,1.4400000000000002
GLOBAL,PWRSPVBTNXX,2024,2.8800000000000003
GLOBAL,PWRSPVBTNXX,2025,4.32
GLOBAL,PWRSPVBTNXX,2026,5.616
GLOBAL,PWRSPVBTNXX,2027,6.84
GLOBAL,PWRSPVBTNXX,2028,7.991999999999998
GLOBAL,PWRSPVBTNXX,2029,9.072
GLOBAL,PWRSPVBTNXX,2030,10.079999999999998
GLOBAL,PWRSPVBTNXX,2031,11.015999999999998
GLOBAL,PWRSPVBTNXX,2032,11.879999999999999
GLOBAL,PWRSPVBTNXX,2033,12.672
GLOBAL,PWRSPVBTNXX,2034,13.392
GLOBAL,PWRSPVBTNXX,2035,14.040000000000001
GLOBAL,PWRSPVBTNXX,2036,15.12
GLOBAL,PWRSPVBTNXX,2037,16.200000000000003
GLOBAL,PWRSPVBTNXX,2038,17.280000000000005
GLOBAL,PWRSPVBTNXX,2039,18.360000000000007
GLOBAL,PWRSPVBTNXX,2040,19.440000000000005
GLOBAL,PWRSPVBTNXX,2041,18.898488
GLOBAL,PWRSPVBTNXX,2042,18.246816
GLOBAL,PWRSPVBTNXX,2043,17.595144
GLOBAL,PWRSPVBTNXX,2044,16.943472
GLOBAL,PWRSPVBTNXX,2045,16.291800000000002
GLOBAL,PWRSPVBTNXX,2046,16.291800000000002
GLOBAL,PWRSPVBTNXX,2047,16.291800000000002
GLOBAL,PWRSPVBTNXX,2048,16.291800000000002
GLOBAL,PWRSPVBTNXX,2049,16.291800000000002
GLOBAL,PWRSPVBTNXX,2050,16.291800000000002
GLOBAL,PWRSPVINDEA,2023,8.532
GLOBAL,PWRSPVINDEA,2024,9.332
GLOBAL,PWRSPVINDEA,2025,12.224800000000002
GLOBAL,PWRSPVINDEA,2026,12.69918
GLOBAL,PWRSPVINDEA,2027,13.141160000000001
GLOBAL,PWRSPVINDEA,2028,13.78916
GLOBAL,PWRSPVINDEA,2029,14.4684
GLOBAL,PWRSPVINDEA,2030,14.7665
GLOBAL,PWRSPVINDEA,2031,15.024600000000005
GLOBAL,PWRSPVINDEA,2032,15.807660000000004
GLOBAL,PWRSPVINDEA,2033,16.555520000000005
GLOBAL,PWRSPVINDEA,2034,17.232280000000006
GLOBAL,PWRSPVINDEA,2035,17.806800000000006
GLOBAL,PWRSPVINDEA,2036,18.913800000000005
GLOBAL,PWRSPVINDEA,2037,20.379600000000003
GLOBAL,PWRSPVINDEA,2038,21.756600000000006
GLOBAL,PWRSPVINDEA,2039,22.998600000000003
GLOBAL,PWRSPVINDEA,2040,24.059400000000004
GLOBAL,PWRSPVINDEA,2041,24.16802
GLOBAL,PWRSPVINDEA,2042,25.35008
GLOBAL,PWRSPVINDEA,2043,27.534599999999994
GLOBAL,PWRSPVINDEA,2044,30.658679999999986
GLOBAL,PWRSPVINDEA,2045,34.57899999999998
GLOBAL,PWRSPVINDEA,2046,41.47849999999998
GLOBAL,PWRSPVINDEA,2047,49.930499999999995
GLOBAL,PWRSPVINDEA,2048,62.34000000000001
GLOBAL,PWRSPVINDEA,2049,78.97
GLOBAL,PWRSPVINDEA,2050,96.56300000000003
GLOBAL,PWRSPVINDNE,2023,2.5968
GLOBAL,PWRSPVINDNE,2024,3.3967999999999994
GLOBAL,PWRSPVINDNE,2025,4.3664
GLOBAL,PWRSPVINDNE,2026,5.03724
GLOBAL,PWRSPVINDNE,2027,5.668079999999999
GLOBAL,PWRSPVINDNE,2028,6.258919999999999
GLOBAL,PWRSPVINDNE,2029,6.809759999999998
GLOBAL,PWRSPVINDNE,2030,7.320599999999999
GLOBAL,PWRSPVINDNE,2031,7.79144
GLOBAL,PWRSPVINDNE,2032,8.22228
GLOBAL,PWRSPVINDNE,2033,8.61312
GLOBAL,PWRSPVINDNE,2034,8.963960000000002
GLOBAL,PWRSPVINDNE,2035,9.274800000000003
GLOBAL,PWRSPVINDNE,2036,9.874800000000002
GLOBAL,PWRSPVINDNE,2037,10.474800000000002
GLOBAL,PWRSPVINDNE,2038,11.095200000000006
GLOBAL,PWRSPVINDNE,2039,11.734800000000005
GLOBAL,PWRSPVINDNE,2040,12.387600000000003
GLOBAL,PWRSPVINDNE,2041,12.623120000000005
GLOBAL,PWRSPVINDNE,2042,12.998720000000006
GLOBAL,PWRSPVINDNE,2043,13.390380000000004
GLOBAL,PWRSPVINDNE,2044,13.790920000000005
GLOBAL,PWRSPVINDNE,2045,14.191500000000003
GLOBAL,PWRSPVINDNE,2046,15.485500000000004
GLOBAL,PWRSPVINDNE,2047,17.261500000000005
GLOBAL,PWRSPVINDNE,2048,19.087000000000003
GLOBAL,PWRSPVINDNE,2049,21.528000000000006
GLOBAL,PWRSPVINDNE,2050,24.543999999999983
GLOBAL,PWRSPVINDNO,2023,183.6752
GLOBAL,PWRSPVINDNO,2024,194.7288
GLOBAL,PWRSPVINDNO,2025,270.1888
GLOBAL,PWRSPVINDNO,2026,408.55463999999995
GLOBAL,PWRSPVINDNO,2027,483.61992000000004
GLOBAL,PWRSPVINDNO,2028,492.48036
GLOBAL,PWRSPVINDNO,2029,505.5645600000001
GLOBAL,PWRSPVINDNO,2030,546.1652
GLOBAL,PWRSPVINDNO,2031,555.2009600000001
GLOBAL,PWRSPVINDNO,2032,572.75196
GLOBAL,PWRSPVINDNO,2033,591.33504
GLOBAL,PWRSPVINDNO,2034,610.27282
GLOBAL,PWRSPVINDNO,2035,636.9516000000001
GLOBAL,PWRSPVINDNO,2036,678.2801999999997
GLOBAL,PWRSPVINDNO,2037,728.5086
GLOBAL,PWRSPVINDNO,2038,781.1567999999997
GLOBAL,PWRSPVINDNO,2039,835.6781999999998
GLOBAL,PWRSPVINDNO,2040,886.1393999999998
GLOBAL,PWRSPVINDNO,2041,912.1439599999997
GLOBAL,PWRSPVINDNO,2042,948.6724799999997
GLOBAL,PWRSPVINDNO,2043,986.4536400000001
GLOBAL,PWRSPVINDNO,2044,1022.56284
GLOBAL,PWRSPVINDNO,2045,1054.8455
GLOBAL,PWRSPVINDNO,2046,1142.628
GLOBAL,PWRSPVINDNO,2047,1240.9955
GLOBAL,PWRSPVINDNO,2048,1353.5130000000001
GLOBAL,PWRSPVINDNO,2049,1482.637
GLOBAL,PWRSPVINDNO,2050,1595.0710000000004
GLOBAL,PWRSPVINDSO,2023,201.088
GLOBAL,PWRSPVINDSO,2024,213.1776
GLOBAL,PWRSPVINDSO,2025,226.0144
GLOBAL,PWRSPVINDSO,2026,235.33223999999998
GLOBAL,PWRSPVINDSO,2027,242.88156
GLOBAL,PWRSPVINDSO,2028,259.4514000000001
GLOBAL,PWRSPVINDSO,2029,280.77408
GLOBAL,PWRSPVINDSO,2030,297.2711
GLOBAL,PWRSPVINDSO,2031,315.05624
GLOBAL,PWRSPVINDSO,2032,343.00793999999996
GLOBAL,PWRSPVINDSO,2033,372.32320000000004
GLOBAL,PWRSPVINDSO,2034,402.29134
GLOBAL,PWRSPVINDSO,2035,432.2472
GLOBAL,PWRSPVINDSO,2036,478.8648
GLOBAL,PWRSPVINDSO,2037,534.138
GLOBAL,PWRSPVINDSO,2038,592.5348000000001
GLOBAL,PWRSPVINDSO,2039,653.5416
GLOBAL,PWRSPVINDSO,2040,713.6736
GLOBAL,PWRSPVINDSO,2041,753.45944
GLOBAL,PWRSPVINDSO,2042,804.6051999999999
GLOBAL,PWRSPVINDSO,2043,857.3877000000002
GLOBAL,PWRSPVINDSO,2044,911.10084
GLOBAL,PWRSPVINDSO,2045,965.013
GLOBAL,PWRSPVINDSO,2046,1066.7805
GLOBAL,PWRSPVINDSO,2047,1181.4985
GLOBAL,PWRSPVINDSO,2048,1308.7614999999996
GLOBAL,PWRSPVINDSO,2049,1442.0825
GLOBAL,PWRSPVINDSO,2050,1588.0605
GLOBAL,PWRSPVINDWE,2023,143.68800000000002
GLOBAL,PWRSPVINDWE,2024,177.55120000000002
GLOBAL,PWRSPVINDWE,2025,220.884
GLOBAL,PWRSPVINDWE,2026,292.19579999999996
GLOBAL,PWRSPVINDWE,2027,326.30752
GLOBAL,PWRSPVINDWE,2028,336.77918
GLOBAL,PWRSPVINDWE,2029,347.07312
GLOBAL,PWRSPVINDWE,2030,345.9036
GLOBAL,PWRSPVINDWE,2031,344.0732
GLOBAL,PWRSPVINDWE,2032,353.95140000000004
GLOBAL,PWRSPVINDWE,2033,363.76512
GLOBAL,PWRSPVINDWE,2034,373.01308
GLOBAL,PWRSPVINDWE,2035,381.246
GLOBAL,PWRSPVINDWE,2036,402.05819999999994
GLOBAL,PWRSPVINDWE,2037,428.24879999999996
GLOBAL,PWRSPVINDWE,2038,454.25879999999995
GLOBAL,PWRSPVINDWE,2039,479.52839999999986
GLOBAL,PWRSPVINDWE,2040,503.49779999999987
GLOBAL,PWRSPVINDWE,2041,508.4830999999999
GLOBAL,PWRSPVINDWE,2042,519.05392
GLOBAL,PWRSPVINDWE,2043,528.6551400000001
GLOBAL,PWRSPVINDWE,2044,541.5711600000001
GLOBAL,PWRSPVINDWE,2045,560.7520000000001
GLOBAL,PWRSPVINDWE,2046,614.5029999999999
GLOBAL,PWRSPVINDWE,2047,682.489
GLOBAL,PWRSPVINDWE,2048,764.2885000000001
GLOBAL,PWRSPVINDWE,2049,840.5990000000002
GLOBAL,PWRSPVINDWE,2050,926.0125000000003
GLOBAL,PWRSPVLKAXX,2023,12.564
GLOBAL,PWRSPVLKAXX,2024,12.564
GLOBAL,PWRSPVLKAXX,2025,14.964000000000002
GLOBAL,PWRSPVLKAXX,2026,20.0889
GLOBAL,PWRSPVLKAXX,2027,25.2738
GLOBAL,PWRSPVLKAXX,2028,30.1587
GLOBAL,PWRSPVLKAXX,2029,38.7396
GLOBAL,PWRSPVLKAXX,2030,42.3885
GLOBAL,PWRSPVLKAXX,2031,45.767399999999995
GLOBAL,PWRSPVLKAXX,2032,47.8863
GLOBAL,PWRSPVLKAXX,2033,46.435199999999995
GLOBAL,PWRSPVLKAXX,2034,48.23910000000001
GLOBAL,PWRSPVLKAXX,2035,49.833
GLOBAL,PWRSPVLKAXX,2036,52.983
GLOBAL,PWRSPVLKAXX,2037,52.983
GLOBAL,PWRSPVLKAXX,2038,59.640299999999996
GLOBAL,PWRSPVLKAXX,2039,67.05179999999999
GLOBAL,PWRSPVLKAXX,2040,75.45419999999999
GLOBAL,PWRSPVLKAXX,2041,82.28546999999999
GLOBAL,PWRSPVLKAXX,2042,89.31048
GLOBAL,PWRSPVLKAXX,2043,96.59736
GLOBAL,PWRSPVLKAXX,2044,104.15652
GLOBAL,PWRSPVLKAXX,2045,111.28275
GLOBAL,PWRSPVLKAXX,2046,123.88425000000001
GLOBAL,PWRSPVLKAXX,2047,138.08325000000002
GLOBAL,PWRSPVLKAXX,2048,152.38725
GLOBAL,PWRSPVLKAXX,2049,169.19024999999996
GLOBAL,PWRSPVLKAXX,2050,186.5325
GLOBAL,PWRSPVMDVXX,2023,0.8879999999999977
GLOBAL,PWRSPVMDVXX,2024,1.0584
GLOBAL,PWRSPVMDVXX,2025,1.8264
GLOBAL,PWRSPVMDVXX,2026,2.6231399999999976
GLOBAL,PWRSPVMDVXX,2027,2.5558799999999975
GLOBAL,PWRSPVMDVXX,2028,8.52702
GLOBAL,PWRSPVMDVXX,2029,8.296560000000001
GLOBAL,PWRSPVMDVXX,2030,8.0661
GLOBAL,PWRSPVMDVXX,2031,7.83564
GLOBAL,PWRSPVMDVXX,2032,7.60518
GLOBAL,PWRSPVMDVXX,2033,7.37472
GLOBAL,PWRSPVMDVXX,2034,7.14426
GLOBAL,PWRSPVMDVXX,2035,6.9138
GLOBAL,PWRSPVMDVXX,2036,6.9138
GLOBAL,PWRSPVMDVXX,2037,6.9138
GLOBAL,PWRSPVMDVXX,2038,6.9138
GLOBAL,PWRSPVMDVXX,2039,6.9138
GLOBAL,PWRSPVMDVXX,2040,6.9138
GLOBAL,PWRSPVMDVXX,2041,6.683339999999999
GLOBAL,PWRSPVMDVXX,2042,6.45288
GLOBAL,PWRSPVMDVXX,2043,6.22242
GLOBAL,PWRSPVMDVXX,2044,5.99196
GLOBAL,PWRSPVMDVXX,2045,5.7615
GLOBAL,PWRSPVMDVXX,2046,5.7615
GLOBAL,PWRSPVMDVXX,2047,5.7615
GLOBAL,PWRSPVMDVXX,2048,5.7615
GLOBAL,PWRSPVMDVXX,2049,5.655
GLOBAL,PWRSPVMDVXX,2050,5.174999999999999
GLOBAL,PWRSPVNPLXX,2023,2.112
GLOBAL,PWRSPVNPLXX,2024,3.3920000000000003
GLOBAL,PWRSPVNPLXX,2025,15.80288
GLOBAL,PWRSPVNPLXX,2026,16.655808000000004
GLOBAL,PWRSPVNPLXX,2027,17.444736000000002
GLOBAL,PWRSPVNPLXX,2028,18.169664
GLOBAL,PWRSPVNPLXX,2029,18.830592000000006
GLOBAL,PWRSPVNPLXX,2030,19.427519999999998
GLOBAL,PWRSPVNPLXX,2031,19.960448000000003
GLOBAL,PWRSPVNPLXX,2032,20.429376
GLOBAL,PWRSPVNPLXX,2033,20.834304000000003
GLOBAL,PWRSPVNPLXX,2034,21.175231999999998
GLOBAL,PWRSPVNPLXX,2035,21.452160000000003
GLOBAL,PWRSPVNPLXX,2036,22.41216
GLOBAL,PWRSPVNPLXX,2037,23.372160000000004
GLOBAL,PWRSPVNPLXX,2038,24.332160000000002
GLOBAL,PWRSPVNPLXX,2039,25.292160000000006
GLOBAL,PWRSPVNPLXX,2040,26.252160000000003
GLOBAL,PWRSPVNPLXX,2041,26.305088000000005
GLOBAL,PWRSPVNPLXX,2042,26.294016000000006
GLOBAL,PWRSPVNPLXX,2043,26.218944000000008
GLOBAL,PWRSPVNPLXX,2044,26.079872000000005
GLOBAL,PWRSPVNPLXX,2045,25.87680000000001
GLOBAL,PWRSPVNPLXX,2046,26.740800000000007
GLOBAL,PWRSPVNPLXX,2047,27.849600000000006
GLOBAL,PWRSPVNPLXX,2048,28.526400000000006
GLOBAL,PWRSPVNPLXX,2049,29.626400000000015
GLOBAL,PWRSPVNPLXX,2050,24.248800000000013
GLOBAL,PWRTRNBGDXX,2023,20.0
GLOBAL,PWRTRNBGDXX,2024,20.0
GLOBAL,PWRTRNBGDXX,2025,20.0
GLOBAL,PWRTRNBGDXX,2026,20.0
GLOBAL,PWRTRNBGDXX,2027,20.0
GLOBAL,PWRTRNBGDXX,2028,20.0
GLOBAL,PWRTRNBGDXX,2029,42.342211793286616
GLOBAL,PWRTRNBGDXX,2030,44.45553329241929
GLOBAL,PWRTRNBGDXX,2031,58.007042245200104
GLOBAL,PWRTRNBGDXX,2032,64.47393490046036
GLOBAL,PWRTRNBGDXX,2033,64.47393490046036
GLOBAL,PWRTRNBGDXX,2034,64.47393490046036
GLOBAL,PWRTRNBGDXX,2035,65.73553490046035
GLOBAL,PWRTRNBGDXX,2036,65.73553490046035
GLOBAL,PWRTRNBGDXX,2037,65.73553490046035
GLOBAL,PWRTRNBGDXX,2038,67.79823785861757
GLOBAL,PWRTRNBGDXX,2039,68.67372771855148
GLOBAL,PWRTRNBGDXX,2040,70.54812771855143
GLOBAL,PWRTRNBGDXX,2041,70.54812771855143
GLOBAL,PWRTRNBGDXX,2042,70.54812771855143
GLOBAL,PWRTRNBGDXX,2043,70.54812771855143
GLOBAL,PWRTRNBGDXX,2044,70.54812771855143
GLOBAL,PWRTRNBGDXX,2045,74.33092224151113
GLOBAL,PWRTRNBGDXX,2046,81.04372224151112
GLOBAL,PWRTRNBGDXX,2047,81.04372224151112
GLOBAL,PWRTRNBGDXX,2048,81.04372224151112
GLOBAL,PWRTRNBGDXX,2049,81.04372224151112
GLOBAL,PWRTRNBGDXX,2050,81.04372224151112
GLOBAL,PWRTRNBTNXX,2023,20.0
GLOBAL,PWRTRNBTNXX,2024,20.0
GLOBAL,PWRTRNBTNXX,2025,20.0
GLOBAL,PWRTRNBTNXX,2026,20.0
GLOBAL,PWRTRNBTNXX,2027,20.0
GLOBAL,PWRTRNBTNXX,2028,20.0
GLOBAL,PWRTRNBTNXX,2029,20.0
GLOBAL,PWRTRNBTNXX,2030,20.0
GLOBAL,PWRTRNBTNXX,2031,20.0
GLOBAL,PWRTRNBTNXX,2032,20.0
GLOBAL,PWRTRNBTNXX,2033,20.0
GLOBAL,PWRTRNBTNXX,2034,20.0
GLOBAL,PWRTRNBTNXX,2035,20.0
GLOBAL,PWRTRNBTNXX,2036,20.0
GLOBAL,PWRTRNBTNXX,2037,20.0
GLOBAL,PWRTRNBTNXX,2038,20.0
GLOBAL,PWRTRNBTNXX,2039,20.0
GLOBAL,PWRTRNBTNXX,2040,20.0
GLOBAL,PWRTRNBTNXX,2041,20.0
GLOBAL,PWRTRNBTNXX,2042,20.0
GLOBAL,PWRTRNBTNXX,2043,20.0
GLOBAL,PWRTRNBTNXX,2044,20.0
GLOBAL,PWRTRNBTNXX,2045,20.0
GLOBAL,PWRTRNBTNXX,2046,20.0
GLOBAL,PWRTRNBTNXX,2047,20.0
GLOBAL,PWRTRNBTNXX,2048,20.0
GLOBAL,PWRTRNBTNXX,2049,20.0
GLOBAL,PWRTRNBTNXX,2050,20.0
GLOBAL,PWRTRNINDEA,2023,56.057005770583864
GLOBAL,PWRTRNINDEA,2024,57.010816721961795
GLOBAL,PWRTRNINDEA,2025,57.010816721961795
GLOBAL,PWRTRNINDEA,2026,57.010816721961795
GLOBAL,PWRTRNINDEA,2027,57.010816721961795
GLOBAL,PWRTRNINDEA,2028,57.010816721961795
GLOBAL,PWRTRNINDEA,2029,57.010816721961795
GLOBAL,PWRTRNINDEA,2030,57.010816721961795
GLOBAL,PWRTRNINDEA,2031,57.010816721961795
GLOBAL,PWRTRNINDEA,2032,57.010816721961795
GLOBAL,PWRTRNINDEA,2033,57.010816721961795
GLOBAL,PWRTRNINDEA,2034,57.010816721961795
GLOBAL,PWRTRNINDEA,2035,57.010816721961795
GLOBAL,PWRTRNINDEA,2036,57.010816721961795
GLOBAL,PWRTRNINDEA,2037,57.010816721961795
GLOBAL,PWRTRNINDEA,2038,57.010816721961795
GLOBAL,PWRTRNINDEA,2039,57.010816721961795
GLOBAL,PWRTRNINDEA,2040,57.010816721961795
GLOBAL,PWRTRNINDEA,2041,57.010816721961795
GLOBAL,PWRTRNINDEA,2042,62.04361672196184
GLOBAL,PWRTRNINDEA,2043,62.04361672196184
GLOBAL,PWRTRNINDEA,2044,62.04361672196184
GLOBAL,PWRTRNINDEA,2045,62.04361672196184
GLOBAL,PWRTRNINDEA,2046,62.04361672196184
GLOBAL,PWRTRNINDEA,2047,62.04361672196184
GLOBAL,PWRTRNINDEA,2048,62.04361672196184
GLOBAL,PWRTRNINDEA,2049,62.04361672196184
GLOBAL,PWRTRNINDEA,2050,77.32521672196192
GLOBAL,PWRTRNINDNE,2023,20.0
GLOBAL,PWRTRNINDNE,2024,20.0
GLOBAL,PWRTRNINDNE,2025,20.0
GLOBAL,PWRTRNINDNE,2026,20.0
GLOBAL,PWRTRNINDNE,2027,20.0
GLOBAL,PWRTRNINDNE,2028,20.0
GLOBAL,PWRTRNINDNE,2029,20.0
GLOBAL,PWRTRNINDNE,2030,20.0
GLOBAL,PWRTRNINDNE,2031,20.0
GLOBAL,PWRTRNINDNE,2032,20.0
GLOBAL,PWRTRNINDNE,2033,20.0
GLOBAL,PWRTRNINDNE,2034,20.0
GLOBAL,PWRTRNINDNE,2035,20.0
GLOBAL,PWRTRNINDNE,2036,20.0
GLOBAL,PWRTRNINDNE,2037,20.0
GLOBAL,PWRTRNINDNE,2038,20.0
GLOBAL,PWRTRNINDNE,2039,20.0
GLOBAL,PWRTRNINDNE,2040,20.0
GLOBAL,PWRTRNINDNE,2041,20.0
GLOBAL,PWRTRNINDNE,2042,20.0
GLOBAL,PWRTRNINDNE,2043,20.0
GLOBAL,PWRTRNINDNE,2044,20.0
GLOBAL,PWRTRNINDNE,2045,20.0
GLOBAL,PWRTRNINDNE,2046,20.0
GLOBAL,PWRTRNINDNE,2047,20.0
GLOBAL,PWRTRNINDNE,2048,20.0
GLOBAL,PWRTRNINDNE,2049,20.0
GLOBAL,PWRTRNINDNE,2050,20.0
GLOBAL,PWRTRNINDNO,2023,49.48242536852695
GLOBAL,PWRTRNINDNO,2024,49.88242536852695
GLOBAL,PWRTRNINDNO,2025,50.29842536852696
GLOBAL,PWRTRNINDNO,2026,55.766425368526974
GLOBAL,PWRTRNINDNO,2027,55.766425368526974
GLOBAL,PWRTRNINDNO,2028,55.766425368526974
GLOBAL,PWRTRNINDNO,2029,55.766425368526974
GLOBAL,PWRTRNINDNO,2030,55.766425368526974
GLOBAL,PWRTRNINDNO,2031,55.766425368526974
GLOBAL,PWRTRNINDNO,2032,55.766425368526974
GLOBAL,PWRTRNINDNO,2033,55.766425368526974
GLOBAL,PWRTRNINDNO,2034,55.766425368526974
GLOBAL,PWRTRNINDNO,2035,55.766425368526974
GLOBAL,PWRTRNINDNO,2036,67.54416568985239
GLOBAL,PWRTRNINDNO,2037,70.90560000000009
GLOBAL,PWRTRNINDNO,2038,79.04960000000004
GLOBAL,PWRTRNINDNO,2039,86.63840000000003
GLOBAL,PWRTRNINDNO,2040,92.8384
GLOBAL,PWRTRNINDNO,2041,92.8384
GLOBAL,PWRTRNINDNO,2042,92.8384
GLOBAL,PWRTRNINDNO,2043,92.8384
GLOBAL,PWRTRNINDNO,2044,98.38495739464594
GLOBAL,PWRTRNINDNO,2045,105.65295739464584
GLOBAL,PWRTRNINDNO,2046,113.68135739464589
GLOBAL,PWRTRNINDNO,2047,113.68135739464589
GLOBAL,PWRTRNINDNO,2048,114.59719999999996
GLOBAL,PWRTRNINDNO,2049,124.08960000000005
GLOBAL,PWRTRNINDNO,2050,130.49759999999995
GLOBAL,PWRTRNINDSO,2023,50.22695547204935
GLOBAL,PWRTRNINDSO,2024,50.22695547204935
GLOBAL,PWRTRNINDSO,2025,50.22695547204935
GLOBAL,PWRTRNINDSO,2026,50.22695547204935
GLOBAL,PWRTRNINDSO,2027,50.22695547204935
GLOBAL,PWRTRNINDSO,2028,50.22695547204935
GLOBAL,PWRTRNINDSO,2029,50.22695547204935
GLOBAL,PWRTRNINDSO,2030,50.22695547204935
GLOBAL,PWRTRNINDSO,2031,50.22695547204935
GLOBAL,PWRTRNINDSO,2032,50.22695547204935
GLOBAL,PWRTRNINDSO,2033,50.22695547204935
GLOBAL,PWRTRNINDSO,2034,50.22695547204935
GLOBAL,PWRTRNINDSO,2035,50.352969635686435
GLOBAL,PWRTRNINDSO,2036,67.01428651139413
GLOBAL,PWRTRNINDSO,2037,72.19428651139413
GLOBAL,PWRTRNINDSO,2038,72.19428651139413
GLOBAL,PWRTRNINDSO,2039,74.92155716347293
GLOBAL,PWRTRNINDSO,2040,74.92155716347293
GLOBAL,PWRTRNINDSO,2041,80.64933002338385
GLOBAL,PWRTRNINDSO,2042,105.49595716347284
GLOBAL,PWRTRNINDSO,2043,112.60595716347285
GLOBAL,PWRTRNINDSO,2044,114.55638636961707
GLOBAL,PWRTRNINDSO,2045,121.89518636961715
GLOBAL,PWRTRNINDSO,2046,129.3383863696172
GLOBAL,PWRTRNINDSO,2047,136.87598636961712
GLOBAL,PWRTRNINDSO,2048,144.49998636961712
GLOBAL,PWRTRNINDSO,2049,144.49998636961712
GLOBAL,PWRTRNINDSO,2050,144.49998636961712
GLOBAL,PWRTRNINDWE,2023,21.186421789795595
GLOBAL,PWRTRNINDWE,2024,21.186421789795595
GLOBAL,PWRTRNINDWE,2025,21.186421789795595
GLOBAL,PWRTRNINDWE,2026,21.186421789795595
GLOBAL,PWRTRNINDWE,2027,21.186421789795595
GLOBAL,PWRTRNINDWE,2028,21.186421789795595
GLOBAL,PWRTRNINDWE,2029,21.186421789795595
GLOBAL,PWRTRNINDWE,2030,21.186421789795595
GLOBAL,PWRTRNINDWE,2031,21.186421789795595
GLOBAL,PWRTRNINDWE,2032,21.186421789795595
GLOBAL,PWRTRNINDWE,2033,21.186421789795595
GLOBAL,PWRTRNINDWE,2034,35.2660000000002
GLOBAL,PWRTRNINDWE,2035,50.44440000000015
GLOBAL,PWRTRNINDWE,2036,50.95560000000024
GLOBAL,PWRTRNINDWE,2037,52.94720000000001
GLOBAL,PWRTRNINDWE,2038,52.94720000000001
GLOBAL,PWRTRNINDWE,2039,52.94720000000001
GLOBAL,PWRTRNINDWE,2040,72.96720000000002
GLOBAL,PWRTRNINDWE,2041,73.69320000000012
GLOBAL,PWRTRNINDWE,2042,76.12839999999996
GLOBAL,PWRTRNINDWE,2043,78.17839999999995
GLOBAL,PWRTRNINDWE,2044,81.30640000000012
GLOBAL,PWRTRNINDWE,2045,86.4924
GLOBAL,PWRTRNINDWE,2046,86.4924
GLOBAL,PWRTRNINDWE,2047,86.4924
GLOBAL,PWRTRNINDWE,2048,86.4924
GLOBAL,PWRTRNINDWE,2049,86.4924
GLOBAL,PWRTRNINDWE,2050,100.90159999999999
GLOBAL,PWRTRNLKAXX,2023,20.0
GLOBAL,PWRTRNLKAXX,2024,20.0
GLOBAL,PWRTRNLKAXX,2025,20.0
GLOBAL,PWRTRNLKAXX,2026,20.0
GLOBAL,PWRTRNLKAXX,2027,20.0
GLOBAL,PWRTRNLKAXX,2028,20.0
GLOBAL,PWRTRNLKAXX,2029,20.0
GLOBAL,PWRTRNLKAXX,2030,20.0
GLOBAL,PWRTRNLKAXX,2031,20.0
GLOBAL,PWRTRNLKAXX,2032,20.0
GLOBAL,PWRTRNLKAXX,2033,20.0
GLOBAL,PWRTRNLKAXX,2034,20.0
GLOBAL,PWRTRNLKAXX,2035,20.0
GLOBAL,PWRTRNLKAXX,2036,20.0
GLOBAL,PWRTRNLKAXX,2037,20.0
GLOBAL,PWRTRNLKAXX,2038,20.0
GLOBAL,PWRTRNLKAXX,2039,20.0
GLOBAL,PWRTRNLKAXX,2040,20.0
GLOBAL,PWRTRNLKAXX,2041,20.0
GLOBAL,PWRTRNLKAXX,2042,20.0
GLOBAL,PWRTRNLKAXX,2043,20.0
GLOBAL,PWRTRNLKAXX,2044,20.0
GLOBAL,PWRTRNLKAXX,2045,20.0
GLOBAL,PWRTRNLKAXX,2046,20.0
GLOBAL,PWRTRNLKAXX,2047,20.0
GLOBAL,PWRTRNLKAXX,2048,20.0
GLOBAL,PWRTRNLKAXX,2049,20.0
GLOBAL,PWRTRNLKAXX,2050,20.0
GLOBAL,PWRTRNMDVXX,2023,20.0
GLOBAL,PWRTRNMDVXX,2024,20.0
GLOBAL,PWRTRNMDVXX,2025,20.0
GLOBAL,PWRTRNMDVXX,2026,20.0
GLOBAL,PWRTRNMDVXX,2027,20.0
GLOBAL,PWRTRNMDVXX,2028,20.0
GLOBAL,PWRTRNMDVXX,2029,20.0
GLOBAL,PWRTRNMDVXX,2030,20.0
GLOBAL,PWRTRNMDVXX,2031,20.0
GLOBAL,PWRTRNMDVXX,2032,20.0
GLOBAL,PWRTRNMDVXX,2033,20.0
GLOBAL,PWRTRNMDVXX,2034,20.0
GLOBAL,PWRTRNMDVXX,2035,20.0
GLOBAL,PWRTRNMDVXX,2036,20.0
GLOBAL,PWRTRNMDVXX,2037,20.0
GLOBAL,PWRTRNMDVXX,2038,20.0
GLOBAL,PWRTRNMDVXX,2039,20.0
GLOBAL,PWRTRNMDVXX,2040,20.0
GLOBAL,PWRTRNMDVXX,2041,20.0
GLOBAL,PWRTRNMDVXX,2042,20.0
GLOBAL,PWRTRNMDVXX,2043,20.0
GLOBAL,PWRTRNMDVXX,2044,20.0
GLOBAL,PWRTRNMDVXX,2045,20.0
GLOBAL,PWRTRNMDVXX,2046,20.0
GLOBAL,PWRTRNMDVXX,2047,20.0
GLOBAL,PWRTRNMDVXX,2048,20.0
GLOBAL,PWRTRNMDVXX,2049,20.0
GLOBAL,PWRTRNMDVXX,2050,20.0
GLOBAL,PWRTRNNPLXX,2023,20.0
GLOBAL,PWRTRNNPLXX,2024,20.0
GLOBAL,PWRTRNNPLXX,2025,20.0
GLOBAL,PWRTRNNPLXX,2026,20.0
GLOBAL,PWRTRNNPLXX,2027,20.0
GLOBAL,PWRTRNNPLXX,2028,20.0
GLOBAL,PWRTRNNPLXX,2029,20.0
GLOBAL,PWRTRNNPLXX,2030,20.0
GLOBAL,PWRTRNNPLXX,2031,20.0
GLOBAL,PWRTRNNPLXX,2032,20.0
GLOBAL,PWRTRNNPLXX,2033,20.0
GLOBAL,PWRTRNNPLXX,2034,20.0
GLOBAL,PWRTRNNPLXX,2035,20.0
GLOBAL,PWRTRNNPLXX,2036,20.0
GLOBAL,PWRTRNNPLXX,2037,20.0
GLOBAL,PWRTRNNPLXX,2038,20.0
GLOBAL,PWRTRNNPLXX,2039,20.0
GLOBAL,PWRTRNNPLXX,2040,20.0
GLOBAL,PWRTRNNPLXX,2041,20.0
GLOBAL,PWRTRNNPLXX,2042,20.0
GLOBAL,PWRTRNNPLXX,2043,20.0
GLOBAL,PWRTRNNPLXX,2044,20.0
GLOBAL,PWRTRNNPLXX,2045,20.0
GLOBAL,PWRTRNNPLXX,2046,20.0
GLOBAL,PWRTRNNPLXX,2047,20.0
GLOBAL,PWRTRNNPLXX,2048,20.0
GLOBAL,PWRTRNNPLXX,2049,20.0
GLOBAL,PWRTRNNPLXX,2050,20.0
GLOBAL,PWRURNBGDXX,2024,418.08
GLOBAL,PWRURNBGDXX,2025,836.16
GLOBAL,PWRURNBGDXX,2026,836.16
GLOBAL,PWRURNBGDXX,2027,836.16
GLOBAL,PWRURNBGDXX,2028,836.16
GLOBAL,PWRURNBGDXX,2029,836.16
GLOBAL,PWRURNBGDXX,2030,836.16
GLOBAL,PWRURNBGDXX,2031,836.16
GLOBAL,PWRURNBGDXX,2032,836.16
GLOBAL,PWRURNBGDXX,2033,836.16
GLOBAL,PWRURNBGDXX,2034,836.16
GLOBAL,PWRURNBGDXX,2035,836.16
GLOBAL,PWRURNBGDXX,2036,836.16
GLOBAL,PWRURNBGDXX,2037,836.16
GLOBAL,PWRURNBGDXX,2038,836.16
GLOBAL,PWRURNBGDXX,2039,836.16
GLOBAL,PWRURNBGDXX,2040,836.16
GLOBAL,PWRURNBGDXX,2041,836.16
GLOBAL,PWRURNBGDXX,2042,836.16
GLOBAL,PWRURNBGDXX,2043,836.16
GLOBAL,PWRURNBGDXX,2044,984.23
GLOBAL,PWRURNBGDXX,2045,1187.2775199999999
GLOBAL,PWRURNBGDXX,2046,1187.2775199999999
GLOBAL,PWRURNBGDXX,2047,1187.2775199999999
GLOBAL,PWRURNBGDXX,2048,1187.2775199999999
GLOBAL,PWRURNBGDXX,2049,1187.2775199999999
GLOBAL,PWRURNBGDXX,2050,1187.2775199999999
GLOBAL,PWRURNINDNO,2023,230.48000000000002
GLOBAL,PWRURNINDNO,2024,243.88000000000008
GLOBAL,PWRURNINDNO,2025,257.81600000000003
GLOBAL,PWRURNINDNO,2026,352.554
GLOBAL,PWRURNINDNO,2027,368.43300000000005
GLOBAL,PWRURNINDNO,2028,393.4642000000001
GLOBAL,PWRURNINDNO,2029,582.9401999999999
GLOBAL,PWRURNINDNO,2030,597.7873999999999
GLOBAL,PWRURNINDNO,2031,612.1789999999999
GLOBAL,PWRURNINDNO,2032,629.6659999999998
GLOBAL,PWRURNINDNO,2033,646.4025999999999
GLOBAL,PWRURNINDNO,2034,662.3887999999998
GLOBAL,PWRURNINDNO,2035,677.6245999999999
GLOBAL,PWRURNINDNO,2036,692.1099999999999
GLOBAL,PWRURNINDNO,2037,707.8684
GLOBAL,PWRURNINDNO,2038,722.8093999999999
GLOBAL,PWRURNINDNO,2039,736.9329999999999
GLOBAL,PWRURNINDNO,2040,750.3329999999999
GLOBAL,PWRURNINDNO,2041,763.733
GLOBAL,PWRURNINDNO,2042,778.2049999999999
GLOBAL,PWRURNINDNO,2043,792.8109999999999
GLOBAL,PWRURNINDNO,2044,807.0819999999999
GLOBAL,PWRURNINDNO,2045,820.7366
GLOBAL,PWRURNINDNO,2046,835.5033999999999
GLOBAL,PWRURNINDNO,2047,850.3103999999998
GLOBAL,PWRURNINDNO,2048,865.774
GLOBAL,PWRURNINDNO,2049,882.6981999999998
GLOBAL,PWRURNINDNO,2050,900.9624
GLOBAL,PWRURNINDSO,2023,444.88
GLOBAL,PWRURNINDSO,2024,511.88
GLOBAL,PWRURNINDSO,2025,1047.88
GLOBAL,PWRURNINDSO,2026,1047.88
GLOBAL,PWRURNINDSO,2027,1047.88
GLOBAL,PWRURNINDSO,2028,1097.5002000000002
GLOBAL,PWRURNINDSO,2029,1142.4572
GLOBAL,PWRURNINDSO,2030,1173.2906
GLOBAL,PWRURNINDSO,2031,1201.8996
GLOBAL,PWRURNINDSO,2032,1237.691
GLOBAL,PWRURNINDSO,2033,1272.1424000000002
GLOBAL,PWRURNINDSO,2034,1305.2671999999998
GLOBAL,PWRURNINDSO,2035,1337.0519999999997
GLOBAL,PWRURNINDSO,2036,1367.5101999999997
GLOBAL,PWRURNINDSO,2037,1399.8175999999994
GLOBAL,PWRURNINDSO,2038,1430.7045999999996
GLOBAL,PWRURNINDSO,2039,1460.1577999999995
GLOBAL,PWRURNINDSO,2040,1486.8773999999994
GLOBAL,PWRURNINDSO,2041,1513.4361999999994
GLOBAL,PWRURNINDSO,2042,1544.0283999999995
GLOBAL,PWRURNINDSO,2043,1574.9823999999994
GLOBAL,PWRURNINDSO,2044,1606.2713999999994
GLOBAL,PWRURNINDSO,2045,1637.8819999999994
GLOBAL,PWRURNINDSO,2046,1669.8007999999995
GLOBAL,PWRURNINDSO,2047,1701.9875999999997
GLOBAL,PWRURNINDSO,2048,1734.4289999999999
GLOBAL,PWRURNINDSO,2049,1767.0848
GLOBAL,PWRURNINDSO,2050,1799.9282
GLOBAL,PWRURNINDWE,2023,340.36
GLOBAL,PWRURNINDWE,2024,340.36
GLOBAL,PWRURNINDWE,2025,340.36
GLOBAL,PWRURNINDWE,2026,366.14160000000004
GLOBAL,PWRURNINDWE,2027,391.012
GLOBAL,PWRURNINDWE,2028,429.65760000000006
GLOBAL,PWRURNINDWE,2029,462.769
GLOBAL,PWRURNINDWE,2030,476.1690000000001
GLOBAL,PWRURNINDWE,2031,489.569
GLOBAL,PWRURNINDWE,2032,510.2586
GLOBAL,PWRURNINDWE,2033,529.4340000000001
GLOBAL,PWRURNINDWE,2034,547.0952000000001
GLOBAL,PWRURNINDWE,2035,563.2422
GLOBAL,PWRURNINDWE,2036,577.875
GLOBAL,PWRURNINDWE,2037,594.3436
GLOBAL,PWRURNINDWE,2038,609.1506
GLOBAL,PWRURNINDWE,2039,622.5506
GLOBAL,PWRURNINDWE,2040,635.9506000000001
GLOBAL,PWRURNINDWE,2041,649.3506
GLOBAL,PWRURNINDWE,2042,662.7506
GLOBAL,PWRURNINDWE,2043,676.1505999999999
GLOBAL,PWRURNINDWE,2044,691.8285999999999
GLOBAL,PWRURNINDWE,2045,711.7008000000001
GLOBAL,PWRURNINDWE,2046,736.933
GLOBAL,PWRURNINDWE,2047,767.9137999999998
GLOBAL,PWRURNINDWE,2048,805.5007999999998
GLOBAL,PWRURNINDWE,2049,851.1813999999998
GLOBAL,PWRURNINDWE,2050,907.5819999999998
GLOBAL,PWRWASINDEA,2024,0.048
GLOBAL,PWRWASINDEA,2025,0.096
GLOBAL,PWRWASINDEA,2026,0.144
GLOBAL,PWRWASINDEA,2027,0.203999999999988
GLOBAL,PWRWASINDEA,2028,0.264
GLOBAL,PWRWASINDEA,2029,0.312
GLOBAL,PWRWASINDEA,2030,0.336
GLOBAL,PWRWASINDEA,2031,0.36
GLOBAL,PWRWASINDEA,2032,0.396
GLOBAL,PWRWASINDEA,2033,0.42
GLOBAL,PWRWASINDEA,2034,0.444
GLOBAL,PWRWASINDEA,2035,0.46799999999999997
GLOBAL,PWRWASINDEA,2036,0.49200000000000005
GLOBAL,PWRWASINDEA,2037,0.516
GLOBAL,PWRWASINDEA,2038,0.5399999999999999
GLOBAL,PWRWASINDEA,2039,0.552
GLOBAL,PWRWASINDEA,2040,0.5640000000000001
GLOBAL,PWRWASINDEA,2041,0.576
GLOBAL,PWRWASINDEA,2042,0.6
GLOBAL,PWRWASINDEA,2043,0.636
GLOBAL,PWRWASINDEA,2044,0.672
GLOBAL,PWRWASINDEA,2045,0.72
GLOBAL,PWRWASINDEA,2046,0.7799999999999999
GLOBAL,PWRWASINDEA,2047,0.84
GLOBAL,PWRWASINDEA,2048,0.864
GLOBAL,PWRWASINDEA,2049,0.816
GLOBAL,PWRWASINDEA,2050,0.768
GLOBAL,PWRWASINDNO,2024,1.764
GLOBAL,PWRWASINDNO,2025,3.623999999999988
GLOBAL,PWRWASINDNO,2026,5.6160000000000005
GLOBAL,PWRWASINDNO,2027,7.74
GLOBAL,PWRWASINDNO,2028,9.972
GLOBAL,PWRWASINDNO,2029,11.975999999999999
GLOBAL,PWRWASINDNO,2030,13.296
GLOBAL,PWRWASINDNO,2031,14.58
GLOBAL,PWRWASINDNO,2032,16.14
GLOBAL,PWRWASINDNO,2033,17.627999999999986
GLOBAL,PWRWASINDNO,2034,19.056
GLOBAL,PWRWASINDNO,2035,20.41199999999999
GLOBAL,PWRWASINDNO,2036,21.695999999999987
GLOBAL,PWRWASINDNO,2037,23.1
GLOBAL,PWRWASINDNO,2038,24.432000000000002
GLOBAL,PWRWASINDNO,2039,25.692
GLOBAL,PWRWASINDNO,2040,26.759999999999987
GLOBAL,PWRWASINDNO,2041,27.863999999999997
GLOBAL,PWRWASINDNO,2042,29.148
GLOBAL,PWRWASINDNO,2043,30.443999999999992
GLOBAL,PWRWASINDNO,2044,31.71599999999999
GLOBAL,PWRWASINDNO,2045,32.92799999999999
GLOBAL,PWRWASINDNO,2046,34.24799999999998
GLOBAL,PWRWASINDNO,2047,35.568
GLOBAL,PWRWASINDNO,2048,36.948
GLOBAL,PWRWASINDNO,2049,36.68399999999999
GLOBAL,PWRWASINDNO,2050,36.44399999999999
GLOBAL,PWRWASINDSO,2024,1.368
GLOBAL,PWRWASINDSO,2025,2.82
GLOBAL,PWRWASINDSO,2026,4.415999999999988
GLOBAL,PWRWASINDSO,2027,6.035999999999988
GLOBAL,PWRWASINDSO,2028,7.715999999999988
GLOBAL,PWRWASINDSO,2029,9.239999999999988
GLOBAL,PWRWASINDSO,2030,10.283999999999988
GLOBAL,PWRWASINDSO,2031,11.255999999999988
GLOBAL,PWRWASINDSO,2032,12.467999999999988
GLOBAL,PWRWASINDSO,2033,13.631999999999987
GLOBAL,PWRWASINDSO,2034,14.76
GLOBAL,PWRWASINDSO,2035,15.839999999999987
GLOBAL,PWRWASINDSO,2036,16.871999999999986
GLOBAL,PWRWASINDSO,2037,17.964
GLOBAL,PWRWASINDSO,2038,19.00799999999999
GLOBAL,PWRWASINDSO,2039,20.003999999999987
GLOBAL,PWRWASINDSO,2040,20.916
GLOBAL,PWRWASINDSO,2041,21.816
GLOBAL,PWRWASINDSO,2042,22.86
GLOBAL,PWRWASINDSO,2043,23.916
GLOBAL,PWRWASINDSO,2044,24.983999999999998
GLOBAL,PWRWASINDSO,2045,26.052
GLOBAL,PWRWASINDSO,2046,27.131999999999998
GLOBAL,PWRWASINDSO,2047,28.22399999999999
GLOBAL,PWRWASINDSO,2048,29.32799999999999
GLOBAL,PWRWASINDSO,2049,29.063999999999986
GLOBAL,PWRWASINDSO,2050,28.728
GLOBAL,PWRWASINDWE,2024,0.876
GLOBAL,PWRWASINDWE,2025,1.824
GLOBAL,PWRWASINDWE,2026,2.892
GLOBAL,PWRWASINDWE,2027,3.924
GLOBAL,PWRWASINDWE,2028,4.9919999999999884
GLOBAL,PWRWASINDWE,2029,5.915999999999988
GLOBAL,PWRWASINDWE,2030,6.239999999999999
GLOBAL,PWRWASINDWE,2031,6.503999999999988
GLOBAL,PWRWASINDWE,2032,7.079999999999988
GLOBAL,PWRWASINDWE,2033,7.607999999999988
GLOBAL,PWRWASINDWE,2034,8.099999999999987
GLOBAL,PWRWASINDWE,2035,8.543999999999988
GLOBAL,PWRWASINDWE,2036,8.952
GLOBAL,PWRWASINDWE,2037,9.408
GLOBAL,PWRWASINDWE,2038,9.815999999999999
GLOBAL,PWRWASINDWE,2039,10.176
GLOBAL,PWRWASINDWE,2040,10.488000000000001
GLOBAL,PWRWASINDWE,2041,10.764
GLOBAL,PWRWASINDWE,2042,11.1
GLOBAL,PWRWASINDWE,2043,11.424000000000001
GLOBAL,PWRWASINDWE,2044,11.783999999999999
GLOBAL,PWRWASINDWE,2045,12.204
GLOBAL,PWRWASINDWE,2046,12.707999999999998
GLOBAL,PWRWASINDWE,2047,13.272
GLOBAL,PWRWASINDWE,2048,13.896
GLOBAL,PWRWASINDWE,2049,13.691999999999998
GLOBAL,PWRWASINDWE,2050,13.463999999999988
GLOBAL,PWRWASLKAXX,2024,0.096
GLOBAL,PWRWASLKAXX,2025,0.168
GLOBAL,PWRWASLKAXX,2026,0.24
GLOBAL,PWRWASLKAXX,2027,0.311999999999988
GLOBAL,PWRWASLKAXX,2028,0.395999999999988
GLOBAL,PWRWASLKAXX,2029,0.467999999999988
GLOBAL,PWRWASLKAXX,2030,0.5519999999999881
GLOBAL,PWRWASLKAXX,2031,0.623999999999988
GLOBAL,PWRWASLKAXX,2032,0.707999999999988
GLOBAL,PWRWASLKAXX,2033,0.792
GLOBAL,PWRWASLKAXX,2034,0.876
GLOBAL,PWRWASLKAXX,2035,0.9719999999999881
GLOBAL,PWRWASLKAXX,2036,1.0679999999999878
GLOBAL,PWRWASLKAXX,2037,1.1759999999999882
GLOBAL,PWRWASLKAXX,2038,1.283999999999988
GLOBAL,PWRWASLKAXX,2039,1.3919999999999881
GLOBAL,PWRWASLKAXX,2040,1.512
GLOBAL,PWRWASLKAXX,2041,1.6319999999999881
GLOBAL,PWRWASLKAXX,2042,1.751999999999988
GLOBAL,PWRWASLKAXX,2043,1.8839999999999881
GLOBAL,PWRWASLKAXX,2044,2.0159999999999876
GLOBAL,PWRWASLKAXX,2045,2.1359999999999877
GLOBAL,PWRWASLKAXX,2046,2.255999999999988
GLOBAL,PWRWASLKAXX,2047,2.387999999999988
GLOBAL,PWRWASLKAXX,2048,2.507999999999988
GLOBAL,PWRWASLKAXX,2049,2.532
GLOBAL,PWRWASLKAXX,2050,2.591999999999988
GLOBAL,PWRWONBGDXX,2023,3.5200000000000005
GLOBAL,PWRWONBGDXX,2024,7.040000000000001
GLOBAL,PWRWONBGDXX,2025,10.56
GLOBAL,PWRWONBGDXX,2026,13.952000000000002
GLOBAL,PWRWONBGDXX,2027,17.28
GLOBAL,PWRWONBGDXX,2028,20.543999999999997
GLOBAL,PWRWONBGDXX,2029,23.743999999999996
GLOBAL,PWRWONBGDXX,2030,26.88
GLOBAL,PWRWONBGDXX,2031,29.951999999999998
GLOBAL,PWRWONBGDXX,2032,32.959999999999994
GLOBAL,PWRWONBGDXX,2033,35.904
GLOBAL,PWRWONBGDXX,2034,38.784
GLOBAL,PWRWONBGDXX,2035,44.86400000000001
GLOBAL,PWRWONBGDXX,2036,48.064000000000014
GLOBAL,PWRWONBGDXX,2037,51.26400000000001
GLOBAL,PWRWONBGDXX,2038,54.46400000000002
GLOBAL,PWRWONBGDXX,2039,57.66400000000002
GLOBAL,PWRWONBGDXX,2040,60.864000000000026
GLOBAL,PWRWONBGDXX,2041,63.423360000000024
GLOBAL,PWRWONBGDXX,2042,68.45888000000002
GLOBAL,PWRWONBGDXX,2043,76.89228800000002
GLOBAL,PWRWONBGDXX,2044,89.15558400000003
GLOBAL,PWRWONBGDXX,2045,105.94400000000005
GLOBAL,PWRWONBGDXX,2046,130.13328
GLOBAL,PWRWONBGDXX,2047,160.86767999999987
GLOBAL,PWRWONBGDXX,2048,194.4991999999998
GLOBAL,PWRWONBGDXX,2049,233.77599999999978
GLOBAL,PWRWONBGDXX,2050,278.5582399999998
GLOBAL,PWRWONBTNXX,2042,1.8260000000000003
GLOBAL,PWRWONBTNXX,2043,3.608
GLOBAL,PWRWONBTNXX,2044,5.346
GLOBAL,PWRWONBTNXX,2045,7.040000000000001
GLOBAL,PWRWONBTNXX,2046,7.128
GLOBAL,PWRWONBTNXX,2047,7.216
GLOBAL,PWRWONBTNXX,2048,7.304000000000001
GLOBAL,PWRWONBTNXX,2049,7.392
GLOBAL,PWRWONBTNXX,2050,7.48
GLOBAL,PWRWONINDNO,2023,115.654
GLOBAL,PWRWONINDNO,2024,122.54
GLOBAL,PWRWONINDNO,2025,129.8198
GLOBAL,PWRWONINDNO,2026,136.38515999999998
GLOBAL,PWRWONINDNO,2027,143.28144
GLOBAL,PWRWONINDNO,2028,156.09802
GLOBAL,PWRWONINDNO,2029,172.24364
GLOBAL,PWRWONINDNO,2030,185.4279
GLOBAL,PWRWONINDNO,2031,200.73664000000002
GLOBAL,PWRWONINDNO,2032,222.76222000000004
GLOBAL,PWRWONINDNO,2033,246.55032
GLOBAL,PWRWONINDNO,2034,271.74858
GLOBAL,PWRWONINDNO,2035,298.016
GLOBAL,PWRWONINDNO,2036,329.22400000000005
GLOBAL,PWRWONINDNO,2037,367.15200000000004
GLOBAL,PWRWONINDNO,2038,406.908
GLOBAL,PWRWONINDNO,2039,448.0780000000001
GLOBAL,PWRWONINDNO,2040,486.1820000000001
GLOBAL,PWRWONINDNO,2041,524.2743000000002
GLOBAL,PWRWONINDNO,2042,572.8805600000001
GLOBAL,PWRWONINDNO,2043,625.3570600000002
GLOBAL,PWRWONINDNO,2044,679.67232
GLOBAL,PWRWONINDNO,2045,734.2379000000001
GLOBAL,PWRWONINDNO,2046,809.8046999999999
GLOBAL,PWRWONINDNO,2047,894.4839
GLOBAL,PWRWONINDNO,2048,990.2819000000001
GLOBAL,PWRWONINDNO,2049,1101.4376
GLOBAL,PWRWONINDNO,2050,1232.5376
GLOBAL,PWRWONINDSO,2023,433.3868
GLOBAL,PWRWONINDSO,2024,459.415
GLOBAL,PWRWONINDSO,2025,487.0514
GLOBAL,PWRWONINDSO,2026,512.77742
GLOBAL,PWRWONINDSO,2027,538.29576
GLOBAL,PWRWONINDSO,2028,585.29642
GLOBAL,PWRWONINDSO,2029,645.14144
GLOBAL,PWRWONINDSO,2030,696.1184999999999
GLOBAL,PWRWONINDSO,2031,752.4171200000003
GLOBAL,PWRWONINDSO,2032,836.1272200000003
GLOBAL,PWRWONINDSO,2033,927.1004400000002
GLOBAL,PWRWONINDSO,2034,1024.12586
GLOBAL,PWRWONINDSO,2035,1126.0240000000001
GLOBAL,PWRWONINDSO,2036,1247.6779999999999
GLOBAL,PWRWONINDSO,2037,1391.9199999999998
GLOBAL,PWRWONINDSO,2038,1544.3119999999997
GLOBAL,PWRWONINDSO,2039,1703.5139999999997
GLOBAL,PWRWONINDSO,2040,1860.4339999999997
GLOBAL,PWRWONINDSO,2041,2011.7394
GLOBAL,PWRWONINDSO,2042,2202.7538400000003
GLOBAL,PWRWONINDSO,2043,2409.5517799999993
GLOBAL,PWRWONINDSO,2044,2631.76896
GLOBAL,PWRWONINDSO,2045,2868.9886000000006
GLOBAL,PWRWONINDSO,2046,3171.7403
GLOBAL,PWRWONINDSO,2047,3513.0202
GLOBAL,PWRWONINDSO,2048,3891.2228
GLOBAL,PWRWONINDSO,2049,4287.844
GLOBAL,PWRWONINDSO,2050,4722.1194
GLOBAL,PWRWONINDWE,2023,394.592
GLOBAL,PWRWONINDWE,2024,418.6908
GLOBAL,PWRWONINDWE,2025,445.05780000000004
GLOBAL,PWRWONINDWE,2026,470.47016
GLOBAL,PWRWONINDWE,2027,494.30088
GLOBAL,PWRWONINDWE,2028,537.8783
GLOBAL,PWRWONINDWE,2029,590.07444
GLOBAL,PWRWONINDWE,2030,609.9723
GLOBAL,PWRWONINDWE,2031,628.8422400000001
GLOBAL,PWRWONINDWE,2032,685.3352199999999
GLOBAL,PWRWONINDWE,2033,744.2776799999999
GLOBAL,PWRWONINDWE,2034,804.27916
GLOBAL,PWRWONINDWE,2035,864.0
GLOBAL,PWRWONINDWE,2036,933.508
GLOBAL,PWRWONINDWE,2037,1020.98
GLOBAL,PWRWONINDWE,2038,1107.848
GLOBAL,PWRWONINDWE,2039,1192.2440000000001
GLOBAL,PWRWONINDWE,2040,1272.296
GLOBAL,PWRWONINDWE,2041,1334.0309399999996
GLOBAL,PWRWONINDWE,2042,1419.1125200000001
GLOBAL,PWRWONINDWE,2043,1505.9191799999996
GLOBAL,PWRWONINDWE,2044,1610.6131199999998
GLOBAL,PWRWONINDWE,2045,1746.1722
GLOBAL,PWRWONINDWE,2046,1950.8230999999996
GLOBAL,PWRWONINDWE,2047,2209.6733999999997
GLOBAL,PWRWONINDWE,2048,2522.2557
GLOBAL,PWRWONINDWE,2049,2872.5682
GLOBAL,PWRWONINDWE,2050,3278.1156000000005
GLOBAL,PWRWONLKAXX,2023,14.414399999999995
GLOBAL,PWRWONLKAXX,2024,18.374399999999998
GLOBAL,PWRWONLKAXX,2025,22.3344
GLOBAL,PWRWONLKAXX,2026,27.679896
GLOBAL,PWRWONLKAXX,2027,56.092176000000016
GLOBAL,PWRWONLKAXX,2028,63.353844000000024
GLOBAL,PWRWONLKAXX,2029,68.542992
GLOBAL,PWRWONLKAXX,2030,82.5552
GLOBAL,PWRWONLKAXX,2031,93.11328
GLOBAL,PWRWONLKAXX,2032,100.45713599999999
GLOBAL,PWRWONLKAXX,2033,103.153824
GLOBAL,PWRWONLKAXX,2034,105.876684
GLOBAL,PWRWONLKAXX,2035,109.19160000000001
GLOBAL,PWRWONLKAXX,2036,114.5448
GLOBAL,PWRWONLKAXX,2037,120.88080000000001
GLOBAL,PWRWONLKAXX,2038,128.304
GLOBAL,PWRWONLKAXX,2039,136.5696
GLOBAL,PWRWONLKAXX,2040,145.94039999999998
GLOBAL,PWRWONLKAXX,2041,155.15517599999995
GLOBAL,PWRWONLKAXX,2042,165.13509599999998
GLOBAL,PWRWONLKAXX,2043,181.08464399999997
GLOBAL,PWRWONLKAXX,2044,192.97267200000002
GLOBAL,PWRWONLKAXX,2045,205.1145
GLOBAL,PWRWONLKAXX,2046,221.13378000000003
GLOBAL,PWRWONLKAXX,2047,239.18454
GLOBAL,PWRWONLKAXX,2048,254.90285999999998
GLOBAL,PWRWONLKAXX,2049,272.84417999999994
GLOBAL,PWRWONLKAXX,2050,293.37786000000006
GLOBAL,PWRWONMDVXX,2023,4.4
GLOBAL,PWRWONMDVXX,2024,8.6
GLOBAL,PWRWONMDVXX,2025,12.6
GLOBAL,PWRWONMDVXX,2026,16.64
GLOBAL,PWRWONMDVXX,2027,20.6
GLOBAL,PWRWONMDVXX,2028,24.479999999999993
GLOBAL,PWRWONMDVXX,2029,28.279999999999994
GLOBAL,PWRWONMDVXX,2030,31.999999999999996
GLOBAL,PWRWONMDVXX,2031,35.28
GLOBAL,PWRWONMDVXX,2032,38.39999999999999
GLOBAL,PWRWONMDVXX,2033,41.36000000000001
GLOBAL,PWRWONMDVXX,2034,44.16
GLOBAL,PWRWONMDVXX,2035,46.800000000000004
GLOBAL,PWRWONMDVXX,2036,49.839999999999996
GLOBAL,PWRWONMDVXX,2037,52.80000000000001
GLOBAL,PWRWONMDVXX,2038,55.68000000000001
GLOBAL,PWRWONMDVXX,2039,58.48000000000001
GLOBAL,PWRWONMDVXX,2040,61.20000000000002
GLOBAL,PWRWONMDVXX,2041,63.84000000000003
GLOBAL,PWRWONMDVXX,2042,66.40000000000002
GLOBAL,PWRWONMDVXX,2043,68.01159381804679
GLOBAL,PWRWONMDVXX,2044,69.74298517030556
GLOBAL,PWRWONMDVXX,2045,72.0819606620302
GLOBAL,PWRWONMDVXX,2046,76.07277185557496
GLOBAL,PWRWONMDVXX,2047,80.29194187848329
GLOBAL,PWRWONMDVXX,2048,81.27111190139163
GLOBAL,PWRWONMDVXX,2049,82.29396192429996
GLOBAL,PWRWONMDVXX,2050,83.8822519472083
GLOBAL,RNWNLIBGDXX,2023,20.0
GLOBAL,RNWNLIBGDXX,2024,20.0
GLOBAL,RNWNLIBGDXX,2025,20.0
GLOBAL,RNWNLIBGDXX,2026,20.0
GLOBAL,RNWNLIBGDXX,2027,20.0
GLOBAL,RNWNLIBGDXX,2028,20.0
GLOBAL,RNWNLIBGDXX,2029,20.0
GLOBAL,RNWNLIBGDXX,2030,20.0
GLOBAL,RNWNLIBGDXX,2031,20.0
GLOBAL,RNWNLIBGDXX,2032,20.0
GLOBAL,RNWNLIBGDXX,2033,20.0
GLOBAL,RNWNLIBGDXX,2034,20.0
GLOBAL,RNWNLIBGDXX,2035,20.0
GLOBAL,RNWNLIBGDXX,2036,20.0
GLOBAL,RNWNLIBGDXX,2037,20.0
GLOBAL,RNWNLIBGDXX,2038,20.0
GLOBAL,RNWNLIBGDXX,2039,20.0
GLOBAL,RNWNLIBGDXX,2040,20.0
GLOBAL,RNWNLIBGDXX,2041,20.0
GLOBAL,RNWNLIBGDXX,2042,20.0
GLOBAL,RNWNLIBGDXX,2043,20.0
GLOBAL,RNWNLIBGDXX,2044,20.0
GLOBAL,RNWNLIBGDXX,2045,20.0
GLOBAL,RNWNLIBGDXX,2046,20.0
GLOBAL,RNWNLIBGDXX,2047,20.0
GLOBAL,RNWNLIBGDXX,2048,20.0
GLOBAL,RNWNLIBGDXX,2049,20.0
GLOBAL,RNWNLIBGDXX,2050,20.0
GLOBAL,RNWNLIBTNXX,2023,20.0
GLOBAL,RNWNLIBTNXX,2024,20.0
GLOBAL,RNWNLIBTNXX,2025,20.0
GLOBAL,RNWNLIBTNXX,2026,20.0
GLOBAL,RNWNLIBTNXX,2027,20.0
GLOBAL,RNWNLIBTNXX,2028,20.0
GLOBAL,RNWNLIBTNXX,2029,20.0
GLOBAL,RNWNLIBTNXX,2030,20.0
GLOBAL,RNWNLIBTNXX,2031,20.0
GLOBAL,RNWNLIBTNXX,2032,20.0
GLOBAL,RNWNLIBTNXX,2033,20.0
GLOBAL,RNWNLIBTNXX,2034,20.0
GLOBAL,RNWNLIBTNXX,2035,20.0
GLOBAL,RNWNLIBTNXX,2036,20.0
GLOBAL,RNWNLIBTNXX,2037,20.0
GLOBAL,RNWNLIBTNXX,2038,20.0
GLOBAL,RNWNLIBTNXX,2039,20.0
GLOBAL,RNWNLIBTNXX,2040,20.0
GLOBAL,RNWNLIBTNXX,2041,20.0
GLOBAL,RNWNLIBTNXX,2042,20.0
GLOBAL,RNWNLIBTNXX,2043,20.0
GLOBAL,RNWNLIBTNXX,2044,20.0
GLOBAL,RNWNLIBTNXX,2045,20.0
GLOBAL,RNWNLIBTNXX,2046,20.0
GLOBAL,RNWNLIBTNXX,2047,20.0
GLOBAL,RNWNLIBTNXX,2048,20.0
GLOBAL,RNWNLIBTNXX,2049,20.0
GLOBAL,RNWNLIBTNXX,2050,20.0
GLOBAL,RNWNLIINDEA,2023,20.0
GLOBAL,RNWNLIINDEA,2024,20.0
GLOBAL,RNWNLIINDEA,2025,20.0
GLOBAL,RNWNLIINDEA,2026,20.0
GLOBAL,RNWNLIINDEA,2027,20.0
GLOBAL,RNWNLIINDEA,2028,20.0
GLOBAL,RNWNLIINDEA,2029,20.0
GLOBAL,RNWNLIINDEA,2030,20.0
GLOBAL,RNWNLIINDEA,2031,20.0
GLOBAL,RNWNLIINDEA,2032,20.0
GLOBAL,RNWNLIINDEA,2033,20.0
GLOBAL,RNWNLIINDEA,2034,20.0
GLOBAL,RNWNLIINDEA,2035,20.0
GLOBAL,RNWNLIINDEA,2036,20.0
GLOBAL,RNWNLIINDEA,2037,20.0
GLOBAL,RNWNLIINDEA,2038,20.0
GLOBAL,RNWNLIINDEA,2039,20.0
GLOBAL,RNWNLIINDEA,2040,20.0
GLOBAL,RNWNLIINDEA,2041,20.0
GLOBAL,RNWNLIINDEA,2042,20.0
GLOBAL,RNWNLIINDEA,2043,20.0
GLOBAL,RNWNLIINDEA,2044,20.0
GLOBAL,RNWNLIINDEA,2045,20.0
GLOBAL,RNWNLIINDEA,2046,20.0
GLOBAL,RNWNLIINDEA,2047,20.0
GLOBAL,RNWNLIINDEA,2048,20.0
GLOBAL,RNWNLIINDEA,2049,20.0
GLOBAL,RNWNLIINDEA,2050,20.0
GLOBAL,RNWNLIINDNE,2023,20.0
GLOBAL,RNWNLIINDNE,2024,20.0
GLOBAL,RNWNLIINDNE,2025,20.0
GLOBAL,RNWNLIINDNE,2026,20.0
GLOBAL,RNWNLIINDNE,2027,20.0
GLOBAL,RNWNLIINDNE,2028,20.0
GLOBAL,RNWNLIINDNE,2029,20.0
GLOBAL,RNWNLIINDNE,2030,20.0
GLOBAL,RNWNLIINDNE,2031,20.0
GLOBAL,RNWNLIINDNE,2032,20.0
GLOBAL,RNWNLIINDNE,2033,20.0
GLOBAL,RNWNLIINDNE,2034,20.0
GLOBAL,RNWNLIINDNE,2035,20.0
GLOBAL,RNWNLIINDNE,2036,20.0
GLOBAL,RNWNLIINDNE,2037,20.0
GLOBAL,RNWNLIINDNE,2038,20.0
GLOBAL,RNWNLIINDNE,2039,20.0
GLOBAL,RNWNLIINDNE,2040,20.0
GLOBAL,RNWNLIINDNE,2041,20.0
GLOBAL,RNWNLIINDNE,2042,20.0
GLOBAL,RNWNLIINDNE,2043,20.0
GLOBAL,RNWNLIINDNE,2044,20.0
GLOBAL,RNWNLIINDNE,2045,20.0
GLOBAL,RNWNLIINDNE,2046,20.0
GLOBAL,RNWNLIINDNE,2047,20.0
GLOBAL,RNWNLIINDNE,2048,20.0
GLOBAL,RNWNLIINDNE,2049,20.0
GLOBAL,RNWNLIINDNE,2050,20.0
GLOBAL,RNWNLIINDNO,2023,20.0
GLOBAL,RNWNLIINDNO,2024,20.0
GLOBAL,RNWNLIINDNO,2025,20.0
GLOBAL,RNWNLIINDNO,2026,20.0
GLOBAL,RNWNLIINDNO,2027,20.0
GLOBAL,RNWNLIINDNO,2028,20.0
GLOBAL,RNWNLIINDNO,2029,20.0
GLOBAL,RNWNLIINDNO,2030,20.0
GLOBAL,RNWNLIINDNO,2031,20.0
GLOBAL,RNWNLIINDNO,2032,20.0
GLOBAL,RNWNLIINDNO,2033,20.0
GLOBAL,RNWNLIINDNO,2034,20.0
GLOBAL,RNWNLIINDNO,2035,20.0
GLOBAL,RNWNLIINDNO,2036,20.0
GLOBAL,RNWNLIINDNO,2037,20.0
GLOBAL,RNWNLIINDNO,2038,20.0
GLOBAL,RNWNLIINDNO,2039,20.0
GLOBAL,RNWNLIINDNO,2040,20.0
GLOBAL,RNWNLIINDNO,2041,20.0
GLOBAL,RNWNLIINDNO,2042,20.0
GLOBAL,RNWNLIINDNO,2043,20.0
GLOBAL,RNWNLIINDNO,2044,20.0
GLOBAL,RNWNLIINDNO,2045,20.0
GLOBAL,RNWNLIINDNO,2046,20.0
GLOBAL,RNWNLIINDNO,2047,20.0
GLOBAL,RNWNLIINDNO,2048,20.0
GLOBAL,RNWNLIINDNO,2049,20.0
GLOBAL,RNWNLIINDNO,2050,20.0
GLOBAL,RNWNLIINDSO,2023,20.0
GLOBAL,RNWNLIINDSO,2024,20.0
GLOBAL,RNWNLIINDSO,2025,20.0
GLOBAL,RNWNLIINDSO,2026,20.0
GLOBAL,RNWNLIINDSO,2027,20.0
GLOBAL,RNWNLIINDSO,2028,20.0
GLOBAL,RNWNLIINDSO,2029,20.0
GLOBAL,RNWNLIINDSO,2030,20.0
GLOBAL,RNWNLIINDSO,2031,20.0
GLOBAL,RNWNLIINDSO,2032,20.0
GLOBAL,RNWNLIINDSO,2033,20.0
GLOBAL,RNWNLIINDSO,2034,20.0
GLOBAL,RNWNLIINDSO,2035,20.0
GLOBAL,RNWNLIINDSO,2036,20.0
GLOBAL,RNWNLIINDSO,2037,20.0
GLOBAL,RNWNLIINDSO,2038,20.0
GLOBAL,RNWNLIINDSO,2039,20.0
GLOBAL,RNWNLIINDSO,2040,20.0
GLOBAL,RNWNLIINDSO,2041,20.0
GLOBAL,RNWNLIINDSO,2042,20.0
GLOBAL,RNWNLIINDSO,2043,20.0
GLOBAL,RNWNLIINDSO,2044,20.0
GLOBAL,RNWNLIINDSO,2045,20.0
GLOBAL,RNWNLIINDSO,2046,20.0
GLOBAL,RNWNLIINDSO,2047,20.0
GLOBAL,RNWNLIINDSO,2048,20.0
GLOBAL,RNWNLIINDSO,2049,20.0
GLOBAL,RNWNLIINDSO,2050,20.0
GLOBAL,RNWNLIINDWE,2023,20.0
GLOBAL,RNWNLIINDWE,2024,20.0
GLOBAL,RNWNLIINDWE,2025,20.0
GLOBAL,RNWNLIINDWE,2026,20.0
GLOBAL,RNWNLIINDWE,2027,20.0
GLOBAL,RNWNLIINDWE,2028,20.0
GLOBAL,RNWNLIINDWE,2029,20.0
GLOBAL,RNWNLIINDWE,2030,20.0
GLOBAL,RNWNLIINDWE,2031,20.0
GLOBAL,RNWNLIINDWE,2032,20.0
GLOBAL,RNWNLIINDWE,2033,20.0
GLOBAL,RNWNLIINDWE,2034,20.0
GLOBAL,RNWNLIINDWE,2035,20.0
GLOBAL,RNWNLIINDWE,2036,20.0
GLOBAL,RNWNLIINDWE,2037,20.0
GLOBAL,RNWNLIINDWE,2038,20.0
GLOBAL,RNWNLIINDWE,2039,20.0
GLOBAL,RNWNLIINDWE,2040,20.0
GLOBAL,RNWNLIINDWE,2041,20.0
GLOBAL,RNWNLIINDWE,2042,20.0
GLOBAL,RNWNLIINDWE,2043,20.0
GLOBAL,RNWNLIINDWE,2044,20.0
GLOBAL,RNWNLIINDWE,2045,20.0
GLOBAL,RNWNLIINDWE,2046,20.0
GLOBAL,RNWNLIINDWE,2047,20.0
GLOBAL,RNWNLIINDWE,2048,20.0
GLOBAL,RNWNLIINDWE,2049,20.0
GLOBAL,RNWNLIINDWE,2050,20.0
GLOBAL,RNWNLILKAXX,2023,20.0
GLOBAL,RNWNLILKAXX,2024,20.0
GLOBAL,RNWNLILKAXX,2025,20.0
GLOBAL,RNWNLILKAXX,2026,20.0
GLOBAL,RNWNLILKAXX,2027,20.0
GLOBAL,RNWNLILKAXX,2028,20.0
GLOBAL,RNWNLILKAXX,2029,20.0
GLOBAL,RNWNLILKAXX,2030,20.0
GLOBAL,RNWNLILKAXX,2031,20.0
GLOBAL,RNWNLILKAXX,2032,20.0
GLOBAL,RNWNLILKAXX,2033,20.0
GLOBAL,RNWNLILKAXX,2034,20.0
GLOBAL,RNWNLILKAXX,2035,20.0
GLOBAL,RNWNLILKAXX,2036,20.0
GLOBAL,RNWNLILKAXX,2037,20.0
GLOBAL,RNWNLILKAXX,2038,20.0
GLOBAL,RNWNLILKAXX,2039,20.0
GLOBAL,RNWNLILKAXX,2040,20.0
GLOBAL,RNWNLILKAXX,2041,20.0
GLOBAL,RNWNLILKAXX,2042,20.0
GLOBAL,RNWNLILKAXX,2043,20.0
GLOBAL,RNWNLILKAXX,2044,20.0
GLOBAL,RNWNLILKAXX,2045,20.0
GLOBAL,RNWNLILKAXX,2046,20.0
GLOBAL,RNWNLILKAXX,2047,20.0
GLOBAL,RNWNLILKAXX,2048,20.0
GLOBAL,RNWNLILKAXX,2049,20.0
GLOBAL,RNWNLILKAXX,2050,20.0
GLOBAL,RNWNLIMDVXX,2023,20.0
GLOBAL,RNWNLIMDVXX,2024,20.0
GLOBAL,RNWNLIMDVXX,2025,20.0
GLOBAL,RNWNLIMDVXX,2026,20.0
GLOBAL,RNWNLIMDVXX,2027,20.0
GLOBAL,RNWNLIMDVXX,2028,20.0
GLOBAL,RNWNLIMDVXX,2029,20.0
GLOBAL,RNWNLIMDVXX,2030,20.0
GLOBAL,RNWNLIMDVXX,2031,20.0
GLOBAL,RNWNLIMDVXX,2032,20.0
GLOBAL,RNWNLIMDVXX,2033,20.0
GLOBAL,RNWNLIMDVXX,2034,20.0
GLOBAL,RNWNLIMDVXX,2035,20.0
GLOBAL,RNWNLIMDVXX,2036,20.0
GLOBAL,RNWNLIMDVXX,2037,20.0
GLOBAL,RNWNLIMDVXX,2038,20.0
GLOBAL,RNWNLIMDVXX,2039,20.0
GLOBAL,RNWNLIMDVXX,2040,20.0
GLOBAL,RNWNLIMDVXX,2041,20.0
GLOBAL,RNWNLIMDVXX,2042,20.0
GLOBAL,RNWNLIMDVXX,2043,20.0
GLOBAL,RNWNLIMDVXX,2044,20.0
GLOBAL,RNWNLIMDVXX,2045,20.0
GLOBAL,RNWNLIMDVXX,2046,20.0
GLOBAL,RNWNLIMDVXX,2047,20.0
GLOBAL,RNWNLIMDVXX,2048,20.0
GLOBAL,RNWNLIMDVXX,2049,20.0
GLOBAL,RNWNLIMDVXX,2050,20.0
GLOBAL,RNWNLINPLXX,2023,20.0
GLOBAL,RNWNLINPLXX,2024,20.0
GLOBAL,RNWNLINPLXX,2025,20.0
GLOBAL,RNWNLINPLXX,2026,20.0
GLOBAL,RNWNLINPLXX,2027,20.0
GLOBAL,RNWNLINPLXX,2028,20.0
GLOBAL,RNWNLINPLXX,2029,20.0
GLOBAL,RNWNLINPLXX,2030,20.0
GLOBAL,RNWNLINPLXX,2031,20.0
GLOBAL,RNWNLINPLXX,2032,20.0
GLOBAL,RNWNLINPLXX,2033,20.0
GLOBAL,RNWNLINPLXX,2034,20.0
GLOBAL,RNWNLINPLXX,2035,20.0
GLOBAL,RNWNLINPLXX,2036,20.0
GLOBAL,RNWNLINPLXX,2037,20.0
GLOBAL,RNWNLINPLXX,2038,20.0
GLOBAL,RNWNLINPLXX,2039,20.0
GLOBAL,RNWNLINPLXX,2040,20.0
GLOBAL,RNWNLINPLXX,2041,20.0
GLOBAL,RNWNLINPLXX,2042,20.0
GLOBAL,RNWNLINPLXX,2043,20.0
GLOBAL,RNWNLINPLXX,2044,20.0
GLOBAL,RNWNLINPLXX,2045,20.0
GLOBAL,RNWNLINPLXX,2046,20.0
GLOBAL,RNWNLINPLXX,2047,20.0
GLOBAL,RNWNLINPLXX,2048,20.0
GLOBAL,RNWNLINPLXX,2049,20.0
GLOBAL,RNWNLINPLXX,2050,20.0
GLOBAL,RNWRPOBGDXX,2023,20.0
GLOBAL,RNWRPOBGDXX,2024,20.0
GLOBAL,RNWRPOBGDXX,2025,20.0
GLOBAL,RNWRPOBGDXX,2026,20.0
GLOBAL,RNWRPOBGDXX,2027,20.0
GLOBAL,RNWRPOBGDXX,2028,20.0
GLOBAL,RNWRPOBGDXX,2029,20.0
GLOBAL,RNWRPOBGDXX,2030,20.0
GLOBAL,RNWRPOBGDXX,2031,20.0
GLOBAL,RNWRPOBGDXX,2032,20.0
GLOBAL,RNWRPOBGDXX,2033,20.0
GLOBAL,RNWRPOBGDXX,2034,20.0
GLOBAL,RNWRPOBGDXX,2035,20.0
GLOBAL,RNWRPOBGDXX,2036,20.0
GLOBAL,RNWRPOBGDXX,2037,20.0
GLOBAL,RNWRPOBGDXX,2038,20.0
GLOBAL,RNWRPOBGDXX,2039,20.0
GLOBAL,RNWRPOBGDXX,2040,20.0
GLOBAL,RNWRPOBGDXX,2041,20.0
GLOBAL,RNWRPOBGDXX,2042,20.0
GLOBAL,RNWRPOBGDXX,2043,20.0
GLOBAL,RNWRPOBGDXX,2044,20.0
GLOBAL,RNWRPOBGDXX,2045,20.0
GLOBAL,RNWRPOBGDXX,2046,20.0
GLOBAL,RNWRPOBGDXX,2047,20.0
GLOBAL,RNWRPOBGDXX,2048,20.0
GLOBAL,RNWRPOBGDXX,2049,20.0
GLOBAL,RNWRPOBGDXX,2050,20.0
GLOBAL,RNWRPOBTNXX,2023,20.0
GLOBAL,RNWRPOBTNXX,2024,20.0
GLOBAL,RNWRPOBTNXX,2025,20.0
GLOBAL,RNWRPOBTNXX,2026,20.0
GLOBAL,RNWRPOBTNXX,2027,20.0
GLOBAL,RNWRPOBTNXX,2028,20.0
GLOBAL,RNWRPOBTNXX,2029,20.0
GLOBAL,RNWRPOBTNXX,2030,20.0
GLOBAL,RNWRPOBTNXX,2031,20.0
GLOBAL,RNWRPOBTNXX,2032,20.0
GLOBAL,RNWRPOBTNXX,2033,20.0
GLOBAL,RNWRPOBTNXX,2034,20.0
GLOBAL,RNWRPOBTNXX,2035,20.0
GLOBAL,RNWRPOBTNXX,2036,20.0
GLOBAL,RNWRPOBTNXX,2037,20.0
GLOBAL,RNWRPOBTNXX,2038,20.0
GLOBAL,RNWRPOBTNXX,2039,20.0
GLOBAL,RNWRPOBTNXX,2040,20.0
GLOBAL,RNWRPOBTNXX,2041,20.0
GLOBAL,RNWRPOBTNXX,2042,20.0
GLOBAL,RNWRPOBTNXX,2043,20.0
GLOBAL,RNWRPOBTNXX,2044,20.0
GLOBAL,RNWRPOBTNXX,2045,20.0
GLOBAL,RNWRPOBTNXX,2046,20.0
GLOBAL,RNWRPOBTNXX,2047,20.0
GLOBAL,RNWRPOBTNXX,2048,20.0
GLOBAL,RNWRPOBTNXX,2049,20.0
GLOBAL,RNWRPOBTNXX,2050,20.0
GLOBAL,RNWRPOINDEA,2023,20.0
GLOBAL,RNWRPOINDEA,2024,20.0
GLOBAL,RNWRPOINDEA,2025,20.0
GLOBAL,RNWRPOINDEA,2026,20.0
GLOBAL,RNWRPOINDEA,2027,20.0
GLOBAL,RNWRPOINDEA,2028,20.0
GLOBAL,RNWRPOINDEA,2029,20.0
GLOBAL,RNWRPOINDEA,2030,20.0
GLOBAL,RNWRPOINDEA,2031,20.0
GLOBAL,RNWRPOINDEA,2032,20.0
GLOBAL,RNWRPOINDEA,2033,20.0
GLOBAL,RNWRPOINDEA,2034,20.0
GLOBAL,RNWRPOINDEA,2035,20.0
GLOBAL,RNWRPOINDEA,2036,20.0
GLOBAL,RNWRPOINDEA,2037,20.0
GLOBAL,RNWRPOINDEA,2038,20.0
GLOBAL,RNWRPOINDEA,2039,20.0
GLOBAL,RNWRPOINDEA,2040,20.0
GLOBAL,RNWRPOINDEA,2041,20.0
GLOBAL,RNWRPOINDEA,2042,20.0
GLOBAL,RNWRPOINDEA,2043,20.0
GLOBAL,RNWRPOINDEA,2044,20.0
GLOBAL,RNWRPOINDEA,2045,20.0
GLOBAL,RNWRPOINDEA,2046,20.0
GLOBAL,RNWRPOINDEA,2047,20.0
GLOBAL,RNWRPOINDEA,2048,20.0
GLOBAL,RNWRPOINDEA,2049,20.0
GLOBAL,RNWRPOINDEA,2050,20.0
GLOBAL,RNWRPOINDNE,2023,20.0
GLOBAL,RNWRPOINDNE,2024,20.0
GLOBAL,RNWRPOINDNE,2025,20.0
GLOBAL,RNWRPOINDNE,2026,20.0
GLOBAL,RNWRPOINDNE,2027,20.0
GLOBAL,RNWRPOINDNE,2028,20.0
GLOBAL,RNWRPOINDNE,2029,20.0
GLOBAL,RNWRPOINDNE,2030,20.0
GLOBAL,RNWRPOINDNE,2031,20.0
GLOBAL,RNWRPOINDNE,2032,20.0
GLOBAL,RNWRPOINDNE,2033,20.0
GLOBAL,RNWRPOINDNE,2034,20.0
GLOBAL,RNWRPOINDNE,2035,20.0
GLOBAL,RNWRPOINDNE,2036,20.0
GLOBAL,RNWRPOINDNE,2037,20.0
GLOBAL,RNWRPOINDNE,2038,20.0
GLOBAL,RNWRPOINDNE,2039,20.0
GLOBAL,RNWRPOINDNE,2040,20.0
GLOBAL,RNWRPOINDNE,2041,20.0
GLOBAL,RNWRPOINDNE,2042,20.0
GLOBAL,RNWRPOINDNE,2043,20.0
GLOBAL,RNWRPOINDNE,2044,20.0
GLOBAL,RNWRPOINDNE,2045,20.0
GLOBAL,RNWRPOINDNE,2046,20.0
GLOBAL,RNWRPOINDNE,2047,20.0
GLOBAL,RNWRPOINDNE,2048,20.0
GLOBAL,RNWRPOINDNE,2049,20.0
GLOBAL,RNWRPOINDNE,2050,20.0
GLOBAL,RNWRPOINDNO,2023,20.0
GLOBAL,RNWRPOINDNO,2024,20.0
GLOBAL,RNWRPOINDNO,2025,20.0
GLOBAL,RNWRPOINDNO,2026,20.0
GLOBAL,RNWRPOINDNO,2027,20.0
GLOBAL,RNWRPOINDNO,2028,20.0
GLOBAL,RNWRPOINDNO,2029,20.0
GLOBAL,RNWRPOINDNO,2030,20.0
GLOBAL,RNWRPOINDNO,2031,20.0
GLOBAL,RNWRPOINDNO,2032,20.0
GLOBAL,RNWRPOINDNO,2033,20.0
GLOBAL,RNWRPOINDNO,2034,20.0
GLOBAL,RNWRPOINDNO,2035,20.0
GLOBAL,RNWRPOINDNO,2036,20.0
GLOBAL,RNWRPOINDNO,2037,20.0
GLOBAL,RNWRPOINDNO,2038,20.0
GLOBAL,RNWRPOINDNO,2039,20.0
GLOBAL,RNWRPOINDNO,2040,20.0
GLOBAL,RNWRPOINDNO,2041,20.0
GLOBAL,RNWRPOINDNO,2042,20.0
GLOBAL,RNWRPOINDNO,2043,20.0
GLOBAL,RNWRPOINDNO,2044,20.0
GLOBAL,RNWRPOINDNO,2045,20.0
GLOBAL,RNWRPOINDNO,2046,20.0
GLOBAL,RNWRPOINDNO,2047,20.0
GLOBAL,RNWRPOINDNO,2048,20.0
GLOBAL,RNWRPOINDNO,2049,20.0
GLOBAL,RNWRPOINDNO,2050,20.0
GLOBAL,RNWRPOINDSO,2023,20.0
GLOBAL,RNWRPOINDSO,2024,20.0
GLOBAL,RNWRPOINDSO,2025,20.0
GLOBAL,RNWRPOINDSO,2026,20.0
GLOBAL,RNWRPOINDSO,2027,20.0
GLOBAL,RNWRPOINDSO,2028,20.0
GLOBAL,RNWRPOINDSO,2029,20.0
GLOBAL,RNWRPOINDSO,2030,20.0
GLOBAL,RNWRPOINDSO,2031,20.0
GLOBAL,RNWRPOINDSO,2032,20.0
GLOBAL,RNWRPOINDSO,2033,20.0
GLOBAL,RNWRPOINDSO,2034,20.0
GLOBAL,RNWRPOINDSO,2035,20.0
GLOBAL,RNWRPOINDSO,2036,20.0
GLOBAL,RNWRPOINDSO,2037,20.0
GLOBAL,RNWRPOINDSO,2038,20.0
GLOBAL,RNWRPOINDSO,2039,20.0
GLOBAL,RNWRPOINDSO,2040,20.0
GLOBAL,RNWRPOINDSO,2041,20.0
GLOBAL,RNWRPOINDSO,2042,20.0
GLOBAL,RNWRPOINDSO,2043,20.0
GLOBAL,RNWRPOINDSO,2044,20.0
GLOBAL,RNWRPOINDSO,2045,20.0
GLOBAL,RNWRPOINDSO,2046,20.0
GLOBAL,RNWRPOINDSO,2047,20.0
GLOBAL,RNWRPOINDSO,2048,20.0
GLOBAL,RNWRPOINDSO,2049,20.0
GLOBAL,RNWRPOINDSO,2050,20.0
GLOBAL,RNWRPOINDWE,2023,20.0
GLOBAL,RNWRPOINDWE,2024,20.0
GLOBAL,RNWRPOINDWE,2025,20.0
GLOBAL,RNWRPOINDWE,2026,20.0
GLOBAL,RNWRPOINDWE,2027,20.0
GLOBAL,RNWRPOINDWE,2028,20.0
GLOBAL,RNWRPOINDWE,2029,20.0
GLOBAL,RNWRPOINDWE,2030,20.0
GLOBAL,RNWRPOINDWE,2031,20.0
GLOBAL,RNWRPOINDWE,2032,20.0
GLOBAL,RNWRPOINDWE,2033,20.0
GLOBAL,RNWRPOINDWE,2034,20.0
GLOBAL,RNWRPOINDWE,2035,20.0
GLOBAL,RNWRPOINDWE,2036,20.0
GLOBAL,RNWRPOINDWE,2037,20.0
GLOBAL,RNWRPOINDWE,2038,20.0
GLOBAL,RNWRPOINDWE,2039,20.0
GLOBAL,RNWRPOINDWE,2040,20.0
GLOBAL,RNWRPOINDWE,2041,20.0
GLOBAL,RNWRPOINDWE,2042,20.0
GLOBAL,RNWRPOINDWE,2043,20.0
GLOBAL,RNWRPOINDWE,2044,20.0
GLOBAL,RNWRPOINDWE,2045,20.0
GLOBAL,RNWRPOINDWE,2046,20.0
GLOBAL,RNWRPOINDWE,2047,20.0
GLOBAL,RNWRPOINDWE,2048,20.0
GLOBAL,RNWRPOINDWE,2049,20.0
GLOBAL,RNWRPOINDWE,2050,20.0
GLOBAL,RNWRPOLKAXX,2023,20.0
GLOBAL,RNWRPOLKAXX,2024,20.0
GLOBAL,RNWRPOLKAXX,2025,20.0
GLOBAL,RNWRPOLKAXX,2026,20.0
GLOBAL,RNWRPOLKAXX,2027,20.0
GLOBAL,RNWRPOLKAXX,2028,20.0
GLOBAL,RNWRPOLKAXX,2029,20.0
GLOBAL,RNWRPOLKAXX,2030,20.0
GLOBAL,RNWRPOLKAXX,2031,20.0
GLOBAL,RNWRPOLKAXX,2032,20.0
GLOBAL,RNWRPOLKAXX,2033,20.0
GLOBAL,RNWRPOLKAXX,2034,20.0
GLOBAL,RNWRPOLKAXX,2035,20.0
GLOBAL,RNWRPOLKAXX,2036,20.0
GLOBAL,RNWRPOLKAXX,2037,20.0
GLOBAL,RNWRPOLKAXX,2038,20.0
GLOBAL,RNWRPOLKAXX,2039,20.0
GLOBAL,RNWRPOLKAXX,2040,20.0
GLOBAL,RNWRPOLKAXX,2041,20.0
GLOBAL,RNWRPOLKAXX,2042,20.0
GLOBAL,RNWRPOLKAXX,2043,20.0
GLOBAL,RNWRPOLKAXX,2044,20.0
GLOBAL,RNWRPOLKAXX,2045,20.0
GLOBAL,RNWRPOLKAXX,2046,20.0
GLOBAL,RNWRPOLKAXX,2047,20.0
GLOBAL,RNWRPOLKAXX,2048,20.0
GLOBAL,RNWRPOLKAXX,2049,20.0
GLOBAL,RNWRPOLKAXX,2050,20.0
GLOBAL,RNWRPOMDVXX,2023,20.0
GLOBAL,RNWRPOMDVXX,2024,20.0
GLOBAL,RNWRPOMDVXX,2025,20.0
GLOBAL,RNWRPOMDVXX,2026,20.0
GLOBAL,RNWRPOMDVXX,2027,20.0
GLOBAL,RNWRPOMDVXX,2028,20.0
GLOBAL,RNWRPOMDVXX,2029,20.0
GLOBAL,RNWRPOMDVXX,2030,20.0
GLOBAL,RNWRPOMDVXX,2031,20.0
GLOBAL,RNWRPOMDVXX,2032,20.0
GLOBAL,RNWRPOMDVXX,2033,20.0
GLOBAL,RNWRPOMDVXX,2034,20.0
GLOBAL,RNWRPOMDVXX,2035,20.0
GLOBAL,RNWRPOMDVXX,2036,20.0
GLOBAL,RNWRPOMDVXX,2037,20.0
GLOBAL,RNWRPOMDVXX,2038,20.0
GLOBAL,RNWRPOMDVXX,2039,20.0
GLOBAL,RNWRPOMDVXX,2040,20.0
GLOBAL,RNWRPOMDVXX,2041,20.0
GLOBAL,RNWRPOMDVXX,2042,20.0
GLOBAL,RNWRPOMDVXX,2043,20.0
GLOBAL,RNWRPOMDVXX,2044,20.0
GLOBAL,RNWRPOMDVXX,2045,20.0
GLOBAL,RNWRPOMDVXX,2046,20.0
GLOBAL,RNWRPOMDVXX,2047,20.0
GLOBAL,RNWRPOMDVXX,2048,20.0
GLOBAL,RNWRPOMDVXX,2049,20.0
GLOBAL,RNWRPOMDVXX,2050,20.0
GLOBAL,RNWRPONPLXX,2023,20.0
GLOBAL,RNWRPONPLXX,2024,20.0
GLOBAL,RNWRPONPLXX,2025,20.0
GLOBAL,RNWRPONPLXX,2026,20.0
GLOBAL,RNWRPONPLXX,2027,20.0
GLOBAL,RNWRPONPLXX,2028,20.0
GLOBAL,RNWRPONPLXX,2029,20.0
GLOBAL,RNWRPONPLXX,2030,20.0
GLOBAL,RNWRPONPLXX,2031,20.0
GLOBAL,RNWRPONPLXX,2032,20.0
GLOBAL,RNWRPONPLXX,2033,20.0
GLOBAL,RNWRPONPLXX,2034,20.0
GLOBAL,RNWRPONPLXX,2035,20.0
GLOBAL,RNWRPONPLXX,2036,20.0
GLOBAL,RNWRPONPLXX,2037,20.0
GLOBAL,RNWRPONPLXX,2038,20.0
GLOBAL,RNWRPONPLXX,2039,20.0
GLOBAL,RNWRPONPLXX,2040,20.0
GLOBAL,RNWRPONPLXX,2041,20.0
GLOBAL,RNWRPONPLXX,2042,20.0
GLOBAL,RNWRPONPLXX,2043,20.0
GLOBAL,RNWRPONPLXX,2044,20.0
GLOBAL,RNWRPONPLXX,2045,20.0
GLOBAL,RNWRPONPLXX,2046,20.0
GLOBAL,RNWRPONPLXX,2047,20.0
GLOBAL,RNWRPONPLXX,2048,20.0
GLOBAL,RNWRPONPLXX,2049,20.0
GLOBAL,RNWRPONPLXX,2050,20.0
GLOBAL,RNWTRNBGDXX,2023,20.0
GLOBAL,RNWTRNBGDXX,2024,20.0
GLOBAL,RNWTRNBGDXX,2025,20.0
GLOBAL,RNWTRNBGDXX,2026,20.0
GLOBAL,RNWTRNBGDXX,2027,20.0
GLOBAL,RNWTRNBGDXX,2028,20.0
GLOBAL,RNWTRNBGDXX,2029,20.0
GLOBAL,RNWTRNBGDXX,2030,20.0
GLOBAL,RNWTRNBGDXX,2031,20.0
GLOBAL,RNWTRNBGDXX,2032,20.0
GLOBAL,RNWTRNBGDXX,2033,20.0
GLOBAL,RNWTRNBGDXX,2034,20.0
GLOBAL,RNWTRNBGDXX,2035,20.0
GLOBAL,RNWTRNBGDXX,2036,20.0
GLOBAL,RNWTRNBGDXX,2037,20.0
GLOBAL,RNWTRNBGDXX,2038,20.0
GLOBAL,RNWTRNBGDXX,2039,20.0
GLOBAL,RNWTRNBGDXX,2040,20.0
GLOBAL,RNWTRNBGDXX,2041,20.0
GLOBAL,RNWTRNBGDXX,2042,20.0
GLOBAL,RNWTRNBGDXX,2043,20.0
GLOBAL,RNWTRNBGDXX,2044,20.0
GLOBAL,RNWTRNBGDXX,2045,20.0
GLOBAL,RNWTRNBGDXX,2046,20.0
GLOBAL,RNWTRNBGDXX,2047,20.0
GLOBAL,RNWTRNBGDXX,2048,20.0
GLOBAL,RNWTRNBGDXX,2049,20.0
GLOBAL,RNWTRNBGDXX,2050,20.0
GLOBAL,RNWTRNBTNXX,2023,20.0
GLOBAL,RNWTRNBTNXX,2024,20.0
GLOBAL,RNWTRNBTNXX,2025,20.0
GLOBAL,RNWTRNBTNXX,2026,20.0
GLOBAL,RNWTRNBTNXX,2027,20.0
GLOBAL,RNWTRNBTNXX,2028,20.0
GLOBAL,RNWTRNBTNXX,2029,20.0
GLOBAL,RNWTRNBTNXX,2030,20.0
GLOBAL,RNWTRNBTNXX,2031,20.0
GLOBAL,RNWTRNBTNXX,2032,20.0
GLOBAL,RNWTRNBTNXX,2033,20.0
GLOBAL,RNWTRNBTNXX,2034,20.0
GLOBAL,RNWTRNBTNXX,2035,20.0
GLOBAL,RNWTRNBTNXX,2036,20.0
GLOBAL,RNWTRNBTNXX,2037,20.0
GLOBAL,RNWTRNBTNXX,2038,22.211051377937245
GLOBAL,RNWTRNBTNXX,2039,26.560189257333818
GLOBAL,RNWTRNBTNXX,2040,31.207819199314226
GLOBAL,RNWTRNBTNXX,2041,36.11603534393217
GLOBAL,RNWTRNBTNXX,2042,41.40323712601824
GLOBAL,RNWTRNBTNXX,2043,47.05753114764611
GLOBAL,RNWTRNBTNXX,2044,53.103326647915736
GLOBAL,RNWTRNBTNXX,2045,55.62742029458027
GLOBAL,RNWTRNBTNXX,2046,55.62742029458027
GLOBAL,RNWTRNBTNXX,2047,55.62742029458027
GLOBAL,RNWTRNBTNXX,2048,55.62742029458027
GLOBAL,RNWTRNBTNXX,2049,55.62742029458027
GLOBAL,RNWTRNBTNXX,2050,62.77909711999998
GLOBAL,RNWTRNINDEA,2023,20.0
GLOBAL,RNWTRNINDEA,2024,20.0
GLOBAL,RNWTRNINDEA,2025,20.0
GLOBAL,RNWTRNINDEA,2026,20.0
GLOBAL,RNWTRNINDEA,2027,20.0
GLOBAL,RNWTRNINDEA,2028,20.0
GLOBAL,RNWTRNINDEA,2029,20.0
GLOBAL,RNWTRNINDEA,2030,20.0
GLOBAL,RNWTRNINDEA,2031,20.0
GLOBAL,RNWTRNINDEA,2032,20.0
GLOBAL,RNWTRNINDEA,2033,20.0
GLOBAL,RNWTRNINDEA,2034,20.0
GLOBAL,RNWTRNINDEA,2035,20.0
GLOBAL,RNWTRNINDEA,2036,20.0
GLOBAL,RNWTRNINDEA,2037,20.0
GLOBAL,RNWTRNINDEA,2038,20.0
GLOBAL,RNWTRNINDEA,2039,20.0
GLOBAL,RNWTRNINDEA,2040,20.0
GLOBAL,RNWTRNINDEA,2041,20.0
GLOBAL,RNWTRNINDEA,2042,20.0
GLOBAL,RNWTRNINDEA,2043,20.0
GLOBAL,RNWTRNINDEA,2044,20.0
GLOBAL,RNWTRNINDEA,2045,20.0
GLOBAL,RNWTRNINDEA,2046,20.0
GLOBAL,RNWTRNINDEA,2047,20.0
GLOBAL,RNWTRNINDEA,2048,20.0
GLOBAL,RNWTRNINDEA,2049,20.0
GLOBAL,RNWTRNINDEA,2050,20.0
GLOBAL,RNWTRNINDNE,2023,20.0
GLOBAL,RNWTRNINDNE,2024,20.0
GLOBAL,RNWTRNINDNE,2025,20.0
GLOBAL,RNWTRNINDNE,2026,20.0
GLOBAL,RNWTRNINDNE,2027,20.0
GLOBAL,RNWTRNINDNE,2028,20.0
GLOBAL,RNWTRNINDNE,2029,20.0
GLOBAL,RNWTRNINDNE,2030,20.0
GLOBAL,RNWTRNINDNE,2031,20.0
GLOBAL,RNWTRNINDNE,2032,20.0
GLOBAL,RNWTRNINDNE,2033,20.0
GLOBAL,RNWTRNINDNE,2034,20.0
GLOBAL,RNWTRNINDNE,2035,20.0
GLOBAL,RNWTRNINDNE,2036,20.0
GLOBAL,RNWTRNINDNE,2037,20.0
GLOBAL,RNWTRNINDNE,2038,20.0
GLOBAL,RNWTRNINDNE,2039,20.0
GLOBAL,RNWTRNINDNE,2040,20.0
GLOBAL,RNWTRNINDNE,2041,20.0
GLOBAL,RNWTRNINDNE,2042,20.0
GLOBAL,RNWTRNINDNE,2043,20.0
GLOBAL,RNWTRNINDNE,2044,20.0
GLOBAL,RNWTRNINDNE,2045,20.0
GLOBAL,RNWTRNINDNE,2046,20.0
GLOBAL,RNWTRNINDNE,2047,20.0
GLOBAL,RNWTRNINDNE,2048,20.0
GLOBAL,RNWTRNINDNE,2049,20.0
GLOBAL,RNWTRNINDNE,2050,20.0
GLOBAL,RNWTRNINDNO,2023,49.94351937077042
GLOBAL,RNWTRNINDNO,2024,55.21926436221227
GLOBAL,RNWTRNINDNO,2025,73.70771520124383
GLOBAL,RNWTRNINDNO,2026,108.8406734353405
GLOBAL,RNWTRNINDNO,2027,131.13608920105
GLOBAL,RNWTRNINDNO,2028,141.8513936902955
GLOBAL,RNWTRNINDNO,2029,155.7278567813118
GLOBAL,RNWTRNINDNO,2030,175.52680371100735
GLOBAL,RNWTRNINDNO,2031,188.44877300262735
GLOBAL,RNWTRNINDNO,2032,205.5865292604812
GLOBAL,RNWTRNINDNO,2033,223.26193802665716
GLOBAL,RNWTRNINDNO,2034,241.36261810951586
GLOBAL,RNWTRNINDNO,2035,261.9379583975678
GLOBAL,RNWTRNINDNO,2036,280.92292242817166
GLOBAL,RNWTRNINDNO,2037,303.1744382184226
GLOBAL,RNWTRNINDNO,2038,325.80032516420437
GLOBAL,RNWTRNINDNO,2039,348.6346724956165
GLOBAL,RNWTRNINDNO,2040,369.0846186083621
GLOBAL,RNWTRNINDNO,2041,392.0687507581853
GLOBAL,RNWTRNINDNO,2042,420.6171425390448
GLOBAL,RNWTRNINDNO,2043,451.29054782915983
GLOBAL,RNWTRNINDNO,2044,483.03171603618273
GLOBAL,RNWTRNINDNO,2045,515.0540736920148
GLOBAL,RNWTRNINDNO,2046,553.849774251334
GLOBAL,RNWTRNINDNO,2047,597.297818743748
GLOBAL,RNWTRNINDNO,2048,646.3878572281654
GLOBAL,RNWTRNINDNO,2049,702.4234854625863
GLOBAL,RNWTRNINDNO,2050,773.1118816171528
GLOBAL,RNWTRNINDSO,2023,53.95103188267985
GLOBAL,RNWTRNINDSO,2024,59.547171956678895
GLOBAL,RNWTRNINDSO,2025,65.48908937106616
GLOBAL,RNWTRNINDSO,2026,72.62083544577057
GLOBAL,RNWTRNINDSO,2027,79.98278073204345
GLOBAL,RNWTRNINDSO,2028,91.43550383407492
GLOBAL,RNWTRNINDSO,2029,108.25605358217726
GLOBAL,RNWTRNINDSO,2030,121.0391409850073
GLOBAL,RNWTRNINDSO,2031,134.99066144839452
GLOBAL,RNWTRNINDSO,2032,155.05581966366563
GLOBAL,RNWTRNINDSO,2033,176.89089293878135
GLOBAL,RNWTRNINDSO,2034,200.3020489137424
GLOBAL,RNWTRNINDSO,2035,225.16998765573916
GLOBAL,RNWTRNINDSO,2036,251.96597088477108
GLOBAL,RNWTRNINDSO,2037,282.7233853237813
GLOBAL,RNWTRNINDSO,2038,314.43019270457864
GLOBAL,RNWTRNINDSO,2039,347.5478260245787
GLOBAL,RNWTRNINDSO,2040,380.11284841805764
GLOBAL,RNWTRNINDSO,2041,415.803065017986
GLOBAL,RNWTRNINDSO,2042,460.6252040979862
GLOBAL,RNWTRNINDSO,2043,509.7394206856403
GLOBAL,RNWTRNINDSO,2044,563.413657479138
GLOBAL,RNWTRNINDSO,2045,621.4876401645278
GLOBAL,RNWTRNINDSO,2046,687.5976195980938
GLOBAL,RNWTRNINDSO,2047,762.116454764528
GLOBAL,RNWTRNINDSO,2048,844.7353830234649
GLOBAL,RNWTRNINDSO,2049,908.1789886006836
GLOBAL,RNWTRNINDSO,2050,924.8992021918639
GLOBAL,RNWTRNINDWE,2023,28.57570673755279
GLOBAL,RNWTRNINDWE,2024,37.1124719259957
GLOBAL,RNWTRNINDWE,2025,47.543592764682046
GLOBAL,RNWTRNINDWE,2026,65.8814989073529
GLOBAL,RNWTRNINDWE,2027,76.64622021940137
GLOBAL,RNWTRNINDWE,2028,87.24195656058752
GLOBAL,RNWTRNINDWE,2029,97.48571014434138
GLOBAL,RNWTRNINDWE,2030,102.08456959172571
GLOBAL,RNWTRNINDWE,2031,106.50109457181392
GLOBAL,RNWTRNINDWE,2032,117.64890442080487
GLOBAL,RNWTRNINDWE,2033,129.33491370384039
GLOBAL,RNWTRNINDWE,2034,141.34532421010974
GLOBAL,RNWTRNINDWE,2035,153.46581565973543
GLOBAL,RNWTRNINDWE,2036,165.82699358316447
GLOBAL,RNWTRNINDWE,2037,181.29684796239493
GLOBAL,RNWTRNINDWE,2038,196.59097984102456
GLOBAL,RNWTRNINDWE,2039,211.3944712990534
GLOBAL,RNWTRNINDWE,2040,225.39200769648102
GLOBAL,RNWTRNINDWE,2041,238.49975768143346
GLOBAL,RNWTRNINDWE,2042,255.9785521409696
GLOBAL,RNWTRNINDWE,2043,274.1690656110155
GLOBAL,RNWTRNINDWE,2044,295.938324218922
GLOBAL,RNWTRNINDWE,2045,323.77332942859476
GLOBAL,RNWTRNINDWE,2046,360.87969144726594
GLOBAL,RNWTRNINDWE,2047,407.70606334647823
GLOBAL,RNWTRNINDWE,2048,464.0425088242827
GLOBAL,RNWTRNINDWE,2049,522.8694056666792
GLOBAL,RNWTRNINDWE,2050,590.0569439461835
GLOBAL,RNWTRNLKAXX,2023,20.0
GLOBAL,RNWTRNLKAXX,2024,20.0
GLOBAL,RNWTRNLKAXX,2025,20.0
GLOBAL,RNWTRNLKAXX,2026,20.0
GLOBAL,RNWTRNLKAXX,2027,20.0
GLOBAL,RNWTRNLKAXX,2028,20.0
GLOBAL,RNWTRNLKAXX,2029,20.0
GLOBAL,RNWTRNLKAXX,2030,20.0
GLOBAL,RNWTRNLKAXX,2031,20.0
GLOBAL,RNWTRNLKAXX,2032,20.0
GLOBAL,RNWTRNLKAXX,2033,20.0
GLOBAL,RNWTRNLKAXX,2034,20.0
GLOBAL,RNWTRNLKAXX,2035,20.0
GLOBAL,RNWTRNLKAXX,2036,20.0
GLOBAL,RNWTRNLKAXX,2037,20.0
GLOBAL,RNWTRNLKAXX,2038,20.0
GLOBAL,RNWTRNLKAXX,2039,20.0
GLOBAL,RNWTRNLKAXX,2040,20.0
GLOBAL,RNWTRNLKAXX,2041,20.0
GLOBAL,RNWTRNLKAXX,2042,20.0
GLOBAL,RNWTRNLKAXX,2043,20.0
GLOBAL,RNWTRNLKAXX,2044,20.0
GLOBAL,RNWTRNLKAXX,2045,20.0
GLOBAL,RNWTRNLKAXX,2046,20.0
GLOBAL,RNWTRNLKAXX,2047,20.0
GLOBAL,RNWTRNLKAXX,2048,20.0
GLOBAL,RNWTRNLKAXX,2049,20.0
GLOBAL,RNWTRNLKAXX,2050,20.0
GLOBAL,RNWTRNMDVXX,2023,20.0
GLOBAL,RNWTRNMDVXX,2024,20.0
GLOBAL,RNWTRNMDVXX,2025,20.0
GLOBAL,RNWTRNMDVXX,2026,20.0
GLOBAL,RNWTRNMDVXX,2027,20.0
GLOBAL,RNWTRNMDVXX,2028,20.0
GLOBAL,RNWTRNMDVXX,2029,20.0
GLOBAL,RNWTRNMDVXX,2030,20.0
GLOBAL,RNWTRNMDVXX,2031,20.0
GLOBAL,RNWTRNMDVXX,2032,20.0
GLOBAL,RNWTRNMDVXX,2033,20.0
GLOBAL,RNWTRNMDVXX,2034,20.0
GLOBAL,RNWTRNMDVXX,2035,20.0
GLOBAL,RNWTRNMDVXX,2036,20.0
GLOBAL,RNWTRNMDVXX,2037,20.0
GLOBAL,RNWTRNMDVXX,2038,20.0
GLOBAL,RNWTRNMDVXX,2039,20.0
GLOBAL,RNWTRNMDVXX,2040,20.0
GLOBAL,RNWTRNMDVXX,2041,20.0
GLOBAL,RNWTRNMDVXX,2042,20.0
GLOBAL,RNWTRNMDVXX,2043,20.0
GLOBAL,RNWTRNMDVXX,2044,20.0
GLOBAL,RNWTRNMDVXX,2045,20.0
GLOBAL,RNWTRNMDVXX,2046,20.0
GLOBAL,RNWTRNMDVXX,2047,20.0
GLOBAL,RNWTRNMDVXX,2048,20.0
GLOBAL,RNWTRNMDVXX,2049,20.0
GLOBAL,RNWTRNMDVXX,2050,20.0
GLOBAL,RNWTRNNPLXX,2023,20.0
GLOBAL,RNWTRNNPLXX,2024,20.0
GLOBAL,RNWTRNNPLXX,2025,20.0
GLOBAL,RNWTRNNPLXX,2026,20.0
GLOBAL,RNWTRNNPLXX,2027,20.0
GLOBAL,RNWTRNNPLXX,2028,20.0
GLOBAL,RNWTRNNPLXX,2029,20.0
GLOBAL,RNWTRNNPLXX,2030,20.0
GLOBAL,RNWTRNNPLXX,2031,20.0
GLOBAL,RNWTRNNPLXX,2032,20.0
GLOBAL,RNWTRNNPLXX,2033,20.0
GLOBAL,RNWTRNNPLXX,2034,20.0
GLOBAL,RNWTRNNPLXX,2035,20.0
GLOBAL,RNWTRNNPLXX,2036,20.0
GLOBAL,RNWTRNNPLXX,2037,20.0
GLOBAL,RNWTRNNPLXX,2038,20.0
GLOBAL,RNWTRNNPLXX,2039,20.0
GLOBAL,RNWTRNNPLXX,2040,20.0
GLOBAL,RNWTRNNPLXX,2041,20.0
GLOBAL,RNWTRNNPLXX,2042,20.0
GLOBAL,RNWTRNNPLXX,2043,20.0
GLOBAL,RNWTRNNPLXX,2044,20.0
GLOBAL,RNWTRNNPLXX,2045,20.0
GLOBAL,RNWTRNNPLXX,2046,21.190660000000033
GLOBAL,RNWTRNNPLXX,2047,23.938942000000033
GLOBAL,RNWTRNNPLXX,2048,27.303627840000026
GLOBAL,RNWTRNNPLXX,2049,31.19549684000002
GLOBAL,RNWTRNNPLXX,2050,31.21783440000002
GLOBAL,TRNBGDXXINDEA,2023,5.1185
GLOBAL,TRNBGDXXINDEA,2024,8.36246173431899
GLOBAL,TRNBGDXXINDEA,2025,8.36246173431899
GLOBAL,TRNBGDXXINDEA,2026,8.36246173431899
GLOBAL,TRNBGDXXINDEA,2027,8.831881874794226
GLOBAL,TRNBGDXXINDEA,2028,10.044167664046032
GLOBAL,TRNBGDXXINDEA,2029,11.540973646345453
GLOBAL,TRNBGDXXINDEA,2030,11.98146494688179
GLOBAL,TRNBGDXXINDEA,2031,11.98146494688179
GLOBAL,TRNBGDXXINDEA,2032,11.98146494688179
GLOBAL,TRNBGDXXINDEA,2033,11.98146494688179
GLOBAL,TRNBGDXXINDEA,2034,11.98146494688179
GLOBAL,TRNBGDXXINDEA,2035,12.46656154716156
GLOBAL,TRNBGDXXINDEA,2036,12.46656154716156
GLOBAL,TRNBGDXXINDEA,2037,12.46656154716156
GLOBAL,TRNBGDXXINDEA,2038,12.834024064048858
GLOBAL,TRNBGDXXINDEA,2039,13.657575190266554
GLOBAL,TRNBGDXXINDEA,2040,14.806604386750285
GLOBAL,TRNBGDXXINDEA,2041,15.383898896173077
GLOBAL,TRNBGDXXINDEA,2042,15.968202286654021
GLOBAL,TRNBGDXXINDEA,2043,16.37866044839252
GLOBAL,TRNBGDXXINDEA,2044,16.54793759900099
GLOBAL,TRNBGDXXINDEA,2045,16.877624638841173
GLOBAL,TRNBGDXXINDEA,2046,18.7339912320622
GLOBAL,TRNBGDXXINDEA,2047,21.364019414628356
GLOBAL,TRNBGDXXINDEA,2048,23.77320765126801
GLOBAL,TRNBGDXXINDEA,2049,25.560869447481814
GLOBAL,TRNBGDXXINDEA,2050,28.57136035654874
GLOBAL,TRNBGDXXINDNE,2023,0.1856
GLOBAL,TRNBGDXXINDNE,2024,0.1856
GLOBAL,TRNBGDXXINDNE,2025,0.1856
GLOBAL,TRNBGDXXINDNE,2026,0.1856
GLOBAL,TRNBGDXXINDNE,2027,0.1856
GLOBAL,TRNBGDXXINDNE,2028,0.1856
GLOBAL,TRNBGDXXINDNE,2029,0.1856
GLOBAL,TRNBGDXXINDNE,2030,0.843924026675423
GLOBAL,TRNBGDXXINDNE,2031,1.4663588928278353
GLOBAL,TRNBGDXXINDNE,2032,3.206922598181085
GLOBAL,TRNBGDXXINDNE,2033,3.206922598181085
GLOBAL,TRNBGDXXINDNE,2034,3.3885178406983214
GLOBAL,TRNBGDXXINDNE,2035,4.360694181129385
GLOBAL,TRNBGDXXINDNE,2036,4.360694181129385
GLOBAL,TRNBGDXXINDNE,2037,4.382582242695067
GLOBAL,TRNBGDXXINDNE,2038,4.459343426023177
GLOBAL,TRNBGDXXINDNE,2039,4.459343426023177
GLOBAL,TRNBGDXXINDNE,2040,4.459343426023177
GLOBAL,TRNBGDXXINDNE,2041,4.459343426023177
GLOBAL,TRNBGDXXINDNE,2042,4.459343426023177
GLOBAL,TRNBGDXXINDNE,2043,4.459343426023177
GLOBAL,TRNBGDXXINDNE,2044,4.459343426023177
GLOBAL,TRNBGDXXINDNE,2045,4.459343426023177
GLOBAL,TRNBGDXXINDNE,2046,4.459343426023177
GLOBAL,TRNBGDXXINDNE,2047,4.459343426023177
GLOBAL,TRNBGDXXINDNE,2048,4.459343426023177
GLOBAL,TRNBGDXXINDNE,2049,4.459343426023177
GLOBAL,TRNBGDXXINDNE,2050,4.57744511743245
GLOBAL,TRNBTNXXBGDXX,2034,2.8125
GLOBAL,TRNBTNXXBGDXX,2035,8.4375
GLOBAL,TRNBTNXXBGDXX,2036,14.0625
GLOBAL,TRNBTNXXBGDXX,2037,19.6875
GLOBAL,TRNBTNXXBGDXX,2038,25.3125
GLOBAL,TRNBTNXXBGDXX,2039,30.9375
GLOBAL,TRNBTNXXBGDXX,2040,36.5625
GLOBAL,TRNBTNXXBGDXX,2041,42.1875
GLOBAL,TRNBTNXXBGDXX,2042,47.8125
GLOBAL,TRNBTNXXBGDXX,2043,53.4375
GLOBAL,TRNBTNXXBGDXX,2044,59.0625
GLOBAL,TRNBTNXXBGDXX,2045,62.258325453101286
GLOBAL,TRNBTNXXBGDXX,2046,62.258325453101286
GLOBAL,TRNBTNXXBGDXX,2047,62.258325453101286
GLOBAL,TRNBTNXXBGDXX,2048,62.258325453101286
GLOBAL,TRNBTNXXBGDXX,2049,62.258325453101286
GLOBAL,TRNBTNXXBGDXX,2050,67.88332545310129
GLOBAL,TRNBTNXXINDEA,2023,8.3641536
GLOBAL,TRNBTNXXINDEA,2024,8.3641536
GLOBAL,TRNBTNXXINDEA,2025,8.3641536
GLOBAL,TRNBTNXXINDEA,2026,8.3641536
GLOBAL,TRNBTNXXINDEA,2027,8.3641536
GLOBAL,TRNBTNXXINDEA,2028,8.3641536
GLOBAL,TRNBTNXXINDEA,2029,8.3641536
GLOBAL,TRNBTNXXINDEA,2030,8.3641536
GLOBAL,TRNBTNXXINDEA,2031,8.3641536
GLOBAL,TRNBTNXXINDEA,2032,9.267569289154807
GLOBAL,TRNBTNXXINDEA,2033,10.232317604090625
GLOBAL,TRNBTNXXINDEA,2034,10.51927141068189
GLOBAL,TRNBTNXXINDEA,2035,10.51927141068189
GLOBAL,TRNBTNXXINDEA,2036,10.560265177835365
GLOBAL,TRNBTNXXINDEA,2037,10.681205941038543
GLOBAL,TRNBTNXXINDEA,2038,10.947831874625749
GLOBAL,TRNBTNXXINDEA,2039,11.251608097467487
GLOBAL,TRNBTNXXINDEA,2040,11.653934840457673
GLOBAL,TRNBTNXXINDEA,2041,12.139357033984448
GLOBAL,TRNBTNXXINDEA,2042,12.75166657672574
GLOBAL,TRNBTNXXINDEA,2043,13.485150469951826
GLOBAL,TRNBTNXXINDEA,2044,14.347883155156836
GLOBAL,TRNBTNXXINDEA,2045,14.347883155156836
GLOBAL,TRNBTNXXINDEA,2046,14.347883155156836
GLOBAL,TRNBTNXXINDEA,2047,14.347883155156836
GLOBAL,TRNBTNXXINDEA,2048,14.347883155156836
GLOBAL,TRNBTNXXINDEA,2049,14.347883155156836
GLOBAL,TRNBTNXXINDEA,2050,14.347883155156836
GLOBAL,TRNBTNXXINDNE,2023,0.5218889650264374
GLOBAL,TRNBTNXXINDNE,2024,0.5218889650264374
GLOBAL,TRNBTNXXINDNE,2025,0.5218889650264374
GLOBAL,TRNBTNXXINDNE,2026,0.5218889650264374
GLOBAL,TRNBTNXXINDNE,2027,0.5218889650264374
GLOBAL,TRNBTNXXINDNE,2028,0.5218889650264374
GLOBAL,TRNBTNXXINDNE,2029,0.5218889650264374
GLOBAL,TRNBTNXXINDNE,2030,3.0936718495115496
GLOBAL,TRNBTNXXINDNE,2031,4.602715879341498
GLOBAL,TRNBTNXXINDNE,2032,4.602715879341498
GLOBAL,TRNBTNXXINDNE,2033,4.602715879341498
GLOBAL,TRNBTNXXINDNE,2034,4.91667277110152
GLOBAL,TRNBTNXXINDNE,2035,8.079532091020887
GLOBAL,TRNBTNXXINDNE,2036,8.079532091020887
GLOBAL,TRNBTNXXINDNE,2037,8.079532091020887
GLOBAL,TRNBTNXXINDNE,2038,8.079532091020887
GLOBAL,TRNBTNXXINDNE,2039,8.079532091020887
GLOBAL,TRNBTNXXINDNE,2040,8.079532091020887
GLOBAL,TRNBTNXXINDNE,2041,8.079532091020887
GLOBAL,TRNBTNXXINDNE,2042,8.079532091020887
GLOBAL,TRNBTNXXINDNE,2043,8.079532091020887
GLOBAL,TRNBTNXXINDNE,2044,8.079532091020887
GLOBAL,TRNBTNXXINDNE,2045,8.079532091020887
GLOBAL,TRNBTNXXINDNE,2046,8.079532091020887
GLOBAL,TRNBTNXXINDNE,2047,8.079532091020887
GLOBAL,TRNBTNXXINDNE,2048,8.079532091020887
GLOBAL,TRNBTNXXINDNE,2049,8.079532091020887
GLOBAL,TRNBTNXXINDNE,2050,9.137050880646795
GLOBAL,TRNINDEAINDNE,2023,5.251933999999999
GLOBAL,TRNINDEAINDNE,2024,5.251933999999999
GLOBAL,TRNINDEAINDNE,2025,5.251933999999999
GLOBAL,TRNINDEAINDNE,2026,5.251933999999999
GLOBAL,TRNINDEAINDNE,2027,5.251933999999999
GLOBAL,TRNINDEAINDNE,2028,5.251933999999999
GLOBAL,TRNINDEAINDNE,2029,5.251933999999999
GLOBAL,TRNINDEAINDNE,2030,5.251933999999999
GLOBAL,TRNINDEAINDNE,2031,5.251933999999999
GLOBAL,TRNINDEAINDNE,2032,5.251933999999999
GLOBAL,TRNINDEAINDNE,2033,5.251933999999999
GLOBAL,TRNINDEAINDNE,2034,5.251933999999999
GLOBAL,TRNINDEAINDNE,2035,5.251933999999999
GLOBAL,TRNINDEAINDNE,2036,5.251933999999999
GLOBAL,TRNINDEAINDNE,2037,5.251933999999999
GLOBAL,TRNINDEAINDNE,2038,5.251933999999999
GLOBAL,TRNINDEAINDNE,2039,5.251933999999999
GLOBAL,TRNINDEAINDNE,2040,5.251933999999999
GLOBAL,TRNINDEAINDNE,2041,5.251933999999999
GLOBAL,TRNINDEAINDNE,2042,5.251933999999999
GLOBAL,TRNINDEAINDNE,2043,5.251933999999999
GLOBAL,TRNINDEAINDNE,2044,5.251933999999999
GLOBAL,TRNINDEAINDNE,2045,5.251933999999999
GLOBAL,TRNINDEAINDNE,2046,5.251933999999999
GLOBAL,TRNINDEAINDNE,2047,5.251933999999999
GLOBAL,TRNINDEAINDNE,2048,5.251933999999999
GLOBAL,TRNINDEAINDNE,2049,5.251933999999999
GLOBAL,TRNINDEAINDNE,2050,5.251933999999999
GLOBAL,TRNINDEAINDNO,2023,47.9889
GLOBAL,TRNINDEAINDNO,2024,47.9889
GLOBAL,TRNINDEAINDNO,2025,47.9889
GLOBAL,TRNINDEAINDNO,2026,47.9889
GLOBAL,TRNINDEAINDNO,2027,47.9889
GLOBAL,TRNINDEAINDNO,2028,47.9889
GLOBAL,TRNINDEAINDNO,2029,47.9889
GLOBAL,TRNINDEAINDNO,2030,47.9889
GLOBAL,TRNINDEAINDNO,2031,47.9889
GLOBAL,TRNINDEAINDNO,2032,47.9889
GLOBAL,TRNINDEAINDNO,2033,47.9889
GLOBAL,TRNINDEAINDNO,2034,47.9889
GLOBAL,TRNINDEAINDNO,2035,47.9889
GLOBAL,TRNINDEAINDNO,2036,47.9889
GLOBAL,TRNINDEAINDNO,2037,47.9889
GLOBAL,TRNINDEAINDNO,2038,47.9889
GLOBAL,TRNINDEAINDNO,2039,47.9889
GLOBAL,TRNINDEAINDNO,2040,47.9889
GLOBAL,TRNINDEAINDNO,2041,47.9889
GLOBAL,TRNINDEAINDNO,2042,47.9889
GLOBAL,TRNINDEAINDNO,2043,47.9889
GLOBAL,TRNINDEAINDNO,2044,47.9889
GLOBAL,TRNINDEAINDNO,2045,47.9889
GLOBAL,TRNINDEAINDNO,2046,47.9889
GLOBAL,TRNINDEAINDNO,2047,47.9889
GLOBAL,TRNINDEAINDNO,2048,47.9889
GLOBAL,TRNINDEAINDNO,2049,47.9889
GLOBAL,TRNINDEAINDNO,2050,47.9889
GLOBAL,TRNINDEAINDSO,2023,18.269739
GLOBAL,TRNINDEAINDSO,2024,18.269739
GLOBAL,TRNINDEAINDSO,2025,18.269739
GLOBAL,TRNINDEAINDSO,2026,18.269739
GLOBAL,TRNINDEAINDSO,2027,18.269739
GLOBAL,TRNINDEAINDSO,2028,18.269739
GLOBAL,TRNINDEAINDSO,2029,18.269739
GLOBAL,TRNINDEAINDSO,2030,18.269739
GLOBAL,TRNINDEAINDSO,2031,18.269739
GLOBAL,TRNINDEAINDSO,2032,18.269739
GLOBAL,TRNINDEAINDSO,2033,18.269739
GLOBAL,TRNINDEAINDSO,2034,18.269739
GLOBAL,TRNINDEAINDSO,2035,18.269739
GLOBAL,TRNINDEAINDSO,2036,18.269739
GLOBAL,TRNINDEAINDSO,2037,18.269739
GLOBAL,TRNINDEAINDSO,2038,18.269739
GLOBAL,TRNINDEAINDSO,2039,18.269739
GLOBAL,TRNINDEAINDSO,2040,18.269739
GLOBAL,TRNINDEAINDSO,2041,18.269739
GLOBAL,TRNINDEAINDSO,2042,18.269739
GLOBAL,TRNINDEAINDSO,2043,29.808881354208047
GLOBAL,TRNINDEAINDSO,2044,33.304650745967145
GLOBAL,TRNINDEAINDSO,2045,33.304650745967145
GLOBAL,TRNINDEAINDSO,2046,48.627215030261596
GLOBAL,TRNINDEAINDSO,2047,65.4516139462694
GLOBAL,TRNINDEAINDSO,2048,97.72115294626941
GLOBAL,TRNINDEAINDSO,2049,120.44279173089807
GLOBAL,TRNINDEAINDSO,2050,120.44279173089807
GLOBAL,TRNINDEAINDWE,2023,51.27768100000001
GLOBAL,TRNINDEAINDWE,2024,51.27768100000001
GLOBAL,TRNINDEAINDWE,2025,55.14952100000001
GLOBAL,TRNINDEAINDWE,2026,55.14952100000001
GLOBAL,TRNINDEAINDWE,2027,55.14952100000001
GLOBAL,TRNINDEAINDWE,2028,55.14952100000001
GLOBAL,TRNINDEAINDWE,2029,55.14952100000001
GLOBAL,TRNINDEAINDWE,2030,55.14952100000001
GLOBAL,TRNINDEAINDWE,2031,55.14952100000001
GLOBAL,TRNINDEAINDWE,2032,55.14952100000001
GLOBAL,TRNINDEAINDWE,2033,55.14952100000001
GLOBAL,TRNINDEAINDWE,2034,55.14952100000001
GLOBAL,TRNINDEAINDWE,2035,55.14952100000001
GLOBAL,TRNINDEAINDWE,2036,55.14952100000001
GLOBAL,TRNINDEAINDWE,2037,55.14952100000001
GLOBAL,TRNINDEAINDWE,2038,55.14952100000001
GLOBAL,TRNINDEAINDWE,2039,55.14952100000001
GLOBAL,TRNINDEAINDWE,2040,55.14952100000001
GLOBAL,TRNINDEAINDWE,2041,55.14952100000001
GLOBAL,TRNINDEAINDWE,2042,55.14952100000001
GLOBAL,TRNINDEAINDWE,2043,55.14952100000001
GLOBAL,TRNINDEAINDWE,2044,55.14952100000001
GLOBAL,TRNINDEAINDWE,2045,55.14952100000001
GLOBAL,TRNINDEAINDWE,2046,55.14952100000001
GLOBAL,TRNINDEAINDWE,2047,55.14952100000001
GLOBAL,TRNINDEAINDWE,2048,55.14952100000001
GLOBAL,TRNINDEAINDWE,2049,55.14952100000001
GLOBAL,TRNINDEAINDWE,2050,55.14952100000001
GLOBAL,TRNINDEANPLXX,2023,2.06076
GLOBAL,TRNINDEANPLXX,2024,2.06076
GLOBAL,TRNINDEANPLXX,2025,2.06076
GLOBAL,TRNINDEANPLXX,2026,2.06076
GLOBAL,TRNINDEANPLXX,2027,2.06076
GLOBAL,TRNINDEANPLXX,2028,2.06076
GLOBAL,TRNINDEANPLXX,2029,2.06076
GLOBAL,TRNINDEANPLXX,2030,2.06076
GLOBAL,TRNINDEANPLXX,2031,2.06076
GLOBAL,TRNINDEANPLXX,2032,2.06076
GLOBAL,TRNINDEANPLXX,2033,2.06076
GLOBAL,TRNINDEANPLXX,2034,2.06076
GLOBAL,TRNINDEANPLXX,2035,2.06076
GLOBAL,TRNINDEANPLXX,2036,2.06076
GLOBAL,TRNINDEANPLXX,2037,2.06076
GLOBAL,TRNINDEANPLXX,2038,2.06076
GLOBAL,TRNINDEANPLXX,2039,2.06076
GLOBAL,TRNINDEANPLXX,2040,2.06076
GLOBAL,TRNINDEANPLXX,2041,2.06076
GLOBAL,TRNINDEANPLXX,2042,2.06076
GLOBAL,TRNINDEANPLXX,2043,2.06076
GLOBAL,TRNINDEANPLXX,2044,2.06076
GLOBAL,TRNINDEANPLXX,2045,2.06076
GLOBAL,TRNINDEANPLXX,2046,2.06076
GLOBAL,TRNINDEANPLXX,2047,2.06076
GLOBAL,TRNINDEANPLXX,2048,2.06076
GLOBAL,TRNINDEANPLXX,2049,2.06076
GLOBAL,TRNINDEANPLXX,2050,2.06076
GLOBAL,TRNINDNEINDNO,2023,6.779999999999999
GLOBAL,TRNINDNEINDNO,2024,6.779999999999999
GLOBAL,TRNINDNEINDNO,2025,6.779999999999999
GLOBAL,TRNINDNEINDNO,2026,6.779999999999999
GLOBAL,TRNINDNEINDNO,2027,6.779999999999999
GLOBAL,TRNINDNEINDNO,2028,6.779999999999999
GLOBAL,TRNINDNEINDNO,2029,6.779999999999999
GLOBAL,TRNINDNEINDNO,2030,6.779999999999999
GLOBAL,TRNINDNEINDNO,2031,6.779999999999999
GLOBAL,TRNINDNEINDNO,2032,6.779999999999999
GLOBAL,TRNINDNEINDNO,2033,6.779999999999999
GLOBAL,TRNINDNEINDNO,2034,6.779999999999999
GLOBAL,TRNINDNEINDNO,2035,6.779999999999999
GLOBAL,TRNINDNEINDNO,2036,6.779999999999999
GLOBAL,TRNINDNEINDNO,2037,6.779999999999999
GLOBAL,TRNINDNEINDNO,2038,6.779999999999999
GLOBAL,TRNINDNEINDNO,2039,6.779999999999999
GLOBAL,TRNINDNEINDNO,2040,6.779999999999999
GLOBAL,TRNINDNEINDNO,2041,6.779999999999999
GLOBAL,TRNINDNEINDNO,2042,6.779999999999999
GLOBAL,TRNINDNEINDNO,2043,6.779999999999999
GLOBAL,TRNINDNEINDNO,2044,6.779999999999999
GLOBAL,TRNINDNEINDNO,2045,6.779999999999999
GLOBAL,TRNINDNEINDNO,2046,6.779999999999999
GLOBAL,TRNINDNEINDNO,2047,6.779999999999999
GLOBAL,TRNINDNEINDNO,2048,6.779999999999999
GLOBAL,TRNINDNEINDNO,2049,6.779999999999999
GLOBAL,TRNINDNEINDNO,2050,6.779999999999999
GLOBAL,TRNINDNOINDWE,2023,73.656648
GLOBAL,TRNINDNOINDWE,2024,76.866088
GLOBAL,TRNINDNOINDWE,2025,76.866088
GLOBAL,TRNINDNOINDWE,2026,93.715648
GLOBAL,TRNINDNOINDWE,2027,93.715648
GLOBAL,TRNINDNOINDWE,2028,102.140428
GLOBAL,TRNINDNOINDWE,2029,102.140428
GLOBAL,TRNINDNOINDWE,2030,102.140428
GLOBAL,TRNINDNOINDWE,2031,102.140428
GLOBAL,TRNINDNOINDWE,2032,102.140428
GLOBAL,TRNINDNOINDWE,2033,102.140428
GLOBAL,TRNINDNOINDWE,2034,102.140428
GLOBAL,TRNINDNOINDWE,2035,102.140428
GLOBAL,TRNINDNOINDWE,2036,102.140428
GLOBAL,TRNINDNOINDWE,2037,102.140428
GLOBAL,TRNINDNOINDWE,2038,102.140428
GLOBAL,TRNINDNOINDWE,2039,102.140428
GLOBAL,TRNINDNOINDWE,2040,102.140428
GLOBAL,TRNINDNOINDWE,2041,102.140428
GLOBAL,TRNINDNOINDWE,2042,102.140428
GLOBAL,TRNINDNOINDWE,2043,102.140428
GLOBAL,TRNINDNOINDWE,2044,102.140428
GLOBAL,TRNINDNOINDWE,2045,102.140428
GLOBAL,TRNINDNOINDWE,2046,102.140428
GLOBAL,TRNINDNOINDWE,2047,102.140428
GLOBAL,TRNINDNOINDWE,2048,102.140428
GLOBAL,TRNINDNOINDWE,2049,102.140428
GLOBAL,TRNINDNOINDWE,2050,102.140428
GLOBAL,TRNINDNONPLXX,2023,2.0502
GLOBAL,TRNINDNONPLXX,2024,2.0502
GLOBAL,TRNINDNONPLXX,2025,2.0502
GLOBAL,TRNINDNONPLXX,2026,2.0502
GLOBAL,TRNINDNONPLXX,2027,2.0502
GLOBAL,TRNINDNONPLXX,2028,2.0502
GLOBAL,TRNINDNONPLXX,2029,2.0502
GLOBAL,TRNINDNONPLXX,2030,2.0502
GLOBAL,TRNINDNONPLXX,2031,2.0502
GLOBAL,TRNINDNONPLXX,2032,2.0502
GLOBAL,TRNINDNONPLXX,2033,2.0502
GLOBAL,TRNINDNONPLXX,2034,2.0502
GLOBAL,TRNINDNONPLXX,2035,2.0502
GLOBAL,TRNINDNONPLXX,2036,2.0502
GLOBAL,TRNINDNONPLXX,2037,2.0502
GLOBAL,TRNINDNONPLXX,2038,2.0502
GLOBAL,TRNINDNONPLXX,2039,2.0502
GLOBAL,TRNINDNONPLXX,2040,2.0502
GLOBAL,TRNINDNONPLXX,2041,2.0502
GLOBAL,TRNINDNONPLXX,2042,2.6218148246024002
GLOBAL,TRNINDNONPLXX,2043,7.1493398246024
GLOBAL,TRNINDNONPLXX,2044,11.6768648246024
GLOBAL,TRNINDNONPLXX,2045,16.2043898246024
GLOBAL,TRNINDNONPLXX,2046,16.2043898246024
GLOBAL,TRNINDNONPLXX,2047,16.2043898246024
GLOBAL,TRNINDNONPLXX,2048,16.2043898246024
GLOBAL,TRNINDNONPLXX,2049,16.2043898246024
GLOBAL,TRNINDNONPLXX,2050,16.2043898246024
GLOBAL,TRNINDSOINDWE,2023,31.516116000000004
GLOBAL,TRNINDSOINDWE,2024,38.821176
GLOBAL,TRNINDSOINDWE,2025,46.126236
GLOBAL,TRNINDSOINDWE,2026,48.909116000000004
GLOBAL,TRNINDSOINDWE,2027,48.909116000000004
GLOBAL,TRNINDSOINDWE,2028,48.909116000000004
GLOBAL,TRNINDSOINDWE,2029,48.909116000000004
GLOBAL,TRNINDSOINDWE,2030,48.909116000000004
GLOBAL,TRNINDSOINDWE,2031,48.909116000000004
GLOBAL,TRNINDSOINDWE,2032,48.909116000000004
GLOBAL,TRNINDSOINDWE,2033,48.909116000000004
GLOBAL,TRNINDSOINDWE,2034,48.909116000000004
GLOBAL,TRNINDSOINDWE,2035,48.909116000000004
GLOBAL,TRNINDSOINDWE,2036,48.909116000000004
GLOBAL,TRNINDSOINDWE,2037,48.909116000000004
GLOBAL,TRNINDSOINDWE,2038,48.909116000000004
GLOBAL,TRNINDSOINDWE,2039,48.909116000000004
GLOBAL,TRNINDSOINDWE,2040,48.909116000000004
GLOBAL,TRNINDSOINDWE,2041,48.909116000000004
GLOBAL,TRNINDSOINDWE,2042,48.909116000000004
GLOBAL,TRNINDSOINDWE,2043,48.909116000000004
GLOBAL,TRNINDSOINDWE,2044,63.627450709176976
GLOBAL,TRNINDSOINDWE,2045,82.6493834807425
GLOBAL,TRNINDSOINDWE,2046,93.6238727648437
GLOBAL,TRNINDSOINDWE,2047,107.01600854321532
GLOBAL,TRNINDSOINDWE,2048,107.85376182441775
GLOBAL,TRNINDSOINDWE,2049,107.85376182441775
GLOBAL,TRNINDSOINDWE,2050,107.85376182441775
GLOBAL,TRNINDSOLKAXX,2038,0.444375
GLOBAL,TRNINDSOLKAXX,2039,1.3331250000000001
GLOBAL,TRNINDSOLKAXX,2040,3.110625
GLOBAL,TRNINDSOLKAXX,2041,4.8881250000000005
GLOBAL,TRNINDSOLKAXX,2042,6.665625
GLOBAL,TRNINDSOLKAXX,2043,8.443125
GLOBAL,TRNINDSOLKAXX,2044,10.220625
GLOBAL,TRNINDSOLKAXX,2045,11.998125
GLOBAL,TRNINDSOLKAXX,2046,11.998125
GLOBAL,TRNINDSOLKAXX,2047,13.48435002501111
GLOBAL,TRNINDSOLKAXX,2048,14.048989961177599
GLOBAL,TRNINDSOLKAXX,2049,14.07236922378652
GLOBAL,TRNINDSOLKAXX,2050,14.116421215883712
GLOBAL,TRNNLIBGDXX,2023,20.0
GLOBAL,TRNNLIBGDXX,2024,20.0
GLOBAL,TRNNLIBGDXX,2025,20.0
GLOBAL,TRNNLIBGDXX,2026,20.0
GLOBAL,TRNNLIBGDXX,2027,20.0
GLOBAL,TRNNLIBGDXX,2028,20.0
GLOBAL,TRNNLIBGDXX,2029,20.0
GLOBAL,TRNNLIBGDXX,2030,23.929597332017238
GLOBAL,TRNNLIBGDXX,2031,23.929597332017238
GLOBAL,TRNNLIBGDXX,2032,33.059034406751664
GLOBAL,TRNNLIBGDXX,2033,34.347034406751675
GLOBAL,TRNNLIBGDXX,2034,35.627434406751625
GLOBAL,TRNNLIBGDXX,2035,35.627434406751625
GLOBAL,TRNNLIBGDXX,2036,35.627434406751625
GLOBAL,TRNNLIBGDXX,2037,36.81263440675163
GLOBAL,TRNNLIBGDXX,2038,36.81263440675163
GLOBAL,TRNNLIBGDXX,2039,62.070100875629514
GLOBAL,TRNNLIBGDXX,2040,62.070100875629514
GLOBAL,TRNNLIBGDXX,2041,63.79730087562955
GLOBAL,TRNNLIBGDXX,2042,65.2057904447548
GLOBAL,TRNNLIBGDXX,2043,65.2057904447548
GLOBAL,TRNNLIBGDXX,2044,65.2057904447548
GLOBAL,TRNNLIBGDXX,2045,68.93507775848889
GLOBAL,TRNNLIBGDXX,2046,68.93507775848889
GLOBAL,TRNNLIBGDXX,2047,68.93507775848889
GLOBAL,TRNNLIBGDXX,2048,78.19787775848891
GLOBAL,TRNNLIBGDXX,2049,78.19787775848891
GLOBAL,TRNNLIBGDXX,2050,78.19787775848891
GLOBAL,TRNNLIBTNXX,2023,20.0
GLOBAL,TRNNLIBTNXX,2024,20.0
GLOBAL,TRNNLIBTNXX,2025,20.0
GLOBAL,TRNNLIBTNXX,2026,20.0
GLOBAL,TRNNLIBTNXX,2027,20.0
GLOBAL,TRNNLIBTNXX,2028,20.0
GLOBAL,TRNNLIBTNXX,2029,20.0
GLOBAL,TRNNLIBTNXX,2030,20.0
GLOBAL,TRNNLIBTNXX,2031,20.0
GLOBAL,TRNNLIBTNXX,2032,20.0
GLOBAL,TRNNLIBTNXX,2033,20.0
GLOBAL,TRNNLIBTNXX,2034,20.0
GLOBAL,TRNNLIBTNXX,2035,20.0
GLOBAL,TRNNLIBTNXX,2036,20.0
GLOBAL,TRNNLIBTNXX,2037,20.0
GLOBAL,TRNNLIBTNXX,2038,20.0
GLOBAL,TRNNLIBTNXX,2039,20.0
GLOBAL,TRNNLIBTNXX,2040,20.0
GLOBAL,TRNNLIBTNXX,2041,20.0
GLOBAL,TRNNLIBTNXX,2042,20.0
GLOBAL,TRNNLIBTNXX,2043,20.0
GLOBAL,TRNNLIBTNXX,2044,20.0
GLOBAL,TRNNLIBTNXX,2045,20.0
GLOBAL,TRNNLIBTNXX,2046,20.0
GLOBAL,TRNNLIBTNXX,2047,20.0
GLOBAL,TRNNLIBTNXX,2048,20.0
GLOBAL,TRNNLIBTNXX,2049,20.0
GLOBAL,TRNNLIBTNXX,2050,20.0
GLOBAL,TRNNLIINDEA,2023,32.25107699966659
GLOBAL,TRNNLIINDEA,2024,32.25107699966659
GLOBAL,TRNNLIINDEA,2025,32.25107699966659
GLOBAL,TRNNLIINDEA,2026,32.25107699966659
GLOBAL,TRNNLIINDEA,2027,32.25107699966659
GLOBAL,TRNNLIINDEA,2028,32.25107699966659
GLOBAL,TRNNLIINDEA,2029,33.43538031191275
GLOBAL,TRNNLIINDEA,2030,33.43538031191275
GLOBAL,TRNNLIINDEA,2031,33.43538031191275
GLOBAL,TRNNLIINDEA,2032,33.43538031191275
GLOBAL,TRNNLIINDEA,2033,33.43538031191275
GLOBAL,TRNNLIINDEA,2034,33.93788948886318
GLOBAL,TRNNLIINDEA,2035,62.580289488863194
GLOBAL,TRNNLIINDEA,2036,62.580289488863194
GLOBAL,TRNNLIINDEA,2037,62.580289488863194
GLOBAL,TRNNLIINDEA,2038,62.580289488863194
GLOBAL,TRNNLIINDEA,2039,62.580289488863194
GLOBAL,TRNNLIINDEA,2040,62.580289488863194
GLOBAL,TRNNLIINDEA,2041,62.580289488863194
GLOBAL,TRNNLIINDEA,2042,62.580289488863194
GLOBAL,TRNNLIINDEA,2043,62.580289488863194
GLOBAL,TRNNLIINDEA,2044,62.580289488863194
GLOBAL,TRNNLIINDEA,2045,62.580289488863194
GLOBAL,TRNNLIINDEA,2046,62.580289488863194
GLOBAL,TRNNLIINDEA,2047,62.580289488863194
GLOBAL,TRNNLIINDEA,2048,62.580289488863194
GLOBAL,TRNNLIINDEA,2049,62.580289488863194
GLOBAL,TRNNLIINDEA,2050,62.580289488863194
GLOBAL,TRNNLIINDNE,2023,20.0
GLOBAL,TRNNLIINDNE,2024,20.0
GLOBAL,TRNNLIINDNE,2025,20.0
GLOBAL,TRNNLIINDNE,2026,20.0
GLOBAL,TRNNLIINDNE,2027,20.0
GLOBAL,TRNNLIINDNE,2028,20.0
GLOBAL,TRNNLIINDNE,2029,20.0
GLOBAL,TRNNLIINDNE,2030,20.0
GLOBAL,TRNNLIINDNE,2031,20.0
GLOBAL,TRNNLIINDNE,2032,20.0
GLOBAL,TRNNLIINDNE,2033,20.0
GLOBAL,TRNNLIINDNE,2034,20.0
GLOBAL,TRNNLIINDNE,2035,20.0
GLOBAL,TRNNLIINDNE,2036,20.0
GLOBAL,TRNNLIINDNE,2037,20.0
GLOBAL,TRNNLIINDNE,2038,20.0
GLOBAL,TRNNLIINDNE,2039,20.0
GLOBAL,TRNNLIINDNE,2040,20.0
GLOBAL,TRNNLIINDNE,2041,20.0
GLOBAL,TRNNLIINDNE,2042,20.0
GLOBAL,TRNNLIINDNE,2043,20.0
GLOBAL,TRNNLIINDNE,2044,20.0
GLOBAL,TRNNLIINDNE,2045,20.0
GLOBAL,TRNNLIINDNE,2046,20.0
GLOBAL,TRNNLIINDNE,2047,20.0
GLOBAL,TRNNLIINDNE,2048,20.0
GLOBAL,TRNNLIINDNE,2049,20.0
GLOBAL,TRNNLIINDNE,2050,20.0
GLOBAL,TRNNLIINDNO,2023,119.06217319329204
GLOBAL,TRNNLIINDNO,2024,119.06217319329204
GLOBAL,TRNNLIINDNO,2025,119.06217319329204
GLOBAL,TRNNLIINDNO,2026,119.06217319329204
GLOBAL,TRNNLIINDNO,2027,119.06217319329204
GLOBAL,TRNNLIINDNO,2028,119.06217319329204
GLOBAL,TRNNLIINDNO,2029,119.06217319329204
GLOBAL,TRNNLIINDNO,2030,119.06217319329204
GLOBAL,TRNNLIINDNO,2031,119.06217319329204
GLOBAL,TRNNLIINDNO,2032,124.93817319329206
GLOBAL,TRNNLIINDNO,2033,130.30377319329207
GLOBAL,TRNNLIINDNO,2034,135.15937319329203
GLOBAL,TRNNLIINDNO,2035,139.504573193292
GLOBAL,TRNNLIINDNO,2036,142.04922783670682
GLOBAL,TRNNLIINDNO,2037,160.164
GLOBAL,TRNNLIINDNO,2038,160.164
GLOBAL,TRNNLIINDNO,2039,160.164
GLOBAL,TRNNLIINDNO,2040,160.164
GLOBAL,TRNNLIINDNO,2041,160.164
GLOBAL,TRNNLIINDNO,2042,160.164
GLOBAL,TRNNLIINDNO,2043,160.164
GLOBAL,TRNNLIINDNO,2044,160.164
GLOBAL,TRNNLIINDNO,2045,160.164
GLOBAL,TRNNLIINDNO,2046,160.164
GLOBAL,TRNNLIINDNO,2047,160.164
GLOBAL,TRNNLIINDNO,2048,160.164
GLOBAL,TRNNLIINDNO,2049,160.164
GLOBAL,TRNNLIINDNO,2050,160.164
GLOBAL,TRNNLIINDSO,2023,36.43905945695367
GLOBAL,TRNNLIINDSO,2024,37.67464276776269
GLOBAL,TRNNLIINDSO,2025,37.67464276776269
GLOBAL,TRNNLIINDSO,2026,47.85776073839617
GLOBAL,TRNNLIINDSO,2027,49.19065164154585
GLOBAL,TRNNLIINDSO,2028,65.10497392638504
GLOBAL,TRNNLIINDSO,2029,77.21627600829318
GLOBAL,TRNNLIINDSO,2030,77.21627600829318
GLOBAL,TRNNLIINDSO,2031,77.21627600829318
GLOBAL,TRNNLIINDSO,2032,77.21627600829318
GLOBAL,TRNNLIINDSO,2033,77.21627600829318
GLOBAL,TRNNLIINDSO,2034,77.21627600829318
GLOBAL,TRNNLIINDSO,2035,77.21627600829318
GLOBAL,TRNNLIINDSO,2036,77.21627600829318
GLOBAL,TRNNLIINDSO,2037,77.21627600829318
GLOBAL,TRNNLIINDSO,2038,77.21627600829318
GLOBAL,TRNNLIINDSO,2039,77.21627600829318
GLOBAL,TRNNLIINDSO,2040,77.21627600829318
GLOBAL,TRNNLIINDSO,2041,77.21627600829318
GLOBAL,TRNNLIINDSO,2042,77.21627600829318
GLOBAL,TRNNLIINDSO,2043,77.21627600829318
GLOBAL,TRNNLIINDSO,2044,82.4938468021489
GLOBAL,TRNNLIINDSO,2045,82.4938468021489
GLOBAL,TRNNLIINDSO,2046,82.4938468021489
GLOBAL,TRNNLIINDSO,2047,82.4938468021489
GLOBAL,TRNNLIINDSO,2048,82.4938468021489
GLOBAL,TRNNLIINDSO,2049,90.19264680214893
GLOBAL,TRNNLIINDSO,2050,97.95584680214891
GLOBAL,TRNNLIINDWE,2023,20.0
GLOBAL,TRNNLIINDWE,2024,20.0
GLOBAL,TRNNLIINDWE,2025,20.0
GLOBAL,TRNNLIINDWE,2026,20.0
GLOBAL,TRNNLIINDWE,2027,20.0
GLOBAL,TRNNLIINDWE,2028,20.0
GLOBAL,TRNNLIINDWE,2029,20.0
GLOBAL,TRNNLIINDWE,2030,20.0
GLOBAL,TRNNLIINDWE,2031,20.0
GLOBAL,TRNNLIINDWE,2032,20.0
GLOBAL,TRNNLIINDWE,2033,20.0
GLOBAL,TRNNLIINDWE,2034,20.0
GLOBAL,TRNNLIINDWE,2035,20.0
GLOBAL,TRNNLIINDWE,2036,20.0
GLOBAL,TRNNLIINDWE,2037,20.0
GLOBAL,TRNNLIINDWE,2038,20.0
GLOBAL,TRNNLIINDWE,2039,20.0
GLOBAL,TRNNLIINDWE,2040,20.0
GLOBAL,TRNNLIINDWE,2041,20.0
GLOBAL,TRNNLIINDWE,2042,20.0
GLOBAL,TRNNLIINDWE,2043,20.0
GLOBAL,TRNNLIINDWE,2044,20.0
GLOBAL,TRNNLIINDWE,2045,20.0
GLOBAL,TRNNLIINDWE,2046,27.540400000000194
GLOBAL,TRNNLIINDWE,2047,37.10040000000007
GLOBAL,TRNNLIINDWE,2048,48.43280000000003
GLOBAL,TRNNLIINDWE,2049,53.461599999999926
GLOBAL,TRNNLIINDWE,2050,53.461599999999926
GLOBAL,TRNNLILKAXX,2023,20.0
GLOBAL,TRNNLILKAXX,2024,20.0
GLOBAL,TRNNLILKAXX,2025,20.0
GLOBAL,TRNNLILKAXX,2026,20.0
GLOBAL,TRNNLILKAXX,2027,20.0
GLOBAL,TRNNLILKAXX,2028,20.0
GLOBAL,TRNNLILKAXX,2029,20.0
GLOBAL,TRNNLILKAXX,2030,20.0
GLOBAL,TRNNLILKAXX,2031,20.0
GLOBAL,TRNNLILKAXX,2032,20.0
GLOBAL,TRNNLILKAXX,2033,20.0
GLOBAL,TRNNLILKAXX,2034,20.0
GLOBAL,TRNNLILKAXX,2035,20.0
GLOBAL,TRNNLILKAXX,2036,20.0
GLOBAL,TRNNLILKAXX,2037,20.0
GLOBAL,TRNNLILKAXX,2038,20.0
GLOBAL,TRNNLILKAXX,2039,20.0
GLOBAL,TRNNLILKAXX,2040,20.0
GLOBAL,TRNNLILKAXX,2041,20.0
GLOBAL,TRNNLILKAXX,2042,20.0
GLOBAL,TRNNLILKAXX,2043,20.0
GLOBAL,TRNNLILKAXX,2044,20.0
GLOBAL,TRNNLILKAXX,2045,20.0
GLOBAL,TRNNLILKAXX,2046,20.0
GLOBAL,TRNNLILKAXX,2047,20.0
GLOBAL,TRNNLILKAXX,2048,20.0
GLOBAL,TRNNLILKAXX,2049,20.0
GLOBAL,TRNNLILKAXX,2050,20.0
GLOBAL,TRNNLIMDVXX,2023,20.0
GLOBAL,TRNNLIMDVXX,2024,20.0
GLOBAL,TRNNLIMDVXX,2025,20.0
GLOBAL,TRNNLIMDVXX,2026,20.0
GLOBAL,TRNNLIMDVXX,2027,20.0
GLOBAL,TRNNLIMDVXX,2028,20.0
GLOBAL,TRNNLIMDVXX,2029,20.0
GLOBAL,TRNNLIMDVXX,2030,20.0
GLOBAL,TRNNLIMDVXX,2031,20.0
GLOBAL,TRNNLIMDVXX,2032,20.0
GLOBAL,TRNNLIMDVXX,2033,20.0
GLOBAL,TRNNLIMDVXX,2034,20.0
GLOBAL,TRNNLIMDVXX,2035,20.0
GLOBAL,TRNNLIMDVXX,2036,20.0
GLOBAL,TRNNLIMDVXX,2037,20.0
GLOBAL,TRNNLIMDVXX,2038,20.0
GLOBAL,TRNNLIMDVXX,2039,20.0
GLOBAL,TRNNLIMDVXX,2040,20.0
GLOBAL,TRNNLIMDVXX,2041,20.0
GLOBAL,TRNNLIMDVXX,2042,20.0
GLOBAL,TRNNLIMDVXX,2043,20.0
GLOBAL,TRNNLIMDVXX,2044,20.0
GLOBAL,TRNNLIMDVXX,2045,20.0
GLOBAL,TRNNLIMDVXX,2046,20.0
GLOBAL,TRNNLIMDVXX,2047,20.0
GLOBAL,TRNNLIMDVXX,2048,20.0
GLOBAL,TRNNLIMDVXX,2049,20.0
GLOBAL,TRNNLIMDVXX,2050,20.0
GLOBAL,TRNNLINPLXX,2023,20.0
GLOBAL,TRNNLINPLXX,2024,20.0
GLOBAL,TRNNLINPLXX,2025,20.0
GLOBAL,TRNNLINPLXX,2026,20.0
GLOBAL,TRNNLINPLXX,2027,20.0
GLOBAL,TRNNLINPLXX,2028,20.0
GLOBAL,TRNNLINPLXX,2029,20.0
GLOBAL,TRNNLINPLXX,2030,20.0
GLOBAL,TRNNLINPLXX,2031,20.0
GLOBAL,TRNNLINPLXX,2032,20.0
GLOBAL,TRNNLINPLXX,2033,20.0
GLOBAL,TRNNLINPLXX,2034,20.0
GLOBAL,TRNNLINPLXX,2035,20.0
GLOBAL,TRNNLINPLXX,2036,20.0
GLOBAL,TRNNLINPLXX,2037,20.0
GLOBAL,TRNNLINPLXX,2038,20.0
GLOBAL,TRNNLINPLXX,2039,20.0
GLOBAL,TRNNLINPLXX,2040,20.0
GLOBAL,TRNNLINPLXX,2041,20.0
GLOBAL,TRNNLINPLXX,2042,20.0
GLOBAL,TRNNLINPLXX,2043,20.0
GLOBAL,TRNNLINPLXX,2044,20.0
GLOBAL,TRNNLINPLXX,2045,20.0
GLOBAL,TRNNLINPLXX,2046,20.0
GLOBAL,TRNNLINPLXX,2047,20.0
GLOBAL,TRNNLINPLXX,2048,20.0
GLOBAL,TRNNLINPLXX,2049,20.0
GLOBAL,TRNNLINPLXX,2050,20.0
GLOBAL,TRNNPLXXBGDXX,2023,0.272
GLOBAL,TRNNPLXXBGDXX,2024,0.272
GLOBAL,TRNNPLXXBGDXX,2025,0.272
GLOBAL,TRNNPLXXBGDXX,2026,0.272
GLOBAL,TRNNPLXXBGDXX,2027,0.272
GLOBAL,TRNNPLXXBGDXX,2028,0.272
GLOBAL,TRNNPLXXBGDXX,2029,0.272
GLOBAL,TRNNPLXXBGDXX,2030,2.88731797509713
GLOBAL,TRNNPLXXBGDXX,2031,8.236424759468175
GLOBAL,TRNNPLXXBGDXX,2032,10.362330036383515
GLOBAL,TRNNPLXXBGDXX,2033,17.162330036383516
GLOBAL,TRNNPLXXBGDXX,2034,19.83224831773043
GLOBAL,TRNNPLXXBGDXX,2035,19.83224831773043
GLOBAL,TRNNPLXXBGDXX,2036,25.197599394470043
GLOBAL,TRNNPLXXBGDXX,2037,27.915804586528704
GLOBAL,TRNNPLXXBGDXX,2038,30.634242176234626
GLOBAL,TRNNPLXXBGDXX,2039,33.352679765940486
GLOBAL,TRNNPLXXBGDXX,2040,35.83947071739365
GLOBAL,TRNNPLXXBGDXX,2041,38.661646320700555
GLOBAL,TRNNPLXXBGDXX,2042,41.081646471422864
GLOBAL,TRNNPLXXBGDXX,2043,43.58694780223114
GLOBAL,TRNNPLXXBGDXX,2044,46.24394952962276
GLOBAL,TRNNPLXXBGDXX,2045,48.90095125701471
GLOBAL,TRNNPLXXBGDXX,2046,48.90095125701471
GLOBAL,TRNNPLXXBGDXX,2047,48.90095125701471
GLOBAL,TRNNPLXXBGDXX,2048,48.90095125701471
GLOBAL,TRNNPLXXBGDXX,2049,48.90095125701471
GLOBAL,TRNNPLXXBGDXX,2050,48.90095125701471
GLOBAL,TRNRPOBGDXX,2023,20.0
GLOBAL,TRNRPOBGDXX,2024,20.0
GLOBAL,TRNRPOBGDXX,2025,20.0
GLOBAL,TRNRPOBGDXX,2026,20.0
GLOBAL,TRNRPOBGDXX,2027,20.0
GLOBAL,TRNRPOBGDXX,2028,20.0
GLOBAL,TRNRPOBGDXX,2029,20.0
GLOBAL,TRNRPOBGDXX,2030,20.0
GLOBAL,TRNRPOBGDXX,2031,33.52863069278799
GLOBAL,TRNRPOBGDXX,2032,33.52863069278799
GLOBAL,TRNRPOBGDXX,2033,33.52863069278799
GLOBAL,TRNRPOBGDXX,2034,33.52863069278799
GLOBAL,TRNRPOBGDXX,2035,33.52863069278799
GLOBAL,TRNRPOBGDXX,2036,34.75863069278802
GLOBAL,TRNRPOBGDXX,2037,34.75863069278802
GLOBAL,TRNRPOBGDXX,2038,40.022171405819066
GLOBAL,TRNRPOBGDXX,2039,40.022171405819066
GLOBAL,TRNRPOBGDXX,2040,40.022171405819066
GLOBAL,TRNRPOBGDXX,2041,40.022171405819066
GLOBAL,TRNRPOBGDXX,2042,40.022171405819066
GLOBAL,TRNRPOBGDXX,2043,57.53114291531171
GLOBAL,TRNRPOBGDXX,2044,70.57307150521777
GLOBAL,TRNRPOBGDXX,2045,72.21520000000004
GLOBAL,TRNRPOBGDXX,2046,72.21520000000004
GLOBAL,TRNRPOBGDXX,2047,74.4714092083894
GLOBAL,TRNRPOBGDXX,2048,74.4714092083894
GLOBAL,TRNRPOBGDXX,2049,85.21940920838941
GLOBAL,TRNRPOBGDXX,2050,97.41620920838938
GLOBAL,TRNRPOBTNXX,2023,20.0
GLOBAL,TRNRPOBTNXX,2024,20.0
GLOBAL,TRNRPOBTNXX,2025,20.0
GLOBAL,TRNRPOBTNXX,2026,20.0
GLOBAL,TRNRPOBTNXX,2027,20.0
GLOBAL,TRNRPOBTNXX,2028,20.0
GLOBAL,TRNRPOBTNXX,2029,20.0
GLOBAL,TRNRPOBTNXX,2030,20.0
GLOBAL,TRNRPOBTNXX,2031,20.0
GLOBAL,TRNRPOBTNXX,2032,20.0
GLOBAL,TRNRPOBTNXX,2033,20.0
GLOBAL,TRNRPOBTNXX,2034,20.0
GLOBAL,TRNRPOBTNXX,2035,20.0
GLOBAL,TRNRPOBTNXX,2036,20.0
GLOBAL,TRNRPOBTNXX,2037,20.0
GLOBAL,TRNRPOBTNXX,2038,20.0
GLOBAL,TRNRPOBTNXX,2039,20.0
GLOBAL,TRNRPOBTNXX,2040,20.0
GLOBAL,TRNRPOBTNXX,2041,20.0
GLOBAL,TRNRPOBTNXX,2042,20.0
GLOBAL,TRNRPOBTNXX,2043,20.0
GLOBAL,TRNRPOBTNXX,2044,20.0
GLOBAL,TRNRPOBTNXX,2045,20.0
GLOBAL,TRNRPOBTNXX,2046,20.0
GLOBAL,TRNRPOBTNXX,2047,20.0
GLOBAL,TRNRPOBTNXX,2048,20.0
GLOBAL,TRNRPOBTNXX,2049,20.0
GLOBAL,TRNRPOBTNXX,2050,20.0
GLOBAL,TRNRPOINDEA,2023,46.75884677428211
GLOBAL,TRNRPOINDEA,2024,58.72610627837162
GLOBAL,TRNRPOINDEA,2025,61.36610627837162
GLOBAL,TRNRPOINDEA,2026,70.40610627837161
GLOBAL,TRNRPOINDEA,2027,75.68610627837164
GLOBAL,TRNRPOINDEA,2028,87.3661062783716
GLOBAL,TRNRPOINDEA,2029,91.55340296612545
GLOBAL,TRNRPOINDEA,2030,97.02140296612544
GLOBAL,TRNRPOINDEA,2031,97.02140296612544
GLOBAL,TRNRPOINDEA,2032,99.18460296612548
GLOBAL,TRNRPOINDEA,2033,101.07020296612544
GLOBAL,TRNRPOINDEA,2034,106.05649378917508
GLOBAL,TRNRPOINDEA,2035,106.05649378917508
GLOBAL,TRNRPOINDEA,2036,106.37209378917507
GLOBAL,TRNRPOINDEA,2037,107.45569378917506
GLOBAL,TRNRPOINDEA,2038,107.80049378917508
GLOBAL,TRNRPOINDEA,2039,107.80049378917508
GLOBAL,TRNRPOINDEA,2040,119.7008346844607
GLOBAL,TRNRPOINDEA,2041,148.66689378917496
GLOBAL,TRNRPOINDEA,2042,148.66689378917496
GLOBAL,TRNRPOINDEA,2043,156.29649378917497
GLOBAL,TRNRPOINDEA,2044,166.485693789175
GLOBAL,TRNRPOINDEA,2045,179.186093789175
GLOBAL,TRNRPOINDEA,2046,195.45369378917496
GLOBAL,TRNRPOINDEA,2047,214.628893789175
GLOBAL,TRNRPOINDEA,2048,230.71889378917504
GLOBAL,TRNRPOINDEA,2049,244.18369378917492
GLOBAL,TRNRPOINDEA,2050,244.18369378917492
GLOBAL,TRNRPOINDNE,2023,20.0
GLOBAL,TRNRPOINDNE,2024,20.0
GLOBAL,TRNRPOINDNE,2025,20.0
GLOBAL,TRNRPOINDNE,2026,20.0
GLOBAL,TRNRPOINDNE,2027,20.0
GLOBAL,TRNRPOINDNE,2028,20.0
GLOBAL,TRNRPOINDNE,2029,20.0
GLOBAL,TRNRPOINDNE,2030,20.0
GLOBAL,TRNRPOINDNE,2031,20.0
GLOBAL,TRNRPOINDNE,2032,20.0
GLOBAL,TRNRPOINDNE,2033,20.0
GLOBAL,TRNRPOINDNE,2034,20.0
GLOBAL,TRNRPOINDNE,2035,20.0
GLOBAL,TRNRPOINDNE,2036,20.0
GLOBAL,TRNRPOINDNE,2037,20.0
GLOBAL,TRNRPOINDNE,2038,20.0
GLOBAL,TRNRPOINDNE,2039,20.0
GLOBAL,TRNRPOINDNE,2040,20.0
GLOBAL,TRNRPOINDNE,2041,20.0
GLOBAL,TRNRPOINDNE,2042,20.0
GLOBAL,TRNRPOINDNE,2043,20.0
GLOBAL,TRNRPOINDNE,2044,20.0
GLOBAL,TRNRPOINDNE,2045,20.0
GLOBAL,TRNRPOINDNE,2046,20.0
GLOBAL,TRNRPOINDNE,2047,20.0
GLOBAL,TRNRPOINDNE,2048,20.0
GLOBAL,TRNRPOINDNE,2049,20.0
GLOBAL,TRNRPOINDNE,2050,20.0
GLOBAL,TRNRPOINDNO,2023,21.795401438180978
GLOBAL,TRNRPOINDNO,2024,21.795401438180978
GLOBAL,TRNRPOINDNO,2025,21.795401438180978
GLOBAL,TRNRPOINDNO,2026,21.795401438180978
GLOBAL,TRNRPOINDNO,2027,22.269401438180957
GLOBAL,TRNRPOINDNO,2028,23.016601438180945
GLOBAL,TRNRPOINDNO,2029,33.031001438180944
GLOBAL,TRNRPOINDNO,2030,61.04944826869609
GLOBAL,TRNRPOINDNO,2031,75.05900143818099
GLOBAL,TRNRPOINDNO,2032,75.05900143818099
GLOBAL,TRNRPOINDNO,2033,75.05900143818099
GLOBAL,TRNRPOINDNO,2034,75.05900143818099
GLOBAL,TRNRPOINDNO,2035,75.05900143818099
GLOBAL,TRNRPOINDNO,2036,75.05900143818099
GLOBAL,TRNRPOINDNO,2037,79.794
GLOBAL,TRNRPOINDNO,2038,79.794
GLOBAL,TRNRPOINDNO,2039,79.794
GLOBAL,TRNRPOINDNO,2040,79.794
GLOBAL,TRNRPOINDNO,2041,86.2692
GLOBAL,TRNRPOINDNO,2042,94.09159999999999
GLOBAL,TRNRPOINDNO,2043,102.00400000000002
GLOBAL,TRNRPOINDNO,2044,104.1454426053541
GLOBAL,TRNRPOINDNO,2045,104.1454426053541
GLOBAL,TRNRPOINDNO,2046,104.1454426053541
GLOBAL,TRNRPOINDNO,2047,112.2002426053541
GLOBAL,TRNRPOINDNO,2048,119.78160000000004
GLOBAL,TRNRPOINDNO,2049,119.78160000000004
GLOBAL,TRNRPOINDNO,2050,119.78160000000004
GLOBAL,TRNRPOINDSO,2023,74.47707395287154
GLOBAL,TRNRPOINDSO,2024,82.48474142315375
GLOBAL,TRNRPOINDSO,2025,92.30043668088507
GLOBAL,TRNRPOINDSO,2026,92.30043668088507
GLOBAL,TRNRPOINDSO,2027,101.18274327942544
GLOBAL,TRNRPOINDSO,2028,101.18274327942544
GLOBAL,TRNRPOINDSO,2029,103.84716851965744
GLOBAL,TRNRPOINDSO,2030,103.84716851965744
GLOBAL,TRNRPOINDSO,2031,103.84716851965744
GLOBAL,TRNRPOINDSO,2032,116.51029750903788
GLOBAL,TRNRPOINDSO,2033,120.91852162008124
GLOBAL,TRNRPOINDSO,2034,131.4852314021176
GLOBAL,TRNRPOINDSO,2035,136.92197950970146
GLOBAL,TRNRPOINDSO,2036,136.92197950970146
GLOBAL,TRNRPOINDSO,2037,136.92197950970146
GLOBAL,TRNRPOINDSO,2038,141.60837950970145
GLOBAL,TRNRPOINDSO,2039,147.69123317322249
GLOBAL,TRNRPOINDSO,2040,152.05110885762272
GLOBAL,TRNRPOINDSO,2041,152.05110885762272
GLOBAL,TRNRPOINDSO,2042,152.05110885762272
GLOBAL,TRNRPOINDSO,2043,152.05110885762272
GLOBAL,TRNRPOINDSO,2044,152.05110885762272
GLOBAL,TRNRPOINDSO,2045,152.05110885762272
GLOBAL,TRNRPOINDSO,2046,152.05110885762272
GLOBAL,TRNRPOINDSO,2047,152.05110885762272
GLOBAL,TRNRPOINDSO,2048,152.05110885762272
GLOBAL,TRNRPOINDSO,2049,152.05110885762272
GLOBAL,TRNRPOINDSO,2050,152.05110885762272
GLOBAL,TRNRPOINDWE,2023,201.35189146459405
GLOBAL,TRNRPOINDWE,2024,224.67682850349053
GLOBAL,TRNRPOINDWE,2025,262.1635845323393
GLOBAL,TRNRPOINDWE,2026,289.36957121013273
GLOBAL,TRNRPOINDWE,2027,329.0228256051794
GLOBAL,TRNRPOINDWE,2028,353.1831782102044
GLOBAL,TRNRPOINDWE,2029,361.3275782102044
GLOBAL,TRNRPOINDWE,2030,361.3275782102044
GLOBAL,TRNRPOINDWE,2031,361.3275782102044
GLOBAL,TRNRPOINDWE,2032,372.0255592461096
GLOBAL,TRNRPOINDWE,2033,407.5888
GLOBAL,TRNRPOINDWE,2034,407.5888
GLOBAL,TRNRPOINDWE,2035,407.5888
GLOBAL,TRNRPOINDWE,2036,407.5888
GLOBAL,TRNRPOINDWE,2037,407.5888
GLOBAL,TRNRPOINDWE,2038,424.23759999999993
GLOBAL,TRNRPOINDWE,2039,425.55120000000016
GLOBAL,TRNRPOINDWE,2040,425.55120000000016
GLOBAL,TRNRPOINDWE,2041,425.55120000000016
GLOBAL,TRNRPOINDWE,2042,425.55120000000016
GLOBAL,TRNRPOINDWE,2043,425.55120000000016
GLOBAL,TRNRPOINDWE,2044,425.55120000000016
GLOBAL,TRNRPOINDWE,2045,425.55120000000016
GLOBAL,TRNRPOINDWE,2046,425.55120000000016
GLOBAL,TRNRPOINDWE,2047,425.55120000000016
GLOBAL,TRNRPOINDWE,2048,425.55120000000016
GLOBAL,TRNRPOINDWE,2049,433.44960000000015
GLOBAL,TRNRPOINDWE,2050,433.44960000000015
GLOBAL,TRNRPOLKAXX,2023,20.0
GLOBAL,TRNRPOLKAXX,2024,20.0
GLOBAL,TRNRPOLKAXX,2025,20.0
GLOBAL,TRNRPOLKAXX,2026,20.0
GLOBAL,TRNRPOLKAXX,2027,20.0
GLOBAL,TRNRPOLKAXX,2028,20.0
GLOBAL,TRNRPOLKAXX,2029,20.0
GLOBAL,TRNRPOLKAXX,2030,20.0
GLOBAL,TRNRPOLKAXX,2031,20.0
GLOBAL,TRNRPOLKAXX,2032,20.0
GLOBAL,TRNRPOLKAXX,2033,20.0
GLOBAL,TRNRPOLKAXX,2034,20.0
GLOBAL,TRNRPOLKAXX,2035,20.0
GLOBAL,TRNRPOLKAXX,2036,20.0
GLOBAL,TRNRPOLKAXX,2037,20.0
GLOBAL,TRNRPOLKAXX,2038,20.0
GLOBAL,TRNRPOLKAXX,2039,20.0
GLOBAL,TRNRPOLKAXX,2040,20.0
GLOBAL,TRNRPOLKAXX,2041,20.0
GLOBAL,TRNRPOLKAXX,2042,20.0
GLOBAL,TRNRPOLKAXX,2043,20.0
GLOBAL,TRNRPOLKAXX,2044,20.0
GLOBAL,TRNRPOLKAXX,2045,20.0
GLOBAL,TRNRPOLKAXX,2046,20.0
GLOBAL,TRNRPOLKAXX,2047,20.0
GLOBAL,TRNRPOLKAXX,2048,20.0
GLOBAL,TRNRPOLKAXX,2049,20.0
GLOBAL,TRNRPOLKAXX,2050,20.0
GLOBAL,TRNRPOMDVXX,2023,20.0
GLOBAL,TRNRPOMDVXX,2024,20.0
GLOBAL,TRNRPOMDVXX,2025,20.0
GLOBAL,TRNRPOMDVXX,2026,20.0
GLOBAL,TRNRPOMDVXX,2027,20.0
GLOBAL,TRNRPOMDVXX,2028,20.0
GLOBAL,TRNRPOMDVXX,2029,20.0
GLOBAL,TRNRPOMDVXX,2030,20.0
GLOBAL,TRNRPOMDVXX,2031,20.0
GLOBAL,TRNRPOMDVXX,2032,20.0
GLOBAL,TRNRPOMDVXX,2033,20.0
GLOBAL,TRNRPOMDVXX,2034,20.0
GLOBAL,TRNRPOMDVXX,2035,20.0
GLOBAL,TRNRPOMDVXX,2036,20.0
GLOBAL,TRNRPOMDVXX,2037,20.0
GLOBAL,TRNRPOMDVXX,2038,20.0
GLOBAL,TRNRPOMDVXX,2039,20.0
GLOBAL,TRNRPOMDVXX,2040,20.0
GLOBAL,TRNRPOMDVXX,2041,20.0
GLOBAL,TRNRPOMDVXX,2042,20.0
GLOBAL,TRNRPOMDVXX,2043,20.0
GLOBAL,TRNRPOMDVXX,2044,20.0
GLOBAL,TRNRPOMDVXX,2045,20.0
GLOBAL,TRNRPOMDVXX,2046,20.0
GLOBAL,TRNRPOMDVXX,2047,20.0
GLOBAL,TRNRPOMDVXX,2048,20.0
GLOBAL,TRNRPOMDVXX,2049,20.0
GLOBAL,TRNRPOMDVXX,2050,20.0
GLOBAL,TRNRPONPLXX,2023,20.0
GLOBAL,TRNRPONPLXX,2024,20.0
GLOBAL,TRNRPONPLXX,2025,20.0
GLOBAL,TRNRPONPLXX,2026,20.0
GLOBAL,TRNRPONPLXX,2027,20.0
GLOBAL,TRNRPONPLXX,2028,20.0
GLOBAL,TRNRPONPLXX,2029,20.0
GLOBAL,TRNRPONPLXX,2030,20.0
GLOBAL,TRNRPONPLXX,2031,20.0
GLOBAL,TRNRPONPLXX,2032,20.0
GLOBAL,TRNRPONPLXX,2033,20.0
GLOBAL,TRNRPONPLXX,2034,20.0
GLOBAL,TRNRPONPLXX,2035,20.0
GLOBAL,TRNRPONPLXX,2036,20.0
GLOBAL,TRNRPONPLXX,2037,20.0
GLOBAL,TRNRPONPLXX,2038,20.0
GLOBAL,TRNRPONPLXX,2039,20.0
GLOBAL,TRNRPONPLXX,2040,20.0
GLOBAL,TRNRPONPLXX,2041,20.0
GLOBAL,TRNRPONPLXX,2042,20.0
GLOBAL,TRNRPONPLXX,2043,20.0
GLOBAL,TRNRPONPLXX,2044,20.0
GLOBAL,TRNRPONPLXX,2045,20.0
GLOBAL,TRNRPONPLXX,2046,20.0
GLOBAL,TRNRPONPLXX,2047,20.0
GLOBAL,TRNRPONPLXX,2048,20.0
GLOBAL,TRNRPONPLXX,2049,20.0
GLOBAL,TRNRPONPLXX,2050,20.0
