PARAMETER,Scenario,REGION,TECHNOLOGY,FUEL,EMISSION,MODE_OF_OPERATION,YEAR,TIMESLICE,SEASON,DAYTYPE,DAILYTIMEBRACKET,STORAGE,Value
EmissionActivityRatio,C_Target_VRE_Clipped,GLOBAL,PWRCCSBGDXX,,CO2BGD,1,2023,,,,,,0.0273
EmissionActivityRatio,C_Target_VRE_Clipped,GLOBAL,PWRCCSBGDXX,,CO2BGD,1,2024,,,,,,0.0273
EmissionActivityRatio,C_Target_VRE_Clipped,GLOBAL,PWRCCSBGDXX,,CO2BGD,1,2025,,,,,,0.0273
EmissionActivityRatio,C_Target_VRE_Clipped,GLOBAL,PWRCCSBGDXX,,CO2BGD,1,2026,,,,,,0.0273
EmissionActivityRatio,C_Target_VRE_Clipped,GLOBAL,PWRCCSBGDXX,,CO2BGD,1,2027,,,,,,0.0273
EmissionActivityRatio,C_Target_VRE_Clipped,GLOBAL,PWRCCSBGDXX,,CO2BGD,1,2028,,,,,,0.0273
EmissionActivityRatio,C_Target_VRE_Clipped,GLOBAL,PWRCCSBGDXX,,CO2BGD,1,2029,,,,,,0.0273
EmissionActivityRatio,C_Target_VRE_Clipped,GLOBAL,PWRCCSBGDXX,,CO2BGD,1,2030,,,,,,0.0273
EmissionActivityRatio,C_Target_VRE_Clipped,GLOBAL,PWRCCSBGDXX,,CO2BGD,1,2031,,,,,,0.0273
EmissionActivityRatio,C_Target_VRE_Clipped,GLOBAL,PWRCCSBGDXX,,CO2BGD,1,2032,,,,,,0.0273
EmissionActivityRatio,C_Target_VRE_Clipped,GLOBAL,PWRCCSBGDXX,,CO2BGD,1,2033,,,,,,0.0273
EmissionActivityRatio,C_Target_VRE_Clipped,GLOBAL,PWRCCSBGDXX,,CO2BGD,1,2034,,,,,,0.0273
EmissionActivityRatio,C_Target_VRE_Clipped,GLOBAL,PWRCCSBGDXX,,CO2BGD,1,2035,,,,,,0.0273
EmissionActivityRatio,C_Target_VRE_Clipped,GLOBAL,PWRCCSBGDXX,,CO2BGD,1,2036,,,,,,0.0273
EmissionActivityRatio,C_Target_VRE_Clipped,GLOBAL,PWRCCSBGDXX,,CO2BGD,1,2037,,,,,,0.0273
EmissionActivityRatio,C_Target_VRE_Clipped,GLOBAL,PWRCCSBGDXX,,CO2BGD,1,2038,,,,,,0.0273
EmissionActivityRatio,C_Target_VRE_Clipped,GLOBAL,PWRCCSBGDXX,,CO2BGD,1,2039,,,,,,0.0273
EmissionActivityRatio,C_Target_VRE_Clipped,GLOBAL,PWRCCSBGDXX,,CO2BGD,1,2040,,,,,,0.0273
EmissionActivityRatio,C_Target_VRE_Clipped,GLOBAL,PWRCCSBGDXX,,CO2BGD,1,2041,,,,,,0.0273
EmissionActivityRatio,C_Target_VRE_Clipped,GLOBAL,PWRCCSBGDXX,,CO2BGD,1,2042,,,,,,0.0273
EmissionActivityRatio,C_Target_VRE_Clipped,GLOBAL,PWRCCSBGDXX,,CO2BGD,1,2043,,,,,,0.0273
EmissionActivityRatio,C_Target_VRE_Clipped,GLOBAL,PWRCCSBGDXX,,CO2BGD,1,2044,,,,,,0.0273
EmissionActivityRatio,C_Target_VRE_Clipped,GLOBAL,PWRCCSBGDXX,,CO2BGD,1,2045,,,,,,0.0273
EmissionActivityRatio,C_Target_VRE_Clipped,GLOBAL,PWRCCSBGDXX,,CO2BGD,1,2046,,,,,,0.0273
EmissionActivityRatio,C_Target_VRE_Clipped,GLOBAL,PWRCCSBGDXX,,CO2BGD,1,2047,,,,,,0.0273
EmissionActivityRatio,C_Target_VRE_Clipped,GLOBAL,PWRCCSBGDXX,,CO2BGD,1,2048,,,,,,0.0273
EmissionActivityRatio,C_Target_VRE_Clipped,GLOBAL,PWRCCSBGDXX,,CO2BGD,1,2049,,,,,,0.0273
EmissionActivityRatio,C_Target_VRE_Clipped,GLOBAL,PWRCCSBGDXX,,CO2BGD,1,2050,,,,,,0.0273
EmissionActivityRatio,C_Target_VRE_Clipped,GLOBAL,PWRCCSBGDXX,,CO2BGD,2,2023,,,,,,0.0273
EmissionActivityRatio,C_Target_VRE_Clipped,GLOBAL,PWRCCSBGDXX,,CO2BGD,2,2024,,,,,,0.0273
EmissionActivityRatio,C_Target_VRE_Clipped,GLOBAL,PWRCCSBGDXX,,CO2BGD,2,2025,,,,,,0.0273
EmissionActivityRatio,C_Target_VRE_Clipped,GLOBAL,PWRCCSBGDXX,,CO2BGD,2,2026,,,,,,0.0273
EmissionActivityRatio,C_Target_VRE_Clipped,GLOBAL,PWRCCSBGDXX,,CO2BGD,2,2027,,,,,,0.0273
EmissionActivityRatio,C_Target_VRE_Clipped,GLOBAL,PWRCCSBGDXX,,CO2BGD,2,2028,,,,,,0.0273
EmissionActivityRatio,C_Target_VRE_Clipped,GLOBAL,PWRCCSBGDXX,,CO2BGD,2,2029,,,,,,0.0273
EmissionActivityRatio,C_Target_VRE_Clipped,GLOBAL,PWRCCSBGDXX,,CO2BGD,2,2030,,,,,,0.0273
EmissionActivityRatio,C_Target_VRE_Clipped,GLOBAL,PWRCCSBGDXX,,CO2BGD,2,2031,,,,,,0.0273
EmissionActivityRatio,C_Target_VRE_Clipped,GLOBAL,PWRCCSBGDXX,,CO2BGD,2,2032,,,,,,0.0273
EmissionActivityRatio,C_Target_VRE_Clipped,GLOBAL,PWRCCSBGDXX,,CO2BGD,2,2033,,,,,,0.0273
EmissionActivityRatio,C_Target_VRE_Clipped,GLOBAL,PWRCCSBGDXX,,CO2BGD,2,2034,,,,,,0.0273
EmissionActivityRatio,C_Target_VRE_Clipped,GLOBAL,PWRCCSBGDXX,,CO2BGD,2,2035,,,,,,0.0273
EmissionActivityRatio,C_Target_VRE_Clipped,GLOBAL,PWRCCSBGDXX,,CO2BGD,2,2036,,,,,,0.0273
EmissionActivityRatio,C_Target_VRE_Clipped,GLOBAL,PWRCCSBGDXX,,CO2BGD,2,2037,,,,,,0.0273
EmissionActivityRatio,C_Target_VRE_Clipped,GLOBAL,PWRCCSBGDXX,,CO2BGD,2,2038,,,,,,0.0273
EmissionActivityRatio,C_Target_VRE_Clipped,GLOBAL,PWRCCSBGDXX,,CO2BGD,2,2039,,,,,,0.0273
EmissionActivityRatio,C_Target_VRE_Clipped,GLOBAL,PWRCCSBGDXX,,CO2BGD,2,2040,,,,,,0.0273
EmissionActivityRatio,C_Target_VRE_Clipped,GLOBAL,PWRCCSBGDXX,,CO2BGD,2,2041,,,,,,0.0273
EmissionActivityRatio,C_Target_VRE_Clipped,GLOBAL,PWRCCSBGDXX,,CO2BGD,2,2042,,,,,,0.0273
EmissionActivityRatio,C_Target_VRE_Clipped,GLOBAL,PWRCCSBGDXX,,CO2BGD,2,2043,,,,,,0.0273
EmissionActivityRatio,C_Target_VRE_Clipped,GLOBAL,PWRCCSBGDXX,,CO2BGD,2,2044,,,,,,0.0273
EmissionActivityRatio,C_Target_VRE_Clipped,GLOBAL,PWRCCSBGDXX,,CO2BGD,2,2045,,,,,,0.0273
EmissionActivityRatio,C_Target_VRE_Clipped,GLOBAL,PWRCCSBGDXX,,CO2BGD,2,2046,,,,,,0.0273
EmissionActivityRatio,C_Target_VRE_Clipped,GLOBAL,PWRCCSBGDXX,,CO2BGD,2,2047,,,,,,0.0273
EmissionActivityRatio,C_Target_VRE_Clipped,GLOBAL,PWRCCSBGDXX,,CO2BGD,2,2048,,,,,,0.0273
EmissionActivityRatio,C_Target_VRE_Clipped,GLOBAL,PWRCCSBGDXX,,CO2BGD,2,2049,,,,,,0.0273
EmissionActivityRatio,C_Target_VRE_Clipped,GLOBAL,PWRCCSBGDXX,,CO2BGD,2,2050,,,,,,0.0273
EmissionActivityRatio,C_Target_VRE_Clipped,GLOBAL,PWRCCSINDEA,,CO2IND,1,2023,,,,,,0.0273
EmissionActivityRatio,C_Target_VRE_Clipped,GLOBAL,PWRCCSINDEA,,CO2IND,1,2024,,,,,,0.0273
EmissionActivityRatio,C_Target_VRE_Clipped,GLOBAL,PWRCCSINDEA,,CO2IND,1,2025,,,,,,0.0273
EmissionActivityRatio,C_Target_VRE_Clipped,GLOBAL,PWRCCSINDEA,,CO2IND,1,2026,,,,,,0.0273
EmissionActivityRatio,C_Target_VRE_Clipped,GLOBAL,PWRCCSINDEA,,CO2IND,1,2027,,,,,,0.0273
EmissionActivityRatio,C_Target_VRE_Clipped,GLOBAL,PWRCCSINDEA,,CO2IND,1,2028,,,,,,0.0273
EmissionActivityRatio,C_Target_VRE_Clipped,GLOBAL,PWRCCSINDEA,,CO2IND,1,2029,,,,,,0.0273
EmissionActivityRatio,C_Target_VRE_Clipped,GLOBAL,PWRCCSINDEA,,CO2IND,1,2030,,,,,,0.0273
EmissionActivityRatio,C_Target_VRE_Clipped,GLOBAL,PWRCCSINDEA,,CO2IND,1,2031,,,,,,0.0273
EmissionActivityRatio,C_Target_VRE_Clipped,GLOBAL,PWRCCSINDEA,,CO2IND,1,2032,,,,,,0.0273
EmissionActivityRatio,C_Target_VRE_Clipped,GLOBAL,PWRCCSINDEA,,CO2IND,1,2033,,,,,,0.0273
EmissionActivityRatio,C_Target_VRE_Clipped,GLOBAL,PWRCCSINDEA,,CO2IND,1,2034,,,,,,0.0273
EmissionActivityRatio,C_Target_VRE_Clipped,GLOBAL,PWRCCSINDEA,,CO2IND,1,2035,,,,,,0.0273
EmissionActivityRatio,C_Target_VRE_Clipped,GLOBAL,PWRCCSINDEA,,CO2IND,1,2036,,,,,,0.0273
EmissionActivityRatio,C_Target_VRE_Clipped,GLOBAL,PWRCCSINDEA,,CO2IND,1,2037,,,,,,0.0273
EmissionActivityRatio,C_Target_VRE_Clipped,GLOBAL,PWRCCSINDEA,,CO2IND,1,2038,,,,,,0.0273
EmissionActivityRatio,C_Target_VRE_Clipped,GLOBAL,PWRCCSINDEA,,CO2IND,1,2039,,,,,,0.0273
EmissionActivityRatio,C_Target_VRE_Clipped,GLOBAL,PWRCCSINDEA,,CO2IND,1,2040,,,,,,0.0273
EmissionActivityRatio,C_Target_VRE_Clipped,GLOBAL,PWRCCSINDEA,,CO2IND,1,2041,,,,,,0.0273
EmissionActivityRatio,C_Target_VRE_Clipped,GLOBAL,PWRCCSINDEA,,CO2IND,1,2042,,,,,,0.0273
EmissionActivityRatio,C_Target_VRE_Clipped,GLOBAL,PWRCCSINDEA,,CO2IND,1,2043,,,,,,0.0273
EmissionActivityRatio,C_Target_VRE_Clipped,GLOBAL,PWRCCSINDEA,,CO2IND,1,2044,,,,,,0.0273
EmissionActivityRatio,C_Target_VRE_Clipped,GLOBAL,PWRCCSINDEA,,CO2IND,1,2045,,,,,,0.0273
EmissionActivityRatio,C_Target_VRE_Clipped,GLOBAL,PWRCCSINDEA,,CO2IND,1,2046,,,,,,0.0273
EmissionActivityRatio,C_Target_VRE_Clipped,GLOBAL,PWRCCSINDEA,,CO2IND,1,2047,,,,,,0.0273
EmissionActivityRatio,C_Target_VRE_Clipped,GLOBAL,PWRCCSINDEA,,CO2IND,1,2048,,,,,,0.0273
EmissionActivityRatio,C_Target_VRE_Clipped,GLOBAL,PWRCCSINDEA,,CO2IND,1,2049,,,,,,0.0273
EmissionActivityRatio,C_Target_VRE_Clipped,GLOBAL,PWRCCSINDEA,,CO2IND,1,2050,,,,,,0.0273
EmissionActivityRatio,C_Target_VRE_Clipped,GLOBAL,PWRCCSINDEA,,CO2IND,2,2023,,,,,,0.0273
EmissionActivityRatio,C_Target_VRE_Clipped,GLOBAL,PWRCCSINDEA,,CO2IND,2,2024,,,,,,0.0273
EmissionActivityRatio,C_Target_VRE_Clipped,GLOBAL,PWRCCSINDEA,,CO2IND,2,2025,,,,,,0.0273
EmissionActivityRatio,C_Target_VRE_Clipped,GLOBAL,PWRCCSINDEA,,CO2IND,2,2026,,,,,,0.0273
EmissionActivityRatio,C_Target_VRE_Clipped,GLOBAL,PWRCCSINDEA,,CO2IND,2,2027,,,,,,0.0273
EmissionActivityRatio,C_Target_VRE_Clipped,GLOBAL,PWRCCSINDEA,,CO2IND,2,2028,,,,,,0.0273
EmissionActivityRatio,C_Target_VRE_Clipped,GLOBAL,PWRCCSINDEA,,CO2IND,2,2029,,,,,,0.0273
EmissionActivityRatio,C_Target_VRE_Clipped,GLOBAL,PWRCCSINDEA,,CO2IND,2,2030,,,,,,0.0273
EmissionActivityRatio,C_Target_VRE_Clipped,GLOBAL,PWRCCSINDEA,,CO2IND,2,2031,,,,,,0.0273
EmissionActivityRatio,C_Target_VRE_Clipped,GLOBAL,PWRCCSINDEA,,CO2IND,2,2032,,,,,,0.0273
EmissionActivityRatio,C_Target_VRE_Clipped,GLOBAL,PWRCCSINDEA,,CO2IND,2,2033,,,,,,0.0273
EmissionActivityRatio,C_Target_VRE_Clipped,GLOBAL,PWRCCSINDEA,,CO2IND,2,2034,,,,,,0.0273
EmissionActivityRatio,C_Target_VRE_Clipped,GLOBAL,PWRCCSINDEA,,CO2IND,2,2035,,,,,,0.0273
EmissionActivityRatio,C_Target_VRE_Clipped,GLOBAL,PWRCCSINDEA,,CO2IND,2,2036,,,,,,0.0273
EmissionActivityRatio,C_Target_VRE_Clipped,GLOBAL,PWRCCSINDEA,,CO2IND,2,2037,,,,,,0.0273
EmissionActivityRatio,C_Target_VRE_Clipped,GLOBAL,PWRCCSINDEA,,CO2IND,2,2038,,,,,,0.0273
EmissionActivityRatio,C_Target_VRE_Clipped,GLOBAL,PWRCCSINDEA,,CO2IND,2,2039,,,,,,0.0273
EmissionActivityRatio,C_Target_VRE_Clipped,GLOBAL,PWRCCSINDEA,,CO2IND,2,2040,,,,,,0.0273
EmissionActivityRatio,C_Target_VRE_Clipped,GLOBAL,PWRCCSINDEA,,CO2IND,2,2041,,,,,,0.0273
EmissionActivityRatio,C_Target_VRE_Clipped,GLOBAL,PWRCCSINDEA,,CO2IND,2,2042,,,,,,0.0273
EmissionActivityRatio,C_Target_VRE_Clipped,GLOBAL,PWRCCSINDEA,,CO2IND,2,2043,,,,,,0.0273
EmissionActivityRatio,C_Target_VRE_Clipped,GLOBAL,PWRCCSINDEA,,CO2IND,2,2044,,,,,,0.0273
EmissionActivityRatio,C_Target_VRE_Clipped,GLOBAL,PWRCCSINDEA,,CO2IND,2,2045,,,,,,0.0273
EmissionActivityRatio,C_Target_VRE_Clipped,GLOBAL,PWRCCSINDEA,,CO2IND,2,2046,,,,,,0.0273
EmissionActivityRatio,C_Target_VRE_Clipped,GLOBAL,PWRCCSINDEA,,CO2IND,2,2047,,,,,,0.0273
EmissionActivityRatio,C_Target_VRE_Clipped,GLOBAL,PWRCCSINDEA,,CO2IND,2,2048,,,,,,0.0273
EmissionActivityRatio,C_Target_VRE_Clipped,GLOBAL,PWRCCSINDEA,,CO2IND,2,2049,,,,,,0.0273
EmissionActivityRatio,C_Target_VRE_Clipped,GLOBAL,PWRCCSINDEA,,CO2IND,2,2050,,,,,,0.0273
EmissionActivityRatio,C_Target_VRE_Clipped,GLOBAL,PWRCCSINDNE,,CO2IND,1,2023,,,,,,0.0273
EmissionActivityRatio,C_Target_VRE_Clipped,GLOBAL,PWRCCSINDNE,,CO2IND,1,2024,,,,,,0.0273
EmissionActivityRatio,C_Target_VRE_Clipped,GLOBAL,PWRCCSINDNE,,CO2IND,1,2025,,,,,,0.0273
EmissionActivityRatio,C_Target_VRE_Clipped,GLOBAL,PWRCCSINDNE,,CO2IND,1,2026,,,,,,0.0273
EmissionActivityRatio,C_Target_VRE_Clipped,GLOBAL,PWRCCSINDNE,,CO2IND,1,2027,,,,,,0.0273
EmissionActivityRatio,C_Target_VRE_Clipped,GLOBAL,PWRCCSINDNE,,CO2IND,1,2028,,,,,,0.0273
EmissionActivityRatio,C_Target_VRE_Clipped,GLOBAL,PWRCCSINDNE,,CO2IND,1,2029,,,,,,0.0273
EmissionActivityRatio,C_Target_VRE_Clipped,GLOBAL,PWRCCSINDNE,,CO2IND,1,2030,,,,,,0.0273
EmissionActivityRatio,C_Target_VRE_Clipped,GLOBAL,PWRCCSINDNE,,CO2IND,1,2031,,,,,,0.0273
EmissionActivityRatio,C_Target_VRE_Clipped,GLOBAL,PWRCCSINDNE,,CO2IND,1,2032,,,,,,0.0273
EmissionActivityRatio,C_Target_VRE_Clipped,GLOBAL,PWRCCSINDNE,,CO2IND,1,2033,,,,,,0.0273
EmissionActivityRatio,C_Target_VRE_Clipped,GLOBAL,PWRCCSINDNE,,CO2IND,1,2034,,,,,,0.0273
EmissionActivityRatio,C_Target_VRE_Clipped,GLOBAL,PWRCCSINDNE,,CO2IND,1,2035,,,,,,0.0273
EmissionActivityRatio,C_Target_VRE_Clipped,GLOBAL,PWRCCSINDNE,,CO2IND,1,2036,,,,,,0.0273
EmissionActivityRatio,C_Target_VRE_Clipped,GLOBAL,PWRCCSINDNE,,CO2IND,1,2037,,,,,,0.0273
EmissionActivityRatio,C_Target_VRE_Clipped,GLOBAL,PWRCCSINDNE,,CO2IND,1,2038,,,,,,0.0273
EmissionActivityRatio,C_Target_VRE_Clipped,GLOBAL,PWRCCSINDNE,,CO2IND,1,2039,,,,,,0.0273
EmissionActivityRatio,C_Target_VRE_Clipped,GLOBAL,PWRCCSINDNE,,CO2IND,1,2040,,,,,,0.0273
EmissionActivityRatio,C_Target_VRE_Clipped,GLOBAL,PWRCCSINDNE,,CO2IND,1,2041,,,,,,0.0273
EmissionActivityRatio,C_Target_VRE_Clipped,GLOBAL,PWRCCSINDNE,,CO2IND,1,2042,,,,,,0.0273
EmissionActivityRatio,C_Target_VRE_Clipped,GLOBAL,PWRCCSINDNE,,CO2IND,1,2043,,,,,,0.0273
EmissionActivityRatio,C_Target_VRE_Clipped,GLOBAL,PWRCCSINDNE,,CO2IND,1,2044,,,,,,0.0273
EmissionActivityRatio,C_Target_VRE_Clipped,GLOBAL,PWRCCSINDNE,,CO2IND,1,2045,,,,,,0.0273
EmissionActivityRatio,C_Target_VRE_Clipped,GLOBAL,PWRCCSINDNE,,CO2IND,1,2046,,,,,,0.0273
EmissionActivityRatio,C_Target_VRE_Clipped,GLOBAL,PWRCCSINDNE,,CO2IND,1,2047,,,,,,0.0273
EmissionActivityRatio,C_Target_VRE_Clipped,GLOBAL,PWRCCSINDNE,,CO2IND,1,2048,,,,,,0.0273
EmissionActivityRatio,C_Target_VRE_Clipped,GLOBAL,PWRCCSINDNE,,CO2IND,1,2049,,,,,,0.0273
EmissionActivityRatio,C_Target_VRE_Clipped,GLOBAL,PWRCCSINDNE,,CO2IND,1,2050,,,,,,0.0273
EmissionActivityRatio,C_Target_VRE_Clipped,GLOBAL,PWRCCSINDNE,,CO2IND,2,2023,,,,,,0.0273
EmissionActivityRatio,C_Target_VRE_Clipped,GLOBAL,PWRCCSINDNE,,CO2IND,2,2024,,,,,,0.0273
EmissionActivityRatio,C_Target_VRE_Clipped,GLOBAL,PWRCCSINDNE,,CO2IND,2,2025,,,,,,0.0273
EmissionActivityRatio,C_Target_VRE_Clipped,GLOBAL,PWRCCSINDNE,,CO2IND,2,2026,,,,,,0.0273
EmissionActivityRatio,C_Target_VRE_Clipped,GLOBAL,PWRCCSINDNE,,CO2IND,2,2027,,,,,,0.0273
EmissionActivityRatio,C_Target_VRE_Clipped,GLOBAL,PWRCCSINDNE,,CO2IND,2,2028,,,,,,0.0273
EmissionActivityRatio,C_Target_VRE_Clipped,GLOBAL,PWRCCSINDNE,,CO2IND,2,2029,,,,,,0.0273
EmissionActivityRatio,C_Target_VRE_Clipped,GLOBAL,PWRCCSINDNE,,CO2IND,2,2030,,,,,,0.0273
EmissionActivityRatio,C_Target_VRE_Clipped,GLOBAL,PWRCCSINDNE,,CO2IND,2,2031,,,,,,0.0273
EmissionActivityRatio,C_Target_VRE_Clipped,GLOBAL,PWRCCSINDNE,,CO2IND,2,2032,,,,,,0.0273
EmissionActivityRatio,C_Target_VRE_Clipped,GLOBAL,PWRCCSINDNE,,CO2IND,2,2033,,,,,,0.0273
EmissionActivityRatio,C_Target_VRE_Clipped,GLOBAL,PWRCCSINDNE,,CO2IND,2,2034,,,,,,0.0273
EmissionActivityRatio,C_Target_VRE_Clipped,GLOBAL,PWRCCSINDNE,,CO2IND,2,2035,,,,,,0.0273
EmissionActivityRatio,C_Target_VRE_Clipped,GLOBAL,PWRCCSINDNE,,CO2IND,2,2036,,,,,,0.0273
EmissionActivityRatio,C_Target_VRE_Clipped,GLOBAL,PWRCCSINDNE,,CO2IND,2,2037,,,,,,0.0273
EmissionActivityRatio,C_Target_VRE_Clipped,GLOBAL,PWRCCSINDNE,,CO2IND,2,2038,,,,,,0.0273
EmissionActivityRatio,C_Target_VRE_Clipped,GLOBAL,PWRCCSINDNE,,CO2IND,2,2039,,,,,,0.0273
EmissionActivityRatio,C_Target_VRE_Clipped,GLOBAL,PWRCCSINDNE,,CO2IND,2,2040,,,,,,0.0273
EmissionActivityRatio,C_Target_VRE_Clipped,GLOBAL,PWRCCSINDNE,,CO2IND,2,2041,,,,,,0.0273
EmissionActivityRatio,C_Target_VRE_Clipped,GLOBAL,PWRCCSINDNE,,CO2IND,2,2042,,,,,,0.0273
EmissionActivityRatio,C_Target_VRE_Clipped,GLOBAL,PWRCCSINDNE,,CO2IND,2,2043,,,,,,0.0273
EmissionActivityRatio,C_Target_VRE_Clipped,GLOBAL,PWRCCSINDNE,,CO2IND,2,2044,,,,,,0.0273
EmissionActivityRatio,C_Target_VRE_Clipped,GLOBAL,PWRCCSINDNE,,CO2IND,2,2045,,,,,,0.0273
EmissionActivityRatio,C_Target_VRE_Clipped,GLOBAL,PWRCCSINDNE,,CO2IND,2,2046,,,,,,0.0273
EmissionActivityRatio,C_Target_VRE_Clipped,GLOBAL,PWRCCSINDNE,,CO2IND,2,2047,,,,,,0.0273
EmissionActivityRatio,C_Target_VRE_Clipped,GLOBAL,PWRCCSINDNE,,CO2IND,2,2048,,,,,,0.0273
EmissionActivityRatio,C_Target_VRE_Clipped,GLOBAL,PWRCCSINDNE,,CO2IND,2,2049,,,,,,0.0273
EmissionActivityRatio,C_Target_VRE_Clipped,GLOBAL,PWRCCSINDNE,,CO2IND,2,2050,,,,,,0.0273
EmissionActivityRatio,C_Target_VRE_Clipped,GLOBAL,PWRCCSINDNO,,CO2IND,1,2023,,,,,,0.0273
EmissionActivityRatio,C_Target_VRE_Clipped,GLOBAL,PWRCCSINDNO,,CO2IND,1,2024,,,,,,0.0273
EmissionActivityRatio,C_Target_VRE_Clipped,GLOBAL,PWRCCSINDNO,,CO2IND,1,2025,,,,,,0.0273
EmissionActivityRatio,C_Target_VRE_Clipped,GLOBAL,PWRCCSINDNO,,CO2IND,1,2026,,,,,,0.0273
EmissionActivityRatio,C_Target_VRE_Clipped,GLOBAL,PWRCCSINDNO,,CO2IND,1,2027,,,,,,0.0273
EmissionActivityRatio,C_Target_VRE_Clipped,GLOBAL,PWRCCSINDNO,,CO2IND,1,2028,,,,,,0.0273
EmissionActivityRatio,C_Target_VRE_Clipped,GLOBAL,PWRCCSINDNO,,CO2IND,1,2029,,,,,,0.0273
EmissionActivityRatio,C_Target_VRE_Clipped,GLOBAL,PWRCCSINDNO,,CO2IND,1,2030,,,,,,0.0273
EmissionActivityRatio,C_Target_VRE_Clipped,GLOBAL,PWRCCSINDNO,,CO2IND,1,2031,,,,,,0.0273
EmissionActivityRatio,C_Target_VRE_Clipped,GLOBAL,PWRCCSINDNO,,CO2IND,1,2032,,,,,,0.0273
EmissionActivityRatio,C_Target_VRE_Clipped,GLOBAL,PWRCCSINDNO,,CO2IND,1,2033,,,,,,0.0273
EmissionActivityRatio,C_Target_VRE_Clipped,GLOBAL,PWRCCSINDNO,,CO2IND,1,2034,,,,,,0.0273
EmissionActivityRatio,C_Target_VRE_Clipped,GLOBAL,PWRCCSINDNO,,CO2IND,1,2035,,,,,,0.0273
EmissionActivityRatio,C_Target_VRE_Clipped,GLOBAL,PWRCCSINDNO,,CO2IND,1,2036,,,,,,0.0273
EmissionActivityRatio,C_Target_VRE_Clipped,GLOBAL,PWRCCSINDNO,,CO2IND,1,2037,,,,,,0.0273
EmissionActivityRatio,C_Target_VRE_Clipped,GLOBAL,PWRCCSINDNO,,CO2IND,1,2038,,,,,,0.0273
EmissionActivityRatio,C_Target_VRE_Clipped,GLOBAL,PWRCCSINDNO,,CO2IND,1,2039,,,,,,0.0273
EmissionActivityRatio,C_Target_VRE_Clipped,GLOBAL,PWRCCSINDNO,,CO2IND,1,2040,,,,,,0.0273
EmissionActivityRatio,C_Target_VRE_Clipped,GLOBAL,PWRCCSINDNO,,CO2IND,1,2041,,,,,,0.0273
EmissionActivityRatio,C_Target_VRE_Clipped,GLOBAL,PWRCCSINDNO,,CO2IND,1,2042,,,,,,0.0273
EmissionActivityRatio,C_Target_VRE_Clipped,GLOBAL,PWRCCSINDNO,,CO2IND,1,2043,,,,,,0.0273
EmissionActivityRatio,C_Target_VRE_Clipped,GLOBAL,PWRCCSINDNO,,CO2IND,1,2044,,,,,,0.0273
EmissionActivityRatio,C_Target_VRE_Clipped,GLOBAL,PWRCCSINDNO,,CO2IND,1,2045,,,,,,0.0273
EmissionActivityRatio,C_Target_VRE_Clipped,GLOBAL,PWRCCSINDNO,,CO2IND,1,2046,,,,,,0.0273
EmissionActivityRatio,C_Target_VRE_Clipped,GLOBAL,PWRCCSINDNO,,CO2IND,1,2047,,,,,,0.0273
EmissionActivityRatio,C_Target_VRE_Clipped,GLOBAL,PWRCCSINDNO,,CO2IND,1,2048,,,,,,0.0273
EmissionActivityRatio,C_Target_VRE_Clipped,GLOBAL,PWRCCSINDNO,,CO2IND,1,2049,,,,,,0.0273
EmissionActivityRatio,C_Target_VRE_Clipped,GLOBAL,PWRCCSINDNO,,CO2IND,1,2050,,,,,,0.0273
EmissionActivityRatio,C_Target_VRE_Clipped,GLOBAL,PWRCCSINDNO,,CO2IND,2,2023,,,,,,0.0273
EmissionActivityRatio,C_Target_VRE_Clipped,GLOBAL,PWRCCSINDNO,,CO2IND,2,2024,,,,,,0.0273
EmissionActivityRatio,C_Target_VRE_Clipped,GLOBAL,PWRCCSINDNO,,CO2IND,2,2025,,,,,,0.0273
EmissionActivityRatio,C_Target_VRE_Clipped,GLOBAL,PWRCCSINDNO,,CO2IND,2,2026,,,,,,0.0273
EmissionActivityRatio,C_Target_VRE_Clipped,GLOBAL,PWRCCSINDNO,,CO2IND,2,2027,,,,,,0.0273
EmissionActivityRatio,C_Target_VRE_Clipped,GLOBAL,PWRCCSINDNO,,CO2IND,2,2028,,,,,,0.0273
EmissionActivityRatio,C_Target_VRE_Clipped,GLOBAL,PWRCCSINDNO,,CO2IND,2,2029,,,,,,0.0273
EmissionActivityRatio,C_Target_VRE_Clipped,GLOBAL,PWRCCSINDNO,,CO2IND,2,2030,,,,,,0.0273
EmissionActivityRatio,C_Target_VRE_Clipped,GLOBAL,PWRCCSINDNO,,CO2IND,2,2031,,,,,,0.0273
EmissionActivityRatio,C_Target_VRE_Clipped,GLOBAL,PWRCCSINDNO,,CO2IND,2,2032,,,,,,0.0273
EmissionActivityRatio,C_Target_VRE_Clipped,GLOBAL,PWRCCSINDNO,,CO2IND,2,2033,,,,,,0.0273
EmissionActivityRatio,C_Target_VRE_Clipped,GLOBAL,PWRCCSINDNO,,CO2IND,2,2034,,,,,,0.0273
EmissionActivityRatio,C_Target_VRE_Clipped,GLOBAL,PWRCCSINDNO,,CO2IND,2,2035,,,,,,0.0273
EmissionActivityRatio,C_Target_VRE_Clipped,GLOBAL,PWRCCSINDNO,,CO2IND,2,2036,,,,,,0.0273
EmissionActivityRatio,C_Target_VRE_Clipped,GLOBAL,PWRCCSINDNO,,CO2IND,2,2037,,,,,,0.0273
EmissionActivityRatio,C_Target_VRE_Clipped,GLOBAL,PWRCCSINDNO,,CO2IND,2,2038,,,,,,0.0273
EmissionActivityRatio,C_Target_VRE_Clipped,GLOBAL,PWRCCSINDNO,,CO2IND,2,2039,,,,,,0.0273
EmissionActivityRatio,C_Target_VRE_Clipped,GLOBAL,PWRCCSINDNO,,CO2IND,2,2040,,,,,,0.0273
EmissionActivityRatio,C_Target_VRE_Clipped,GLOBAL,PWRCCSINDNO,,CO2IND,2,2041,,,,,,0.0273
EmissionActivityRatio,C_Target_VRE_Clipped,GLOBAL,PWRCCSINDNO,,CO2IND,2,2042,,,,,,0.0273
EmissionActivityRatio,C_Target_VRE_Clipped,GLOBAL,PWRCCSINDNO,,CO2IND,2,2043,,,,,,0.0273
EmissionActivityRatio,C_Target_VRE_Clipped,GLOBAL,PWRCCSINDNO,,CO2IND,2,2044,,,,,,0.0273
EmissionActivityRatio,C_Target_VRE_Clipped,GLOBAL,PWRCCSINDNO,,CO2IND,2,2045,,,,,,0.0273
EmissionActivityRatio,C_Target_VRE_Clipped,GLOBAL,PWRCCSINDNO,,CO2IND,2,2046,,,,,,0.0273
EmissionActivityRatio,C_Target_VRE_Clipped,GLOBAL,PWRCCSINDNO,,CO2IND,2,2047,,,,,,0.0273
EmissionActivityRatio,C_Target_VRE_Clipped,GLOBAL,PWRCCSINDNO,,CO2IND,2,2048,,,,,,0.0273
EmissionActivityRatio,C_Target_VRE_Clipped,GLOBAL,PWRCCSINDNO,,CO2IND,2,2049,,,,,,0.0273
EmissionActivityRatio,C_Target_VRE_Clipped,GLOBAL,PWRCCSINDNO,,CO2IND,2,2050,,,,,,0.0273
EmissionActivityRatio,C_Target_VRE_Clipped,GLOBAL,PWRCCSINDSO,,CO2IND,1,2023,,,,,,0.0273
EmissionActivityRatio,C_Target_VRE_Clipped,GLOBAL,PWRCCSINDSO,,CO2IND,1,2024,,,,,,0.0273
EmissionActivityRatio,C_Target_VRE_Clipped,GLOBAL,PWRCCSINDSO,,CO2IND,1,2025,,,,,,0.0273
EmissionActivityRatio,C_Target_VRE_Clipped,GLOBAL,PWRCCSINDSO,,CO2IND,1,2026,,,,,,0.0273
EmissionActivityRatio,C_Target_VRE_Clipped,GLOBAL,PWRCCSINDSO,,CO2IND,1,2027,,,,,,0.0273
EmissionActivityRatio,C_Target_VRE_Clipped,GLOBAL,PWRCCSINDSO,,CO2IND,1,2028,,,,,,0.0273
EmissionActivityRatio,C_Target_VRE_Clipped,GLOBAL,PWRCCSINDSO,,CO2IND,1,2029,,,,,,0.0273
EmissionActivityRatio,C_Target_VRE_Clipped,GLOBAL,PWRCCSINDSO,,CO2IND,1,2030,,,,,,0.0273
EmissionActivityRatio,C_Target_VRE_Clipped,GLOBAL,PWRCCSINDSO,,CO2IND,1,2031,,,,,,0.0273
EmissionActivityRatio,C_Target_VRE_Clipped,GLOBAL,PWRCCSINDSO,,CO2IND,1,2032,,,,,,0.0273
EmissionActivityRatio,C_Target_VRE_Clipped,GLOBAL,PWRCCSINDSO,,CO2IND,1,2033,,,,,,0.0273
EmissionActivityRatio,C_Target_VRE_Clipped,GLOBAL,PWRCCSINDSO,,CO2IND,1,2034,,,,,,0.0273
EmissionActivityRatio,C_Target_VRE_Clipped,GLOBAL,PWRCCSINDSO,,CO2IND,1,2035,,,,,,0.0273
EmissionActivityRatio,C_Target_VRE_Clipped,GLOBAL,PWRCCSINDSO,,CO2IND,1,2036,,,,,,0.0273
EmissionActivityRatio,C_Target_VRE_Clipped,GLOBAL,PWRCCSINDSO,,CO2IND,1,2037,,,,,,0.0273
EmissionActivityRatio,C_Target_VRE_Clipped,GLOBAL,PWRCCSINDSO,,CO2IND,1,2038,,,,,,0.0273
EmissionActivityRatio,C_Target_VRE_Clipped,GLOBAL,PWRCCSINDSO,,CO2IND,1,2039,,,,,,0.0273
EmissionActivityRatio,C_Target_VRE_Clipped,GLOBAL,PWRCCSINDSO,,CO2IND,1,2040,,,,,,0.0273
EmissionActivityRatio,C_Target_VRE_Clipped,GLOBAL,PWRCCSINDSO,,CO2IND,1,2041,,,,,,0.0273
EmissionActivityRatio,C_Target_VRE_Clipped,GLOBAL,PWRCCSINDSO,,CO2IND,1,2042,,,,,,0.0273
EmissionActivityRatio,C_Target_VRE_Clipped,GLOBAL,PWRCCSINDSO,,CO2IND,1,2043,,,,,,0.0273
EmissionActivityRatio,C_Target_VRE_Clipped,GLOBAL,PWRCCSINDSO,,CO2IND,1,2044,,,,,,0.0273
EmissionActivityRatio,C_Target_VRE_Clipped,GLOBAL,PWRCCSINDSO,,CO2IND,1,2045,,,,,,0.0273
EmissionActivityRatio,C_Target_VRE_Clipped,GLOBAL,PWRCCSINDSO,,CO2IND,1,2046,,,,,,0.0273
EmissionActivityRatio,C_Target_VRE_Clipped,GLOBAL,PWRCCSINDSO,,CO2IND,1,2047,,,,,,0.0273
EmissionActivityRatio,C_Target_VRE_Clipped,GLOBAL,PWRCCSINDSO,,CO2IND,1,2048,,,,,,0.0273
EmissionActivityRatio,C_Target_VRE_Clipped,GLOBAL,PWRCCSINDSO,,CO2IND,1,2049,,,,,,0.0273
EmissionActivityRatio,C_Target_VRE_Clipped,GLOBAL,PWRCCSINDSO,,CO2IND,1,2050,,,,,,0.0273
EmissionActivityRatio,C_Target_VRE_Clipped,GLOBAL,PWRCCSINDSO,,CO2IND,2,2023,,,,,,0.0273
EmissionActivityRatio,C_Target_VRE_Clipped,GLOBAL,PWRCCSINDSO,,CO2IND,2,2024,,,,,,0.0273
EmissionActivityRatio,C_Target_VRE_Clipped,GLOBAL,PWRCCSINDSO,,CO2IND,2,2025,,,,,,0.0273
EmissionActivityRatio,C_Target_VRE_Clipped,GLOBAL,PWRCCSINDSO,,CO2IND,2,2026,,,,,,0.0273
EmissionActivityRatio,C_Target_VRE_Clipped,GLOBAL,PWRCCSINDSO,,CO2IND,2,2027,,,,,,0.0273
EmissionActivityRatio,C_Target_VRE_Clipped,GLOBAL,PWRCCSINDSO,,CO2IND,2,2028,,,,,,0.0273
EmissionActivityRatio,C_Target_VRE_Clipped,GLOBAL,PWRCCSINDSO,,CO2IND,2,2029,,,,,,0.0273
EmissionActivityRatio,C_Target_VRE_Clipped,GLOBAL,PWRCCSINDSO,,CO2IND,2,2030,,,,,,0.0273
EmissionActivityRatio,C_Target_VRE_Clipped,GLOBAL,PWRCCSINDSO,,CO2IND,2,2031,,,,,,0.0273
EmissionActivityRatio,C_Target_VRE_Clipped,GLOBAL,PWRCCSINDSO,,CO2IND,2,2032,,,,,,0.0273
EmissionActivityRatio,C_Target_VRE_Clipped,GLOBAL,PWRCCSINDSO,,CO2IND,2,2033,,,,,,0.0273
EmissionActivityRatio,C_Target_VRE_Clipped,GLOBAL,PWRCCSINDSO,,CO2IND,2,2034,,,,,,0.0273
EmissionActivityRatio,C_Target_VRE_Clipped,GLOBAL,PWRCCSINDSO,,CO2IND,2,2035,,,,,,0.0273
EmissionActivityRatio,C_Target_VRE_Clipped,GLOBAL,PWRCCSINDSO,,CO2IND,2,2036,,,,,,0.0273
EmissionActivityRatio,C_Target_VRE_Clipped,GLOBAL,PWRCCSINDSO,,CO2IND,2,2037,,,,,,0.0273
EmissionActivityRatio,C_Target_VRE_Clipped,GLOBAL,PWRCCSINDSO,,CO2IND,2,2038,,,,,,0.0273
EmissionActivityRatio,C_Target_VRE_Clipped,GLOBAL,PWRCCSINDSO,,CO2IND,2,2039,,,,,,0.0273
EmissionActivityRatio,C_Target_VRE_Clipped,GLOBAL,PWRCCSINDSO,,CO2IND,2,2040,,,,,,0.0273
EmissionActivityRatio,C_Target_VRE_Clipped,GLOBAL,PWRCCSINDSO,,CO2IND,2,2041,,,,,,0.0273
EmissionActivityRatio,C_Target_VRE_Clipped,GLOBAL,PWRCCSINDSO,,CO2IND,2,2042,,,,,,0.0273
EmissionActivityRatio,C_Target_VRE_Clipped,GLOBAL,PWRCCSINDSO,,CO2IND,2,2043,,,,,,0.0273
EmissionActivityRatio,C_Target_VRE_Clipped,GLOBAL,PWRCCSINDSO,,CO2IND,2,2044,,,,,,0.0273
EmissionActivityRatio,C_Target_VRE_Clipped,GLOBAL,PWRCCSINDSO,,CO2IND,2,2045,,,,,,0.0273
EmissionActivityRatio,C_Target_VRE_Clipped,GLOBAL,PWRCCSINDSO,,CO2IND,2,2046,,,,,,0.0273
EmissionActivityRatio,C_Target_VRE_Clipped,GLOBAL,PWRCCSINDSO,,CO2IND,2,2047,,,,,,0.0273
EmissionActivityRatio,C_Target_VRE_Clipped,GLOBAL,PWRCCSINDSO,,CO2IND,2,2048,,,,,,0.0273
EmissionActivityRatio,C_Target_VRE_Clipped,GLOBAL,PWRCCSINDSO,,CO2IND,2,2049,,,,,,0.0273
EmissionActivityRatio,C_Target_VRE_Clipped,GLOBAL,PWRCCSINDSO,,CO2IND,2,2050,,,,,,0.0273
EmissionActivityRatio,C_Target_VRE_Clipped,GLOBAL,PWRCCSINDWE,,CO2IND,1,2023,,,,,,0.0273
EmissionActivityRatio,C_Target_VRE_Clipped,GLOBAL,PWRCCSINDWE,,CO2IND,1,2024,,,,,,0.0273
EmissionActivityRatio,C_Target_VRE_Clipped,GLOBAL,PWRCCSINDWE,,CO2IND,1,2025,,,,,,0.0273
EmissionActivityRatio,C_Target_VRE_Clipped,GLOBAL,PWRCCSINDWE,,CO2IND,1,2026,,,,,,0.0273
EmissionActivityRatio,C_Target_VRE_Clipped,GLOBAL,PWRCCSINDWE,,CO2IND,1,2027,,,,,,0.0273
EmissionActivityRatio,C_Target_VRE_Clipped,GLOBAL,PWRCCSINDWE,,CO2IND,1,2028,,,,,,0.0273
EmissionActivityRatio,C_Target_VRE_Clipped,GLOBAL,PWRCCSINDWE,,CO2IND,1,2029,,,,,,0.0273
EmissionActivityRatio,C_Target_VRE_Clipped,GLOBAL,PWRCCSINDWE,,CO2IND,1,2030,,,,,,0.0273
EmissionActivityRatio,C_Target_VRE_Clipped,GLOBAL,PWRCCSINDWE,,CO2IND,1,2031,,,,,,0.0273
EmissionActivityRatio,C_Target_VRE_Clipped,GLOBAL,PWRCCSINDWE,,CO2IND,1,2032,,,,,,0.0273
EmissionActivityRatio,C_Target_VRE_Clipped,GLOBAL,PWRCCSINDWE,,CO2IND,1,2033,,,,,,0.0273
EmissionActivityRatio,C_Target_VRE_Clipped,GLOBAL,PWRCCSINDWE,,CO2IND,1,2034,,,,,,0.0273
EmissionActivityRatio,C_Target_VRE_Clipped,GLOBAL,PWRCCSINDWE,,CO2IND,1,2035,,,,,,0.0273
EmissionActivityRatio,C_Target_VRE_Clipped,GLOBAL,PWRCCSINDWE,,CO2IND,1,2036,,,,,,0.0273
EmissionActivityRatio,C_Target_VRE_Clipped,GLOBAL,PWRCCSINDWE,,CO2IND,1,2037,,,,,,0.0273
EmissionActivityRatio,C_Target_VRE_Clipped,GLOBAL,PWRCCSINDWE,,CO2IND,1,2038,,,,,,0.0273
EmissionActivityRatio,C_Target_VRE_Clipped,GLOBAL,PWRCCSINDWE,,CO2IND,1,2039,,,,,,0.0273
EmissionActivityRatio,C_Target_VRE_Clipped,GLOBAL,PWRCCSINDWE,,CO2IND,1,2040,,,,,,0.0273
EmissionActivityRatio,C_Target_VRE_Clipped,GLOBAL,PWRCCSINDWE,,CO2IND,1,2041,,,,,,0.0273
EmissionActivityRatio,C_Target_VRE_Clipped,GLOBAL,PWRCCSINDWE,,CO2IND,1,2042,,,,,,0.0273
EmissionActivityRatio,C_Target_VRE_Clipped,GLOBAL,PWRCCSINDWE,,CO2IND,1,2043,,,,,,0.0273
EmissionActivityRatio,C_Target_VRE_Clipped,GLOBAL,PWRCCSINDWE,,CO2IND,1,2044,,,,,,0.0273
EmissionActivityRatio,C_Target_VRE_Clipped,GLOBAL,PWRCCSINDWE,,CO2IND,1,2045,,,,,,0.0273
EmissionActivityRatio,C_Target_VRE_Clipped,GLOBAL,PWRCCSINDWE,,CO2IND,1,2046,,,,,,0.0273
EmissionActivityRatio,C_Target_VRE_Clipped,GLOBAL,PWRCCSINDWE,,CO2IND,1,2047,,,,,,0.0273
EmissionActivityRatio,C_Target_VRE_Clipped,GLOBAL,PWRCCSINDWE,,CO2IND,1,2048,,,,,,0.0273
EmissionActivityRatio,C_Target_VRE_Clipped,GLOBAL,PWRCCSINDWE,,CO2IND,1,2049,,,,,,0.0273
EmissionActivityRatio,C_Target_VRE_Clipped,GLOBAL,PWRCCSINDWE,,CO2IND,1,2050,,,,,,0.0273
EmissionActivityRatio,C_Target_VRE_Clipped,GLOBAL,PWRCCSINDWE,,CO2IND,2,2023,,,,,,0.0273
EmissionActivityRatio,C_Target_VRE_Clipped,GLOBAL,PWRCCSINDWE,,CO2IND,2,2024,,,,,,0.0273
EmissionActivityRatio,C_Target_VRE_Clipped,GLOBAL,PWRCCSINDWE,,CO2IND,2,2025,,,,,,0.0273
EmissionActivityRatio,C_Target_VRE_Clipped,GLOBAL,PWRCCSINDWE,,CO2IND,2,2026,,,,,,0.0273
EmissionActivityRatio,C_Target_VRE_Clipped,GLOBAL,PWRCCSINDWE,,CO2IND,2,2027,,,,,,0.0273
EmissionActivityRatio,C_Target_VRE_Clipped,GLOBAL,PWRCCSINDWE,,CO2IND,2,2028,,,,,,0.0273
EmissionActivityRatio,C_Target_VRE_Clipped,GLOBAL,PWRCCSINDWE,,CO2IND,2,2029,,,,,,0.0273
EmissionActivityRatio,C_Target_VRE_Clipped,GLOBAL,PWRCCSINDWE,,CO2IND,2,2030,,,,,,0.0273
EmissionActivityRatio,C_Target_VRE_Clipped,GLOBAL,PWRCCSINDWE,,CO2IND,2,2031,,,,,,0.0273
EmissionActivityRatio,C_Target_VRE_Clipped,GLOBAL,PWRCCSINDWE,,CO2IND,2,2032,,,,,,0.0273
EmissionActivityRatio,C_Target_VRE_Clipped,GLOBAL,PWRCCSINDWE,,CO2IND,2,2033,,,,,,0.0273
EmissionActivityRatio,C_Target_VRE_Clipped,GLOBAL,PWRCCSINDWE,,CO2IND,2,2034,,,,,,0.0273
EmissionActivityRatio,C_Target_VRE_Clipped,GLOBAL,PWRCCSINDWE,,CO2IND,2,2035,,,,,,0.0273
EmissionActivityRatio,C_Target_VRE_Clipped,GLOBAL,PWRCCSINDWE,,CO2IND,2,2036,,,,,,0.0273
EmissionActivityRatio,C_Target_VRE_Clipped,GLOBAL,PWRCCSINDWE,,CO2IND,2,2037,,,,,,0.0273
EmissionActivityRatio,C_Target_VRE_Clipped,GLOBAL,PWRCCSINDWE,,CO2IND,2,2038,,,,,,0.0273
EmissionActivityRatio,C_Target_VRE_Clipped,GLOBAL,PWRCCSINDWE,,CO2IND,2,2039,,,,,,0.0273
EmissionActivityRatio,C_Target_VRE_Clipped,GLOBAL,PWRCCSINDWE,,CO2IND,2,2040,,,,,,0.0273
EmissionActivityRatio,C_Target_VRE_Clipped,GLOBAL,PWRCCSINDWE,,CO2IND,2,2041,,,,,,0.0273
EmissionActivityRatio,C_Target_VRE_Clipped,GLOBAL,PWRCCSINDWE,,CO2IND,2,2042,,,,,,0.0273
EmissionActivityRatio,C_Target_VRE_Clipped,GLOBAL,PWRCCSINDWE,,CO2IND,2,2043,,,,,,0.0273
EmissionActivityRatio,C_Target_VRE_Clipped,GLOBAL,PWRCCSINDWE,,CO2IND,2,2044,,,,,,0.0273
EmissionActivityRatio,C_Target_VRE_Clipped,GLOBAL,PWRCCSINDWE,,CO2IND,2,2045,,,,,,0.0273
EmissionActivityRatio,C_Target_VRE_Clipped,GLOBAL,PWRCCSINDWE,,CO2IND,2,2046,,,,,,0.0273
EmissionActivityRatio,C_Target_VRE_Clipped,GLOBAL,PWRCCSINDWE,,CO2IND,2,2047,,,,,,0.0273
EmissionActivityRatio,C_Target_VRE_Clipped,GLOBAL,PWRCCSINDWE,,CO2IND,2,2048,,,,,,0.0273
EmissionActivityRatio,C_Target_VRE_Clipped,GLOBAL,PWRCCSINDWE,,CO2IND,2,2049,,,,,,0.0273
EmissionActivityRatio,C_Target_VRE_Clipped,GLOBAL,PWRCCSINDWE,,CO2IND,2,2050,,,,,,0.0273
EmissionActivityRatio,C_Target_VRE_Clipped,GLOBAL,PWRCOABGDXX,,CO2BGD,1,2023,,,,,,0.2724
EmissionActivityRatio,C_Target_VRE_Clipped,GLOBAL,PWRCOABGDXX,,CO2BGD,1,2024,,,,,,0.2724
EmissionActivityRatio,C_Target_VRE_Clipped,GLOBAL,PWRCOABGDXX,,CO2BGD,1,2025,,,,,,0.2724
EmissionActivityRatio,C_Target_VRE_Clipped,GLOBAL,PWRCOABGDXX,,CO2BGD,1,2026,,,,,,0.2724
EmissionActivityRatio,C_Target_VRE_Clipped,GLOBAL,PWRCOABGDXX,,CO2BGD,1,2027,,,,,,0.2724
EmissionActivityRatio,C_Target_VRE_Clipped,GLOBAL,PWRCOABGDXX,,CO2BGD,1,2028,,,,,,0.2724
EmissionActivityRatio,C_Target_VRE_Clipped,GLOBAL,PWRCOABGDXX,,CO2BGD,1,2029,,,,,,0.2724
EmissionActivityRatio,C_Target_VRE_Clipped,GLOBAL,PWRCOABGDXX,,CO2BGD,1,2030,,,,,,0.2724
EmissionActivityRatio,C_Target_VRE_Clipped,GLOBAL,PWRCOABGDXX,,CO2BGD,1,2031,,,,,,0.2724
EmissionActivityRatio,C_Target_VRE_Clipped,GLOBAL,PWRCOABGDXX,,CO2BGD,1,2032,,,,,,0.2724
EmissionActivityRatio,C_Target_VRE_Clipped,GLOBAL,PWRCOABGDXX,,CO2BGD,1,2033,,,,,,0.2724
EmissionActivityRatio,C_Target_VRE_Clipped,GLOBAL,PWRCOABGDXX,,CO2BGD,1,2034,,,,,,0.2724
EmissionActivityRatio,C_Target_VRE_Clipped,GLOBAL,PWRCOABGDXX,,CO2BGD,1,2035,,,,,,0.2724
EmissionActivityRatio,C_Target_VRE_Clipped,GLOBAL,PWRCOABGDXX,,CO2BGD,1,2036,,,,,,0.2724
EmissionActivityRatio,C_Target_VRE_Clipped,GLOBAL,PWRCOABGDXX,,CO2BGD,1,2037,,,,,,0.2724
EmissionActivityRatio,C_Target_VRE_Clipped,GLOBAL,PWRCOABGDXX,,CO2BGD,1,2038,,,,,,0.2724
EmissionActivityRatio,C_Target_VRE_Clipped,GLOBAL,PWRCOABGDXX,,CO2BGD,1,2039,,,,,,0.2724
EmissionActivityRatio,C_Target_VRE_Clipped,GLOBAL,PWRCOABGDXX,,CO2BGD,1,2040,,,,,,0.2724
EmissionActivityRatio,C_Target_VRE_Clipped,GLOBAL,PWRCOABGDXX,,CO2BGD,1,2041,,,,,,0.2724
EmissionActivityRatio,C_Target_VRE_Clipped,GLOBAL,PWRCOABGDXX,,CO2BGD,1,2042,,,,,,0.2724
EmissionActivityRatio,C_Target_VRE_Clipped,GLOBAL,PWRCOABGDXX,,CO2BGD,1,2043,,,,,,0.2724
EmissionActivityRatio,C_Target_VRE_Clipped,GLOBAL,PWRCOABGDXX,,CO2BGD,1,2044,,,,,,0.2724
EmissionActivityRatio,C_Target_VRE_Clipped,GLOBAL,PWRCOABGDXX,,CO2BGD,1,2045,,,,,,0.2724
EmissionActivityRatio,C_Target_VRE_Clipped,GLOBAL,PWRCOABGDXX,,CO2BGD,1,2046,,,,,,0.2724
EmissionActivityRatio,C_Target_VRE_Clipped,GLOBAL,PWRCOABGDXX,,CO2BGD,1,2047,,,,,,0.2724
EmissionActivityRatio,C_Target_VRE_Clipped,GLOBAL,PWRCOABGDXX,,CO2BGD,1,2048,,,,,,0.2724
EmissionActivityRatio,C_Target_VRE_Clipped,GLOBAL,PWRCOABGDXX,,CO2BGD,1,2049,,,,,,0.2724
EmissionActivityRatio,C_Target_VRE_Clipped,GLOBAL,PWRCOABGDXX,,CO2BGD,1,2050,,,,,,0.2724
EmissionActivityRatio,C_Target_VRE_Clipped,GLOBAL,PWRCOABGDXX,,CO2BGD,2,2023,,,,,,0.2724
EmissionActivityRatio,C_Target_VRE_Clipped,GLOBAL,PWRCOABGDXX,,CO2BGD,2,2024,,,,,,0.2724
EmissionActivityRatio,C_Target_VRE_Clipped,GLOBAL,PWRCOABGDXX,,CO2BGD,2,2025,,,,,,0.2724
EmissionActivityRatio,C_Target_VRE_Clipped,GLOBAL,PWRCOABGDXX,,CO2BGD,2,2026,,,,,,0.2724
EmissionActivityRatio,C_Target_VRE_Clipped,GLOBAL,PWRCOABGDXX,,CO2BGD,2,2027,,,,,,0.2724
EmissionActivityRatio,C_Target_VRE_Clipped,GLOBAL,PWRCOABGDXX,,CO2BGD,2,2028,,,,,,0.2724
EmissionActivityRatio,C_Target_VRE_Clipped,GLOBAL,PWRCOABGDXX,,CO2BGD,2,2029,,,,,,0.2724
EmissionActivityRatio,C_Target_VRE_Clipped,GLOBAL,PWRCOABGDXX,,CO2BGD,2,2030,,,,,,0.2724
EmissionActivityRatio,C_Target_VRE_Clipped,GLOBAL,PWRCOABGDXX,,CO2BGD,2,2031,,,,,,0.2724
EmissionActivityRatio,C_Target_VRE_Clipped,GLOBAL,PWRCOABGDXX,,CO2BGD,2,2032,,,,,,0.2724
EmissionActivityRatio,C_Target_VRE_Clipped,GLOBAL,PWRCOABGDXX,,CO2BGD,2,2033,,,,,,0.2724
EmissionActivityRatio,C_Target_VRE_Clipped,GLOBAL,PWRCOABGDXX,,CO2BGD,2,2034,,,,,,0.2724
EmissionActivityRatio,C_Target_VRE_Clipped,GLOBAL,PWRCOABGDXX,,CO2BGD,2,2035,,,,,,0.2724
EmissionActivityRatio,C_Target_VRE_Clipped,GLOBAL,PWRCOABGDXX,,CO2BGD,2,2036,,,,,,0.2724
EmissionActivityRatio,C_Target_VRE_Clipped,GLOBAL,PWRCOABGDXX,,CO2BGD,2,2037,,,,,,0.2724
EmissionActivityRatio,C_Target_VRE_Clipped,GLOBAL,PWRCOABGDXX,,CO2BGD,2,2038,,,,,,0.2724
EmissionActivityRatio,C_Target_VRE_Clipped,GLOBAL,PWRCOABGDXX,,CO2BGD,2,2039,,,,,,0.2724
EmissionActivityRatio,C_Target_VRE_Clipped,GLOBAL,PWRCOABGDXX,,CO2BGD,2,2040,,,,,,0.2724
EmissionActivityRatio,C_Target_VRE_Clipped,GLOBAL,PWRCOABGDXX,,CO2BGD,2,2041,,,,,,0.2724
EmissionActivityRatio,C_Target_VRE_Clipped,GLOBAL,PWRCOABGDXX,,CO2BGD,2,2042,,,,,,0.2724
EmissionActivityRatio,C_Target_VRE_Clipped,GLOBAL,PWRCOABGDXX,,CO2BGD,2,2043,,,,,,0.2724
EmissionActivityRatio,C_Target_VRE_Clipped,GLOBAL,PWRCOABGDXX,,CO2BGD,2,2044,,,,,,0.2724
EmissionActivityRatio,C_Target_VRE_Clipped,GLOBAL,PWRCOABGDXX,,CO2BGD,2,2045,,,,,,0.2724
EmissionActivityRatio,C_Target_VRE_Clipped,GLOBAL,PWRCOABGDXX,,CO2BGD,2,2046,,,,,,0.2724
EmissionActivityRatio,C_Target_VRE_Clipped,GLOBAL,PWRCOABGDXX,,CO2BGD,2,2047,,,,,,0.2724
EmissionActivityRatio,C_Target_VRE_Clipped,GLOBAL,PWRCOABGDXX,,CO2BGD,2,2048,,,,,,0.2724
EmissionActivityRatio,C_Target_VRE_Clipped,GLOBAL,PWRCOABGDXX,,CO2BGD,2,2049,,,,,,0.2724
EmissionActivityRatio,C_Target_VRE_Clipped,GLOBAL,PWRCOABGDXX,,CO2BGD,2,2050,,,,,,0.2724
EmissionActivityRatio,C_Target_VRE_Clipped,GLOBAL,PWRCOAINDEA,,CO2IND,1,2023,,,,,,0.2715
EmissionActivityRatio,C_Target_VRE_Clipped,GLOBAL,PWRCOAINDEA,,CO2IND,1,2024,,,,,,0.2715
EmissionActivityRatio,C_Target_VRE_Clipped,GLOBAL,PWRCOAINDEA,,CO2IND,1,2025,,,,,,0.2715
EmissionActivityRatio,C_Target_VRE_Clipped,GLOBAL,PWRCOAINDEA,,CO2IND,1,2026,,,,,,0.2715
EmissionActivityRatio,C_Target_VRE_Clipped,GLOBAL,PWRCOAINDEA,,CO2IND,1,2027,,,,,,0.2715
EmissionActivityRatio,C_Target_VRE_Clipped,GLOBAL,PWRCOAINDEA,,CO2IND,1,2028,,,,,,0.2715
EmissionActivityRatio,C_Target_VRE_Clipped,GLOBAL,PWRCOAINDEA,,CO2IND,1,2029,,,,,,0.2715
EmissionActivityRatio,C_Target_VRE_Clipped,GLOBAL,PWRCOAINDEA,,CO2IND,1,2030,,,,,,0.2715
EmissionActivityRatio,C_Target_VRE_Clipped,GLOBAL,PWRCOAINDEA,,CO2IND,1,2031,,,,,,0.2715
EmissionActivityRatio,C_Target_VRE_Clipped,GLOBAL,PWRCOAINDEA,,CO2IND,1,2032,,,,,,0.2715
EmissionActivityRatio,C_Target_VRE_Clipped,GLOBAL,PWRCOAINDEA,,CO2IND,1,2033,,,,,,0.2715
EmissionActivityRatio,C_Target_VRE_Clipped,GLOBAL,PWRCOAINDEA,,CO2IND,1,2034,,,,,,0.2715
EmissionActivityRatio,C_Target_VRE_Clipped,GLOBAL,PWRCOAINDEA,,CO2IND,1,2035,,,,,,0.2715
EmissionActivityRatio,C_Target_VRE_Clipped,GLOBAL,PWRCOAINDEA,,CO2IND,1,2036,,,,,,0.2715
EmissionActivityRatio,C_Target_VRE_Clipped,GLOBAL,PWRCOAINDEA,,CO2IND,1,2037,,,,,,0.2715
EmissionActivityRatio,C_Target_VRE_Clipped,GLOBAL,PWRCOAINDEA,,CO2IND,1,2038,,,,,,0.2715
EmissionActivityRatio,C_Target_VRE_Clipped,GLOBAL,PWRCOAINDEA,,CO2IND,1,2039,,,,,,0.2715
EmissionActivityRatio,C_Target_VRE_Clipped,GLOBAL,PWRCOAINDEA,,CO2IND,1,2040,,,,,,0.2715
EmissionActivityRatio,C_Target_VRE_Clipped,GLOBAL,PWRCOAINDEA,,CO2IND,1,2041,,,,,,0.2715
EmissionActivityRatio,C_Target_VRE_Clipped,GLOBAL,PWRCOAINDEA,,CO2IND,1,2042,,,,,,0.2715
EmissionActivityRatio,C_Target_VRE_Clipped,GLOBAL,PWRCOAINDEA,,CO2IND,1,2043,,,,,,0.2715
EmissionActivityRatio,C_Target_VRE_Clipped,GLOBAL,PWRCOAINDEA,,CO2IND,1,2044,,,,,,0.2715
EmissionActivityRatio,C_Target_VRE_Clipped,GLOBAL,PWRCOAINDEA,,CO2IND,1,2045,,,,,,0.2715
EmissionActivityRatio,C_Target_VRE_Clipped,GLOBAL,PWRCOAINDEA,,CO2IND,1,2046,,,,,,0.2715
EmissionActivityRatio,C_Target_VRE_Clipped,GLOBAL,PWRCOAINDEA,,CO2IND,1,2047,,,,,,0.2715
EmissionActivityRatio,C_Target_VRE_Clipped,GLOBAL,PWRCOAINDEA,,CO2IND,1,2048,,,,,,0.2715
EmissionActivityRatio,C_Target_VRE_Clipped,GLOBAL,PWRCOAINDEA,,CO2IND,1,2049,,,,,,0.2715
EmissionActivityRatio,C_Target_VRE_Clipped,GLOBAL,PWRCOAINDEA,,CO2IND,1,2050,,,,,,0.2715
EmissionActivityRatio,C_Target_VRE_Clipped,GLOBAL,PWRCOAINDEA,,CO2IND,2,2023,,,,,,0.2715
EmissionActivityRatio,C_Target_VRE_Clipped,GLOBAL,PWRCOAINDEA,,CO2IND,2,2024,,,,,,0.2715
EmissionActivityRatio,C_Target_VRE_Clipped,GLOBAL,PWRCOAINDEA,,CO2IND,2,2025,,,,,,0.2715
EmissionActivityRatio,C_Target_VRE_Clipped,GLOBAL,PWRCOAINDEA,,CO2IND,2,2026,,,,,,0.2715
EmissionActivityRatio,C_Target_VRE_Clipped,GLOBAL,PWRCOAINDEA,,CO2IND,2,2027,,,,,,0.2715
EmissionActivityRatio,C_Target_VRE_Clipped,GLOBAL,PWRCOAINDEA,,CO2IND,2,2028,,,,,,0.2715
EmissionActivityRatio,C_Target_VRE_Clipped,GLOBAL,PWRCOAINDEA,,CO2IND,2,2029,,,,,,0.2715
EmissionActivityRatio,C_Target_VRE_Clipped,GLOBAL,PWRCOAINDEA,,CO2IND,2,2030,,,,,,0.2715
EmissionActivityRatio,C_Target_VRE_Clipped,GLOBAL,PWRCOAINDEA,,CO2IND,2,2031,,,,,,0.2715
EmissionActivityRatio,C_Target_VRE_Clipped,GLOBAL,PWRCOAINDEA,,CO2IND,2,2032,,,,,,0.2715
EmissionActivityRatio,C_Target_VRE_Clipped,GLOBAL,PWRCOAINDEA,,CO2IND,2,2033,,,,,,0.2715
EmissionActivityRatio,C_Target_VRE_Clipped,GLOBAL,PWRCOAINDEA,,CO2IND,2,2034,,,,,,0.2715
EmissionActivityRatio,C_Target_VRE_Clipped,GLOBAL,PWRCOAINDEA,,CO2IND,2,2035,,,,,,0.2715
EmissionActivityRatio,C_Target_VRE_Clipped,GLOBAL,PWRCOAINDEA,,CO2IND,2,2036,,,,,,0.2715
EmissionActivityRatio,C_Target_VRE_Clipped,GLOBAL,PWRCOAINDEA,,CO2IND,2,2037,,,,,,0.2715
EmissionActivityRatio,C_Target_VRE_Clipped,GLOBAL,PWRCOAINDEA,,CO2IND,2,2038,,,,,,0.2715
EmissionActivityRatio,C_Target_VRE_Clipped,GLOBAL,PWRCOAINDEA,,CO2IND,2,2039,,,,,,0.2715
EmissionActivityRatio,C_Target_VRE_Clipped,GLOBAL,PWRCOAINDEA,,CO2IND,2,2040,,,,,,0.2715
EmissionActivityRatio,C_Target_VRE_Clipped,GLOBAL,PWRCOAINDEA,,CO2IND,2,2041,,,,,,0.2715
EmissionActivityRatio,C_Target_VRE_Clipped,GLOBAL,PWRCOAINDEA,,CO2IND,2,2042,,,,,,0.2715
EmissionActivityRatio,C_Target_VRE_Clipped,GLOBAL,PWRCOAINDEA,,CO2IND,2,2043,,,,,,0.2715
EmissionActivityRatio,C_Target_VRE_Clipped,GLOBAL,PWRCOAINDEA,,CO2IND,2,2044,,,,,,0.2715
EmissionActivityRatio,C_Target_VRE_Clipped,GLOBAL,PWRCOAINDEA,,CO2IND,2,2045,,,,,,0.2715
EmissionActivityRatio,C_Target_VRE_Clipped,GLOBAL,PWRCOAINDEA,,CO2IND,2,2046,,,,,,0.2715
EmissionActivityRatio,C_Target_VRE_Clipped,GLOBAL,PWRCOAINDEA,,CO2IND,2,2047,,,,,,0.2715
EmissionActivityRatio,C_Target_VRE_Clipped,GLOBAL,PWRCOAINDEA,,CO2IND,2,2048,,,,,,0.2715
EmissionActivityRatio,C_Target_VRE_Clipped,GLOBAL,PWRCOAINDEA,,CO2IND,2,2049,,,,,,0.2715
EmissionActivityRatio,C_Target_VRE_Clipped,GLOBAL,PWRCOAINDEA,,CO2IND,2,2050,,,,,,0.2715
EmissionActivityRatio,C_Target_VRE_Clipped,GLOBAL,PWRCOAINDNE,,CO2IND,1,2023,,,,,,0.2724
EmissionActivityRatio,C_Target_VRE_Clipped,GLOBAL,PWRCOAINDNE,,CO2IND,1,2024,,,,,,0.2724
EmissionActivityRatio,C_Target_VRE_Clipped,GLOBAL,PWRCOAINDNE,,CO2IND,1,2025,,,,,,0.2724
EmissionActivityRatio,C_Target_VRE_Clipped,GLOBAL,PWRCOAINDNE,,CO2IND,1,2026,,,,,,0.2724
EmissionActivityRatio,C_Target_VRE_Clipped,GLOBAL,PWRCOAINDNE,,CO2IND,1,2027,,,,,,0.2724
EmissionActivityRatio,C_Target_VRE_Clipped,GLOBAL,PWRCOAINDNE,,CO2IND,1,2028,,,,,,0.2724
EmissionActivityRatio,C_Target_VRE_Clipped,GLOBAL,PWRCOAINDNE,,CO2IND,1,2029,,,,,,0.2724
EmissionActivityRatio,C_Target_VRE_Clipped,GLOBAL,PWRCOAINDNE,,CO2IND,1,2030,,,,,,0.2724
EmissionActivityRatio,C_Target_VRE_Clipped,GLOBAL,PWRCOAINDNE,,CO2IND,1,2031,,,,,,0.2724
EmissionActivityRatio,C_Target_VRE_Clipped,GLOBAL,PWRCOAINDNE,,CO2IND,1,2032,,,,,,0.2724
EmissionActivityRatio,C_Target_VRE_Clipped,GLOBAL,PWRCOAINDNE,,CO2IND,1,2033,,,,,,0.2724
EmissionActivityRatio,C_Target_VRE_Clipped,GLOBAL,PWRCOAINDNE,,CO2IND,1,2034,,,,,,0.2724
EmissionActivityRatio,C_Target_VRE_Clipped,GLOBAL,PWRCOAINDNE,,CO2IND,1,2035,,,,,,0.2724
EmissionActivityRatio,C_Target_VRE_Clipped,GLOBAL,PWRCOAINDNE,,CO2IND,1,2036,,,,,,0.2724
EmissionActivityRatio,C_Target_VRE_Clipped,GLOBAL,PWRCOAINDNE,,CO2IND,1,2037,,,,,,0.2724
EmissionActivityRatio,C_Target_VRE_Clipped,GLOBAL,PWRCOAINDNE,,CO2IND,1,2038,,,,,,0.2724
EmissionActivityRatio,C_Target_VRE_Clipped,GLOBAL,PWRCOAINDNE,,CO2IND,1,2039,,,,,,0.2724
EmissionActivityRatio,C_Target_VRE_Clipped,GLOBAL,PWRCOAINDNE,,CO2IND,1,2040,,,,,,0.2724
EmissionActivityRatio,C_Target_VRE_Clipped,GLOBAL,PWRCOAINDNE,,CO2IND,1,2041,,,,,,0.2724
EmissionActivityRatio,C_Target_VRE_Clipped,GLOBAL,PWRCOAINDNE,,CO2IND,1,2042,,,,,,0.2724
EmissionActivityRatio,C_Target_VRE_Clipped,GLOBAL,PWRCOAINDNE,,CO2IND,1,2043,,,,,,0.2724
EmissionActivityRatio,C_Target_VRE_Clipped,GLOBAL,PWRCOAINDNE,,CO2IND,1,2044,,,,,,0.2724
EmissionActivityRatio,C_Target_VRE_Clipped,GLOBAL,PWRCOAINDNE,,CO2IND,1,2045,,,,,,0.2724
EmissionActivityRatio,C_Target_VRE_Clipped,GLOBAL,PWRCOAINDNE,,CO2IND,1,2046,,,,,,0.2724
EmissionActivityRatio,C_Target_VRE_Clipped,GLOBAL,PWRCOAINDNE,,CO2IND,1,2047,,,,,,0.2724
EmissionActivityRatio,C_Target_VRE_Clipped,GLOBAL,PWRCOAINDNE,,CO2IND,1,2048,,,,,,0.2724
EmissionActivityRatio,C_Target_VRE_Clipped,GLOBAL,PWRCOAINDNE,,CO2IND,1,2049,,,,,,0.2724
EmissionActivityRatio,C_Target_VRE_Clipped,GLOBAL,PWRCOAINDNE,,CO2IND,1,2050,,,,,,0.2724
EmissionActivityRatio,C_Target_VRE_Clipped,GLOBAL,PWRCOAINDNE,,CO2IND,2,2023,,,,,,0.2724
EmissionActivityRatio,C_Target_VRE_Clipped,GLOBAL,PWRCOAINDNE,,CO2IND,2,2024,,,,,,0.2724
EmissionActivityRatio,C_Target_VRE_Clipped,GLOBAL,PWRCOAINDNE,,CO2IND,2,2025,,,,,,0.2724
EmissionActivityRatio,C_Target_VRE_Clipped,GLOBAL,PWRCOAINDNE,,CO2IND,2,2026,,,,,,0.2724
EmissionActivityRatio,C_Target_VRE_Clipped,GLOBAL,PWRCOAINDNE,,CO2IND,2,2027,,,,,,0.2724
EmissionActivityRatio,C_Target_VRE_Clipped,GLOBAL,PWRCOAINDNE,,CO2IND,2,2028,,,,,,0.2724
EmissionActivityRatio,C_Target_VRE_Clipped,GLOBAL,PWRCOAINDNE,,CO2IND,2,2029,,,,,,0.2724
EmissionActivityRatio,C_Target_VRE_Clipped,GLOBAL,PWRCOAINDNE,,CO2IND,2,2030,,,,,,0.2724
EmissionActivityRatio,C_Target_VRE_Clipped,GLOBAL,PWRCOAINDNE,,CO2IND,2,2031,,,,,,0.2724
EmissionActivityRatio,C_Target_VRE_Clipped,GLOBAL,PWRCOAINDNE,,CO2IND,2,2032,,,,,,0.2724
EmissionActivityRatio,C_Target_VRE_Clipped,GLOBAL,PWRCOAINDNE,,CO2IND,2,2033,,,,,,0.2724
EmissionActivityRatio,C_Target_VRE_Clipped,GLOBAL,PWRCOAINDNE,,CO2IND,2,2034,,,,,,0.2724
EmissionActivityRatio,C_Target_VRE_Clipped,GLOBAL,PWRCOAINDNE,,CO2IND,2,2035,,,,,,0.2724
EmissionActivityRatio,C_Target_VRE_Clipped,GLOBAL,PWRCOAINDNE,,CO2IND,2,2036,,,,,,0.2724
EmissionActivityRatio,C_Target_VRE_Clipped,GLOBAL,PWRCOAINDNE,,CO2IND,2,2037,,,,,,0.2724
EmissionActivityRatio,C_Target_VRE_Clipped,GLOBAL,PWRCOAINDNE,,CO2IND,2,2038,,,,,,0.2724
EmissionActivityRatio,C_Target_VRE_Clipped,GLOBAL,PWRCOAINDNE,,CO2IND,2,2039,,,,,,0.2724
EmissionActivityRatio,C_Target_VRE_Clipped,GLOBAL,PWRCOAINDNE,,CO2IND,2,2040,,,,,,0.2724
EmissionActivityRatio,C_Target_VRE_Clipped,GLOBAL,PWRCOAINDNE,,CO2IND,2,2041,,,,,,0.2724
EmissionActivityRatio,C_Target_VRE_Clipped,GLOBAL,PWRCOAINDNE,,CO2IND,2,2042,,,,,,0.2724
EmissionActivityRatio,C_Target_VRE_Clipped,GLOBAL,PWRCOAINDNE,,CO2IND,2,2043,,,,,,0.2724
EmissionActivityRatio,C_Target_VRE_Clipped,GLOBAL,PWRCOAINDNE,,CO2IND,2,2044,,,,,,0.2724
EmissionActivityRatio,C_Target_VRE_Clipped,GLOBAL,PWRCOAINDNE,,CO2IND,2,2045,,,,,,0.2724
EmissionActivityRatio,C_Target_VRE_Clipped,GLOBAL,PWRCOAINDNE,,CO2IND,2,2046,,,,,,0.2724
EmissionActivityRatio,C_Target_VRE_Clipped,GLOBAL,PWRCOAINDNE,,CO2IND,2,2047,,,,,,0.2724
EmissionActivityRatio,C_Target_VRE_Clipped,GLOBAL,PWRCOAINDNE,,CO2IND,2,2048,,,,,,0.2724
EmissionActivityRatio,C_Target_VRE_Clipped,GLOBAL,PWRCOAINDNE,,CO2IND,2,2049,,,,,,0.2724
EmissionActivityRatio,C_Target_VRE_Clipped,GLOBAL,PWRCOAINDNE,,CO2IND,2,2050,,,,,,0.2724
EmissionActivityRatio,C_Target_VRE_Clipped,GLOBAL,PWRCOAINDNO,,CO2IND,1,2023,,,,,,0.2743
EmissionActivityRatio,C_Target_VRE_Clipped,GLOBAL,PWRCOAINDNO,,CO2IND,1,2024,,,,,,0.2743
EmissionActivityRatio,C_Target_VRE_Clipped,GLOBAL,PWRCOAINDNO,,CO2IND,1,2025,,,,,,0.2743
EmissionActivityRatio,C_Target_VRE_Clipped,GLOBAL,PWRCOAINDNO,,CO2IND,1,2026,,,,,,0.2743
EmissionActivityRatio,C_Target_VRE_Clipped,GLOBAL,PWRCOAINDNO,,CO2IND,1,2027,,,,,,0.2743
EmissionActivityRatio,C_Target_VRE_Clipped,GLOBAL,PWRCOAINDNO,,CO2IND,1,2028,,,,,,0.2743
EmissionActivityRatio,C_Target_VRE_Clipped,GLOBAL,PWRCOAINDNO,,CO2IND,1,2029,,,,,,0.2743
EmissionActivityRatio,C_Target_VRE_Clipped,GLOBAL,PWRCOAINDNO,,CO2IND,1,2030,,,,,,0.2743
EmissionActivityRatio,C_Target_VRE_Clipped,GLOBAL,PWRCOAINDNO,,CO2IND,1,2031,,,,,,0.2743
EmissionActivityRatio,C_Target_VRE_Clipped,GLOBAL,PWRCOAINDNO,,CO2IND,1,2032,,,,,,0.2743
EmissionActivityRatio,C_Target_VRE_Clipped,GLOBAL,PWRCOAINDNO,,CO2IND,1,2033,,,,,,0.2743
EmissionActivityRatio,C_Target_VRE_Clipped,GLOBAL,PWRCOAINDNO,,CO2IND,1,2034,,,,,,0.2743
EmissionActivityRatio,C_Target_VRE_Clipped,GLOBAL,PWRCOAINDNO,,CO2IND,1,2035,,,,,,0.2743
EmissionActivityRatio,C_Target_VRE_Clipped,GLOBAL,PWRCOAINDNO,,CO2IND,1,2036,,,,,,0.2743
EmissionActivityRatio,C_Target_VRE_Clipped,GLOBAL,PWRCOAINDNO,,CO2IND,1,2037,,,,,,0.2743
EmissionActivityRatio,C_Target_VRE_Clipped,GLOBAL,PWRCOAINDNO,,CO2IND,1,2038,,,,,,0.2743
EmissionActivityRatio,C_Target_VRE_Clipped,GLOBAL,PWRCOAINDNO,,CO2IND,1,2039,,,,,,0.2743
EmissionActivityRatio,C_Target_VRE_Clipped,GLOBAL,PWRCOAINDNO,,CO2IND,1,2040,,,,,,0.2743
EmissionActivityRatio,C_Target_VRE_Clipped,GLOBAL,PWRCOAINDNO,,CO2IND,1,2041,,,,,,0.2743
EmissionActivityRatio,C_Target_VRE_Clipped,GLOBAL,PWRCOAINDNO,,CO2IND,1,2042,,,,,,0.2743
EmissionActivityRatio,C_Target_VRE_Clipped,GLOBAL,PWRCOAINDNO,,CO2IND,1,2043,,,,,,0.2743
EmissionActivityRatio,C_Target_VRE_Clipped,GLOBAL,PWRCOAINDNO,,CO2IND,1,2044,,,,,,0.2743
EmissionActivityRatio,C_Target_VRE_Clipped,GLOBAL,PWRCOAINDNO,,CO2IND,1,2045,,,,,,0.2743
EmissionActivityRatio,C_Target_VRE_Clipped,GLOBAL,PWRCOAINDNO,,CO2IND,1,2046,,,,,,0.2743
EmissionActivityRatio,C_Target_VRE_Clipped,GLOBAL,PWRCOAINDNO,,CO2IND,1,2047,,,,,,0.2743
EmissionActivityRatio,C_Target_VRE_Clipped,GLOBAL,PWRCOAINDNO,,CO2IND,1,2048,,,,,,0.2743
EmissionActivityRatio,C_Target_VRE_Clipped,GLOBAL,PWRCOAINDNO,,CO2IND,1,2049,,,,,,0.2743
EmissionActivityRatio,C_Target_VRE_Clipped,GLOBAL,PWRCOAINDNO,,CO2IND,1,2050,,,,,,0.2743
EmissionActivityRatio,C_Target_VRE_Clipped,GLOBAL,PWRCOAINDNO,,CO2IND,2,2023,,,,,,0.2743
EmissionActivityRatio,C_Target_VRE_Clipped,GLOBAL,PWRCOAINDNO,,CO2IND,2,2024,,,,,,0.2743
EmissionActivityRatio,C_Target_VRE_Clipped,GLOBAL,PWRCOAINDNO,,CO2IND,2,2025,,,,,,0.2743
EmissionActivityRatio,C_Target_VRE_Clipped,GLOBAL,PWRCOAINDNO,,CO2IND,2,2026,,,,,,0.2743
EmissionActivityRatio,C_Target_VRE_Clipped,GLOBAL,PWRCOAINDNO,,CO2IND,2,2027,,,,,,0.2743
EmissionActivityRatio,C_Target_VRE_Clipped,GLOBAL,PWRCOAINDNO,,CO2IND,2,2028,,,,,,0.2743
EmissionActivityRatio,C_Target_VRE_Clipped,GLOBAL,PWRCOAINDNO,,CO2IND,2,2029,,,,,,0.2743
EmissionActivityRatio,C_Target_VRE_Clipped,GLOBAL,PWRCOAINDNO,,CO2IND,2,2030,,,,,,0.2743
EmissionActivityRatio,C_Target_VRE_Clipped,GLOBAL,PWRCOAINDNO,,CO2IND,2,2031,,,,,,0.2743
EmissionActivityRatio,C_Target_VRE_Clipped,GLOBAL,PWRCOAINDNO,,CO2IND,2,2032,,,,,,0.2743
EmissionActivityRatio,C_Target_VRE_Clipped,GLOBAL,PWRCOAINDNO,,CO2IND,2,2033,,,,,,0.2743
EmissionActivityRatio,C_Target_VRE_Clipped,GLOBAL,PWRCOAINDNO,,CO2IND,2,2034,,,,,,0.2743
EmissionActivityRatio,C_Target_VRE_Clipped,GLOBAL,PWRCOAINDNO,,CO2IND,2,2035,,,,,,0.2743
EmissionActivityRatio,C_Target_VRE_Clipped,GLOBAL,PWRCOAINDNO,,CO2IND,2,2036,,,,,,0.2743
EmissionActivityRatio,C_Target_VRE_Clipped,GLOBAL,PWRCOAINDNO,,CO2IND,2,2037,,,,,,0.2743
EmissionActivityRatio,C_Target_VRE_Clipped,GLOBAL,PWRCOAINDNO,,CO2IND,2,2038,,,,,,0.2743
EmissionActivityRatio,C_Target_VRE_Clipped,GLOBAL,PWRCOAINDNO,,CO2IND,2,2039,,,,,,0.2743
EmissionActivityRatio,C_Target_VRE_Clipped,GLOBAL,PWRCOAINDNO,,CO2IND,2,2040,,,,,,0.2743
EmissionActivityRatio,C_Target_VRE_Clipped,GLOBAL,PWRCOAINDNO,,CO2IND,2,2041,,,,,,0.2743
EmissionActivityRatio,C_Target_VRE_Clipped,GLOBAL,PWRCOAINDNO,,CO2IND,2,2042,,,,,,0.2743
EmissionActivityRatio,C_Target_VRE_Clipped,GLOBAL,PWRCOAINDNO,,CO2IND,2,2043,,,,,,0.2743
EmissionActivityRatio,C_Target_VRE_Clipped,GLOBAL,PWRCOAINDNO,,CO2IND,2,2044,,,,,,0.2743
EmissionActivityRatio,C_Target_VRE_Clipped,GLOBAL,PWRCOAINDNO,,CO2IND,2,2045,,,,,,0.2743
EmissionActivityRatio,C_Target_VRE_Clipped,GLOBAL,PWRCOAINDNO,,CO2IND,2,2046,,,,,,0.2743
EmissionActivityRatio,C_Target_VRE_Clipped,GLOBAL,PWRCOAINDNO,,CO2IND,2,2047,,,,,,0.2743
EmissionActivityRatio,C_Target_VRE_Clipped,GLOBAL,PWRCOAINDNO,,CO2IND,2,2048,,,,,,0.2743
EmissionActivityRatio,C_Target_VRE_Clipped,GLOBAL,PWRCOAINDNO,,CO2IND,2,2049,,,,,,0.2743
EmissionActivityRatio,C_Target_VRE_Clipped,GLOBAL,PWRCOAINDNO,,CO2IND,2,2050,,,,,,0.2743
EmissionActivityRatio,C_Target_VRE_Clipped,GLOBAL,PWRCOAINDSO,,CO2IND,1,2023,,,,,,0.2734
EmissionActivityRatio,C_Target_VRE_Clipped,GLOBAL,PWRCOAINDSO,,CO2IND,1,2024,,,,,,0.2734
EmissionActivityRatio,C_Target_VRE_Clipped,GLOBAL,PWRCOAINDSO,,CO2IND,1,2025,,,,,,0.2734
EmissionActivityRatio,C_Target_VRE_Clipped,GLOBAL,PWRCOAINDSO,,CO2IND,1,2026,,,,,,0.2734
EmissionActivityRatio,C_Target_VRE_Clipped,GLOBAL,PWRCOAINDSO,,CO2IND,1,2027,,,,,,0.2734
EmissionActivityRatio,C_Target_VRE_Clipped,GLOBAL,PWRCOAINDSO,,CO2IND,1,2028,,,,,,0.2734
EmissionActivityRatio,C_Target_VRE_Clipped,GLOBAL,PWRCOAINDSO,,CO2IND,1,2029,,,,,,0.2734
EmissionActivityRatio,C_Target_VRE_Clipped,GLOBAL,PWRCOAINDSO,,CO2IND,1,2030,,,,,,0.2734
EmissionActivityRatio,C_Target_VRE_Clipped,GLOBAL,PWRCOAINDSO,,CO2IND,1,2031,,,,,,0.2734
EmissionActivityRatio,C_Target_VRE_Clipped,GLOBAL,PWRCOAINDSO,,CO2IND,1,2032,,,,,,0.2734
EmissionActivityRatio,C_Target_VRE_Clipped,GLOBAL,PWRCOAINDSO,,CO2IND,1,2033,,,,,,0.2734
EmissionActivityRatio,C_Target_VRE_Clipped,GLOBAL,PWRCOAINDSO,,CO2IND,1,2034,,,,,,0.2734
EmissionActivityRatio,C_Target_VRE_Clipped,GLOBAL,PWRCOAINDSO,,CO2IND,1,2035,,,,,,0.2734
EmissionActivityRatio,C_Target_VRE_Clipped,GLOBAL,PWRCOAINDSO,,CO2IND,1,2036,,,,,,0.2734
EmissionActivityRatio,C_Target_VRE_Clipped,GLOBAL,PWRCOAINDSO,,CO2IND,1,2037,,,,,,0.2734
EmissionActivityRatio,C_Target_VRE_Clipped,GLOBAL,PWRCOAINDSO,,CO2IND,1,2038,,,,,,0.2734
EmissionActivityRatio,C_Target_VRE_Clipped,GLOBAL,PWRCOAINDSO,,CO2IND,1,2039,,,,,,0.2734
EmissionActivityRatio,C_Target_VRE_Clipped,GLOBAL,PWRCOAINDSO,,CO2IND,1,2040,,,,,,0.2734
EmissionActivityRatio,C_Target_VRE_Clipped,GLOBAL,PWRCOAINDSO,,CO2IND,1,2041,,,,,,0.2734
EmissionActivityRatio,C_Target_VRE_Clipped,GLOBAL,PWRCOAINDSO,,CO2IND,1,2042,,,,,,0.2734
EmissionActivityRatio,C_Target_VRE_Clipped,GLOBAL,PWRCOAINDSO,,CO2IND,1,2043,,,,,,0.2734
EmissionActivityRatio,C_Target_VRE_Clipped,GLOBAL,PWRCOAINDSO,,CO2IND,1,2044,,,,,,0.2734
EmissionActivityRatio,C_Target_VRE_Clipped,GLOBAL,PWRCOAINDSO,,CO2IND,1,2045,,,,,,0.2734
EmissionActivityRatio,C_Target_VRE_Clipped,GLOBAL,PWRCOAINDSO,,CO2IND,1,2046,,,,,,0.2734
EmissionActivityRatio,C_Target_VRE_Clipped,GLOBAL,PWRCOAINDSO,,CO2IND,1,2047,,,,,,0.2734
EmissionActivityRatio,C_Target_VRE_Clipped,GLOBAL,PWRCOAINDSO,,CO2IND,1,2048,,,,,,0.2734
EmissionActivityRatio,C_Target_VRE_Clipped,GLOBAL,PWRCOAINDSO,,CO2IND,1,2049,,,,,,0.2734
EmissionActivityRatio,C_Target_VRE_Clipped,GLOBAL,PWRCOAINDSO,,CO2IND,1,2050,,,,,,0.2734
EmissionActivityRatio,C_Target_VRE_Clipped,GLOBAL,PWRCOAINDSO,,CO2IND,2,2023,,,,,,0.2734
EmissionActivityRatio,C_Target_VRE_Clipped,GLOBAL,PWRCOAINDSO,,CO2IND,2,2024,,,,,,0.2734
EmissionActivityRatio,C_Target_VRE_Clipped,GLOBAL,PWRCOAINDSO,,CO2IND,2,2025,,,,,,0.2734
EmissionActivityRatio,C_Target_VRE_Clipped,GLOBAL,PWRCOAINDSO,,CO2IND,2,2026,,,,,,0.2734
EmissionActivityRatio,C_Target_VRE_Clipped,GLOBAL,PWRCOAINDSO,,CO2IND,2,2027,,,,,,0.2734
EmissionActivityRatio,C_Target_VRE_Clipped,GLOBAL,PWRCOAINDSO,,CO2IND,2,2028,,,,,,0.2734
EmissionActivityRatio,C_Target_VRE_Clipped,GLOBAL,PWRCOAINDSO,,CO2IND,2,2029,,,,,,0.2734
EmissionActivityRatio,C_Target_VRE_Clipped,GLOBAL,PWRCOAINDSO,,CO2IND,2,2030,,,,,,0.2734
EmissionActivityRatio,C_Target_VRE_Clipped,GLOBAL,PWRCOAINDSO,,CO2IND,2,2031,,,,,,0.2734
EmissionActivityRatio,C_Target_VRE_Clipped,GLOBAL,PWRCOAINDSO,,CO2IND,2,2032,,,,,,0.2734
EmissionActivityRatio,C_Target_VRE_Clipped,GLOBAL,PWRCOAINDSO,,CO2IND,2,2033,,,,,,0.2734
EmissionActivityRatio,C_Target_VRE_Clipped,GLOBAL,PWRCOAINDSO,,CO2IND,2,2034,,,,,,0.2734
EmissionActivityRatio,C_Target_VRE_Clipped,GLOBAL,PWRCOAINDSO,,CO2IND,2,2035,,,,,,0.2734
EmissionActivityRatio,C_Target_VRE_Clipped,GLOBAL,PWRCOAINDSO,,CO2IND,2,2036,,,,,,0.2734
EmissionActivityRatio,C_Target_VRE_Clipped,GLOBAL,PWRCOAINDSO,,CO2IND,2,2037,,,,,,0.2734
EmissionActivityRatio,C_Target_VRE_Clipped,GLOBAL,PWRCOAINDSO,,CO2IND,2,2038,,,,,,0.2734
EmissionActivityRatio,C_Target_VRE_Clipped,GLOBAL,PWRCOAINDSO,,CO2IND,2,2039,,,,,,0.2734
EmissionActivityRatio,C_Target_VRE_Clipped,GLOBAL,PWRCOAINDSO,,CO2IND,2,2040,,,,,,0.2734
EmissionActivityRatio,C_Target_VRE_Clipped,GLOBAL,PWRCOAINDSO,,CO2IND,2,2041,,,,,,0.2734
EmissionActivityRatio,C_Target_VRE_Clipped,GLOBAL,PWRCOAINDSO,,CO2IND,2,2042,,,,,,0.2734
EmissionActivityRatio,C_Target_VRE_Clipped,GLOBAL,PWRCOAINDSO,,CO2IND,2,2043,,,,,,0.2734
EmissionActivityRatio,C_Target_VRE_Clipped,GLOBAL,PWRCOAINDSO,,CO2IND,2,2044,,,,,,0.2734
EmissionActivityRatio,C_Target_VRE_Clipped,GLOBAL,PWRCOAINDSO,,CO2IND,2,2045,,,,,,0.2734
EmissionActivityRatio,C_Target_VRE_Clipped,GLOBAL,PWRCOAINDSO,,CO2IND,2,2046,,,,,,0.2734
EmissionActivityRatio,C_Target_VRE_Clipped,GLOBAL,PWRCOAINDSO,,CO2IND,2,2047,,,,,,0.2734
EmissionActivityRatio,C_Target_VRE_Clipped,GLOBAL,PWRCOAINDSO,,CO2IND,2,2048,,,,,,0.2734
EmissionActivityRatio,C_Target_VRE_Clipped,GLOBAL,PWRCOAINDSO,,CO2IND,2,2049,,,,,,0.2734
EmissionActivityRatio,C_Target_VRE_Clipped,GLOBAL,PWRCOAINDSO,,CO2IND,2,2050,,,,,,0.2734
EmissionActivityRatio,C_Target_VRE_Clipped,GLOBAL,PWRCOAINDWE,,CO2IND,1,2023,,,,,,0.2743
EmissionActivityRatio,C_Target_VRE_Clipped,GLOBAL,PWRCOAINDWE,,CO2IND,1,2024,,,,,,0.2743
EmissionActivityRatio,C_Target_VRE_Clipped,GLOBAL,PWRCOAINDWE,,CO2IND,1,2025,,,,,,0.2743
EmissionActivityRatio,C_Target_VRE_Clipped,GLOBAL,PWRCOAINDWE,,CO2IND,1,2026,,,,,,0.2743
EmissionActivityRatio,C_Target_VRE_Clipped,GLOBAL,PWRCOAINDWE,,CO2IND,1,2027,,,,,,0.2743
EmissionActivityRatio,C_Target_VRE_Clipped,GLOBAL,PWRCOAINDWE,,CO2IND,1,2028,,,,,,0.2743
EmissionActivityRatio,C_Target_VRE_Clipped,GLOBAL,PWRCOAINDWE,,CO2IND,1,2029,,,,,,0.2743
EmissionActivityRatio,C_Target_VRE_Clipped,GLOBAL,PWRCOAINDWE,,CO2IND,1,2030,,,,,,0.2743
EmissionActivityRatio,C_Target_VRE_Clipped,GLOBAL,PWRCOAINDWE,,CO2IND,1,2031,,,,,,0.2743
EmissionActivityRatio,C_Target_VRE_Clipped,GLOBAL,PWRCOAINDWE,,CO2IND,1,2032,,,,,,0.2743
EmissionActivityRatio,C_Target_VRE_Clipped,GLOBAL,PWRCOAINDWE,,CO2IND,1,2033,,,,,,0.2743
EmissionActivityRatio,C_Target_VRE_Clipped,GLOBAL,PWRCOAINDWE,,CO2IND,1,2034,,,,,,0.2743
EmissionActivityRatio,C_Target_VRE_Clipped,GLOBAL,PWRCOAINDWE,,CO2IND,1,2035,,,,,,0.2743
EmissionActivityRatio,C_Target_VRE_Clipped,GLOBAL,PWRCOAINDWE,,CO2IND,1,2036,,,,,,0.2743
EmissionActivityRatio,C_Target_VRE_Clipped,GLOBAL,PWRCOAINDWE,,CO2IND,1,2037,,,,,,0.2743
EmissionActivityRatio,C_Target_VRE_Clipped,GLOBAL,PWRCOAINDWE,,CO2IND,1,2038,,,,,,0.2743
EmissionActivityRatio,C_Target_VRE_Clipped,GLOBAL,PWRCOAINDWE,,CO2IND,1,2039,,,,,,0.2743
EmissionActivityRatio,C_Target_VRE_Clipped,GLOBAL,PWRCOAINDWE,,CO2IND,1,2040,,,,,,0.2743
EmissionActivityRatio,C_Target_VRE_Clipped,GLOBAL,PWRCOAINDWE,,CO2IND,1,2041,,,,,,0.2743
EmissionActivityRatio,C_Target_VRE_Clipped,GLOBAL,PWRCOAINDWE,,CO2IND,1,2042,,,,,,0.2743
EmissionActivityRatio,C_Target_VRE_Clipped,GLOBAL,PWRCOAINDWE,,CO2IND,1,2043,,,,,,0.2743
EmissionActivityRatio,C_Target_VRE_Clipped,GLOBAL,PWRCOAINDWE,,CO2IND,1,2044,,,,,,0.2743
EmissionActivityRatio,C_Target_VRE_Clipped,GLOBAL,PWRCOAINDWE,,CO2IND,1,2045,,,,,,0.2743
EmissionActivityRatio,C_Target_VRE_Clipped,GLOBAL,PWRCOAINDWE,,CO2IND,1,2046,,,,,,0.2743
EmissionActivityRatio,C_Target_VRE_Clipped,GLOBAL,PWRCOAINDWE,,CO2IND,1,2047,,,,,,0.2743
EmissionActivityRatio,C_Target_VRE_Clipped,GLOBAL,PWRCOAINDWE,,CO2IND,1,2048,,,,,,0.2743
EmissionActivityRatio,C_Target_VRE_Clipped,GLOBAL,PWRCOAINDWE,,CO2IND,1,2049,,,,,,0.2743
EmissionActivityRatio,C_Target_VRE_Clipped,GLOBAL,PWRCOAINDWE,,CO2IND,1,2050,,,,,,0.2743
EmissionActivityRatio,C_Target_VRE_Clipped,GLOBAL,PWRCOAINDWE,,CO2IND,2,2023,,,,,,0.2743
EmissionActivityRatio,C_Target_VRE_Clipped,GLOBAL,PWRCOAINDWE,,CO2IND,2,2024,,,,,,0.2743
EmissionActivityRatio,C_Target_VRE_Clipped,GLOBAL,PWRCOAINDWE,,CO2IND,2,2025,,,,,,0.2743
EmissionActivityRatio,C_Target_VRE_Clipped,GLOBAL,PWRCOAINDWE,,CO2IND,2,2026,,,,,,0.2743
EmissionActivityRatio,C_Target_VRE_Clipped,GLOBAL,PWRCOAINDWE,,CO2IND,2,2027,,,,,,0.2743
EmissionActivityRatio,C_Target_VRE_Clipped,GLOBAL,PWRCOAINDWE,,CO2IND,2,2028,,,,,,0.2743
EmissionActivityRatio,C_Target_VRE_Clipped,GLOBAL,PWRCOAINDWE,,CO2IND,2,2029,,,,,,0.2743
EmissionActivityRatio,C_Target_VRE_Clipped,GLOBAL,PWRCOAINDWE,,CO2IND,2,2030,,,,,,0.2743
EmissionActivityRatio,C_Target_VRE_Clipped,GLOBAL,PWRCOAINDWE,,CO2IND,2,2031,,,,,,0.2743
EmissionActivityRatio,C_Target_VRE_Clipped,GLOBAL,PWRCOAINDWE,,CO2IND,2,2032,,,,,,0.2743
EmissionActivityRatio,C_Target_VRE_Clipped,GLOBAL,PWRCOAINDWE,,CO2IND,2,2033,,,,,,0.2743
EmissionActivityRatio,C_Target_VRE_Clipped,GLOBAL,PWRCOAINDWE,,CO2IND,2,2034,,,,,,0.2743
EmissionActivityRatio,C_Target_VRE_Clipped,GLOBAL,PWRCOAINDWE,,CO2IND,2,2035,,,,,,0.2743
EmissionActivityRatio,C_Target_VRE_Clipped,GLOBAL,PWRCOAINDWE,,CO2IND,2,2036,,,,,,0.2743
EmissionActivityRatio,C_Target_VRE_Clipped,GLOBAL,PWRCOAINDWE,,CO2IND,2,2037,,,,,,0.2743
EmissionActivityRatio,C_Target_VRE_Clipped,GLOBAL,PWRCOAINDWE,,CO2IND,2,2038,,,,,,0.2743
EmissionActivityRatio,C_Target_VRE_Clipped,GLOBAL,PWRCOAINDWE,,CO2IND,2,2039,,,,,,0.2743
EmissionActivityRatio,C_Target_VRE_Clipped,GLOBAL,PWRCOAINDWE,,CO2IND,2,2040,,,,,,0.2743
EmissionActivityRatio,C_Target_VRE_Clipped,GLOBAL,PWRCOAINDWE,,CO2IND,2,2041,,,,,,0.2743
EmissionActivityRatio,C_Target_VRE_Clipped,GLOBAL,PWRCOAINDWE,,CO2IND,2,2042,,,,,,0.2743
EmissionActivityRatio,C_Target_VRE_Clipped,GLOBAL,PWRCOAINDWE,,CO2IND,2,2043,,,,,,0.2743
EmissionActivityRatio,C_Target_VRE_Clipped,GLOBAL,PWRCOAINDWE,,CO2IND,2,2044,,,,,,0.2743
EmissionActivityRatio,C_Target_VRE_Clipped,GLOBAL,PWRCOAINDWE,,CO2IND,2,2045,,,,,,0.2743
EmissionActivityRatio,C_Target_VRE_Clipped,GLOBAL,PWRCOAINDWE,,CO2IND,2,2046,,,,,,0.2743
EmissionActivityRatio,C_Target_VRE_Clipped,GLOBAL,PWRCOAINDWE,,CO2IND,2,2047,,,,,,0.2743
EmissionActivityRatio,C_Target_VRE_Clipped,GLOBAL,PWRCOAINDWE,,CO2IND,2,2048,,,,,,0.2743
EmissionActivityRatio,C_Target_VRE_Clipped,GLOBAL,PWRCOAINDWE,,CO2IND,2,2049,,,,,,0.2743
EmissionActivityRatio,C_Target_VRE_Clipped,GLOBAL,PWRCOAINDWE,,CO2IND,2,2050,,,,,,0.2743
EmissionActivityRatio,C_Target_VRE_Clipped,GLOBAL,PWRCOALKAXX,,CO2LKA,1,2023,,,,,,0.2743
EmissionActivityRatio,C_Target_VRE_Clipped,GLOBAL,PWRCOALKAXX,,CO2LKA,1,2024,,,,,,0.2743
EmissionActivityRatio,C_Target_VRE_Clipped,GLOBAL,PWRCOALKAXX,,CO2LKA,1,2025,,,,,,0.2743
EmissionActivityRatio,C_Target_VRE_Clipped,GLOBAL,PWRCOALKAXX,,CO2LKA,1,2026,,,,,,0.2743
EmissionActivityRatio,C_Target_VRE_Clipped,GLOBAL,PWRCOALKAXX,,CO2LKA,1,2027,,,,,,0.2743
EmissionActivityRatio,C_Target_VRE_Clipped,GLOBAL,PWRCOALKAXX,,CO2LKA,1,2028,,,,,,0.2743
EmissionActivityRatio,C_Target_VRE_Clipped,GLOBAL,PWRCOALKAXX,,CO2LKA,1,2029,,,,,,0.2743
EmissionActivityRatio,C_Target_VRE_Clipped,GLOBAL,PWRCOALKAXX,,CO2LKA,1,2030,,,,,,0.2743
EmissionActivityRatio,C_Target_VRE_Clipped,GLOBAL,PWRCOALKAXX,,CO2LKA,1,2031,,,,,,0.2743
EmissionActivityRatio,C_Target_VRE_Clipped,GLOBAL,PWRCOALKAXX,,CO2LKA,1,2032,,,,,,0.2743
EmissionActivityRatio,C_Target_VRE_Clipped,GLOBAL,PWRCOALKAXX,,CO2LKA,1,2033,,,,,,0.2743
EmissionActivityRatio,C_Target_VRE_Clipped,GLOBAL,PWRCOALKAXX,,CO2LKA,1,2034,,,,,,0.2743
EmissionActivityRatio,C_Target_VRE_Clipped,GLOBAL,PWRCOALKAXX,,CO2LKA,1,2035,,,,,,0.2743
EmissionActivityRatio,C_Target_VRE_Clipped,GLOBAL,PWRCOALKAXX,,CO2LKA,1,2036,,,,,,0.2743
EmissionActivityRatio,C_Target_VRE_Clipped,GLOBAL,PWRCOALKAXX,,CO2LKA,1,2037,,,,,,0.2743
EmissionActivityRatio,C_Target_VRE_Clipped,GLOBAL,PWRCOALKAXX,,CO2LKA,1,2038,,,,,,0.2743
EmissionActivityRatio,C_Target_VRE_Clipped,GLOBAL,PWRCOALKAXX,,CO2LKA,1,2039,,,,,,0.2743
EmissionActivityRatio,C_Target_VRE_Clipped,GLOBAL,PWRCOALKAXX,,CO2LKA,1,2040,,,,,,0.2743
EmissionActivityRatio,C_Target_VRE_Clipped,GLOBAL,PWRCOALKAXX,,CO2LKA,1,2041,,,,,,0.2743
EmissionActivityRatio,C_Target_VRE_Clipped,GLOBAL,PWRCOALKAXX,,CO2LKA,1,2042,,,,,,0.2743
EmissionActivityRatio,C_Target_VRE_Clipped,GLOBAL,PWRCOALKAXX,,CO2LKA,1,2043,,,,,,0.2743
EmissionActivityRatio,C_Target_VRE_Clipped,GLOBAL,PWRCOALKAXX,,CO2LKA,1,2044,,,,,,0.2743
EmissionActivityRatio,C_Target_VRE_Clipped,GLOBAL,PWRCOALKAXX,,CO2LKA,1,2045,,,,,,0.2743
EmissionActivityRatio,C_Target_VRE_Clipped,GLOBAL,PWRCOALKAXX,,CO2LKA,1,2046,,,,,,0.2743
EmissionActivityRatio,C_Target_VRE_Clipped,GLOBAL,PWRCOALKAXX,,CO2LKA,1,2047,,,,,,0.2743
EmissionActivityRatio,C_Target_VRE_Clipped,GLOBAL,PWRCOALKAXX,,CO2LKA,1,2048,,,,,,0.2743
EmissionActivityRatio,C_Target_VRE_Clipped,GLOBAL,PWRCOALKAXX,,CO2LKA,1,2049,,,,,,0.2743
EmissionActivityRatio,C_Target_VRE_Clipped,GLOBAL,PWRCOALKAXX,,CO2LKA,1,2050,,,,,,0.2743
EmissionActivityRatio,C_Target_VRE_Clipped,GLOBAL,PWRCOALKAXX,,CO2LKA,2,2023,,,,,,0.2743
EmissionActivityRatio,C_Target_VRE_Clipped,GLOBAL,PWRCOALKAXX,,CO2LKA,2,2024,,,,,,0.2743
EmissionActivityRatio,C_Target_VRE_Clipped,GLOBAL,PWRCOALKAXX,,CO2LKA,2,2025,,,,,,0.2743
EmissionActivityRatio,C_Target_VRE_Clipped,GLOBAL,PWRCOALKAXX,,CO2LKA,2,2026,,,,,,0.2743
EmissionActivityRatio,C_Target_VRE_Clipped,GLOBAL,PWRCOALKAXX,,CO2LKA,2,2027,,,,,,0.2743
EmissionActivityRatio,C_Target_VRE_Clipped,GLOBAL,PWRCOALKAXX,,CO2LKA,2,2028,,,,,,0.2743
EmissionActivityRatio,C_Target_VRE_Clipped,GLOBAL,PWRCOALKAXX,,CO2LKA,2,2029,,,,,,0.2743
EmissionActivityRatio,C_Target_VRE_Clipped,GLOBAL,PWRCOALKAXX,,CO2LKA,2,2030,,,,,,0.2743
EmissionActivityRatio,C_Target_VRE_Clipped,GLOBAL,PWRCOALKAXX,,CO2LKA,2,2031,,,,,,0.2743
EmissionActivityRatio,C_Target_VRE_Clipped,GLOBAL,PWRCOALKAXX,,CO2LKA,2,2032,,,,,,0.2743
EmissionActivityRatio,C_Target_VRE_Clipped,GLOBAL,PWRCOALKAXX,,CO2LKA,2,2033,,,,,,0.2743
EmissionActivityRatio,C_Target_VRE_Clipped,GLOBAL,PWRCOALKAXX,,CO2LKA,2,2034,,,,,,0.2743
EmissionActivityRatio,C_Target_VRE_Clipped,GLOBAL,PWRCOALKAXX,,CO2LKA,2,2035,,,,,,0.2743
EmissionActivityRatio,C_Target_VRE_Clipped,GLOBAL,PWRCOALKAXX,,CO2LKA,2,2036,,,,,,0.2743
EmissionActivityRatio,C_Target_VRE_Clipped,GLOBAL,PWRCOALKAXX,,CO2LKA,2,2037,,,,,,0.2743
EmissionActivityRatio,C_Target_VRE_Clipped,GLOBAL,PWRCOALKAXX,,CO2LKA,2,2038,,,,,,0.2743
EmissionActivityRatio,C_Target_VRE_Clipped,GLOBAL,PWRCOALKAXX,,CO2LKA,2,2039,,,,,,0.2743
EmissionActivityRatio,C_Target_VRE_Clipped,GLOBAL,PWRCOALKAXX,,CO2LKA,2,2040,,,,,,0.2743
EmissionActivityRatio,C_Target_VRE_Clipped,GLOBAL,PWRCOALKAXX,,CO2LKA,2,2041,,,,,,0.2743
EmissionActivityRatio,C_Target_VRE_Clipped,GLOBAL,PWRCOALKAXX,,CO2LKA,2,2042,,,,,,0.2743
EmissionActivityRatio,C_Target_VRE_Clipped,GLOBAL,PWRCOALKAXX,,CO2LKA,2,2043,,,,,,0.2743
EmissionActivityRatio,C_Target_VRE_Clipped,GLOBAL,PWRCOALKAXX,,CO2LKA,2,2044,,,,,,0.2743
EmissionActivityRatio,C_Target_VRE_Clipped,GLOBAL,PWRCOALKAXX,,CO2LKA,2,2045,,,,,,0.2743
EmissionActivityRatio,C_Target_VRE_Clipped,GLOBAL,PWRCOALKAXX,,CO2LKA,2,2046,,,,,,0.2743
EmissionActivityRatio,C_Target_VRE_Clipped,GLOBAL,PWRCOALKAXX,,CO2LKA,2,2047,,,,,,0.2743
EmissionActivityRatio,C_Target_VRE_Clipped,GLOBAL,PWRCOALKAXX,,CO2LKA,2,2048,,,,,,0.2743
EmissionActivityRatio,C_Target_VRE_Clipped,GLOBAL,PWRCOALKAXX,,CO2LKA,2,2049,,,,,,0.2743
EmissionActivityRatio,C_Target_VRE_Clipped,GLOBAL,PWRCOALKAXX,,CO2LKA,2,2050,,,,,,0.2743
EmissionActivityRatio,C_Target_VRE_Clipped,GLOBAL,PWRCOGBGDXX,,CO2BGD,1,2023,,,,,,0.2724
EmissionActivityRatio,C_Target_VRE_Clipped,GLOBAL,PWRCOGBGDXX,,CO2BGD,1,2024,,,,,,0.2724
EmissionActivityRatio,C_Target_VRE_Clipped,GLOBAL,PWRCOGBGDXX,,CO2BGD,1,2025,,,,,,0.2724
EmissionActivityRatio,C_Target_VRE_Clipped,GLOBAL,PWRCOGBGDXX,,CO2BGD,1,2026,,,,,,0.2724
EmissionActivityRatio,C_Target_VRE_Clipped,GLOBAL,PWRCOGBGDXX,,CO2BGD,1,2027,,,,,,0.2724
EmissionActivityRatio,C_Target_VRE_Clipped,GLOBAL,PWRCOGBGDXX,,CO2BGD,1,2028,,,,,,0.2724
EmissionActivityRatio,C_Target_VRE_Clipped,GLOBAL,PWRCOGBGDXX,,CO2BGD,1,2029,,,,,,0.2724
EmissionActivityRatio,C_Target_VRE_Clipped,GLOBAL,PWRCOGBGDXX,,CO2BGD,1,2030,,,,,,0.2724
EmissionActivityRatio,C_Target_VRE_Clipped,GLOBAL,PWRCOGBGDXX,,CO2BGD,1,2031,,,,,,0.2724
EmissionActivityRatio,C_Target_VRE_Clipped,GLOBAL,PWRCOGBGDXX,,CO2BGD,1,2032,,,,,,0.2724
EmissionActivityRatio,C_Target_VRE_Clipped,GLOBAL,PWRCOGBGDXX,,CO2BGD,1,2033,,,,,,0.2724
EmissionActivityRatio,C_Target_VRE_Clipped,GLOBAL,PWRCOGBGDXX,,CO2BGD,1,2034,,,,,,0.2724
EmissionActivityRatio,C_Target_VRE_Clipped,GLOBAL,PWRCOGBGDXX,,CO2BGD,1,2035,,,,,,0.2724
EmissionActivityRatio,C_Target_VRE_Clipped,GLOBAL,PWRCOGBGDXX,,CO2BGD,1,2036,,,,,,0.2724
EmissionActivityRatio,C_Target_VRE_Clipped,GLOBAL,PWRCOGBGDXX,,CO2BGD,1,2037,,,,,,0.2724
EmissionActivityRatio,C_Target_VRE_Clipped,GLOBAL,PWRCOGBGDXX,,CO2BGD,1,2038,,,,,,0.2724
EmissionActivityRatio,C_Target_VRE_Clipped,GLOBAL,PWRCOGBGDXX,,CO2BGD,1,2039,,,,,,0.2724
EmissionActivityRatio,C_Target_VRE_Clipped,GLOBAL,PWRCOGBGDXX,,CO2BGD,1,2040,,,,,,0.2724
EmissionActivityRatio,C_Target_VRE_Clipped,GLOBAL,PWRCOGBGDXX,,CO2BGD,1,2041,,,,,,0.2724
EmissionActivityRatio,C_Target_VRE_Clipped,GLOBAL,PWRCOGBGDXX,,CO2BGD,1,2042,,,,,,0.2724
EmissionActivityRatio,C_Target_VRE_Clipped,GLOBAL,PWRCOGBGDXX,,CO2BGD,1,2043,,,,,,0.2724
EmissionActivityRatio,C_Target_VRE_Clipped,GLOBAL,PWRCOGBGDXX,,CO2BGD,1,2044,,,,,,0.2724
EmissionActivityRatio,C_Target_VRE_Clipped,GLOBAL,PWRCOGBGDXX,,CO2BGD,1,2045,,,,,,0.2724
EmissionActivityRatio,C_Target_VRE_Clipped,GLOBAL,PWRCOGBGDXX,,CO2BGD,1,2046,,,,,,0.2724
EmissionActivityRatio,C_Target_VRE_Clipped,GLOBAL,PWRCOGBGDXX,,CO2BGD,1,2047,,,,,,0.2724
EmissionActivityRatio,C_Target_VRE_Clipped,GLOBAL,PWRCOGBGDXX,,CO2BGD,1,2048,,,,,,0.2724
EmissionActivityRatio,C_Target_VRE_Clipped,GLOBAL,PWRCOGBGDXX,,CO2BGD,1,2049,,,,,,0.2724
EmissionActivityRatio,C_Target_VRE_Clipped,GLOBAL,PWRCOGBGDXX,,CO2BGD,1,2050,,,,,,0.2724
EmissionActivityRatio,C_Target_VRE_Clipped,GLOBAL,PWRCOGBGDXX,,CO2BGD,2,2023,,,,,,0.2724
EmissionActivityRatio,C_Target_VRE_Clipped,GLOBAL,PWRCOGBGDXX,,CO2BGD,2,2024,,,,,,0.2724
EmissionActivityRatio,C_Target_VRE_Clipped,GLOBAL,PWRCOGBGDXX,,CO2BGD,2,2025,,,,,,0.2724
EmissionActivityRatio,C_Target_VRE_Clipped,GLOBAL,PWRCOGBGDXX,,CO2BGD,2,2026,,,,,,0.2724
EmissionActivityRatio,C_Target_VRE_Clipped,GLOBAL,PWRCOGBGDXX,,CO2BGD,2,2027,,,,,,0.2724
EmissionActivityRatio,C_Target_VRE_Clipped,GLOBAL,PWRCOGBGDXX,,CO2BGD,2,2028,,,,,,0.2724
EmissionActivityRatio,C_Target_VRE_Clipped,GLOBAL,PWRCOGBGDXX,,CO2BGD,2,2029,,,,,,0.2724
EmissionActivityRatio,C_Target_VRE_Clipped,GLOBAL,PWRCOGBGDXX,,CO2BGD,2,2030,,,,,,0.2724
EmissionActivityRatio,C_Target_VRE_Clipped,GLOBAL,PWRCOGBGDXX,,CO2BGD,2,2031,,,,,,0.2724
EmissionActivityRatio,C_Target_VRE_Clipped,GLOBAL,PWRCOGBGDXX,,CO2BGD,2,2032,,,,,,0.2724
EmissionActivityRatio,C_Target_VRE_Clipped,GLOBAL,PWRCOGBGDXX,,CO2BGD,2,2033,,,,,,0.2724
EmissionActivityRatio,C_Target_VRE_Clipped,GLOBAL,PWRCOGBGDXX,,CO2BGD,2,2034,,,,,,0.2724
EmissionActivityRatio,C_Target_VRE_Clipped,GLOBAL,PWRCOGBGDXX,,CO2BGD,2,2035,,,,,,0.2724
EmissionActivityRatio,C_Target_VRE_Clipped,GLOBAL,PWRCOGBGDXX,,CO2BGD,2,2036,,,,,,0.2724
EmissionActivityRatio,C_Target_VRE_Clipped,GLOBAL,PWRCOGBGDXX,,CO2BGD,2,2037,,,,,,0.2724
EmissionActivityRatio,C_Target_VRE_Clipped,GLOBAL,PWRCOGBGDXX,,CO2BGD,2,2038,,,,,,0.2724
EmissionActivityRatio,C_Target_VRE_Clipped,GLOBAL,PWRCOGBGDXX,,CO2BGD,2,2039,,,,,,0.2724
EmissionActivityRatio,C_Target_VRE_Clipped,GLOBAL,PWRCOGBGDXX,,CO2BGD,2,2040,,,,,,0.2724
EmissionActivityRatio,C_Target_VRE_Clipped,GLOBAL,PWRCOGBGDXX,,CO2BGD,2,2041,,,,,,0.2724
EmissionActivityRatio,C_Target_VRE_Clipped,GLOBAL,PWRCOGBGDXX,,CO2BGD,2,2042,,,,,,0.2724
EmissionActivityRatio,C_Target_VRE_Clipped,GLOBAL,PWRCOGBGDXX,,CO2BGD,2,2043,,,,,,0.2724
EmissionActivityRatio,C_Target_VRE_Clipped,GLOBAL,PWRCOGBGDXX,,CO2BGD,2,2044,,,,,,0.2724
EmissionActivityRatio,C_Target_VRE_Clipped,GLOBAL,PWRCOGBGDXX,,CO2BGD,2,2045,,,,,,0.2724
EmissionActivityRatio,C_Target_VRE_Clipped,GLOBAL,PWRCOGBGDXX,,CO2BGD,2,2046,,,,,,0.2724
EmissionActivityRatio,C_Target_VRE_Clipped,GLOBAL,PWRCOGBGDXX,,CO2BGD,2,2047,,,,,,0.2724
EmissionActivityRatio,C_Target_VRE_Clipped,GLOBAL,PWRCOGBGDXX,,CO2BGD,2,2048,,,,,,0.2724
EmissionActivityRatio,C_Target_VRE_Clipped,GLOBAL,PWRCOGBGDXX,,CO2BGD,2,2049,,,,,,0.2724
EmissionActivityRatio,C_Target_VRE_Clipped,GLOBAL,PWRCOGBGDXX,,CO2BGD,2,2050,,,,,,0.2724
EmissionActivityRatio,C_Target_VRE_Clipped,GLOBAL,PWRCOGINDEA,,CO2IND,1,2023,,,,,,0.2724
EmissionActivityRatio,C_Target_VRE_Clipped,GLOBAL,PWRCOGINDEA,,CO2IND,1,2024,,,,,,0.2724
EmissionActivityRatio,C_Target_VRE_Clipped,GLOBAL,PWRCOGINDEA,,CO2IND,1,2025,,,,,,0.2724
EmissionActivityRatio,C_Target_VRE_Clipped,GLOBAL,PWRCOGINDEA,,CO2IND,1,2026,,,,,,0.2724
EmissionActivityRatio,C_Target_VRE_Clipped,GLOBAL,PWRCOGINDEA,,CO2IND,1,2027,,,,,,0.2724
EmissionActivityRatio,C_Target_VRE_Clipped,GLOBAL,PWRCOGINDEA,,CO2IND,1,2028,,,,,,0.2724
EmissionActivityRatio,C_Target_VRE_Clipped,GLOBAL,PWRCOGINDEA,,CO2IND,1,2029,,,,,,0.2724
EmissionActivityRatio,C_Target_VRE_Clipped,GLOBAL,PWRCOGINDEA,,CO2IND,1,2030,,,,,,0.2724
EmissionActivityRatio,C_Target_VRE_Clipped,GLOBAL,PWRCOGINDEA,,CO2IND,1,2031,,,,,,0.2724
EmissionActivityRatio,C_Target_VRE_Clipped,GLOBAL,PWRCOGINDEA,,CO2IND,1,2032,,,,,,0.2724
EmissionActivityRatio,C_Target_VRE_Clipped,GLOBAL,PWRCOGINDEA,,CO2IND,1,2033,,,,,,0.2724
EmissionActivityRatio,C_Target_VRE_Clipped,GLOBAL,PWRCOGINDEA,,CO2IND,1,2034,,,,,,0.2724
EmissionActivityRatio,C_Target_VRE_Clipped,GLOBAL,PWRCOGINDEA,,CO2IND,1,2035,,,,,,0.2724
EmissionActivityRatio,C_Target_VRE_Clipped,GLOBAL,PWRCOGINDEA,,CO2IND,1,2036,,,,,,0.2724
EmissionActivityRatio,C_Target_VRE_Clipped,GLOBAL,PWRCOGINDEA,,CO2IND,1,2037,,,,,,0.2724
EmissionActivityRatio,C_Target_VRE_Clipped,GLOBAL,PWRCOGINDEA,,CO2IND,1,2038,,,,,,0.2724
EmissionActivityRatio,C_Target_VRE_Clipped,GLOBAL,PWRCOGINDEA,,CO2IND,1,2039,,,,,,0.2724
EmissionActivityRatio,C_Target_VRE_Clipped,GLOBAL,PWRCOGINDEA,,CO2IND,1,2040,,,,,,0.2724
EmissionActivityRatio,C_Target_VRE_Clipped,GLOBAL,PWRCOGINDEA,,CO2IND,1,2041,,,,,,0.2724
EmissionActivityRatio,C_Target_VRE_Clipped,GLOBAL,PWRCOGINDEA,,CO2IND,1,2042,,,,,,0.2724
EmissionActivityRatio,C_Target_VRE_Clipped,GLOBAL,PWRCOGINDEA,,CO2IND,1,2043,,,,,,0.2724
EmissionActivityRatio,C_Target_VRE_Clipped,GLOBAL,PWRCOGINDEA,,CO2IND,1,2044,,,,,,0.2724
EmissionActivityRatio,C_Target_VRE_Clipped,GLOBAL,PWRCOGINDEA,,CO2IND,1,2045,,,,,,0.2724
EmissionActivityRatio,C_Target_VRE_Clipped,GLOBAL,PWRCOGINDEA,,CO2IND,1,2046,,,,,,0.2724
EmissionActivityRatio,C_Target_VRE_Clipped,GLOBAL,PWRCOGINDEA,,CO2IND,1,2047,,,,,,0.2724
EmissionActivityRatio,C_Target_VRE_Clipped,GLOBAL,PWRCOGINDEA,,CO2IND,1,2048,,,,,,0.2724
EmissionActivityRatio,C_Target_VRE_Clipped,GLOBAL,PWRCOGINDEA,,CO2IND,1,2049,,,,,,0.2724
EmissionActivityRatio,C_Target_VRE_Clipped,GLOBAL,PWRCOGINDEA,,CO2IND,1,2050,,,,,,0.2724
EmissionActivityRatio,C_Target_VRE_Clipped,GLOBAL,PWRCOGINDEA,,CO2IND,2,2023,,,,,,0.2724
EmissionActivityRatio,C_Target_VRE_Clipped,GLOBAL,PWRCOGINDEA,,CO2IND,2,2024,,,,,,0.2724
EmissionActivityRatio,C_Target_VRE_Clipped,GLOBAL,PWRCOGINDEA,,CO2IND,2,2025,,,,,,0.2724
EmissionActivityRatio,C_Target_VRE_Clipped,GLOBAL,PWRCOGINDEA,,CO2IND,2,2026,,,,,,0.2724
EmissionActivityRatio,C_Target_VRE_Clipped,GLOBAL,PWRCOGINDEA,,CO2IND,2,2027,,,,,,0.2724
EmissionActivityRatio,C_Target_VRE_Clipped,GLOBAL,PWRCOGINDEA,,CO2IND,2,2028,,,,,,0.2724
EmissionActivityRatio,C_Target_VRE_Clipped,GLOBAL,PWRCOGINDEA,,CO2IND,2,2029,,,,,,0.2724
EmissionActivityRatio,C_Target_VRE_Clipped,GLOBAL,PWRCOGINDEA,,CO2IND,2,2030,,,,,,0.2724
EmissionActivityRatio,C_Target_VRE_Clipped,GLOBAL,PWRCOGINDEA,,CO2IND,2,2031,,,,,,0.2724
EmissionActivityRatio,C_Target_VRE_Clipped,GLOBAL,PWRCOGINDEA,,CO2IND,2,2032,,,,,,0.2724
EmissionActivityRatio,C_Target_VRE_Clipped,GLOBAL,PWRCOGINDEA,,CO2IND,2,2033,,,,,,0.2724
EmissionActivityRatio,C_Target_VRE_Clipped,GLOBAL,PWRCOGINDEA,,CO2IND,2,2034,,,,,,0.2724
EmissionActivityRatio,C_Target_VRE_Clipped,GLOBAL,PWRCOGINDEA,,CO2IND,2,2035,,,,,,0.2724
EmissionActivityRatio,C_Target_VRE_Clipped,GLOBAL,PWRCOGINDEA,,CO2IND,2,2036,,,,,,0.2724
EmissionActivityRatio,C_Target_VRE_Clipped,GLOBAL,PWRCOGINDEA,,CO2IND,2,2037,,,,,,0.2724
EmissionActivityRatio,C_Target_VRE_Clipped,GLOBAL,PWRCOGINDEA,,CO2IND,2,2038,,,,,,0.2724
EmissionActivityRatio,C_Target_VRE_Clipped,GLOBAL,PWRCOGINDEA,,CO2IND,2,2039,,,,,,0.2724
EmissionActivityRatio,C_Target_VRE_Clipped,GLOBAL,PWRCOGINDEA,,CO2IND,2,2040,,,,,,0.2724
EmissionActivityRatio,C_Target_VRE_Clipped,GLOBAL,PWRCOGINDEA,,CO2IND,2,2041,,,,,,0.2724
EmissionActivityRatio,C_Target_VRE_Clipped,GLOBAL,PWRCOGINDEA,,CO2IND,2,2042,,,,,,0.2724
EmissionActivityRatio,C_Target_VRE_Clipped,GLOBAL,PWRCOGINDEA,,CO2IND,2,2043,,,,,,0.2724
EmissionActivityRatio,C_Target_VRE_Clipped,GLOBAL,PWRCOGINDEA,,CO2IND,2,2044,,,,,,0.2724
EmissionActivityRatio,C_Target_VRE_Clipped,GLOBAL,PWRCOGINDEA,,CO2IND,2,2045,,,,,,0.2724
EmissionActivityRatio,C_Target_VRE_Clipped,GLOBAL,PWRCOGINDEA,,CO2IND,2,2046,,,,,,0.2724
EmissionActivityRatio,C_Target_VRE_Clipped,GLOBAL,PWRCOGINDEA,,CO2IND,2,2047,,,,,,0.2724
EmissionActivityRatio,C_Target_VRE_Clipped,GLOBAL,PWRCOGINDEA,,CO2IND,2,2048,,,,,,0.2724
EmissionActivityRatio,C_Target_VRE_Clipped,GLOBAL,PWRCOGINDEA,,CO2IND,2,2049,,,,,,0.2724
EmissionActivityRatio,C_Target_VRE_Clipped,GLOBAL,PWRCOGINDEA,,CO2IND,2,2050,,,,,,0.2724
EmissionActivityRatio,C_Target_VRE_Clipped,GLOBAL,PWRCOGINDNE,,CO2IND,1,2023,,,,,,0.2724
EmissionActivityRatio,C_Target_VRE_Clipped,GLOBAL,PWRCOGINDNE,,CO2IND,1,2024,,,,,,0.2724
EmissionActivityRatio,C_Target_VRE_Clipped,GLOBAL,PWRCOGINDNE,,CO2IND,1,2025,,,,,,0.2724
EmissionActivityRatio,C_Target_VRE_Clipped,GLOBAL,PWRCOGINDNE,,CO2IND,1,2026,,,,,,0.2724
EmissionActivityRatio,C_Target_VRE_Clipped,GLOBAL,PWRCOGINDNE,,CO2IND,1,2027,,,,,,0.2724
EmissionActivityRatio,C_Target_VRE_Clipped,GLOBAL,PWRCOGINDNE,,CO2IND,1,2028,,,,,,0.2724
EmissionActivityRatio,C_Target_VRE_Clipped,GLOBAL,PWRCOGINDNE,,CO2IND,1,2029,,,,,,0.2724
EmissionActivityRatio,C_Target_VRE_Clipped,GLOBAL,PWRCOGINDNE,,CO2IND,1,2030,,,,,,0.2724
EmissionActivityRatio,C_Target_VRE_Clipped,GLOBAL,PWRCOGINDNE,,CO2IND,1,2031,,,,,,0.2724
EmissionActivityRatio,C_Target_VRE_Clipped,GLOBAL,PWRCOGINDNE,,CO2IND,1,2032,,,,,,0.2724
EmissionActivityRatio,C_Target_VRE_Clipped,GLOBAL,PWRCOGINDNE,,CO2IND,1,2033,,,,,,0.2724
EmissionActivityRatio,C_Target_VRE_Clipped,GLOBAL,PWRCOGINDNE,,CO2IND,1,2034,,,,,,0.2724
EmissionActivityRatio,C_Target_VRE_Clipped,GLOBAL,PWRCOGINDNE,,CO2IND,1,2035,,,,,,0.2724
EmissionActivityRatio,C_Target_VRE_Clipped,GLOBAL,PWRCOGINDNE,,CO2IND,1,2036,,,,,,0.2724
EmissionActivityRatio,C_Target_VRE_Clipped,GLOBAL,PWRCOGINDNE,,CO2IND,1,2037,,,,,,0.2724
EmissionActivityRatio,C_Target_VRE_Clipped,GLOBAL,PWRCOGINDNE,,CO2IND,1,2038,,,,,,0.2724
EmissionActivityRatio,C_Target_VRE_Clipped,GLOBAL,PWRCOGINDNE,,CO2IND,1,2039,,,,,,0.2724
EmissionActivityRatio,C_Target_VRE_Clipped,GLOBAL,PWRCOGINDNE,,CO2IND,1,2040,,,,,,0.2724
EmissionActivityRatio,C_Target_VRE_Clipped,GLOBAL,PWRCOGINDNE,,CO2IND,1,2041,,,,,,0.2724
EmissionActivityRatio,C_Target_VRE_Clipped,GLOBAL,PWRCOGINDNE,,CO2IND,1,2042,,,,,,0.2724
EmissionActivityRatio,C_Target_VRE_Clipped,GLOBAL,PWRCOGINDNE,,CO2IND,1,2043,,,,,,0.2724
EmissionActivityRatio,C_Target_VRE_Clipped,GLOBAL,PWRCOGINDNE,,CO2IND,1,2044,,,,,,0.2724
EmissionActivityRatio,C_Target_VRE_Clipped,GLOBAL,PWRCOGINDNE,,CO2IND,1,2045,,,,,,0.2724
EmissionActivityRatio,C_Target_VRE_Clipped,GLOBAL,PWRCOGINDNE,,CO2IND,1,2046,,,,,,0.2724
EmissionActivityRatio,C_Target_VRE_Clipped,GLOBAL,PWRCOGINDNE,,CO2IND,1,2047,,,,,,0.2724
EmissionActivityRatio,C_Target_VRE_Clipped,GLOBAL,PWRCOGINDNE,,CO2IND,1,2048,,,,,,0.2724
EmissionActivityRatio,C_Target_VRE_Clipped,GLOBAL,PWRCOGINDNE,,CO2IND,1,2049,,,,,,0.2724
EmissionActivityRatio,C_Target_VRE_Clipped,GLOBAL,PWRCOGINDNE,,CO2IND,1,2050,,,,,,0.2724
EmissionActivityRatio,C_Target_VRE_Clipped,GLOBAL,PWRCOGINDNE,,CO2IND,2,2023,,,,,,0.2724
EmissionActivityRatio,C_Target_VRE_Clipped,GLOBAL,PWRCOGINDNE,,CO2IND,2,2024,,,,,,0.2724
EmissionActivityRatio,C_Target_VRE_Clipped,GLOBAL,PWRCOGINDNE,,CO2IND,2,2025,,,,,,0.2724
EmissionActivityRatio,C_Target_VRE_Clipped,GLOBAL,PWRCOGINDNE,,CO2IND,2,2026,,,,,,0.2724
EmissionActivityRatio,C_Target_VRE_Clipped,GLOBAL,PWRCOGINDNE,,CO2IND,2,2027,,,,,,0.2724
EmissionActivityRatio,C_Target_VRE_Clipped,GLOBAL,PWRCOGINDNE,,CO2IND,2,2028,,,,,,0.2724
EmissionActivityRatio,C_Target_VRE_Clipped,GLOBAL,PWRCOGINDNE,,CO2IND,2,2029,,,,,,0.2724
EmissionActivityRatio,C_Target_VRE_Clipped,GLOBAL,PWRCOGINDNE,,CO2IND,2,2030,,,,,,0.2724
EmissionActivityRatio,C_Target_VRE_Clipped,GLOBAL,PWRCOGINDNE,,CO2IND,2,2031,,,,,,0.2724
EmissionActivityRatio,C_Target_VRE_Clipped,GLOBAL,PWRCOGINDNE,,CO2IND,2,2032,,,,,,0.2724
EmissionActivityRatio,C_Target_VRE_Clipped,GLOBAL,PWRCOGINDNE,,CO2IND,2,2033,,,,,,0.2724
EmissionActivityRatio,C_Target_VRE_Clipped,GLOBAL,PWRCOGINDNE,,CO2IND,2,2034,,,,,,0.2724
EmissionActivityRatio,C_Target_VRE_Clipped,GLOBAL,PWRCOGINDNE,,CO2IND,2,2035,,,,,,0.2724
EmissionActivityRatio,C_Target_VRE_Clipped,GLOBAL,PWRCOGINDNE,,CO2IND,2,2036,,,,,,0.2724
EmissionActivityRatio,C_Target_VRE_Clipped,GLOBAL,PWRCOGINDNE,,CO2IND,2,2037,,,,,,0.2724
EmissionActivityRatio,C_Target_VRE_Clipped,GLOBAL,PWRCOGINDNE,,CO2IND,2,2038,,,,,,0.2724
EmissionActivityRatio,C_Target_VRE_Clipped,GLOBAL,PWRCOGINDNE,,CO2IND,2,2039,,,,,,0.2724
EmissionActivityRatio,C_Target_VRE_Clipped,GLOBAL,PWRCOGINDNE,,CO2IND,2,2040,,,,,,0.2724
EmissionActivityRatio,C_Target_VRE_Clipped,GLOBAL,PWRCOGINDNE,,CO2IND,2,2041,,,,,,0.2724
EmissionActivityRatio,C_Target_VRE_Clipped,GLOBAL,PWRCOGINDNE,,CO2IND,2,2042,,,,,,0.2724
EmissionActivityRatio,C_Target_VRE_Clipped,GLOBAL,PWRCOGINDNE,,CO2IND,2,2043,,,,,,0.2724
EmissionActivityRatio,C_Target_VRE_Clipped,GLOBAL,PWRCOGINDNE,,CO2IND,2,2044,,,,,,0.2724
EmissionActivityRatio,C_Target_VRE_Clipped,GLOBAL,PWRCOGINDNE,,CO2IND,2,2045,,,,,,0.2724
EmissionActivityRatio,C_Target_VRE_Clipped,GLOBAL,PWRCOGINDNE,,CO2IND,2,2046,,,,,,0.2724
EmissionActivityRatio,C_Target_VRE_Clipped,GLOBAL,PWRCOGINDNE,,CO2IND,2,2047,,,,,,0.2724
EmissionActivityRatio,C_Target_VRE_Clipped,GLOBAL,PWRCOGINDNE,,CO2IND,2,2048,,,,,,0.2724
EmissionActivityRatio,C_Target_VRE_Clipped,GLOBAL,PWRCOGINDNE,,CO2IND,2,2049,,,,,,0.2724
EmissionActivityRatio,C_Target_VRE_Clipped,GLOBAL,PWRCOGINDNE,,CO2IND,2,2050,,,,,,0.2724
EmissionActivityRatio,C_Target_VRE_Clipped,GLOBAL,PWRCOGINDNO,,CO2IND,1,2023,,,,,,0.2724
EmissionActivityRatio,C_Target_VRE_Clipped,GLOBAL,PWRCOGINDNO,,CO2IND,1,2024,,,,,,0.2724
EmissionActivityRatio,C_Target_VRE_Clipped,GLOBAL,PWRCOGINDNO,,CO2IND,1,2025,,,,,,0.2724
EmissionActivityRatio,C_Target_VRE_Clipped,GLOBAL,PWRCOGINDNO,,CO2IND,1,2026,,,,,,0.2724
EmissionActivityRatio,C_Target_VRE_Clipped,GLOBAL,PWRCOGINDNO,,CO2IND,1,2027,,,,,,0.2724
EmissionActivityRatio,C_Target_VRE_Clipped,GLOBAL,PWRCOGINDNO,,CO2IND,1,2028,,,,,,0.2724
EmissionActivityRatio,C_Target_VRE_Clipped,GLOBAL,PWRCOGINDNO,,CO2IND,1,2029,,,,,,0.2724
EmissionActivityRatio,C_Target_VRE_Clipped,GLOBAL,PWRCOGINDNO,,CO2IND,1,2030,,,,,,0.2724
EmissionActivityRatio,C_Target_VRE_Clipped,GLOBAL,PWRCOGINDNO,,CO2IND,1,2031,,,,,,0.2724
EmissionActivityRatio,C_Target_VRE_Clipped,GLOBAL,PWRCOGINDNO,,CO2IND,1,2032,,,,,,0.2724
EmissionActivityRatio,C_Target_VRE_Clipped,GLOBAL,PWRCOGINDNO,,CO2IND,1,2033,,,,,,0.2724
EmissionActivityRatio,C_Target_VRE_Clipped,GLOBAL,PWRCOGINDNO,,CO2IND,1,2034,,,,,,0.2724
EmissionActivityRatio,C_Target_VRE_Clipped,GLOBAL,PWRCOGINDNO,,CO2IND,1,2035,,,,,,0.2724
EmissionActivityRatio,C_Target_VRE_Clipped,GLOBAL,PWRCOGINDNO,,CO2IND,1,2036,,,,,,0.2724
EmissionActivityRatio,C_Target_VRE_Clipped,GLOBAL,PWRCOGINDNO,,CO2IND,1,2037,,,,,,0.2724
EmissionActivityRatio,C_Target_VRE_Clipped,GLOBAL,PWRCOGINDNO,,CO2IND,1,2038,,,,,,0.2724
EmissionActivityRatio,C_Target_VRE_Clipped,GLOBAL,PWRCOGINDNO,,CO2IND,1,2039,,,,,,0.2724
EmissionActivityRatio,C_Target_VRE_Clipped,GLOBAL,PWRCOGINDNO,,CO2IND,1,2040,,,,,,0.2724
EmissionActivityRatio,C_Target_VRE_Clipped,GLOBAL,PWRCOGINDNO,,CO2IND,1,2041,,,,,,0.2724
EmissionActivityRatio,C_Target_VRE_Clipped,GLOBAL,PWRCOGINDNO,,CO2IND,1,2042,,,,,,0.2724
EmissionActivityRatio,C_Target_VRE_Clipped,GLOBAL,PWRCOGINDNO,,CO2IND,1,2043,,,,,,0.2724
EmissionActivityRatio,C_Target_VRE_Clipped,GLOBAL,PWRCOGINDNO,,CO2IND,1,2044,,,,,,0.2724
EmissionActivityRatio,C_Target_VRE_Clipped,GLOBAL,PWRCOGINDNO,,CO2IND,1,2045,,,,,,0.2724
EmissionActivityRatio,C_Target_VRE_Clipped,GLOBAL,PWRCOGINDNO,,CO2IND,1,2046,,,,,,0.2724
EmissionActivityRatio,C_Target_VRE_Clipped,GLOBAL,PWRCOGINDNO,,CO2IND,1,2047,,,,,,0.2724
EmissionActivityRatio,C_Target_VRE_Clipped,GLOBAL,PWRCOGINDNO,,CO2IND,1,2048,,,,,,0.2724
EmissionActivityRatio,C_Target_VRE_Clipped,GLOBAL,PWRCOGINDNO,,CO2IND,1,2049,,,,,,0.2724
EmissionActivityRatio,C_Target_VRE_Clipped,GLOBAL,PWRCOGINDNO,,CO2IND,1,2050,,,,,,0.2724
EmissionActivityRatio,C_Target_VRE_Clipped,GLOBAL,PWRCOGINDNO,,CO2IND,2,2023,,,,,,0.2724
EmissionActivityRatio,C_Target_VRE_Clipped,GLOBAL,PWRCOGINDNO,,CO2IND,2,2024,,,,,,0.2724
EmissionActivityRatio,C_Target_VRE_Clipped,GLOBAL,PWRCOGINDNO,,CO2IND,2,2025,,,,,,0.2724
EmissionActivityRatio,C_Target_VRE_Clipped,GLOBAL,PWRCOGINDNO,,CO2IND,2,2026,,,,,,0.2724
EmissionActivityRatio,C_Target_VRE_Clipped,GLOBAL,PWRCOGINDNO,,CO2IND,2,2027,,,,,,0.2724
EmissionActivityRatio,C_Target_VRE_Clipped,GLOBAL,PWRCOGINDNO,,CO2IND,2,2028,,,,,,0.2724
EmissionActivityRatio,C_Target_VRE_Clipped,GLOBAL,PWRCOGINDNO,,CO2IND,2,2029,,,,,,0.2724
EmissionActivityRatio,C_Target_VRE_Clipped,GLOBAL,PWRCOGINDNO,,CO2IND,2,2030,,,,,,0.2724
EmissionActivityRatio,C_Target_VRE_Clipped,GLOBAL,PWRCOGINDNO,,CO2IND,2,2031,,,,,,0.2724
EmissionActivityRatio,C_Target_VRE_Clipped,GLOBAL,PWRCOGINDNO,,CO2IND,2,2032,,,,,,0.2724
EmissionActivityRatio,C_Target_VRE_Clipped,GLOBAL,PWRCOGINDNO,,CO2IND,2,2033,,,,,,0.2724
EmissionActivityRatio,C_Target_VRE_Clipped,GLOBAL,PWRCOGINDNO,,CO2IND,2,2034,,,,,,0.2724
EmissionActivityRatio,C_Target_VRE_Clipped,GLOBAL,PWRCOGINDNO,,CO2IND,2,2035,,,,,,0.2724
EmissionActivityRatio,C_Target_VRE_Clipped,GLOBAL,PWRCOGINDNO,,CO2IND,2,2036,,,,,,0.2724
EmissionActivityRatio,C_Target_VRE_Clipped,GLOBAL,PWRCOGINDNO,,CO2IND,2,2037,,,,,,0.2724
EmissionActivityRatio,C_Target_VRE_Clipped,GLOBAL,PWRCOGINDNO,,CO2IND,2,2038,,,,,,0.2724
EmissionActivityRatio,C_Target_VRE_Clipped,GLOBAL,PWRCOGINDNO,,CO2IND,2,2039,,,,,,0.2724
EmissionActivityRatio,C_Target_VRE_Clipped,GLOBAL,PWRCOGINDNO,,CO2IND,2,2040,,,,,,0.2724
EmissionActivityRatio,C_Target_VRE_Clipped,GLOBAL,PWRCOGINDNO,,CO2IND,2,2041,,,,,,0.2724
EmissionActivityRatio,C_Target_VRE_Clipped,GLOBAL,PWRCOGINDNO,,CO2IND,2,2042,,,,,,0.2724
EmissionActivityRatio,C_Target_VRE_Clipped,GLOBAL,PWRCOGINDNO,,CO2IND,2,2043,,,,,,0.2724
EmissionActivityRatio,C_Target_VRE_Clipped,GLOBAL,PWRCOGINDNO,,CO2IND,2,2044,,,,,,0.2724
EmissionActivityRatio,C_Target_VRE_Clipped,GLOBAL,PWRCOGINDNO,,CO2IND,2,2045,,,,,,0.2724
EmissionActivityRatio,C_Target_VRE_Clipped,GLOBAL,PWRCOGINDNO,,CO2IND,2,2046,,,,,,0.2724
EmissionActivityRatio,C_Target_VRE_Clipped,GLOBAL,PWRCOGINDNO,,CO2IND,2,2047,,,,,,0.2724
EmissionActivityRatio,C_Target_VRE_Clipped,GLOBAL,PWRCOGINDNO,,CO2IND,2,2048,,,,,,0.2724
EmissionActivityRatio,C_Target_VRE_Clipped,GLOBAL,PWRCOGINDNO,,CO2IND,2,2049,,,,,,0.2724
EmissionActivityRatio,C_Target_VRE_Clipped,GLOBAL,PWRCOGINDNO,,CO2IND,2,2050,,,,,,0.2724
EmissionActivityRatio,C_Target_VRE_Clipped,GLOBAL,PWRCOGINDSO,,CO2IND,1,2023,,,,,,0.2724
EmissionActivityRatio,C_Target_VRE_Clipped,GLOBAL,PWRCOGINDSO,,CO2IND,1,2024,,,,,,0.2724
EmissionActivityRatio,C_Target_VRE_Clipped,GLOBAL,PWRCOGINDSO,,CO2IND,1,2025,,,,,,0.2724
EmissionActivityRatio,C_Target_VRE_Clipped,GLOBAL,PWRCOGINDSO,,CO2IND,1,2026,,,,,,0.2724
EmissionActivityRatio,C_Target_VRE_Clipped,GLOBAL,PWRCOGINDSO,,CO2IND,1,2027,,,,,,0.2724
EmissionActivityRatio,C_Target_VRE_Clipped,GLOBAL,PWRCOGINDSO,,CO2IND,1,2028,,,,,,0.2724
EmissionActivityRatio,C_Target_VRE_Clipped,GLOBAL,PWRCOGINDSO,,CO2IND,1,2029,,,,,,0.2724
EmissionActivityRatio,C_Target_VRE_Clipped,GLOBAL,PWRCOGINDSO,,CO2IND,1,2030,,,,,,0.2724
EmissionActivityRatio,C_Target_VRE_Clipped,GLOBAL,PWRCOGINDSO,,CO2IND,1,2031,,,,,,0.2724
EmissionActivityRatio,C_Target_VRE_Clipped,GLOBAL,PWRCOGINDSO,,CO2IND,1,2032,,,,,,0.2724
EmissionActivityRatio,C_Target_VRE_Clipped,GLOBAL,PWRCOGINDSO,,CO2IND,1,2033,,,,,,0.2724
EmissionActivityRatio,C_Target_VRE_Clipped,GLOBAL,PWRCOGINDSO,,CO2IND,1,2034,,,,,,0.2724
EmissionActivityRatio,C_Target_VRE_Clipped,GLOBAL,PWRCOGINDSO,,CO2IND,1,2035,,,,,,0.2724
EmissionActivityRatio,C_Target_VRE_Clipped,GLOBAL,PWRCOGINDSO,,CO2IND,1,2036,,,,,,0.2724
EmissionActivityRatio,C_Target_VRE_Clipped,GLOBAL,PWRCOGINDSO,,CO2IND,1,2037,,,,,,0.2724
EmissionActivityRatio,C_Target_VRE_Clipped,GLOBAL,PWRCOGINDSO,,CO2IND,1,2038,,,,,,0.2724
EmissionActivityRatio,C_Target_VRE_Clipped,GLOBAL,PWRCOGINDSO,,CO2IND,1,2039,,,,,,0.2724
EmissionActivityRatio,C_Target_VRE_Clipped,GLOBAL,PWRCOGINDSO,,CO2IND,1,2040,,,,,,0.2724
EmissionActivityRatio,C_Target_VRE_Clipped,GLOBAL,PWRCOGINDSO,,CO2IND,1,2041,,,,,,0.2724
EmissionActivityRatio,C_Target_VRE_Clipped,GLOBAL,PWRCOGINDSO,,CO2IND,1,2042,,,,,,0.2724
EmissionActivityRatio,C_Target_VRE_Clipped,GLOBAL,PWRCOGINDSO,,CO2IND,1,2043,,,,,,0.2724
EmissionActivityRatio,C_Target_VRE_Clipped,GLOBAL,PWRCOGINDSO,,CO2IND,1,2044,,,,,,0.2724
EmissionActivityRatio,C_Target_VRE_Clipped,GLOBAL,PWRCOGINDSO,,CO2IND,1,2045,,,,,,0.2724
EmissionActivityRatio,C_Target_VRE_Clipped,GLOBAL,PWRCOGINDSO,,CO2IND,1,2046,,,,,,0.2724
EmissionActivityRatio,C_Target_VRE_Clipped,GLOBAL,PWRCOGINDSO,,CO2IND,1,2047,,,,,,0.2724
EmissionActivityRatio,C_Target_VRE_Clipped,GLOBAL,PWRCOGINDSO,,CO2IND,1,2048,,,,,,0.2724
EmissionActivityRatio,C_Target_VRE_Clipped,GLOBAL,PWRCOGINDSO,,CO2IND,1,2049,,,,,,0.2724
EmissionActivityRatio,C_Target_VRE_Clipped,GLOBAL,PWRCOGINDSO,,CO2IND,1,2050,,,,,,0.2724
EmissionActivityRatio,C_Target_VRE_Clipped,GLOBAL,PWRCOGINDSO,,CO2IND,2,2023,,,,,,0.2724
EmissionActivityRatio,C_Target_VRE_Clipped,GLOBAL,PWRCOGINDSO,,CO2IND,2,2024,,,,,,0.2724
EmissionActivityRatio,C_Target_VRE_Clipped,GLOBAL,PWRCOGINDSO,,CO2IND,2,2025,,,,,,0.2724
EmissionActivityRatio,C_Target_VRE_Clipped,GLOBAL,PWRCOGINDSO,,CO2IND,2,2026,,,,,,0.2724
EmissionActivityRatio,C_Target_VRE_Clipped,GLOBAL,PWRCOGINDSO,,CO2IND,2,2027,,,,,,0.2724
EmissionActivityRatio,C_Target_VRE_Clipped,GLOBAL,PWRCOGINDSO,,CO2IND,2,2028,,,,,,0.2724
EmissionActivityRatio,C_Target_VRE_Clipped,GLOBAL,PWRCOGINDSO,,CO2IND,2,2029,,,,,,0.2724
EmissionActivityRatio,C_Target_VRE_Clipped,GLOBAL,PWRCOGINDSO,,CO2IND,2,2030,,,,,,0.2724
EmissionActivityRatio,C_Target_VRE_Clipped,GLOBAL,PWRCOGINDSO,,CO2IND,2,2031,,,,,,0.2724
EmissionActivityRatio,C_Target_VRE_Clipped,GLOBAL,PWRCOGINDSO,,CO2IND,2,2032,,,,,,0.2724
EmissionActivityRatio,C_Target_VRE_Clipped,GLOBAL,PWRCOGINDSO,,CO2IND,2,2033,,,,,,0.2724
EmissionActivityRatio,C_Target_VRE_Clipped,GLOBAL,PWRCOGINDSO,,CO2IND,2,2034,,,,,,0.2724
EmissionActivityRatio,C_Target_VRE_Clipped,GLOBAL,PWRCOGINDSO,,CO2IND,2,2035,,,,,,0.2724
EmissionActivityRatio,C_Target_VRE_Clipped,GLOBAL,PWRCOGINDSO,,CO2IND,2,2036,,,,,,0.2724
EmissionActivityRatio,C_Target_VRE_Clipped,GLOBAL,PWRCOGINDSO,,CO2IND,2,2037,,,,,,0.2724
EmissionActivityRatio,C_Target_VRE_Clipped,GLOBAL,PWRCOGINDSO,,CO2IND,2,2038,,,,,,0.2724
EmissionActivityRatio,C_Target_VRE_Clipped,GLOBAL,PWRCOGINDSO,,CO2IND,2,2039,,,,,,0.2724
EmissionActivityRatio,C_Target_VRE_Clipped,GLOBAL,PWRCOGINDSO,,CO2IND,2,2040,,,,,,0.2724
EmissionActivityRatio,C_Target_VRE_Clipped,GLOBAL,PWRCOGINDSO,,CO2IND,2,2041,,,,,,0.2724
EmissionActivityRatio,C_Target_VRE_Clipped,GLOBAL,PWRCOGINDSO,,CO2IND,2,2042,,,,,,0.2724
EmissionActivityRatio,C_Target_VRE_Clipped,GLOBAL,PWRCOGINDSO,,CO2IND,2,2043,,,,,,0.2724
EmissionActivityRatio,C_Target_VRE_Clipped,GLOBAL,PWRCOGINDSO,,CO2IND,2,2044,,,,,,0.2724
EmissionActivityRatio,C_Target_VRE_Clipped,GLOBAL,PWRCOGINDSO,,CO2IND,2,2045,,,,,,0.2724
EmissionActivityRatio,C_Target_VRE_Clipped,GLOBAL,PWRCOGINDSO,,CO2IND,2,2046,,,,,,0.2724
EmissionActivityRatio,C_Target_VRE_Clipped,GLOBAL,PWRCOGINDSO,,CO2IND,2,2047,,,,,,0.2724
EmissionActivityRatio,C_Target_VRE_Clipped,GLOBAL,PWRCOGINDSO,,CO2IND,2,2048,,,,,,0.2724
EmissionActivityRatio,C_Target_VRE_Clipped,GLOBAL,PWRCOGINDSO,,CO2IND,2,2049,,,,,,0.2724
EmissionActivityRatio,C_Target_VRE_Clipped,GLOBAL,PWRCOGINDSO,,CO2IND,2,2050,,,,,,0.2724
EmissionActivityRatio,C_Target_VRE_Clipped,GLOBAL,PWRCOGINDWE,,CO2IND,1,2023,,,,,,0.2724
EmissionActivityRatio,C_Target_VRE_Clipped,GLOBAL,PWRCOGINDWE,,CO2IND,1,2024,,,,,,0.2724
EmissionActivityRatio,C_Target_VRE_Clipped,GLOBAL,PWRCOGINDWE,,CO2IND,1,2025,,,,,,0.2724
EmissionActivityRatio,C_Target_VRE_Clipped,GLOBAL,PWRCOGINDWE,,CO2IND,1,2026,,,,,,0.2724
EmissionActivityRatio,C_Target_VRE_Clipped,GLOBAL,PWRCOGINDWE,,CO2IND,1,2027,,,,,,0.2724
EmissionActivityRatio,C_Target_VRE_Clipped,GLOBAL,PWRCOGINDWE,,CO2IND,1,2028,,,,,,0.2724
EmissionActivityRatio,C_Target_VRE_Clipped,GLOBAL,PWRCOGINDWE,,CO2IND,1,2029,,,,,,0.2724
EmissionActivityRatio,C_Target_VRE_Clipped,GLOBAL,PWRCOGINDWE,,CO2IND,1,2030,,,,,,0.2724
EmissionActivityRatio,C_Target_VRE_Clipped,GLOBAL,PWRCOGINDWE,,CO2IND,1,2031,,,,,,0.2724
EmissionActivityRatio,C_Target_VRE_Clipped,GLOBAL,PWRCOGINDWE,,CO2IND,1,2032,,,,,,0.2724
EmissionActivityRatio,C_Target_VRE_Clipped,GLOBAL,PWRCOGINDWE,,CO2IND,1,2033,,,,,,0.2724
EmissionActivityRatio,C_Target_VRE_Clipped,GLOBAL,PWRCOGINDWE,,CO2IND,1,2034,,,,,,0.2724
EmissionActivityRatio,C_Target_VRE_Clipped,GLOBAL,PWRCOGINDWE,,CO2IND,1,2035,,,,,,0.2724
EmissionActivityRatio,C_Target_VRE_Clipped,GLOBAL,PWRCOGINDWE,,CO2IND,1,2036,,,,,,0.2724
EmissionActivityRatio,C_Target_VRE_Clipped,GLOBAL,PWRCOGINDWE,,CO2IND,1,2037,,,,,,0.2724
EmissionActivityRatio,C_Target_VRE_Clipped,GLOBAL,PWRCOGINDWE,,CO2IND,1,2038,,,,,,0.2724
EmissionActivityRatio,C_Target_VRE_Clipped,GLOBAL,PWRCOGINDWE,,CO2IND,1,2039,,,,,,0.2724
EmissionActivityRatio,C_Target_VRE_Clipped,GLOBAL,PWRCOGINDWE,,CO2IND,1,2040,,,,,,0.2724
EmissionActivityRatio,C_Target_VRE_Clipped,GLOBAL,PWRCOGINDWE,,CO2IND,1,2041,,,,,,0.2724
EmissionActivityRatio,C_Target_VRE_Clipped,GLOBAL,PWRCOGINDWE,,CO2IND,1,2042,,,,,,0.2724
EmissionActivityRatio,C_Target_VRE_Clipped,GLOBAL,PWRCOGINDWE,,CO2IND,1,2043,,,,,,0.2724
EmissionActivityRatio,C_Target_VRE_Clipped,GLOBAL,PWRCOGINDWE,,CO2IND,1,2044,,,,,,0.2724
EmissionActivityRatio,C_Target_VRE_Clipped,GLOBAL,PWRCOGINDWE,,CO2IND,1,2045,,,,,,0.2724
EmissionActivityRatio,C_Target_VRE_Clipped,GLOBAL,PWRCOGINDWE,,CO2IND,1,2046,,,,,,0.2724
EmissionActivityRatio,C_Target_VRE_Clipped,GLOBAL,PWRCOGINDWE,,CO2IND,1,2047,,,,,,0.2724
EmissionActivityRatio,C_Target_VRE_Clipped,GLOBAL,PWRCOGINDWE,,CO2IND,1,2048,,,,,,0.2724
EmissionActivityRatio,C_Target_VRE_Clipped,GLOBAL,PWRCOGINDWE,,CO2IND,1,2049,,,,,,0.2724
EmissionActivityRatio,C_Target_VRE_Clipped,GLOBAL,PWRCOGINDWE,,CO2IND,1,2050,,,,,,0.2724
EmissionActivityRatio,C_Target_VRE_Clipped,GLOBAL,PWRCOGINDWE,,CO2IND,2,2023,,,,,,0.2724
EmissionActivityRatio,C_Target_VRE_Clipped,GLOBAL,PWRCOGINDWE,,CO2IND,2,2024,,,,,,0.2724
EmissionActivityRatio,C_Target_VRE_Clipped,GLOBAL,PWRCOGINDWE,,CO2IND,2,2025,,,,,,0.2724
EmissionActivityRatio,C_Target_VRE_Clipped,GLOBAL,PWRCOGINDWE,,CO2IND,2,2026,,,,,,0.2724
EmissionActivityRatio,C_Target_VRE_Clipped,GLOBAL,PWRCOGINDWE,,CO2IND,2,2027,,,,,,0.2724
EmissionActivityRatio,C_Target_VRE_Clipped,GLOBAL,PWRCOGINDWE,,CO2IND,2,2028,,,,,,0.2724
EmissionActivityRatio,C_Target_VRE_Clipped,GLOBAL,PWRCOGINDWE,,CO2IND,2,2029,,,,,,0.2724
EmissionActivityRatio,C_Target_VRE_Clipped,GLOBAL,PWRCOGINDWE,,CO2IND,2,2030,,,,,,0.2724
EmissionActivityRatio,C_Target_VRE_Clipped,GLOBAL,PWRCOGINDWE,,CO2IND,2,2031,,,,,,0.2724
EmissionActivityRatio,C_Target_VRE_Clipped,GLOBAL,PWRCOGINDWE,,CO2IND,2,2032,,,,,,0.2724
EmissionActivityRatio,C_Target_VRE_Clipped,GLOBAL,PWRCOGINDWE,,CO2IND,2,2033,,,,,,0.2724
EmissionActivityRatio,C_Target_VRE_Clipped,GLOBAL,PWRCOGINDWE,,CO2IND,2,2034,,,,,,0.2724
EmissionActivityRatio,C_Target_VRE_Clipped,GLOBAL,PWRCOGINDWE,,CO2IND,2,2035,,,,,,0.2724
EmissionActivityRatio,C_Target_VRE_Clipped,GLOBAL,PWRCOGINDWE,,CO2IND,2,2036,,,,,,0.2724
EmissionActivityRatio,C_Target_VRE_Clipped,GLOBAL,PWRCOGINDWE,,CO2IND,2,2037,,,,,,0.2724
EmissionActivityRatio,C_Target_VRE_Clipped,GLOBAL,PWRCOGINDWE,,CO2IND,2,2038,,,,,,0.2724
EmissionActivityRatio,C_Target_VRE_Clipped,GLOBAL,PWRCOGINDWE,,CO2IND,2,2039,,,,,,0.2724
EmissionActivityRatio,C_Target_VRE_Clipped,GLOBAL,PWRCOGINDWE,,CO2IND,2,2040,,,,,,0.2724
EmissionActivityRatio,C_Target_VRE_Clipped,GLOBAL,PWRCOGINDWE,,CO2IND,2,2041,,,,,,0.2724
EmissionActivityRatio,C_Target_VRE_Clipped,GLOBAL,PWRCOGINDWE,,CO2IND,2,2042,,,,,,0.2724
EmissionActivityRatio,C_Target_VRE_Clipped,GLOBAL,PWRCOGINDWE,,CO2IND,2,2043,,,,,,0.2724
EmissionActivityRatio,C_Target_VRE_Clipped,GLOBAL,PWRCOGINDWE,,CO2IND,2,2044,,,,,,0.2724
EmissionActivityRatio,C_Target_VRE_Clipped,GLOBAL,PWRCOGINDWE,,CO2IND,2,2045,,,,,,0.2724
EmissionActivityRatio,C_Target_VRE_Clipped,GLOBAL,PWRCOGINDWE,,CO2IND,2,2046,,,,,,0.2724
EmissionActivityRatio,C_Target_VRE_Clipped,GLOBAL,PWRCOGINDWE,,CO2IND,2,2047,,,,,,0.2724
EmissionActivityRatio,C_Target_VRE_Clipped,GLOBAL,PWRCOGINDWE,,CO2IND,2,2048,,,,,,0.2724
EmissionActivityRatio,C_Target_VRE_Clipped,GLOBAL,PWRCOGINDWE,,CO2IND,2,2049,,,,,,0.2724
EmissionActivityRatio,C_Target_VRE_Clipped,GLOBAL,PWRCOGINDWE,,CO2IND,2,2050,,,,,,0.2724
EmissionActivityRatio,C_Target_VRE_Clipped,GLOBAL,PWRCOGLKAXX,,CO2LKA,1,2023,,,,,,0.2724
EmissionActivityRatio,C_Target_VRE_Clipped,GLOBAL,PWRCOGLKAXX,,CO2LKA,1,2024,,,,,,0.2724
EmissionActivityRatio,C_Target_VRE_Clipped,GLOBAL,PWRCOGLKAXX,,CO2LKA,1,2025,,,,,,0.2724
EmissionActivityRatio,C_Target_VRE_Clipped,GLOBAL,PWRCOGLKAXX,,CO2LKA,1,2026,,,,,,0.2724
EmissionActivityRatio,C_Target_VRE_Clipped,GLOBAL,PWRCOGLKAXX,,CO2LKA,1,2027,,,,,,0.2724
EmissionActivityRatio,C_Target_VRE_Clipped,GLOBAL,PWRCOGLKAXX,,CO2LKA,1,2028,,,,,,0.2724
EmissionActivityRatio,C_Target_VRE_Clipped,GLOBAL,PWRCOGLKAXX,,CO2LKA,1,2029,,,,,,0.2724
EmissionActivityRatio,C_Target_VRE_Clipped,GLOBAL,PWRCOGLKAXX,,CO2LKA,1,2030,,,,,,0.2724
EmissionActivityRatio,C_Target_VRE_Clipped,GLOBAL,PWRCOGLKAXX,,CO2LKA,1,2031,,,,,,0.2724
EmissionActivityRatio,C_Target_VRE_Clipped,GLOBAL,PWRCOGLKAXX,,CO2LKA,1,2032,,,,,,0.2724
EmissionActivityRatio,C_Target_VRE_Clipped,GLOBAL,PWRCOGLKAXX,,CO2LKA,1,2033,,,,,,0.2724
EmissionActivityRatio,C_Target_VRE_Clipped,GLOBAL,PWRCOGLKAXX,,CO2LKA,1,2034,,,,,,0.2724
EmissionActivityRatio,C_Target_VRE_Clipped,GLOBAL,PWRCOGLKAXX,,CO2LKA,1,2035,,,,,,0.2724
EmissionActivityRatio,C_Target_VRE_Clipped,GLOBAL,PWRCOGLKAXX,,CO2LKA,1,2036,,,,,,0.2724
EmissionActivityRatio,C_Target_VRE_Clipped,GLOBAL,PWRCOGLKAXX,,CO2LKA,1,2037,,,,,,0.2724
EmissionActivityRatio,C_Target_VRE_Clipped,GLOBAL,PWRCOGLKAXX,,CO2LKA,1,2038,,,,,,0.2724
EmissionActivityRatio,C_Target_VRE_Clipped,GLOBAL,PWRCOGLKAXX,,CO2LKA,1,2039,,,,,,0.2724
EmissionActivityRatio,C_Target_VRE_Clipped,GLOBAL,PWRCOGLKAXX,,CO2LKA,1,2040,,,,,,0.2724
EmissionActivityRatio,C_Target_VRE_Clipped,GLOBAL,PWRCOGLKAXX,,CO2LKA,1,2041,,,,,,0.2724
EmissionActivityRatio,C_Target_VRE_Clipped,GLOBAL,PWRCOGLKAXX,,CO2LKA,1,2042,,,,,,0.2724
EmissionActivityRatio,C_Target_VRE_Clipped,GLOBAL,PWRCOGLKAXX,,CO2LKA,1,2043,,,,,,0.2724
EmissionActivityRatio,C_Target_VRE_Clipped,GLOBAL,PWRCOGLKAXX,,CO2LKA,1,2044,,,,,,0.2724
EmissionActivityRatio,C_Target_VRE_Clipped,GLOBAL,PWRCOGLKAXX,,CO2LKA,1,2045,,,,,,0.2724
EmissionActivityRatio,C_Target_VRE_Clipped,GLOBAL,PWRCOGLKAXX,,CO2LKA,1,2046,,,,,,0.2724
EmissionActivityRatio,C_Target_VRE_Clipped,GLOBAL,PWRCOGLKAXX,,CO2LKA,1,2047,,,,,,0.2724
EmissionActivityRatio,C_Target_VRE_Clipped,GLOBAL,PWRCOGLKAXX,,CO2LKA,1,2048,,,,,,0.2724
EmissionActivityRatio,C_Target_VRE_Clipped,GLOBAL,PWRCOGLKAXX,,CO2LKA,1,2049,,,,,,0.2724
EmissionActivityRatio,C_Target_VRE_Clipped,GLOBAL,PWRCOGLKAXX,,CO2LKA,1,2050,,,,,,0.2724
EmissionActivityRatio,C_Target_VRE_Clipped,GLOBAL,PWRCOGLKAXX,,CO2LKA,2,2023,,,,,,0.2724
EmissionActivityRatio,C_Target_VRE_Clipped,GLOBAL,PWRCOGLKAXX,,CO2LKA,2,2024,,,,,,0.2724
EmissionActivityRatio,C_Target_VRE_Clipped,GLOBAL,PWRCOGLKAXX,,CO2LKA,2,2025,,,,,,0.2724
EmissionActivityRatio,C_Target_VRE_Clipped,GLOBAL,PWRCOGLKAXX,,CO2LKA,2,2026,,,,,,0.2724
EmissionActivityRatio,C_Target_VRE_Clipped,GLOBAL,PWRCOGLKAXX,,CO2LKA,2,2027,,,,,,0.2724
EmissionActivityRatio,C_Target_VRE_Clipped,GLOBAL,PWRCOGLKAXX,,CO2LKA,2,2028,,,,,,0.2724
EmissionActivityRatio,C_Target_VRE_Clipped,GLOBAL,PWRCOGLKAXX,,CO2LKA,2,2029,,,,,,0.2724
EmissionActivityRatio,C_Target_VRE_Clipped,GLOBAL,PWRCOGLKAXX,,CO2LKA,2,2030,,,,,,0.2724
EmissionActivityRatio,C_Target_VRE_Clipped,GLOBAL,PWRCOGLKAXX,,CO2LKA,2,2031,,,,,,0.2724
EmissionActivityRatio,C_Target_VRE_Clipped,GLOBAL,PWRCOGLKAXX,,CO2LKA,2,2032,,,,,,0.2724
EmissionActivityRatio,C_Target_VRE_Clipped,GLOBAL,PWRCOGLKAXX,,CO2LKA,2,2033,,,,,,0.2724
EmissionActivityRatio,C_Target_VRE_Clipped,GLOBAL,PWRCOGLKAXX,,CO2LKA,2,2034,,,,,,0.2724
EmissionActivityRatio,C_Target_VRE_Clipped,GLOBAL,PWRCOGLKAXX,,CO2LKA,2,2035,,,,,,0.2724
EmissionActivityRatio,C_Target_VRE_Clipped,GLOBAL,PWRCOGLKAXX,,CO2LKA,2,2036,,,,,,0.2724
EmissionActivityRatio,C_Target_VRE_Clipped,GLOBAL,PWRCOGLKAXX,,CO2LKA,2,2037,,,,,,0.2724
EmissionActivityRatio,C_Target_VRE_Clipped,GLOBAL,PWRCOGLKAXX,,CO2LKA,2,2038,,,,,,0.2724
EmissionActivityRatio,C_Target_VRE_Clipped,GLOBAL,PWRCOGLKAXX,,CO2LKA,2,2039,,,,,,0.2724
EmissionActivityRatio,C_Target_VRE_Clipped,GLOBAL,PWRCOGLKAXX,,CO2LKA,2,2040,,,,,,0.2724
EmissionActivityRatio,C_Target_VRE_Clipped,GLOBAL,PWRCOGLKAXX,,CO2LKA,2,2041,,,,,,0.2724
EmissionActivityRatio,C_Target_VRE_Clipped,GLOBAL,PWRCOGLKAXX,,CO2LKA,2,2042,,,,,,0.2724
EmissionActivityRatio,C_Target_VRE_Clipped,GLOBAL,PWRCOGLKAXX,,CO2LKA,2,2043,,,,,,0.2724
EmissionActivityRatio,C_Target_VRE_Clipped,GLOBAL,PWRCOGLKAXX,,CO2LKA,2,2044,,,,,,0.2724
EmissionActivityRatio,C_Target_VRE_Clipped,GLOBAL,PWRCOGLKAXX,,CO2LKA,2,2045,,,,,,0.2724
EmissionActivityRatio,C_Target_VRE_Clipped,GLOBAL,PWRCOGLKAXX,,CO2LKA,2,2046,,,,,,0.2724
EmissionActivityRatio,C_Target_VRE_Clipped,GLOBAL,PWRCOGLKAXX,,CO2LKA,2,2047,,,,,,0.2724
EmissionActivityRatio,C_Target_VRE_Clipped,GLOBAL,PWRCOGLKAXX,,CO2LKA,2,2048,,,,,,0.2724
EmissionActivityRatio,C_Target_VRE_Clipped,GLOBAL,PWRCOGLKAXX,,CO2LKA,2,2049,,,,,,0.2724
EmissionActivityRatio,C_Target_VRE_Clipped,GLOBAL,PWRCOGLKAXX,,CO2LKA,2,2050,,,,,,0.2724
EmissionActivityRatio,C_Target_VRE_Clipped,GLOBAL,PWRNGSINDEA,,CO2IND,1,2023,,,,,,0.13075
EmissionActivityRatio,C_Target_VRE_Clipped,GLOBAL,PWRNGSINDEA,,CO2IND,1,2024,,,,,,0.13075
EmissionActivityRatio,C_Target_VRE_Clipped,GLOBAL,PWRNGSINDEA,,CO2IND,1,2025,,,,,,0.13075
EmissionActivityRatio,C_Target_VRE_Clipped,GLOBAL,PWRNGSINDEA,,CO2IND,1,2026,,,,,,0.13075
EmissionActivityRatio,C_Target_VRE_Clipped,GLOBAL,PWRNGSINDEA,,CO2IND,1,2027,,,,,,0.13075
EmissionActivityRatio,C_Target_VRE_Clipped,GLOBAL,PWRNGSINDEA,,CO2IND,1,2028,,,,,,0.13075
EmissionActivityRatio,C_Target_VRE_Clipped,GLOBAL,PWRNGSINDEA,,CO2IND,1,2029,,,,,,0.13075
EmissionActivityRatio,C_Target_VRE_Clipped,GLOBAL,PWRNGSINDEA,,CO2IND,1,2030,,,,,,0.13075
EmissionActivityRatio,C_Target_VRE_Clipped,GLOBAL,PWRNGSINDEA,,CO2IND,1,2031,,,,,,0.13075
EmissionActivityRatio,C_Target_VRE_Clipped,GLOBAL,PWRNGSINDEA,,CO2IND,1,2032,,,,,,0.13075
EmissionActivityRatio,C_Target_VRE_Clipped,GLOBAL,PWRNGSINDEA,,CO2IND,1,2033,,,,,,0.13075
EmissionActivityRatio,C_Target_VRE_Clipped,GLOBAL,PWRNGSINDEA,,CO2IND,1,2034,,,,,,0.13075
EmissionActivityRatio,C_Target_VRE_Clipped,GLOBAL,PWRNGSINDEA,,CO2IND,1,2035,,,,,,0.13075
EmissionActivityRatio,C_Target_VRE_Clipped,GLOBAL,PWRNGSINDEA,,CO2IND,1,2036,,,,,,0.13075
EmissionActivityRatio,C_Target_VRE_Clipped,GLOBAL,PWRNGSINDEA,,CO2IND,1,2037,,,,,,0.13075
EmissionActivityRatio,C_Target_VRE_Clipped,GLOBAL,PWRNGSINDEA,,CO2IND,1,2038,,,,,,0.13075
EmissionActivityRatio,C_Target_VRE_Clipped,GLOBAL,PWRNGSINDEA,,CO2IND,1,2039,,,,,,0.13075
EmissionActivityRatio,C_Target_VRE_Clipped,GLOBAL,PWRNGSINDEA,,CO2IND,1,2040,,,,,,0.13075
EmissionActivityRatio,C_Target_VRE_Clipped,GLOBAL,PWRNGSINDEA,,CO2IND,1,2041,,,,,,0.13075
EmissionActivityRatio,C_Target_VRE_Clipped,GLOBAL,PWRNGSINDEA,,CO2IND,1,2042,,,,,,0.13075
EmissionActivityRatio,C_Target_VRE_Clipped,GLOBAL,PWRNGSINDEA,,CO2IND,1,2043,,,,,,0.13075
EmissionActivityRatio,C_Target_VRE_Clipped,GLOBAL,PWRNGSINDEA,,CO2IND,1,2044,,,,,,0.13075
EmissionActivityRatio,C_Target_VRE_Clipped,GLOBAL,PWRNGSINDEA,,CO2IND,1,2045,,,,,,0.13075
EmissionActivityRatio,C_Target_VRE_Clipped,GLOBAL,PWRNGSINDEA,,CO2IND,1,2046,,,,,,0.13075
EmissionActivityRatio,C_Target_VRE_Clipped,GLOBAL,PWRNGSINDEA,,CO2IND,1,2047,,,,,,0.13075
EmissionActivityRatio,C_Target_VRE_Clipped,GLOBAL,PWRNGSINDEA,,CO2IND,1,2048,,,,,,0.13075
EmissionActivityRatio,C_Target_VRE_Clipped,GLOBAL,PWRNGSINDEA,,CO2IND,1,2049,,,,,,0.13075
EmissionActivityRatio,C_Target_VRE_Clipped,GLOBAL,PWRNGSINDEA,,CO2IND,1,2050,,,,,,0.13075
EmissionActivityRatio,C_Target_VRE_Clipped,GLOBAL,PWRNGSINDEA,,CO2IND,2,2023,,,,,,0.13075
EmissionActivityRatio,C_Target_VRE_Clipped,GLOBAL,PWRNGSINDEA,,CO2IND,2,2024,,,,,,0.13075
EmissionActivityRatio,C_Target_VRE_Clipped,GLOBAL,PWRNGSINDEA,,CO2IND,2,2025,,,,,,0.13075
EmissionActivityRatio,C_Target_VRE_Clipped,GLOBAL,PWRNGSINDEA,,CO2IND,2,2026,,,,,,0.13075
EmissionActivityRatio,C_Target_VRE_Clipped,GLOBAL,PWRNGSINDEA,,CO2IND,2,2027,,,,,,0.13075
EmissionActivityRatio,C_Target_VRE_Clipped,GLOBAL,PWRNGSINDEA,,CO2IND,2,2028,,,,,,0.13075
EmissionActivityRatio,C_Target_VRE_Clipped,GLOBAL,PWRNGSINDEA,,CO2IND,2,2029,,,,,,0.13075
EmissionActivityRatio,C_Target_VRE_Clipped,GLOBAL,PWRNGSINDEA,,CO2IND,2,2030,,,,,,0.13075
EmissionActivityRatio,C_Target_VRE_Clipped,GLOBAL,PWRNGSINDEA,,CO2IND,2,2031,,,,,,0.13075
EmissionActivityRatio,C_Target_VRE_Clipped,GLOBAL,PWRNGSINDEA,,CO2IND,2,2032,,,,,,0.13075
EmissionActivityRatio,C_Target_VRE_Clipped,GLOBAL,PWRNGSINDEA,,CO2IND,2,2033,,,,,,0.13075
EmissionActivityRatio,C_Target_VRE_Clipped,GLOBAL,PWRNGSINDEA,,CO2IND,2,2034,,,,,,0.13075
EmissionActivityRatio,C_Target_VRE_Clipped,GLOBAL,PWRNGSINDEA,,CO2IND,2,2035,,,,,,0.13075
EmissionActivityRatio,C_Target_VRE_Clipped,GLOBAL,PWRNGSINDEA,,CO2IND,2,2036,,,,,,0.13075
EmissionActivityRatio,C_Target_VRE_Clipped,GLOBAL,PWRNGSINDEA,,CO2IND,2,2037,,,,,,0.13075
EmissionActivityRatio,C_Target_VRE_Clipped,GLOBAL,PWRNGSINDEA,,CO2IND,2,2038,,,,,,0.13075
EmissionActivityRatio,C_Target_VRE_Clipped,GLOBAL,PWRNGSINDEA,,CO2IND,2,2039,,,,,,0.13075
EmissionActivityRatio,C_Target_VRE_Clipped,GLOBAL,PWRNGSINDEA,,CO2IND,2,2040,,,,,,0.13075
EmissionActivityRatio,C_Target_VRE_Clipped,GLOBAL,PWRNGSINDEA,,CO2IND,2,2041,,,,,,0.13075
EmissionActivityRatio,C_Target_VRE_Clipped,GLOBAL,PWRNGSINDEA,,CO2IND,2,2042,,,,,,0.13075
EmissionActivityRatio,C_Target_VRE_Clipped,GLOBAL,PWRNGSINDEA,,CO2IND,2,2043,,,,,,0.13075
EmissionActivityRatio,C_Target_VRE_Clipped,GLOBAL,PWRNGSINDEA,,CO2IND,2,2044,,,,,,0.13075
EmissionActivityRatio,C_Target_VRE_Clipped,GLOBAL,PWRNGSINDEA,,CO2IND,2,2045,,,,,,0.13075
EmissionActivityRatio,C_Target_VRE_Clipped,GLOBAL,PWRNGSINDEA,,CO2IND,2,2046,,,,,,0.13075
EmissionActivityRatio,C_Target_VRE_Clipped,GLOBAL,PWRNGSINDEA,,CO2IND,2,2047,,,,,,0.13075
EmissionActivityRatio,C_Target_VRE_Clipped,GLOBAL,PWRNGSINDEA,,CO2IND,2,2048,,,,,,0.13075
EmissionActivityRatio,C_Target_VRE_Clipped,GLOBAL,PWRNGSINDEA,,CO2IND,2,2049,,,,,,0.13075
EmissionActivityRatio,C_Target_VRE_Clipped,GLOBAL,PWRNGSINDEA,,CO2IND,2,2050,,,,,,0.13075
EmissionActivityRatio,C_Target_VRE_Clipped,GLOBAL,PWRNGSINDNE,,CO2IND,1,2023,,,,,,0.12985
EmissionActivityRatio,C_Target_VRE_Clipped,GLOBAL,PWRNGSINDNE,,CO2IND,1,2024,,,,,,0.12985
EmissionActivityRatio,C_Target_VRE_Clipped,GLOBAL,PWRNGSINDNE,,CO2IND,1,2025,,,,,,0.12985
EmissionActivityRatio,C_Target_VRE_Clipped,GLOBAL,PWRNGSINDNE,,CO2IND,1,2026,,,,,,0.12985
EmissionActivityRatio,C_Target_VRE_Clipped,GLOBAL,PWRNGSINDNE,,CO2IND,1,2027,,,,,,0.12985
EmissionActivityRatio,C_Target_VRE_Clipped,GLOBAL,PWRNGSINDNE,,CO2IND,1,2028,,,,,,0.12985
EmissionActivityRatio,C_Target_VRE_Clipped,GLOBAL,PWRNGSINDNE,,CO2IND,1,2029,,,,,,0.12985
EmissionActivityRatio,C_Target_VRE_Clipped,GLOBAL,PWRNGSINDNE,,CO2IND,1,2030,,,,,,0.12985
EmissionActivityRatio,C_Target_VRE_Clipped,GLOBAL,PWRNGSINDNE,,CO2IND,1,2031,,,,,,0.12985
EmissionActivityRatio,C_Target_VRE_Clipped,GLOBAL,PWRNGSINDNE,,CO2IND,1,2032,,,,,,0.12985
EmissionActivityRatio,C_Target_VRE_Clipped,GLOBAL,PWRNGSINDNE,,CO2IND,1,2033,,,,,,0.12985
EmissionActivityRatio,C_Target_VRE_Clipped,GLOBAL,PWRNGSINDNE,,CO2IND,1,2034,,,,,,0.12985
EmissionActivityRatio,C_Target_VRE_Clipped,GLOBAL,PWRNGSINDNE,,CO2IND,1,2035,,,,,,0.12985
EmissionActivityRatio,C_Target_VRE_Clipped,GLOBAL,PWRNGSINDNE,,CO2IND,1,2036,,,,,,0.12985
EmissionActivityRatio,C_Target_VRE_Clipped,GLOBAL,PWRNGSINDNE,,CO2IND,1,2037,,,,,,0.12985
EmissionActivityRatio,C_Target_VRE_Clipped,GLOBAL,PWRNGSINDNE,,CO2IND,1,2038,,,,,,0.12985
EmissionActivityRatio,C_Target_VRE_Clipped,GLOBAL,PWRNGSINDNE,,CO2IND,1,2039,,,,,,0.12985
EmissionActivityRatio,C_Target_VRE_Clipped,GLOBAL,PWRNGSINDNE,,CO2IND,1,2040,,,,,,0.12985
EmissionActivityRatio,C_Target_VRE_Clipped,GLOBAL,PWRNGSINDNE,,CO2IND,1,2041,,,,,,0.12985
EmissionActivityRatio,C_Target_VRE_Clipped,GLOBAL,PWRNGSINDNE,,CO2IND,1,2042,,,,,,0.12985
EmissionActivityRatio,C_Target_VRE_Clipped,GLOBAL,PWRNGSINDNE,,CO2IND,1,2043,,,,,,0.12985
EmissionActivityRatio,C_Target_VRE_Clipped,GLOBAL,PWRNGSINDNE,,CO2IND,1,2044,,,,,,0.12985
EmissionActivityRatio,C_Target_VRE_Clipped,GLOBAL,PWRNGSINDNE,,CO2IND,1,2045,,,,,,0.12985
EmissionActivityRatio,C_Target_VRE_Clipped,GLOBAL,PWRNGSINDNE,,CO2IND,1,2046,,,,,,0.12985
EmissionActivityRatio,C_Target_VRE_Clipped,GLOBAL,PWRNGSINDNE,,CO2IND,1,2047,,,,,,0.12985
EmissionActivityRatio,C_Target_VRE_Clipped,GLOBAL,PWRNGSINDNE,,CO2IND,1,2048,,,,,,0.12985
EmissionActivityRatio,C_Target_VRE_Clipped,GLOBAL,PWRNGSINDNE,,CO2IND,1,2049,,,,,,0.12985
EmissionActivityRatio,C_Target_VRE_Clipped,GLOBAL,PWRNGSINDNE,,CO2IND,1,2050,,,,,,0.12985
EmissionActivityRatio,C_Target_VRE_Clipped,GLOBAL,PWRNGSINDNE,,CO2IND,2,2023,,,,,,0.12985
EmissionActivityRatio,C_Target_VRE_Clipped,GLOBAL,PWRNGSINDNE,,CO2IND,2,2024,,,,,,0.12985
EmissionActivityRatio,C_Target_VRE_Clipped,GLOBAL,PWRNGSINDNE,,CO2IND,2,2025,,,,,,0.12985
EmissionActivityRatio,C_Target_VRE_Clipped,GLOBAL,PWRNGSINDNE,,CO2IND,2,2026,,,,,,0.12985
EmissionActivityRatio,C_Target_VRE_Clipped,GLOBAL,PWRNGSINDNE,,CO2IND,2,2027,,,,,,0.12985
EmissionActivityRatio,C_Target_VRE_Clipped,GLOBAL,PWRNGSINDNE,,CO2IND,2,2028,,,,,,0.12985
EmissionActivityRatio,C_Target_VRE_Clipped,GLOBAL,PWRNGSINDNE,,CO2IND,2,2029,,,,,,0.12985
EmissionActivityRatio,C_Target_VRE_Clipped,GLOBAL,PWRNGSINDNE,,CO2IND,2,2030,,,,,,0.12985
EmissionActivityRatio,C_Target_VRE_Clipped,GLOBAL,PWRNGSINDNE,,CO2IND,2,2031,,,,,,0.12985
EmissionActivityRatio,C_Target_VRE_Clipped,GLOBAL,PWRNGSINDNE,,CO2IND,2,2032,,,,,,0.12985
EmissionActivityRatio,C_Target_VRE_Clipped,GLOBAL,PWRNGSINDNE,,CO2IND,2,2033,,,,,,0.12985
EmissionActivityRatio,C_Target_VRE_Clipped,GLOBAL,PWRNGSINDNE,,CO2IND,2,2034,,,,,,0.12985
EmissionActivityRatio,C_Target_VRE_Clipped,GLOBAL,PWRNGSINDNE,,CO2IND,2,2035,,,,,,0.12985
EmissionActivityRatio,C_Target_VRE_Clipped,GLOBAL,PWRNGSINDNE,,CO2IND,2,2036,,,,,,0.12985
EmissionActivityRatio,C_Target_VRE_Clipped,GLOBAL,PWRNGSINDNE,,CO2IND,2,2037,,,,,,0.12985
EmissionActivityRatio,C_Target_VRE_Clipped,GLOBAL,PWRNGSINDNE,,CO2IND,2,2038,,,,,,0.12985
EmissionActivityRatio,C_Target_VRE_Clipped,GLOBAL,PWRNGSINDNE,,CO2IND,2,2039,,,,,,0.12985
EmissionActivityRatio,C_Target_VRE_Clipped,GLOBAL,PWRNGSINDNE,,CO2IND,2,2040,,,,,,0.12985
EmissionActivityRatio,C_Target_VRE_Clipped,GLOBAL,PWRNGSINDNE,,CO2IND,2,2041,,,,,,0.12985
EmissionActivityRatio,C_Target_VRE_Clipped,GLOBAL,PWRNGSINDNE,,CO2IND,2,2042,,,,,,0.12985
EmissionActivityRatio,C_Target_VRE_Clipped,GLOBAL,PWRNGSINDNE,,CO2IND,2,2043,,,,,,0.12985
EmissionActivityRatio,C_Target_VRE_Clipped,GLOBAL,PWRNGSINDNE,,CO2IND,2,2044,,,,,,0.12985
EmissionActivityRatio,C_Target_VRE_Clipped,GLOBAL,PWRNGSINDNE,,CO2IND,2,2045,,,,,,0.12985
EmissionActivityRatio,C_Target_VRE_Clipped,GLOBAL,PWRNGSINDNE,,CO2IND,2,2046,,,,,,0.12985
EmissionActivityRatio,C_Target_VRE_Clipped,GLOBAL,PWRNGSINDNE,,CO2IND,2,2047,,,,,,0.12985
EmissionActivityRatio,C_Target_VRE_Clipped,GLOBAL,PWRNGSINDNE,,CO2IND,2,2048,,,,,,0.12985
EmissionActivityRatio,C_Target_VRE_Clipped,GLOBAL,PWRNGSINDNE,,CO2IND,2,2049,,,,,,0.12985
EmissionActivityRatio,C_Target_VRE_Clipped,GLOBAL,PWRNGSINDNE,,CO2IND,2,2050,,,,,,0.12985
EmissionActivityRatio,C_Target_VRE_Clipped,GLOBAL,PWRNGSINDNO,,CO2IND,1,2023,,,,,,0.12925
EmissionActivityRatio,C_Target_VRE_Clipped,GLOBAL,PWRNGSINDNO,,CO2IND,1,2024,,,,,,0.12925
EmissionActivityRatio,C_Target_VRE_Clipped,GLOBAL,PWRNGSINDNO,,CO2IND,1,2025,,,,,,0.12925
EmissionActivityRatio,C_Target_VRE_Clipped,GLOBAL,PWRNGSINDNO,,CO2IND,1,2026,,,,,,0.12925
EmissionActivityRatio,C_Target_VRE_Clipped,GLOBAL,PWRNGSINDNO,,CO2IND,1,2027,,,,,,0.12925
EmissionActivityRatio,C_Target_VRE_Clipped,GLOBAL,PWRNGSINDNO,,CO2IND,1,2028,,,,,,0.12925
EmissionActivityRatio,C_Target_VRE_Clipped,GLOBAL,PWRNGSINDNO,,CO2IND,1,2029,,,,,,0.12925
EmissionActivityRatio,C_Target_VRE_Clipped,GLOBAL,PWRNGSINDNO,,CO2IND,1,2030,,,,,,0.12925
EmissionActivityRatio,C_Target_VRE_Clipped,GLOBAL,PWRNGSINDNO,,CO2IND,1,2031,,,,,,0.12925
EmissionActivityRatio,C_Target_VRE_Clipped,GLOBAL,PWRNGSINDNO,,CO2IND,1,2032,,,,,,0.12925
EmissionActivityRatio,C_Target_VRE_Clipped,GLOBAL,PWRNGSINDNO,,CO2IND,1,2033,,,,,,0.12925
EmissionActivityRatio,C_Target_VRE_Clipped,GLOBAL,PWRNGSINDNO,,CO2IND,1,2034,,,,,,0.12925
EmissionActivityRatio,C_Target_VRE_Clipped,GLOBAL,PWRNGSINDNO,,CO2IND,1,2035,,,,,,0.12925
EmissionActivityRatio,C_Target_VRE_Clipped,GLOBAL,PWRNGSINDNO,,CO2IND,1,2036,,,,,,0.12925
EmissionActivityRatio,C_Target_VRE_Clipped,GLOBAL,PWRNGSINDNO,,CO2IND,1,2037,,,,,,0.12925
EmissionActivityRatio,C_Target_VRE_Clipped,GLOBAL,PWRNGSINDNO,,CO2IND,1,2038,,,,,,0.12925
EmissionActivityRatio,C_Target_VRE_Clipped,GLOBAL,PWRNGSINDNO,,CO2IND,1,2039,,,,,,0.12925
EmissionActivityRatio,C_Target_VRE_Clipped,GLOBAL,PWRNGSINDNO,,CO2IND,1,2040,,,,,,0.12925
EmissionActivityRatio,C_Target_VRE_Clipped,GLOBAL,PWRNGSINDNO,,CO2IND,1,2041,,,,,,0.12925
EmissionActivityRatio,C_Target_VRE_Clipped,GLOBAL,PWRNGSINDNO,,CO2IND,1,2042,,,,,,0.12925
EmissionActivityRatio,C_Target_VRE_Clipped,GLOBAL,PWRNGSINDNO,,CO2IND,1,2043,,,,,,0.12925
EmissionActivityRatio,C_Target_VRE_Clipped,GLOBAL,PWRNGSINDNO,,CO2IND,1,2044,,,,,,0.12925
EmissionActivityRatio,C_Target_VRE_Clipped,GLOBAL,PWRNGSINDNO,,CO2IND,1,2045,,,,,,0.12925
EmissionActivityRatio,C_Target_VRE_Clipped,GLOBAL,PWRNGSINDNO,,CO2IND,1,2046,,,,,,0.12925
EmissionActivityRatio,C_Target_VRE_Clipped,GLOBAL,PWRNGSINDNO,,CO2IND,1,2047,,,,,,0.12925
EmissionActivityRatio,C_Target_VRE_Clipped,GLOBAL,PWRNGSINDNO,,CO2IND,1,2048,,,,,,0.12925
EmissionActivityRatio,C_Target_VRE_Clipped,GLOBAL,PWRNGSINDNO,,CO2IND,1,2049,,,,,,0.12925
EmissionActivityRatio,C_Target_VRE_Clipped,GLOBAL,PWRNGSINDNO,,CO2IND,1,2050,,,,,,0.12925
EmissionActivityRatio,C_Target_VRE_Clipped,GLOBAL,PWRNGSINDNO,,CO2IND,2,2023,,,,,,0.12925
EmissionActivityRatio,C_Target_VRE_Clipped,GLOBAL,PWRNGSINDNO,,CO2IND,2,2024,,,,,,0.12925
EmissionActivityRatio,C_Target_VRE_Clipped,GLOBAL,PWRNGSINDNO,,CO2IND,2,2025,,,,,,0.12925
EmissionActivityRatio,C_Target_VRE_Clipped,GLOBAL,PWRNGSINDNO,,CO2IND,2,2026,,,,,,0.12925
EmissionActivityRatio,C_Target_VRE_Clipped,GLOBAL,PWRNGSINDNO,,CO2IND,2,2027,,,,,,0.12925
EmissionActivityRatio,C_Target_VRE_Clipped,GLOBAL,PWRNGSINDNO,,CO2IND,2,2028,,,,,,0.12925
EmissionActivityRatio,C_Target_VRE_Clipped,GLOBAL,PWRNGSINDNO,,CO2IND,2,2029,,,,,,0.12925
EmissionActivityRatio,C_Target_VRE_Clipped,GLOBAL,PWRNGSINDNO,,CO2IND,2,2030,,,,,,0.12925
EmissionActivityRatio,C_Target_VRE_Clipped,GLOBAL,PWRNGSINDNO,,CO2IND,2,2031,,,,,,0.12925
EmissionActivityRatio,C_Target_VRE_Clipped,GLOBAL,PWRNGSINDNO,,CO2IND,2,2032,,,,,,0.12925
EmissionActivityRatio,C_Target_VRE_Clipped,GLOBAL,PWRNGSINDNO,,CO2IND,2,2033,,,,,,0.12925
EmissionActivityRatio,C_Target_VRE_Clipped,GLOBAL,PWRNGSINDNO,,CO2IND,2,2034,,,,,,0.12925
EmissionActivityRatio,C_Target_VRE_Clipped,GLOBAL,PWRNGSINDNO,,CO2IND,2,2035,,,,,,0.12925
EmissionActivityRatio,C_Target_VRE_Clipped,GLOBAL,PWRNGSINDNO,,CO2IND,2,2036,,,,,,0.12925
EmissionActivityRatio,C_Target_VRE_Clipped,GLOBAL,PWRNGSINDNO,,CO2IND,2,2037,,,,,,0.12925
EmissionActivityRatio,C_Target_VRE_Clipped,GLOBAL,PWRNGSINDNO,,CO2IND,2,2038,,,,,,0.12925
EmissionActivityRatio,C_Target_VRE_Clipped,GLOBAL,PWRNGSINDNO,,CO2IND,2,2039,,,,,,0.12925
EmissionActivityRatio,C_Target_VRE_Clipped,GLOBAL,PWRNGSINDNO,,CO2IND,2,2040,,,,,,0.12925
EmissionActivityRatio,C_Target_VRE_Clipped,GLOBAL,PWRNGSINDNO,,CO2IND,2,2041,,,,,,0.12925
EmissionActivityRatio,C_Target_VRE_Clipped,GLOBAL,PWRNGSINDNO,,CO2IND,2,2042,,,,,,0.12925
EmissionActivityRatio,C_Target_VRE_Clipped,GLOBAL,PWRNGSINDNO,,CO2IND,2,2043,,,,,,0.12925
EmissionActivityRatio,C_Target_VRE_Clipped,GLOBAL,PWRNGSINDNO,,CO2IND,2,2044,,,,,,0.12925
EmissionActivityRatio,C_Target_VRE_Clipped,GLOBAL,PWRNGSINDNO,,CO2IND,2,2045,,,,,,0.12925
EmissionActivityRatio,C_Target_VRE_Clipped,GLOBAL,PWRNGSINDNO,,CO2IND,2,2046,,,,,,0.12925
EmissionActivityRatio,C_Target_VRE_Clipped,GLOBAL,PWRNGSINDNO,,CO2IND,2,2047,,,,,,0.12925
EmissionActivityRatio,C_Target_VRE_Clipped,GLOBAL,PWRNGSINDNO,,CO2IND,2,2048,,,,,,0.12925
EmissionActivityRatio,C_Target_VRE_Clipped,GLOBAL,PWRNGSINDNO,,CO2IND,2,2049,,,,,,0.12925
EmissionActivityRatio,C_Target_VRE_Clipped,GLOBAL,PWRNGSINDNO,,CO2IND,2,2050,,,,,,0.12925
EmissionActivityRatio,C_Target_VRE_Clipped,GLOBAL,PWRNGSINDSO,,CO2IND,1,2023,,,,,,0.12875
EmissionActivityRatio,C_Target_VRE_Clipped,GLOBAL,PWRNGSINDSO,,CO2IND,1,2024,,,,,,0.12875
EmissionActivityRatio,C_Target_VRE_Clipped,GLOBAL,PWRNGSINDSO,,CO2IND,1,2025,,,,,,0.12875
EmissionActivityRatio,C_Target_VRE_Clipped,GLOBAL,PWRNGSINDSO,,CO2IND,1,2026,,,,,,0.12875
EmissionActivityRatio,C_Target_VRE_Clipped,GLOBAL,PWRNGSINDSO,,CO2IND,1,2027,,,,,,0.12875
EmissionActivityRatio,C_Target_VRE_Clipped,GLOBAL,PWRNGSINDSO,,CO2IND,1,2028,,,,,,0.12875
EmissionActivityRatio,C_Target_VRE_Clipped,GLOBAL,PWRNGSINDSO,,CO2IND,1,2029,,,,,,0.12875
EmissionActivityRatio,C_Target_VRE_Clipped,GLOBAL,PWRNGSINDSO,,CO2IND,1,2030,,,,,,0.12875
EmissionActivityRatio,C_Target_VRE_Clipped,GLOBAL,PWRNGSINDSO,,CO2IND,1,2031,,,,,,0.12875
EmissionActivityRatio,C_Target_VRE_Clipped,GLOBAL,PWRNGSINDSO,,CO2IND,1,2032,,,,,,0.12875
EmissionActivityRatio,C_Target_VRE_Clipped,GLOBAL,PWRNGSINDSO,,CO2IND,1,2033,,,,,,0.12875
EmissionActivityRatio,C_Target_VRE_Clipped,GLOBAL,PWRNGSINDSO,,CO2IND,1,2034,,,,,,0.12875
EmissionActivityRatio,C_Target_VRE_Clipped,GLOBAL,PWRNGSINDSO,,CO2IND,1,2035,,,,,,0.12875
EmissionActivityRatio,C_Target_VRE_Clipped,GLOBAL,PWRNGSINDSO,,CO2IND,1,2036,,,,,,0.12875
EmissionActivityRatio,C_Target_VRE_Clipped,GLOBAL,PWRNGSINDSO,,CO2IND,1,2037,,,,,,0.12875
EmissionActivityRatio,C_Target_VRE_Clipped,GLOBAL,PWRNGSINDSO,,CO2IND,1,2038,,,,,,0.12875
EmissionActivityRatio,C_Target_VRE_Clipped,GLOBAL,PWRNGSINDSO,,CO2IND,1,2039,,,,,,0.12875
EmissionActivityRatio,C_Target_VRE_Clipped,GLOBAL,PWRNGSINDSO,,CO2IND,1,2040,,,,,,0.12875
EmissionActivityRatio,C_Target_VRE_Clipped,GLOBAL,PWRNGSINDSO,,CO2IND,1,2041,,,,,,0.12875
EmissionActivityRatio,C_Target_VRE_Clipped,GLOBAL,PWRNGSINDSO,,CO2IND,1,2042,,,,,,0.12875
EmissionActivityRatio,C_Target_VRE_Clipped,GLOBAL,PWRNGSINDSO,,CO2IND,1,2043,,,,,,0.12875
EmissionActivityRatio,C_Target_VRE_Clipped,GLOBAL,PWRNGSINDSO,,CO2IND,1,2044,,,,,,0.12875
EmissionActivityRatio,C_Target_VRE_Clipped,GLOBAL,PWRNGSINDSO,,CO2IND,1,2045,,,,,,0.12875
EmissionActivityRatio,C_Target_VRE_Clipped,GLOBAL,PWRNGSINDSO,,CO2IND,1,2046,,,,,,0.12875
EmissionActivityRatio,C_Target_VRE_Clipped,GLOBAL,PWRNGSINDSO,,CO2IND,1,2047,,,,,,0.12875
EmissionActivityRatio,C_Target_VRE_Clipped,GLOBAL,PWRNGSINDSO,,CO2IND,1,2048,,,,,,0.12875
EmissionActivityRatio,C_Target_VRE_Clipped,GLOBAL,PWRNGSINDSO,,CO2IND,1,2049,,,,,,0.12875
EmissionActivityRatio,C_Target_VRE_Clipped,GLOBAL,PWRNGSINDSO,,CO2IND,1,2050,,,,,,0.12875
EmissionActivityRatio,C_Target_VRE_Clipped,GLOBAL,PWRNGSINDSO,,CO2IND,2,2023,,,,,,0.12875
EmissionActivityRatio,C_Target_VRE_Clipped,GLOBAL,PWRNGSINDSO,,CO2IND,2,2024,,,,,,0.12875
EmissionActivityRatio,C_Target_VRE_Clipped,GLOBAL,PWRNGSINDSO,,CO2IND,2,2025,,,,,,0.12875
EmissionActivityRatio,C_Target_VRE_Clipped,GLOBAL,PWRNGSINDSO,,CO2IND,2,2026,,,,,,0.12875
EmissionActivityRatio,C_Target_VRE_Clipped,GLOBAL,PWRNGSINDSO,,CO2IND,2,2027,,,,,,0.12875
EmissionActivityRatio,C_Target_VRE_Clipped,GLOBAL,PWRNGSINDSO,,CO2IND,2,2028,,,,,,0.12875
EmissionActivityRatio,C_Target_VRE_Clipped,GLOBAL,PWRNGSINDSO,,CO2IND,2,2029,,,,,,0.12875
EmissionActivityRatio,C_Target_VRE_Clipped,GLOBAL,PWRNGSINDSO,,CO2IND,2,2030,,,,,,0.12875
EmissionActivityRatio,C_Target_VRE_Clipped,GLOBAL,PWRNGSINDSO,,CO2IND,2,2031,,,,,,0.12875
EmissionActivityRatio,C_Target_VRE_Clipped,GLOBAL,PWRNGSINDSO,,CO2IND,2,2032,,,,,,0.12875
EmissionActivityRatio,C_Target_VRE_Clipped,GLOBAL,PWRNGSINDSO,,CO2IND,2,2033,,,,,,0.12875
EmissionActivityRatio,C_Target_VRE_Clipped,GLOBAL,PWRNGSINDSO,,CO2IND,2,2034,,,,,,0.12875
EmissionActivityRatio,C_Target_VRE_Clipped,GLOBAL,PWRNGSINDSO,,CO2IND,2,2035,,,,,,0.12875
EmissionActivityRatio,C_Target_VRE_Clipped,GLOBAL,PWRNGSINDSO,,CO2IND,2,2036,,,,,,0.12875
EmissionActivityRatio,C_Target_VRE_Clipped,GLOBAL,PWRNGSINDSO,,CO2IND,2,2037,,,,,,0.12875
EmissionActivityRatio,C_Target_VRE_Clipped,GLOBAL,PWRNGSINDSO,,CO2IND,2,2038,,,,,,0.12875
EmissionActivityRatio,C_Target_VRE_Clipped,GLOBAL,PWRNGSINDSO,,CO2IND,2,2039,,,,,,0.12875
EmissionActivityRatio,C_Target_VRE_Clipped,GLOBAL,PWRNGSINDSO,,CO2IND,2,2040,,,,,,0.12875
EmissionActivityRatio,C_Target_VRE_Clipped,GLOBAL,PWRNGSINDSO,,CO2IND,2,2041,,,,,,0.12875
EmissionActivityRatio,C_Target_VRE_Clipped,GLOBAL,PWRNGSINDSO,,CO2IND,2,2042,,,,,,0.12875
EmissionActivityRatio,C_Target_VRE_Clipped,GLOBAL,PWRNGSINDSO,,CO2IND,2,2043,,,,,,0.12875
EmissionActivityRatio,C_Target_VRE_Clipped,GLOBAL,PWRNGSINDSO,,CO2IND,2,2044,,,,,,0.12875
EmissionActivityRatio,C_Target_VRE_Clipped,GLOBAL,PWRNGSINDSO,,CO2IND,2,2045,,,,,,0.12875
EmissionActivityRatio,C_Target_VRE_Clipped,GLOBAL,PWRNGSINDSO,,CO2IND,2,2046,,,,,,0.12875
EmissionActivityRatio,C_Target_VRE_Clipped,GLOBAL,PWRNGSINDSO,,CO2IND,2,2047,,,,,,0.12875
EmissionActivityRatio,C_Target_VRE_Clipped,GLOBAL,PWRNGSINDSO,,CO2IND,2,2048,,,,,,0.12875
EmissionActivityRatio,C_Target_VRE_Clipped,GLOBAL,PWRNGSINDSO,,CO2IND,2,2049,,,,,,0.12875
EmissionActivityRatio,C_Target_VRE_Clipped,GLOBAL,PWRNGSINDSO,,CO2IND,2,2050,,,,,,0.12875
EmissionActivityRatio,C_Target_VRE_Clipped,GLOBAL,PWRNGSINDWE,,CO2IND,1,2023,,,,,,0.1305
EmissionActivityRatio,C_Target_VRE_Clipped,GLOBAL,PWRNGSINDWE,,CO2IND,1,2024,,,,,,0.1305
EmissionActivityRatio,C_Target_VRE_Clipped,GLOBAL,PWRNGSINDWE,,CO2IND,1,2025,,,,,,0.1305
EmissionActivityRatio,C_Target_VRE_Clipped,GLOBAL,PWRNGSINDWE,,CO2IND,1,2026,,,,,,0.1305
EmissionActivityRatio,C_Target_VRE_Clipped,GLOBAL,PWRNGSINDWE,,CO2IND,1,2027,,,,,,0.1305
EmissionActivityRatio,C_Target_VRE_Clipped,GLOBAL,PWRNGSINDWE,,CO2IND,1,2028,,,,,,0.1305
EmissionActivityRatio,C_Target_VRE_Clipped,GLOBAL,PWRNGSINDWE,,CO2IND,1,2029,,,,,,0.1305
EmissionActivityRatio,C_Target_VRE_Clipped,GLOBAL,PWRNGSINDWE,,CO2IND,1,2030,,,,,,0.1305
EmissionActivityRatio,C_Target_VRE_Clipped,GLOBAL,PWRNGSINDWE,,CO2IND,1,2031,,,,,,0.1305
EmissionActivityRatio,C_Target_VRE_Clipped,GLOBAL,PWRNGSINDWE,,CO2IND,1,2032,,,,,,0.1305
EmissionActivityRatio,C_Target_VRE_Clipped,GLOBAL,PWRNGSINDWE,,CO2IND,1,2033,,,,,,0.1305
EmissionActivityRatio,C_Target_VRE_Clipped,GLOBAL,PWRNGSINDWE,,CO2IND,1,2034,,,,,,0.1305
EmissionActivityRatio,C_Target_VRE_Clipped,GLOBAL,PWRNGSINDWE,,CO2IND,1,2035,,,,,,0.1305
EmissionActivityRatio,C_Target_VRE_Clipped,GLOBAL,PWRNGSINDWE,,CO2IND,1,2036,,,,,,0.1305
EmissionActivityRatio,C_Target_VRE_Clipped,GLOBAL,PWRNGSINDWE,,CO2IND,1,2037,,,,,,0.1305
EmissionActivityRatio,C_Target_VRE_Clipped,GLOBAL,PWRNGSINDWE,,CO2IND,1,2038,,,,,,0.1305
EmissionActivityRatio,C_Target_VRE_Clipped,GLOBAL,PWRNGSINDWE,,CO2IND,1,2039,,,,,,0.1305
EmissionActivityRatio,C_Target_VRE_Clipped,GLOBAL,PWRNGSINDWE,,CO2IND,1,2040,,,,,,0.1305
EmissionActivityRatio,C_Target_VRE_Clipped,GLOBAL,PWRNGSINDWE,,CO2IND,1,2041,,,,,,0.1305
EmissionActivityRatio,C_Target_VRE_Clipped,GLOBAL,PWRNGSINDWE,,CO2IND,1,2042,,,,,,0.1305
EmissionActivityRatio,C_Target_VRE_Clipped,GLOBAL,PWRNGSINDWE,,CO2IND,1,2043,,,,,,0.1305
EmissionActivityRatio,C_Target_VRE_Clipped,GLOBAL,PWRNGSINDWE,,CO2IND,1,2044,,,,,,0.1305
EmissionActivityRatio,C_Target_VRE_Clipped,GLOBAL,PWRNGSINDWE,,CO2IND,1,2045,,,,,,0.1305
EmissionActivityRatio,C_Target_VRE_Clipped,GLOBAL,PWRNGSINDWE,,CO2IND,1,2046,,,,,,0.1305
EmissionActivityRatio,C_Target_VRE_Clipped,GLOBAL,PWRNGSINDWE,,CO2IND,1,2047,,,,,,0.1305
EmissionActivityRatio,C_Target_VRE_Clipped,GLOBAL,PWRNGSINDWE,,CO2IND,1,2048,,,,,,0.1305
EmissionActivityRatio,C_Target_VRE_Clipped,GLOBAL,PWRNGSINDWE,,CO2IND,1,2049,,,,,,0.1305
EmissionActivityRatio,C_Target_VRE_Clipped,GLOBAL,PWRNGSINDWE,,CO2IND,1,2050,,,,,,0.1305
EmissionActivityRatio,C_Target_VRE_Clipped,GLOBAL,PWRNGSINDWE,,CO2IND,2,2023,,,,,,0.1305
EmissionActivityRatio,C_Target_VRE_Clipped,GLOBAL,PWRNGSINDWE,,CO2IND,2,2024,,,,,,0.1305
EmissionActivityRatio,C_Target_VRE_Clipped,GLOBAL,PWRNGSINDWE,,CO2IND,2,2025,,,,,,0.1305
EmissionActivityRatio,C_Target_VRE_Clipped,GLOBAL,PWRNGSINDWE,,CO2IND,2,2026,,,,,,0.1305
EmissionActivityRatio,C_Target_VRE_Clipped,GLOBAL,PWRNGSINDWE,,CO2IND,2,2027,,,,,,0.1305
EmissionActivityRatio,C_Target_VRE_Clipped,GLOBAL,PWRNGSINDWE,,CO2IND,2,2028,,,,,,0.1305
EmissionActivityRatio,C_Target_VRE_Clipped,GLOBAL,PWRNGSINDWE,,CO2IND,2,2029,,,,,,0.1305
EmissionActivityRatio,C_Target_VRE_Clipped,GLOBAL,PWRNGSINDWE,,CO2IND,2,2030,,,,,,0.1305
EmissionActivityRatio,C_Target_VRE_Clipped,GLOBAL,PWRNGSINDWE,,CO2IND,2,2031,,,,,,0.1305
EmissionActivityRatio,C_Target_VRE_Clipped,GLOBAL,PWRNGSINDWE,,CO2IND,2,2032,,,,,,0.1305
EmissionActivityRatio,C_Target_VRE_Clipped,GLOBAL,PWRNGSINDWE,,CO2IND,2,2033,,,,,,0.1305
EmissionActivityRatio,C_Target_VRE_Clipped,GLOBAL,PWRNGSINDWE,,CO2IND,2,2034,,,,,,0.1305
EmissionActivityRatio,C_Target_VRE_Clipped,GLOBAL,PWRNGSINDWE,,CO2IND,2,2035,,,,,,0.1305
EmissionActivityRatio,C_Target_VRE_Clipped,GLOBAL,PWRNGSINDWE,,CO2IND,2,2036,,,,,,0.1305
EmissionActivityRatio,C_Target_VRE_Clipped,GLOBAL,PWRNGSINDWE,,CO2IND,2,2037,,,,,,0.1305
EmissionActivityRatio,C_Target_VRE_Clipped,GLOBAL,PWRNGSINDWE,,CO2IND,2,2038,,,,,,0.1305
EmissionActivityRatio,C_Target_VRE_Clipped,GLOBAL,PWRNGSINDWE,,CO2IND,2,2039,,,,,,0.1305
EmissionActivityRatio,C_Target_VRE_Clipped,GLOBAL,PWRNGSINDWE,,CO2IND,2,2040,,,,,,0.1305
EmissionActivityRatio,C_Target_VRE_Clipped,GLOBAL,PWRNGSINDWE,,CO2IND,2,2041,,,,,,0.1305
EmissionActivityRatio,C_Target_VRE_Clipped,GLOBAL,PWRNGSINDWE,,CO2IND,2,2042,,,,,,0.1305
EmissionActivityRatio,C_Target_VRE_Clipped,GLOBAL,PWRNGSINDWE,,CO2IND,2,2043,,,,,,0.1305
EmissionActivityRatio,C_Target_VRE_Clipped,GLOBAL,PWRNGSINDWE,,CO2IND,2,2044,,,,,,0.1305
EmissionActivityRatio,C_Target_VRE_Clipped,GLOBAL,PWRNGSINDWE,,CO2IND,2,2045,,,,,,0.1305
EmissionActivityRatio,C_Target_VRE_Clipped,GLOBAL,PWRNGSINDWE,,CO2IND,2,2046,,,,,,0.1305
EmissionActivityRatio,C_Target_VRE_Clipped,GLOBAL,PWRNGSINDWE,,CO2IND,2,2047,,,,,,0.1305
EmissionActivityRatio,C_Target_VRE_Clipped,GLOBAL,PWRNGSINDWE,,CO2IND,2,2048,,,,,,0.1305
EmissionActivityRatio,C_Target_VRE_Clipped,GLOBAL,PWRNGSINDWE,,CO2IND,2,2049,,,,,,0.1305
EmissionActivityRatio,C_Target_VRE_Clipped,GLOBAL,PWRNGSINDWE,,CO2IND,2,2050,,,,,,0.1305
EmissionActivityRatio,C_Target_VRE_Clipped,GLOBAL,PWRNGSLKAXX,,CO2LKA,1,2023,,,,,,0.13075
EmissionActivityRatio,C_Target_VRE_Clipped,GLOBAL,PWRNGSLKAXX,,CO2LKA,1,2024,,,,,,0.13075
EmissionActivityRatio,C_Target_VRE_Clipped,GLOBAL,PWRNGSLKAXX,,CO2LKA,1,2025,,,,,,0.13075
EmissionActivityRatio,C_Target_VRE_Clipped,GLOBAL,PWRNGSLKAXX,,CO2LKA,1,2026,,,,,,0.13075
EmissionActivityRatio,C_Target_VRE_Clipped,GLOBAL,PWRNGSLKAXX,,CO2LKA,1,2027,,,,,,0.13075
EmissionActivityRatio,C_Target_VRE_Clipped,GLOBAL,PWRNGSLKAXX,,CO2LKA,1,2028,,,,,,0.13075
EmissionActivityRatio,C_Target_VRE_Clipped,GLOBAL,PWRNGSLKAXX,,CO2LKA,1,2029,,,,,,0.13075
EmissionActivityRatio,C_Target_VRE_Clipped,GLOBAL,PWRNGSLKAXX,,CO2LKA,1,2030,,,,,,0.13075
EmissionActivityRatio,C_Target_VRE_Clipped,GLOBAL,PWRNGSLKAXX,,CO2LKA,1,2031,,,,,,0.13075
EmissionActivityRatio,C_Target_VRE_Clipped,GLOBAL,PWRNGSLKAXX,,CO2LKA,1,2032,,,,,,0.13075
EmissionActivityRatio,C_Target_VRE_Clipped,GLOBAL,PWRNGSLKAXX,,CO2LKA,1,2033,,,,,,0.13075
EmissionActivityRatio,C_Target_VRE_Clipped,GLOBAL,PWRNGSLKAXX,,CO2LKA,1,2034,,,,,,0.13075
EmissionActivityRatio,C_Target_VRE_Clipped,GLOBAL,PWRNGSLKAXX,,CO2LKA,1,2035,,,,,,0.13075
EmissionActivityRatio,C_Target_VRE_Clipped,GLOBAL,PWRNGSLKAXX,,CO2LKA,1,2036,,,,,,0.13075
EmissionActivityRatio,C_Target_VRE_Clipped,GLOBAL,PWRNGSLKAXX,,CO2LKA,1,2037,,,,,,0.13075
EmissionActivityRatio,C_Target_VRE_Clipped,GLOBAL,PWRNGSLKAXX,,CO2LKA,1,2038,,,,,,0.13075
EmissionActivityRatio,C_Target_VRE_Clipped,GLOBAL,PWRNGSLKAXX,,CO2LKA,1,2039,,,,,,0.13075
EmissionActivityRatio,C_Target_VRE_Clipped,GLOBAL,PWRNGSLKAXX,,CO2LKA,1,2040,,,,,,0.13075
EmissionActivityRatio,C_Target_VRE_Clipped,GLOBAL,PWRNGSLKAXX,,CO2LKA,1,2041,,,,,,0.13075
EmissionActivityRatio,C_Target_VRE_Clipped,GLOBAL,PWRNGSLKAXX,,CO2LKA,1,2042,,,,,,0.13075
EmissionActivityRatio,C_Target_VRE_Clipped,GLOBAL,PWRNGSLKAXX,,CO2LKA,1,2043,,,,,,0.13075
EmissionActivityRatio,C_Target_VRE_Clipped,GLOBAL,PWRNGSLKAXX,,CO2LKA,1,2044,,,,,,0.13075
EmissionActivityRatio,C_Target_VRE_Clipped,GLOBAL,PWRNGSLKAXX,,CO2LKA,1,2045,,,,,,0.13075
EmissionActivityRatio,C_Target_VRE_Clipped,GLOBAL,PWRNGSLKAXX,,CO2LKA,1,2046,,,,,,0.13075
EmissionActivityRatio,C_Target_VRE_Clipped,GLOBAL,PWRNGSLKAXX,,CO2LKA,1,2047,,,,,,0.13075
EmissionActivityRatio,C_Target_VRE_Clipped,GLOBAL,PWRNGSLKAXX,,CO2LKA,1,2048,,,,,,0.13075
EmissionActivityRatio,C_Target_VRE_Clipped,GLOBAL,PWRNGSLKAXX,,CO2LKA,1,2049,,,,,,0.13075
EmissionActivityRatio,C_Target_VRE_Clipped,GLOBAL,PWRNGSLKAXX,,CO2LKA,1,2050,,,,,,0.13075
EmissionActivityRatio,C_Target_VRE_Clipped,GLOBAL,PWRNGSLKAXX,,CO2LKA,2,2023,,,,,,0.13075
EmissionActivityRatio,C_Target_VRE_Clipped,GLOBAL,PWRNGSLKAXX,,CO2LKA,2,2024,,,,,,0.13075
EmissionActivityRatio,C_Target_VRE_Clipped,GLOBAL,PWRNGSLKAXX,,CO2LKA,2,2025,,,,,,0.13075
EmissionActivityRatio,C_Target_VRE_Clipped,GLOBAL,PWRNGSLKAXX,,CO2LKA,2,2026,,,,,,0.13075
EmissionActivityRatio,C_Target_VRE_Clipped,GLOBAL,PWRNGSLKAXX,,CO2LKA,2,2027,,,,,,0.13075
EmissionActivityRatio,C_Target_VRE_Clipped,GLOBAL,PWRNGSLKAXX,,CO2LKA,2,2028,,,,,,0.13075
EmissionActivityRatio,C_Target_VRE_Clipped,GLOBAL,PWRNGSLKAXX,,CO2LKA,2,2029,,,,,,0.13075
EmissionActivityRatio,C_Target_VRE_Clipped,GLOBAL,PWRNGSLKAXX,,CO2LKA,2,2030,,,,,,0.13075
EmissionActivityRatio,C_Target_VRE_Clipped,GLOBAL,PWRNGSLKAXX,,CO2LKA,2,2031,,,,,,0.13075
EmissionActivityRatio,C_Target_VRE_Clipped,GLOBAL,PWRNGSLKAXX,,CO2LKA,2,2032,,,,,,0.13075
EmissionActivityRatio,C_Target_VRE_Clipped,GLOBAL,PWRNGSLKAXX,,CO2LKA,2,2033,,,,,,0.13075
EmissionActivityRatio,C_Target_VRE_Clipped,GLOBAL,PWRNGSLKAXX,,CO2LKA,2,2034,,,,,,0.13075
EmissionActivityRatio,C_Target_VRE_Clipped,GLOBAL,PWRNGSLKAXX,,CO2LKA,2,2035,,,,,,0.13075
EmissionActivityRatio,C_Target_VRE_Clipped,GLOBAL,PWRNGSLKAXX,,CO2LKA,2,2036,,,,,,0.13075
EmissionActivityRatio,C_Target_VRE_Clipped,GLOBAL,PWRNGSLKAXX,,CO2LKA,2,2037,,,,,,0.13075
EmissionActivityRatio,C_Target_VRE_Clipped,GLOBAL,PWRNGSLKAXX,,CO2LKA,2,2038,,,,,,0.13075
EmissionActivityRatio,C_Target_VRE_Clipped,GLOBAL,PWRNGSLKAXX,,CO2LKA,2,2039,,,,,,0.13075
EmissionActivityRatio,C_Target_VRE_Clipped,GLOBAL,PWRNGSLKAXX,,CO2LKA,2,2040,,,,,,0.13075
EmissionActivityRatio,C_Target_VRE_Clipped,GLOBAL,PWRNGSLKAXX,,CO2LKA,2,2041,,,,,,0.13075
EmissionActivityRatio,C_Target_VRE_Clipped,GLOBAL,PWRNGSLKAXX,,CO2LKA,2,2042,,,,,,0.13075
EmissionActivityRatio,C_Target_VRE_Clipped,GLOBAL,PWRNGSLKAXX,,CO2LKA,2,2043,,,,,,0.13075
EmissionActivityRatio,C_Target_VRE_Clipped,GLOBAL,PWRNGSLKAXX,,CO2LKA,2,2044,,,,,,0.13075
EmissionActivityRatio,C_Target_VRE_Clipped,GLOBAL,PWRNGSLKAXX,,CO2LKA,2,2045,,,,,,0.13075
EmissionActivityRatio,C_Target_VRE_Clipped,GLOBAL,PWRNGSLKAXX,,CO2LKA,2,2046,,,,,,0.13075
EmissionActivityRatio,C_Target_VRE_Clipped,GLOBAL,PWRNGSLKAXX,,CO2LKA,2,2047,,,,,,0.13075
EmissionActivityRatio,C_Target_VRE_Clipped,GLOBAL,PWRNGSLKAXX,,CO2LKA,2,2048,,,,,,0.13075
EmissionActivityRatio,C_Target_VRE_Clipped,GLOBAL,PWRNGSLKAXX,,CO2LKA,2,2049,,,,,,0.13075
EmissionActivityRatio,C_Target_VRE_Clipped,GLOBAL,PWRNGSLKAXX,,CO2LKA,2,2050,,,,,,0.13075
EmissionActivityRatio,C_Target_VRE_Clipped,GLOBAL,PWROILBGDXX,,CO2BGD,1,2023,,,,,,0.2042
EmissionActivityRatio,C_Target_VRE_Clipped,GLOBAL,PWROILBGDXX,,CO2BGD,1,2024,,,,,,0.2042
EmissionActivityRatio,C_Target_VRE_Clipped,GLOBAL,PWROILBGDXX,,CO2BGD,1,2025,,,,,,0.2042
EmissionActivityRatio,C_Target_VRE_Clipped,GLOBAL,PWROILBGDXX,,CO2BGD,1,2026,,,,,,0.2042
EmissionActivityRatio,C_Target_VRE_Clipped,GLOBAL,PWROILBGDXX,,CO2BGD,1,2027,,,,,,0.2042
EmissionActivityRatio,C_Target_VRE_Clipped,GLOBAL,PWROILBGDXX,,CO2BGD,1,2028,,,,,,0.2042
EmissionActivityRatio,C_Target_VRE_Clipped,GLOBAL,PWROILBGDXX,,CO2BGD,1,2029,,,,,,0.2042
EmissionActivityRatio,C_Target_VRE_Clipped,GLOBAL,PWROILBGDXX,,CO2BGD,1,2030,,,,,,0.2042
EmissionActivityRatio,C_Target_VRE_Clipped,GLOBAL,PWROILBGDXX,,CO2BGD,1,2031,,,,,,0.2042
EmissionActivityRatio,C_Target_VRE_Clipped,GLOBAL,PWROILBGDXX,,CO2BGD,1,2032,,,,,,0.2042
EmissionActivityRatio,C_Target_VRE_Clipped,GLOBAL,PWROILBGDXX,,CO2BGD,1,2033,,,,,,0.2042
EmissionActivityRatio,C_Target_VRE_Clipped,GLOBAL,PWROILBGDXX,,CO2BGD,1,2034,,,,,,0.2042
EmissionActivityRatio,C_Target_VRE_Clipped,GLOBAL,PWROILBGDXX,,CO2BGD,1,2035,,,,,,0.2042
EmissionActivityRatio,C_Target_VRE_Clipped,GLOBAL,PWROILBGDXX,,CO2BGD,1,2036,,,,,,0.2042
EmissionActivityRatio,C_Target_VRE_Clipped,GLOBAL,PWROILBGDXX,,CO2BGD,1,2037,,,,,,0.2042
EmissionActivityRatio,C_Target_VRE_Clipped,GLOBAL,PWROILBGDXX,,CO2BGD,1,2038,,,,,,0.2042
EmissionActivityRatio,C_Target_VRE_Clipped,GLOBAL,PWROILBGDXX,,CO2BGD,1,2039,,,,,,0.2042
EmissionActivityRatio,C_Target_VRE_Clipped,GLOBAL,PWROILBGDXX,,CO2BGD,1,2040,,,,,,0.2042
EmissionActivityRatio,C_Target_VRE_Clipped,GLOBAL,PWROILBGDXX,,CO2BGD,1,2041,,,,,,0.2042
EmissionActivityRatio,C_Target_VRE_Clipped,GLOBAL,PWROILBGDXX,,CO2BGD,1,2042,,,,,,0.2042
EmissionActivityRatio,C_Target_VRE_Clipped,GLOBAL,PWROILBGDXX,,CO2BGD,1,2043,,,,,,0.2042
EmissionActivityRatio,C_Target_VRE_Clipped,GLOBAL,PWROILBGDXX,,CO2BGD,1,2044,,,,,,0.2042
EmissionActivityRatio,C_Target_VRE_Clipped,GLOBAL,PWROILBGDXX,,CO2BGD,1,2045,,,,,,0.2042
EmissionActivityRatio,C_Target_VRE_Clipped,GLOBAL,PWROILBGDXX,,CO2BGD,1,2046,,,,,,0.2042
EmissionActivityRatio,C_Target_VRE_Clipped,GLOBAL,PWROILBGDXX,,CO2BGD,1,2047,,,,,,0.2042
EmissionActivityRatio,C_Target_VRE_Clipped,GLOBAL,PWROILBGDXX,,CO2BGD,1,2048,,,,,,0.2042
EmissionActivityRatio,C_Target_VRE_Clipped,GLOBAL,PWROILBGDXX,,CO2BGD,1,2049,,,,,,0.2042
EmissionActivityRatio,C_Target_VRE_Clipped,GLOBAL,PWROILBGDXX,,CO2BGD,1,2050,,,,,,0.2042
EmissionActivityRatio,C_Target_VRE_Clipped,GLOBAL,PWROILBGDXX,,CO2BGD,2,2023,,,,,,0.2042
EmissionActivityRatio,C_Target_VRE_Clipped,GLOBAL,PWROILBGDXX,,CO2BGD,2,2024,,,,,,0.2042
EmissionActivityRatio,C_Target_VRE_Clipped,GLOBAL,PWROILBGDXX,,CO2BGD,2,2025,,,,,,0.2042
EmissionActivityRatio,C_Target_VRE_Clipped,GLOBAL,PWROILBGDXX,,CO2BGD,2,2026,,,,,,0.2042
EmissionActivityRatio,C_Target_VRE_Clipped,GLOBAL,PWROILBGDXX,,CO2BGD,2,2027,,,,,,0.2042
EmissionActivityRatio,C_Target_VRE_Clipped,GLOBAL,PWROILBGDXX,,CO2BGD,2,2028,,,,,,0.2042
EmissionActivityRatio,C_Target_VRE_Clipped,GLOBAL,PWROILBGDXX,,CO2BGD,2,2029,,,,,,0.2042
EmissionActivityRatio,C_Target_VRE_Clipped,GLOBAL,PWROILBGDXX,,CO2BGD,2,2030,,,,,,0.2042
EmissionActivityRatio,C_Target_VRE_Clipped,GLOBAL,PWROILBGDXX,,CO2BGD,2,2031,,,,,,0.2042
EmissionActivityRatio,C_Target_VRE_Clipped,GLOBAL,PWROILBGDXX,,CO2BGD,2,2032,,,,,,0.2042
EmissionActivityRatio,C_Target_VRE_Clipped,GLOBAL,PWROILBGDXX,,CO2BGD,2,2033,,,,,,0.2042
EmissionActivityRatio,C_Target_VRE_Clipped,GLOBAL,PWROILBGDXX,,CO2BGD,2,2034,,,,,,0.2042
EmissionActivityRatio,C_Target_VRE_Clipped,GLOBAL,PWROILBGDXX,,CO2BGD,2,2035,,,,,,0.2042
EmissionActivityRatio,C_Target_VRE_Clipped,GLOBAL,PWROILBGDXX,,CO2BGD,2,2036,,,,,,0.2042
EmissionActivityRatio,C_Target_VRE_Clipped,GLOBAL,PWROILBGDXX,,CO2BGD,2,2037,,,,,,0.2042
EmissionActivityRatio,C_Target_VRE_Clipped,GLOBAL,PWROILBGDXX,,CO2BGD,2,2038,,,,,,0.2042
EmissionActivityRatio,C_Target_VRE_Clipped,GLOBAL,PWROILBGDXX,,CO2BGD,2,2039,,,,,,0.2042
EmissionActivityRatio,C_Target_VRE_Clipped,GLOBAL,PWROILBGDXX,,CO2BGD,2,2040,,,,,,0.2042
EmissionActivityRatio,C_Target_VRE_Clipped,GLOBAL,PWROILBGDXX,,CO2BGD,2,2041,,,,,,0.2042
EmissionActivityRatio,C_Target_VRE_Clipped,GLOBAL,PWROILBGDXX,,CO2BGD,2,2042,,,,,,0.2042
EmissionActivityRatio,C_Target_VRE_Clipped,GLOBAL,PWROILBGDXX,,CO2BGD,2,2043,,,,,,0.2042
EmissionActivityRatio,C_Target_VRE_Clipped,GLOBAL,PWROILBGDXX,,CO2BGD,2,2044,,,,,,0.2042
EmissionActivityRatio,C_Target_VRE_Clipped,GLOBAL,PWROILBGDXX,,CO2BGD,2,2045,,,,,,0.2042
EmissionActivityRatio,C_Target_VRE_Clipped,GLOBAL,PWROILBGDXX,,CO2BGD,2,2046,,,,,,0.2042
EmissionActivityRatio,C_Target_VRE_Clipped,GLOBAL,PWROILBGDXX,,CO2BGD,2,2047,,,,,,0.2042
EmissionActivityRatio,C_Target_VRE_Clipped,GLOBAL,PWROILBGDXX,,CO2BGD,2,2048,,,,,,0.2042
EmissionActivityRatio,C_Target_VRE_Clipped,GLOBAL,PWROILBGDXX,,CO2BGD,2,2049,,,,,,0.2042
EmissionActivityRatio,C_Target_VRE_Clipped,GLOBAL,PWROILBGDXX,,CO2BGD,2,2050,,,,,,0.2042
EmissionActivityRatio,C_Target_VRE_Clipped,GLOBAL,PWROILINDEA,,CO2IND,1,2023,,,,,,0.2177
EmissionActivityRatio,C_Target_VRE_Clipped,GLOBAL,PWROILINDEA,,CO2IND,1,2024,,,,,,0.2177
EmissionActivityRatio,C_Target_VRE_Clipped,GLOBAL,PWROILINDEA,,CO2IND,1,2025,,,,,,0.2177
EmissionActivityRatio,C_Target_VRE_Clipped,GLOBAL,PWROILINDEA,,CO2IND,1,2026,,,,,,0.2177
EmissionActivityRatio,C_Target_VRE_Clipped,GLOBAL,PWROILINDEA,,CO2IND,1,2027,,,,,,0.2177
EmissionActivityRatio,C_Target_VRE_Clipped,GLOBAL,PWROILINDEA,,CO2IND,1,2028,,,,,,0.2177
EmissionActivityRatio,C_Target_VRE_Clipped,GLOBAL,PWROILINDEA,,CO2IND,1,2029,,,,,,0.2177
EmissionActivityRatio,C_Target_VRE_Clipped,GLOBAL,PWROILINDEA,,CO2IND,1,2030,,,,,,0.2177
EmissionActivityRatio,C_Target_VRE_Clipped,GLOBAL,PWROILINDEA,,CO2IND,1,2031,,,,,,0.2177
EmissionActivityRatio,C_Target_VRE_Clipped,GLOBAL,PWROILINDEA,,CO2IND,1,2032,,,,,,0.2177
EmissionActivityRatio,C_Target_VRE_Clipped,GLOBAL,PWROILINDEA,,CO2IND,1,2033,,,,,,0.2177
EmissionActivityRatio,C_Target_VRE_Clipped,GLOBAL,PWROILINDEA,,CO2IND,1,2034,,,,,,0.2177
EmissionActivityRatio,C_Target_VRE_Clipped,GLOBAL,PWROILINDEA,,CO2IND,1,2035,,,,,,0.2177
EmissionActivityRatio,C_Target_VRE_Clipped,GLOBAL,PWROILINDEA,,CO2IND,1,2036,,,,,,0.2177
EmissionActivityRatio,C_Target_VRE_Clipped,GLOBAL,PWROILINDEA,,CO2IND,1,2037,,,,,,0.2177
EmissionActivityRatio,C_Target_VRE_Clipped,GLOBAL,PWROILINDEA,,CO2IND,1,2038,,,,,,0.2177
EmissionActivityRatio,C_Target_VRE_Clipped,GLOBAL,PWROILINDEA,,CO2IND,1,2039,,,,,,0.2177
EmissionActivityRatio,C_Target_VRE_Clipped,GLOBAL,PWROILINDEA,,CO2IND,1,2040,,,,,,0.2177
EmissionActivityRatio,C_Target_VRE_Clipped,GLOBAL,PWROILINDEA,,CO2IND,1,2041,,,,,,0.2177
EmissionActivityRatio,C_Target_VRE_Clipped,GLOBAL,PWROILINDEA,,CO2IND,1,2042,,,,,,0.2177
EmissionActivityRatio,C_Target_VRE_Clipped,GLOBAL,PWROILINDEA,,CO2IND,1,2043,,,,,,0.2177
EmissionActivityRatio,C_Target_VRE_Clipped,GLOBAL,PWROILINDEA,,CO2IND,1,2044,,,,,,0.2177
EmissionActivityRatio,C_Target_VRE_Clipped,GLOBAL,PWROILINDEA,,CO2IND,1,2045,,,,,,0.2177
EmissionActivityRatio,C_Target_VRE_Clipped,GLOBAL,PWROILINDEA,,CO2IND,1,2046,,,,,,0.2177
EmissionActivityRatio,C_Target_VRE_Clipped,GLOBAL,PWROILINDEA,,CO2IND,1,2047,,,,,,0.2177
EmissionActivityRatio,C_Target_VRE_Clipped,GLOBAL,PWROILINDEA,,CO2IND,1,2048,,,,,,0.2177
EmissionActivityRatio,C_Target_VRE_Clipped,GLOBAL,PWROILINDEA,,CO2IND,1,2049,,,,,,0.2177
EmissionActivityRatio,C_Target_VRE_Clipped,GLOBAL,PWROILINDEA,,CO2IND,1,2050,,,,,,0.2177
EmissionActivityRatio,C_Target_VRE_Clipped,GLOBAL,PWROILINDEA,,CO2IND,2,2023,,,,,,0.2177
EmissionActivityRatio,C_Target_VRE_Clipped,GLOBAL,PWROILINDEA,,CO2IND,2,2024,,,,,,0.2177
EmissionActivityRatio,C_Target_VRE_Clipped,GLOBAL,PWROILINDEA,,CO2IND,2,2025,,,,,,0.2177
EmissionActivityRatio,C_Target_VRE_Clipped,GLOBAL,PWROILINDEA,,CO2IND,2,2026,,,,,,0.2177
EmissionActivityRatio,C_Target_VRE_Clipped,GLOBAL,PWROILINDEA,,CO2IND,2,2027,,,,,,0.2177
EmissionActivityRatio,C_Target_VRE_Clipped,GLOBAL,PWROILINDEA,,CO2IND,2,2028,,,,,,0.2177
EmissionActivityRatio,C_Target_VRE_Clipped,GLOBAL,PWROILINDEA,,CO2IND,2,2029,,,,,,0.2177
EmissionActivityRatio,C_Target_VRE_Clipped,GLOBAL,PWROILINDEA,,CO2IND,2,2030,,,,,,0.2177
EmissionActivityRatio,C_Target_VRE_Clipped,GLOBAL,PWROILINDEA,,CO2IND,2,2031,,,,,,0.2177
EmissionActivityRatio,C_Target_VRE_Clipped,GLOBAL,PWROILINDEA,,CO2IND,2,2032,,,,,,0.2177
EmissionActivityRatio,C_Target_VRE_Clipped,GLOBAL,PWROILINDEA,,CO2IND,2,2033,,,,,,0.2177
EmissionActivityRatio,C_Target_VRE_Clipped,GLOBAL,PWROILINDEA,,CO2IND,2,2034,,,,,,0.2177
EmissionActivityRatio,C_Target_VRE_Clipped,GLOBAL,PWROILINDEA,,CO2IND,2,2035,,,,,,0.2177
EmissionActivityRatio,C_Target_VRE_Clipped,GLOBAL,PWROILINDEA,,CO2IND,2,2036,,,,,,0.2177
EmissionActivityRatio,C_Target_VRE_Clipped,GLOBAL,PWROILINDEA,,CO2IND,2,2037,,,,,,0.2177
EmissionActivityRatio,C_Target_VRE_Clipped,GLOBAL,PWROILINDEA,,CO2IND,2,2038,,,,,,0.2177
EmissionActivityRatio,C_Target_VRE_Clipped,GLOBAL,PWROILINDEA,,CO2IND,2,2039,,,,,,0.2177
EmissionActivityRatio,C_Target_VRE_Clipped,GLOBAL,PWROILINDEA,,CO2IND,2,2040,,,,,,0.2177
EmissionActivityRatio,C_Target_VRE_Clipped,GLOBAL,PWROILINDEA,,CO2IND,2,2041,,,,,,0.2177
EmissionActivityRatio,C_Target_VRE_Clipped,GLOBAL,PWROILINDEA,,CO2IND,2,2042,,,,,,0.2177
EmissionActivityRatio,C_Target_VRE_Clipped,GLOBAL,PWROILINDEA,,CO2IND,2,2043,,,,,,0.2177
EmissionActivityRatio,C_Target_VRE_Clipped,GLOBAL,PWROILINDEA,,CO2IND,2,2044,,,,,,0.2177
EmissionActivityRatio,C_Target_VRE_Clipped,GLOBAL,PWROILINDEA,,CO2IND,2,2045,,,,,,0.2177
EmissionActivityRatio,C_Target_VRE_Clipped,GLOBAL,PWROILINDEA,,CO2IND,2,2046,,,,,,0.2177
EmissionActivityRatio,C_Target_VRE_Clipped,GLOBAL,PWROILINDEA,,CO2IND,2,2047,,,,,,0.2177
EmissionActivityRatio,C_Target_VRE_Clipped,GLOBAL,PWROILINDEA,,CO2IND,2,2048,,,,,,0.2177
EmissionActivityRatio,C_Target_VRE_Clipped,GLOBAL,PWROILINDEA,,CO2IND,2,2049,,,,,,0.2177
EmissionActivityRatio,C_Target_VRE_Clipped,GLOBAL,PWROILINDEA,,CO2IND,2,2050,,,,,,0.2177
EmissionActivityRatio,C_Target_VRE_Clipped,GLOBAL,PWROILINDNE,,CO2IND,1,2023,,,,,,0.2177
EmissionActivityRatio,C_Target_VRE_Clipped,GLOBAL,PWROILINDNE,,CO2IND,1,2024,,,,,,0.2177
EmissionActivityRatio,C_Target_VRE_Clipped,GLOBAL,PWROILINDNE,,CO2IND,1,2025,,,,,,0.2177
EmissionActivityRatio,C_Target_VRE_Clipped,GLOBAL,PWROILINDNE,,CO2IND,1,2026,,,,,,0.2177
EmissionActivityRatio,C_Target_VRE_Clipped,GLOBAL,PWROILINDNE,,CO2IND,1,2027,,,,,,0.2177
EmissionActivityRatio,C_Target_VRE_Clipped,GLOBAL,PWROILINDNE,,CO2IND,1,2028,,,,,,0.2177
EmissionActivityRatio,C_Target_VRE_Clipped,GLOBAL,PWROILINDNE,,CO2IND,1,2029,,,,,,0.2177
EmissionActivityRatio,C_Target_VRE_Clipped,GLOBAL,PWROILINDNE,,CO2IND,1,2030,,,,,,0.2177
EmissionActivityRatio,C_Target_VRE_Clipped,GLOBAL,PWROILINDNE,,CO2IND,1,2031,,,,,,0.2177
EmissionActivityRatio,C_Target_VRE_Clipped,GLOBAL,PWROILINDNE,,CO2IND,1,2032,,,,,,0.2177
EmissionActivityRatio,C_Target_VRE_Clipped,GLOBAL,PWROILINDNE,,CO2IND,1,2033,,,,,,0.2177
EmissionActivityRatio,C_Target_VRE_Clipped,GLOBAL,PWROILINDNE,,CO2IND,1,2034,,,,,,0.2177
EmissionActivityRatio,C_Target_VRE_Clipped,GLOBAL,PWROILINDNE,,CO2IND,1,2035,,,,,,0.2177
EmissionActivityRatio,C_Target_VRE_Clipped,GLOBAL,PWROILINDNE,,CO2IND,1,2036,,,,,,0.2177
EmissionActivityRatio,C_Target_VRE_Clipped,GLOBAL,PWROILINDNE,,CO2IND,1,2037,,,,,,0.2177
EmissionActivityRatio,C_Target_VRE_Clipped,GLOBAL,PWROILINDNE,,CO2IND,1,2038,,,,,,0.2177
EmissionActivityRatio,C_Target_VRE_Clipped,GLOBAL,PWROILINDNE,,CO2IND,1,2039,,,,,,0.2177
EmissionActivityRatio,C_Target_VRE_Clipped,GLOBAL,PWROILINDNE,,CO2IND,1,2040,,,,,,0.2177
EmissionActivityRatio,C_Target_VRE_Clipped,GLOBAL,PWROILINDNE,,CO2IND,1,2041,,,,,,0.2177
EmissionActivityRatio,C_Target_VRE_Clipped,GLOBAL,PWROILINDNE,,CO2IND,1,2042,,,,,,0.2177
EmissionActivityRatio,C_Target_VRE_Clipped,GLOBAL,PWROILINDNE,,CO2IND,1,2043,,,,,,0.2177
EmissionActivityRatio,C_Target_VRE_Clipped,GLOBAL,PWROILINDNE,,CO2IND,1,2044,,,,,,0.2177
EmissionActivityRatio,C_Target_VRE_Clipped,GLOBAL,PWROILINDNE,,CO2IND,1,2045,,,,,,0.2177
EmissionActivityRatio,C_Target_VRE_Clipped,GLOBAL,PWROILINDNE,,CO2IND,1,2046,,,,,,0.2177
EmissionActivityRatio,C_Target_VRE_Clipped,GLOBAL,PWROILINDNE,,CO2IND,1,2047,,,,,,0.2177
EmissionActivityRatio,C_Target_VRE_Clipped,GLOBAL,PWROILINDNE,,CO2IND,1,2048,,,,,,0.2177
EmissionActivityRatio,C_Target_VRE_Clipped,GLOBAL,PWROILINDNE,,CO2IND,1,2049,,,,,,0.2177
EmissionActivityRatio,C_Target_VRE_Clipped,GLOBAL,PWROILINDNE,,CO2IND,1,2050,,,,,,0.2177
EmissionActivityRatio,C_Target_VRE_Clipped,GLOBAL,PWROILINDNE,,CO2IND,2,2023,,,,,,0.2177
EmissionActivityRatio,C_Target_VRE_Clipped,GLOBAL,PWROILINDNE,,CO2IND,2,2024,,,,,,0.2177
EmissionActivityRatio,C_Target_VRE_Clipped,GLOBAL,PWROILINDNE,,CO2IND,2,2025,,,,,,0.2177
EmissionActivityRatio,C_Target_VRE_Clipped,GLOBAL,PWROILINDNE,,CO2IND,2,2026,,,,,,0.2177
EmissionActivityRatio,C_Target_VRE_Clipped,GLOBAL,PWROILINDNE,,CO2IND,2,2027,,,,,,0.2177
EmissionActivityRatio,C_Target_VRE_Clipped,GLOBAL,PWROILINDNE,,CO2IND,2,2028,,,,,,0.2177
EmissionActivityRatio,C_Target_VRE_Clipped,GLOBAL,PWROILINDNE,,CO2IND,2,2029,,,,,,0.2177
EmissionActivityRatio,C_Target_VRE_Clipped,GLOBAL,PWROILINDNE,,CO2IND,2,2030,,,,,,0.2177
EmissionActivityRatio,C_Target_VRE_Clipped,GLOBAL,PWROILINDNE,,CO2IND,2,2031,,,,,,0.2177
EmissionActivityRatio,C_Target_VRE_Clipped,GLOBAL,PWROILINDNE,,CO2IND,2,2032,,,,,,0.2177
EmissionActivityRatio,C_Target_VRE_Clipped,GLOBAL,PWROILINDNE,,CO2IND,2,2033,,,,,,0.2177
EmissionActivityRatio,C_Target_VRE_Clipped,GLOBAL,PWROILINDNE,,CO2IND,2,2034,,,,,,0.2177
EmissionActivityRatio,C_Target_VRE_Clipped,GLOBAL,PWROILINDNE,,CO2IND,2,2035,,,,,,0.2177
EmissionActivityRatio,C_Target_VRE_Clipped,GLOBAL,PWROILINDNE,,CO2IND,2,2036,,,,,,0.2177
EmissionActivityRatio,C_Target_VRE_Clipped,GLOBAL,PWROILINDNE,,CO2IND,2,2037,,,,,,0.2177
EmissionActivityRatio,C_Target_VRE_Clipped,GLOBAL,PWROILINDNE,,CO2IND,2,2038,,,,,,0.2177
EmissionActivityRatio,C_Target_VRE_Clipped,GLOBAL,PWROILINDNE,,CO2IND,2,2039,,,,,,0.2177
EmissionActivityRatio,C_Target_VRE_Clipped,GLOBAL,PWROILINDNE,,CO2IND,2,2040,,,,,,0.2177
EmissionActivityRatio,C_Target_VRE_Clipped,GLOBAL,PWROILINDNE,,CO2IND,2,2041,,,,,,0.2177
EmissionActivityRatio,C_Target_VRE_Clipped,GLOBAL,PWROILINDNE,,CO2IND,2,2042,,,,,,0.2177
EmissionActivityRatio,C_Target_VRE_Clipped,GLOBAL,PWROILINDNE,,CO2IND,2,2043,,,,,,0.2177
EmissionActivityRatio,C_Target_VRE_Clipped,GLOBAL,PWROILINDNE,,CO2IND,2,2044,,,,,,0.2177
EmissionActivityRatio,C_Target_VRE_Clipped,GLOBAL,PWROILINDNE,,CO2IND,2,2045,,,,,,0.2177
EmissionActivityRatio,C_Target_VRE_Clipped,GLOBAL,PWROILINDNE,,CO2IND,2,2046,,,,,,0.2177
EmissionActivityRatio,C_Target_VRE_Clipped,GLOBAL,PWROILINDNE,,CO2IND,2,2047,,,,,,0.2177
EmissionActivityRatio,C_Target_VRE_Clipped,GLOBAL,PWROILINDNE,,CO2IND,2,2048,,,,,,0.2177
EmissionActivityRatio,C_Target_VRE_Clipped,GLOBAL,PWROILINDNE,,CO2IND,2,2049,,,,,,0.2177
EmissionActivityRatio,C_Target_VRE_Clipped,GLOBAL,PWROILINDNE,,CO2IND,2,2050,,,,,,0.2177
EmissionActivityRatio,C_Target_VRE_Clipped,GLOBAL,PWROILINDNO,,CO2IND,1,2023,,,,,,0.195
EmissionActivityRatio,C_Target_VRE_Clipped,GLOBAL,PWROILINDNO,,CO2IND,1,2024,,,,,,0.195
EmissionActivityRatio,C_Target_VRE_Clipped,GLOBAL,PWROILINDNO,,CO2IND,1,2025,,,,,,0.195
EmissionActivityRatio,C_Target_VRE_Clipped,GLOBAL,PWROILINDNO,,CO2IND,1,2026,,,,,,0.195
EmissionActivityRatio,C_Target_VRE_Clipped,GLOBAL,PWROILINDNO,,CO2IND,1,2027,,,,,,0.195
EmissionActivityRatio,C_Target_VRE_Clipped,GLOBAL,PWROILINDNO,,CO2IND,1,2028,,,,,,0.195
EmissionActivityRatio,C_Target_VRE_Clipped,GLOBAL,PWROILINDNO,,CO2IND,1,2029,,,,,,0.195
EmissionActivityRatio,C_Target_VRE_Clipped,GLOBAL,PWROILINDNO,,CO2IND,1,2030,,,,,,0.195
EmissionActivityRatio,C_Target_VRE_Clipped,GLOBAL,PWROILINDNO,,CO2IND,1,2031,,,,,,0.195
EmissionActivityRatio,C_Target_VRE_Clipped,GLOBAL,PWROILINDNO,,CO2IND,1,2032,,,,,,0.195
EmissionActivityRatio,C_Target_VRE_Clipped,GLOBAL,PWROILINDNO,,CO2IND,1,2033,,,,,,0.195
EmissionActivityRatio,C_Target_VRE_Clipped,GLOBAL,PWROILINDNO,,CO2IND,1,2034,,,,,,0.195
EmissionActivityRatio,C_Target_VRE_Clipped,GLOBAL,PWROILINDNO,,CO2IND,1,2035,,,,,,0.195
EmissionActivityRatio,C_Target_VRE_Clipped,GLOBAL,PWROILINDNO,,CO2IND,1,2036,,,,,,0.195
EmissionActivityRatio,C_Target_VRE_Clipped,GLOBAL,PWROILINDNO,,CO2IND,1,2037,,,,,,0.195
EmissionActivityRatio,C_Target_VRE_Clipped,GLOBAL,PWROILINDNO,,CO2IND,1,2038,,,,,,0.195
EmissionActivityRatio,C_Target_VRE_Clipped,GLOBAL,PWROILINDNO,,CO2IND,1,2039,,,,,,0.195
EmissionActivityRatio,C_Target_VRE_Clipped,GLOBAL,PWROILINDNO,,CO2IND,1,2040,,,,,,0.195
EmissionActivityRatio,C_Target_VRE_Clipped,GLOBAL,PWROILINDNO,,CO2IND,1,2041,,,,,,0.195
EmissionActivityRatio,C_Target_VRE_Clipped,GLOBAL,PWROILINDNO,,CO2IND,1,2042,,,,,,0.195
EmissionActivityRatio,C_Target_VRE_Clipped,GLOBAL,PWROILINDNO,,CO2IND,1,2043,,,,,,0.195
EmissionActivityRatio,C_Target_VRE_Clipped,GLOBAL,PWROILINDNO,,CO2IND,1,2044,,,,,,0.195
EmissionActivityRatio,C_Target_VRE_Clipped,GLOBAL,PWROILINDNO,,CO2IND,1,2045,,,,,,0.195
EmissionActivityRatio,C_Target_VRE_Clipped,GLOBAL,PWROILINDNO,,CO2IND,1,2046,,,,,,0.195
EmissionActivityRatio,C_Target_VRE_Clipped,GLOBAL,PWROILINDNO,,CO2IND,1,2047,,,,,,0.195
EmissionActivityRatio,C_Target_VRE_Clipped,GLOBAL,PWROILINDNO,,CO2IND,1,2048,,,,,,0.195
EmissionActivityRatio,C_Target_VRE_Clipped,GLOBAL,PWROILINDNO,,CO2IND,1,2049,,,,,,0.195
EmissionActivityRatio,C_Target_VRE_Clipped,GLOBAL,PWROILINDNO,,CO2IND,1,2050,,,,,,0.195
EmissionActivityRatio,C_Target_VRE_Clipped,GLOBAL,PWROILINDNO,,CO2IND,2,2023,,,,,,0.195
EmissionActivityRatio,C_Target_VRE_Clipped,GLOBAL,PWROILINDNO,,CO2IND,2,2024,,,,,,0.195
EmissionActivityRatio,C_Target_VRE_Clipped,GLOBAL,PWROILINDNO,,CO2IND,2,2025,,,,,,0.195
EmissionActivityRatio,C_Target_VRE_Clipped,GLOBAL,PWROILINDNO,,CO2IND,2,2026,,,,,,0.195
EmissionActivityRatio,C_Target_VRE_Clipped,GLOBAL,PWROILINDNO,,CO2IND,2,2027,,,,,,0.195
EmissionActivityRatio,C_Target_VRE_Clipped,GLOBAL,PWROILINDNO,,CO2IND,2,2028,,,,,,0.195
EmissionActivityRatio,C_Target_VRE_Clipped,GLOBAL,PWROILINDNO,,CO2IND,2,2029,,,,,,0.195
EmissionActivityRatio,C_Target_VRE_Clipped,GLOBAL,PWROILINDNO,,CO2IND,2,2030,,,,,,0.195
EmissionActivityRatio,C_Target_VRE_Clipped,GLOBAL,PWROILINDNO,,CO2IND,2,2031,,,,,,0.195
EmissionActivityRatio,C_Target_VRE_Clipped,GLOBAL,PWROILINDNO,,CO2IND,2,2032,,,,,,0.195
EmissionActivityRatio,C_Target_VRE_Clipped,GLOBAL,PWROILINDNO,,CO2IND,2,2033,,,,,,0.195
EmissionActivityRatio,C_Target_VRE_Clipped,GLOBAL,PWROILINDNO,,CO2IND,2,2034,,,,,,0.195
EmissionActivityRatio,C_Target_VRE_Clipped,GLOBAL,PWROILINDNO,,CO2IND,2,2035,,,,,,0.195
EmissionActivityRatio,C_Target_VRE_Clipped,GLOBAL,PWROILINDNO,,CO2IND,2,2036,,,,,,0.195
EmissionActivityRatio,C_Target_VRE_Clipped,GLOBAL,PWROILINDNO,,CO2IND,2,2037,,,,,,0.195
EmissionActivityRatio,C_Target_VRE_Clipped,GLOBAL,PWROILINDNO,,CO2IND,2,2038,,,,,,0.195
EmissionActivityRatio,C_Target_VRE_Clipped,GLOBAL,PWROILINDNO,,CO2IND,2,2039,,,,,,0.195
EmissionActivityRatio,C_Target_VRE_Clipped,GLOBAL,PWROILINDNO,,CO2IND,2,2040,,,,,,0.195
EmissionActivityRatio,C_Target_VRE_Clipped,GLOBAL,PWROILINDNO,,CO2IND,2,2041,,,,,,0.195
EmissionActivityRatio,C_Target_VRE_Clipped,GLOBAL,PWROILINDNO,,CO2IND,2,2042,,,,,,0.195
EmissionActivityRatio,C_Target_VRE_Clipped,GLOBAL,PWROILINDNO,,CO2IND,2,2043,,,,,,0.195
EmissionActivityRatio,C_Target_VRE_Clipped,GLOBAL,PWROILINDNO,,CO2IND,2,2044,,,,,,0.195
EmissionActivityRatio,C_Target_VRE_Clipped,GLOBAL,PWROILINDNO,,CO2IND,2,2045,,,,,,0.195
EmissionActivityRatio,C_Target_VRE_Clipped,GLOBAL,PWROILINDNO,,CO2IND,2,2046,,,,,,0.195
EmissionActivityRatio,C_Target_VRE_Clipped,GLOBAL,PWROILINDNO,,CO2IND,2,2047,,,,,,0.195
EmissionActivityRatio,C_Target_VRE_Clipped,GLOBAL,PWROILINDNO,,CO2IND,2,2048,,,,,,0.195
EmissionActivityRatio,C_Target_VRE_Clipped,GLOBAL,PWROILINDNO,,CO2IND,2,2049,,,,,,0.195
EmissionActivityRatio,C_Target_VRE_Clipped,GLOBAL,PWROILINDNO,,CO2IND,2,2050,,,,,,0.195
EmissionActivityRatio,C_Target_VRE_Clipped,GLOBAL,PWROILINDSO,,CO2IND,1,2023,,,,,,0.1999
EmissionActivityRatio,C_Target_VRE_Clipped,GLOBAL,PWROILINDSO,,CO2IND,1,2024,,,,,,0.1999
EmissionActivityRatio,C_Target_VRE_Clipped,GLOBAL,PWROILINDSO,,CO2IND,1,2025,,,,,,0.1999
EmissionActivityRatio,C_Target_VRE_Clipped,GLOBAL,PWROILINDSO,,CO2IND,1,2026,,,,,,0.1999
EmissionActivityRatio,C_Target_VRE_Clipped,GLOBAL,PWROILINDSO,,CO2IND,1,2027,,,,,,0.1999
EmissionActivityRatio,C_Target_VRE_Clipped,GLOBAL,PWROILINDSO,,CO2IND,1,2028,,,,,,0.1999
EmissionActivityRatio,C_Target_VRE_Clipped,GLOBAL,PWROILINDSO,,CO2IND,1,2029,,,,,,0.1999
EmissionActivityRatio,C_Target_VRE_Clipped,GLOBAL,PWROILINDSO,,CO2IND,1,2030,,,,,,0.1999
EmissionActivityRatio,C_Target_VRE_Clipped,GLOBAL,PWROILINDSO,,CO2IND,1,2031,,,,,,0.1999
EmissionActivityRatio,C_Target_VRE_Clipped,GLOBAL,PWROILINDSO,,CO2IND,1,2032,,,,,,0.1999
EmissionActivityRatio,C_Target_VRE_Clipped,GLOBAL,PWROILINDSO,,CO2IND,1,2033,,,,,,0.1999
EmissionActivityRatio,C_Target_VRE_Clipped,GLOBAL,PWROILINDSO,,CO2IND,1,2034,,,,,,0.1999
EmissionActivityRatio,C_Target_VRE_Clipped,GLOBAL,PWROILINDSO,,CO2IND,1,2035,,,,,,0.1999
EmissionActivityRatio,C_Target_VRE_Clipped,GLOBAL,PWROILINDSO,,CO2IND,1,2036,,,,,,0.1999
EmissionActivityRatio,C_Target_VRE_Clipped,GLOBAL,PWROILINDSO,,CO2IND,1,2037,,,,,,0.1999
EmissionActivityRatio,C_Target_VRE_Clipped,GLOBAL,PWROILINDSO,,CO2IND,1,2038,,,,,,0.1999
EmissionActivityRatio,C_Target_VRE_Clipped,GLOBAL,PWROILINDSO,,CO2IND,1,2039,,,,,,0.1999
EmissionActivityRatio,C_Target_VRE_Clipped,GLOBAL,PWROILINDSO,,CO2IND,1,2040,,,,,,0.1999
EmissionActivityRatio,C_Target_VRE_Clipped,GLOBAL,PWROILINDSO,,CO2IND,1,2041,,,,,,0.1999
EmissionActivityRatio,C_Target_VRE_Clipped,GLOBAL,PWROILINDSO,,CO2IND,1,2042,,,,,,0.1999
EmissionActivityRatio,C_Target_VRE_Clipped,GLOBAL,PWROILINDSO,,CO2IND,1,2043,,,,,,0.1999
EmissionActivityRatio,C_Target_VRE_Clipped,GLOBAL,PWROILINDSO,,CO2IND,1,2044,,,,,,0.1999
EmissionActivityRatio,C_Target_VRE_Clipped,GLOBAL,PWROILINDSO,,CO2IND,1,2045,,,,,,0.1999
EmissionActivityRatio,C_Target_VRE_Clipped,GLOBAL,PWROILINDSO,,CO2IND,1,2046,,,,,,0.1999
EmissionActivityRatio,C_Target_VRE_Clipped,GLOBAL,PWROILINDSO,,CO2IND,1,2047,,,,,,0.1999
EmissionActivityRatio,C_Target_VRE_Clipped,GLOBAL,PWROILINDSO,,CO2IND,1,2048,,,,,,0.1999
EmissionActivityRatio,C_Target_VRE_Clipped,GLOBAL,PWROILINDSO,,CO2IND,1,2049,,,,,,0.1999
EmissionActivityRatio,C_Target_VRE_Clipped,GLOBAL,PWROILINDSO,,CO2IND,1,2050,,,,,,0.1999
EmissionActivityRatio,C_Target_VRE_Clipped,GLOBAL,PWROILINDSO,,CO2IND,2,2023,,,,,,0.1999
EmissionActivityRatio,C_Target_VRE_Clipped,GLOBAL,PWROILINDSO,,CO2IND,2,2024,,,,,,0.1999
EmissionActivityRatio,C_Target_VRE_Clipped,GLOBAL,PWROILINDSO,,CO2IND,2,2025,,,,,,0.1999
EmissionActivityRatio,C_Target_VRE_Clipped,GLOBAL,PWROILINDSO,,CO2IND,2,2026,,,,,,0.1999
EmissionActivityRatio,C_Target_VRE_Clipped,GLOBAL,PWROILINDSO,,CO2IND,2,2027,,,,,,0.1999
EmissionActivityRatio,C_Target_VRE_Clipped,GLOBAL,PWROILINDSO,,CO2IND,2,2028,,,,,,0.1999
EmissionActivityRatio,C_Target_VRE_Clipped,GLOBAL,PWROILINDSO,,CO2IND,2,2029,,,,,,0.1999
EmissionActivityRatio,C_Target_VRE_Clipped,GLOBAL,PWROILINDSO,,CO2IND,2,2030,,,,,,0.1999
EmissionActivityRatio,C_Target_VRE_Clipped,GLOBAL,PWROILINDSO,,CO2IND,2,2031,,,,,,0.1999
EmissionActivityRatio,C_Target_VRE_Clipped,GLOBAL,PWROILINDSO,,CO2IND,2,2032,,,,,,0.1999
EmissionActivityRatio,C_Target_VRE_Clipped,GLOBAL,PWROILINDSO,,CO2IND,2,2033,,,,,,0.1999
EmissionActivityRatio,C_Target_VRE_Clipped,GLOBAL,PWROILINDSO,,CO2IND,2,2034,,,,,,0.1999
EmissionActivityRatio,C_Target_VRE_Clipped,GLOBAL,PWROILINDSO,,CO2IND,2,2035,,,,,,0.1999
EmissionActivityRatio,C_Target_VRE_Clipped,GLOBAL,PWROILINDSO,,CO2IND,2,2036,,,,,,0.1999
EmissionActivityRatio,C_Target_VRE_Clipped,GLOBAL,PWROILINDSO,,CO2IND,2,2037,,,,,,0.1999
EmissionActivityRatio,C_Target_VRE_Clipped,GLOBAL,PWROILINDSO,,CO2IND,2,2038,,,,,,0.1999
EmissionActivityRatio,C_Target_VRE_Clipped,GLOBAL,PWROILINDSO,,CO2IND,2,2039,,,,,,0.1999
EmissionActivityRatio,C_Target_VRE_Clipped,GLOBAL,PWROILINDSO,,CO2IND,2,2040,,,,,,0.1999
EmissionActivityRatio,C_Target_VRE_Clipped,GLOBAL,PWROILINDSO,,CO2IND,2,2041,,,,,,0.1999
EmissionActivityRatio,C_Target_VRE_Clipped,GLOBAL,PWROILINDSO,,CO2IND,2,2042,,,,,,0.1999
EmissionActivityRatio,C_Target_VRE_Clipped,GLOBAL,PWROILINDSO,,CO2IND,2,2043,,,,,,0.1999
EmissionActivityRatio,C_Target_VRE_Clipped,GLOBAL,PWROILINDSO,,CO2IND,2,2044,,,,,,0.1999
EmissionActivityRatio,C_Target_VRE_Clipped,GLOBAL,PWROILINDSO,,CO2IND,2,2045,,,,,,0.1999
EmissionActivityRatio,C_Target_VRE_Clipped,GLOBAL,PWROILINDSO,,CO2IND,2,2046,,,,,,0.1999
EmissionActivityRatio,C_Target_VRE_Clipped,GLOBAL,PWROILINDSO,,CO2IND,2,2047,,,,,,0.1999
EmissionActivityRatio,C_Target_VRE_Clipped,GLOBAL,PWROILINDSO,,CO2IND,2,2048,,,,,,0.1999
EmissionActivityRatio,C_Target_VRE_Clipped,GLOBAL,PWROILINDSO,,CO2IND,2,2049,,,,,,0.1999
EmissionActivityRatio,C_Target_VRE_Clipped,GLOBAL,PWROILINDSO,,CO2IND,2,2050,,,,,,0.1999
EmissionActivityRatio,C_Target_VRE_Clipped,GLOBAL,PWROILINDWE,,CO2IND,1,2023,,,,,,0.2077
EmissionActivityRatio,C_Target_VRE_Clipped,GLOBAL,PWROILINDWE,,CO2IND,1,2024,,,,,,0.2077
EmissionActivityRatio,C_Target_VRE_Clipped,GLOBAL,PWROILINDWE,,CO2IND,1,2025,,,,,,0.2077
EmissionActivityRatio,C_Target_VRE_Clipped,GLOBAL,PWROILINDWE,,CO2IND,1,2026,,,,,,0.2077
EmissionActivityRatio,C_Target_VRE_Clipped,GLOBAL,PWROILINDWE,,CO2IND,1,2027,,,,,,0.2077
EmissionActivityRatio,C_Target_VRE_Clipped,GLOBAL,PWROILINDWE,,CO2IND,1,2028,,,,,,0.2077
EmissionActivityRatio,C_Target_VRE_Clipped,GLOBAL,PWROILINDWE,,CO2IND,1,2029,,,,,,0.2077
EmissionActivityRatio,C_Target_VRE_Clipped,GLOBAL,PWROILINDWE,,CO2IND,1,2030,,,,,,0.2077
EmissionActivityRatio,C_Target_VRE_Clipped,GLOBAL,PWROILINDWE,,CO2IND,1,2031,,,,,,0.2077
EmissionActivityRatio,C_Target_VRE_Clipped,GLOBAL,PWROILINDWE,,CO2IND,1,2032,,,,,,0.2077
EmissionActivityRatio,C_Target_VRE_Clipped,GLOBAL,PWROILINDWE,,CO2IND,1,2033,,,,,,0.2077
EmissionActivityRatio,C_Target_VRE_Clipped,GLOBAL,PWROILINDWE,,CO2IND,1,2034,,,,,,0.2077
EmissionActivityRatio,C_Target_VRE_Clipped,GLOBAL,PWROILINDWE,,CO2IND,1,2035,,,,,,0.2077
EmissionActivityRatio,C_Target_VRE_Clipped,GLOBAL,PWROILINDWE,,CO2IND,1,2036,,,,,,0.2077
EmissionActivityRatio,C_Target_VRE_Clipped,GLOBAL,PWROILINDWE,,CO2IND,1,2037,,,,,,0.2077
EmissionActivityRatio,C_Target_VRE_Clipped,GLOBAL,PWROILINDWE,,CO2IND,1,2038,,,,,,0.2077
EmissionActivityRatio,C_Target_VRE_Clipped,GLOBAL,PWROILINDWE,,CO2IND,1,2039,,,,,,0.2077
EmissionActivityRatio,C_Target_VRE_Clipped,GLOBAL,PWROILINDWE,,CO2IND,1,2040,,,,,,0.2077
EmissionActivityRatio,C_Target_VRE_Clipped,GLOBAL,PWROILINDWE,,CO2IND,1,2041,,,,,,0.2077
EmissionActivityRatio,C_Target_VRE_Clipped,GLOBAL,PWROILINDWE,,CO2IND,1,2042,,,,,,0.2077
EmissionActivityRatio,C_Target_VRE_Clipped,GLOBAL,PWROILINDWE,,CO2IND,1,2043,,,,,,0.2077
EmissionActivityRatio,C_Target_VRE_Clipped,GLOBAL,PWROILINDWE,,CO2IND,1,2044,,,,,,0.2077
EmissionActivityRatio,C_Target_VRE_Clipped,GLOBAL,PWROILINDWE,,CO2IND,1,2045,,,,,,0.2077
EmissionActivityRatio,C_Target_VRE_Clipped,GLOBAL,PWROILINDWE,,CO2IND,1,2046,,,,,,0.2077
EmissionActivityRatio,C_Target_VRE_Clipped,GLOBAL,PWROILINDWE,,CO2IND,1,2047,,,,,,0.2077
EmissionActivityRatio,C_Target_VRE_Clipped,GLOBAL,PWROILINDWE,,CO2IND,1,2048,,,,,,0.2077
EmissionActivityRatio,C_Target_VRE_Clipped,GLOBAL,PWROILINDWE,,CO2IND,1,2049,,,,,,0.2077
EmissionActivityRatio,C_Target_VRE_Clipped,GLOBAL,PWROILINDWE,,CO2IND,1,2050,,,,,,0.2077
EmissionActivityRatio,C_Target_VRE_Clipped,GLOBAL,PWROILINDWE,,CO2IND,2,2023,,,,,,0.2077
EmissionActivityRatio,C_Target_VRE_Clipped,GLOBAL,PWROILINDWE,,CO2IND,2,2024,,,,,,0.2077
EmissionActivityRatio,C_Target_VRE_Clipped,GLOBAL,PWROILINDWE,,CO2IND,2,2025,,,,,,0.2077
EmissionActivityRatio,C_Target_VRE_Clipped,GLOBAL,PWROILINDWE,,CO2IND,2,2026,,,,,,0.2077
EmissionActivityRatio,C_Target_VRE_Clipped,GLOBAL,PWROILINDWE,,CO2IND,2,2027,,,,,,0.2077
EmissionActivityRatio,C_Target_VRE_Clipped,GLOBAL,PWROILINDWE,,CO2IND,2,2028,,,,,,0.2077
EmissionActivityRatio,C_Target_VRE_Clipped,GLOBAL,PWROILINDWE,,CO2IND,2,2029,,,,,,0.2077
EmissionActivityRatio,C_Target_VRE_Clipped,GLOBAL,PWROILINDWE,,CO2IND,2,2030,,,,,,0.2077
EmissionActivityRatio,C_Target_VRE_Clipped,GLOBAL,PWROILINDWE,,CO2IND,2,2031,,,,,,0.2077
EmissionActivityRatio,C_Target_VRE_Clipped,GLOBAL,PWROILINDWE,,CO2IND,2,2032,,,,,,0.2077
EmissionActivityRatio,C_Target_VRE_Clipped,GLOBAL,PWROILINDWE,,CO2IND,2,2033,,,,,,0.2077
EmissionActivityRatio,C_Target_VRE_Clipped,GLOBAL,PWROILINDWE,,CO2IND,2,2034,,,,,,0.2077
EmissionActivityRatio,C_Target_VRE_Clipped,GLOBAL,PWROILINDWE,,CO2IND,2,2035,,,,,,0.2077
EmissionActivityRatio,C_Target_VRE_Clipped,GLOBAL,PWROILINDWE,,CO2IND,2,2036,,,,,,0.2077
EmissionActivityRatio,C_Target_VRE_Clipped,GLOBAL,PWROILINDWE,,CO2IND,2,2037,,,,,,0.2077
EmissionActivityRatio,C_Target_VRE_Clipped,GLOBAL,PWROILINDWE,,CO2IND,2,2038,,,,,,0.2077
EmissionActivityRatio,C_Target_VRE_Clipped,GLOBAL,PWROILINDWE,,CO2IND,2,2039,,,,,,0.2077
EmissionActivityRatio,C_Target_VRE_Clipped,GLOBAL,PWROILINDWE,,CO2IND,2,2040,,,,,,0.2077
EmissionActivityRatio,C_Target_VRE_Clipped,GLOBAL,PWROILINDWE,,CO2IND,2,2041,,,,,,0.2077
EmissionActivityRatio,C_Target_VRE_Clipped,GLOBAL,PWROILINDWE,,CO2IND,2,2042,,,,,,0.2077
EmissionActivityRatio,C_Target_VRE_Clipped,GLOBAL,PWROILINDWE,,CO2IND,2,2043,,,,,,0.2077
EmissionActivityRatio,C_Target_VRE_Clipped,GLOBAL,PWROILINDWE,,CO2IND,2,2044,,,,,,0.2077
EmissionActivityRatio,C_Target_VRE_Clipped,GLOBAL,PWROILINDWE,,CO2IND,2,2045,,,,,,0.2077
EmissionActivityRatio,C_Target_VRE_Clipped,GLOBAL,PWROILINDWE,,CO2IND,2,2046,,,,,,0.2077
EmissionActivityRatio,C_Target_VRE_Clipped,GLOBAL,PWROILINDWE,,CO2IND,2,2047,,,,,,0.2077
EmissionActivityRatio,C_Target_VRE_Clipped,GLOBAL,PWROILINDWE,,CO2IND,2,2048,,,,,,0.2077
EmissionActivityRatio,C_Target_VRE_Clipped,GLOBAL,PWROILINDWE,,CO2IND,2,2049,,,,,,0.2077
EmissionActivityRatio,C_Target_VRE_Clipped,GLOBAL,PWROILINDWE,,CO2IND,2,2050,,,,,,0.2077
EmissionActivityRatio,C_Target_VRE_Clipped,GLOBAL,PWROILLKAXX,,CO2LKA,1,2023,,,,,,0.2063
EmissionActivityRatio,C_Target_VRE_Clipped,GLOBAL,PWROILLKAXX,,CO2LKA,1,2024,,,,,,0.2063
EmissionActivityRatio,C_Target_VRE_Clipped,GLOBAL,PWROILLKAXX,,CO2LKA,1,2025,,,,,,0.2063
EmissionActivityRatio,C_Target_VRE_Clipped,GLOBAL,PWROILLKAXX,,CO2LKA,1,2026,,,,,,0.2063
EmissionActivityRatio,C_Target_VRE_Clipped,GLOBAL,PWROILLKAXX,,CO2LKA,1,2027,,,,,,0.2063
EmissionActivityRatio,C_Target_VRE_Clipped,GLOBAL,PWROILLKAXX,,CO2LKA,1,2028,,,,,,0.2063
EmissionActivityRatio,C_Target_VRE_Clipped,GLOBAL,PWROILLKAXX,,CO2LKA,1,2029,,,,,,0.2063
EmissionActivityRatio,C_Target_VRE_Clipped,GLOBAL,PWROILLKAXX,,CO2LKA,1,2030,,,,,,0.2063
EmissionActivityRatio,C_Target_VRE_Clipped,GLOBAL,PWROILLKAXX,,CO2LKA,1,2031,,,,,,0.2063
EmissionActivityRatio,C_Target_VRE_Clipped,GLOBAL,PWROILLKAXX,,CO2LKA,1,2032,,,,,,0.2063
EmissionActivityRatio,C_Target_VRE_Clipped,GLOBAL,PWROILLKAXX,,CO2LKA,1,2033,,,,,,0.2063
EmissionActivityRatio,C_Target_VRE_Clipped,GLOBAL,PWROILLKAXX,,CO2LKA,1,2034,,,,,,0.2063
EmissionActivityRatio,C_Target_VRE_Clipped,GLOBAL,PWROILLKAXX,,CO2LKA,1,2035,,,,,,0.2063
EmissionActivityRatio,C_Target_VRE_Clipped,GLOBAL,PWROILLKAXX,,CO2LKA,1,2036,,,,,,0.2063
EmissionActivityRatio,C_Target_VRE_Clipped,GLOBAL,PWROILLKAXX,,CO2LKA,1,2037,,,,,,0.2063
EmissionActivityRatio,C_Target_VRE_Clipped,GLOBAL,PWROILLKAXX,,CO2LKA,1,2038,,,,,,0.2063
EmissionActivityRatio,C_Target_VRE_Clipped,GLOBAL,PWROILLKAXX,,CO2LKA,1,2039,,,,,,0.2063
EmissionActivityRatio,C_Target_VRE_Clipped,GLOBAL,PWROILLKAXX,,CO2LKA,1,2040,,,,,,0.2063
EmissionActivityRatio,C_Target_VRE_Clipped,GLOBAL,PWROILLKAXX,,CO2LKA,1,2041,,,,,,0.2063
EmissionActivityRatio,C_Target_VRE_Clipped,GLOBAL,PWROILLKAXX,,CO2LKA,1,2042,,,,,,0.2063
EmissionActivityRatio,C_Target_VRE_Clipped,GLOBAL,PWROILLKAXX,,CO2LKA,1,2043,,,,,,0.2063
EmissionActivityRatio,C_Target_VRE_Clipped,GLOBAL,PWROILLKAXX,,CO2LKA,1,2044,,,,,,0.2063
EmissionActivityRatio,C_Target_VRE_Clipped,GLOBAL,PWROILLKAXX,,CO2LKA,1,2045,,,,,,0.2063
EmissionActivityRatio,C_Target_VRE_Clipped,GLOBAL,PWROILLKAXX,,CO2LKA,1,2046,,,,,,0.2063
EmissionActivityRatio,C_Target_VRE_Clipped,GLOBAL,PWROILLKAXX,,CO2LKA,1,2047,,,,,,0.2063
EmissionActivityRatio,C_Target_VRE_Clipped,GLOBAL,PWROILLKAXX,,CO2LKA,1,2048,,,,,,0.2063
EmissionActivityRatio,C_Target_VRE_Clipped,GLOBAL,PWROILLKAXX,,CO2LKA,1,2049,,,,,,0.2063
EmissionActivityRatio,C_Target_VRE_Clipped,GLOBAL,PWROILLKAXX,,CO2LKA,1,2050,,,,,,0.2063
EmissionActivityRatio,C_Target_VRE_Clipped,GLOBAL,PWROILLKAXX,,CO2LKA,2,2023,,,,,,0.2063
EmissionActivityRatio,C_Target_VRE_Clipped,GLOBAL,PWROILLKAXX,,CO2LKA,2,2024,,,,,,0.2063
EmissionActivityRatio,C_Target_VRE_Clipped,GLOBAL,PWROILLKAXX,,CO2LKA,2,2025,,,,,,0.2063
EmissionActivityRatio,C_Target_VRE_Clipped,GLOBAL,PWROILLKAXX,,CO2LKA,2,2026,,,,,,0.2063
EmissionActivityRatio,C_Target_VRE_Clipped,GLOBAL,PWROILLKAXX,,CO2LKA,2,2027,,,,,,0.2063
EmissionActivityRatio,C_Target_VRE_Clipped,GLOBAL,PWROILLKAXX,,CO2LKA,2,2028,,,,,,0.2063
EmissionActivityRatio,C_Target_VRE_Clipped,GLOBAL,PWROILLKAXX,,CO2LKA,2,2029,,,,,,0.2063
EmissionActivityRatio,C_Target_VRE_Clipped,GLOBAL,PWROILLKAXX,,CO2LKA,2,2030,,,,,,0.2063
EmissionActivityRatio,C_Target_VRE_Clipped,GLOBAL,PWROILLKAXX,,CO2LKA,2,2031,,,,,,0.2063
EmissionActivityRatio,C_Target_VRE_Clipped,GLOBAL,PWROILLKAXX,,CO2LKA,2,2032,,,,,,0.2063
EmissionActivityRatio,C_Target_VRE_Clipped,GLOBAL,PWROILLKAXX,,CO2LKA,2,2033,,,,,,0.2063
EmissionActivityRatio,C_Target_VRE_Clipped,GLOBAL,PWROILLKAXX,,CO2LKA,2,2034,,,,,,0.2063
EmissionActivityRatio,C_Target_VRE_Clipped,GLOBAL,PWROILLKAXX,,CO2LKA,2,2035,,,,,,0.2063
EmissionActivityRatio,C_Target_VRE_Clipped,GLOBAL,PWROILLKAXX,,CO2LKA,2,2036,,,,,,0.2063
EmissionActivityRatio,C_Target_VRE_Clipped,GLOBAL,PWROILLKAXX,,CO2LKA,2,2037,,,,,,0.2063
EmissionActivityRatio,C_Target_VRE_Clipped,GLOBAL,PWROILLKAXX,,CO2LKA,2,2038,,,,,,0.2063
EmissionActivityRatio,C_Target_VRE_Clipped,GLOBAL,PWROILLKAXX,,CO2LKA,2,2039,,,,,,0.2063
EmissionActivityRatio,C_Target_VRE_Clipped,GLOBAL,PWROILLKAXX,,CO2LKA,2,2040,,,,,,0.2063
EmissionActivityRatio,C_Target_VRE_Clipped,GLOBAL,PWROILLKAXX,,CO2LKA,2,2041,,,,,,0.2063
EmissionActivityRatio,C_Target_VRE_Clipped,GLOBAL,PWROILLKAXX,,CO2LKA,2,2042,,,,,,0.2063
EmissionActivityRatio,C_Target_VRE_Clipped,GLOBAL,PWROILLKAXX,,CO2LKA,2,2043,,,,,,0.2063
EmissionActivityRatio,C_Target_VRE_Clipped,GLOBAL,PWROILLKAXX,,CO2LKA,2,2044,,,,,,0.2063
EmissionActivityRatio,C_Target_VRE_Clipped,GLOBAL,PWROILLKAXX,,CO2LKA,2,2045,,,,,,0.2063
EmissionActivityRatio,C_Target_VRE_Clipped,GLOBAL,PWROILLKAXX,,CO2LKA,2,2046,,,,,,0.2063
EmissionActivityRatio,C_Target_VRE_Clipped,GLOBAL,PWROILLKAXX,,CO2LKA,2,2047,,,,,,0.2063
EmissionActivityRatio,C_Target_VRE_Clipped,GLOBAL,PWROILLKAXX,,CO2LKA,2,2048,,,,,,0.2063
EmissionActivityRatio,C_Target_VRE_Clipped,GLOBAL,PWROILLKAXX,,CO2LKA,2,2049,,,,,,0.2063
EmissionActivityRatio,C_Target_VRE_Clipped,GLOBAL,PWROILLKAXX,,CO2LKA,2,2050,,,,,,0.2063
EmissionActivityRatio,C_Target_VRE_Clipped,GLOBAL,PWROTHBGDXX,,CO2BGD,1,2023,,,,,,0.0503
EmissionActivityRatio,C_Target_VRE_Clipped,GLOBAL,PWROTHBGDXX,,CO2BGD,1,2024,,,,,,0.0503
EmissionActivityRatio,C_Target_VRE_Clipped,GLOBAL,PWROTHBGDXX,,CO2BGD,1,2025,,,,,,0.0503
EmissionActivityRatio,C_Target_VRE_Clipped,GLOBAL,PWROTHBGDXX,,CO2BGD,1,2026,,,,,,0.0503
EmissionActivityRatio,C_Target_VRE_Clipped,GLOBAL,PWROTHBGDXX,,CO2BGD,1,2027,,,,,,0.0503
EmissionActivityRatio,C_Target_VRE_Clipped,GLOBAL,PWROTHBGDXX,,CO2BGD,1,2028,,,,,,0.0503
EmissionActivityRatio,C_Target_VRE_Clipped,GLOBAL,PWROTHBGDXX,,CO2BGD,1,2029,,,,,,0.0503
EmissionActivityRatio,C_Target_VRE_Clipped,GLOBAL,PWROTHBGDXX,,CO2BGD,1,2030,,,,,,0.0503
EmissionActivityRatio,C_Target_VRE_Clipped,GLOBAL,PWROTHBGDXX,,CO2BGD,1,2031,,,,,,0.0503
EmissionActivityRatio,C_Target_VRE_Clipped,GLOBAL,PWROTHBGDXX,,CO2BGD,1,2032,,,,,,0.0503
EmissionActivityRatio,C_Target_VRE_Clipped,GLOBAL,PWROTHBGDXX,,CO2BGD,1,2033,,,,,,0.0503
EmissionActivityRatio,C_Target_VRE_Clipped,GLOBAL,PWROTHBGDXX,,CO2BGD,1,2034,,,,,,0.0503
EmissionActivityRatio,C_Target_VRE_Clipped,GLOBAL,PWROTHBGDXX,,CO2BGD,1,2035,,,,,,0.0503
EmissionActivityRatio,C_Target_VRE_Clipped,GLOBAL,PWROTHBGDXX,,CO2BGD,1,2036,,,,,,0.0503
EmissionActivityRatio,C_Target_VRE_Clipped,GLOBAL,PWROTHBGDXX,,CO2BGD,1,2037,,,,,,0.0503
EmissionActivityRatio,C_Target_VRE_Clipped,GLOBAL,PWROTHBGDXX,,CO2BGD,1,2038,,,,,,0.0503
EmissionActivityRatio,C_Target_VRE_Clipped,GLOBAL,PWROTHBGDXX,,CO2BGD,1,2039,,,,,,0.0503
EmissionActivityRatio,C_Target_VRE_Clipped,GLOBAL,PWROTHBGDXX,,CO2BGD,1,2040,,,,,,0.0503
EmissionActivityRatio,C_Target_VRE_Clipped,GLOBAL,PWROTHBGDXX,,CO2BGD,1,2041,,,,,,0.0503
EmissionActivityRatio,C_Target_VRE_Clipped,GLOBAL,PWROTHBGDXX,,CO2BGD,1,2042,,,,,,0.0503
EmissionActivityRatio,C_Target_VRE_Clipped,GLOBAL,PWROTHBGDXX,,CO2BGD,1,2043,,,,,,0.0503
EmissionActivityRatio,C_Target_VRE_Clipped,GLOBAL,PWROTHBGDXX,,CO2BGD,1,2044,,,,,,0.0503
EmissionActivityRatio,C_Target_VRE_Clipped,GLOBAL,PWROTHBGDXX,,CO2BGD,1,2045,,,,,,0.0503
EmissionActivityRatio,C_Target_VRE_Clipped,GLOBAL,PWROTHBGDXX,,CO2BGD,1,2046,,,,,,0.0503
EmissionActivityRatio,C_Target_VRE_Clipped,GLOBAL,PWROTHBGDXX,,CO2BGD,1,2047,,,,,,0.0503
EmissionActivityRatio,C_Target_VRE_Clipped,GLOBAL,PWROTHBGDXX,,CO2BGD,1,2048,,,,,,0.0503
EmissionActivityRatio,C_Target_VRE_Clipped,GLOBAL,PWROTHBGDXX,,CO2BGD,1,2049,,,,,,0.0503
EmissionActivityRatio,C_Target_VRE_Clipped,GLOBAL,PWROTHBGDXX,,CO2BGD,1,2050,,,,,,0.0503
EmissionActivityRatio,C_Target_VRE_Clipped,GLOBAL,PWROTHBGDXX,,CO2BGD,2,2023,,,,,,0.0503
EmissionActivityRatio,C_Target_VRE_Clipped,GLOBAL,PWROTHBGDXX,,CO2BGD,2,2024,,,,,,0.0503
EmissionActivityRatio,C_Target_VRE_Clipped,GLOBAL,PWROTHBGDXX,,CO2BGD,2,2025,,,,,,0.0503
EmissionActivityRatio,C_Target_VRE_Clipped,GLOBAL,PWROTHBGDXX,,CO2BGD,2,2026,,,,,,0.0503
EmissionActivityRatio,C_Target_VRE_Clipped,GLOBAL,PWROTHBGDXX,,CO2BGD,2,2027,,,,,,0.0503
EmissionActivityRatio,C_Target_VRE_Clipped,GLOBAL,PWROTHBGDXX,,CO2BGD,2,2028,,,,,,0.0503
EmissionActivityRatio,C_Target_VRE_Clipped,GLOBAL,PWROTHBGDXX,,CO2BGD,2,2029,,,,,,0.0503
EmissionActivityRatio,C_Target_VRE_Clipped,GLOBAL,PWROTHBGDXX,,CO2BGD,2,2030,,,,,,0.0503
EmissionActivityRatio,C_Target_VRE_Clipped,GLOBAL,PWROTHBGDXX,,CO2BGD,2,2031,,,,,,0.0503
EmissionActivityRatio,C_Target_VRE_Clipped,GLOBAL,PWROTHBGDXX,,CO2BGD,2,2032,,,,,,0.0503
EmissionActivityRatio,C_Target_VRE_Clipped,GLOBAL,PWROTHBGDXX,,CO2BGD,2,2033,,,,,,0.0503
EmissionActivityRatio,C_Target_VRE_Clipped,GLOBAL,PWROTHBGDXX,,CO2BGD,2,2034,,,,,,0.0503
EmissionActivityRatio,C_Target_VRE_Clipped,GLOBAL,PWROTHBGDXX,,CO2BGD,2,2035,,,,,,0.0503
EmissionActivityRatio,C_Target_VRE_Clipped,GLOBAL,PWROTHBGDXX,,CO2BGD,2,2036,,,,,,0.0503
EmissionActivityRatio,C_Target_VRE_Clipped,GLOBAL,PWROTHBGDXX,,CO2BGD,2,2037,,,,,,0.0503
EmissionActivityRatio,C_Target_VRE_Clipped,GLOBAL,PWROTHBGDXX,,CO2BGD,2,2038,,,,,,0.0503
EmissionActivityRatio,C_Target_VRE_Clipped,GLOBAL,PWROTHBGDXX,,CO2BGD,2,2039,,,,,,0.0503
EmissionActivityRatio,C_Target_VRE_Clipped,GLOBAL,PWROTHBGDXX,,CO2BGD,2,2040,,,,,,0.0503
EmissionActivityRatio,C_Target_VRE_Clipped,GLOBAL,PWROTHBGDXX,,CO2BGD,2,2041,,,,,,0.0503
EmissionActivityRatio,C_Target_VRE_Clipped,GLOBAL,PWROTHBGDXX,,CO2BGD,2,2042,,,,,,0.0503
EmissionActivityRatio,C_Target_VRE_Clipped,GLOBAL,PWROTHBGDXX,,CO2BGD,2,2043,,,,,,0.0503
EmissionActivityRatio,C_Target_VRE_Clipped,GLOBAL,PWROTHBGDXX,,CO2BGD,2,2044,,,,,,0.0503
EmissionActivityRatio,C_Target_VRE_Clipped,GLOBAL,PWROTHBGDXX,,CO2BGD,2,2045,,,,,,0.0503
EmissionActivityRatio,C_Target_VRE_Clipped,GLOBAL,PWROTHBGDXX,,CO2BGD,2,2046,,,,,,0.0503
EmissionActivityRatio,C_Target_VRE_Clipped,GLOBAL,PWROTHBGDXX,,CO2BGD,2,2047,,,,,,0.0503
EmissionActivityRatio,C_Target_VRE_Clipped,GLOBAL,PWROTHBGDXX,,CO2BGD,2,2048,,,,,,0.0503
EmissionActivityRatio,C_Target_VRE_Clipped,GLOBAL,PWROTHBGDXX,,CO2BGD,2,2049,,,,,,0.0503
EmissionActivityRatio,C_Target_VRE_Clipped,GLOBAL,PWROTHBGDXX,,CO2BGD,2,2050,,,,,,0.0503
EmissionActivityRatio,C_Target_VRE_Clipped,GLOBAL,PWROTHBTNXX,,CO2BTN,1,2023,,,,,,0.0503
EmissionActivityRatio,C_Target_VRE_Clipped,GLOBAL,PWROTHBTNXX,,CO2BTN,1,2024,,,,,,0.0503
EmissionActivityRatio,C_Target_VRE_Clipped,GLOBAL,PWROTHBTNXX,,CO2BTN,1,2025,,,,,,0.0503
EmissionActivityRatio,C_Target_VRE_Clipped,GLOBAL,PWROTHBTNXX,,CO2BTN,1,2026,,,,,,0.0503
EmissionActivityRatio,C_Target_VRE_Clipped,GLOBAL,PWROTHBTNXX,,CO2BTN,1,2027,,,,,,0.0503
EmissionActivityRatio,C_Target_VRE_Clipped,GLOBAL,PWROTHBTNXX,,CO2BTN,1,2028,,,,,,0.0503
EmissionActivityRatio,C_Target_VRE_Clipped,GLOBAL,PWROTHBTNXX,,CO2BTN,1,2029,,,,,,0.0503
EmissionActivityRatio,C_Target_VRE_Clipped,GLOBAL,PWROTHBTNXX,,CO2BTN,1,2030,,,,,,0.0503
EmissionActivityRatio,C_Target_VRE_Clipped,GLOBAL,PWROTHBTNXX,,CO2BTN,1,2031,,,,,,0.0503
EmissionActivityRatio,C_Target_VRE_Clipped,GLOBAL,PWROTHBTNXX,,CO2BTN,1,2032,,,,,,0.0503
EmissionActivityRatio,C_Target_VRE_Clipped,GLOBAL,PWROTHBTNXX,,CO2BTN,1,2033,,,,,,0.0503
EmissionActivityRatio,C_Target_VRE_Clipped,GLOBAL,PWROTHBTNXX,,CO2BTN,1,2034,,,,,,0.0503
EmissionActivityRatio,C_Target_VRE_Clipped,GLOBAL,PWROTHBTNXX,,CO2BTN,1,2035,,,,,,0.0503
EmissionActivityRatio,C_Target_VRE_Clipped,GLOBAL,PWROTHBTNXX,,CO2BTN,1,2036,,,,,,0.0503
EmissionActivityRatio,C_Target_VRE_Clipped,GLOBAL,PWROTHBTNXX,,CO2BTN,1,2037,,,,,,0.0503
EmissionActivityRatio,C_Target_VRE_Clipped,GLOBAL,PWROTHBTNXX,,CO2BTN,1,2038,,,,,,0.0503
EmissionActivityRatio,C_Target_VRE_Clipped,GLOBAL,PWROTHBTNXX,,CO2BTN,1,2039,,,,,,0.0503
EmissionActivityRatio,C_Target_VRE_Clipped,GLOBAL,PWROTHBTNXX,,CO2BTN,1,2040,,,,,,0.0503
EmissionActivityRatio,C_Target_VRE_Clipped,GLOBAL,PWROTHBTNXX,,CO2BTN,1,2041,,,,,,0.0503
EmissionActivityRatio,C_Target_VRE_Clipped,GLOBAL,PWROTHBTNXX,,CO2BTN,1,2042,,,,,,0.0503
EmissionActivityRatio,C_Target_VRE_Clipped,GLOBAL,PWROTHBTNXX,,CO2BTN,1,2043,,,,,,0.0503
EmissionActivityRatio,C_Target_VRE_Clipped,GLOBAL,PWROTHBTNXX,,CO2BTN,1,2044,,,,,,0.0503
EmissionActivityRatio,C_Target_VRE_Clipped,GLOBAL,PWROTHBTNXX,,CO2BTN,1,2045,,,,,,0.0503
EmissionActivityRatio,C_Target_VRE_Clipped,GLOBAL,PWROTHBTNXX,,CO2BTN,1,2046,,,,,,0.0503
EmissionActivityRatio,C_Target_VRE_Clipped,GLOBAL,PWROTHBTNXX,,CO2BTN,1,2047,,,,,,0.0503
EmissionActivityRatio,C_Target_VRE_Clipped,GLOBAL,PWROTHBTNXX,,CO2BTN,1,2048,,,,,,0.0503
EmissionActivityRatio,C_Target_VRE_Clipped,GLOBAL,PWROTHBTNXX,,CO2BTN,1,2049,,,,,,0.0503
EmissionActivityRatio,C_Target_VRE_Clipped,GLOBAL,PWROTHBTNXX,,CO2BTN,1,2050,,,,,,0.0503
EmissionActivityRatio,C_Target_VRE_Clipped,GLOBAL,PWROTHBTNXX,,CO2BTN,2,2023,,,,,,0.0503
EmissionActivityRatio,C_Target_VRE_Clipped,GLOBAL,PWROTHBTNXX,,CO2BTN,2,2024,,,,,,0.0503
EmissionActivityRatio,C_Target_VRE_Clipped,GLOBAL,PWROTHBTNXX,,CO2BTN,2,2025,,,,,,0.0503
EmissionActivityRatio,C_Target_VRE_Clipped,GLOBAL,PWROTHBTNXX,,CO2BTN,2,2026,,,,,,0.0503
EmissionActivityRatio,C_Target_VRE_Clipped,GLOBAL,PWROTHBTNXX,,CO2BTN,2,2027,,,,,,0.0503
EmissionActivityRatio,C_Target_VRE_Clipped,GLOBAL,PWROTHBTNXX,,CO2BTN,2,2028,,,,,,0.0503
EmissionActivityRatio,C_Target_VRE_Clipped,GLOBAL,PWROTHBTNXX,,CO2BTN,2,2029,,,,,,0.0503
EmissionActivityRatio,C_Target_VRE_Clipped,GLOBAL,PWROTHBTNXX,,CO2BTN,2,2030,,,,,,0.0503
EmissionActivityRatio,C_Target_VRE_Clipped,GLOBAL,PWROTHBTNXX,,CO2BTN,2,2031,,,,,,0.0503
EmissionActivityRatio,C_Target_VRE_Clipped,GLOBAL,PWROTHBTNXX,,CO2BTN,2,2032,,,,,,0.0503
EmissionActivityRatio,C_Target_VRE_Clipped,GLOBAL,PWROTHBTNXX,,CO2BTN,2,2033,,,,,,0.0503
EmissionActivityRatio,C_Target_VRE_Clipped,GLOBAL,PWROTHBTNXX,,CO2BTN,2,2034,,,,,,0.0503
EmissionActivityRatio,C_Target_VRE_Clipped,GLOBAL,PWROTHBTNXX,,CO2BTN,2,2035,,,,,,0.0503
EmissionActivityRatio,C_Target_VRE_Clipped,GLOBAL,PWROTHBTNXX,,CO2BTN,2,2036,,,,,,0.0503
EmissionActivityRatio,C_Target_VRE_Clipped,GLOBAL,PWROTHBTNXX,,CO2BTN,2,2037,,,,,,0.0503
EmissionActivityRatio,C_Target_VRE_Clipped,GLOBAL,PWROTHBTNXX,,CO2BTN,2,2038,,,,,,0.0503
EmissionActivityRatio,C_Target_VRE_Clipped,GLOBAL,PWROTHBTNXX,,CO2BTN,2,2039,,,,,,0.0503
EmissionActivityRatio,C_Target_VRE_Clipped,GLOBAL,PWROTHBTNXX,,CO2BTN,2,2040,,,,,,0.0503
EmissionActivityRatio,C_Target_VRE_Clipped,GLOBAL,PWROTHBTNXX,,CO2BTN,2,2041,,,,,,0.0503
EmissionActivityRatio,C_Target_VRE_Clipped,GLOBAL,PWROTHBTNXX,,CO2BTN,2,2042,,,,,,0.0503
EmissionActivityRatio,C_Target_VRE_Clipped,GLOBAL,PWROTHBTNXX,,CO2BTN,2,2043,,,,,,0.0503
EmissionActivityRatio,C_Target_VRE_Clipped,GLOBAL,PWROTHBTNXX,,CO2BTN,2,2044,,,,,,0.0503
EmissionActivityRatio,C_Target_VRE_Clipped,GLOBAL,PWROTHBTNXX,,CO2BTN,2,2045,,,,,,0.0503
EmissionActivityRatio,C_Target_VRE_Clipped,GLOBAL,PWROTHBTNXX,,CO2BTN,2,2046,,,,,,0.0503
EmissionActivityRatio,C_Target_VRE_Clipped,GLOBAL,PWROTHBTNXX,,CO2BTN,2,2047,,,,,,0.0503
EmissionActivityRatio,C_Target_VRE_Clipped,GLOBAL,PWROTHBTNXX,,CO2BTN,2,2048,,,,,,0.0503
EmissionActivityRatio,C_Target_VRE_Clipped,GLOBAL,PWROTHBTNXX,,CO2BTN,2,2049,,,,,,0.0503
EmissionActivityRatio,C_Target_VRE_Clipped,GLOBAL,PWROTHBTNXX,,CO2BTN,2,2050,,,,,,0.0503
EmissionActivityRatio,C_Target_VRE_Clipped,GLOBAL,PWROTHINDEA,,CO2IND,1,2023,,,,,,0.0503
EmissionActivityRatio,C_Target_VRE_Clipped,GLOBAL,PWROTHINDEA,,CO2IND,1,2024,,,,,,0.0503
EmissionActivityRatio,C_Target_VRE_Clipped,GLOBAL,PWROTHINDEA,,CO2IND,1,2025,,,,,,0.0503
EmissionActivityRatio,C_Target_VRE_Clipped,GLOBAL,PWROTHINDEA,,CO2IND,1,2026,,,,,,0.0503
EmissionActivityRatio,C_Target_VRE_Clipped,GLOBAL,PWROTHINDEA,,CO2IND,1,2027,,,,,,0.0503
EmissionActivityRatio,C_Target_VRE_Clipped,GLOBAL,PWROTHINDEA,,CO2IND,1,2028,,,,,,0.0503
EmissionActivityRatio,C_Target_VRE_Clipped,GLOBAL,PWROTHINDEA,,CO2IND,1,2029,,,,,,0.0503
EmissionActivityRatio,C_Target_VRE_Clipped,GLOBAL,PWROTHINDEA,,CO2IND,1,2030,,,,,,0.0503
EmissionActivityRatio,C_Target_VRE_Clipped,GLOBAL,PWROTHINDEA,,CO2IND,1,2031,,,,,,0.0503
EmissionActivityRatio,C_Target_VRE_Clipped,GLOBAL,PWROTHINDEA,,CO2IND,1,2032,,,,,,0.0503
EmissionActivityRatio,C_Target_VRE_Clipped,GLOBAL,PWROTHINDEA,,CO2IND,1,2033,,,,,,0.0503
EmissionActivityRatio,C_Target_VRE_Clipped,GLOBAL,PWROTHINDEA,,CO2IND,1,2034,,,,,,0.0503
EmissionActivityRatio,C_Target_VRE_Clipped,GLOBAL,PWROTHINDEA,,CO2IND,1,2035,,,,,,0.0503
EmissionActivityRatio,C_Target_VRE_Clipped,GLOBAL,PWROTHINDEA,,CO2IND,1,2036,,,,,,0.0503
EmissionActivityRatio,C_Target_VRE_Clipped,GLOBAL,PWROTHINDEA,,CO2IND,1,2037,,,,,,0.0503
EmissionActivityRatio,C_Target_VRE_Clipped,GLOBAL,PWROTHINDEA,,CO2IND,1,2038,,,,,,0.0503
EmissionActivityRatio,C_Target_VRE_Clipped,GLOBAL,PWROTHINDEA,,CO2IND,1,2039,,,,,,0.0503
EmissionActivityRatio,C_Target_VRE_Clipped,GLOBAL,PWROTHINDEA,,CO2IND,1,2040,,,,,,0.0503
EmissionActivityRatio,C_Target_VRE_Clipped,GLOBAL,PWROTHINDEA,,CO2IND,1,2041,,,,,,0.0503
EmissionActivityRatio,C_Target_VRE_Clipped,GLOBAL,PWROTHINDEA,,CO2IND,1,2042,,,,,,0.0503
EmissionActivityRatio,C_Target_VRE_Clipped,GLOBAL,PWROTHINDEA,,CO2IND,1,2043,,,,,,0.0503
EmissionActivityRatio,C_Target_VRE_Clipped,GLOBAL,PWROTHINDEA,,CO2IND,1,2044,,,,,,0.0503
EmissionActivityRatio,C_Target_VRE_Clipped,GLOBAL,PWROTHINDEA,,CO2IND,1,2045,,,,,,0.0503
EmissionActivityRatio,C_Target_VRE_Clipped,GLOBAL,PWROTHINDEA,,CO2IND,1,2046,,,,,,0.0503
EmissionActivityRatio,C_Target_VRE_Clipped,GLOBAL,PWROTHINDEA,,CO2IND,1,2047,,,,,,0.0503
EmissionActivityRatio,C_Target_VRE_Clipped,GLOBAL,PWROTHINDEA,,CO2IND,1,2048,,,,,,0.0503
EmissionActivityRatio,C_Target_VRE_Clipped,GLOBAL,PWROTHINDEA,,CO2IND,1,2049,,,,,,0.0503
EmissionActivityRatio,C_Target_VRE_Clipped,GLOBAL,PWROTHINDEA,,CO2IND,1,2050,,,,,,0.0503
EmissionActivityRatio,C_Target_VRE_Clipped,GLOBAL,PWROTHINDEA,,CO2IND,2,2023,,,,,,0.0503
EmissionActivityRatio,C_Target_VRE_Clipped,GLOBAL,PWROTHINDEA,,CO2IND,2,2024,,,,,,0.0503
EmissionActivityRatio,C_Target_VRE_Clipped,GLOBAL,PWROTHINDEA,,CO2IND,2,2025,,,,,,0.0503
EmissionActivityRatio,C_Target_VRE_Clipped,GLOBAL,PWROTHINDEA,,CO2IND,2,2026,,,,,,0.0503
EmissionActivityRatio,C_Target_VRE_Clipped,GLOBAL,PWROTHINDEA,,CO2IND,2,2027,,,,,,0.0503
EmissionActivityRatio,C_Target_VRE_Clipped,GLOBAL,PWROTHINDEA,,CO2IND,2,2028,,,,,,0.0503
EmissionActivityRatio,C_Target_VRE_Clipped,GLOBAL,PWROTHINDEA,,CO2IND,2,2029,,,,,,0.0503
EmissionActivityRatio,C_Target_VRE_Clipped,GLOBAL,PWROTHINDEA,,CO2IND,2,2030,,,,,,0.0503
EmissionActivityRatio,C_Target_VRE_Clipped,GLOBAL,PWROTHINDEA,,CO2IND,2,2031,,,,,,0.0503
EmissionActivityRatio,C_Target_VRE_Clipped,GLOBAL,PWROTHINDEA,,CO2IND,2,2032,,,,,,0.0503
EmissionActivityRatio,C_Target_VRE_Clipped,GLOBAL,PWROTHINDEA,,CO2IND,2,2033,,,,,,0.0503
EmissionActivityRatio,C_Target_VRE_Clipped,GLOBAL,PWROTHINDEA,,CO2IND,2,2034,,,,,,0.0503
EmissionActivityRatio,C_Target_VRE_Clipped,GLOBAL,PWROTHINDEA,,CO2IND,2,2035,,,,,,0.0503
EmissionActivityRatio,C_Target_VRE_Clipped,GLOBAL,PWROTHINDEA,,CO2IND,2,2036,,,,,,0.0503
EmissionActivityRatio,C_Target_VRE_Clipped,GLOBAL,PWROTHINDEA,,CO2IND,2,2037,,,,,,0.0503
EmissionActivityRatio,C_Target_VRE_Clipped,GLOBAL,PWROTHINDEA,,CO2IND,2,2038,,,,,,0.0503
EmissionActivityRatio,C_Target_VRE_Clipped,GLOBAL,PWROTHINDEA,,CO2IND,2,2039,,,,,,0.0503
EmissionActivityRatio,C_Target_VRE_Clipped,GLOBAL,PWROTHINDEA,,CO2IND,2,2040,,,,,,0.0503
EmissionActivityRatio,C_Target_VRE_Clipped,GLOBAL,PWROTHINDEA,,CO2IND,2,2041,,,,,,0.0503
EmissionActivityRatio,C_Target_VRE_Clipped,GLOBAL,PWROTHINDEA,,CO2IND,2,2042,,,,,,0.0503
EmissionActivityRatio,C_Target_VRE_Clipped,GLOBAL,PWROTHINDEA,,CO2IND,2,2043,,,,,,0.0503
EmissionActivityRatio,C_Target_VRE_Clipped,GLOBAL,PWROTHINDEA,,CO2IND,2,2044,,,,,,0.0503
EmissionActivityRatio,C_Target_VRE_Clipped,GLOBAL,PWROTHINDEA,,CO2IND,2,2045,,,,,,0.0503
EmissionActivityRatio,C_Target_VRE_Clipped,GLOBAL,PWROTHINDEA,,CO2IND,2,2046,,,,,,0.0503
EmissionActivityRatio,C_Target_VRE_Clipped,GLOBAL,PWROTHINDEA,,CO2IND,2,2047,,,,,,0.0503
EmissionActivityRatio,C_Target_VRE_Clipped,GLOBAL,PWROTHINDEA,,CO2IND,2,2048,,,,,,0.0503
EmissionActivityRatio,C_Target_VRE_Clipped,GLOBAL,PWROTHINDEA,,CO2IND,2,2049,,,,,,0.0503
EmissionActivityRatio,C_Target_VRE_Clipped,GLOBAL,PWROTHINDEA,,CO2IND,2,2050,,,,,,0.0503
EmissionActivityRatio,C_Target_VRE_Clipped,GLOBAL,PWROTHINDNE,,CO2IND,1,2023,,,,,,0.0503
EmissionActivityRatio,C_Target_VRE_Clipped,GLOBAL,PWROTHINDNE,,CO2IND,1,2024,,,,,,0.0503
EmissionActivityRatio,C_Target_VRE_Clipped,GLOBAL,PWROTHINDNE,,CO2IND,1,2025,,,,,,0.0503
EmissionActivityRatio,C_Target_VRE_Clipped,GLOBAL,PWROTHINDNE,,CO2IND,1,2026,,,,,,0.0503
EmissionActivityRatio,C_Target_VRE_Clipped,GLOBAL,PWROTHINDNE,,CO2IND,1,2027,,,,,,0.0503
EmissionActivityRatio,C_Target_VRE_Clipped,GLOBAL,PWROTHINDNE,,CO2IND,1,2028,,,,,,0.0503
EmissionActivityRatio,C_Target_VRE_Clipped,GLOBAL,PWROTHINDNE,,CO2IND,1,2029,,,,,,0.0503
EmissionActivityRatio,C_Target_VRE_Clipped,GLOBAL,PWROTHINDNE,,CO2IND,1,2030,,,,,,0.0503
EmissionActivityRatio,C_Target_VRE_Clipped,GLOBAL,PWROTHINDNE,,CO2IND,1,2031,,,,,,0.0503
EmissionActivityRatio,C_Target_VRE_Clipped,GLOBAL,PWROTHINDNE,,CO2IND,1,2032,,,,,,0.0503
EmissionActivityRatio,C_Target_VRE_Clipped,GLOBAL,PWROTHINDNE,,CO2IND,1,2033,,,,,,0.0503
EmissionActivityRatio,C_Target_VRE_Clipped,GLOBAL,PWROTHINDNE,,CO2IND,1,2034,,,,,,0.0503
EmissionActivityRatio,C_Target_VRE_Clipped,GLOBAL,PWROTHINDNE,,CO2IND,1,2035,,,,,,0.0503
EmissionActivityRatio,C_Target_VRE_Clipped,GLOBAL,PWROTHINDNE,,CO2IND,1,2036,,,,,,0.0503
EmissionActivityRatio,C_Target_VRE_Clipped,GLOBAL,PWROTHINDNE,,CO2IND,1,2037,,,,,,0.0503
EmissionActivityRatio,C_Target_VRE_Clipped,GLOBAL,PWROTHINDNE,,CO2IND,1,2038,,,,,,0.0503
EmissionActivityRatio,C_Target_VRE_Clipped,GLOBAL,PWROTHINDNE,,CO2IND,1,2039,,,,,,0.0503
EmissionActivityRatio,C_Target_VRE_Clipped,GLOBAL,PWROTHINDNE,,CO2IND,1,2040,,,,,,0.0503
EmissionActivityRatio,C_Target_VRE_Clipped,GLOBAL,PWROTHINDNE,,CO2IND,1,2041,,,,,,0.0503
EmissionActivityRatio,C_Target_VRE_Clipped,GLOBAL,PWROTHINDNE,,CO2IND,1,2042,,,,,,0.0503
EmissionActivityRatio,C_Target_VRE_Clipped,GLOBAL,PWROTHINDNE,,CO2IND,1,2043,,,,,,0.0503
EmissionActivityRatio,C_Target_VRE_Clipped,GLOBAL,PWROTHINDNE,,CO2IND,1,2044,,,,,,0.0503
EmissionActivityRatio,C_Target_VRE_Clipped,GLOBAL,PWROTHINDNE,,CO2IND,1,2045,,,,,,0.0503
EmissionActivityRatio,C_Target_VRE_Clipped,GLOBAL,PWROTHINDNE,,CO2IND,1,2046,,,,,,0.0503
EmissionActivityRatio,C_Target_VRE_Clipped,GLOBAL,PWROTHINDNE,,CO2IND,1,2047,,,,,,0.0503
EmissionActivityRatio,C_Target_VRE_Clipped,GLOBAL,PWROTHINDNE,,CO2IND,1,2048,,,,,,0.0503
EmissionActivityRatio,C_Target_VRE_Clipped,GLOBAL,PWROTHINDNE,,CO2IND,1,2049,,,,,,0.0503
EmissionActivityRatio,C_Target_VRE_Clipped,GLOBAL,PWROTHINDNE,,CO2IND,1,2050,,,,,,0.0503
EmissionActivityRatio,C_Target_VRE_Clipped,GLOBAL,PWROTHINDNE,,CO2IND,2,2023,,,,,,0.0503
EmissionActivityRatio,C_Target_VRE_Clipped,GLOBAL,PWROTHINDNE,,CO2IND,2,2024,,,,,,0.0503
EmissionActivityRatio,C_Target_VRE_Clipped,GLOBAL,PWROTHINDNE,,CO2IND,2,2025,,,,,,0.0503
EmissionActivityRatio,C_Target_VRE_Clipped,GLOBAL,PWROTHINDNE,,CO2IND,2,2026,,,,,,0.0503
EmissionActivityRatio,C_Target_VRE_Clipped,GLOBAL,PWROTHINDNE,,CO2IND,2,2027,,,,,,0.0503
EmissionActivityRatio,C_Target_VRE_Clipped,GLOBAL,PWROTHINDNE,,CO2IND,2,2028,,,,,,0.0503
EmissionActivityRatio,C_Target_VRE_Clipped,GLOBAL,PWROTHINDNE,,CO2IND,2,2029,,,,,,0.0503
EmissionActivityRatio,C_Target_VRE_Clipped,GLOBAL,PWROTHINDNE,,CO2IND,2,2030,,,,,,0.0503
EmissionActivityRatio,C_Target_VRE_Clipped,GLOBAL,PWROTHINDNE,,CO2IND,2,2031,,,,,,0.0503
EmissionActivityRatio,C_Target_VRE_Clipped,GLOBAL,PWROTHINDNE,,CO2IND,2,2032,,,,,,0.0503
EmissionActivityRatio,C_Target_VRE_Clipped,GLOBAL,PWROTHINDNE,,CO2IND,2,2033,,,,,,0.0503
EmissionActivityRatio,C_Target_VRE_Clipped,GLOBAL,PWROTHINDNE,,CO2IND,2,2034,,,,,,0.0503
EmissionActivityRatio,C_Target_VRE_Clipped,GLOBAL,PWROTHINDNE,,CO2IND,2,2035,,,,,,0.0503
EmissionActivityRatio,C_Target_VRE_Clipped,GLOBAL,PWROTHINDNE,,CO2IND,2,2036,,,,,,0.0503
EmissionActivityRatio,C_Target_VRE_Clipped,GLOBAL,PWROTHINDNE,,CO2IND,2,2037,,,,,,0.0503
EmissionActivityRatio,C_Target_VRE_Clipped,GLOBAL,PWROTHINDNE,,CO2IND,2,2038,,,,,,0.0503
EmissionActivityRatio,C_Target_VRE_Clipped,GLOBAL,PWROTHINDNE,,CO2IND,2,2039,,,,,,0.0503
EmissionActivityRatio,C_Target_VRE_Clipped,GLOBAL,PWROTHINDNE,,CO2IND,2,2040,,,,,,0.0503
EmissionActivityRatio,C_Target_VRE_Clipped,GLOBAL,PWROTHINDNE,,CO2IND,2,2041,,,,,,0.0503
EmissionActivityRatio,C_Target_VRE_Clipped,GLOBAL,PWROTHINDNE,,CO2IND,2,2042,,,,,,0.0503
EmissionActivityRatio,C_Target_VRE_Clipped,GLOBAL,PWROTHINDNE,,CO2IND,2,2043,,,,,,0.0503
EmissionActivityRatio,C_Target_VRE_Clipped,GLOBAL,PWROTHINDNE,,CO2IND,2,2044,,,,,,0.0503
EmissionActivityRatio,C_Target_VRE_Clipped,GLOBAL,PWROTHINDNE,,CO2IND,2,2045,,,,,,0.0503
EmissionActivityRatio,C_Target_VRE_Clipped,GLOBAL,PWROTHINDNE,,CO2IND,2,2046,,,,,,0.0503
EmissionActivityRatio,C_Target_VRE_Clipped,GLOBAL,PWROTHINDNE,,CO2IND,2,2047,,,,,,0.0503
EmissionActivityRatio,C_Target_VRE_Clipped,GLOBAL,PWROTHINDNE,,CO2IND,2,2048,,,,,,0.0503
EmissionActivityRatio,C_Target_VRE_Clipped,GLOBAL,PWROTHINDNE,,CO2IND,2,2049,,,,,,0.0503
EmissionActivityRatio,C_Target_VRE_Clipped,GLOBAL,PWROTHINDNE,,CO2IND,2,2050,,,,,,0.0503
EmissionActivityRatio,C_Target_VRE_Clipped,GLOBAL,PWROTHINDNO,,CO2IND,1,2023,,,,,,0.0503
EmissionActivityRatio,C_Target_VRE_Clipped,GLOBAL,PWROTHINDNO,,CO2IND,1,2024,,,,,,0.0503
EmissionActivityRatio,C_Target_VRE_Clipped,GLOBAL,PWROTHINDNO,,CO2IND,1,2025,,,,,,0.0503
EmissionActivityRatio,C_Target_VRE_Clipped,GLOBAL,PWROTHINDNO,,CO2IND,1,2026,,,,,,0.0503
EmissionActivityRatio,C_Target_VRE_Clipped,GLOBAL,PWROTHINDNO,,CO2IND,1,2027,,,,,,0.0503
EmissionActivityRatio,C_Target_VRE_Clipped,GLOBAL,PWROTHINDNO,,CO2IND,1,2028,,,,,,0.0503
EmissionActivityRatio,C_Target_VRE_Clipped,GLOBAL,PWROTHINDNO,,CO2IND,1,2029,,,,,,0.0503
EmissionActivityRatio,C_Target_VRE_Clipped,GLOBAL,PWROTHINDNO,,CO2IND,1,2030,,,,,,0.0503
EmissionActivityRatio,C_Target_VRE_Clipped,GLOBAL,PWROTHINDNO,,CO2IND,1,2031,,,,,,0.0503
EmissionActivityRatio,C_Target_VRE_Clipped,GLOBAL,PWROTHINDNO,,CO2IND,1,2032,,,,,,0.0503
EmissionActivityRatio,C_Target_VRE_Clipped,GLOBAL,PWROTHINDNO,,CO2IND,1,2033,,,,,,0.0503
EmissionActivityRatio,C_Target_VRE_Clipped,GLOBAL,PWROTHINDNO,,CO2IND,1,2034,,,,,,0.0503
EmissionActivityRatio,C_Target_VRE_Clipped,GLOBAL,PWROTHINDNO,,CO2IND,1,2035,,,,,,0.0503
EmissionActivityRatio,C_Target_VRE_Clipped,GLOBAL,PWROTHINDNO,,CO2IND,1,2036,,,,,,0.0503
EmissionActivityRatio,C_Target_VRE_Clipped,GLOBAL,PWROTHINDNO,,CO2IND,1,2037,,,,,,0.0503
EmissionActivityRatio,C_Target_VRE_Clipped,GLOBAL,PWROTHINDNO,,CO2IND,1,2038,,,,,,0.0503
EmissionActivityRatio,C_Target_VRE_Clipped,GLOBAL,PWROTHINDNO,,CO2IND,1,2039,,,,,,0.0503
EmissionActivityRatio,C_Target_VRE_Clipped,GLOBAL,PWROTHINDNO,,CO2IND,1,2040,,,,,,0.0503
EmissionActivityRatio,C_Target_VRE_Clipped,GLOBAL,PWROTHINDNO,,CO2IND,1,2041,,,,,,0.0503
EmissionActivityRatio,C_Target_VRE_Clipped,GLOBAL,PWROTHINDNO,,CO2IND,1,2042,,,,,,0.0503
EmissionActivityRatio,C_Target_VRE_Clipped,GLOBAL,PWROTHINDNO,,CO2IND,1,2043,,,,,,0.0503
EmissionActivityRatio,C_Target_VRE_Clipped,GLOBAL,PWROTHINDNO,,CO2IND,1,2044,,,,,,0.0503
EmissionActivityRatio,C_Target_VRE_Clipped,GLOBAL,PWROTHINDNO,,CO2IND,1,2045,,,,,,0.0503
EmissionActivityRatio,C_Target_VRE_Clipped,GLOBAL,PWROTHINDNO,,CO2IND,1,2046,,,,,,0.0503
EmissionActivityRatio,C_Target_VRE_Clipped,GLOBAL,PWROTHINDNO,,CO2IND,1,2047,,,,,,0.0503
EmissionActivityRatio,C_Target_VRE_Clipped,GLOBAL,PWROTHINDNO,,CO2IND,1,2048,,,,,,0.0503
EmissionActivityRatio,C_Target_VRE_Clipped,GLOBAL,PWROTHINDNO,,CO2IND,1,2049,,,,,,0.0503
EmissionActivityRatio,C_Target_VRE_Clipped,GLOBAL,PWROTHINDNO,,CO2IND,1,2050,,,,,,0.0503
EmissionActivityRatio,C_Target_VRE_Clipped,GLOBAL,PWROTHINDNO,,CO2IND,2,2023,,,,,,0.0503
EmissionActivityRatio,C_Target_VRE_Clipped,GLOBAL,PWROTHINDNO,,CO2IND,2,2024,,,,,,0.0503
EmissionActivityRatio,C_Target_VRE_Clipped,GLOBAL,PWROTHINDNO,,CO2IND,2,2025,,,,,,0.0503
EmissionActivityRatio,C_Target_VRE_Clipped,GLOBAL,PWROTHINDNO,,CO2IND,2,2026,,,,,,0.0503
EmissionActivityRatio,C_Target_VRE_Clipped,GLOBAL,PWROTHINDNO,,CO2IND,2,2027,,,,,,0.0503
EmissionActivityRatio,C_Target_VRE_Clipped,GLOBAL,PWROTHINDNO,,CO2IND,2,2028,,,,,,0.0503
EmissionActivityRatio,C_Target_VRE_Clipped,GLOBAL,PWROTHINDNO,,CO2IND,2,2029,,,,,,0.0503
EmissionActivityRatio,C_Target_VRE_Clipped,GLOBAL,PWROTHINDNO,,CO2IND,2,2030,,,,,,0.0503
EmissionActivityRatio,C_Target_VRE_Clipped,GLOBAL,PWROTHINDNO,,CO2IND,2,2031,,,,,,0.0503
EmissionActivityRatio,C_Target_VRE_Clipped,GLOBAL,PWROTHINDNO,,CO2IND,2,2032,,,,,,0.0503
EmissionActivityRatio,C_Target_VRE_Clipped,GLOBAL,PWROTHINDNO,,CO2IND,2,2033,,,,,,0.0503
EmissionActivityRatio,C_Target_VRE_Clipped,GLOBAL,PWROTHINDNO,,CO2IND,2,2034,,,,,,0.0503
EmissionActivityRatio,C_Target_VRE_Clipped,GLOBAL,PWROTHINDNO,,CO2IND,2,2035,,,,,,0.0503
EmissionActivityRatio,C_Target_VRE_Clipped,GLOBAL,PWROTHINDNO,,CO2IND,2,2036,,,,,,0.0503
EmissionActivityRatio,C_Target_VRE_Clipped,GLOBAL,PWROTHINDNO,,CO2IND,2,2037,,,,,,0.0503
EmissionActivityRatio,C_Target_VRE_Clipped,GLOBAL,PWROTHINDNO,,CO2IND,2,2038,,,,,,0.0503
EmissionActivityRatio,C_Target_VRE_Clipped,GLOBAL,PWROTHINDNO,,CO2IND,2,2039,,,,,,0.0503
EmissionActivityRatio,C_Target_VRE_Clipped,GLOBAL,PWROTHINDNO,,CO2IND,2,2040,,,,,,0.0503
EmissionActivityRatio,C_Target_VRE_Clipped,GLOBAL,PWROTHINDNO,,CO2IND,2,2041,,,,,,0.0503
EmissionActivityRatio,C_Target_VRE_Clipped,GLOBAL,PWROTHINDNO,,CO2IND,2,2042,,,,,,0.0503
EmissionActivityRatio,C_Target_VRE_Clipped,GLOBAL,PWROTHINDNO,,CO2IND,2,2043,,,,,,0.0503
EmissionActivityRatio,C_Target_VRE_Clipped,GLOBAL,PWROTHINDNO,,CO2IND,2,2044,,,,,,0.0503
EmissionActivityRatio,C_Target_VRE_Clipped,GLOBAL,PWROTHINDNO,,CO2IND,2,2045,,,,,,0.0503
EmissionActivityRatio,C_Target_VRE_Clipped,GLOBAL,PWROTHINDNO,,CO2IND,2,2046,,,,,,0.0503
EmissionActivityRatio,C_Target_VRE_Clipped,GLOBAL,PWROTHINDNO,,CO2IND,2,2047,,,,,,0.0503
EmissionActivityRatio,C_Target_VRE_Clipped,GLOBAL,PWROTHINDNO,,CO2IND,2,2048,,,,,,0.0503
EmissionActivityRatio,C_Target_VRE_Clipped,GLOBAL,PWROTHINDNO,,CO2IND,2,2049,,,,,,0.0503
EmissionActivityRatio,C_Target_VRE_Clipped,GLOBAL,PWROTHINDNO,,CO2IND,2,2050,,,,,,0.0503
EmissionActivityRatio,C_Target_VRE_Clipped,GLOBAL,PWROTHINDSO,,CO2IND,1,2023,,,,,,0.0503
EmissionActivityRatio,C_Target_VRE_Clipped,GLOBAL,PWROTHINDSO,,CO2IND,1,2024,,,,,,0.0503
EmissionActivityRatio,C_Target_VRE_Clipped,GLOBAL,PWROTHINDSO,,CO2IND,1,2025,,,,,,0.0503
EmissionActivityRatio,C_Target_VRE_Clipped,GLOBAL,PWROTHINDSO,,CO2IND,1,2026,,,,,,0.0503
EmissionActivityRatio,C_Target_VRE_Clipped,GLOBAL,PWROTHINDSO,,CO2IND,1,2027,,,,,,0.0503
EmissionActivityRatio,C_Target_VRE_Clipped,GLOBAL,PWROTHINDSO,,CO2IND,1,2028,,,,,,0.0503
EmissionActivityRatio,C_Target_VRE_Clipped,GLOBAL,PWROTHINDSO,,CO2IND,1,2029,,,,,,0.0503
EmissionActivityRatio,C_Target_VRE_Clipped,GLOBAL,PWROTHINDSO,,CO2IND,1,2030,,,,,,0.0503
EmissionActivityRatio,C_Target_VRE_Clipped,GLOBAL,PWROTHINDSO,,CO2IND,1,2031,,,,,,0.0503
EmissionActivityRatio,C_Target_VRE_Clipped,GLOBAL,PWROTHINDSO,,CO2IND,1,2032,,,,,,0.0503
EmissionActivityRatio,C_Target_VRE_Clipped,GLOBAL,PWROTHINDSO,,CO2IND,1,2033,,,,,,0.0503
EmissionActivityRatio,C_Target_VRE_Clipped,GLOBAL,PWROTHINDSO,,CO2IND,1,2034,,,,,,0.0503
EmissionActivityRatio,C_Target_VRE_Clipped,GLOBAL,PWROTHINDSO,,CO2IND,1,2035,,,,,,0.0503
EmissionActivityRatio,C_Target_VRE_Clipped,GLOBAL,PWROTHINDSO,,CO2IND,1,2036,,,,,,0.0503
EmissionActivityRatio,C_Target_VRE_Clipped,GLOBAL,PWROTHINDSO,,CO2IND,1,2037,,,,,,0.0503
EmissionActivityRatio,C_Target_VRE_Clipped,GLOBAL,PWROTHINDSO,,CO2IND,1,2038,,,,,,0.0503
EmissionActivityRatio,C_Target_VRE_Clipped,GLOBAL,PWROTHINDSO,,CO2IND,1,2039,,,,,,0.0503
EmissionActivityRatio,C_Target_VRE_Clipped,GLOBAL,PWROTHINDSO,,CO2IND,1,2040,,,,,,0.0503
EmissionActivityRatio,C_Target_VRE_Clipped,GLOBAL,PWROTHINDSO,,CO2IND,1,2041,,,,,,0.0503
EmissionActivityRatio,C_Target_VRE_Clipped,GLOBAL,PWROTHINDSO,,CO2IND,1,2042,,,,,,0.0503
EmissionActivityRatio,C_Target_VRE_Clipped,GLOBAL,PWROTHINDSO,,CO2IND,1,2043,,,,,,0.0503
EmissionActivityRatio,C_Target_VRE_Clipped,GLOBAL,PWROTHINDSO,,CO2IND,1,2044,,,,,,0.0503
EmissionActivityRatio,C_Target_VRE_Clipped,GLOBAL,PWROTHINDSO,,CO2IND,1,2045,,,,,,0.0503
EmissionActivityRatio,C_Target_VRE_Clipped,GLOBAL,PWROTHINDSO,,CO2IND,1,2046,,,,,,0.0503
EmissionActivityRatio,C_Target_VRE_Clipped,GLOBAL,PWROTHINDSO,,CO2IND,1,2047,,,,,,0.0503
EmissionActivityRatio,C_Target_VRE_Clipped,GLOBAL,PWROTHINDSO,,CO2IND,1,2048,,,,,,0.0503
EmissionActivityRatio,C_Target_VRE_Clipped,GLOBAL,PWROTHINDSO,,CO2IND,1,2049,,,,,,0.0503
EmissionActivityRatio,C_Target_VRE_Clipped,GLOBAL,PWROTHINDSO,,CO2IND,1,2050,,,,,,0.0503
EmissionActivityRatio,C_Target_VRE_Clipped,GLOBAL,PWROTHINDSO,,CO2IND,2,2023,,,,,,0.0503
EmissionActivityRatio,C_Target_VRE_Clipped,GLOBAL,PWROTHINDSO,,CO2IND,2,2024,,,,,,0.0503
EmissionActivityRatio,C_Target_VRE_Clipped,GLOBAL,PWROTHINDSO,,CO2IND,2,2025,,,,,,0.0503
EmissionActivityRatio,C_Target_VRE_Clipped,GLOBAL,PWROTHINDSO,,CO2IND,2,2026,,,,,,0.0503
EmissionActivityRatio,C_Target_VRE_Clipped,GLOBAL,PWROTHINDSO,,CO2IND,2,2027,,,,,,0.0503
EmissionActivityRatio,C_Target_VRE_Clipped,GLOBAL,PWROTHINDSO,,CO2IND,2,2028,,,,,,0.0503
EmissionActivityRatio,C_Target_VRE_Clipped,GLOBAL,PWROTHINDSO,,CO2IND,2,2029,,,,,,0.0503
EmissionActivityRatio,C_Target_VRE_Clipped,GLOBAL,PWROTHINDSO,,CO2IND,2,2030,,,,,,0.0503
EmissionActivityRatio,C_Target_VRE_Clipped,GLOBAL,PWROTHINDSO,,CO2IND,2,2031,,,,,,0.0503
EmissionActivityRatio,C_Target_VRE_Clipped,GLOBAL,PWROTHINDSO,,CO2IND,2,2032,,,,,,0.0503
EmissionActivityRatio,C_Target_VRE_Clipped,GLOBAL,PWROTHINDSO,,CO2IND,2,2033,,,,,,0.0503
EmissionActivityRatio,C_Target_VRE_Clipped,GLOBAL,PWROTHINDSO,,CO2IND,2,2034,,,,,,0.0503
EmissionActivityRatio,C_Target_VRE_Clipped,GLOBAL,PWROTHINDSO,,CO2IND,2,2035,,,,,,0.0503
EmissionActivityRatio,C_Target_VRE_Clipped,GLOBAL,PWROTHINDSO,,CO2IND,2,2036,,,,,,0.0503
EmissionActivityRatio,C_Target_VRE_Clipped,GLOBAL,PWROTHINDSO,,CO2IND,2,2037,,,,,,0.0503
EmissionActivityRatio,C_Target_VRE_Clipped,GLOBAL,PWROTHINDSO,,CO2IND,2,2038,,,,,,0.0503
EmissionActivityRatio,C_Target_VRE_Clipped,GLOBAL,PWROTHINDSO,,CO2IND,2,2039,,,,,,0.0503
EmissionActivityRatio,C_Target_VRE_Clipped,GLOBAL,PWROTHINDSO,,CO2IND,2,2040,,,,,,0.0503
EmissionActivityRatio,C_Target_VRE_Clipped,GLOBAL,PWROTHINDSO,,CO2IND,2,2041,,,,,,0.0503
EmissionActivityRatio,C_Target_VRE_Clipped,GLOBAL,PWROTHINDSO,,CO2IND,2,2042,,,,,,0.0503
EmissionActivityRatio,C_Target_VRE_Clipped,GLOBAL,PWROTHINDSO,,CO2IND,2,2043,,,,,,0.0503
EmissionActivityRatio,C_Target_VRE_Clipped,GLOBAL,PWROTHINDSO,,CO2IND,2,2044,,,,,,0.0503
EmissionActivityRatio,C_Target_VRE_Clipped,GLOBAL,PWROTHINDSO,,CO2IND,2,2045,,,,,,0.0503
EmissionActivityRatio,C_Target_VRE_Clipped,GLOBAL,PWROTHINDSO,,CO2IND,2,2046,,,,,,0.0503
EmissionActivityRatio,C_Target_VRE_Clipped,GLOBAL,PWROTHINDSO,,CO2IND,2,2047,,,,,,0.0503
EmissionActivityRatio,C_Target_VRE_Clipped,GLOBAL,PWROTHINDSO,,CO2IND,2,2048,,,,,,0.0503
EmissionActivityRatio,C_Target_VRE_Clipped,GLOBAL,PWROTHINDSO,,CO2IND,2,2049,,,,,,0.0503
EmissionActivityRatio,C_Target_VRE_Clipped,GLOBAL,PWROTHINDSO,,CO2IND,2,2050,,,,,,0.0503
EmissionActivityRatio,C_Target_VRE_Clipped,GLOBAL,PWROTHINDWE,,CO2IND,1,2023,,,,,,0.0503
EmissionActivityRatio,C_Target_VRE_Clipped,GLOBAL,PWROTHINDWE,,CO2IND,1,2024,,,,,,0.0503
EmissionActivityRatio,C_Target_VRE_Clipped,GLOBAL,PWROTHINDWE,,CO2IND,1,2025,,,,,,0.0503
EmissionActivityRatio,C_Target_VRE_Clipped,GLOBAL,PWROTHINDWE,,CO2IND,1,2026,,,,,,0.0503
EmissionActivityRatio,C_Target_VRE_Clipped,GLOBAL,PWROTHINDWE,,CO2IND,1,2027,,,,,,0.0503
EmissionActivityRatio,C_Target_VRE_Clipped,GLOBAL,PWROTHINDWE,,CO2IND,1,2028,,,,,,0.0503
EmissionActivityRatio,C_Target_VRE_Clipped,GLOBAL,PWROTHINDWE,,CO2IND,1,2029,,,,,,0.0503
EmissionActivityRatio,C_Target_VRE_Clipped,GLOBAL,PWROTHINDWE,,CO2IND,1,2030,,,,,,0.0503
EmissionActivityRatio,C_Target_VRE_Clipped,GLOBAL,PWROTHINDWE,,CO2IND,1,2031,,,,,,0.0503
EmissionActivityRatio,C_Target_VRE_Clipped,GLOBAL,PWROTHINDWE,,CO2IND,1,2032,,,,,,0.0503
EmissionActivityRatio,C_Target_VRE_Clipped,GLOBAL,PWROTHINDWE,,CO2IND,1,2033,,,,,,0.0503
EmissionActivityRatio,C_Target_VRE_Clipped,GLOBAL,PWROTHINDWE,,CO2IND,1,2034,,,,,,0.0503
EmissionActivityRatio,C_Target_VRE_Clipped,GLOBAL,PWROTHINDWE,,CO2IND,1,2035,,,,,,0.0503
EmissionActivityRatio,C_Target_VRE_Clipped,GLOBAL,PWROTHINDWE,,CO2IND,1,2036,,,,,,0.0503
EmissionActivityRatio,C_Target_VRE_Clipped,GLOBAL,PWROTHINDWE,,CO2IND,1,2037,,,,,,0.0503
EmissionActivityRatio,C_Target_VRE_Clipped,GLOBAL,PWROTHINDWE,,CO2IND,1,2038,,,,,,0.0503
EmissionActivityRatio,C_Target_VRE_Clipped,GLOBAL,PWROTHINDWE,,CO2IND,1,2039,,,,,,0.0503
EmissionActivityRatio,C_Target_VRE_Clipped,GLOBAL,PWROTHINDWE,,CO2IND,1,2040,,,,,,0.0503
EmissionActivityRatio,C_Target_VRE_Clipped,GLOBAL,PWROTHINDWE,,CO2IND,1,2041,,,,,,0.0503
EmissionActivityRatio,C_Target_VRE_Clipped,GLOBAL,PWROTHINDWE,,CO2IND,1,2042,,,,,,0.0503
EmissionActivityRatio,C_Target_VRE_Clipped,GLOBAL,PWROTHINDWE,,CO2IND,1,2043,,,,,,0.0503
EmissionActivityRatio,C_Target_VRE_Clipped,GLOBAL,PWROTHINDWE,,CO2IND,1,2044,,,,,,0.0503
EmissionActivityRatio,C_Target_VRE_Clipped,GLOBAL,PWROTHINDWE,,CO2IND,1,2045,,,,,,0.0503
EmissionActivityRatio,C_Target_VRE_Clipped,GLOBAL,PWROTHINDWE,,CO2IND,1,2046,,,,,,0.0503
EmissionActivityRatio,C_Target_VRE_Clipped,GLOBAL,PWROTHINDWE,,CO2IND,1,2047,,,,,,0.0503
EmissionActivityRatio,C_Target_VRE_Clipped,GLOBAL,PWROTHINDWE,,CO2IND,1,2048,,,,,,0.0503
EmissionActivityRatio,C_Target_VRE_Clipped,GLOBAL,PWROTHINDWE,,CO2IND,1,2049,,,,,,0.0503
EmissionActivityRatio,C_Target_VRE_Clipped,GLOBAL,PWROTHINDWE,,CO2IND,1,2050,,,,,,0.0503
EmissionActivityRatio,C_Target_VRE_Clipped,GLOBAL,PWROTHINDWE,,CO2IND,2,2023,,,,,,0.0503
EmissionActivityRatio,C_Target_VRE_Clipped,GLOBAL,PWROTHINDWE,,CO2IND,2,2024,,,,,,0.0503
EmissionActivityRatio,C_Target_VRE_Clipped,GLOBAL,PWROTHINDWE,,CO2IND,2,2025,,,,,,0.0503
EmissionActivityRatio,C_Target_VRE_Clipped,GLOBAL,PWROTHINDWE,,CO2IND,2,2026,,,,,,0.0503
EmissionActivityRatio,C_Target_VRE_Clipped,GLOBAL,PWROTHINDWE,,CO2IND,2,2027,,,,,,0.0503
EmissionActivityRatio,C_Target_VRE_Clipped,GLOBAL,PWROTHINDWE,,CO2IND,2,2028,,,,,,0.0503
EmissionActivityRatio,C_Target_VRE_Clipped,GLOBAL,PWROTHINDWE,,CO2IND,2,2029,,,,,,0.0503
EmissionActivityRatio,C_Target_VRE_Clipped,GLOBAL,PWROTHINDWE,,CO2IND,2,2030,,,,,,0.0503
EmissionActivityRatio,C_Target_VRE_Clipped,GLOBAL,PWROTHINDWE,,CO2IND,2,2031,,,,,,0.0503
EmissionActivityRatio,C_Target_VRE_Clipped,GLOBAL,PWROTHINDWE,,CO2IND,2,2032,,,,,,0.0503
EmissionActivityRatio,C_Target_VRE_Clipped,GLOBAL,PWROTHINDWE,,CO2IND,2,2033,,,,,,0.0503
EmissionActivityRatio,C_Target_VRE_Clipped,GLOBAL,PWROTHINDWE,,CO2IND,2,2034,,,,,,0.0503
EmissionActivityRatio,C_Target_VRE_Clipped,GLOBAL,PWROTHINDWE,,CO2IND,2,2035,,,,,,0.0503
EmissionActivityRatio,C_Target_VRE_Clipped,GLOBAL,PWROTHINDWE,,CO2IND,2,2036,,,,,,0.0503
EmissionActivityRatio,C_Target_VRE_Clipped,GLOBAL,PWROTHINDWE,,CO2IND,2,2037,,,,,,0.0503
EmissionActivityRatio,C_Target_VRE_Clipped,GLOBAL,PWROTHINDWE,,CO2IND,2,2038,,,,,,0.0503
EmissionActivityRatio,C_Target_VRE_Clipped,GLOBAL,PWROTHINDWE,,CO2IND,2,2039,,,,,,0.0503
EmissionActivityRatio,C_Target_VRE_Clipped,GLOBAL,PWROTHINDWE,,CO2IND,2,2040,,,,,,0.0503
EmissionActivityRatio,C_Target_VRE_Clipped,GLOBAL,PWROTHINDWE,,CO2IND,2,2041,,,,,,0.0503
EmissionActivityRatio,C_Target_VRE_Clipped,GLOBAL,PWROTHINDWE,,CO2IND,2,2042,,,,,,0.0503
EmissionActivityRatio,C_Target_VRE_Clipped,GLOBAL,PWROTHINDWE,,CO2IND,2,2043,,,,,,0.0503
EmissionActivityRatio,C_Target_VRE_Clipped,GLOBAL,PWROTHINDWE,,CO2IND,2,2044,,,,,,0.0503
EmissionActivityRatio,C_Target_VRE_Clipped,GLOBAL,PWROTHINDWE,,CO2IND,2,2045,,,,,,0.0503
EmissionActivityRatio,C_Target_VRE_Clipped,GLOBAL,PWROTHINDWE,,CO2IND,2,2046,,,,,,0.0503
EmissionActivityRatio,C_Target_VRE_Clipped,GLOBAL,PWROTHINDWE,,CO2IND,2,2047,,,,,,0.0503
EmissionActivityRatio,C_Target_VRE_Clipped,GLOBAL,PWROTHINDWE,,CO2IND,2,2048,,,,,,0.0503
EmissionActivityRatio,C_Target_VRE_Clipped,GLOBAL,PWROTHINDWE,,CO2IND,2,2049,,,,,,0.0503
EmissionActivityRatio,C_Target_VRE_Clipped,GLOBAL,PWROTHINDWE,,CO2IND,2,2050,,,,,,0.0503
EmissionActivityRatio,C_Target_VRE_Clipped,GLOBAL,PWROTHLKAXX,,CO2LKA,1,2023,,,,,,0.0503
EmissionActivityRatio,C_Target_VRE_Clipped,GLOBAL,PWROTHLKAXX,,CO2LKA,1,2024,,,,,,0.0503
EmissionActivityRatio,C_Target_VRE_Clipped,GLOBAL,PWROTHLKAXX,,CO2LKA,1,2025,,,,,,0.0503
EmissionActivityRatio,C_Target_VRE_Clipped,GLOBAL,PWROTHLKAXX,,CO2LKA,1,2026,,,,,,0.0503
EmissionActivityRatio,C_Target_VRE_Clipped,GLOBAL,PWROTHLKAXX,,CO2LKA,1,2027,,,,,,0.0503
EmissionActivityRatio,C_Target_VRE_Clipped,GLOBAL,PWROTHLKAXX,,CO2LKA,1,2028,,,,,,0.0503
EmissionActivityRatio,C_Target_VRE_Clipped,GLOBAL,PWROTHLKAXX,,CO2LKA,1,2029,,,,,,0.0503
EmissionActivityRatio,C_Target_VRE_Clipped,GLOBAL,PWROTHLKAXX,,CO2LKA,1,2030,,,,,,0.0503
EmissionActivityRatio,C_Target_VRE_Clipped,GLOBAL,PWROTHLKAXX,,CO2LKA,1,2031,,,,,,0.0503
EmissionActivityRatio,C_Target_VRE_Clipped,GLOBAL,PWROTHLKAXX,,CO2LKA,1,2032,,,,,,0.0503
EmissionActivityRatio,C_Target_VRE_Clipped,GLOBAL,PWROTHLKAXX,,CO2LKA,1,2033,,,,,,0.0503
EmissionActivityRatio,C_Target_VRE_Clipped,GLOBAL,PWROTHLKAXX,,CO2LKA,1,2034,,,,,,0.0503
EmissionActivityRatio,C_Target_VRE_Clipped,GLOBAL,PWROTHLKAXX,,CO2LKA,1,2035,,,,,,0.0503
EmissionActivityRatio,C_Target_VRE_Clipped,GLOBAL,PWROTHLKAXX,,CO2LKA,1,2036,,,,,,0.0503
EmissionActivityRatio,C_Target_VRE_Clipped,GLOBAL,PWROTHLKAXX,,CO2LKA,1,2037,,,,,,0.0503
EmissionActivityRatio,C_Target_VRE_Clipped,GLOBAL,PWROTHLKAXX,,CO2LKA,1,2038,,,,,,0.0503
EmissionActivityRatio,C_Target_VRE_Clipped,GLOBAL,PWROTHLKAXX,,CO2LKA,1,2039,,,,,,0.0503
EmissionActivityRatio,C_Target_VRE_Clipped,GLOBAL,PWROTHLKAXX,,CO2LKA,1,2040,,,,,,0.0503
EmissionActivityRatio,C_Target_VRE_Clipped,GLOBAL,PWROTHLKAXX,,CO2LKA,1,2041,,,,,,0.0503
EmissionActivityRatio,C_Target_VRE_Clipped,GLOBAL,PWROTHLKAXX,,CO2LKA,1,2042,,,,,,0.0503
EmissionActivityRatio,C_Target_VRE_Clipped,GLOBAL,PWROTHLKAXX,,CO2LKA,1,2043,,,,,,0.0503
EmissionActivityRatio,C_Target_VRE_Clipped,GLOBAL,PWROTHLKAXX,,CO2LKA,1,2044,,,,,,0.0503
EmissionActivityRatio,C_Target_VRE_Clipped,GLOBAL,PWROTHLKAXX,,CO2LKA,1,2045,,,,,,0.0503
EmissionActivityRatio,C_Target_VRE_Clipped,GLOBAL,PWROTHLKAXX,,CO2LKA,1,2046,,,,,,0.0503
EmissionActivityRatio,C_Target_VRE_Clipped,GLOBAL,PWROTHLKAXX,,CO2LKA,1,2047,,,,,,0.0503
EmissionActivityRatio,C_Target_VRE_Clipped,GLOBAL,PWROTHLKAXX,,CO2LKA,1,2048,,,,,,0.0503
EmissionActivityRatio,C_Target_VRE_Clipped,GLOBAL,PWROTHLKAXX,,CO2LKA,1,2049,,,,,,0.0503
EmissionActivityRatio,C_Target_VRE_Clipped,GLOBAL,PWROTHLKAXX,,CO2LKA,1,2050,,,,,,0.0503
EmissionActivityRatio,C_Target_VRE_Clipped,GLOBAL,PWROTHLKAXX,,CO2LKA,2,2023,,,,,,0.0503
EmissionActivityRatio,C_Target_VRE_Clipped,GLOBAL,PWROTHLKAXX,,CO2LKA,2,2024,,,,,,0.0503
EmissionActivityRatio,C_Target_VRE_Clipped,GLOBAL,PWROTHLKAXX,,CO2LKA,2,2025,,,,,,0.0503
EmissionActivityRatio,C_Target_VRE_Clipped,GLOBAL,PWROTHLKAXX,,CO2LKA,2,2026,,,,,,0.0503
EmissionActivityRatio,C_Target_VRE_Clipped,GLOBAL,PWROTHLKAXX,,CO2LKA,2,2027,,,,,,0.0503
EmissionActivityRatio,C_Target_VRE_Clipped,GLOBAL,PWROTHLKAXX,,CO2LKA,2,2028,,,,,,0.0503
EmissionActivityRatio,C_Target_VRE_Clipped,GLOBAL,PWROTHLKAXX,,CO2LKA,2,2029,,,,,,0.0503
EmissionActivityRatio,C_Target_VRE_Clipped,GLOBAL,PWROTHLKAXX,,CO2LKA,2,2030,,,,,,0.0503
EmissionActivityRatio,C_Target_VRE_Clipped,GLOBAL,PWROTHLKAXX,,CO2LKA,2,2031,,,,,,0.0503
EmissionActivityRatio,C_Target_VRE_Clipped,GLOBAL,PWROTHLKAXX,,CO2LKA,2,2032,,,,,,0.0503
EmissionActivityRatio,C_Target_VRE_Clipped,GLOBAL,PWROTHLKAXX,,CO2LKA,2,2033,,,,,,0.0503
EmissionActivityRatio,C_Target_VRE_Clipped,GLOBAL,PWROTHLKAXX,,CO2LKA,2,2034,,,,,,0.0503
EmissionActivityRatio,C_Target_VRE_Clipped,GLOBAL,PWROTHLKAXX,,CO2LKA,2,2035,,,,,,0.0503
EmissionActivityRatio,C_Target_VRE_Clipped,GLOBAL,PWROTHLKAXX,,CO2LKA,2,2036,,,,,,0.0503
EmissionActivityRatio,C_Target_VRE_Clipped,GLOBAL,PWROTHLKAXX,,CO2LKA,2,2037,,,,,,0.0503
EmissionActivityRatio,C_Target_VRE_Clipped,GLOBAL,PWROTHLKAXX,,CO2LKA,2,2038,,,,,,0.0503
EmissionActivityRatio,C_Target_VRE_Clipped,GLOBAL,PWROTHLKAXX,,CO2LKA,2,2039,,,,,,0.0503
EmissionActivityRatio,C_Target_VRE_Clipped,GLOBAL,PWROTHLKAXX,,CO2LKA,2,2040,,,,,,0.0503
EmissionActivityRatio,C_Target_VRE_Clipped,GLOBAL,PWROTHLKAXX,,CO2LKA,2,2041,,,,,,0.0503
EmissionActivityRatio,C_Target_VRE_Clipped,GLOBAL,PWROTHLKAXX,,CO2LKA,2,2042,,,,,,0.0503
EmissionActivityRatio,C_Target_VRE_Clipped,GLOBAL,PWROTHLKAXX,,CO2LKA,2,2043,,,,,,0.0503
EmissionActivityRatio,C_Target_VRE_Clipped,GLOBAL,PWROTHLKAXX,,CO2LKA,2,2044,,,,,,0.0503
EmissionActivityRatio,C_Target_VRE_Clipped,GLOBAL,PWROTHLKAXX,,CO2LKA,2,2045,,,,,,0.0503
EmissionActivityRatio,C_Target_VRE_Clipped,GLOBAL,PWROTHLKAXX,,CO2LKA,2,2046,,,,,,0.0503
EmissionActivityRatio,C_Target_VRE_Clipped,GLOBAL,PWROTHLKAXX,,CO2LKA,2,2047,,,,,,0.0503
EmissionActivityRatio,C_Target_VRE_Clipped,GLOBAL,PWROTHLKAXX,,CO2LKA,2,2048,,,,,,0.0503
EmissionActivityRatio,C_Target_VRE_Clipped,GLOBAL,PWROTHLKAXX,,CO2LKA,2,2049,,,,,,0.0503
EmissionActivityRatio,C_Target_VRE_Clipped,GLOBAL,PWROTHLKAXX,,CO2LKA,2,2050,,,,,,0.0503
EmissionActivityRatio,C_Target_VRE_Clipped,GLOBAL,PWROTHMDVXX,,CO2MDV,1,2023,,,,,,0.0503
EmissionActivityRatio,C_Target_VRE_Clipped,GLOBAL,PWROTHMDVXX,,CO2MDV,1,2024,,,,,,0.0503
EmissionActivityRatio,C_Target_VRE_Clipped,GLOBAL,PWROTHMDVXX,,CO2MDV,1,2025,,,,,,0.0503
EmissionActivityRatio,C_Target_VRE_Clipped,GLOBAL,PWROTHMDVXX,,CO2MDV,1,2026,,,,,,0.0503
EmissionActivityRatio,C_Target_VRE_Clipped,GLOBAL,PWROTHMDVXX,,CO2MDV,1,2027,,,,,,0.0503
EmissionActivityRatio,C_Target_VRE_Clipped,GLOBAL,PWROTHMDVXX,,CO2MDV,1,2028,,,,,,0.0503
EmissionActivityRatio,C_Target_VRE_Clipped,GLOBAL,PWROTHMDVXX,,CO2MDV,1,2029,,,,,,0.0503
EmissionActivityRatio,C_Target_VRE_Clipped,GLOBAL,PWROTHMDVXX,,CO2MDV,1,2030,,,,,,0.0503
EmissionActivityRatio,C_Target_VRE_Clipped,GLOBAL,PWROTHMDVXX,,CO2MDV,1,2031,,,,,,0.0503
EmissionActivityRatio,C_Target_VRE_Clipped,GLOBAL,PWROTHMDVXX,,CO2MDV,1,2032,,,,,,0.0503
EmissionActivityRatio,C_Target_VRE_Clipped,GLOBAL,PWROTHMDVXX,,CO2MDV,1,2033,,,,,,0.0503
EmissionActivityRatio,C_Target_VRE_Clipped,GLOBAL,PWROTHMDVXX,,CO2MDV,1,2034,,,,,,0.0503
EmissionActivityRatio,C_Target_VRE_Clipped,GLOBAL,PWROTHMDVXX,,CO2MDV,1,2035,,,,,,0.0503
EmissionActivityRatio,C_Target_VRE_Clipped,GLOBAL,PWROTHMDVXX,,CO2MDV,1,2036,,,,,,0.0503
EmissionActivityRatio,C_Target_VRE_Clipped,GLOBAL,PWROTHMDVXX,,CO2MDV,1,2037,,,,,,0.0503
EmissionActivityRatio,C_Target_VRE_Clipped,GLOBAL,PWROTHMDVXX,,CO2MDV,1,2038,,,,,,0.0503
EmissionActivityRatio,C_Target_VRE_Clipped,GLOBAL,PWROTHMDVXX,,CO2MDV,1,2039,,,,,,0.0503
EmissionActivityRatio,C_Target_VRE_Clipped,GLOBAL,PWROTHMDVXX,,CO2MDV,1,2040,,,,,,0.0503
EmissionActivityRatio,C_Target_VRE_Clipped,GLOBAL,PWROTHMDVXX,,CO2MDV,1,2041,,,,,,0.0503
EmissionActivityRatio,C_Target_VRE_Clipped,GLOBAL,PWROTHMDVXX,,CO2MDV,1,2042,,,,,,0.0503
EmissionActivityRatio,C_Target_VRE_Clipped,GLOBAL,PWROTHMDVXX,,CO2MDV,1,2043,,,,,,0.0503
EmissionActivityRatio,C_Target_VRE_Clipped,GLOBAL,PWROTHMDVXX,,CO2MDV,1,2044,,,,,,0.0503
EmissionActivityRatio,C_Target_VRE_Clipped,GLOBAL,PWROTHMDVXX,,CO2MDV,1,2045,,,,,,0.0503
EmissionActivityRatio,C_Target_VRE_Clipped,GLOBAL,PWROTHMDVXX,,CO2MDV,1,2046,,,,,,0.0503
EmissionActivityRatio,C_Target_VRE_Clipped,GLOBAL,PWROTHMDVXX,,CO2MDV,1,2047,,,,,,0.0503
EmissionActivityRatio,C_Target_VRE_Clipped,GLOBAL,PWROTHMDVXX,,CO2MDV,1,2048,,,,,,0.0503
EmissionActivityRatio,C_Target_VRE_Clipped,GLOBAL,PWROTHMDVXX,,CO2MDV,1,2049,,,,,,0.0503
EmissionActivityRatio,C_Target_VRE_Clipped,GLOBAL,PWROTHMDVXX,,CO2MDV,1,2050,,,,,,0.0503
EmissionActivityRatio,C_Target_VRE_Clipped,GLOBAL,PWROTHMDVXX,,CO2MDV,2,2023,,,,,,0.0503
EmissionActivityRatio,C_Target_VRE_Clipped,GLOBAL,PWROTHMDVXX,,CO2MDV,2,2024,,,,,,0.0503
EmissionActivityRatio,C_Target_VRE_Clipped,GLOBAL,PWROTHMDVXX,,CO2MDV,2,2025,,,,,,0.0503
EmissionActivityRatio,C_Target_VRE_Clipped,GLOBAL,PWROTHMDVXX,,CO2MDV,2,2026,,,,,,0.0503
EmissionActivityRatio,C_Target_VRE_Clipped,GLOBAL,PWROTHMDVXX,,CO2MDV,2,2027,,,,,,0.0503
EmissionActivityRatio,C_Target_VRE_Clipped,GLOBAL,PWROTHMDVXX,,CO2MDV,2,2028,,,,,,0.0503
EmissionActivityRatio,C_Target_VRE_Clipped,GLOBAL,PWROTHMDVXX,,CO2MDV,2,2029,,,,,,0.0503
EmissionActivityRatio,C_Target_VRE_Clipped,GLOBAL,PWROTHMDVXX,,CO2MDV,2,2030,,,,,,0.0503
EmissionActivityRatio,C_Target_VRE_Clipped,GLOBAL,PWROTHMDVXX,,CO2MDV,2,2031,,,,,,0.0503
EmissionActivityRatio,C_Target_VRE_Clipped,GLOBAL,PWROTHMDVXX,,CO2MDV,2,2032,,,,,,0.0503
EmissionActivityRatio,C_Target_VRE_Clipped,GLOBAL,PWROTHMDVXX,,CO2MDV,2,2033,,,,,,0.0503
EmissionActivityRatio,C_Target_VRE_Clipped,GLOBAL,PWROTHMDVXX,,CO2MDV,2,2034,,,,,,0.0503
EmissionActivityRatio,C_Target_VRE_Clipped,GLOBAL,PWROTHMDVXX,,CO2MDV,2,2035,,,,,,0.0503
EmissionActivityRatio,C_Target_VRE_Clipped,GLOBAL,PWROTHMDVXX,,CO2MDV,2,2036,,,,,,0.0503
EmissionActivityRatio,C_Target_VRE_Clipped,GLOBAL,PWROTHMDVXX,,CO2MDV,2,2037,,,,,,0.0503
EmissionActivityRatio,C_Target_VRE_Clipped,GLOBAL,PWROTHMDVXX,,CO2MDV,2,2038,,,,,,0.0503
EmissionActivityRatio,C_Target_VRE_Clipped,GLOBAL,PWROTHMDVXX,,CO2MDV,2,2039,,,,,,0.0503
EmissionActivityRatio,C_Target_VRE_Clipped,GLOBAL,PWROTHMDVXX,,CO2MDV,2,2040,,,,,,0.0503
EmissionActivityRatio,C_Target_VRE_Clipped,GLOBAL,PWROTHMDVXX,,CO2MDV,2,2041,,,,,,0.0503
EmissionActivityRatio,C_Target_VRE_Clipped,GLOBAL,PWROTHMDVXX,,CO2MDV,2,2042,,,,,,0.0503
EmissionActivityRatio,C_Target_VRE_Clipped,GLOBAL,PWROTHMDVXX,,CO2MDV,2,2043,,,,,,0.0503
EmissionActivityRatio,C_Target_VRE_Clipped,GLOBAL,PWROTHMDVXX,,CO2MDV,2,2044,,,,,,0.0503
EmissionActivityRatio,C_Target_VRE_Clipped,GLOBAL,PWROTHMDVXX,,CO2MDV,2,2045,,,,,,0.0503
EmissionActivityRatio,C_Target_VRE_Clipped,GLOBAL,PWROTHMDVXX,,CO2MDV,2,2046,,,,,,0.0503
EmissionActivityRatio,C_Target_VRE_Clipped,GLOBAL,PWROTHMDVXX,,CO2MDV,2,2047,,,,,,0.0503
EmissionActivityRatio,C_Target_VRE_Clipped,GLOBAL,PWROTHMDVXX,,CO2MDV,2,2048,,,,,,0.0503
EmissionActivityRatio,C_Target_VRE_Clipped,GLOBAL,PWROTHMDVXX,,CO2MDV,2,2049,,,,,,0.0503
EmissionActivityRatio,C_Target_VRE_Clipped,GLOBAL,PWROTHMDVXX,,CO2MDV,2,2050,,,,,,0.0503
EmissionActivityRatio,C_Target_VRE_Clipped,GLOBAL,PWROTHNPLXX,,CO2NPL,1,2023,,,,,,0.0503
EmissionActivityRatio,C_Target_VRE_Clipped,GLOBAL,PWROTHNPLXX,,CO2NPL,1,2024,,,,,,0.0503
EmissionActivityRatio,C_Target_VRE_Clipped,GLOBAL,PWROTHNPLXX,,CO2NPL,1,2025,,,,,,0.0503
EmissionActivityRatio,C_Target_VRE_Clipped,GLOBAL,PWROTHNPLXX,,CO2NPL,1,2026,,,,,,0.0503
EmissionActivityRatio,C_Target_VRE_Clipped,GLOBAL,PWROTHNPLXX,,CO2NPL,1,2027,,,,,,0.0503
EmissionActivityRatio,C_Target_VRE_Clipped,GLOBAL,PWROTHNPLXX,,CO2NPL,1,2028,,,,,,0.0503
EmissionActivityRatio,C_Target_VRE_Clipped,GLOBAL,PWROTHNPLXX,,CO2NPL,1,2029,,,,,,0.0503
EmissionActivityRatio,C_Target_VRE_Clipped,GLOBAL,PWROTHNPLXX,,CO2NPL,1,2030,,,,,,0.0503
EmissionActivityRatio,C_Target_VRE_Clipped,GLOBAL,PWROTHNPLXX,,CO2NPL,1,2031,,,,,,0.0503
EmissionActivityRatio,C_Target_VRE_Clipped,GLOBAL,PWROTHNPLXX,,CO2NPL,1,2032,,,,,,0.0503
EmissionActivityRatio,C_Target_VRE_Clipped,GLOBAL,PWROTHNPLXX,,CO2NPL,1,2033,,,,,,0.0503
EmissionActivityRatio,C_Target_VRE_Clipped,GLOBAL,PWROTHNPLXX,,CO2NPL,1,2034,,,,,,0.0503
EmissionActivityRatio,C_Target_VRE_Clipped,GLOBAL,PWROTHNPLXX,,CO2NPL,1,2035,,,,,,0.0503
EmissionActivityRatio,C_Target_VRE_Clipped,GLOBAL,PWROTHNPLXX,,CO2NPL,1,2036,,,,,,0.0503
EmissionActivityRatio,C_Target_VRE_Clipped,GLOBAL,PWROTHNPLXX,,CO2NPL,1,2037,,,,,,0.0503
EmissionActivityRatio,C_Target_VRE_Clipped,GLOBAL,PWROTHNPLXX,,CO2NPL,1,2038,,,,,,0.0503
EmissionActivityRatio,C_Target_VRE_Clipped,GLOBAL,PWROTHNPLXX,,CO2NPL,1,2039,,,,,,0.0503
EmissionActivityRatio,C_Target_VRE_Clipped,GLOBAL,PWROTHNPLXX,,CO2NPL,1,2040,,,,,,0.0503
EmissionActivityRatio,C_Target_VRE_Clipped,GLOBAL,PWROTHNPLXX,,CO2NPL,1,2041,,,,,,0.0503
EmissionActivityRatio,C_Target_VRE_Clipped,GLOBAL,PWROTHNPLXX,,CO2NPL,1,2042,,,,,,0.0503
EmissionActivityRatio,C_Target_VRE_Clipped,GLOBAL,PWROTHNPLXX,,CO2NPL,1,2043,,,,,,0.0503
EmissionActivityRatio,C_Target_VRE_Clipped,GLOBAL,PWROTHNPLXX,,CO2NPL,1,2044,,,,,,0.0503
EmissionActivityRatio,C_Target_VRE_Clipped,GLOBAL,PWROTHNPLXX,,CO2NPL,1,2045,,,,,,0.0503
EmissionActivityRatio,C_Target_VRE_Clipped,GLOBAL,PWROTHNPLXX,,CO2NPL,1,2046,,,,,,0.0503
EmissionActivityRatio,C_Target_VRE_Clipped,GLOBAL,PWROTHNPLXX,,CO2NPL,1,2047,,,,,,0.0503
EmissionActivityRatio,C_Target_VRE_Clipped,GLOBAL,PWROTHNPLXX,,CO2NPL,1,2048,,,,,,0.0503
EmissionActivityRatio,C_Target_VRE_Clipped,GLOBAL,PWROTHNPLXX,,CO2NPL,1,2049,,,,,,0.0503
EmissionActivityRatio,C_Target_VRE_Clipped,GLOBAL,PWROTHNPLXX,,CO2NPL,1,2050,,,,,,0.0503
EmissionActivityRatio,C_Target_VRE_Clipped,GLOBAL,PWROTHNPLXX,,CO2NPL,2,2023,,,,,,0.0503
EmissionActivityRatio,C_Target_VRE_Clipped,GLOBAL,PWROTHNPLXX,,CO2NPL,2,2024,,,,,,0.0503
EmissionActivityRatio,C_Target_VRE_Clipped,GLOBAL,PWROTHNPLXX,,CO2NPL,2,2025,,,,,,0.0503
EmissionActivityRatio,C_Target_VRE_Clipped,GLOBAL,PWROTHNPLXX,,CO2NPL,2,2026,,,,,,0.0503
EmissionActivityRatio,C_Target_VRE_Clipped,GLOBAL,PWROTHNPLXX,,CO2NPL,2,2027,,,,,,0.0503
EmissionActivityRatio,C_Target_VRE_Clipped,GLOBAL,PWROTHNPLXX,,CO2NPL,2,2028,,,,,,0.0503
EmissionActivityRatio,C_Target_VRE_Clipped,GLOBAL,PWROTHNPLXX,,CO2NPL,2,2029,,,,,,0.0503
EmissionActivityRatio,C_Target_VRE_Clipped,GLOBAL,PWROTHNPLXX,,CO2NPL,2,2030,,,,,,0.0503
EmissionActivityRatio,C_Target_VRE_Clipped,GLOBAL,PWROTHNPLXX,,CO2NPL,2,2031,,,,,,0.0503
EmissionActivityRatio,C_Target_VRE_Clipped,GLOBAL,PWROTHNPLXX,,CO2NPL,2,2032,,,,,,0.0503
EmissionActivityRatio,C_Target_VRE_Clipped,GLOBAL,PWROTHNPLXX,,CO2NPL,2,2033,,,,,,0.0503
EmissionActivityRatio,C_Target_VRE_Clipped,GLOBAL,PWROTHNPLXX,,CO2NPL,2,2034,,,,,,0.0503
EmissionActivityRatio,C_Target_VRE_Clipped,GLOBAL,PWROTHNPLXX,,CO2NPL,2,2035,,,,,,0.0503
EmissionActivityRatio,C_Target_VRE_Clipped,GLOBAL,PWROTHNPLXX,,CO2NPL,2,2036,,,,,,0.0503
EmissionActivityRatio,C_Target_VRE_Clipped,GLOBAL,PWROTHNPLXX,,CO2NPL,2,2037,,,,,,0.0503
EmissionActivityRatio,C_Target_VRE_Clipped,GLOBAL,PWROTHNPLXX,,CO2NPL,2,2038,,,,,,0.0503
EmissionActivityRatio,C_Target_VRE_Clipped,GLOBAL,PWROTHNPLXX,,CO2NPL,2,2039,,,,,,0.0503
EmissionActivityRatio,C_Target_VRE_Clipped,GLOBAL,PWROTHNPLXX,,CO2NPL,2,2040,,,,,,0.0503
EmissionActivityRatio,C_Target_VRE_Clipped,GLOBAL,PWROTHNPLXX,,CO2NPL,2,2041,,,,,,0.0503
EmissionActivityRatio,C_Target_VRE_Clipped,GLOBAL,PWROTHNPLXX,,CO2NPL,2,2042,,,,,,0.0503
EmissionActivityRatio,C_Target_VRE_Clipped,GLOBAL,PWROTHNPLXX,,CO2NPL,2,2043,,,,,,0.0503
EmissionActivityRatio,C_Target_VRE_Clipped,GLOBAL,PWROTHNPLXX,,CO2NPL,2,2044,,,,,,0.0503
EmissionActivityRatio,C_Target_VRE_Clipped,GLOBAL,PWROTHNPLXX,,CO2NPL,2,2045,,,,,,0.0503
EmissionActivityRatio,C_Target_VRE_Clipped,GLOBAL,PWROTHNPLXX,,CO2NPL,2,2046,,,,,,0.0503
EmissionActivityRatio,C_Target_VRE_Clipped,GLOBAL,PWROTHNPLXX,,CO2NPL,2,2047,,,,,,0.0503
EmissionActivityRatio,C_Target_VRE_Clipped,GLOBAL,PWROTHNPLXX,,CO2NPL,2,2048,,,,,,0.0503
EmissionActivityRatio,C_Target_VRE_Clipped,GLOBAL,PWROTHNPLXX,,CO2NPL,2,2049,,,,,,0.0503
EmissionActivityRatio,C_Target_VRE_Clipped,GLOBAL,PWROTHNPLXX,,CO2NPL,2,2050,,,,,,0.0503
EmissionActivityRatio,C_Target_VRE_Clipped,GLOBAL,PWRPETBGDXX,,CO2BGD,1,2023,,,,,,0.217
EmissionActivityRatio,C_Target_VRE_Clipped,GLOBAL,PWRPETBGDXX,,CO2BGD,1,2024,,,,,,0.217
EmissionActivityRatio,C_Target_VRE_Clipped,GLOBAL,PWRPETBGDXX,,CO2BGD,1,2025,,,,,,0.217
EmissionActivityRatio,C_Target_VRE_Clipped,GLOBAL,PWRPETBGDXX,,CO2BGD,1,2026,,,,,,0.217
EmissionActivityRatio,C_Target_VRE_Clipped,GLOBAL,PWRPETBGDXX,,CO2BGD,1,2027,,,,,,0.217
EmissionActivityRatio,C_Target_VRE_Clipped,GLOBAL,PWRPETBGDXX,,CO2BGD,1,2028,,,,,,0.217
EmissionActivityRatio,C_Target_VRE_Clipped,GLOBAL,PWRPETBGDXX,,CO2BGD,1,2029,,,,,,0.217
EmissionActivityRatio,C_Target_VRE_Clipped,GLOBAL,PWRPETBGDXX,,CO2BGD,1,2030,,,,,,0.217
EmissionActivityRatio,C_Target_VRE_Clipped,GLOBAL,PWRPETBGDXX,,CO2BGD,1,2031,,,,,,0.217
EmissionActivityRatio,C_Target_VRE_Clipped,GLOBAL,PWRPETBGDXX,,CO2BGD,1,2032,,,,,,0.217
EmissionActivityRatio,C_Target_VRE_Clipped,GLOBAL,PWRPETBGDXX,,CO2BGD,1,2033,,,,,,0.217
EmissionActivityRatio,C_Target_VRE_Clipped,GLOBAL,PWRPETBGDXX,,CO2BGD,1,2034,,,,,,0.217
EmissionActivityRatio,C_Target_VRE_Clipped,GLOBAL,PWRPETBGDXX,,CO2BGD,1,2035,,,,,,0.217
EmissionActivityRatio,C_Target_VRE_Clipped,GLOBAL,PWRPETBGDXX,,CO2BGD,1,2036,,,,,,0.217
EmissionActivityRatio,C_Target_VRE_Clipped,GLOBAL,PWRPETBGDXX,,CO2BGD,1,2037,,,,,,0.217
EmissionActivityRatio,C_Target_VRE_Clipped,GLOBAL,PWRPETBGDXX,,CO2BGD,1,2038,,,,,,0.217
EmissionActivityRatio,C_Target_VRE_Clipped,GLOBAL,PWRPETBGDXX,,CO2BGD,1,2039,,,,,,0.217
EmissionActivityRatio,C_Target_VRE_Clipped,GLOBAL,PWRPETBGDXX,,CO2BGD,1,2040,,,,,,0.217
EmissionActivityRatio,C_Target_VRE_Clipped,GLOBAL,PWRPETBGDXX,,CO2BGD,1,2041,,,,,,0.217
EmissionActivityRatio,C_Target_VRE_Clipped,GLOBAL,PWRPETBGDXX,,CO2BGD,1,2042,,,,,,0.217
EmissionActivityRatio,C_Target_VRE_Clipped,GLOBAL,PWRPETBGDXX,,CO2BGD,1,2043,,,,,,0.217
EmissionActivityRatio,C_Target_VRE_Clipped,GLOBAL,PWRPETBGDXX,,CO2BGD,1,2044,,,,,,0.217
EmissionActivityRatio,C_Target_VRE_Clipped,GLOBAL,PWRPETBGDXX,,CO2BGD,1,2045,,,,,,0.217
EmissionActivityRatio,C_Target_VRE_Clipped,GLOBAL,PWRPETBGDXX,,CO2BGD,1,2046,,,,,,0.217
EmissionActivityRatio,C_Target_VRE_Clipped,GLOBAL,PWRPETBGDXX,,CO2BGD,1,2047,,,,,,0.217
EmissionActivityRatio,C_Target_VRE_Clipped,GLOBAL,PWRPETBGDXX,,CO2BGD,1,2048,,,,,,0.217
EmissionActivityRatio,C_Target_VRE_Clipped,GLOBAL,PWRPETBGDXX,,CO2BGD,1,2049,,,,,,0.217
EmissionActivityRatio,C_Target_VRE_Clipped,GLOBAL,PWRPETBGDXX,,CO2BGD,1,2050,,,,,,0.217
EmissionActivityRatio,C_Target_VRE_Clipped,GLOBAL,PWRPETBGDXX,,CO2BGD,2,2023,,,,,,0.217
EmissionActivityRatio,C_Target_VRE_Clipped,GLOBAL,PWRPETBGDXX,,CO2BGD,2,2024,,,,,,0.217
EmissionActivityRatio,C_Target_VRE_Clipped,GLOBAL,PWRPETBGDXX,,CO2BGD,2,2025,,,,,,0.217
EmissionActivityRatio,C_Target_VRE_Clipped,GLOBAL,PWRPETBGDXX,,CO2BGD,2,2026,,,,,,0.217
EmissionActivityRatio,C_Target_VRE_Clipped,GLOBAL,PWRPETBGDXX,,CO2BGD,2,2027,,,,,,0.217
EmissionActivityRatio,C_Target_VRE_Clipped,GLOBAL,PWRPETBGDXX,,CO2BGD,2,2028,,,,,,0.217
EmissionActivityRatio,C_Target_VRE_Clipped,GLOBAL,PWRPETBGDXX,,CO2BGD,2,2029,,,,,,0.217
EmissionActivityRatio,C_Target_VRE_Clipped,GLOBAL,PWRPETBGDXX,,CO2BGD,2,2030,,,,,,0.217
EmissionActivityRatio,C_Target_VRE_Clipped,GLOBAL,PWRPETBGDXX,,CO2BGD,2,2031,,,,,,0.217
EmissionActivityRatio,C_Target_VRE_Clipped,GLOBAL,PWRPETBGDXX,,CO2BGD,2,2032,,,,,,0.217
EmissionActivityRatio,C_Target_VRE_Clipped,GLOBAL,PWRPETBGDXX,,CO2BGD,2,2033,,,,,,0.217
EmissionActivityRatio,C_Target_VRE_Clipped,GLOBAL,PWRPETBGDXX,,CO2BGD,2,2034,,,,,,0.217
EmissionActivityRatio,C_Target_VRE_Clipped,GLOBAL,PWRPETBGDXX,,CO2BGD,2,2035,,,,,,0.217
EmissionActivityRatio,C_Target_VRE_Clipped,GLOBAL,PWRPETBGDXX,,CO2BGD,2,2036,,,,,,0.217
EmissionActivityRatio,C_Target_VRE_Clipped,GLOBAL,PWRPETBGDXX,,CO2BGD,2,2037,,,,,,0.217
EmissionActivityRatio,C_Target_VRE_Clipped,GLOBAL,PWRPETBGDXX,,CO2BGD,2,2038,,,,,,0.217
EmissionActivityRatio,C_Target_VRE_Clipped,GLOBAL,PWRPETBGDXX,,CO2BGD,2,2039,,,,,,0.217
EmissionActivityRatio,C_Target_VRE_Clipped,GLOBAL,PWRPETBGDXX,,CO2BGD,2,2040,,,,,,0.217
EmissionActivityRatio,C_Target_VRE_Clipped,GLOBAL,PWRPETBGDXX,,CO2BGD,2,2041,,,,,,0.217
EmissionActivityRatio,C_Target_VRE_Clipped,GLOBAL,PWRPETBGDXX,,CO2BGD,2,2042,,,,,,0.217
EmissionActivityRatio,C_Target_VRE_Clipped,GLOBAL,PWRPETBGDXX,,CO2BGD,2,2043,,,,,,0.217
EmissionActivityRatio,C_Target_VRE_Clipped,GLOBAL,PWRPETBGDXX,,CO2BGD,2,2044,,,,,,0.217
EmissionActivityRatio,C_Target_VRE_Clipped,GLOBAL,PWRPETBGDXX,,CO2BGD,2,2045,,,,,,0.217
EmissionActivityRatio,C_Target_VRE_Clipped,GLOBAL,PWRPETBGDXX,,CO2BGD,2,2046,,,,,,0.217
EmissionActivityRatio,C_Target_VRE_Clipped,GLOBAL,PWRPETBGDXX,,CO2BGD,2,2047,,,,,,0.217
EmissionActivityRatio,C_Target_VRE_Clipped,GLOBAL,PWRPETBGDXX,,CO2BGD,2,2048,,,,,,0.217
EmissionActivityRatio,C_Target_VRE_Clipped,GLOBAL,PWRPETBGDXX,,CO2BGD,2,2049,,,,,,0.217
EmissionActivityRatio,C_Target_VRE_Clipped,GLOBAL,PWRPETBGDXX,,CO2BGD,2,2050,,,,,,0.217
EmissionActivityRatio,C_Target_VRE_Clipped,GLOBAL,PWRPETBTNXX,,CO2BTN,1,2023,,,,,,0.217
EmissionActivityRatio,C_Target_VRE_Clipped,GLOBAL,PWRPETBTNXX,,CO2BTN,1,2024,,,,,,0.217
EmissionActivityRatio,C_Target_VRE_Clipped,GLOBAL,PWRPETBTNXX,,CO2BTN,1,2025,,,,,,0.217
EmissionActivityRatio,C_Target_VRE_Clipped,GLOBAL,PWRPETBTNXX,,CO2BTN,1,2026,,,,,,0.217
EmissionActivityRatio,C_Target_VRE_Clipped,GLOBAL,PWRPETBTNXX,,CO2BTN,1,2027,,,,,,0.217
EmissionActivityRatio,C_Target_VRE_Clipped,GLOBAL,PWRPETBTNXX,,CO2BTN,1,2028,,,,,,0.217
EmissionActivityRatio,C_Target_VRE_Clipped,GLOBAL,PWRPETBTNXX,,CO2BTN,1,2029,,,,,,0.217
EmissionActivityRatio,C_Target_VRE_Clipped,GLOBAL,PWRPETBTNXX,,CO2BTN,1,2030,,,,,,0.217
EmissionActivityRatio,C_Target_VRE_Clipped,GLOBAL,PWRPETBTNXX,,CO2BTN,1,2031,,,,,,0.217
EmissionActivityRatio,C_Target_VRE_Clipped,GLOBAL,PWRPETBTNXX,,CO2BTN,1,2032,,,,,,0.217
EmissionActivityRatio,C_Target_VRE_Clipped,GLOBAL,PWRPETBTNXX,,CO2BTN,1,2033,,,,,,0.217
EmissionActivityRatio,C_Target_VRE_Clipped,GLOBAL,PWRPETBTNXX,,CO2BTN,1,2034,,,,,,0.217
EmissionActivityRatio,C_Target_VRE_Clipped,GLOBAL,PWRPETBTNXX,,CO2BTN,1,2035,,,,,,0.217
EmissionActivityRatio,C_Target_VRE_Clipped,GLOBAL,PWRPETBTNXX,,CO2BTN,1,2036,,,,,,0.217
EmissionActivityRatio,C_Target_VRE_Clipped,GLOBAL,PWRPETBTNXX,,CO2BTN,1,2037,,,,,,0.217
EmissionActivityRatio,C_Target_VRE_Clipped,GLOBAL,PWRPETBTNXX,,CO2BTN,1,2038,,,,,,0.217
EmissionActivityRatio,C_Target_VRE_Clipped,GLOBAL,PWRPETBTNXX,,CO2BTN,1,2039,,,,,,0.217
EmissionActivityRatio,C_Target_VRE_Clipped,GLOBAL,PWRPETBTNXX,,CO2BTN,1,2040,,,,,,0.217
EmissionActivityRatio,C_Target_VRE_Clipped,GLOBAL,PWRPETBTNXX,,CO2BTN,1,2041,,,,,,0.217
EmissionActivityRatio,C_Target_VRE_Clipped,GLOBAL,PWRPETBTNXX,,CO2BTN,1,2042,,,,,,0.217
EmissionActivityRatio,C_Target_VRE_Clipped,GLOBAL,PWRPETBTNXX,,CO2BTN,1,2043,,,,,,0.217
EmissionActivityRatio,C_Target_VRE_Clipped,GLOBAL,PWRPETBTNXX,,CO2BTN,1,2044,,,,,,0.217
EmissionActivityRatio,C_Target_VRE_Clipped,GLOBAL,PWRPETBTNXX,,CO2BTN,1,2045,,,,,,0.217
EmissionActivityRatio,C_Target_VRE_Clipped,GLOBAL,PWRPETBTNXX,,CO2BTN,1,2046,,,,,,0.217
EmissionActivityRatio,C_Target_VRE_Clipped,GLOBAL,PWRPETBTNXX,,CO2BTN,1,2047,,,,,,0.217
EmissionActivityRatio,C_Target_VRE_Clipped,GLOBAL,PWRPETBTNXX,,CO2BTN,1,2048,,,,,,0.217
EmissionActivityRatio,C_Target_VRE_Clipped,GLOBAL,PWRPETBTNXX,,CO2BTN,1,2049,,,,,,0.217
EmissionActivityRatio,C_Target_VRE_Clipped,GLOBAL,PWRPETBTNXX,,CO2BTN,1,2050,,,,,,0.217
EmissionActivityRatio,C_Target_VRE_Clipped,GLOBAL,PWRPETBTNXX,,CO2BTN,2,2023,,,,,,0.217
EmissionActivityRatio,C_Target_VRE_Clipped,GLOBAL,PWRPETBTNXX,,CO2BTN,2,2024,,,,,,0.217
EmissionActivityRatio,C_Target_VRE_Clipped,GLOBAL,PWRPETBTNXX,,CO2BTN,2,2025,,,,,,0.217
EmissionActivityRatio,C_Target_VRE_Clipped,GLOBAL,PWRPETBTNXX,,CO2BTN,2,2026,,,,,,0.217
EmissionActivityRatio,C_Target_VRE_Clipped,GLOBAL,PWRPETBTNXX,,CO2BTN,2,2027,,,,,,0.217
EmissionActivityRatio,C_Target_VRE_Clipped,GLOBAL,PWRPETBTNXX,,CO2BTN,2,2028,,,,,,0.217
EmissionActivityRatio,C_Target_VRE_Clipped,GLOBAL,PWRPETBTNXX,,CO2BTN,2,2029,,,,,,0.217
EmissionActivityRatio,C_Target_VRE_Clipped,GLOBAL,PWRPETBTNXX,,CO2BTN,2,2030,,,,,,0.217
EmissionActivityRatio,C_Target_VRE_Clipped,GLOBAL,PWRPETBTNXX,,CO2BTN,2,2031,,,,,,0.217
EmissionActivityRatio,C_Target_VRE_Clipped,GLOBAL,PWRPETBTNXX,,CO2BTN,2,2032,,,,,,0.217
EmissionActivityRatio,C_Target_VRE_Clipped,GLOBAL,PWRPETBTNXX,,CO2BTN,2,2033,,,,,,0.217
EmissionActivityRatio,C_Target_VRE_Clipped,GLOBAL,PWRPETBTNXX,,CO2BTN,2,2034,,,,,,0.217
EmissionActivityRatio,C_Target_VRE_Clipped,GLOBAL,PWRPETBTNXX,,CO2BTN,2,2035,,,,,,0.217
EmissionActivityRatio,C_Target_VRE_Clipped,GLOBAL,PWRPETBTNXX,,CO2BTN,2,2036,,,,,,0.217
EmissionActivityRatio,C_Target_VRE_Clipped,GLOBAL,PWRPETBTNXX,,CO2BTN,2,2037,,,,,,0.217
EmissionActivityRatio,C_Target_VRE_Clipped,GLOBAL,PWRPETBTNXX,,CO2BTN,2,2038,,,,,,0.217
EmissionActivityRatio,C_Target_VRE_Clipped,GLOBAL,PWRPETBTNXX,,CO2BTN,2,2039,,,,,,0.217
EmissionActivityRatio,C_Target_VRE_Clipped,GLOBAL,PWRPETBTNXX,,CO2BTN,2,2040,,,,,,0.217
EmissionActivityRatio,C_Target_VRE_Clipped,GLOBAL,PWRPETBTNXX,,CO2BTN,2,2041,,,,,,0.217
EmissionActivityRatio,C_Target_VRE_Clipped,GLOBAL,PWRPETBTNXX,,CO2BTN,2,2042,,,,,,0.217
EmissionActivityRatio,C_Target_VRE_Clipped,GLOBAL,PWRPETBTNXX,,CO2BTN,2,2043,,,,,,0.217
EmissionActivityRatio,C_Target_VRE_Clipped,GLOBAL,PWRPETBTNXX,,CO2BTN,2,2044,,,,,,0.217
EmissionActivityRatio,C_Target_VRE_Clipped,GLOBAL,PWRPETBTNXX,,CO2BTN,2,2045,,,,,,0.217
EmissionActivityRatio,C_Target_VRE_Clipped,GLOBAL,PWRPETBTNXX,,CO2BTN,2,2046,,,,,,0.217
EmissionActivityRatio,C_Target_VRE_Clipped,GLOBAL,PWRPETBTNXX,,CO2BTN,2,2047,,,,,,0.217
EmissionActivityRatio,C_Target_VRE_Clipped,GLOBAL,PWRPETBTNXX,,CO2BTN,2,2048,,,,,,0.217
EmissionActivityRatio,C_Target_VRE_Clipped,GLOBAL,PWRPETBTNXX,,CO2BTN,2,2049,,,,,,0.217
EmissionActivityRatio,C_Target_VRE_Clipped,GLOBAL,PWRPETBTNXX,,CO2BTN,2,2050,,,,,,0.217
EmissionActivityRatio,C_Target_VRE_Clipped,GLOBAL,PWRPETINDEA,,CO2IND,1,2023,,,,,,0.217
EmissionActivityRatio,C_Target_VRE_Clipped,GLOBAL,PWRPETINDEA,,CO2IND,1,2024,,,,,,0.217
EmissionActivityRatio,C_Target_VRE_Clipped,GLOBAL,PWRPETINDEA,,CO2IND,1,2025,,,,,,0.217
EmissionActivityRatio,C_Target_VRE_Clipped,GLOBAL,PWRPETINDEA,,CO2IND,1,2026,,,,,,0.217
EmissionActivityRatio,C_Target_VRE_Clipped,GLOBAL,PWRPETINDEA,,CO2IND,1,2027,,,,,,0.217
EmissionActivityRatio,C_Target_VRE_Clipped,GLOBAL,PWRPETINDEA,,CO2IND,1,2028,,,,,,0.217
EmissionActivityRatio,C_Target_VRE_Clipped,GLOBAL,PWRPETINDEA,,CO2IND,1,2029,,,,,,0.217
EmissionActivityRatio,C_Target_VRE_Clipped,GLOBAL,PWRPETINDEA,,CO2IND,1,2030,,,,,,0.217
EmissionActivityRatio,C_Target_VRE_Clipped,GLOBAL,PWRPETINDEA,,CO2IND,1,2031,,,,,,0.217
EmissionActivityRatio,C_Target_VRE_Clipped,GLOBAL,PWRPETINDEA,,CO2IND,1,2032,,,,,,0.217
EmissionActivityRatio,C_Target_VRE_Clipped,GLOBAL,PWRPETINDEA,,CO2IND,1,2033,,,,,,0.217
EmissionActivityRatio,C_Target_VRE_Clipped,GLOBAL,PWRPETINDEA,,CO2IND,1,2034,,,,,,0.217
EmissionActivityRatio,C_Target_VRE_Clipped,GLOBAL,PWRPETINDEA,,CO2IND,1,2035,,,,,,0.217
EmissionActivityRatio,C_Target_VRE_Clipped,GLOBAL,PWRPETINDEA,,CO2IND,1,2036,,,,,,0.217
EmissionActivityRatio,C_Target_VRE_Clipped,GLOBAL,PWRPETINDEA,,CO2IND,1,2037,,,,,,0.217
EmissionActivityRatio,C_Target_VRE_Clipped,GLOBAL,PWRPETINDEA,,CO2IND,1,2038,,,,,,0.217
EmissionActivityRatio,C_Target_VRE_Clipped,GLOBAL,PWRPETINDEA,,CO2IND,1,2039,,,,,,0.217
EmissionActivityRatio,C_Target_VRE_Clipped,GLOBAL,PWRPETINDEA,,CO2IND,1,2040,,,,,,0.217
EmissionActivityRatio,C_Target_VRE_Clipped,GLOBAL,PWRPETINDEA,,CO2IND,1,2041,,,,,,0.217
EmissionActivityRatio,C_Target_VRE_Clipped,GLOBAL,PWRPETINDEA,,CO2IND,1,2042,,,,,,0.217
EmissionActivityRatio,C_Target_VRE_Clipped,GLOBAL,PWRPETINDEA,,CO2IND,1,2043,,,,,,0.217
EmissionActivityRatio,C_Target_VRE_Clipped,GLOBAL,PWRPETINDEA,,CO2IND,1,2044,,,,,,0.217
EmissionActivityRatio,C_Target_VRE_Clipped,GLOBAL,PWRPETINDEA,,CO2IND,1,2045,,,,,,0.217
EmissionActivityRatio,C_Target_VRE_Clipped,GLOBAL,PWRPETINDEA,,CO2IND,1,2046,,,,,,0.217
EmissionActivityRatio,C_Target_VRE_Clipped,GLOBAL,PWRPETINDEA,,CO2IND,1,2047,,,,,,0.217
EmissionActivityRatio,C_Target_VRE_Clipped,GLOBAL,PWRPETINDEA,,CO2IND,1,2048,,,,,,0.217
EmissionActivityRatio,C_Target_VRE_Clipped,GLOBAL,PWRPETINDEA,,CO2IND,1,2049,,,,,,0.217
EmissionActivityRatio,C_Target_VRE_Clipped,GLOBAL,PWRPETINDEA,,CO2IND,1,2050,,,,,,0.217
EmissionActivityRatio,C_Target_VRE_Clipped,GLOBAL,PWRPETINDEA,,CO2IND,2,2023,,,,,,0.217
EmissionActivityRatio,C_Target_VRE_Clipped,GLOBAL,PWRPETINDEA,,CO2IND,2,2024,,,,,,0.217
EmissionActivityRatio,C_Target_VRE_Clipped,GLOBAL,PWRPETINDEA,,CO2IND,2,2025,,,,,,0.217
EmissionActivityRatio,C_Target_VRE_Clipped,GLOBAL,PWRPETINDEA,,CO2IND,2,2026,,,,,,0.217
EmissionActivityRatio,C_Target_VRE_Clipped,GLOBAL,PWRPETINDEA,,CO2IND,2,2027,,,,,,0.217
EmissionActivityRatio,C_Target_VRE_Clipped,GLOBAL,PWRPETINDEA,,CO2IND,2,2028,,,,,,0.217
EmissionActivityRatio,C_Target_VRE_Clipped,GLOBAL,PWRPETINDEA,,CO2IND,2,2029,,,,,,0.217
EmissionActivityRatio,C_Target_VRE_Clipped,GLOBAL,PWRPETINDEA,,CO2IND,2,2030,,,,,,0.217
EmissionActivityRatio,C_Target_VRE_Clipped,GLOBAL,PWRPETINDEA,,CO2IND,2,2031,,,,,,0.217
EmissionActivityRatio,C_Target_VRE_Clipped,GLOBAL,PWRPETINDEA,,CO2IND,2,2032,,,,,,0.217
EmissionActivityRatio,C_Target_VRE_Clipped,GLOBAL,PWRPETINDEA,,CO2IND,2,2033,,,,,,0.217
EmissionActivityRatio,C_Target_VRE_Clipped,GLOBAL,PWRPETINDEA,,CO2IND,2,2034,,,,,,0.217
EmissionActivityRatio,C_Target_VRE_Clipped,GLOBAL,PWRPETINDEA,,CO2IND,2,2035,,,,,,0.217
EmissionActivityRatio,C_Target_VRE_Clipped,GLOBAL,PWRPETINDEA,,CO2IND,2,2036,,,,,,0.217
EmissionActivityRatio,C_Target_VRE_Clipped,GLOBAL,PWRPETINDEA,,CO2IND,2,2037,,,,,,0.217
EmissionActivityRatio,C_Target_VRE_Clipped,GLOBAL,PWRPETINDEA,,CO2IND,2,2038,,,,,,0.217
EmissionActivityRatio,C_Target_VRE_Clipped,GLOBAL,PWRPETINDEA,,CO2IND,2,2039,,,,,,0.217
EmissionActivityRatio,C_Target_VRE_Clipped,GLOBAL,PWRPETINDEA,,CO2IND,2,2040,,,,,,0.217
EmissionActivityRatio,C_Target_VRE_Clipped,GLOBAL,PWRPETINDEA,,CO2IND,2,2041,,,,,,0.217
EmissionActivityRatio,C_Target_VRE_Clipped,GLOBAL,PWRPETINDEA,,CO2IND,2,2042,,,,,,0.217
EmissionActivityRatio,C_Target_VRE_Clipped,GLOBAL,PWRPETINDEA,,CO2IND,2,2043,,,,,,0.217
EmissionActivityRatio,C_Target_VRE_Clipped,GLOBAL,PWRPETINDEA,,CO2IND,2,2044,,,,,,0.217
EmissionActivityRatio,C_Target_VRE_Clipped,GLOBAL,PWRPETINDEA,,CO2IND,2,2045,,,,,,0.217
EmissionActivityRatio,C_Target_VRE_Clipped,GLOBAL,PWRPETINDEA,,CO2IND,2,2046,,,,,,0.217
EmissionActivityRatio,C_Target_VRE_Clipped,GLOBAL,PWRPETINDEA,,CO2IND,2,2047,,,,,,0.217
EmissionActivityRatio,C_Target_VRE_Clipped,GLOBAL,PWRPETINDEA,,CO2IND,2,2048,,,,,,0.217
EmissionActivityRatio,C_Target_VRE_Clipped,GLOBAL,PWRPETINDEA,,CO2IND,2,2049,,,,,,0.217
EmissionActivityRatio,C_Target_VRE_Clipped,GLOBAL,PWRPETINDEA,,CO2IND,2,2050,,,,,,0.217
EmissionActivityRatio,C_Target_VRE_Clipped,GLOBAL,PWRPETINDNE,,CO2IND,1,2023,,,,,,0.217
EmissionActivityRatio,C_Target_VRE_Clipped,GLOBAL,PWRPETINDNE,,CO2IND,1,2024,,,,,,0.217
EmissionActivityRatio,C_Target_VRE_Clipped,GLOBAL,PWRPETINDNE,,CO2IND,1,2025,,,,,,0.217
EmissionActivityRatio,C_Target_VRE_Clipped,GLOBAL,PWRPETINDNE,,CO2IND,1,2026,,,,,,0.217
EmissionActivityRatio,C_Target_VRE_Clipped,GLOBAL,PWRPETINDNE,,CO2IND,1,2027,,,,,,0.217
EmissionActivityRatio,C_Target_VRE_Clipped,GLOBAL,PWRPETINDNE,,CO2IND,1,2028,,,,,,0.217
EmissionActivityRatio,C_Target_VRE_Clipped,GLOBAL,PWRPETINDNE,,CO2IND,1,2029,,,,,,0.217
EmissionActivityRatio,C_Target_VRE_Clipped,GLOBAL,PWRPETINDNE,,CO2IND,1,2030,,,,,,0.217
EmissionActivityRatio,C_Target_VRE_Clipped,GLOBAL,PWRPETINDNE,,CO2IND,1,2031,,,,,,0.217
EmissionActivityRatio,C_Target_VRE_Clipped,GLOBAL,PWRPETINDNE,,CO2IND,1,2032,,,,,,0.217
EmissionActivityRatio,C_Target_VRE_Clipped,GLOBAL,PWRPETINDNE,,CO2IND,1,2033,,,,,,0.217
EmissionActivityRatio,C_Target_VRE_Clipped,GLOBAL,PWRPETINDNE,,CO2IND,1,2034,,,,,,0.217
EmissionActivityRatio,C_Target_VRE_Clipped,GLOBAL,PWRPETINDNE,,CO2IND,1,2035,,,,,,0.217
EmissionActivityRatio,C_Target_VRE_Clipped,GLOBAL,PWRPETINDNE,,CO2IND,1,2036,,,,,,0.217
EmissionActivityRatio,C_Target_VRE_Clipped,GLOBAL,PWRPETINDNE,,CO2IND,1,2037,,,,,,0.217
EmissionActivityRatio,C_Target_VRE_Clipped,GLOBAL,PWRPETINDNE,,CO2IND,1,2038,,,,,,0.217
EmissionActivityRatio,C_Target_VRE_Clipped,GLOBAL,PWRPETINDNE,,CO2IND,1,2039,,,,,,0.217
EmissionActivityRatio,C_Target_VRE_Clipped,GLOBAL,PWRPETINDNE,,CO2IND,1,2040,,,,,,0.217
EmissionActivityRatio,C_Target_VRE_Clipped,GLOBAL,PWRPETINDNE,,CO2IND,1,2041,,,,,,0.217
EmissionActivityRatio,C_Target_VRE_Clipped,GLOBAL,PWRPETINDNE,,CO2IND,1,2042,,,,,,0.217
EmissionActivityRatio,C_Target_VRE_Clipped,GLOBAL,PWRPETINDNE,,CO2IND,1,2043,,,,,,0.217
EmissionActivityRatio,C_Target_VRE_Clipped,GLOBAL,PWRPETINDNE,,CO2IND,1,2044,,,,,,0.217
EmissionActivityRatio,C_Target_VRE_Clipped,GLOBAL,PWRPETINDNE,,CO2IND,1,2045,,,,,,0.217
EmissionActivityRatio,C_Target_VRE_Clipped,GLOBAL,PWRPETINDNE,,CO2IND,1,2046,,,,,,0.217
EmissionActivityRatio,C_Target_VRE_Clipped,GLOBAL,PWRPETINDNE,,CO2IND,1,2047,,,,,,0.217
EmissionActivityRatio,C_Target_VRE_Clipped,GLOBAL,PWRPETINDNE,,CO2IND,1,2048,,,,,,0.217
EmissionActivityRatio,C_Target_VRE_Clipped,GLOBAL,PWRPETINDNE,,CO2IND,1,2049,,,,,,0.217
EmissionActivityRatio,C_Target_VRE_Clipped,GLOBAL,PWRPETINDNE,,CO2IND,1,2050,,,,,,0.217
EmissionActivityRatio,C_Target_VRE_Clipped,GLOBAL,PWRPETINDNE,,CO2IND,2,2023,,,,,,0.217
EmissionActivityRatio,C_Target_VRE_Clipped,GLOBAL,PWRPETINDNE,,CO2IND,2,2024,,,,,,0.217
EmissionActivityRatio,C_Target_VRE_Clipped,GLOBAL,PWRPETINDNE,,CO2IND,2,2025,,,,,,0.217
EmissionActivityRatio,C_Target_VRE_Clipped,GLOBAL,PWRPETINDNE,,CO2IND,2,2026,,,,,,0.217
EmissionActivityRatio,C_Target_VRE_Clipped,GLOBAL,PWRPETINDNE,,CO2IND,2,2027,,,,,,0.217
EmissionActivityRatio,C_Target_VRE_Clipped,GLOBAL,PWRPETINDNE,,CO2IND,2,2028,,,,,,0.217
EmissionActivityRatio,C_Target_VRE_Clipped,GLOBAL,PWRPETINDNE,,CO2IND,2,2029,,,,,,0.217
EmissionActivityRatio,C_Target_VRE_Clipped,GLOBAL,PWRPETINDNE,,CO2IND,2,2030,,,,,,0.217
EmissionActivityRatio,C_Target_VRE_Clipped,GLOBAL,PWRPETINDNE,,CO2IND,2,2031,,,,,,0.217
EmissionActivityRatio,C_Target_VRE_Clipped,GLOBAL,PWRPETINDNE,,CO2IND,2,2032,,,,,,0.217
EmissionActivityRatio,C_Target_VRE_Clipped,GLOBAL,PWRPETINDNE,,CO2IND,2,2033,,,,,,0.217
EmissionActivityRatio,C_Target_VRE_Clipped,GLOBAL,PWRPETINDNE,,CO2IND,2,2034,,,,,,0.217
EmissionActivityRatio,C_Target_VRE_Clipped,GLOBAL,PWRPETINDNE,,CO2IND,2,2035,,,,,,0.217
EmissionActivityRatio,C_Target_VRE_Clipped,GLOBAL,PWRPETINDNE,,CO2IND,2,2036,,,,,,0.217
EmissionActivityRatio,C_Target_VRE_Clipped,GLOBAL,PWRPETINDNE,,CO2IND,2,2037,,,,,,0.217
EmissionActivityRatio,C_Target_VRE_Clipped,GLOBAL,PWRPETINDNE,,CO2IND,2,2038,,,,,,0.217
EmissionActivityRatio,C_Target_VRE_Clipped,GLOBAL,PWRPETINDNE,,CO2IND,2,2039,,,,,,0.217
EmissionActivityRatio,C_Target_VRE_Clipped,GLOBAL,PWRPETINDNE,,CO2IND,2,2040,,,,,,0.217
EmissionActivityRatio,C_Target_VRE_Clipped,GLOBAL,PWRPETINDNE,,CO2IND,2,2041,,,,,,0.217
EmissionActivityRatio,C_Target_VRE_Clipped,GLOBAL,PWRPETINDNE,,CO2IND,2,2042,,,,,,0.217
EmissionActivityRatio,C_Target_VRE_Clipped,GLOBAL,PWRPETINDNE,,CO2IND,2,2043,,,,,,0.217
EmissionActivityRatio,C_Target_VRE_Clipped,GLOBAL,PWRPETINDNE,,CO2IND,2,2044,,,,,,0.217
EmissionActivityRatio,C_Target_VRE_Clipped,GLOBAL,PWRPETINDNE,,CO2IND,2,2045,,,,,,0.217
EmissionActivityRatio,C_Target_VRE_Clipped,GLOBAL,PWRPETINDNE,,CO2IND,2,2046,,,,,,0.217
EmissionActivityRatio,C_Target_VRE_Clipped,GLOBAL,PWRPETINDNE,,CO2IND,2,2047,,,,,,0.217
EmissionActivityRatio,C_Target_VRE_Clipped,GLOBAL,PWRPETINDNE,,CO2IND,2,2048,,,,,,0.217
EmissionActivityRatio,C_Target_VRE_Clipped,GLOBAL,PWRPETINDNE,,CO2IND,2,2049,,,,,,0.217
EmissionActivityRatio,C_Target_VRE_Clipped,GLOBAL,PWRPETINDNE,,CO2IND,2,2050,,,,,,0.217
EmissionActivityRatio,C_Target_VRE_Clipped,GLOBAL,PWRPETINDNO,,CO2IND,1,2023,,,,,,0.217
EmissionActivityRatio,C_Target_VRE_Clipped,GLOBAL,PWRPETINDNO,,CO2IND,1,2024,,,,,,0.217
EmissionActivityRatio,C_Target_VRE_Clipped,GLOBAL,PWRPETINDNO,,CO2IND,1,2025,,,,,,0.217
EmissionActivityRatio,C_Target_VRE_Clipped,GLOBAL,PWRPETINDNO,,CO2IND,1,2026,,,,,,0.217
EmissionActivityRatio,C_Target_VRE_Clipped,GLOBAL,PWRPETINDNO,,CO2IND,1,2027,,,,,,0.217
EmissionActivityRatio,C_Target_VRE_Clipped,GLOBAL,PWRPETINDNO,,CO2IND,1,2028,,,,,,0.217
EmissionActivityRatio,C_Target_VRE_Clipped,GLOBAL,PWRPETINDNO,,CO2IND,1,2029,,,,,,0.217
EmissionActivityRatio,C_Target_VRE_Clipped,GLOBAL,PWRPETINDNO,,CO2IND,1,2030,,,,,,0.217
EmissionActivityRatio,C_Target_VRE_Clipped,GLOBAL,PWRPETINDNO,,CO2IND,1,2031,,,,,,0.217
EmissionActivityRatio,C_Target_VRE_Clipped,GLOBAL,PWRPETINDNO,,CO2IND,1,2032,,,,,,0.217
EmissionActivityRatio,C_Target_VRE_Clipped,GLOBAL,PWRPETINDNO,,CO2IND,1,2033,,,,,,0.217
EmissionActivityRatio,C_Target_VRE_Clipped,GLOBAL,PWRPETINDNO,,CO2IND,1,2034,,,,,,0.217
EmissionActivityRatio,C_Target_VRE_Clipped,GLOBAL,PWRPETINDNO,,CO2IND,1,2035,,,,,,0.217
EmissionActivityRatio,C_Target_VRE_Clipped,GLOBAL,PWRPETINDNO,,CO2IND,1,2036,,,,,,0.217
EmissionActivityRatio,C_Target_VRE_Clipped,GLOBAL,PWRPETINDNO,,CO2IND,1,2037,,,,,,0.217
EmissionActivityRatio,C_Target_VRE_Clipped,GLOBAL,PWRPETINDNO,,CO2IND,1,2038,,,,,,0.217
EmissionActivityRatio,C_Target_VRE_Clipped,GLOBAL,PWRPETINDNO,,CO2IND,1,2039,,,,,,0.217
EmissionActivityRatio,C_Target_VRE_Clipped,GLOBAL,PWRPETINDNO,,CO2IND,1,2040,,,,,,0.217
EmissionActivityRatio,C_Target_VRE_Clipped,GLOBAL,PWRPETINDNO,,CO2IND,1,2041,,,,,,0.217
EmissionActivityRatio,C_Target_VRE_Clipped,GLOBAL,PWRPETINDNO,,CO2IND,1,2042,,,,,,0.217
EmissionActivityRatio,C_Target_VRE_Clipped,GLOBAL,PWRPETINDNO,,CO2IND,1,2043,,,,,,0.217
EmissionActivityRatio,C_Target_VRE_Clipped,GLOBAL,PWRPETINDNO,,CO2IND,1,2044,,,,,,0.217
EmissionActivityRatio,C_Target_VRE_Clipped,GLOBAL,PWRPETINDNO,,CO2IND,1,2045,,,,,,0.217
EmissionActivityRatio,C_Target_VRE_Clipped,GLOBAL,PWRPETINDNO,,CO2IND,1,2046,,,,,,0.217
EmissionActivityRatio,C_Target_VRE_Clipped,GLOBAL,PWRPETINDNO,,CO2IND,1,2047,,,,,,0.217
EmissionActivityRatio,C_Target_VRE_Clipped,GLOBAL,PWRPETINDNO,,CO2IND,1,2048,,,,,,0.217
EmissionActivityRatio,C_Target_VRE_Clipped,GLOBAL,PWRPETINDNO,,CO2IND,1,2049,,,,,,0.217
EmissionActivityRatio,C_Target_VRE_Clipped,GLOBAL,PWRPETINDNO,,CO2IND,1,2050,,,,,,0.217
EmissionActivityRatio,C_Target_VRE_Clipped,GLOBAL,PWRPETINDNO,,CO2IND,2,2023,,,,,,0.217
EmissionActivityRatio,C_Target_VRE_Clipped,GLOBAL,PWRPETINDNO,,CO2IND,2,2024,,,,,,0.217
EmissionActivityRatio,C_Target_VRE_Clipped,GLOBAL,PWRPETINDNO,,CO2IND,2,2025,,,,,,0.217
EmissionActivityRatio,C_Target_VRE_Clipped,GLOBAL,PWRPETINDNO,,CO2IND,2,2026,,,,,,0.217
EmissionActivityRatio,C_Target_VRE_Clipped,GLOBAL,PWRPETINDNO,,CO2IND,2,2027,,,,,,0.217
EmissionActivityRatio,C_Target_VRE_Clipped,GLOBAL,PWRPETINDNO,,CO2IND,2,2028,,,,,,0.217
EmissionActivityRatio,C_Target_VRE_Clipped,GLOBAL,PWRPETINDNO,,CO2IND,2,2029,,,,,,0.217
EmissionActivityRatio,C_Target_VRE_Clipped,GLOBAL,PWRPETINDNO,,CO2IND,2,2030,,,,,,0.217
EmissionActivityRatio,C_Target_VRE_Clipped,GLOBAL,PWRPETINDNO,,CO2IND,2,2031,,,,,,0.217
EmissionActivityRatio,C_Target_VRE_Clipped,GLOBAL,PWRPETINDNO,,CO2IND,2,2032,,,,,,0.217
EmissionActivityRatio,C_Target_VRE_Clipped,GLOBAL,PWRPETINDNO,,CO2IND,2,2033,,,,,,0.217
EmissionActivityRatio,C_Target_VRE_Clipped,GLOBAL,PWRPETINDNO,,CO2IND,2,2034,,,,,,0.217
EmissionActivityRatio,C_Target_VRE_Clipped,GLOBAL,PWRPETINDNO,,CO2IND,2,2035,,,,,,0.217
EmissionActivityRatio,C_Target_VRE_Clipped,GLOBAL,PWRPETINDNO,,CO2IND,2,2036,,,,,,0.217
EmissionActivityRatio,C_Target_VRE_Clipped,GLOBAL,PWRPETINDNO,,CO2IND,2,2037,,,,,,0.217
EmissionActivityRatio,C_Target_VRE_Clipped,GLOBAL,PWRPETINDNO,,CO2IND,2,2038,,,,,,0.217
EmissionActivityRatio,C_Target_VRE_Clipped,GLOBAL,PWRPETINDNO,,CO2IND,2,2039,,,,,,0.217
EmissionActivityRatio,C_Target_VRE_Clipped,GLOBAL,PWRPETINDNO,,CO2IND,2,2040,,,,,,0.217
EmissionActivityRatio,C_Target_VRE_Clipped,GLOBAL,PWRPETINDNO,,CO2IND,2,2041,,,,,,0.217
EmissionActivityRatio,C_Target_VRE_Clipped,GLOBAL,PWRPETINDNO,,CO2IND,2,2042,,,,,,0.217
EmissionActivityRatio,C_Target_VRE_Clipped,GLOBAL,PWRPETINDNO,,CO2IND,2,2043,,,,,,0.217
EmissionActivityRatio,C_Target_VRE_Clipped,GLOBAL,PWRPETINDNO,,CO2IND,2,2044,,,,,,0.217
EmissionActivityRatio,C_Target_VRE_Clipped,GLOBAL,PWRPETINDNO,,CO2IND,2,2045,,,,,,0.217
EmissionActivityRatio,C_Target_VRE_Clipped,GLOBAL,PWRPETINDNO,,CO2IND,2,2046,,,,,,0.217
EmissionActivityRatio,C_Target_VRE_Clipped,GLOBAL,PWRPETINDNO,,CO2IND,2,2047,,,,,,0.217
EmissionActivityRatio,C_Target_VRE_Clipped,GLOBAL,PWRPETINDNO,,CO2IND,2,2048,,,,,,0.217
EmissionActivityRatio,C_Target_VRE_Clipped,GLOBAL,PWRPETINDNO,,CO2IND,2,2049,,,,,,0.217
EmissionActivityRatio,C_Target_VRE_Clipped,GLOBAL,PWRPETINDNO,,CO2IND,2,2050,,,,,,0.217
EmissionActivityRatio,C_Target_VRE_Clipped,GLOBAL,PWRPETINDSO,,CO2IND,1,2023,,,,,,0.217
EmissionActivityRatio,C_Target_VRE_Clipped,GLOBAL,PWRPETINDSO,,CO2IND,1,2024,,,,,,0.217
EmissionActivityRatio,C_Target_VRE_Clipped,GLOBAL,PWRPETINDSO,,CO2IND,1,2025,,,,,,0.217
EmissionActivityRatio,C_Target_VRE_Clipped,GLOBAL,PWRPETINDSO,,CO2IND,1,2026,,,,,,0.217
EmissionActivityRatio,C_Target_VRE_Clipped,GLOBAL,PWRPETINDSO,,CO2IND,1,2027,,,,,,0.217
EmissionActivityRatio,C_Target_VRE_Clipped,GLOBAL,PWRPETINDSO,,CO2IND,1,2028,,,,,,0.217
EmissionActivityRatio,C_Target_VRE_Clipped,GLOBAL,PWRPETINDSO,,CO2IND,1,2029,,,,,,0.217
EmissionActivityRatio,C_Target_VRE_Clipped,GLOBAL,PWRPETINDSO,,CO2IND,1,2030,,,,,,0.217
EmissionActivityRatio,C_Target_VRE_Clipped,GLOBAL,PWRPETINDSO,,CO2IND,1,2031,,,,,,0.217
EmissionActivityRatio,C_Target_VRE_Clipped,GLOBAL,PWRPETINDSO,,CO2IND,1,2032,,,,,,0.217
EmissionActivityRatio,C_Target_VRE_Clipped,GLOBAL,PWRPETINDSO,,CO2IND,1,2033,,,,,,0.217
EmissionActivityRatio,C_Target_VRE_Clipped,GLOBAL,PWRPETINDSO,,CO2IND,1,2034,,,,,,0.217
EmissionActivityRatio,C_Target_VRE_Clipped,GLOBAL,PWRPETINDSO,,CO2IND,1,2035,,,,,,0.217
EmissionActivityRatio,C_Target_VRE_Clipped,GLOBAL,PWRPETINDSO,,CO2IND,1,2036,,,,,,0.217
EmissionActivityRatio,C_Target_VRE_Clipped,GLOBAL,PWRPETINDSO,,CO2IND,1,2037,,,,,,0.217
EmissionActivityRatio,C_Target_VRE_Clipped,GLOBAL,PWRPETINDSO,,CO2IND,1,2038,,,,,,0.217
EmissionActivityRatio,C_Target_VRE_Clipped,GLOBAL,PWRPETINDSO,,CO2IND,1,2039,,,,,,0.217
EmissionActivityRatio,C_Target_VRE_Clipped,GLOBAL,PWRPETINDSO,,CO2IND,1,2040,,,,,,0.217
EmissionActivityRatio,C_Target_VRE_Clipped,GLOBAL,PWRPETINDSO,,CO2IND,1,2041,,,,,,0.217
EmissionActivityRatio,C_Target_VRE_Clipped,GLOBAL,PWRPETINDSO,,CO2IND,1,2042,,,,,,0.217
EmissionActivityRatio,C_Target_VRE_Clipped,GLOBAL,PWRPETINDSO,,CO2IND,1,2043,,,,,,0.217
EmissionActivityRatio,C_Target_VRE_Clipped,GLOBAL,PWRPETINDSO,,CO2IND,1,2044,,,,,,0.217
EmissionActivityRatio,C_Target_VRE_Clipped,GLOBAL,PWRPETINDSO,,CO2IND,1,2045,,,,,,0.217
EmissionActivityRatio,C_Target_VRE_Clipped,GLOBAL,PWRPETINDSO,,CO2IND,1,2046,,,,,,0.217
EmissionActivityRatio,C_Target_VRE_Clipped,GLOBAL,PWRPETINDSO,,CO2IND,1,2047,,,,,,0.217
EmissionActivityRatio,C_Target_VRE_Clipped,GLOBAL,PWRPETINDSO,,CO2IND,1,2048,,,,,,0.217
EmissionActivityRatio,C_Target_VRE_Clipped,GLOBAL,PWRPETINDSO,,CO2IND,1,2049,,,,,,0.217
EmissionActivityRatio,C_Target_VRE_Clipped,GLOBAL,PWRPETINDSO,,CO2IND,1,2050,,,,,,0.217
EmissionActivityRatio,C_Target_VRE_Clipped,GLOBAL,PWRPETINDSO,,CO2IND,2,2023,,,,,,0.217
EmissionActivityRatio,C_Target_VRE_Clipped,GLOBAL,PWRPETINDSO,,CO2IND,2,2024,,,,,,0.217
EmissionActivityRatio,C_Target_VRE_Clipped,GLOBAL,PWRPETINDSO,,CO2IND,2,2025,,,,,,0.217
EmissionActivityRatio,C_Target_VRE_Clipped,GLOBAL,PWRPETINDSO,,CO2IND,2,2026,,,,,,0.217
EmissionActivityRatio,C_Target_VRE_Clipped,GLOBAL,PWRPETINDSO,,CO2IND,2,2027,,,,,,0.217
EmissionActivityRatio,C_Target_VRE_Clipped,GLOBAL,PWRPETINDSO,,CO2IND,2,2028,,,,,,0.217
EmissionActivityRatio,C_Target_VRE_Clipped,GLOBAL,PWRPETINDSO,,CO2IND,2,2029,,,,,,0.217
EmissionActivityRatio,C_Target_VRE_Clipped,GLOBAL,PWRPETINDSO,,CO2IND,2,2030,,,,,,0.217
EmissionActivityRatio,C_Target_VRE_Clipped,GLOBAL,PWRPETINDSO,,CO2IND,2,2031,,,,,,0.217
EmissionActivityRatio,C_Target_VRE_Clipped,GLOBAL,PWRPETINDSO,,CO2IND,2,2032,,,,,,0.217
EmissionActivityRatio,C_Target_VRE_Clipped,GLOBAL,PWRPETINDSO,,CO2IND,2,2033,,,,,,0.217
EmissionActivityRatio,C_Target_VRE_Clipped,GLOBAL,PWRPETINDSO,,CO2IND,2,2034,,,,,,0.217
EmissionActivityRatio,C_Target_VRE_Clipped,GLOBAL,PWRPETINDSO,,CO2IND,2,2035,,,,,,0.217
EmissionActivityRatio,C_Target_VRE_Clipped,GLOBAL,PWRPETINDSO,,CO2IND,2,2036,,,,,,0.217
EmissionActivityRatio,C_Target_VRE_Clipped,GLOBAL,PWRPETINDSO,,CO2IND,2,2037,,,,,,0.217
EmissionActivityRatio,C_Target_VRE_Clipped,GLOBAL,PWRPETINDSO,,CO2IND,2,2038,,,,,,0.217
EmissionActivityRatio,C_Target_VRE_Clipped,GLOBAL,PWRPETINDSO,,CO2IND,2,2039,,,,,,0.217
EmissionActivityRatio,C_Target_VRE_Clipped,GLOBAL,PWRPETINDSO,,CO2IND,2,2040,,,,,,0.217
EmissionActivityRatio,C_Target_VRE_Clipped,GLOBAL,PWRPETINDSO,,CO2IND,2,2041,,,,,,0.217
EmissionActivityRatio,C_Target_VRE_Clipped,GLOBAL,PWRPETINDSO,,CO2IND,2,2042,,,,,,0.217
EmissionActivityRatio,C_Target_VRE_Clipped,GLOBAL,PWRPETINDSO,,CO2IND,2,2043,,,,,,0.217
EmissionActivityRatio,C_Target_VRE_Clipped,GLOBAL,PWRPETINDSO,,CO2IND,2,2044,,,,,,0.217
EmissionActivityRatio,C_Target_VRE_Clipped,GLOBAL,PWRPETINDSO,,CO2IND,2,2045,,,,,,0.217
EmissionActivityRatio,C_Target_VRE_Clipped,GLOBAL,PWRPETINDSO,,CO2IND,2,2046,,,,,,0.217
EmissionActivityRatio,C_Target_VRE_Clipped,GLOBAL,PWRPETINDSO,,CO2IND,2,2047,,,,,,0.217
EmissionActivityRatio,C_Target_VRE_Clipped,GLOBAL,PWRPETINDSO,,CO2IND,2,2048,,,,,,0.217
EmissionActivityRatio,C_Target_VRE_Clipped,GLOBAL,PWRPETINDSO,,CO2IND,2,2049,,,,,,0.217
EmissionActivityRatio,C_Target_VRE_Clipped,GLOBAL,PWRPETINDSO,,CO2IND,2,2050,,,,,,0.217
EmissionActivityRatio,C_Target_VRE_Clipped,GLOBAL,PWRPETINDWE,,CO2IND,1,2023,,,,,,0.217
EmissionActivityRatio,C_Target_VRE_Clipped,GLOBAL,PWRPETINDWE,,CO2IND,1,2024,,,,,,0.217
EmissionActivityRatio,C_Target_VRE_Clipped,GLOBAL,PWRPETINDWE,,CO2IND,1,2025,,,,,,0.217
EmissionActivityRatio,C_Target_VRE_Clipped,GLOBAL,PWRPETINDWE,,CO2IND,1,2026,,,,,,0.217
EmissionActivityRatio,C_Target_VRE_Clipped,GLOBAL,PWRPETINDWE,,CO2IND,1,2027,,,,,,0.217
EmissionActivityRatio,C_Target_VRE_Clipped,GLOBAL,PWRPETINDWE,,CO2IND,1,2028,,,,,,0.217
EmissionActivityRatio,C_Target_VRE_Clipped,GLOBAL,PWRPETINDWE,,CO2IND,1,2029,,,,,,0.217
EmissionActivityRatio,C_Target_VRE_Clipped,GLOBAL,PWRPETINDWE,,CO2IND,1,2030,,,,,,0.217
EmissionActivityRatio,C_Target_VRE_Clipped,GLOBAL,PWRPETINDWE,,CO2IND,1,2031,,,,,,0.217
EmissionActivityRatio,C_Target_VRE_Clipped,GLOBAL,PWRPETINDWE,,CO2IND,1,2032,,,,,,0.217
EmissionActivityRatio,C_Target_VRE_Clipped,GLOBAL,PWRPETINDWE,,CO2IND,1,2033,,,,,,0.217
EmissionActivityRatio,C_Target_VRE_Clipped,GLOBAL,PWRPETINDWE,,CO2IND,1,2034,,,,,,0.217
EmissionActivityRatio,C_Target_VRE_Clipped,GLOBAL,PWRPETINDWE,,CO2IND,1,2035,,,,,,0.217
EmissionActivityRatio,C_Target_VRE_Clipped,GLOBAL,PWRPETINDWE,,CO2IND,1,2036,,,,,,0.217
EmissionActivityRatio,C_Target_VRE_Clipped,GLOBAL,PWRPETINDWE,,CO2IND,1,2037,,,,,,0.217
EmissionActivityRatio,C_Target_VRE_Clipped,GLOBAL,PWRPETINDWE,,CO2IND,1,2038,,,,,,0.217
EmissionActivityRatio,C_Target_VRE_Clipped,GLOBAL,PWRPETINDWE,,CO2IND,1,2039,,,,,,0.217
EmissionActivityRatio,C_Target_VRE_Clipped,GLOBAL,PWRPETINDWE,,CO2IND,1,2040,,,,,,0.217
EmissionActivityRatio,C_Target_VRE_Clipped,GLOBAL,PWRPETINDWE,,CO2IND,1,2041,,,,,,0.217
EmissionActivityRatio,C_Target_VRE_Clipped,GLOBAL,PWRPETINDWE,,CO2IND,1,2042,,,,,,0.217
EmissionActivityRatio,C_Target_VRE_Clipped,GLOBAL,PWRPETINDWE,,CO2IND,1,2043,,,,,,0.217
EmissionActivityRatio,C_Target_VRE_Clipped,GLOBAL,PWRPETINDWE,,CO2IND,1,2044,,,,,,0.217
EmissionActivityRatio,C_Target_VRE_Clipped,GLOBAL,PWRPETINDWE,,CO2IND,1,2045,,,,,,0.217
EmissionActivityRatio,C_Target_VRE_Clipped,GLOBAL,PWRPETINDWE,,CO2IND,1,2046,,,,,,0.217
EmissionActivityRatio,C_Target_VRE_Clipped,GLOBAL,PWRPETINDWE,,CO2IND,1,2047,,,,,,0.217
EmissionActivityRatio,C_Target_VRE_Clipped,GLOBAL,PWRPETINDWE,,CO2IND,1,2048,,,,,,0.217
EmissionActivityRatio,C_Target_VRE_Clipped,GLOBAL,PWRPETINDWE,,CO2IND,1,2049,,,,,,0.217
EmissionActivityRatio,C_Target_VRE_Clipped,GLOBAL,PWRPETINDWE,,CO2IND,1,2050,,,,,,0.217
EmissionActivityRatio,C_Target_VRE_Clipped,GLOBAL,PWRPETINDWE,,CO2IND,2,2023,,,,,,0.217
EmissionActivityRatio,C_Target_VRE_Clipped,GLOBAL,PWRPETINDWE,,CO2IND,2,2024,,,,,,0.217
EmissionActivityRatio,C_Target_VRE_Clipped,GLOBAL,PWRPETINDWE,,CO2IND,2,2025,,,,,,0.217
EmissionActivityRatio,C_Target_VRE_Clipped,GLOBAL,PWRPETINDWE,,CO2IND,2,2026,,,,,,0.217
EmissionActivityRatio,C_Target_VRE_Clipped,GLOBAL,PWRPETINDWE,,CO2IND,2,2027,,,,,,0.217
EmissionActivityRatio,C_Target_VRE_Clipped,GLOBAL,PWRPETINDWE,,CO2IND,2,2028,,,,,,0.217
EmissionActivityRatio,C_Target_VRE_Clipped,GLOBAL,PWRPETINDWE,,CO2IND,2,2029,,,,,,0.217
EmissionActivityRatio,C_Target_VRE_Clipped,GLOBAL,PWRPETINDWE,,CO2IND,2,2030,,,,,,0.217
EmissionActivityRatio,C_Target_VRE_Clipped,GLOBAL,PWRPETINDWE,,CO2IND,2,2031,,,,,,0.217
EmissionActivityRatio,C_Target_VRE_Clipped,GLOBAL,PWRPETINDWE,,CO2IND,2,2032,,,,,,0.217
EmissionActivityRatio,C_Target_VRE_Clipped,GLOBAL,PWRPETINDWE,,CO2IND,2,2033,,,,,,0.217
EmissionActivityRatio,C_Target_VRE_Clipped,GLOBAL,PWRPETINDWE,,CO2IND,2,2034,,,,,,0.217
EmissionActivityRatio,C_Target_VRE_Clipped,GLOBAL,PWRPETINDWE,,CO2IND,2,2035,,,,,,0.217
EmissionActivityRatio,C_Target_VRE_Clipped,GLOBAL,PWRPETINDWE,,CO2IND,2,2036,,,,,,0.217
EmissionActivityRatio,C_Target_VRE_Clipped,GLOBAL,PWRPETINDWE,,CO2IND,2,2037,,,,,,0.217
EmissionActivityRatio,C_Target_VRE_Clipped,GLOBAL,PWRPETINDWE,,CO2IND,2,2038,,,,,,0.217
EmissionActivityRatio,C_Target_VRE_Clipped,GLOBAL,PWRPETINDWE,,CO2IND,2,2039,,,,,,0.217
EmissionActivityRatio,C_Target_VRE_Clipped,GLOBAL,PWRPETINDWE,,CO2IND,2,2040,,,,,,0.217
EmissionActivityRatio,C_Target_VRE_Clipped,GLOBAL,PWRPETINDWE,,CO2IND,2,2041,,,,,,0.217
EmissionActivityRatio,C_Target_VRE_Clipped,GLOBAL,PWRPETINDWE,,CO2IND,2,2042,,,,,,0.217
EmissionActivityRatio,C_Target_VRE_Clipped,GLOBAL,PWRPETINDWE,,CO2IND,2,2043,,,,,,0.217
EmissionActivityRatio,C_Target_VRE_Clipped,GLOBAL,PWRPETINDWE,,CO2IND,2,2044,,,,,,0.217
EmissionActivityRatio,C_Target_VRE_Clipped,GLOBAL,PWRPETINDWE,,CO2IND,2,2045,,,,,,0.217
EmissionActivityRatio,C_Target_VRE_Clipped,GLOBAL,PWRPETINDWE,,CO2IND,2,2046,,,,,,0.217
EmissionActivityRatio,C_Target_VRE_Clipped,GLOBAL,PWRPETINDWE,,CO2IND,2,2047,,,,,,0.217
EmissionActivityRatio,C_Target_VRE_Clipped,GLOBAL,PWRPETINDWE,,CO2IND,2,2048,,,,,,0.217
EmissionActivityRatio,C_Target_VRE_Clipped,GLOBAL,PWRPETINDWE,,CO2IND,2,2049,,,,,,0.217
EmissionActivityRatio,C_Target_VRE_Clipped,GLOBAL,PWRPETINDWE,,CO2IND,2,2050,,,,,,0.217
EmissionActivityRatio,C_Target_VRE_Clipped,GLOBAL,PWRPETLKAXX,,CO2LKA,1,2023,,,,,,0.217
EmissionActivityRatio,C_Target_VRE_Clipped,GLOBAL,PWRPETLKAXX,,CO2LKA,1,2024,,,,,,0.217
EmissionActivityRatio,C_Target_VRE_Clipped,GLOBAL,PWRPETLKAXX,,CO2LKA,1,2025,,,,,,0.217
EmissionActivityRatio,C_Target_VRE_Clipped,GLOBAL,PWRPETLKAXX,,CO2LKA,1,2026,,,,,,0.217
EmissionActivityRatio,C_Target_VRE_Clipped,GLOBAL,PWRPETLKAXX,,CO2LKA,1,2027,,,,,,0.217
EmissionActivityRatio,C_Target_VRE_Clipped,GLOBAL,PWRPETLKAXX,,CO2LKA,1,2028,,,,,,0.217
EmissionActivityRatio,C_Target_VRE_Clipped,GLOBAL,PWRPETLKAXX,,CO2LKA,1,2029,,,,,,0.217
EmissionActivityRatio,C_Target_VRE_Clipped,GLOBAL,PWRPETLKAXX,,CO2LKA,1,2030,,,,,,0.217
EmissionActivityRatio,C_Target_VRE_Clipped,GLOBAL,PWRPETLKAXX,,CO2LKA,1,2031,,,,,,0.217
EmissionActivityRatio,C_Target_VRE_Clipped,GLOBAL,PWRPETLKAXX,,CO2LKA,1,2032,,,,,,0.217
EmissionActivityRatio,C_Target_VRE_Clipped,GLOBAL,PWRPETLKAXX,,CO2LKA,1,2033,,,,,,0.217
EmissionActivityRatio,C_Target_VRE_Clipped,GLOBAL,PWRPETLKAXX,,CO2LKA,1,2034,,,,,,0.217
EmissionActivityRatio,C_Target_VRE_Clipped,GLOBAL,PWRPETLKAXX,,CO2LKA,1,2035,,,,,,0.217
EmissionActivityRatio,C_Target_VRE_Clipped,GLOBAL,PWRPETLKAXX,,CO2LKA,1,2036,,,,,,0.217
EmissionActivityRatio,C_Target_VRE_Clipped,GLOBAL,PWRPETLKAXX,,CO2LKA,1,2037,,,,,,0.217
EmissionActivityRatio,C_Target_VRE_Clipped,GLOBAL,PWRPETLKAXX,,CO2LKA,1,2038,,,,,,0.217
EmissionActivityRatio,C_Target_VRE_Clipped,GLOBAL,PWRPETLKAXX,,CO2LKA,1,2039,,,,,,0.217
EmissionActivityRatio,C_Target_VRE_Clipped,GLOBAL,PWRPETLKAXX,,CO2LKA,1,2040,,,,,,0.217
EmissionActivityRatio,C_Target_VRE_Clipped,GLOBAL,PWRPETLKAXX,,CO2LKA,1,2041,,,,,,0.217
EmissionActivityRatio,C_Target_VRE_Clipped,GLOBAL,PWRPETLKAXX,,CO2LKA,1,2042,,,,,,0.217
EmissionActivityRatio,C_Target_VRE_Clipped,GLOBAL,PWRPETLKAXX,,CO2LKA,1,2043,,,,,,0.217
EmissionActivityRatio,C_Target_VRE_Clipped,GLOBAL,PWRPETLKAXX,,CO2LKA,1,2044,,,,,,0.217
EmissionActivityRatio,C_Target_VRE_Clipped,GLOBAL,PWRPETLKAXX,,CO2LKA,1,2045,,,,,,0.217
EmissionActivityRatio,C_Target_VRE_Clipped,GLOBAL,PWRPETLKAXX,,CO2LKA,1,2046,,,,,,0.217
EmissionActivityRatio,C_Target_VRE_Clipped,GLOBAL,PWRPETLKAXX,,CO2LKA,1,2047,,,,,,0.217
EmissionActivityRatio,C_Target_VRE_Clipped,GLOBAL,PWRPETLKAXX,,CO2LKA,1,2048,,,,,,0.217
EmissionActivityRatio,C_Target_VRE_Clipped,GLOBAL,PWRPETLKAXX,,CO2LKA,1,2049,,,,,,0.217
EmissionActivityRatio,C_Target_VRE_Clipped,GLOBAL,PWRPETLKAXX,,CO2LKA,1,2050,,,,,,0.217
EmissionActivityRatio,C_Target_VRE_Clipped,GLOBAL,PWRPETLKAXX,,CO2LKA,2,2023,,,,,,0.217
EmissionActivityRatio,C_Target_VRE_Clipped,GLOBAL,PWRPETLKAXX,,CO2LKA,2,2024,,,,,,0.217
EmissionActivityRatio,C_Target_VRE_Clipped,GLOBAL,PWRPETLKAXX,,CO2LKA,2,2025,,,,,,0.217
EmissionActivityRatio,C_Target_VRE_Clipped,GLOBAL,PWRPETLKAXX,,CO2LKA,2,2026,,,,,,0.217
EmissionActivityRatio,C_Target_VRE_Clipped,GLOBAL,PWRPETLKAXX,,CO2LKA,2,2027,,,,,,0.217
EmissionActivityRatio,C_Target_VRE_Clipped,GLOBAL,PWRPETLKAXX,,CO2LKA,2,2028,,,,,,0.217
EmissionActivityRatio,C_Target_VRE_Clipped,GLOBAL,PWRPETLKAXX,,CO2LKA,2,2029,,,,,,0.217
EmissionActivityRatio,C_Target_VRE_Clipped,GLOBAL,PWRPETLKAXX,,CO2LKA,2,2030,,,,,,0.217
EmissionActivityRatio,C_Target_VRE_Clipped,GLOBAL,PWRPETLKAXX,,CO2LKA,2,2031,,,,,,0.217
EmissionActivityRatio,C_Target_VRE_Clipped,GLOBAL,PWRPETLKAXX,,CO2LKA,2,2032,,,,,,0.217
EmissionActivityRatio,C_Target_VRE_Clipped,GLOBAL,PWRPETLKAXX,,CO2LKA,2,2033,,,,,,0.217
EmissionActivityRatio,C_Target_VRE_Clipped,GLOBAL,PWRPETLKAXX,,CO2LKA,2,2034,,,,,,0.217
EmissionActivityRatio,C_Target_VRE_Clipped,GLOBAL,PWRPETLKAXX,,CO2LKA,2,2035,,,,,,0.217
EmissionActivityRatio,C_Target_VRE_Clipped,GLOBAL,PWRPETLKAXX,,CO2LKA,2,2036,,,,,,0.217
EmissionActivityRatio,C_Target_VRE_Clipped,GLOBAL,PWRPETLKAXX,,CO2LKA,2,2037,,,,,,0.217
EmissionActivityRatio,C_Target_VRE_Clipped,GLOBAL,PWRPETLKAXX,,CO2LKA,2,2038,,,,,,0.217
EmissionActivityRatio,C_Target_VRE_Clipped,GLOBAL,PWRPETLKAXX,,CO2LKA,2,2039,,,,,,0.217
EmissionActivityRatio,C_Target_VRE_Clipped,GLOBAL,PWRPETLKAXX,,CO2LKA,2,2040,,,,,,0.217
EmissionActivityRatio,C_Target_VRE_Clipped,GLOBAL,PWRPETLKAXX,,CO2LKA,2,2041,,,,,,0.217
EmissionActivityRatio,C_Target_VRE_Clipped,GLOBAL,PWRPETLKAXX,,CO2LKA,2,2042,,,,,,0.217
EmissionActivityRatio,C_Target_VRE_Clipped,GLOBAL,PWRPETLKAXX,,CO2LKA,2,2043,,,,,,0.217
EmissionActivityRatio,C_Target_VRE_Clipped,GLOBAL,PWRPETLKAXX,,CO2LKA,2,2044,,,,,,0.217
EmissionActivityRatio,C_Target_VRE_Clipped,GLOBAL,PWRPETLKAXX,,CO2LKA,2,2045,,,,,,0.217
EmissionActivityRatio,C_Target_VRE_Clipped,GLOBAL,PWRPETLKAXX,,CO2LKA,2,2046,,,,,,0.217
EmissionActivityRatio,C_Target_VRE_Clipped,GLOBAL,PWRPETLKAXX,,CO2LKA,2,2047,,,,,,0.217
EmissionActivityRatio,C_Target_VRE_Clipped,GLOBAL,PWRPETLKAXX,,CO2LKA,2,2048,,,,,,0.217
EmissionActivityRatio,C_Target_VRE_Clipped,GLOBAL,PWRPETLKAXX,,CO2LKA,2,2049,,,,,,0.217
EmissionActivityRatio,C_Target_VRE_Clipped,GLOBAL,PWRPETLKAXX,,CO2LKA,2,2050,,,,,,0.217
EmissionActivityRatio,C_Target_VRE_Clipped,GLOBAL,PWRPETMDVXX,,CO2MDV,1,2023,,,,,,0.217
EmissionActivityRatio,C_Target_VRE_Clipped,GLOBAL,PWRPETMDVXX,,CO2MDV,1,2024,,,,,,0.217
EmissionActivityRatio,C_Target_VRE_Clipped,GLOBAL,PWRPETMDVXX,,CO2MDV,1,2025,,,,,,0.217
EmissionActivityRatio,C_Target_VRE_Clipped,GLOBAL,PWRPETMDVXX,,CO2MDV,1,2026,,,,,,0.217
EmissionActivityRatio,C_Target_VRE_Clipped,GLOBAL,PWRPETMDVXX,,CO2MDV,1,2027,,,,,,0.217
EmissionActivityRatio,C_Target_VRE_Clipped,GLOBAL,PWRPETMDVXX,,CO2MDV,1,2028,,,,,,0.217
EmissionActivityRatio,C_Target_VRE_Clipped,GLOBAL,PWRPETMDVXX,,CO2MDV,1,2029,,,,,,0.217
EmissionActivityRatio,C_Target_VRE_Clipped,GLOBAL,PWRPETMDVXX,,CO2MDV,1,2030,,,,,,0.217
EmissionActivityRatio,C_Target_VRE_Clipped,GLOBAL,PWRPETMDVXX,,CO2MDV,1,2031,,,,,,0.217
EmissionActivityRatio,C_Target_VRE_Clipped,GLOBAL,PWRPETMDVXX,,CO2MDV,1,2032,,,,,,0.217
EmissionActivityRatio,C_Target_VRE_Clipped,GLOBAL,PWRPETMDVXX,,CO2MDV,1,2033,,,,,,0.217
EmissionActivityRatio,C_Target_VRE_Clipped,GLOBAL,PWRPETMDVXX,,CO2MDV,1,2034,,,,,,0.217
EmissionActivityRatio,C_Target_VRE_Clipped,GLOBAL,PWRPETMDVXX,,CO2MDV,1,2035,,,,,,0.217
EmissionActivityRatio,C_Target_VRE_Clipped,GLOBAL,PWRPETMDVXX,,CO2MDV,1,2036,,,,,,0.217
EmissionActivityRatio,C_Target_VRE_Clipped,GLOBAL,PWRPETMDVXX,,CO2MDV,1,2037,,,,,,0.217
EmissionActivityRatio,C_Target_VRE_Clipped,GLOBAL,PWRPETMDVXX,,CO2MDV,1,2038,,,,,,0.217
EmissionActivityRatio,C_Target_VRE_Clipped,GLOBAL,PWRPETMDVXX,,CO2MDV,1,2039,,,,,,0.217
EmissionActivityRatio,C_Target_VRE_Clipped,GLOBAL,PWRPETMDVXX,,CO2MDV,1,2040,,,,,,0.217
EmissionActivityRatio,C_Target_VRE_Clipped,GLOBAL,PWRPETMDVXX,,CO2MDV,1,2041,,,,,,0.217
EmissionActivityRatio,C_Target_VRE_Clipped,GLOBAL,PWRPETMDVXX,,CO2MDV,1,2042,,,,,,0.217
EmissionActivityRatio,C_Target_VRE_Clipped,GLOBAL,PWRPETMDVXX,,CO2MDV,1,2043,,,,,,0.217
EmissionActivityRatio,C_Target_VRE_Clipped,GLOBAL,PWRPETMDVXX,,CO2MDV,1,2044,,,,,,0.217
EmissionActivityRatio,C_Target_VRE_Clipped,GLOBAL,PWRPETMDVXX,,CO2MDV,1,2045,,,,,,0.217
EmissionActivityRatio,C_Target_VRE_Clipped,GLOBAL,PWRPETMDVXX,,CO2MDV,1,2046,,,,,,0.217
EmissionActivityRatio,C_Target_VRE_Clipped,GLOBAL,PWRPETMDVXX,,CO2MDV,1,2047,,,,,,0.217
EmissionActivityRatio,C_Target_VRE_Clipped,GLOBAL,PWRPETMDVXX,,CO2MDV,1,2048,,,,,,0.217
EmissionActivityRatio,C_Target_VRE_Clipped,GLOBAL,PWRPETMDVXX,,CO2MDV,1,2049,,,,,,0.217
EmissionActivityRatio,C_Target_VRE_Clipped,GLOBAL,PWRPETMDVXX,,CO2MDV,1,2050,,,,,,0.217
EmissionActivityRatio,C_Target_VRE_Clipped,GLOBAL,PWRPETMDVXX,,CO2MDV,2,2023,,,,,,0.217
EmissionActivityRatio,C_Target_VRE_Clipped,GLOBAL,PWRPETMDVXX,,CO2MDV,2,2024,,,,,,0.217
EmissionActivityRatio,C_Target_VRE_Clipped,GLOBAL,PWRPETMDVXX,,CO2MDV,2,2025,,,,,,0.217
EmissionActivityRatio,C_Target_VRE_Clipped,GLOBAL,PWRPETMDVXX,,CO2MDV,2,2026,,,,,,0.217
EmissionActivityRatio,C_Target_VRE_Clipped,GLOBAL,PWRPETMDVXX,,CO2MDV,2,2027,,,,,,0.217
EmissionActivityRatio,C_Target_VRE_Clipped,GLOBAL,PWRPETMDVXX,,CO2MDV,2,2028,,,,,,0.217
EmissionActivityRatio,C_Target_VRE_Clipped,GLOBAL,PWRPETMDVXX,,CO2MDV,2,2029,,,,,,0.217
EmissionActivityRatio,C_Target_VRE_Clipped,GLOBAL,PWRPETMDVXX,,CO2MDV,2,2030,,,,,,0.217
EmissionActivityRatio,C_Target_VRE_Clipped,GLOBAL,PWRPETMDVXX,,CO2MDV,2,2031,,,,,,0.217
EmissionActivityRatio,C_Target_VRE_Clipped,GLOBAL,PWRPETMDVXX,,CO2MDV,2,2032,,,,,,0.217
EmissionActivityRatio,C_Target_VRE_Clipped,GLOBAL,PWRPETMDVXX,,CO2MDV,2,2033,,,,,,0.217
EmissionActivityRatio,C_Target_VRE_Clipped,GLOBAL,PWRPETMDVXX,,CO2MDV,2,2034,,,,,,0.217
EmissionActivityRatio,C_Target_VRE_Clipped,GLOBAL,PWRPETMDVXX,,CO2MDV,2,2035,,,,,,0.217
EmissionActivityRatio,C_Target_VRE_Clipped,GLOBAL,PWRPETMDVXX,,CO2MDV,2,2036,,,,,,0.217
EmissionActivityRatio,C_Target_VRE_Clipped,GLOBAL,PWRPETMDVXX,,CO2MDV,2,2037,,,,,,0.217
EmissionActivityRatio,C_Target_VRE_Clipped,GLOBAL,PWRPETMDVXX,,CO2MDV,2,2038,,,,,,0.217
EmissionActivityRatio,C_Target_VRE_Clipped,GLOBAL,PWRPETMDVXX,,CO2MDV,2,2039,,,,,,0.217
EmissionActivityRatio,C_Target_VRE_Clipped,GLOBAL,PWRPETMDVXX,,CO2MDV,2,2040,,,,,,0.217
EmissionActivityRatio,C_Target_VRE_Clipped,GLOBAL,PWRPETMDVXX,,CO2MDV,2,2041,,,,,,0.217
EmissionActivityRatio,C_Target_VRE_Clipped,GLOBAL,PWRPETMDVXX,,CO2MDV,2,2042,,,,,,0.217
EmissionActivityRatio,C_Target_VRE_Clipped,GLOBAL,PWRPETMDVXX,,CO2MDV,2,2043,,,,,,0.217
EmissionActivityRatio,C_Target_VRE_Clipped,GLOBAL,PWRPETMDVXX,,CO2MDV,2,2044,,,,,,0.217
EmissionActivityRatio,C_Target_VRE_Clipped,GLOBAL,PWRPETMDVXX,,CO2MDV,2,2045,,,,,,0.217
EmissionActivityRatio,C_Target_VRE_Clipped,GLOBAL,PWRPETMDVXX,,CO2MDV,2,2046,,,,,,0.217
EmissionActivityRatio,C_Target_VRE_Clipped,GLOBAL,PWRPETMDVXX,,CO2MDV,2,2047,,,,,,0.217
EmissionActivityRatio,C_Target_VRE_Clipped,GLOBAL,PWRPETMDVXX,,CO2MDV,2,2048,,,,,,0.217
EmissionActivityRatio,C_Target_VRE_Clipped,GLOBAL,PWRPETMDVXX,,CO2MDV,2,2049,,,,,,0.217
EmissionActivityRatio,C_Target_VRE_Clipped,GLOBAL,PWRPETMDVXX,,CO2MDV,2,2050,,,,,,0.217
EmissionActivityRatio,C_Target_VRE_Clipped,GLOBAL,PWRPETNPLXX,,CO2NPL,1,2023,,,,,,0.217
EmissionActivityRatio,C_Target_VRE_Clipped,GLOBAL,PWRPETNPLXX,,CO2NPL,1,2024,,,,,,0.217
EmissionActivityRatio,C_Target_VRE_Clipped,GLOBAL,PWRPETNPLXX,,CO2NPL,1,2025,,,,,,0.217
EmissionActivityRatio,C_Target_VRE_Clipped,GLOBAL,PWRPETNPLXX,,CO2NPL,1,2026,,,,,,0.217
EmissionActivityRatio,C_Target_VRE_Clipped,GLOBAL,PWRPETNPLXX,,CO2NPL,1,2027,,,,,,0.217
EmissionActivityRatio,C_Target_VRE_Clipped,GLOBAL,PWRPETNPLXX,,CO2NPL,1,2028,,,,,,0.217
EmissionActivityRatio,C_Target_VRE_Clipped,GLOBAL,PWRPETNPLXX,,CO2NPL,1,2029,,,,,,0.217
EmissionActivityRatio,C_Target_VRE_Clipped,GLOBAL,PWRPETNPLXX,,CO2NPL,1,2030,,,,,,0.217
EmissionActivityRatio,C_Target_VRE_Clipped,GLOBAL,PWRPETNPLXX,,CO2NPL,1,2031,,,,,,0.217
EmissionActivityRatio,C_Target_VRE_Clipped,GLOBAL,PWRPETNPLXX,,CO2NPL,1,2032,,,,,,0.217
EmissionActivityRatio,C_Target_VRE_Clipped,GLOBAL,PWRPETNPLXX,,CO2NPL,1,2033,,,,,,0.217
EmissionActivityRatio,C_Target_VRE_Clipped,GLOBAL,PWRPETNPLXX,,CO2NPL,1,2034,,,,,,0.217
EmissionActivityRatio,C_Target_VRE_Clipped,GLOBAL,PWRPETNPLXX,,CO2NPL,1,2035,,,,,,0.217
EmissionActivityRatio,C_Target_VRE_Clipped,GLOBAL,PWRPETNPLXX,,CO2NPL,1,2036,,,,,,0.217
EmissionActivityRatio,C_Target_VRE_Clipped,GLOBAL,PWRPETNPLXX,,CO2NPL,1,2037,,,,,,0.217
EmissionActivityRatio,C_Target_VRE_Clipped,GLOBAL,PWRPETNPLXX,,CO2NPL,1,2038,,,,,,0.217
EmissionActivityRatio,C_Target_VRE_Clipped,GLOBAL,PWRPETNPLXX,,CO2NPL,1,2039,,,,,,0.217
EmissionActivityRatio,C_Target_VRE_Clipped,GLOBAL,PWRPETNPLXX,,CO2NPL,1,2040,,,,,,0.217
EmissionActivityRatio,C_Target_VRE_Clipped,GLOBAL,PWRPETNPLXX,,CO2NPL,1,2041,,,,,,0.217
EmissionActivityRatio,C_Target_VRE_Clipped,GLOBAL,PWRPETNPLXX,,CO2NPL,1,2042,,,,,,0.217
EmissionActivityRatio,C_Target_VRE_Clipped,GLOBAL,PWRPETNPLXX,,CO2NPL,1,2043,,,,,,0.217
EmissionActivityRatio,C_Target_VRE_Clipped,GLOBAL,PWRPETNPLXX,,CO2NPL,1,2044,,,,,,0.217
EmissionActivityRatio,C_Target_VRE_Clipped,GLOBAL,PWRPETNPLXX,,CO2NPL,1,2045,,,,,,0.217
EmissionActivityRatio,C_Target_VRE_Clipped,GLOBAL,PWRPETNPLXX,,CO2NPL,1,2046,,,,,,0.217
EmissionActivityRatio,C_Target_VRE_Clipped,GLOBAL,PWRPETNPLXX,,CO2NPL,1,2047,,,,,,0.217
EmissionActivityRatio,C_Target_VRE_Clipped,GLOBAL,PWRPETNPLXX,,CO2NPL,1,2048,,,,,,0.217
EmissionActivityRatio,C_Target_VRE_Clipped,GLOBAL,PWRPETNPLXX,,CO2NPL,1,2049,,,,,,0.217
EmissionActivityRatio,C_Target_VRE_Clipped,GLOBAL,PWRPETNPLXX,,CO2NPL,1,2050,,,,,,0.217
EmissionActivityRatio,C_Target_VRE_Clipped,GLOBAL,PWRPETNPLXX,,CO2NPL,2,2023,,,,,,0.217
EmissionActivityRatio,C_Target_VRE_Clipped,GLOBAL,PWRPETNPLXX,,CO2NPL,2,2024,,,,,,0.217
EmissionActivityRatio,C_Target_VRE_Clipped,GLOBAL,PWRPETNPLXX,,CO2NPL,2,2025,,,,,,0.217
EmissionActivityRatio,C_Target_VRE_Clipped,GLOBAL,PWRPETNPLXX,,CO2NPL,2,2026,,,,,,0.217
EmissionActivityRatio,C_Target_VRE_Clipped,GLOBAL,PWRPETNPLXX,,CO2NPL,2,2027,,,,,,0.217
EmissionActivityRatio,C_Target_VRE_Clipped,GLOBAL,PWRPETNPLXX,,CO2NPL,2,2028,,,,,,0.217
EmissionActivityRatio,C_Target_VRE_Clipped,GLOBAL,PWRPETNPLXX,,CO2NPL,2,2029,,,,,,0.217
EmissionActivityRatio,C_Target_VRE_Clipped,GLOBAL,PWRPETNPLXX,,CO2NPL,2,2030,,,,,,0.217
EmissionActivityRatio,C_Target_VRE_Clipped,GLOBAL,PWRPETNPLXX,,CO2NPL,2,2031,,,,,,0.217
EmissionActivityRatio,C_Target_VRE_Clipped,GLOBAL,PWRPETNPLXX,,CO2NPL,2,2032,,,,,,0.217
EmissionActivityRatio,C_Target_VRE_Clipped,GLOBAL,PWRPETNPLXX,,CO2NPL,2,2033,,,,,,0.217
EmissionActivityRatio,C_Target_VRE_Clipped,GLOBAL,PWRPETNPLXX,,CO2NPL,2,2034,,,,,,0.217
EmissionActivityRatio,C_Target_VRE_Clipped,GLOBAL,PWRPETNPLXX,,CO2NPL,2,2035,,,,,,0.217
EmissionActivityRatio,C_Target_VRE_Clipped,GLOBAL,PWRPETNPLXX,,CO2NPL,2,2036,,,,,,0.217
EmissionActivityRatio,C_Target_VRE_Clipped,GLOBAL,PWRPETNPLXX,,CO2NPL,2,2037,,,,,,0.217
EmissionActivityRatio,C_Target_VRE_Clipped,GLOBAL,PWRPETNPLXX,,CO2NPL,2,2038,,,,,,0.217
EmissionActivityRatio,C_Target_VRE_Clipped,GLOBAL,PWRPETNPLXX,,CO2NPL,2,2039,,,,,,0.217
EmissionActivityRatio,C_Target_VRE_Clipped,GLOBAL,PWRPETNPLXX,,CO2NPL,2,2040,,,,,,0.217
EmissionActivityRatio,C_Target_VRE_Clipped,GLOBAL,PWRPETNPLXX,,CO2NPL,2,2041,,,,,,0.217
EmissionActivityRatio,C_Target_VRE_Clipped,GLOBAL,PWRPETNPLXX,,CO2NPL,2,2042,,,,,,0.217
EmissionActivityRatio,C_Target_VRE_Clipped,GLOBAL,PWRPETNPLXX,,CO2NPL,2,2043,,,,,,0.217
EmissionActivityRatio,C_Target_VRE_Clipped,GLOBAL,PWRPETNPLXX,,CO2NPL,2,2044,,,,,,0.217
EmissionActivityRatio,C_Target_VRE_Clipped,GLOBAL,PWRPETNPLXX,,CO2NPL,2,2045,,,,,,0.217
EmissionActivityRatio,C_Target_VRE_Clipped,GLOBAL,PWRPETNPLXX,,CO2NPL,2,2046,,,,,,0.217
EmissionActivityRatio,C_Target_VRE_Clipped,GLOBAL,PWRPETNPLXX,,CO2NPL,2,2047,,,,,,0.217
EmissionActivityRatio,C_Target_VRE_Clipped,GLOBAL,PWRPETNPLXX,,CO2NPL,2,2048,,,,,,0.217
EmissionActivityRatio,C_Target_VRE_Clipped,GLOBAL,PWRPETNPLXX,,CO2NPL,2,2049,,,,,,0.217
EmissionActivityRatio,C_Target_VRE_Clipped,GLOBAL,PWRPETNPLXX,,CO2NPL,2,2050,,,,,,0.217
EmissionActivityRatio,C_Target_VRE_Clipped,GLOBAL,PWRWASBGDXX,,CO2BGD,1,2023,,,,,,0.0879
EmissionActivityRatio,C_Target_VRE_Clipped,GLOBAL,PWRWASBGDXX,,CO2BGD,1,2024,,,,,,0.0879
EmissionActivityRatio,C_Target_VRE_Clipped,GLOBAL,PWRWASBGDXX,,CO2BGD,1,2025,,,,,,0.0879
EmissionActivityRatio,C_Target_VRE_Clipped,GLOBAL,PWRWASBGDXX,,CO2BGD,1,2026,,,,,,0.0879
EmissionActivityRatio,C_Target_VRE_Clipped,GLOBAL,PWRWASBGDXX,,CO2BGD,1,2027,,,,,,0.0879
EmissionActivityRatio,C_Target_VRE_Clipped,GLOBAL,PWRWASBGDXX,,CO2BGD,1,2028,,,,,,0.0879
EmissionActivityRatio,C_Target_VRE_Clipped,GLOBAL,PWRWASBGDXX,,CO2BGD,1,2029,,,,,,0.0879
EmissionActivityRatio,C_Target_VRE_Clipped,GLOBAL,PWRWASBGDXX,,CO2BGD,1,2030,,,,,,0.0879
EmissionActivityRatio,C_Target_VRE_Clipped,GLOBAL,PWRWASBGDXX,,CO2BGD,1,2031,,,,,,0.0879
EmissionActivityRatio,C_Target_VRE_Clipped,GLOBAL,PWRWASBGDXX,,CO2BGD,1,2032,,,,,,0.0879
EmissionActivityRatio,C_Target_VRE_Clipped,GLOBAL,PWRWASBGDXX,,CO2BGD,1,2033,,,,,,0.0879
EmissionActivityRatio,C_Target_VRE_Clipped,GLOBAL,PWRWASBGDXX,,CO2BGD,1,2034,,,,,,0.0879
EmissionActivityRatio,C_Target_VRE_Clipped,GLOBAL,PWRWASBGDXX,,CO2BGD,1,2035,,,,,,0.0879
EmissionActivityRatio,C_Target_VRE_Clipped,GLOBAL,PWRWASBGDXX,,CO2BGD,1,2036,,,,,,0.0879
EmissionActivityRatio,C_Target_VRE_Clipped,GLOBAL,PWRWASBGDXX,,CO2BGD,1,2037,,,,,,0.0879
EmissionActivityRatio,C_Target_VRE_Clipped,GLOBAL,PWRWASBGDXX,,CO2BGD,1,2038,,,,,,0.0879
EmissionActivityRatio,C_Target_VRE_Clipped,GLOBAL,PWRWASBGDXX,,CO2BGD,1,2039,,,,,,0.0879
EmissionActivityRatio,C_Target_VRE_Clipped,GLOBAL,PWRWASBGDXX,,CO2BGD,1,2040,,,,,,0.0879
EmissionActivityRatio,C_Target_VRE_Clipped,GLOBAL,PWRWASBGDXX,,CO2BGD,1,2041,,,,,,0.0879
EmissionActivityRatio,C_Target_VRE_Clipped,GLOBAL,PWRWASBGDXX,,CO2BGD,1,2042,,,,,,0.0879
EmissionActivityRatio,C_Target_VRE_Clipped,GLOBAL,PWRWASBGDXX,,CO2BGD,1,2043,,,,,,0.0879
EmissionActivityRatio,C_Target_VRE_Clipped,GLOBAL,PWRWASBGDXX,,CO2BGD,1,2044,,,,,,0.0879
EmissionActivityRatio,C_Target_VRE_Clipped,GLOBAL,PWRWASBGDXX,,CO2BGD,1,2045,,,,,,0.0879
EmissionActivityRatio,C_Target_VRE_Clipped,GLOBAL,PWRWASBGDXX,,CO2BGD,1,2046,,,,,,0.0879
EmissionActivityRatio,C_Target_VRE_Clipped,GLOBAL,PWRWASBGDXX,,CO2BGD,1,2047,,,,,,0.0879
EmissionActivityRatio,C_Target_VRE_Clipped,GLOBAL,PWRWASBGDXX,,CO2BGD,1,2048,,,,,,0.0879
EmissionActivityRatio,C_Target_VRE_Clipped,GLOBAL,PWRWASBGDXX,,CO2BGD,1,2049,,,,,,0.0879
EmissionActivityRatio,C_Target_VRE_Clipped,GLOBAL,PWRWASBGDXX,,CO2BGD,1,2050,,,,,,0.0879
EmissionActivityRatio,C_Target_VRE_Clipped,GLOBAL,PWRWASINDEA,,CO2IND,1,2023,,,,,,0.0879
EmissionActivityRatio,C_Target_VRE_Clipped,GLOBAL,PWRWASINDEA,,CO2IND,1,2024,,,,,,0.0879
EmissionActivityRatio,C_Target_VRE_Clipped,GLOBAL,PWRWASINDEA,,CO2IND,1,2025,,,,,,0.0879
EmissionActivityRatio,C_Target_VRE_Clipped,GLOBAL,PWRWASINDEA,,CO2IND,1,2026,,,,,,0.0879
EmissionActivityRatio,C_Target_VRE_Clipped,GLOBAL,PWRWASINDEA,,CO2IND,1,2027,,,,,,0.0879
EmissionActivityRatio,C_Target_VRE_Clipped,GLOBAL,PWRWASINDEA,,CO2IND,1,2028,,,,,,0.0879
EmissionActivityRatio,C_Target_VRE_Clipped,GLOBAL,PWRWASINDEA,,CO2IND,1,2029,,,,,,0.0879
EmissionActivityRatio,C_Target_VRE_Clipped,GLOBAL,PWRWASINDEA,,CO2IND,1,2030,,,,,,0.0879
EmissionActivityRatio,C_Target_VRE_Clipped,GLOBAL,PWRWASINDEA,,CO2IND,1,2031,,,,,,0.0879
EmissionActivityRatio,C_Target_VRE_Clipped,GLOBAL,PWRWASINDEA,,CO2IND,1,2032,,,,,,0.0879
EmissionActivityRatio,C_Target_VRE_Clipped,GLOBAL,PWRWASINDEA,,CO2IND,1,2033,,,,,,0.0879
EmissionActivityRatio,C_Target_VRE_Clipped,GLOBAL,PWRWASINDEA,,CO2IND,1,2034,,,,,,0.0879
EmissionActivityRatio,C_Target_VRE_Clipped,GLOBAL,PWRWASINDEA,,CO2IND,1,2035,,,,,,0.0879
EmissionActivityRatio,C_Target_VRE_Clipped,GLOBAL,PWRWASINDEA,,CO2IND,1,2036,,,,,,0.0879
EmissionActivityRatio,C_Target_VRE_Clipped,GLOBAL,PWRWASINDEA,,CO2IND,1,2037,,,,,,0.0879
EmissionActivityRatio,C_Target_VRE_Clipped,GLOBAL,PWRWASINDEA,,CO2IND,1,2038,,,,,,0.0879
EmissionActivityRatio,C_Target_VRE_Clipped,GLOBAL,PWRWASINDEA,,CO2IND,1,2039,,,,,,0.0879
EmissionActivityRatio,C_Target_VRE_Clipped,GLOBAL,PWRWASINDEA,,CO2IND,1,2040,,,,,,0.0879
EmissionActivityRatio,C_Target_VRE_Clipped,GLOBAL,PWRWASINDEA,,CO2IND,1,2041,,,,,,0.0879
EmissionActivityRatio,C_Target_VRE_Clipped,GLOBAL,PWRWASINDEA,,CO2IND,1,2042,,,,,,0.0879
EmissionActivityRatio,C_Target_VRE_Clipped,GLOBAL,PWRWASINDEA,,CO2IND,1,2043,,,,,,0.0879
EmissionActivityRatio,C_Target_VRE_Clipped,GLOBAL,PWRWASINDEA,,CO2IND,1,2044,,,,,,0.0879
EmissionActivityRatio,C_Target_VRE_Clipped,GLOBAL,PWRWASINDEA,,CO2IND,1,2045,,,,,,0.0879
EmissionActivityRatio,C_Target_VRE_Clipped,GLOBAL,PWRWASINDEA,,CO2IND,1,2046,,,,,,0.0879
EmissionActivityRatio,C_Target_VRE_Clipped,GLOBAL,PWRWASINDEA,,CO2IND,1,2047,,,,,,0.0879
EmissionActivityRatio,C_Target_VRE_Clipped,GLOBAL,PWRWASINDEA,,CO2IND,1,2048,,,,,,0.0879
EmissionActivityRatio,C_Target_VRE_Clipped,GLOBAL,PWRWASINDEA,,CO2IND,1,2049,,,,,,0.0879
EmissionActivityRatio,C_Target_VRE_Clipped,GLOBAL,PWRWASINDEA,,CO2IND,1,2050,,,,,,0.0879
EmissionActivityRatio,C_Target_VRE_Clipped,GLOBAL,PWRWASINDNE,,CO2IND,1,2023,,,,,,0.0879
EmissionActivityRatio,C_Target_VRE_Clipped,GLOBAL,PWRWASINDNE,,CO2IND,1,2024,,,,,,0.0879
EmissionActivityRatio,C_Target_VRE_Clipped,GLOBAL,PWRWASINDNE,,CO2IND,1,2025,,,,,,0.0879
EmissionActivityRatio,C_Target_VRE_Clipped,GLOBAL,PWRWASINDNE,,CO2IND,1,2026,,,,,,0.0879
EmissionActivityRatio,C_Target_VRE_Clipped,GLOBAL,PWRWASINDNE,,CO2IND,1,2027,,,,,,0.0879
EmissionActivityRatio,C_Target_VRE_Clipped,GLOBAL,PWRWASINDNE,,CO2IND,1,2028,,,,,,0.0879
EmissionActivityRatio,C_Target_VRE_Clipped,GLOBAL,PWRWASINDNE,,CO2IND,1,2029,,,,,,0.0879
EmissionActivityRatio,C_Target_VRE_Clipped,GLOBAL,PWRWASINDNE,,CO2IND,1,2030,,,,,,0.0879
EmissionActivityRatio,C_Target_VRE_Clipped,GLOBAL,PWRWASINDNE,,CO2IND,1,2031,,,,,,0.0879
EmissionActivityRatio,C_Target_VRE_Clipped,GLOBAL,PWRWASINDNE,,CO2IND,1,2032,,,,,,0.0879
EmissionActivityRatio,C_Target_VRE_Clipped,GLOBAL,PWRWASINDNE,,CO2IND,1,2033,,,,,,0.0879
EmissionActivityRatio,C_Target_VRE_Clipped,GLOBAL,PWRWASINDNE,,CO2IND,1,2034,,,,,,0.0879
EmissionActivityRatio,C_Target_VRE_Clipped,GLOBAL,PWRWASINDNE,,CO2IND,1,2035,,,,,,0.0879
EmissionActivityRatio,C_Target_VRE_Clipped,GLOBAL,PWRWASINDNE,,CO2IND,1,2036,,,,,,0.0879
EmissionActivityRatio,C_Target_VRE_Clipped,GLOBAL,PWRWASINDNE,,CO2IND,1,2037,,,,,,0.0879
EmissionActivityRatio,C_Target_VRE_Clipped,GLOBAL,PWRWASINDNE,,CO2IND,1,2038,,,,,,0.0879
EmissionActivityRatio,C_Target_VRE_Clipped,GLOBAL,PWRWASINDNE,,CO2IND,1,2039,,,,,,0.0879
EmissionActivityRatio,C_Target_VRE_Clipped,GLOBAL,PWRWASINDNE,,CO2IND,1,2040,,,,,,0.0879
EmissionActivityRatio,C_Target_VRE_Clipped,GLOBAL,PWRWASINDNE,,CO2IND,1,2041,,,,,,0.0879
EmissionActivityRatio,C_Target_VRE_Clipped,GLOBAL,PWRWASINDNE,,CO2IND,1,2042,,,,,,0.0879
EmissionActivityRatio,C_Target_VRE_Clipped,GLOBAL,PWRWASINDNE,,CO2IND,1,2043,,,,,,0.0879
EmissionActivityRatio,C_Target_VRE_Clipped,GLOBAL,PWRWASINDNE,,CO2IND,1,2044,,,,,,0.0879
EmissionActivityRatio,C_Target_VRE_Clipped,GLOBAL,PWRWASINDNE,,CO2IND,1,2045,,,,,,0.0879
EmissionActivityRatio,C_Target_VRE_Clipped,GLOBAL,PWRWASINDNE,,CO2IND,1,2046,,,,,,0.0879
EmissionActivityRatio,C_Target_VRE_Clipped,GLOBAL,PWRWASINDNE,,CO2IND,1,2047,,,,,,0.0879
EmissionActivityRatio,C_Target_VRE_Clipped,GLOBAL,PWRWASINDNE,,CO2IND,1,2048,,,,,,0.0879
EmissionActivityRatio,C_Target_VRE_Clipped,GLOBAL,PWRWASINDNE,,CO2IND,1,2049,,,,,,0.0879
EmissionActivityRatio,C_Target_VRE_Clipped,GLOBAL,PWRWASINDNE,,CO2IND,1,2050,,,,,,0.0879
EmissionActivityRatio,C_Target_VRE_Clipped,GLOBAL,PWRWASINDNO,,CO2IND,1,2023,,,,,,0.0879
EmissionActivityRatio,C_Target_VRE_Clipped,GLOBAL,PWRWASINDNO,,CO2IND,1,2024,,,,,,0.0879
EmissionActivityRatio,C_Target_VRE_Clipped,GLOBAL,PWRWASINDNO,,CO2IND,1,2025,,,,,,0.0879
EmissionActivityRatio,C_Target_VRE_Clipped,GLOBAL,PWRWASINDNO,,CO2IND,1,2026,,,,,,0.0879
EmissionActivityRatio,C_Target_VRE_Clipped,GLOBAL,PWRWASINDNO,,CO2IND,1,2027,,,,,,0.0879
EmissionActivityRatio,C_Target_VRE_Clipped,GLOBAL,PWRWASINDNO,,CO2IND,1,2028,,,,,,0.0879
EmissionActivityRatio,C_Target_VRE_Clipped,GLOBAL,PWRWASINDNO,,CO2IND,1,2029,,,,,,0.0879
EmissionActivityRatio,C_Target_VRE_Clipped,GLOBAL,PWRWASINDNO,,CO2IND,1,2030,,,,,,0.0879
EmissionActivityRatio,C_Target_VRE_Clipped,GLOBAL,PWRWASINDNO,,CO2IND,1,2031,,,,,,0.0879
EmissionActivityRatio,C_Target_VRE_Clipped,GLOBAL,PWRWASINDNO,,CO2IND,1,2032,,,,,,0.0879
EmissionActivityRatio,C_Target_VRE_Clipped,GLOBAL,PWRWASINDNO,,CO2IND,1,2033,,,,,,0.0879
EmissionActivityRatio,C_Target_VRE_Clipped,GLOBAL,PWRWASINDNO,,CO2IND,1,2034,,,,,,0.0879
EmissionActivityRatio,C_Target_VRE_Clipped,GLOBAL,PWRWASINDNO,,CO2IND,1,2035,,,,,,0.0879
EmissionActivityRatio,C_Target_VRE_Clipped,GLOBAL,PWRWASINDNO,,CO2IND,1,2036,,,,,,0.0879
EmissionActivityRatio,C_Target_VRE_Clipped,GLOBAL,PWRWASINDNO,,CO2IND,1,2037,,,,,,0.0879
EmissionActivityRatio,C_Target_VRE_Clipped,GLOBAL,PWRWASINDNO,,CO2IND,1,2038,,,,,,0.0879
EmissionActivityRatio,C_Target_VRE_Clipped,GLOBAL,PWRWASINDNO,,CO2IND,1,2039,,,,,,0.0879
EmissionActivityRatio,C_Target_VRE_Clipped,GLOBAL,PWRWASINDNO,,CO2IND,1,2040,,,,,,0.0879
EmissionActivityRatio,C_Target_VRE_Clipped,GLOBAL,PWRWASINDNO,,CO2IND,1,2041,,,,,,0.0879
EmissionActivityRatio,C_Target_VRE_Clipped,GLOBAL,PWRWASINDNO,,CO2IND,1,2042,,,,,,0.0879
EmissionActivityRatio,C_Target_VRE_Clipped,GLOBAL,PWRWASINDNO,,CO2IND,1,2043,,,,,,0.0879
EmissionActivityRatio,C_Target_VRE_Clipped,GLOBAL,PWRWASINDNO,,CO2IND,1,2044,,,,,,0.0879
EmissionActivityRatio,C_Target_VRE_Clipped,GLOBAL,PWRWASINDNO,,CO2IND,1,2045,,,,,,0.0879
EmissionActivityRatio,C_Target_VRE_Clipped,GLOBAL,PWRWASINDNO,,CO2IND,1,2046,,,,,,0.0879
EmissionActivityRatio,C_Target_VRE_Clipped,GLOBAL,PWRWASINDNO,,CO2IND,1,2047,,,,,,0.0879
EmissionActivityRatio,C_Target_VRE_Clipped,GLOBAL,PWRWASINDNO,,CO2IND,1,2048,,,,,,0.0879
EmissionActivityRatio,C_Target_VRE_Clipped,GLOBAL,PWRWASINDNO,,CO2IND,1,2049,,,,,,0.0879
EmissionActivityRatio,C_Target_VRE_Clipped,GLOBAL,PWRWASINDNO,,CO2IND,1,2050,,,,,,0.0879
EmissionActivityRatio,C_Target_VRE_Clipped,GLOBAL,PWRWASINDSO,,CO2IND,1,2023,,,,,,0.0879
EmissionActivityRatio,C_Target_VRE_Clipped,GLOBAL,PWRWASINDSO,,CO2IND,1,2024,,,,,,0.0879
EmissionActivityRatio,C_Target_VRE_Clipped,GLOBAL,PWRWASINDSO,,CO2IND,1,2025,,,,,,0.0879
EmissionActivityRatio,C_Target_VRE_Clipped,GLOBAL,PWRWASINDSO,,CO2IND,1,2026,,,,,,0.0879
EmissionActivityRatio,C_Target_VRE_Clipped,GLOBAL,PWRWASINDSO,,CO2IND,1,2027,,,,,,0.0879
EmissionActivityRatio,C_Target_VRE_Clipped,GLOBAL,PWRWASINDSO,,CO2IND,1,2028,,,,,,0.0879
EmissionActivityRatio,C_Target_VRE_Clipped,GLOBAL,PWRWASINDSO,,CO2IND,1,2029,,,,,,0.0879
EmissionActivityRatio,C_Target_VRE_Clipped,GLOBAL,PWRWASINDSO,,CO2IND,1,2030,,,,,,0.0879
EmissionActivityRatio,C_Target_VRE_Clipped,GLOBAL,PWRWASINDSO,,CO2IND,1,2031,,,,,,0.0879
EmissionActivityRatio,C_Target_VRE_Clipped,GLOBAL,PWRWASINDSO,,CO2IND,1,2032,,,,,,0.0879
EmissionActivityRatio,C_Target_VRE_Clipped,GLOBAL,PWRWASINDSO,,CO2IND,1,2033,,,,,,0.0879
EmissionActivityRatio,C_Target_VRE_Clipped,GLOBAL,PWRWASINDSO,,CO2IND,1,2034,,,,,,0.0879
EmissionActivityRatio,C_Target_VRE_Clipped,GLOBAL,PWRWASINDSO,,CO2IND,1,2035,,,,,,0.0879
EmissionActivityRatio,C_Target_VRE_Clipped,GLOBAL,PWRWASINDSO,,CO2IND,1,2036,,,,,,0.0879
EmissionActivityRatio,C_Target_VRE_Clipped,GLOBAL,PWRWASINDSO,,CO2IND,1,2037,,,,,,0.0879
EmissionActivityRatio,C_Target_VRE_Clipped,GLOBAL,PWRWASINDSO,,CO2IND,1,2038,,,,,,0.0879
EmissionActivityRatio,C_Target_VRE_Clipped,GLOBAL,PWRWASINDSO,,CO2IND,1,2039,,,,,,0.0879
EmissionActivityRatio,C_Target_VRE_Clipped,GLOBAL,PWRWASINDSO,,CO2IND,1,2040,,,,,,0.0879
EmissionActivityRatio,C_Target_VRE_Clipped,GLOBAL,PWRWASINDSO,,CO2IND,1,2041,,,,,,0.0879
EmissionActivityRatio,C_Target_VRE_Clipped,GLOBAL,PWRWASINDSO,,CO2IND,1,2042,,,,,,0.0879
EmissionActivityRatio,C_Target_VRE_Clipped,GLOBAL,PWRWASINDSO,,CO2IND,1,2043,,,,,,0.0879
EmissionActivityRatio,C_Target_VRE_Clipped,GLOBAL,PWRWASINDSO,,CO2IND,1,2044,,,,,,0.0879
EmissionActivityRatio,C_Target_VRE_Clipped,GLOBAL,PWRWASINDSO,,CO2IND,1,2045,,,,,,0.0879
EmissionActivityRatio,C_Target_VRE_Clipped,GLOBAL,PWRWASINDSO,,CO2IND,1,2046,,,,,,0.0879
EmissionActivityRatio,C_Target_VRE_Clipped,GLOBAL,PWRWASINDSO,,CO2IND,1,2047,,,,,,0.0879
EmissionActivityRatio,C_Target_VRE_Clipped,GLOBAL,PWRWASINDSO,,CO2IND,1,2048,,,,,,0.0879
EmissionActivityRatio,C_Target_VRE_Clipped,GLOBAL,PWRWASINDSO,,CO2IND,1,2049,,,,,,0.0879
EmissionActivityRatio,C_Target_VRE_Clipped,GLOBAL,PWRWASINDSO,,CO2IND,1,2050,,,,,,0.0879
EmissionActivityRatio,C_Target_VRE_Clipped,GLOBAL,PWRWASINDWE,,CO2IND,1,2023,,,,,,0.0879
EmissionActivityRatio,C_Target_VRE_Clipped,GLOBAL,PWRWASINDWE,,CO2IND,1,2024,,,,,,0.0879
EmissionActivityRatio,C_Target_VRE_Clipped,GLOBAL,PWRWASINDWE,,CO2IND,1,2025,,,,,,0.0879
EmissionActivityRatio,C_Target_VRE_Clipped,GLOBAL,PWRWASINDWE,,CO2IND,1,2026,,,,,,0.0879
EmissionActivityRatio,C_Target_VRE_Clipped,GLOBAL,PWRWASINDWE,,CO2IND,1,2027,,,,,,0.0879
EmissionActivityRatio,C_Target_VRE_Clipped,GLOBAL,PWRWASINDWE,,CO2IND,1,2028,,,,,,0.0879
EmissionActivityRatio,C_Target_VRE_Clipped,GLOBAL,PWRWASINDWE,,CO2IND,1,2029,,,,,,0.0879
EmissionActivityRatio,C_Target_VRE_Clipped,GLOBAL,PWRWASINDWE,,CO2IND,1,2030,,,,,,0.0879
EmissionActivityRatio,C_Target_VRE_Clipped,GLOBAL,PWRWASINDWE,,CO2IND,1,2031,,,,,,0.0879
EmissionActivityRatio,C_Target_VRE_Clipped,GLOBAL,PWRWASINDWE,,CO2IND,1,2032,,,,,,0.0879
EmissionActivityRatio,C_Target_VRE_Clipped,GLOBAL,PWRWASINDWE,,CO2IND,1,2033,,,,,,0.0879
EmissionActivityRatio,C_Target_VRE_Clipped,GLOBAL,PWRWASINDWE,,CO2IND,1,2034,,,,,,0.0879
EmissionActivityRatio,C_Target_VRE_Clipped,GLOBAL,PWRWASINDWE,,CO2IND,1,2035,,,,,,0.0879
EmissionActivityRatio,C_Target_VRE_Clipped,GLOBAL,PWRWASINDWE,,CO2IND,1,2036,,,,,,0.0879
EmissionActivityRatio,C_Target_VRE_Clipped,GLOBAL,PWRWASINDWE,,CO2IND,1,2037,,,,,,0.0879
EmissionActivityRatio,C_Target_VRE_Clipped,GLOBAL,PWRWASINDWE,,CO2IND,1,2038,,,,,,0.0879
EmissionActivityRatio,C_Target_VRE_Clipped,GLOBAL,PWRWASINDWE,,CO2IND,1,2039,,,,,,0.0879
EmissionActivityRatio,C_Target_VRE_Clipped,GLOBAL,PWRWASINDWE,,CO2IND,1,2040,,,,,,0.0879
EmissionActivityRatio,C_Target_VRE_Clipped,GLOBAL,PWRWASINDWE,,CO2IND,1,2041,,,,,,0.0879
EmissionActivityRatio,C_Target_VRE_Clipped,GLOBAL,PWRWASINDWE,,CO2IND,1,2042,,,,,,0.0879
EmissionActivityRatio,C_Target_VRE_Clipped,GLOBAL,PWRWASINDWE,,CO2IND,1,2043,,,,,,0.0879
EmissionActivityRatio,C_Target_VRE_Clipped,GLOBAL,PWRWASINDWE,,CO2IND,1,2044,,,,,,0.0879
EmissionActivityRatio,C_Target_VRE_Clipped,GLOBAL,PWRWASINDWE,,CO2IND,1,2045,,,,,,0.0879
EmissionActivityRatio,C_Target_VRE_Clipped,GLOBAL,PWRWASINDWE,,CO2IND,1,2046,,,,,,0.0879
EmissionActivityRatio,C_Target_VRE_Clipped,GLOBAL,PWRWASINDWE,,CO2IND,1,2047,,,,,,0.0879
EmissionActivityRatio,C_Target_VRE_Clipped,GLOBAL,PWRWASINDWE,,CO2IND,1,2048,,,,,,0.0879
EmissionActivityRatio,C_Target_VRE_Clipped,GLOBAL,PWRWASINDWE,,CO2IND,1,2049,,,,,,0.0879
EmissionActivityRatio,C_Target_VRE_Clipped,GLOBAL,PWRWASINDWE,,CO2IND,1,2050,,,,,,0.0879
EmissionActivityRatio,C_Target_VRE_Clipped,GLOBAL,PWRWASLKAXX,,CO2LKA,1,2023,,,,,,0.0879
EmissionActivityRatio,C_Target_VRE_Clipped,GLOBAL,PWRWASLKAXX,,CO2LKA,1,2024,,,,,,0.0879
EmissionActivityRatio,C_Target_VRE_Clipped,GLOBAL,PWRWASLKAXX,,CO2LKA,1,2025,,,,,,0.0879
EmissionActivityRatio,C_Target_VRE_Clipped,GLOBAL,PWRWASLKAXX,,CO2LKA,1,2026,,,,,,0.0879
EmissionActivityRatio,C_Target_VRE_Clipped,GLOBAL,PWRWASLKAXX,,CO2LKA,1,2027,,,,,,0.0879
EmissionActivityRatio,C_Target_VRE_Clipped,GLOBAL,PWRWASLKAXX,,CO2LKA,1,2028,,,,,,0.0879
EmissionActivityRatio,C_Target_VRE_Clipped,GLOBAL,PWRWASLKAXX,,CO2LKA,1,2029,,,,,,0.0879
EmissionActivityRatio,C_Target_VRE_Clipped,GLOBAL,PWRWASLKAXX,,CO2LKA,1,2030,,,,,,0.0879
EmissionActivityRatio,C_Target_VRE_Clipped,GLOBAL,PWRWASLKAXX,,CO2LKA,1,2031,,,,,,0.0879
EmissionActivityRatio,C_Target_VRE_Clipped,GLOBAL,PWRWASLKAXX,,CO2LKA,1,2032,,,,,,0.0879
EmissionActivityRatio,C_Target_VRE_Clipped,GLOBAL,PWRWASLKAXX,,CO2LKA,1,2033,,,,,,0.0879
EmissionActivityRatio,C_Target_VRE_Clipped,GLOBAL,PWRWASLKAXX,,CO2LKA,1,2034,,,,,,0.0879
EmissionActivityRatio,C_Target_VRE_Clipped,GLOBAL,PWRWASLKAXX,,CO2LKA,1,2035,,,,,,0.0879
EmissionActivityRatio,C_Target_VRE_Clipped,GLOBAL,PWRWASLKAXX,,CO2LKA,1,2036,,,,,,0.0879
EmissionActivityRatio,C_Target_VRE_Clipped,GLOBAL,PWRWASLKAXX,,CO2LKA,1,2037,,,,,,0.0879
EmissionActivityRatio,C_Target_VRE_Clipped,GLOBAL,PWRWASLKAXX,,CO2LKA,1,2038,,,,,,0.0879
EmissionActivityRatio,C_Target_VRE_Clipped,GLOBAL,PWRWASLKAXX,,CO2LKA,1,2039,,,,,,0.0879
EmissionActivityRatio,C_Target_VRE_Clipped,GLOBAL,PWRWASLKAXX,,CO2LKA,1,2040,,,,,,0.0879
EmissionActivityRatio,C_Target_VRE_Clipped,GLOBAL,PWRWASLKAXX,,CO2LKA,1,2041,,,,,,0.0879
EmissionActivityRatio,C_Target_VRE_Clipped,GLOBAL,PWRWASLKAXX,,CO2LKA,1,2042,,,,,,0.0879
EmissionActivityRatio,C_Target_VRE_Clipped,GLOBAL,PWRWASLKAXX,,CO2LKA,1,2043,,,,,,0.0879
EmissionActivityRatio,C_Target_VRE_Clipped,GLOBAL,PWRWASLKAXX,,CO2LKA,1,2044,,,,,,0.0879
EmissionActivityRatio,C_Target_VRE_Clipped,GLOBAL,PWRWASLKAXX,,CO2LKA,1,2045,,,,,,0.0879
EmissionActivityRatio,C_Target_VRE_Clipped,GLOBAL,PWRWASLKAXX,,CO2LKA,1,2046,,,,,,0.0879
EmissionActivityRatio,C_Target_VRE_Clipped,GLOBAL,PWRWASLKAXX,,CO2LKA,1,2047,,,,,,0.0879
EmissionActivityRatio,C_Target_VRE_Clipped,GLOBAL,PWRWASLKAXX,,CO2LKA,1,2048,,,,,,0.0879
EmissionActivityRatio,C_Target_VRE_Clipped,GLOBAL,PWRWASLKAXX,,CO2LKA,1,2049,,,,,,0.0879
EmissionActivityRatio,C_Target_VRE_Clipped,GLOBAL,PWRWASLKAXX,,CO2LKA,1,2050,,,,,,0.0879
EmissionActivityRatio,C_Target_VRE_Clipped,GLOBAL,PWRWASNPLXX,,CO2NPL,1,2023,,,,,,0.0879
EmissionActivityRatio,C_Target_VRE_Clipped,GLOBAL,PWRWASNPLXX,,CO2NPL,1,2024,,,,,,0.0879
EmissionActivityRatio,C_Target_VRE_Clipped,GLOBAL,PWRWASNPLXX,,CO2NPL,1,2025,,,,,,0.0879
EmissionActivityRatio,C_Target_VRE_Clipped,GLOBAL,PWRWASNPLXX,,CO2NPL,1,2026,,,,,,0.0879
EmissionActivityRatio,C_Target_VRE_Clipped,GLOBAL,PWRWASNPLXX,,CO2NPL,1,2027,,,,,,0.0879
EmissionActivityRatio,C_Target_VRE_Clipped,GLOBAL,PWRWASNPLXX,,CO2NPL,1,2028,,,,,,0.0879
EmissionActivityRatio,C_Target_VRE_Clipped,GLOBAL,PWRWASNPLXX,,CO2NPL,1,2029,,,,,,0.0879
EmissionActivityRatio,C_Target_VRE_Clipped,GLOBAL,PWRWASNPLXX,,CO2NPL,1,2030,,,,,,0.0879
EmissionActivityRatio,C_Target_VRE_Clipped,GLOBAL,PWRWASNPLXX,,CO2NPL,1,2031,,,,,,0.0879
EmissionActivityRatio,C_Target_VRE_Clipped,GLOBAL,PWRWASNPLXX,,CO2NPL,1,2032,,,,,,0.0879
EmissionActivityRatio,C_Target_VRE_Clipped,GLOBAL,PWRWASNPLXX,,CO2NPL,1,2033,,,,,,0.0879
EmissionActivityRatio,C_Target_VRE_Clipped,GLOBAL,PWRWASNPLXX,,CO2NPL,1,2034,,,,,,0.0879
EmissionActivityRatio,C_Target_VRE_Clipped,GLOBAL,PWRWASNPLXX,,CO2NPL,1,2035,,,,,,0.0879
EmissionActivityRatio,C_Target_VRE_Clipped,GLOBAL,PWRWASNPLXX,,CO2NPL,1,2036,,,,,,0.0879
EmissionActivityRatio,C_Target_VRE_Clipped,GLOBAL,PWRWASNPLXX,,CO2NPL,1,2037,,,,,,0.0879
EmissionActivityRatio,C_Target_VRE_Clipped,GLOBAL,PWRWASNPLXX,,CO2NPL,1,2038,,,,,,0.0879
EmissionActivityRatio,C_Target_VRE_Clipped,GLOBAL,PWRWASNPLXX,,CO2NPL,1,2039,,,,,,0.0879
EmissionActivityRatio,C_Target_VRE_Clipped,GLOBAL,PWRWASNPLXX,,CO2NPL,1,2040,,,,,,0.0879
EmissionActivityRatio,C_Target_VRE_Clipped,GLOBAL,PWRWASNPLXX,,CO2NPL,1,2041,,,,,,0.0879
EmissionActivityRatio,C_Target_VRE_Clipped,GLOBAL,PWRWASNPLXX,,CO2NPL,1,2042,,,,,,0.0879
EmissionActivityRatio,C_Target_VRE_Clipped,GLOBAL,PWRWASNPLXX,,CO2NPL,1,2043,,,,,,0.0879
EmissionActivityRatio,C_Target_VRE_Clipped,GLOBAL,PWRWASNPLXX,,CO2NPL,1,2044,,,,,,0.0879
EmissionActivityRatio,C_Target_VRE_Clipped,GLOBAL,PWRWASNPLXX,,CO2NPL,1,2045,,,,,,0.0879
EmissionActivityRatio,C_Target_VRE_Clipped,GLOBAL,PWRWASNPLXX,,CO2NPL,1,2046,,,,,,0.0879
EmissionActivityRatio,C_Target_VRE_Clipped,GLOBAL,PWRWASNPLXX,,CO2NPL,1,2047,,,,,,0.0879
EmissionActivityRatio,C_Target_VRE_Clipped,GLOBAL,PWRWASNPLXX,,CO2NPL,1,2048,,,,,,0.0879
EmissionActivityRatio,C_Target_VRE_Clipped,GLOBAL,PWRWASNPLXX,,CO2NPL,1,2049,,,,,,0.0879
EmissionActivityRatio,C_Target_VRE_Clipped,GLOBAL,PWRWASNPLXX,,CO2NPL,1,2050,,,,,,0.0879
