PARAMETER,Scenario,REGION,TECHNOLOGY,FUEL,EMISSION,MODE_OF_OPERATION,YEAR,TIMESLICE,SEASON,DAYTYPE,DAILYTIMEBRACKET,STORAGE,Value
SpecifiedDemandProfile,A_Calibrated_BAU,GLOBAL,,ELCBGDXX03,,,2023,S1D1,,,,,0.052326
SpecifiedDemandProfile,A_Calibrated_BAU,GLOBAL,,ELCBGDXX03,,,2024,S1D1,,,,,0.052326
SpecifiedDemandProfile,A_Calibrated_BAU,GLOBAL,,ELCBGDXX03,,,2025,S1D1,,,,,0.052326
SpecifiedDemandProfile,A_Calibrated_BAU,GLOBAL,,ELCBGDXX03,,,2026,S1D1,,,,,0.052326
SpecifiedDemandProfile,A_Calibrated_BAU,GLOBAL,,ELCBGDXX03,,,2027,S1D1,,,,,0.052326
SpecifiedDemandProfile,A_Calibrated_BAU,GLOBAL,,ELCBGDXX03,,,2028,S1D1,,,,,0.052326
SpecifiedDemandProfile,A_Calibrated_BAU,GLOBAL,,ELCBGDXX03,,,2029,S1D1,,,,,0.052326
SpecifiedDemandProfile,A_Calibrated_BAU,GLOBAL,,ELCBGDXX03,,,2030,S1D1,,,,,0.052326
SpecifiedDemandProfile,A_Calibrated_BAU,GLOBAL,,ELCBGDXX03,,,2031,S1D1,,,,,0.052326
SpecifiedDemandProfile,A_Calibrated_BAU,GLOBAL,,ELCBGDXX03,,,2032,S1D1,,,,,0.052326
SpecifiedDemandProfile,A_Calibrated_BAU,GLOBAL,,ELCBGDXX03,,,2033,S1D1,,,,,0.052326
SpecifiedDemandProfile,A_Calibrated_BAU,GLOBAL,,ELCBGDXX03,,,2034,S1D1,,,,,0.052326
SpecifiedDemandProfile,A_Calibrated_BAU,GLOBAL,,ELCBGDXX03,,,2035,S1D1,,,,,0.052326
SpecifiedDemandProfile,A_Calibrated_BAU,GLOBAL,,ELCBGDXX03,,,2036,S1D1,,,,,0.052326
SpecifiedDemandProfile,A_Calibrated_BAU,GLOBAL,,ELCBGDXX03,,,2037,S1D1,,,,,0.052326
SpecifiedDemandProfile,A_Calibrated_BAU,GLOBAL,,ELCBGDXX03,,,2038,S1D1,,,,,0.052326
SpecifiedDemandProfile,A_Calibrated_BAU,GLOBAL,,ELCBGDXX03,,,2039,S1D1,,,,,0.052326
SpecifiedDemandProfile,A_Calibrated_BAU,GLOBAL,,ELCBGDXX03,,,2040,S1D1,,,,,0.052326
SpecifiedDemandProfile,A_Calibrated_BAU,GLOBAL,,ELCBGDXX03,,,2041,S1D1,,,,,0.052326
SpecifiedDemandProfile,A_Calibrated_BAU,GLOBAL,,ELCBGDXX03,,,2042,S1D1,,,,,0.052326
SpecifiedDemandProfile,A_Calibrated_BAU,GLOBAL,,ELCBGDXX03,,,2043,S1D1,,,,,0.052326
SpecifiedDemandProfile,A_Calibrated_BAU,GLOBAL,,ELCBGDXX03,,,2044,S1D1,,,,,0.052326
SpecifiedDemandProfile,A_Calibrated_BAU,GLOBAL,,ELCBGDXX03,,,2045,S1D1,,,,,0.052326
SpecifiedDemandProfile,A_Calibrated_BAU,GLOBAL,,ELCBGDXX03,,,2046,S1D1,,,,,0.052326
SpecifiedDemandProfile,A_Calibrated_BAU,GLOBAL,,ELCBGDXX03,,,2047,S1D1,,,,,0.052326
SpecifiedDemandProfile,A_Calibrated_BAU,GLOBAL,,ELCBGDXX03,,,2048,S1D1,,,,,0.052326
SpecifiedDemandProfile,A_Calibrated_BAU,GLOBAL,,ELCBGDXX03,,,2049,S1D1,,,,,0.052326
SpecifiedDemandProfile,A_Calibrated_BAU,GLOBAL,,ELCBGDXX03,,,2050,S1D1,,,,,0.052326
SpecifiedDemandProfile,A_Calibrated_BAU,GLOBAL,,ELCBGDXX03,,,2023,S1D2,,,,,0.107446
SpecifiedDemandProfile,A_Calibrated_BAU,GLOBAL,,ELCBGDXX03,,,2024,S1D2,,,,,0.107446
SpecifiedDemandProfile,A_Calibrated_BAU,GLOBAL,,ELCBGDXX03,,,2025,S1D2,,,,,0.107446
SpecifiedDemandProfile,A_Calibrated_BAU,GLOBAL,,ELCBGDXX03,,,2026,S1D2,,,,,0.107446
SpecifiedDemandProfile,A_Calibrated_BAU,GLOBAL,,ELCBGDXX03,,,2027,S1D2,,,,,0.107446
SpecifiedDemandProfile,A_Calibrated_BAU,GLOBAL,,ELCBGDXX03,,,2028,S1D2,,,,,0.107446
SpecifiedDemandProfile,A_Calibrated_BAU,GLOBAL,,ELCBGDXX03,,,2029,S1D2,,,,,0.107446
SpecifiedDemandProfile,A_Calibrated_BAU,GLOBAL,,ELCBGDXX03,,,2030,S1D2,,,,,0.107446
SpecifiedDemandProfile,A_Calibrated_BAU,GLOBAL,,ELCBGDXX03,,,2031,S1D2,,,,,0.107446
SpecifiedDemandProfile,A_Calibrated_BAU,GLOBAL,,ELCBGDXX03,,,2032,S1D2,,,,,0.107446
SpecifiedDemandProfile,A_Calibrated_BAU,GLOBAL,,ELCBGDXX03,,,2033,S1D2,,,,,0.107446
SpecifiedDemandProfile,A_Calibrated_BAU,GLOBAL,,ELCBGDXX03,,,2034,S1D2,,,,,0.107446
SpecifiedDemandProfile,A_Calibrated_BAU,GLOBAL,,ELCBGDXX03,,,2035,S1D2,,,,,0.107446
SpecifiedDemandProfile,A_Calibrated_BAU,GLOBAL,,ELCBGDXX03,,,2036,S1D2,,,,,0.107446
SpecifiedDemandProfile,A_Calibrated_BAU,GLOBAL,,ELCBGDXX03,,,2037,S1D2,,,,,0.107446
SpecifiedDemandProfile,A_Calibrated_BAU,GLOBAL,,ELCBGDXX03,,,2038,S1D2,,,,,0.107446
SpecifiedDemandProfile,A_Calibrated_BAU,GLOBAL,,ELCBGDXX03,,,2039,S1D2,,,,,0.107446
SpecifiedDemandProfile,A_Calibrated_BAU,GLOBAL,,ELCBGDXX03,,,2040,S1D2,,,,,0.107446
SpecifiedDemandProfile,A_Calibrated_BAU,GLOBAL,,ELCBGDXX03,,,2041,S1D2,,,,,0.107446
SpecifiedDemandProfile,A_Calibrated_BAU,GLOBAL,,ELCBGDXX03,,,2042,S1D2,,,,,0.107446
SpecifiedDemandProfile,A_Calibrated_BAU,GLOBAL,,ELCBGDXX03,,,2043,S1D2,,,,,0.107446
SpecifiedDemandProfile,A_Calibrated_BAU,GLOBAL,,ELCBGDXX03,,,2044,S1D2,,,,,0.107446
SpecifiedDemandProfile,A_Calibrated_BAU,GLOBAL,,ELCBGDXX03,,,2045,S1D2,,,,,0.107446
SpecifiedDemandProfile,A_Calibrated_BAU,GLOBAL,,ELCBGDXX03,,,2046,S1D2,,,,,0.107446
SpecifiedDemandProfile,A_Calibrated_BAU,GLOBAL,,ELCBGDXX03,,,2047,S1D2,,,,,0.107446
SpecifiedDemandProfile,A_Calibrated_BAU,GLOBAL,,ELCBGDXX03,,,2048,S1D2,,,,,0.107446
SpecifiedDemandProfile,A_Calibrated_BAU,GLOBAL,,ELCBGDXX03,,,2049,S1D2,,,,,0.107446
SpecifiedDemandProfile,A_Calibrated_BAU,GLOBAL,,ELCBGDXX03,,,2050,S1D2,,,,,0.107446
SpecifiedDemandProfile,A_Calibrated_BAU,GLOBAL,,ELCBGDXX03,,,2023,S1D3,,,,,0.032441
SpecifiedDemandProfile,A_Calibrated_BAU,GLOBAL,,ELCBGDXX03,,,2024,S1D3,,,,,0.032441
SpecifiedDemandProfile,A_Calibrated_BAU,GLOBAL,,ELCBGDXX03,,,2025,S1D3,,,,,0.032441
SpecifiedDemandProfile,A_Calibrated_BAU,GLOBAL,,ELCBGDXX03,,,2026,S1D3,,,,,0.032441
SpecifiedDemandProfile,A_Calibrated_BAU,GLOBAL,,ELCBGDXX03,,,2027,S1D3,,,,,0.032441
SpecifiedDemandProfile,A_Calibrated_BAU,GLOBAL,,ELCBGDXX03,,,2028,S1D3,,,,,0.032441
SpecifiedDemandProfile,A_Calibrated_BAU,GLOBAL,,ELCBGDXX03,,,2029,S1D3,,,,,0.032441
SpecifiedDemandProfile,A_Calibrated_BAU,GLOBAL,,ELCBGDXX03,,,2030,S1D3,,,,,0.032441
SpecifiedDemandProfile,A_Calibrated_BAU,GLOBAL,,ELCBGDXX03,,,2031,S1D3,,,,,0.032441
SpecifiedDemandProfile,A_Calibrated_BAU,GLOBAL,,ELCBGDXX03,,,2032,S1D3,,,,,0.032441
SpecifiedDemandProfile,A_Calibrated_BAU,GLOBAL,,ELCBGDXX03,,,2033,S1D3,,,,,0.032441
SpecifiedDemandProfile,A_Calibrated_BAU,GLOBAL,,ELCBGDXX03,,,2034,S1D3,,,,,0.032441
SpecifiedDemandProfile,A_Calibrated_BAU,GLOBAL,,ELCBGDXX03,,,2035,S1D3,,,,,0.032441
SpecifiedDemandProfile,A_Calibrated_BAU,GLOBAL,,ELCBGDXX03,,,2036,S1D3,,,,,0.032441
SpecifiedDemandProfile,A_Calibrated_BAU,GLOBAL,,ELCBGDXX03,,,2037,S1D3,,,,,0.032441
SpecifiedDemandProfile,A_Calibrated_BAU,GLOBAL,,ELCBGDXX03,,,2038,S1D3,,,,,0.032441
SpecifiedDemandProfile,A_Calibrated_BAU,GLOBAL,,ELCBGDXX03,,,2039,S1D3,,,,,0.032441
SpecifiedDemandProfile,A_Calibrated_BAU,GLOBAL,,ELCBGDXX03,,,2040,S1D3,,,,,0.032441
SpecifiedDemandProfile,A_Calibrated_BAU,GLOBAL,,ELCBGDXX03,,,2041,S1D3,,,,,0.032441
SpecifiedDemandProfile,A_Calibrated_BAU,GLOBAL,,ELCBGDXX03,,,2042,S1D3,,,,,0.032441
SpecifiedDemandProfile,A_Calibrated_BAU,GLOBAL,,ELCBGDXX03,,,2043,S1D3,,,,,0.032441
SpecifiedDemandProfile,A_Calibrated_BAU,GLOBAL,,ELCBGDXX03,,,2044,S1D3,,,,,0.032441
SpecifiedDemandProfile,A_Calibrated_BAU,GLOBAL,,ELCBGDXX03,,,2045,S1D3,,,,,0.032441
SpecifiedDemandProfile,A_Calibrated_BAU,GLOBAL,,ELCBGDXX03,,,2046,S1D3,,,,,0.032441
SpecifiedDemandProfile,A_Calibrated_BAU,GLOBAL,,ELCBGDXX03,,,2047,S1D3,,,,,0.032441
SpecifiedDemandProfile,A_Calibrated_BAU,GLOBAL,,ELCBGDXX03,,,2048,S1D3,,,,,0.032441
SpecifiedDemandProfile,A_Calibrated_BAU,GLOBAL,,ELCBGDXX03,,,2049,S1D3,,,,,0.032441
SpecifiedDemandProfile,A_Calibrated_BAU,GLOBAL,,ELCBGDXX03,,,2050,S1D3,,,,,0.032441
SpecifiedDemandProfile,A_Calibrated_BAU,GLOBAL,,ELCBGDXX03,,,2023,S1D4,,,,,0.021866
SpecifiedDemandProfile,A_Calibrated_BAU,GLOBAL,,ELCBGDXX03,,,2024,S1D4,,,,,0.021866
SpecifiedDemandProfile,A_Calibrated_BAU,GLOBAL,,ELCBGDXX03,,,2025,S1D4,,,,,0.021866
SpecifiedDemandProfile,A_Calibrated_BAU,GLOBAL,,ELCBGDXX03,,,2026,S1D4,,,,,0.021866
SpecifiedDemandProfile,A_Calibrated_BAU,GLOBAL,,ELCBGDXX03,,,2027,S1D4,,,,,0.021866
SpecifiedDemandProfile,A_Calibrated_BAU,GLOBAL,,ELCBGDXX03,,,2028,S1D4,,,,,0.021866
SpecifiedDemandProfile,A_Calibrated_BAU,GLOBAL,,ELCBGDXX03,,,2029,S1D4,,,,,0.021866
SpecifiedDemandProfile,A_Calibrated_BAU,GLOBAL,,ELCBGDXX03,,,2030,S1D4,,,,,0.021866
SpecifiedDemandProfile,A_Calibrated_BAU,GLOBAL,,ELCBGDXX03,,,2031,S1D4,,,,,0.021866
SpecifiedDemandProfile,A_Calibrated_BAU,GLOBAL,,ELCBGDXX03,,,2032,S1D4,,,,,0.021866
SpecifiedDemandProfile,A_Calibrated_BAU,GLOBAL,,ELCBGDXX03,,,2033,S1D4,,,,,0.021866
SpecifiedDemandProfile,A_Calibrated_BAU,GLOBAL,,ELCBGDXX03,,,2034,S1D4,,,,,0.021866
SpecifiedDemandProfile,A_Calibrated_BAU,GLOBAL,,ELCBGDXX03,,,2035,S1D4,,,,,0.021866
SpecifiedDemandProfile,A_Calibrated_BAU,GLOBAL,,ELCBGDXX03,,,2036,S1D4,,,,,0.021866
SpecifiedDemandProfile,A_Calibrated_BAU,GLOBAL,,ELCBGDXX03,,,2037,S1D4,,,,,0.021866
SpecifiedDemandProfile,A_Calibrated_BAU,GLOBAL,,ELCBGDXX03,,,2038,S1D4,,,,,0.021866
SpecifiedDemandProfile,A_Calibrated_BAU,GLOBAL,,ELCBGDXX03,,,2039,S1D4,,,,,0.021866
SpecifiedDemandProfile,A_Calibrated_BAU,GLOBAL,,ELCBGDXX03,,,2040,S1D4,,,,,0.021866
SpecifiedDemandProfile,A_Calibrated_BAU,GLOBAL,,ELCBGDXX03,,,2041,S1D4,,,,,0.021866
SpecifiedDemandProfile,A_Calibrated_BAU,GLOBAL,,ELCBGDXX03,,,2042,S1D4,,,,,0.021866
SpecifiedDemandProfile,A_Calibrated_BAU,GLOBAL,,ELCBGDXX03,,,2043,S1D4,,,,,0.021866
SpecifiedDemandProfile,A_Calibrated_BAU,GLOBAL,,ELCBGDXX03,,,2044,S1D4,,,,,0.021866
SpecifiedDemandProfile,A_Calibrated_BAU,GLOBAL,,ELCBGDXX03,,,2045,S1D4,,,,,0.021866
SpecifiedDemandProfile,A_Calibrated_BAU,GLOBAL,,ELCBGDXX03,,,2046,S1D4,,,,,0.021866
SpecifiedDemandProfile,A_Calibrated_BAU,GLOBAL,,ELCBGDXX03,,,2047,S1D4,,,,,0.021866
SpecifiedDemandProfile,A_Calibrated_BAU,GLOBAL,,ELCBGDXX03,,,2048,S1D4,,,,,0.021866
SpecifiedDemandProfile,A_Calibrated_BAU,GLOBAL,,ELCBGDXX03,,,2049,S1D4,,,,,0.021866
SpecifiedDemandProfile,A_Calibrated_BAU,GLOBAL,,ELCBGDXX03,,,2050,S1D4,,,,,0.021866
SpecifiedDemandProfile,A_Calibrated_BAU,GLOBAL,,ELCBGDXX03,,,2023,S1D5,,,,,0.017798
SpecifiedDemandProfile,A_Calibrated_BAU,GLOBAL,,ELCBGDXX03,,,2024,S1D5,,,,,0.017798
SpecifiedDemandProfile,A_Calibrated_BAU,GLOBAL,,ELCBGDXX03,,,2025,S1D5,,,,,0.017798
SpecifiedDemandProfile,A_Calibrated_BAU,GLOBAL,,ELCBGDXX03,,,2026,S1D5,,,,,0.017798
SpecifiedDemandProfile,A_Calibrated_BAU,GLOBAL,,ELCBGDXX03,,,2027,S1D5,,,,,0.017798
SpecifiedDemandProfile,A_Calibrated_BAU,GLOBAL,,ELCBGDXX03,,,2028,S1D5,,,,,0.017798
SpecifiedDemandProfile,A_Calibrated_BAU,GLOBAL,,ELCBGDXX03,,,2029,S1D5,,,,,0.017798
SpecifiedDemandProfile,A_Calibrated_BAU,GLOBAL,,ELCBGDXX03,,,2030,S1D5,,,,,0.017798
SpecifiedDemandProfile,A_Calibrated_BAU,GLOBAL,,ELCBGDXX03,,,2031,S1D5,,,,,0.017798
SpecifiedDemandProfile,A_Calibrated_BAU,GLOBAL,,ELCBGDXX03,,,2032,S1D5,,,,,0.017798
SpecifiedDemandProfile,A_Calibrated_BAU,GLOBAL,,ELCBGDXX03,,,2033,S1D5,,,,,0.017798
SpecifiedDemandProfile,A_Calibrated_BAU,GLOBAL,,ELCBGDXX03,,,2034,S1D5,,,,,0.017798
SpecifiedDemandProfile,A_Calibrated_BAU,GLOBAL,,ELCBGDXX03,,,2035,S1D5,,,,,0.017798
SpecifiedDemandProfile,A_Calibrated_BAU,GLOBAL,,ELCBGDXX03,,,2036,S1D5,,,,,0.017798
SpecifiedDemandProfile,A_Calibrated_BAU,GLOBAL,,ELCBGDXX03,,,2037,S1D5,,,,,0.017798
SpecifiedDemandProfile,A_Calibrated_BAU,GLOBAL,,ELCBGDXX03,,,2038,S1D5,,,,,0.017798
SpecifiedDemandProfile,A_Calibrated_BAU,GLOBAL,,ELCBGDXX03,,,2039,S1D5,,,,,0.017798
SpecifiedDemandProfile,A_Calibrated_BAU,GLOBAL,,ELCBGDXX03,,,2040,S1D5,,,,,0.017798
SpecifiedDemandProfile,A_Calibrated_BAU,GLOBAL,,ELCBGDXX03,,,2041,S1D5,,,,,0.017798
SpecifiedDemandProfile,A_Calibrated_BAU,GLOBAL,,ELCBGDXX03,,,2042,S1D5,,,,,0.017798
SpecifiedDemandProfile,A_Calibrated_BAU,GLOBAL,,ELCBGDXX03,,,2043,S1D5,,,,,0.017798
SpecifiedDemandProfile,A_Calibrated_BAU,GLOBAL,,ELCBGDXX03,,,2044,S1D5,,,,,0.017798
SpecifiedDemandProfile,A_Calibrated_BAU,GLOBAL,,ELCBGDXX03,,,2045,S1D5,,,,,0.017798
SpecifiedDemandProfile,A_Calibrated_BAU,GLOBAL,,ELCBGDXX03,,,2046,S1D5,,,,,0.017798
SpecifiedDemandProfile,A_Calibrated_BAU,GLOBAL,,ELCBGDXX03,,,2047,S1D5,,,,,0.017798
SpecifiedDemandProfile,A_Calibrated_BAU,GLOBAL,,ELCBGDXX03,,,2048,S1D5,,,,,0.017798
SpecifiedDemandProfile,A_Calibrated_BAU,GLOBAL,,ELCBGDXX03,,,2049,S1D5,,,,,0.017798
SpecifiedDemandProfile,A_Calibrated_BAU,GLOBAL,,ELCBGDXX03,,,2050,S1D5,,,,,0.017798
SpecifiedDemandProfile,A_Calibrated_BAU,GLOBAL,,ELCBGDXX03,,,2023,S2D1,,,,,0.064752
SpecifiedDemandProfile,A_Calibrated_BAU,GLOBAL,,ELCBGDXX03,,,2024,S2D1,,,,,0.064752
SpecifiedDemandProfile,A_Calibrated_BAU,GLOBAL,,ELCBGDXX03,,,2025,S2D1,,,,,0.064752
SpecifiedDemandProfile,A_Calibrated_BAU,GLOBAL,,ELCBGDXX03,,,2026,S2D1,,,,,0.064752
SpecifiedDemandProfile,A_Calibrated_BAU,GLOBAL,,ELCBGDXX03,,,2027,S2D1,,,,,0.064752
SpecifiedDemandProfile,A_Calibrated_BAU,GLOBAL,,ELCBGDXX03,,,2028,S2D1,,,,,0.064752
SpecifiedDemandProfile,A_Calibrated_BAU,GLOBAL,,ELCBGDXX03,,,2029,S2D1,,,,,0.064752
SpecifiedDemandProfile,A_Calibrated_BAU,GLOBAL,,ELCBGDXX03,,,2030,S2D1,,,,,0.064752
SpecifiedDemandProfile,A_Calibrated_BAU,GLOBAL,,ELCBGDXX03,,,2031,S2D1,,,,,0.064752
SpecifiedDemandProfile,A_Calibrated_BAU,GLOBAL,,ELCBGDXX03,,,2032,S2D1,,,,,0.064752
SpecifiedDemandProfile,A_Calibrated_BAU,GLOBAL,,ELCBGDXX03,,,2033,S2D1,,,,,0.064752
SpecifiedDemandProfile,A_Calibrated_BAU,GLOBAL,,ELCBGDXX03,,,2034,S2D1,,,,,0.064752
SpecifiedDemandProfile,A_Calibrated_BAU,GLOBAL,,ELCBGDXX03,,,2035,S2D1,,,,,0.064752
SpecifiedDemandProfile,A_Calibrated_BAU,GLOBAL,,ELCBGDXX03,,,2036,S2D1,,,,,0.064752
SpecifiedDemandProfile,A_Calibrated_BAU,GLOBAL,,ELCBGDXX03,,,2037,S2D1,,,,,0.064752
SpecifiedDemandProfile,A_Calibrated_BAU,GLOBAL,,ELCBGDXX03,,,2038,S2D1,,,,,0.064752
SpecifiedDemandProfile,A_Calibrated_BAU,GLOBAL,,ELCBGDXX03,,,2039,S2D1,,,,,0.064752
SpecifiedDemandProfile,A_Calibrated_BAU,GLOBAL,,ELCBGDXX03,,,2040,S2D1,,,,,0.064752
SpecifiedDemandProfile,A_Calibrated_BAU,GLOBAL,,ELCBGDXX03,,,2041,S2D1,,,,,0.064752
SpecifiedDemandProfile,A_Calibrated_BAU,GLOBAL,,ELCBGDXX03,,,2042,S2D1,,,,,0.064752
SpecifiedDemandProfile,A_Calibrated_BAU,GLOBAL,,ELCBGDXX03,,,2043,S2D1,,,,,0.064752
SpecifiedDemandProfile,A_Calibrated_BAU,GLOBAL,,ELCBGDXX03,,,2044,S2D1,,,,,0.064752
SpecifiedDemandProfile,A_Calibrated_BAU,GLOBAL,,ELCBGDXX03,,,2045,S2D1,,,,,0.064752
SpecifiedDemandProfile,A_Calibrated_BAU,GLOBAL,,ELCBGDXX03,,,2046,S2D1,,,,,0.064752
SpecifiedDemandProfile,A_Calibrated_BAU,GLOBAL,,ELCBGDXX03,,,2047,S2D1,,,,,0.064752
SpecifiedDemandProfile,A_Calibrated_BAU,GLOBAL,,ELCBGDXX03,,,2048,S2D1,,,,,0.064752
SpecifiedDemandProfile,A_Calibrated_BAU,GLOBAL,,ELCBGDXX03,,,2049,S2D1,,,,,0.064752
SpecifiedDemandProfile,A_Calibrated_BAU,GLOBAL,,ELCBGDXX03,,,2050,S2D1,,,,,0.064752
SpecifiedDemandProfile,A_Calibrated_BAU,GLOBAL,,ELCBGDXX03,,,2023,S2D2,,,,,0.112587
SpecifiedDemandProfile,A_Calibrated_BAU,GLOBAL,,ELCBGDXX03,,,2024,S2D2,,,,,0.112587
SpecifiedDemandProfile,A_Calibrated_BAU,GLOBAL,,ELCBGDXX03,,,2025,S2D2,,,,,0.112587
SpecifiedDemandProfile,A_Calibrated_BAU,GLOBAL,,ELCBGDXX03,,,2026,S2D2,,,,,0.112587
SpecifiedDemandProfile,A_Calibrated_BAU,GLOBAL,,ELCBGDXX03,,,2027,S2D2,,,,,0.112587
SpecifiedDemandProfile,A_Calibrated_BAU,GLOBAL,,ELCBGDXX03,,,2028,S2D2,,,,,0.112587
SpecifiedDemandProfile,A_Calibrated_BAU,GLOBAL,,ELCBGDXX03,,,2029,S2D2,,,,,0.112587
SpecifiedDemandProfile,A_Calibrated_BAU,GLOBAL,,ELCBGDXX03,,,2030,S2D2,,,,,0.112587
SpecifiedDemandProfile,A_Calibrated_BAU,GLOBAL,,ELCBGDXX03,,,2031,S2D2,,,,,0.112587
SpecifiedDemandProfile,A_Calibrated_BAU,GLOBAL,,ELCBGDXX03,,,2032,S2D2,,,,,0.112587
SpecifiedDemandProfile,A_Calibrated_BAU,GLOBAL,,ELCBGDXX03,,,2033,S2D2,,,,,0.112587
SpecifiedDemandProfile,A_Calibrated_BAU,GLOBAL,,ELCBGDXX03,,,2034,S2D2,,,,,0.112587
SpecifiedDemandProfile,A_Calibrated_BAU,GLOBAL,,ELCBGDXX03,,,2035,S2D2,,,,,0.112587
SpecifiedDemandProfile,A_Calibrated_BAU,GLOBAL,,ELCBGDXX03,,,2036,S2D2,,,,,0.112587
SpecifiedDemandProfile,A_Calibrated_BAU,GLOBAL,,ELCBGDXX03,,,2037,S2D2,,,,,0.112587
SpecifiedDemandProfile,A_Calibrated_BAU,GLOBAL,,ELCBGDXX03,,,2038,S2D2,,,,,0.112587
SpecifiedDemandProfile,A_Calibrated_BAU,GLOBAL,,ELCBGDXX03,,,2039,S2D2,,,,,0.112587
SpecifiedDemandProfile,A_Calibrated_BAU,GLOBAL,,ELCBGDXX03,,,2040,S2D2,,,,,0.112587
SpecifiedDemandProfile,A_Calibrated_BAU,GLOBAL,,ELCBGDXX03,,,2041,S2D2,,,,,0.112587
SpecifiedDemandProfile,A_Calibrated_BAU,GLOBAL,,ELCBGDXX03,,,2042,S2D2,,,,,0.112587
SpecifiedDemandProfile,A_Calibrated_BAU,GLOBAL,,ELCBGDXX03,,,2043,S2D2,,,,,0.112587
SpecifiedDemandProfile,A_Calibrated_BAU,GLOBAL,,ELCBGDXX03,,,2044,S2D2,,,,,0.112587
SpecifiedDemandProfile,A_Calibrated_BAU,GLOBAL,,ELCBGDXX03,,,2045,S2D2,,,,,0.112587
SpecifiedDemandProfile,A_Calibrated_BAU,GLOBAL,,ELCBGDXX03,,,2046,S2D2,,,,,0.112587
SpecifiedDemandProfile,A_Calibrated_BAU,GLOBAL,,ELCBGDXX03,,,2047,S2D2,,,,,0.112587
SpecifiedDemandProfile,A_Calibrated_BAU,GLOBAL,,ELCBGDXX03,,,2048,S2D2,,,,,0.112587
SpecifiedDemandProfile,A_Calibrated_BAU,GLOBAL,,ELCBGDXX03,,,2049,S2D2,,,,,0.112587
SpecifiedDemandProfile,A_Calibrated_BAU,GLOBAL,,ELCBGDXX03,,,2050,S2D2,,,,,0.112587
SpecifiedDemandProfile,A_Calibrated_BAU,GLOBAL,,ELCBGDXX03,,,2023,S2D3,,,,,0.033108
SpecifiedDemandProfile,A_Calibrated_BAU,GLOBAL,,ELCBGDXX03,,,2024,S2D3,,,,,0.033108
SpecifiedDemandProfile,A_Calibrated_BAU,GLOBAL,,ELCBGDXX03,,,2025,S2D3,,,,,0.033108
SpecifiedDemandProfile,A_Calibrated_BAU,GLOBAL,,ELCBGDXX03,,,2026,S2D3,,,,,0.033108
SpecifiedDemandProfile,A_Calibrated_BAU,GLOBAL,,ELCBGDXX03,,,2027,S2D3,,,,,0.033108
SpecifiedDemandProfile,A_Calibrated_BAU,GLOBAL,,ELCBGDXX03,,,2028,S2D3,,,,,0.033108
SpecifiedDemandProfile,A_Calibrated_BAU,GLOBAL,,ELCBGDXX03,,,2029,S2D3,,,,,0.033108
SpecifiedDemandProfile,A_Calibrated_BAU,GLOBAL,,ELCBGDXX03,,,2030,S2D3,,,,,0.033108
SpecifiedDemandProfile,A_Calibrated_BAU,GLOBAL,,ELCBGDXX03,,,2031,S2D3,,,,,0.033108
SpecifiedDemandProfile,A_Calibrated_BAU,GLOBAL,,ELCBGDXX03,,,2032,S2D3,,,,,0.033108
SpecifiedDemandProfile,A_Calibrated_BAU,GLOBAL,,ELCBGDXX03,,,2033,S2D3,,,,,0.033108
SpecifiedDemandProfile,A_Calibrated_BAU,GLOBAL,,ELCBGDXX03,,,2034,S2D3,,,,,0.033108
SpecifiedDemandProfile,A_Calibrated_BAU,GLOBAL,,ELCBGDXX03,,,2035,S2D3,,,,,0.033108
SpecifiedDemandProfile,A_Calibrated_BAU,GLOBAL,,ELCBGDXX03,,,2036,S2D3,,,,,0.033108
SpecifiedDemandProfile,A_Calibrated_BAU,GLOBAL,,ELCBGDXX03,,,2037,S2D3,,,,,0.033108
SpecifiedDemandProfile,A_Calibrated_BAU,GLOBAL,,ELCBGDXX03,,,2038,S2D3,,,,,0.033108
SpecifiedDemandProfile,A_Calibrated_BAU,GLOBAL,,ELCBGDXX03,,,2039,S2D3,,,,,0.033108
SpecifiedDemandProfile,A_Calibrated_BAU,GLOBAL,,ELCBGDXX03,,,2040,S2D3,,,,,0.033108
SpecifiedDemandProfile,A_Calibrated_BAU,GLOBAL,,ELCBGDXX03,,,2041,S2D3,,,,,0.033108
SpecifiedDemandProfile,A_Calibrated_BAU,GLOBAL,,ELCBGDXX03,,,2042,S2D3,,,,,0.033108
SpecifiedDemandProfile,A_Calibrated_BAU,GLOBAL,,ELCBGDXX03,,,2043,S2D3,,,,,0.033108
SpecifiedDemandProfile,A_Calibrated_BAU,GLOBAL,,ELCBGDXX03,,,2044,S2D3,,,,,0.033108
SpecifiedDemandProfile,A_Calibrated_BAU,GLOBAL,,ELCBGDXX03,,,2045,S2D3,,,,,0.033108
SpecifiedDemandProfile,A_Calibrated_BAU,GLOBAL,,ELCBGDXX03,,,2046,S2D3,,,,,0.033108
SpecifiedDemandProfile,A_Calibrated_BAU,GLOBAL,,ELCBGDXX03,,,2047,S2D3,,,,,0.033108
SpecifiedDemandProfile,A_Calibrated_BAU,GLOBAL,,ELCBGDXX03,,,2048,S2D3,,,,,0.033108
SpecifiedDemandProfile,A_Calibrated_BAU,GLOBAL,,ELCBGDXX03,,,2049,S2D3,,,,,0.033108
SpecifiedDemandProfile,A_Calibrated_BAU,GLOBAL,,ELCBGDXX03,,,2050,S2D3,,,,,0.033108
SpecifiedDemandProfile,A_Calibrated_BAU,GLOBAL,,ELCBGDXX03,,,2023,S2D4,,,,,0.02353
SpecifiedDemandProfile,A_Calibrated_BAU,GLOBAL,,ELCBGDXX03,,,2024,S2D4,,,,,0.02353
SpecifiedDemandProfile,A_Calibrated_BAU,GLOBAL,,ELCBGDXX03,,,2025,S2D4,,,,,0.02353
SpecifiedDemandProfile,A_Calibrated_BAU,GLOBAL,,ELCBGDXX03,,,2026,S2D4,,,,,0.02353
SpecifiedDemandProfile,A_Calibrated_BAU,GLOBAL,,ELCBGDXX03,,,2027,S2D4,,,,,0.02353
SpecifiedDemandProfile,A_Calibrated_BAU,GLOBAL,,ELCBGDXX03,,,2028,S2D4,,,,,0.02353
SpecifiedDemandProfile,A_Calibrated_BAU,GLOBAL,,ELCBGDXX03,,,2029,S2D4,,,,,0.02353
SpecifiedDemandProfile,A_Calibrated_BAU,GLOBAL,,ELCBGDXX03,,,2030,S2D4,,,,,0.02353
SpecifiedDemandProfile,A_Calibrated_BAU,GLOBAL,,ELCBGDXX03,,,2031,S2D4,,,,,0.02353
SpecifiedDemandProfile,A_Calibrated_BAU,GLOBAL,,ELCBGDXX03,,,2032,S2D4,,,,,0.02353
SpecifiedDemandProfile,A_Calibrated_BAU,GLOBAL,,ELCBGDXX03,,,2033,S2D4,,,,,0.02353
SpecifiedDemandProfile,A_Calibrated_BAU,GLOBAL,,ELCBGDXX03,,,2034,S2D4,,,,,0.02353
SpecifiedDemandProfile,A_Calibrated_BAU,GLOBAL,,ELCBGDXX03,,,2035,S2D4,,,,,0.02353
SpecifiedDemandProfile,A_Calibrated_BAU,GLOBAL,,ELCBGDXX03,,,2036,S2D4,,,,,0.02353
SpecifiedDemandProfile,A_Calibrated_BAU,GLOBAL,,ELCBGDXX03,,,2037,S2D4,,,,,0.02353
SpecifiedDemandProfile,A_Calibrated_BAU,GLOBAL,,ELCBGDXX03,,,2038,S2D4,,,,,0.02353
SpecifiedDemandProfile,A_Calibrated_BAU,GLOBAL,,ELCBGDXX03,,,2039,S2D4,,,,,0.02353
SpecifiedDemandProfile,A_Calibrated_BAU,GLOBAL,,ELCBGDXX03,,,2040,S2D4,,,,,0.02353
SpecifiedDemandProfile,A_Calibrated_BAU,GLOBAL,,ELCBGDXX03,,,2041,S2D4,,,,,0.02353
SpecifiedDemandProfile,A_Calibrated_BAU,GLOBAL,,ELCBGDXX03,,,2042,S2D4,,,,,0.02353
SpecifiedDemandProfile,A_Calibrated_BAU,GLOBAL,,ELCBGDXX03,,,2043,S2D4,,,,,0.02353
SpecifiedDemandProfile,A_Calibrated_BAU,GLOBAL,,ELCBGDXX03,,,2044,S2D4,,,,,0.02353
SpecifiedDemandProfile,A_Calibrated_BAU,GLOBAL,,ELCBGDXX03,,,2045,S2D4,,,,,0.02353
SpecifiedDemandProfile,A_Calibrated_BAU,GLOBAL,,ELCBGDXX03,,,2046,S2D4,,,,,0.02353
SpecifiedDemandProfile,A_Calibrated_BAU,GLOBAL,,ELCBGDXX03,,,2047,S2D4,,,,,0.02353
SpecifiedDemandProfile,A_Calibrated_BAU,GLOBAL,,ELCBGDXX03,,,2048,S2D4,,,,,0.02353
SpecifiedDemandProfile,A_Calibrated_BAU,GLOBAL,,ELCBGDXX03,,,2049,S2D4,,,,,0.02353
SpecifiedDemandProfile,A_Calibrated_BAU,GLOBAL,,ELCBGDXX03,,,2050,S2D4,,,,,0.02353
SpecifiedDemandProfile,A_Calibrated_BAU,GLOBAL,,ELCBGDXX03,,,2023,S2D5,,,,,0.020671
SpecifiedDemandProfile,A_Calibrated_BAU,GLOBAL,,ELCBGDXX03,,,2024,S2D5,,,,,0.020671
SpecifiedDemandProfile,A_Calibrated_BAU,GLOBAL,,ELCBGDXX03,,,2025,S2D5,,,,,0.020671
SpecifiedDemandProfile,A_Calibrated_BAU,GLOBAL,,ELCBGDXX03,,,2026,S2D5,,,,,0.020671
SpecifiedDemandProfile,A_Calibrated_BAU,GLOBAL,,ELCBGDXX03,,,2027,S2D5,,,,,0.020671
SpecifiedDemandProfile,A_Calibrated_BAU,GLOBAL,,ELCBGDXX03,,,2028,S2D5,,,,,0.020671
SpecifiedDemandProfile,A_Calibrated_BAU,GLOBAL,,ELCBGDXX03,,,2029,S2D5,,,,,0.020671
SpecifiedDemandProfile,A_Calibrated_BAU,GLOBAL,,ELCBGDXX03,,,2030,S2D5,,,,,0.020671
SpecifiedDemandProfile,A_Calibrated_BAU,GLOBAL,,ELCBGDXX03,,,2031,S2D5,,,,,0.020671
SpecifiedDemandProfile,A_Calibrated_BAU,GLOBAL,,ELCBGDXX03,,,2032,S2D5,,,,,0.020671
SpecifiedDemandProfile,A_Calibrated_BAU,GLOBAL,,ELCBGDXX03,,,2033,S2D5,,,,,0.020671
SpecifiedDemandProfile,A_Calibrated_BAU,GLOBAL,,ELCBGDXX03,,,2034,S2D5,,,,,0.020671
SpecifiedDemandProfile,A_Calibrated_BAU,GLOBAL,,ELCBGDXX03,,,2035,S2D5,,,,,0.020671
SpecifiedDemandProfile,A_Calibrated_BAU,GLOBAL,,ELCBGDXX03,,,2036,S2D5,,,,,0.020671
SpecifiedDemandProfile,A_Calibrated_BAU,GLOBAL,,ELCBGDXX03,,,2037,S2D5,,,,,0.020671
SpecifiedDemandProfile,A_Calibrated_BAU,GLOBAL,,ELCBGDXX03,,,2038,S2D5,,,,,0.020671
SpecifiedDemandProfile,A_Calibrated_BAU,GLOBAL,,ELCBGDXX03,,,2039,S2D5,,,,,0.020671
SpecifiedDemandProfile,A_Calibrated_BAU,GLOBAL,,ELCBGDXX03,,,2040,S2D5,,,,,0.020671
SpecifiedDemandProfile,A_Calibrated_BAU,GLOBAL,,ELCBGDXX03,,,2041,S2D5,,,,,0.020671
SpecifiedDemandProfile,A_Calibrated_BAU,GLOBAL,,ELCBGDXX03,,,2042,S2D5,,,,,0.020671
SpecifiedDemandProfile,A_Calibrated_BAU,GLOBAL,,ELCBGDXX03,,,2043,S2D5,,,,,0.020671
SpecifiedDemandProfile,A_Calibrated_BAU,GLOBAL,,ELCBGDXX03,,,2044,S2D5,,,,,0.020671
SpecifiedDemandProfile,A_Calibrated_BAU,GLOBAL,,ELCBGDXX03,,,2045,S2D5,,,,,0.020671
SpecifiedDemandProfile,A_Calibrated_BAU,GLOBAL,,ELCBGDXX03,,,2046,S2D5,,,,,0.020671
SpecifiedDemandProfile,A_Calibrated_BAU,GLOBAL,,ELCBGDXX03,,,2047,S2D5,,,,,0.020671
SpecifiedDemandProfile,A_Calibrated_BAU,GLOBAL,,ELCBGDXX03,,,2048,S2D5,,,,,0.020671
SpecifiedDemandProfile,A_Calibrated_BAU,GLOBAL,,ELCBGDXX03,,,2049,S2D5,,,,,0.020671
SpecifiedDemandProfile,A_Calibrated_BAU,GLOBAL,,ELCBGDXX03,,,2050,S2D5,,,,,0.020671
SpecifiedDemandProfile,A_Calibrated_BAU,GLOBAL,,ELCBGDXX03,,,2023,S3D1,,,,,0.094008
SpecifiedDemandProfile,A_Calibrated_BAU,GLOBAL,,ELCBGDXX03,,,2024,S3D1,,,,,0.094008
SpecifiedDemandProfile,A_Calibrated_BAU,GLOBAL,,ELCBGDXX03,,,2025,S3D1,,,,,0.094008
SpecifiedDemandProfile,A_Calibrated_BAU,GLOBAL,,ELCBGDXX03,,,2026,S3D1,,,,,0.094008
SpecifiedDemandProfile,A_Calibrated_BAU,GLOBAL,,ELCBGDXX03,,,2027,S3D1,,,,,0.094008
SpecifiedDemandProfile,A_Calibrated_BAU,GLOBAL,,ELCBGDXX03,,,2028,S3D1,,,,,0.094008
SpecifiedDemandProfile,A_Calibrated_BAU,GLOBAL,,ELCBGDXX03,,,2029,S3D1,,,,,0.094008
SpecifiedDemandProfile,A_Calibrated_BAU,GLOBAL,,ELCBGDXX03,,,2030,S3D1,,,,,0.094008
SpecifiedDemandProfile,A_Calibrated_BAU,GLOBAL,,ELCBGDXX03,,,2031,S3D1,,,,,0.094008
SpecifiedDemandProfile,A_Calibrated_BAU,GLOBAL,,ELCBGDXX03,,,2032,S3D1,,,,,0.094008
SpecifiedDemandProfile,A_Calibrated_BAU,GLOBAL,,ELCBGDXX03,,,2033,S3D1,,,,,0.094008
SpecifiedDemandProfile,A_Calibrated_BAU,GLOBAL,,ELCBGDXX03,,,2034,S3D1,,,,,0.094008
SpecifiedDemandProfile,A_Calibrated_BAU,GLOBAL,,ELCBGDXX03,,,2035,S3D1,,,,,0.094008
SpecifiedDemandProfile,A_Calibrated_BAU,GLOBAL,,ELCBGDXX03,,,2036,S3D1,,,,,0.094008
SpecifiedDemandProfile,A_Calibrated_BAU,GLOBAL,,ELCBGDXX03,,,2037,S3D1,,,,,0.094008
SpecifiedDemandProfile,A_Calibrated_BAU,GLOBAL,,ELCBGDXX03,,,2038,S3D1,,,,,0.094008
SpecifiedDemandProfile,A_Calibrated_BAU,GLOBAL,,ELCBGDXX03,,,2039,S3D1,,,,,0.094008
SpecifiedDemandProfile,A_Calibrated_BAU,GLOBAL,,ELCBGDXX03,,,2040,S3D1,,,,,0.094008
SpecifiedDemandProfile,A_Calibrated_BAU,GLOBAL,,ELCBGDXX03,,,2041,S3D1,,,,,0.094008
SpecifiedDemandProfile,A_Calibrated_BAU,GLOBAL,,ELCBGDXX03,,,2042,S3D1,,,,,0.094008
SpecifiedDemandProfile,A_Calibrated_BAU,GLOBAL,,ELCBGDXX03,,,2043,S3D1,,,,,0.094008
SpecifiedDemandProfile,A_Calibrated_BAU,GLOBAL,,ELCBGDXX03,,,2044,S3D1,,,,,0.094008
SpecifiedDemandProfile,A_Calibrated_BAU,GLOBAL,,ELCBGDXX03,,,2045,S3D1,,,,,0.094008
SpecifiedDemandProfile,A_Calibrated_BAU,GLOBAL,,ELCBGDXX03,,,2046,S3D1,,,,,0.094008
SpecifiedDemandProfile,A_Calibrated_BAU,GLOBAL,,ELCBGDXX03,,,2047,S3D1,,,,,0.094008
SpecifiedDemandProfile,A_Calibrated_BAU,GLOBAL,,ELCBGDXX03,,,2048,S3D1,,,,,0.094008
SpecifiedDemandProfile,A_Calibrated_BAU,GLOBAL,,ELCBGDXX03,,,2049,S3D1,,,,,0.094008
SpecifiedDemandProfile,A_Calibrated_BAU,GLOBAL,,ELCBGDXX03,,,2050,S3D1,,,,,0.094008
SpecifiedDemandProfile,A_Calibrated_BAU,GLOBAL,,ELCBGDXX03,,,2023,S3D2,,,,,0.155291
SpecifiedDemandProfile,A_Calibrated_BAU,GLOBAL,,ELCBGDXX03,,,2024,S3D2,,,,,0.155291
SpecifiedDemandProfile,A_Calibrated_BAU,GLOBAL,,ELCBGDXX03,,,2025,S3D2,,,,,0.155291
SpecifiedDemandProfile,A_Calibrated_BAU,GLOBAL,,ELCBGDXX03,,,2026,S3D2,,,,,0.155291
SpecifiedDemandProfile,A_Calibrated_BAU,GLOBAL,,ELCBGDXX03,,,2027,S3D2,,,,,0.155291
SpecifiedDemandProfile,A_Calibrated_BAU,GLOBAL,,ELCBGDXX03,,,2028,S3D2,,,,,0.155291
SpecifiedDemandProfile,A_Calibrated_BAU,GLOBAL,,ELCBGDXX03,,,2029,S3D2,,,,,0.155291
SpecifiedDemandProfile,A_Calibrated_BAU,GLOBAL,,ELCBGDXX03,,,2030,S3D2,,,,,0.155291
SpecifiedDemandProfile,A_Calibrated_BAU,GLOBAL,,ELCBGDXX03,,,2031,S3D2,,,,,0.155291
SpecifiedDemandProfile,A_Calibrated_BAU,GLOBAL,,ELCBGDXX03,,,2032,S3D2,,,,,0.155291
SpecifiedDemandProfile,A_Calibrated_BAU,GLOBAL,,ELCBGDXX03,,,2033,S3D2,,,,,0.155291
SpecifiedDemandProfile,A_Calibrated_BAU,GLOBAL,,ELCBGDXX03,,,2034,S3D2,,,,,0.155291
SpecifiedDemandProfile,A_Calibrated_BAU,GLOBAL,,ELCBGDXX03,,,2035,S3D2,,,,,0.155291
SpecifiedDemandProfile,A_Calibrated_BAU,GLOBAL,,ELCBGDXX03,,,2036,S3D2,,,,,0.155291
SpecifiedDemandProfile,A_Calibrated_BAU,GLOBAL,,ELCBGDXX03,,,2037,S3D2,,,,,0.155291
SpecifiedDemandProfile,A_Calibrated_BAU,GLOBAL,,ELCBGDXX03,,,2038,S3D2,,,,,0.155291
SpecifiedDemandProfile,A_Calibrated_BAU,GLOBAL,,ELCBGDXX03,,,2039,S3D2,,,,,0.155291
SpecifiedDemandProfile,A_Calibrated_BAU,GLOBAL,,ELCBGDXX03,,,2040,S3D2,,,,,0.155291
SpecifiedDemandProfile,A_Calibrated_BAU,GLOBAL,,ELCBGDXX03,,,2041,S3D2,,,,,0.155291
SpecifiedDemandProfile,A_Calibrated_BAU,GLOBAL,,ELCBGDXX03,,,2042,S3D2,,,,,0.155291
SpecifiedDemandProfile,A_Calibrated_BAU,GLOBAL,,ELCBGDXX03,,,2043,S3D2,,,,,0.155291
SpecifiedDemandProfile,A_Calibrated_BAU,GLOBAL,,ELCBGDXX03,,,2044,S3D2,,,,,0.155291
SpecifiedDemandProfile,A_Calibrated_BAU,GLOBAL,,ELCBGDXX03,,,2045,S3D2,,,,,0.155291
SpecifiedDemandProfile,A_Calibrated_BAU,GLOBAL,,ELCBGDXX03,,,2046,S3D2,,,,,0.155291
SpecifiedDemandProfile,A_Calibrated_BAU,GLOBAL,,ELCBGDXX03,,,2047,S3D2,,,,,0.155291
SpecifiedDemandProfile,A_Calibrated_BAU,GLOBAL,,ELCBGDXX03,,,2048,S3D2,,,,,0.155291
SpecifiedDemandProfile,A_Calibrated_BAU,GLOBAL,,ELCBGDXX03,,,2049,S3D2,,,,,0.155291
SpecifiedDemandProfile,A_Calibrated_BAU,GLOBAL,,ELCBGDXX03,,,2050,S3D2,,,,,0.155291
SpecifiedDemandProfile,A_Calibrated_BAU,GLOBAL,,ELCBGDXX03,,,2023,S3D3,,,,,0.044522
SpecifiedDemandProfile,A_Calibrated_BAU,GLOBAL,,ELCBGDXX03,,,2024,S3D3,,,,,0.044522
SpecifiedDemandProfile,A_Calibrated_BAU,GLOBAL,,ELCBGDXX03,,,2025,S3D3,,,,,0.044522
SpecifiedDemandProfile,A_Calibrated_BAU,GLOBAL,,ELCBGDXX03,,,2026,S3D3,,,,,0.044522
SpecifiedDemandProfile,A_Calibrated_BAU,GLOBAL,,ELCBGDXX03,,,2027,S3D3,,,,,0.044522
SpecifiedDemandProfile,A_Calibrated_BAU,GLOBAL,,ELCBGDXX03,,,2028,S3D3,,,,,0.044522
SpecifiedDemandProfile,A_Calibrated_BAU,GLOBAL,,ELCBGDXX03,,,2029,S3D3,,,,,0.044522
SpecifiedDemandProfile,A_Calibrated_BAU,GLOBAL,,ELCBGDXX03,,,2030,S3D3,,,,,0.044522
SpecifiedDemandProfile,A_Calibrated_BAU,GLOBAL,,ELCBGDXX03,,,2031,S3D3,,,,,0.044522
SpecifiedDemandProfile,A_Calibrated_BAU,GLOBAL,,ELCBGDXX03,,,2032,S3D3,,,,,0.044522
SpecifiedDemandProfile,A_Calibrated_BAU,GLOBAL,,ELCBGDXX03,,,2033,S3D3,,,,,0.044522
SpecifiedDemandProfile,A_Calibrated_BAU,GLOBAL,,ELCBGDXX03,,,2034,S3D3,,,,,0.044522
SpecifiedDemandProfile,A_Calibrated_BAU,GLOBAL,,ELCBGDXX03,,,2035,S3D3,,,,,0.044522
SpecifiedDemandProfile,A_Calibrated_BAU,GLOBAL,,ELCBGDXX03,,,2036,S3D3,,,,,0.044522
SpecifiedDemandProfile,A_Calibrated_BAU,GLOBAL,,ELCBGDXX03,,,2037,S3D3,,,,,0.044522
SpecifiedDemandProfile,A_Calibrated_BAU,GLOBAL,,ELCBGDXX03,,,2038,S3D3,,,,,0.044522
SpecifiedDemandProfile,A_Calibrated_BAU,GLOBAL,,ELCBGDXX03,,,2039,S3D3,,,,,0.044522
SpecifiedDemandProfile,A_Calibrated_BAU,GLOBAL,,ELCBGDXX03,,,2040,S3D3,,,,,0.044522
SpecifiedDemandProfile,A_Calibrated_BAU,GLOBAL,,ELCBGDXX03,,,2041,S3D3,,,,,0.044522
SpecifiedDemandProfile,A_Calibrated_BAU,GLOBAL,,ELCBGDXX03,,,2042,S3D3,,,,,0.044522
SpecifiedDemandProfile,A_Calibrated_BAU,GLOBAL,,ELCBGDXX03,,,2043,S3D3,,,,,0.044522
SpecifiedDemandProfile,A_Calibrated_BAU,GLOBAL,,ELCBGDXX03,,,2044,S3D3,,,,,0.044522
SpecifiedDemandProfile,A_Calibrated_BAU,GLOBAL,,ELCBGDXX03,,,2045,S3D3,,,,,0.044522
SpecifiedDemandProfile,A_Calibrated_BAU,GLOBAL,,ELCBGDXX03,,,2046,S3D3,,,,,0.044522
SpecifiedDemandProfile,A_Calibrated_BAU,GLOBAL,,ELCBGDXX03,,,2047,S3D3,,,,,0.044522
SpecifiedDemandProfile,A_Calibrated_BAU,GLOBAL,,ELCBGDXX03,,,2048,S3D3,,,,,0.044522
SpecifiedDemandProfile,A_Calibrated_BAU,GLOBAL,,ELCBGDXX03,,,2049,S3D3,,,,,0.044522
SpecifiedDemandProfile,A_Calibrated_BAU,GLOBAL,,ELCBGDXX03,,,2050,S3D3,,,,,0.044522
SpecifiedDemandProfile,A_Calibrated_BAU,GLOBAL,,ELCBGDXX03,,,2023,S3D4,,,,,0.032875
SpecifiedDemandProfile,A_Calibrated_BAU,GLOBAL,,ELCBGDXX03,,,2024,S3D4,,,,,0.032875
SpecifiedDemandProfile,A_Calibrated_BAU,GLOBAL,,ELCBGDXX03,,,2025,S3D4,,,,,0.032875
SpecifiedDemandProfile,A_Calibrated_BAU,GLOBAL,,ELCBGDXX03,,,2026,S3D4,,,,,0.032875
SpecifiedDemandProfile,A_Calibrated_BAU,GLOBAL,,ELCBGDXX03,,,2027,S3D4,,,,,0.032875
SpecifiedDemandProfile,A_Calibrated_BAU,GLOBAL,,ELCBGDXX03,,,2028,S3D4,,,,,0.032875
SpecifiedDemandProfile,A_Calibrated_BAU,GLOBAL,,ELCBGDXX03,,,2029,S3D4,,,,,0.032875
SpecifiedDemandProfile,A_Calibrated_BAU,GLOBAL,,ELCBGDXX03,,,2030,S3D4,,,,,0.032875
SpecifiedDemandProfile,A_Calibrated_BAU,GLOBAL,,ELCBGDXX03,,,2031,S3D4,,,,,0.032875
SpecifiedDemandProfile,A_Calibrated_BAU,GLOBAL,,ELCBGDXX03,,,2032,S3D4,,,,,0.032875
SpecifiedDemandProfile,A_Calibrated_BAU,GLOBAL,,ELCBGDXX03,,,2033,S3D4,,,,,0.032875
SpecifiedDemandProfile,A_Calibrated_BAU,GLOBAL,,ELCBGDXX03,,,2034,S3D4,,,,,0.032875
SpecifiedDemandProfile,A_Calibrated_BAU,GLOBAL,,ELCBGDXX03,,,2035,S3D4,,,,,0.032875
SpecifiedDemandProfile,A_Calibrated_BAU,GLOBAL,,ELCBGDXX03,,,2036,S3D4,,,,,0.032875
SpecifiedDemandProfile,A_Calibrated_BAU,GLOBAL,,ELCBGDXX03,,,2037,S3D4,,,,,0.032875
SpecifiedDemandProfile,A_Calibrated_BAU,GLOBAL,,ELCBGDXX03,,,2038,S3D4,,,,,0.032875
SpecifiedDemandProfile,A_Calibrated_BAU,GLOBAL,,ELCBGDXX03,,,2039,S3D4,,,,,0.032875
SpecifiedDemandProfile,A_Calibrated_BAU,GLOBAL,,ELCBGDXX03,,,2040,S3D4,,,,,0.032875
SpecifiedDemandProfile,A_Calibrated_BAU,GLOBAL,,ELCBGDXX03,,,2041,S3D4,,,,,0.032875
SpecifiedDemandProfile,A_Calibrated_BAU,GLOBAL,,ELCBGDXX03,,,2042,S3D4,,,,,0.032875
SpecifiedDemandProfile,A_Calibrated_BAU,GLOBAL,,ELCBGDXX03,,,2043,S3D4,,,,,0.032875
SpecifiedDemandProfile,A_Calibrated_BAU,GLOBAL,,ELCBGDXX03,,,2044,S3D4,,,,,0.032875
SpecifiedDemandProfile,A_Calibrated_BAU,GLOBAL,,ELCBGDXX03,,,2045,S3D4,,,,,0.032875
SpecifiedDemandProfile,A_Calibrated_BAU,GLOBAL,,ELCBGDXX03,,,2046,S3D4,,,,,0.032875
SpecifiedDemandProfile,A_Calibrated_BAU,GLOBAL,,ELCBGDXX03,,,2047,S3D4,,,,,0.032875
SpecifiedDemandProfile,A_Calibrated_BAU,GLOBAL,,ELCBGDXX03,,,2048,S3D4,,,,,0.032875
SpecifiedDemandProfile,A_Calibrated_BAU,GLOBAL,,ELCBGDXX03,,,2049,S3D4,,,,,0.032875
SpecifiedDemandProfile,A_Calibrated_BAU,GLOBAL,,ELCBGDXX03,,,2050,S3D4,,,,,0.032875
SpecifiedDemandProfile,A_Calibrated_BAU,GLOBAL,,ELCBGDXX03,,,2023,S3D5,,,,,0.029713
SpecifiedDemandProfile,A_Calibrated_BAU,GLOBAL,,ELCBGDXX03,,,2024,S3D5,,,,,0.029713
SpecifiedDemandProfile,A_Calibrated_BAU,GLOBAL,,ELCBGDXX03,,,2025,S3D5,,,,,0.029713
SpecifiedDemandProfile,A_Calibrated_BAU,GLOBAL,,ELCBGDXX03,,,2026,S3D5,,,,,0.029713
SpecifiedDemandProfile,A_Calibrated_BAU,GLOBAL,,ELCBGDXX03,,,2027,S3D5,,,,,0.029713
SpecifiedDemandProfile,A_Calibrated_BAU,GLOBAL,,ELCBGDXX03,,,2028,S3D5,,,,,0.029713
SpecifiedDemandProfile,A_Calibrated_BAU,GLOBAL,,ELCBGDXX03,,,2029,S3D5,,,,,0.029713
SpecifiedDemandProfile,A_Calibrated_BAU,GLOBAL,,ELCBGDXX03,,,2030,S3D5,,,,,0.029713
SpecifiedDemandProfile,A_Calibrated_BAU,GLOBAL,,ELCBGDXX03,,,2031,S3D5,,,,,0.029713
SpecifiedDemandProfile,A_Calibrated_BAU,GLOBAL,,ELCBGDXX03,,,2032,S3D5,,,,,0.029713
SpecifiedDemandProfile,A_Calibrated_BAU,GLOBAL,,ELCBGDXX03,,,2033,S3D5,,,,,0.029713
SpecifiedDemandProfile,A_Calibrated_BAU,GLOBAL,,ELCBGDXX03,,,2034,S3D5,,,,,0.029713
SpecifiedDemandProfile,A_Calibrated_BAU,GLOBAL,,ELCBGDXX03,,,2035,S3D5,,,,,0.029713
SpecifiedDemandProfile,A_Calibrated_BAU,GLOBAL,,ELCBGDXX03,,,2036,S3D5,,,,,0.029713
SpecifiedDemandProfile,A_Calibrated_BAU,GLOBAL,,ELCBGDXX03,,,2037,S3D5,,,,,0.029713
SpecifiedDemandProfile,A_Calibrated_BAU,GLOBAL,,ELCBGDXX03,,,2038,S3D5,,,,,0.029713
SpecifiedDemandProfile,A_Calibrated_BAU,GLOBAL,,ELCBGDXX03,,,2039,S3D5,,,,,0.029713
SpecifiedDemandProfile,A_Calibrated_BAU,GLOBAL,,ELCBGDXX03,,,2040,S3D5,,,,,0.029713
SpecifiedDemandProfile,A_Calibrated_BAU,GLOBAL,,ELCBGDXX03,,,2041,S3D5,,,,,0.029713
SpecifiedDemandProfile,A_Calibrated_BAU,GLOBAL,,ELCBGDXX03,,,2042,S3D5,,,,,0.029713
SpecifiedDemandProfile,A_Calibrated_BAU,GLOBAL,,ELCBGDXX03,,,2043,S3D5,,,,,0.029713
SpecifiedDemandProfile,A_Calibrated_BAU,GLOBAL,,ELCBGDXX03,,,2044,S3D5,,,,,0.029713
SpecifiedDemandProfile,A_Calibrated_BAU,GLOBAL,,ELCBGDXX03,,,2045,S3D5,,,,,0.029713
SpecifiedDemandProfile,A_Calibrated_BAU,GLOBAL,,ELCBGDXX03,,,2046,S3D5,,,,,0.029713
SpecifiedDemandProfile,A_Calibrated_BAU,GLOBAL,,ELCBGDXX03,,,2047,S3D5,,,,,0.029713
SpecifiedDemandProfile,A_Calibrated_BAU,GLOBAL,,ELCBGDXX03,,,2048,S3D5,,,,,0.029713
SpecifiedDemandProfile,A_Calibrated_BAU,GLOBAL,,ELCBGDXX03,,,2049,S3D5,,,,,0.029713
SpecifiedDemandProfile,A_Calibrated_BAU,GLOBAL,,ELCBGDXX03,,,2050,S3D5,,,,,0.029713
SpecifiedDemandProfile,A_Calibrated_BAU,GLOBAL,,ELCBGDXX03,,,2023,S4D1,,,,,0.039096
SpecifiedDemandProfile,A_Calibrated_BAU,GLOBAL,,ELCBGDXX03,,,2024,S4D1,,,,,0.039096
SpecifiedDemandProfile,A_Calibrated_BAU,GLOBAL,,ELCBGDXX03,,,2025,S4D1,,,,,0.039096
SpecifiedDemandProfile,A_Calibrated_BAU,GLOBAL,,ELCBGDXX03,,,2026,S4D1,,,,,0.039096
SpecifiedDemandProfile,A_Calibrated_BAU,GLOBAL,,ELCBGDXX03,,,2027,S4D1,,,,,0.039096
SpecifiedDemandProfile,A_Calibrated_BAU,GLOBAL,,ELCBGDXX03,,,2028,S4D1,,,,,0.039096
SpecifiedDemandProfile,A_Calibrated_BAU,GLOBAL,,ELCBGDXX03,,,2029,S4D1,,,,,0.039096
SpecifiedDemandProfile,A_Calibrated_BAU,GLOBAL,,ELCBGDXX03,,,2030,S4D1,,,,,0.039096
SpecifiedDemandProfile,A_Calibrated_BAU,GLOBAL,,ELCBGDXX03,,,2031,S4D1,,,,,0.039096
SpecifiedDemandProfile,A_Calibrated_BAU,GLOBAL,,ELCBGDXX03,,,2032,S4D1,,,,,0.039096
SpecifiedDemandProfile,A_Calibrated_BAU,GLOBAL,,ELCBGDXX03,,,2033,S4D1,,,,,0.039096
SpecifiedDemandProfile,A_Calibrated_BAU,GLOBAL,,ELCBGDXX03,,,2034,S4D1,,,,,0.039096
SpecifiedDemandProfile,A_Calibrated_BAU,GLOBAL,,ELCBGDXX03,,,2035,S4D1,,,,,0.039096
SpecifiedDemandProfile,A_Calibrated_BAU,GLOBAL,,ELCBGDXX03,,,2036,S4D1,,,,,0.039096
SpecifiedDemandProfile,A_Calibrated_BAU,GLOBAL,,ELCBGDXX03,,,2037,S4D1,,,,,0.039096
SpecifiedDemandProfile,A_Calibrated_BAU,GLOBAL,,ELCBGDXX03,,,2038,S4D1,,,,,0.039096
SpecifiedDemandProfile,A_Calibrated_BAU,GLOBAL,,ELCBGDXX03,,,2039,S4D1,,,,,0.039096
SpecifiedDemandProfile,A_Calibrated_BAU,GLOBAL,,ELCBGDXX03,,,2040,S4D1,,,,,0.039096
SpecifiedDemandProfile,A_Calibrated_BAU,GLOBAL,,ELCBGDXX03,,,2041,S4D1,,,,,0.039096
SpecifiedDemandProfile,A_Calibrated_BAU,GLOBAL,,ELCBGDXX03,,,2042,S4D1,,,,,0.039096
SpecifiedDemandProfile,A_Calibrated_BAU,GLOBAL,,ELCBGDXX03,,,2043,S4D1,,,,,0.039096
SpecifiedDemandProfile,A_Calibrated_BAU,GLOBAL,,ELCBGDXX03,,,2044,S4D1,,,,,0.039096
SpecifiedDemandProfile,A_Calibrated_BAU,GLOBAL,,ELCBGDXX03,,,2045,S4D1,,,,,0.039096
SpecifiedDemandProfile,A_Calibrated_BAU,GLOBAL,,ELCBGDXX03,,,2046,S4D1,,,,,0.039096
SpecifiedDemandProfile,A_Calibrated_BAU,GLOBAL,,ELCBGDXX03,,,2047,S4D1,,,,,0.039096
SpecifiedDemandProfile,A_Calibrated_BAU,GLOBAL,,ELCBGDXX03,,,2048,S4D1,,,,,0.039096
SpecifiedDemandProfile,A_Calibrated_BAU,GLOBAL,,ELCBGDXX03,,,2049,S4D1,,,,,0.039096
SpecifiedDemandProfile,A_Calibrated_BAU,GLOBAL,,ELCBGDXX03,,,2050,S4D1,,,,,0.039096
SpecifiedDemandProfile,A_Calibrated_BAU,GLOBAL,,ELCBGDXX03,,,2023,S4D2,,,,,0.069449
SpecifiedDemandProfile,A_Calibrated_BAU,GLOBAL,,ELCBGDXX03,,,2024,S4D2,,,,,0.069449
SpecifiedDemandProfile,A_Calibrated_BAU,GLOBAL,,ELCBGDXX03,,,2025,S4D2,,,,,0.069449
SpecifiedDemandProfile,A_Calibrated_BAU,GLOBAL,,ELCBGDXX03,,,2026,S4D2,,,,,0.069449
SpecifiedDemandProfile,A_Calibrated_BAU,GLOBAL,,ELCBGDXX03,,,2027,S4D2,,,,,0.069449
SpecifiedDemandProfile,A_Calibrated_BAU,GLOBAL,,ELCBGDXX03,,,2028,S4D2,,,,,0.069449
SpecifiedDemandProfile,A_Calibrated_BAU,GLOBAL,,ELCBGDXX03,,,2029,S4D2,,,,,0.069449
SpecifiedDemandProfile,A_Calibrated_BAU,GLOBAL,,ELCBGDXX03,,,2030,S4D2,,,,,0.069449
SpecifiedDemandProfile,A_Calibrated_BAU,GLOBAL,,ELCBGDXX03,,,2031,S4D2,,,,,0.069449
SpecifiedDemandProfile,A_Calibrated_BAU,GLOBAL,,ELCBGDXX03,,,2032,S4D2,,,,,0.069449
SpecifiedDemandProfile,A_Calibrated_BAU,GLOBAL,,ELCBGDXX03,,,2033,S4D2,,,,,0.069449
SpecifiedDemandProfile,A_Calibrated_BAU,GLOBAL,,ELCBGDXX03,,,2034,S4D2,,,,,0.069449
SpecifiedDemandProfile,A_Calibrated_BAU,GLOBAL,,ELCBGDXX03,,,2035,S4D2,,,,,0.069449
SpecifiedDemandProfile,A_Calibrated_BAU,GLOBAL,,ELCBGDXX03,,,2036,S4D2,,,,,0.069449
SpecifiedDemandProfile,A_Calibrated_BAU,GLOBAL,,ELCBGDXX03,,,2037,S4D2,,,,,0.069449
SpecifiedDemandProfile,A_Calibrated_BAU,GLOBAL,,ELCBGDXX03,,,2038,S4D2,,,,,0.069449
SpecifiedDemandProfile,A_Calibrated_BAU,GLOBAL,,ELCBGDXX03,,,2039,S4D2,,,,,0.069449
SpecifiedDemandProfile,A_Calibrated_BAU,GLOBAL,,ELCBGDXX03,,,2040,S4D2,,,,,0.069449
SpecifiedDemandProfile,A_Calibrated_BAU,GLOBAL,,ELCBGDXX03,,,2041,S4D2,,,,,0.069449
SpecifiedDemandProfile,A_Calibrated_BAU,GLOBAL,,ELCBGDXX03,,,2042,S4D2,,,,,0.069449
SpecifiedDemandProfile,A_Calibrated_BAU,GLOBAL,,ELCBGDXX03,,,2043,S4D2,,,,,0.069449
SpecifiedDemandProfile,A_Calibrated_BAU,GLOBAL,,ELCBGDXX03,,,2044,S4D2,,,,,0.069449
SpecifiedDemandProfile,A_Calibrated_BAU,GLOBAL,,ELCBGDXX03,,,2045,S4D2,,,,,0.069449
SpecifiedDemandProfile,A_Calibrated_BAU,GLOBAL,,ELCBGDXX03,,,2046,S4D2,,,,,0.069449
SpecifiedDemandProfile,A_Calibrated_BAU,GLOBAL,,ELCBGDXX03,,,2047,S4D2,,,,,0.069449
SpecifiedDemandProfile,A_Calibrated_BAU,GLOBAL,,ELCBGDXX03,,,2048,S4D2,,,,,0.069449
SpecifiedDemandProfile,A_Calibrated_BAU,GLOBAL,,ELCBGDXX03,,,2049,S4D2,,,,,0.069449
SpecifiedDemandProfile,A_Calibrated_BAU,GLOBAL,,ELCBGDXX03,,,2050,S4D2,,,,,0.069449
SpecifiedDemandProfile,A_Calibrated_BAU,GLOBAL,,ELCBGDXX03,,,2023,S4D3,,,,,0.021398
SpecifiedDemandProfile,A_Calibrated_BAU,GLOBAL,,ELCBGDXX03,,,2024,S4D3,,,,,0.021398
SpecifiedDemandProfile,A_Calibrated_BAU,GLOBAL,,ELCBGDXX03,,,2025,S4D3,,,,,0.021398
SpecifiedDemandProfile,A_Calibrated_BAU,GLOBAL,,ELCBGDXX03,,,2026,S4D3,,,,,0.021398
SpecifiedDemandProfile,A_Calibrated_BAU,GLOBAL,,ELCBGDXX03,,,2027,S4D3,,,,,0.021398
SpecifiedDemandProfile,A_Calibrated_BAU,GLOBAL,,ELCBGDXX03,,,2028,S4D3,,,,,0.021398
SpecifiedDemandProfile,A_Calibrated_BAU,GLOBAL,,ELCBGDXX03,,,2029,S4D3,,,,,0.021398
SpecifiedDemandProfile,A_Calibrated_BAU,GLOBAL,,ELCBGDXX03,,,2030,S4D3,,,,,0.021398
SpecifiedDemandProfile,A_Calibrated_BAU,GLOBAL,,ELCBGDXX03,,,2031,S4D3,,,,,0.021398
SpecifiedDemandProfile,A_Calibrated_BAU,GLOBAL,,ELCBGDXX03,,,2032,S4D3,,,,,0.021398
SpecifiedDemandProfile,A_Calibrated_BAU,GLOBAL,,ELCBGDXX03,,,2033,S4D3,,,,,0.021398
SpecifiedDemandProfile,A_Calibrated_BAU,GLOBAL,,ELCBGDXX03,,,2034,S4D3,,,,,0.021398
SpecifiedDemandProfile,A_Calibrated_BAU,GLOBAL,,ELCBGDXX03,,,2035,S4D3,,,,,0.021398
SpecifiedDemandProfile,A_Calibrated_BAU,GLOBAL,,ELCBGDXX03,,,2036,S4D3,,,,,0.021398
SpecifiedDemandProfile,A_Calibrated_BAU,GLOBAL,,ELCBGDXX03,,,2037,S4D3,,,,,0.021398
SpecifiedDemandProfile,A_Calibrated_BAU,GLOBAL,,ELCBGDXX03,,,2038,S4D3,,,,,0.021398
SpecifiedDemandProfile,A_Calibrated_BAU,GLOBAL,,ELCBGDXX03,,,2039,S4D3,,,,,0.021398
SpecifiedDemandProfile,A_Calibrated_BAU,GLOBAL,,ELCBGDXX03,,,2040,S4D3,,,,,0.021398
SpecifiedDemandProfile,A_Calibrated_BAU,GLOBAL,,ELCBGDXX03,,,2041,S4D3,,,,,0.021398
SpecifiedDemandProfile,A_Calibrated_BAU,GLOBAL,,ELCBGDXX03,,,2042,S4D3,,,,,0.021398
SpecifiedDemandProfile,A_Calibrated_BAU,GLOBAL,,ELCBGDXX03,,,2043,S4D3,,,,,0.021398
SpecifiedDemandProfile,A_Calibrated_BAU,GLOBAL,,ELCBGDXX03,,,2044,S4D3,,,,,0.021398
SpecifiedDemandProfile,A_Calibrated_BAU,GLOBAL,,ELCBGDXX03,,,2045,S4D3,,,,,0.021398
SpecifiedDemandProfile,A_Calibrated_BAU,GLOBAL,,ELCBGDXX03,,,2046,S4D3,,,,,0.021398
SpecifiedDemandProfile,A_Calibrated_BAU,GLOBAL,,ELCBGDXX03,,,2047,S4D3,,,,,0.021398
SpecifiedDemandProfile,A_Calibrated_BAU,GLOBAL,,ELCBGDXX03,,,2048,S4D3,,,,,0.021398
SpecifiedDemandProfile,A_Calibrated_BAU,GLOBAL,,ELCBGDXX03,,,2049,S4D3,,,,,0.021398
SpecifiedDemandProfile,A_Calibrated_BAU,GLOBAL,,ELCBGDXX03,,,2050,S4D3,,,,,0.021398
SpecifiedDemandProfile,A_Calibrated_BAU,GLOBAL,,ELCBGDXX03,,,2023,S4D4,,,,,0.014459
SpecifiedDemandProfile,A_Calibrated_BAU,GLOBAL,,ELCBGDXX03,,,2024,S4D4,,,,,0.014459
SpecifiedDemandProfile,A_Calibrated_BAU,GLOBAL,,ELCBGDXX03,,,2025,S4D4,,,,,0.014459
SpecifiedDemandProfile,A_Calibrated_BAU,GLOBAL,,ELCBGDXX03,,,2026,S4D4,,,,,0.014459
SpecifiedDemandProfile,A_Calibrated_BAU,GLOBAL,,ELCBGDXX03,,,2027,S4D4,,,,,0.014459
SpecifiedDemandProfile,A_Calibrated_BAU,GLOBAL,,ELCBGDXX03,,,2028,S4D4,,,,,0.014459
SpecifiedDemandProfile,A_Calibrated_BAU,GLOBAL,,ELCBGDXX03,,,2029,S4D4,,,,,0.014459
SpecifiedDemandProfile,A_Calibrated_BAU,GLOBAL,,ELCBGDXX03,,,2030,S4D4,,,,,0.014459
SpecifiedDemandProfile,A_Calibrated_BAU,GLOBAL,,ELCBGDXX03,,,2031,S4D4,,,,,0.014459
SpecifiedDemandProfile,A_Calibrated_BAU,GLOBAL,,ELCBGDXX03,,,2032,S4D4,,,,,0.014459
SpecifiedDemandProfile,A_Calibrated_BAU,GLOBAL,,ELCBGDXX03,,,2033,S4D4,,,,,0.014459
SpecifiedDemandProfile,A_Calibrated_BAU,GLOBAL,,ELCBGDXX03,,,2034,S4D4,,,,,0.014459
SpecifiedDemandProfile,A_Calibrated_BAU,GLOBAL,,ELCBGDXX03,,,2035,S4D4,,,,,0.014459
SpecifiedDemandProfile,A_Calibrated_BAU,GLOBAL,,ELCBGDXX03,,,2036,S4D4,,,,,0.014459
SpecifiedDemandProfile,A_Calibrated_BAU,GLOBAL,,ELCBGDXX03,,,2037,S4D4,,,,,0.014459
SpecifiedDemandProfile,A_Calibrated_BAU,GLOBAL,,ELCBGDXX03,,,2038,S4D4,,,,,0.014459
SpecifiedDemandProfile,A_Calibrated_BAU,GLOBAL,,ELCBGDXX03,,,2039,S4D4,,,,,0.014459
SpecifiedDemandProfile,A_Calibrated_BAU,GLOBAL,,ELCBGDXX03,,,2040,S4D4,,,,,0.014459
SpecifiedDemandProfile,A_Calibrated_BAU,GLOBAL,,ELCBGDXX03,,,2041,S4D4,,,,,0.014459
SpecifiedDemandProfile,A_Calibrated_BAU,GLOBAL,,ELCBGDXX03,,,2042,S4D4,,,,,0.014459
SpecifiedDemandProfile,A_Calibrated_BAU,GLOBAL,,ELCBGDXX03,,,2043,S4D4,,,,,0.014459
SpecifiedDemandProfile,A_Calibrated_BAU,GLOBAL,,ELCBGDXX03,,,2044,S4D4,,,,,0.014459
SpecifiedDemandProfile,A_Calibrated_BAU,GLOBAL,,ELCBGDXX03,,,2045,S4D4,,,,,0.014459
SpecifiedDemandProfile,A_Calibrated_BAU,GLOBAL,,ELCBGDXX03,,,2046,S4D4,,,,,0.014459
SpecifiedDemandProfile,A_Calibrated_BAU,GLOBAL,,ELCBGDXX03,,,2047,S4D4,,,,,0.014459
SpecifiedDemandProfile,A_Calibrated_BAU,GLOBAL,,ELCBGDXX03,,,2048,S4D4,,,,,0.014459
SpecifiedDemandProfile,A_Calibrated_BAU,GLOBAL,,ELCBGDXX03,,,2049,S4D4,,,,,0.014459
SpecifiedDemandProfile,A_Calibrated_BAU,GLOBAL,,ELCBGDXX03,,,2050,S4D4,,,,,0.014459
SpecifiedDemandProfile,A_Calibrated_BAU,GLOBAL,,ELCBGDXX03,,,2023,S4D5,,,,,0.012663
SpecifiedDemandProfile,A_Calibrated_BAU,GLOBAL,,ELCBGDXX03,,,2024,S4D5,,,,,0.012663
SpecifiedDemandProfile,A_Calibrated_BAU,GLOBAL,,ELCBGDXX03,,,2025,S4D5,,,,,0.012663
SpecifiedDemandProfile,A_Calibrated_BAU,GLOBAL,,ELCBGDXX03,,,2026,S4D5,,,,,0.012663
SpecifiedDemandProfile,A_Calibrated_BAU,GLOBAL,,ELCBGDXX03,,,2027,S4D5,,,,,0.012663
SpecifiedDemandProfile,A_Calibrated_BAU,GLOBAL,,ELCBGDXX03,,,2028,S4D5,,,,,0.012663
SpecifiedDemandProfile,A_Calibrated_BAU,GLOBAL,,ELCBGDXX03,,,2029,S4D5,,,,,0.012663
SpecifiedDemandProfile,A_Calibrated_BAU,GLOBAL,,ELCBGDXX03,,,2030,S4D5,,,,,0.012663
SpecifiedDemandProfile,A_Calibrated_BAU,GLOBAL,,ELCBGDXX03,,,2031,S4D5,,,,,0.012663
SpecifiedDemandProfile,A_Calibrated_BAU,GLOBAL,,ELCBGDXX03,,,2032,S4D5,,,,,0.012663
SpecifiedDemandProfile,A_Calibrated_BAU,GLOBAL,,ELCBGDXX03,,,2033,S4D5,,,,,0.012663
SpecifiedDemandProfile,A_Calibrated_BAU,GLOBAL,,ELCBGDXX03,,,2034,S4D5,,,,,0.012663
SpecifiedDemandProfile,A_Calibrated_BAU,GLOBAL,,ELCBGDXX03,,,2035,S4D5,,,,,0.012663
SpecifiedDemandProfile,A_Calibrated_BAU,GLOBAL,,ELCBGDXX03,,,2036,S4D5,,,,,0.012663
SpecifiedDemandProfile,A_Calibrated_BAU,GLOBAL,,ELCBGDXX03,,,2037,S4D5,,,,,0.012663
SpecifiedDemandProfile,A_Calibrated_BAU,GLOBAL,,ELCBGDXX03,,,2038,S4D5,,,,,0.012663
SpecifiedDemandProfile,A_Calibrated_BAU,GLOBAL,,ELCBGDXX03,,,2039,S4D5,,,,,0.012663
SpecifiedDemandProfile,A_Calibrated_BAU,GLOBAL,,ELCBGDXX03,,,2040,S4D5,,,,,0.012663
SpecifiedDemandProfile,A_Calibrated_BAU,GLOBAL,,ELCBGDXX03,,,2041,S4D5,,,,,0.012663
SpecifiedDemandProfile,A_Calibrated_BAU,GLOBAL,,ELCBGDXX03,,,2042,S4D5,,,,,0.012663
SpecifiedDemandProfile,A_Calibrated_BAU,GLOBAL,,ELCBGDXX03,,,2043,S4D5,,,,,0.012663
SpecifiedDemandProfile,A_Calibrated_BAU,GLOBAL,,ELCBGDXX03,,,2044,S4D5,,,,,0.012663
SpecifiedDemandProfile,A_Calibrated_BAU,GLOBAL,,ELCBGDXX03,,,2045,S4D5,,,,,0.012663
SpecifiedDemandProfile,A_Calibrated_BAU,GLOBAL,,ELCBGDXX03,,,2046,S4D5,,,,,0.012663
SpecifiedDemandProfile,A_Calibrated_BAU,GLOBAL,,ELCBGDXX03,,,2047,S4D5,,,,,0.012663
SpecifiedDemandProfile,A_Calibrated_BAU,GLOBAL,,ELCBGDXX03,,,2048,S4D5,,,,,0.012663
SpecifiedDemandProfile,A_Calibrated_BAU,GLOBAL,,ELCBGDXX03,,,2049,S4D5,,,,,0.012663
SpecifiedDemandProfile,A_Calibrated_BAU,GLOBAL,,ELCBGDXX03,,,2050,S4D5,,,,,0.012663
SpecifiedDemandProfile,A_Calibrated_BAU,GLOBAL,,ELCBTNXX03,,,2023,S1D1,,,,,0.034928
SpecifiedDemandProfile,A_Calibrated_BAU,GLOBAL,,ELCBTNXX03,,,2024,S1D1,,,,,0.034928
SpecifiedDemandProfile,A_Calibrated_BAU,GLOBAL,,ELCBTNXX03,,,2025,S1D1,,,,,0.034928
SpecifiedDemandProfile,A_Calibrated_BAU,GLOBAL,,ELCBTNXX03,,,2026,S1D1,,,,,0.034928
SpecifiedDemandProfile,A_Calibrated_BAU,GLOBAL,,ELCBTNXX03,,,2027,S1D1,,,,,0.034928
SpecifiedDemandProfile,A_Calibrated_BAU,GLOBAL,,ELCBTNXX03,,,2028,S1D1,,,,,0.034928
SpecifiedDemandProfile,A_Calibrated_BAU,GLOBAL,,ELCBTNXX03,,,2029,S1D1,,,,,0.034928
SpecifiedDemandProfile,A_Calibrated_BAU,GLOBAL,,ELCBTNXX03,,,2030,S1D1,,,,,0.034928
SpecifiedDemandProfile,A_Calibrated_BAU,GLOBAL,,ELCBTNXX03,,,2031,S1D1,,,,,0.034928
SpecifiedDemandProfile,A_Calibrated_BAU,GLOBAL,,ELCBTNXX03,,,2032,S1D1,,,,,0.034928
SpecifiedDemandProfile,A_Calibrated_BAU,GLOBAL,,ELCBTNXX03,,,2033,S1D1,,,,,0.034928
SpecifiedDemandProfile,A_Calibrated_BAU,GLOBAL,,ELCBTNXX03,,,2034,S1D1,,,,,0.034928
SpecifiedDemandProfile,A_Calibrated_BAU,GLOBAL,,ELCBTNXX03,,,2035,S1D1,,,,,0.034928
SpecifiedDemandProfile,A_Calibrated_BAU,GLOBAL,,ELCBTNXX03,,,2036,S1D1,,,,,0.034928
SpecifiedDemandProfile,A_Calibrated_BAU,GLOBAL,,ELCBTNXX03,,,2037,S1D1,,,,,0.034928
SpecifiedDemandProfile,A_Calibrated_BAU,GLOBAL,,ELCBTNXX03,,,2038,S1D1,,,,,0.034928
SpecifiedDemandProfile,A_Calibrated_BAU,GLOBAL,,ELCBTNXX03,,,2039,S1D1,,,,,0.034928
SpecifiedDemandProfile,A_Calibrated_BAU,GLOBAL,,ELCBTNXX03,,,2040,S1D1,,,,,0.034928
SpecifiedDemandProfile,A_Calibrated_BAU,GLOBAL,,ELCBTNXX03,,,2041,S1D1,,,,,0.034928
SpecifiedDemandProfile,A_Calibrated_BAU,GLOBAL,,ELCBTNXX03,,,2042,S1D1,,,,,0.034928
SpecifiedDemandProfile,A_Calibrated_BAU,GLOBAL,,ELCBTNXX03,,,2043,S1D1,,,,,0.034928
SpecifiedDemandProfile,A_Calibrated_BAU,GLOBAL,,ELCBTNXX03,,,2044,S1D1,,,,,0.034928
SpecifiedDemandProfile,A_Calibrated_BAU,GLOBAL,,ELCBTNXX03,,,2045,S1D1,,,,,0.034928
SpecifiedDemandProfile,A_Calibrated_BAU,GLOBAL,,ELCBTNXX03,,,2046,S1D1,,,,,0.034928
SpecifiedDemandProfile,A_Calibrated_BAU,GLOBAL,,ELCBTNXX03,,,2047,S1D1,,,,,0.034928
SpecifiedDemandProfile,A_Calibrated_BAU,GLOBAL,,ELCBTNXX03,,,2048,S1D1,,,,,0.034928
SpecifiedDemandProfile,A_Calibrated_BAU,GLOBAL,,ELCBTNXX03,,,2049,S1D1,,,,,0.034928
SpecifiedDemandProfile,A_Calibrated_BAU,GLOBAL,,ELCBTNXX03,,,2050,S1D1,,,,,0.034928
SpecifiedDemandProfile,A_Calibrated_BAU,GLOBAL,,ELCBTNXX03,,,2023,S1D2,,,,,0.111319
SpecifiedDemandProfile,A_Calibrated_BAU,GLOBAL,,ELCBTNXX03,,,2024,S1D2,,,,,0.111319
SpecifiedDemandProfile,A_Calibrated_BAU,GLOBAL,,ELCBTNXX03,,,2025,S1D2,,,,,0.111319
SpecifiedDemandProfile,A_Calibrated_BAU,GLOBAL,,ELCBTNXX03,,,2026,S1D2,,,,,0.111319
SpecifiedDemandProfile,A_Calibrated_BAU,GLOBAL,,ELCBTNXX03,,,2027,S1D2,,,,,0.111319
SpecifiedDemandProfile,A_Calibrated_BAU,GLOBAL,,ELCBTNXX03,,,2028,S1D2,,,,,0.111319
SpecifiedDemandProfile,A_Calibrated_BAU,GLOBAL,,ELCBTNXX03,,,2029,S1D2,,,,,0.111319
SpecifiedDemandProfile,A_Calibrated_BAU,GLOBAL,,ELCBTNXX03,,,2030,S1D2,,,,,0.111319
SpecifiedDemandProfile,A_Calibrated_BAU,GLOBAL,,ELCBTNXX03,,,2031,S1D2,,,,,0.111319
SpecifiedDemandProfile,A_Calibrated_BAU,GLOBAL,,ELCBTNXX03,,,2032,S1D2,,,,,0.111319
SpecifiedDemandProfile,A_Calibrated_BAU,GLOBAL,,ELCBTNXX03,,,2033,S1D2,,,,,0.111319
SpecifiedDemandProfile,A_Calibrated_BAU,GLOBAL,,ELCBTNXX03,,,2034,S1D2,,,,,0.111319
SpecifiedDemandProfile,A_Calibrated_BAU,GLOBAL,,ELCBTNXX03,,,2035,S1D2,,,,,0.111319
SpecifiedDemandProfile,A_Calibrated_BAU,GLOBAL,,ELCBTNXX03,,,2036,S1D2,,,,,0.111319
SpecifiedDemandProfile,A_Calibrated_BAU,GLOBAL,,ELCBTNXX03,,,2037,S1D2,,,,,0.111319
SpecifiedDemandProfile,A_Calibrated_BAU,GLOBAL,,ELCBTNXX03,,,2038,S1D2,,,,,0.111319
SpecifiedDemandProfile,A_Calibrated_BAU,GLOBAL,,ELCBTNXX03,,,2039,S1D2,,,,,0.111319
SpecifiedDemandProfile,A_Calibrated_BAU,GLOBAL,,ELCBTNXX03,,,2040,S1D2,,,,,0.111319
SpecifiedDemandProfile,A_Calibrated_BAU,GLOBAL,,ELCBTNXX03,,,2041,S1D2,,,,,0.111319
SpecifiedDemandProfile,A_Calibrated_BAU,GLOBAL,,ELCBTNXX03,,,2042,S1D2,,,,,0.111319
SpecifiedDemandProfile,A_Calibrated_BAU,GLOBAL,,ELCBTNXX03,,,2043,S1D2,,,,,0.111319
SpecifiedDemandProfile,A_Calibrated_BAU,GLOBAL,,ELCBTNXX03,,,2044,S1D2,,,,,0.111319
SpecifiedDemandProfile,A_Calibrated_BAU,GLOBAL,,ELCBTNXX03,,,2045,S1D2,,,,,0.111319
SpecifiedDemandProfile,A_Calibrated_BAU,GLOBAL,,ELCBTNXX03,,,2046,S1D2,,,,,0.111319
SpecifiedDemandProfile,A_Calibrated_BAU,GLOBAL,,ELCBTNXX03,,,2047,S1D2,,,,,0.111319
SpecifiedDemandProfile,A_Calibrated_BAU,GLOBAL,,ELCBTNXX03,,,2048,S1D2,,,,,0.111319
SpecifiedDemandProfile,A_Calibrated_BAU,GLOBAL,,ELCBTNXX03,,,2049,S1D2,,,,,0.111319
SpecifiedDemandProfile,A_Calibrated_BAU,GLOBAL,,ELCBTNXX03,,,2050,S1D2,,,,,0.111319
SpecifiedDemandProfile,A_Calibrated_BAU,GLOBAL,,ELCBTNXX03,,,2023,S1D3,,,,,0.038136
SpecifiedDemandProfile,A_Calibrated_BAU,GLOBAL,,ELCBTNXX03,,,2024,S1D3,,,,,0.038136
SpecifiedDemandProfile,A_Calibrated_BAU,GLOBAL,,ELCBTNXX03,,,2025,S1D3,,,,,0.038136
SpecifiedDemandProfile,A_Calibrated_BAU,GLOBAL,,ELCBTNXX03,,,2026,S1D3,,,,,0.038136
SpecifiedDemandProfile,A_Calibrated_BAU,GLOBAL,,ELCBTNXX03,,,2027,S1D3,,,,,0.038136
SpecifiedDemandProfile,A_Calibrated_BAU,GLOBAL,,ELCBTNXX03,,,2028,S1D3,,,,,0.038136
SpecifiedDemandProfile,A_Calibrated_BAU,GLOBAL,,ELCBTNXX03,,,2029,S1D3,,,,,0.038136
SpecifiedDemandProfile,A_Calibrated_BAU,GLOBAL,,ELCBTNXX03,,,2030,S1D3,,,,,0.038136
SpecifiedDemandProfile,A_Calibrated_BAU,GLOBAL,,ELCBTNXX03,,,2031,S1D3,,,,,0.038136
SpecifiedDemandProfile,A_Calibrated_BAU,GLOBAL,,ELCBTNXX03,,,2032,S1D3,,,,,0.038136
SpecifiedDemandProfile,A_Calibrated_BAU,GLOBAL,,ELCBTNXX03,,,2033,S1D3,,,,,0.038136
SpecifiedDemandProfile,A_Calibrated_BAU,GLOBAL,,ELCBTNXX03,,,2034,S1D3,,,,,0.038136
SpecifiedDemandProfile,A_Calibrated_BAU,GLOBAL,,ELCBTNXX03,,,2035,S1D3,,,,,0.038136
SpecifiedDemandProfile,A_Calibrated_BAU,GLOBAL,,ELCBTNXX03,,,2036,S1D3,,,,,0.038136
SpecifiedDemandProfile,A_Calibrated_BAU,GLOBAL,,ELCBTNXX03,,,2037,S1D3,,,,,0.038136
SpecifiedDemandProfile,A_Calibrated_BAU,GLOBAL,,ELCBTNXX03,,,2038,S1D3,,,,,0.038136
SpecifiedDemandProfile,A_Calibrated_BAU,GLOBAL,,ELCBTNXX03,,,2039,S1D3,,,,,0.038136
SpecifiedDemandProfile,A_Calibrated_BAU,GLOBAL,,ELCBTNXX03,,,2040,S1D3,,,,,0.038136
SpecifiedDemandProfile,A_Calibrated_BAU,GLOBAL,,ELCBTNXX03,,,2041,S1D3,,,,,0.038136
SpecifiedDemandProfile,A_Calibrated_BAU,GLOBAL,,ELCBTNXX03,,,2042,S1D3,,,,,0.038136
SpecifiedDemandProfile,A_Calibrated_BAU,GLOBAL,,ELCBTNXX03,,,2043,S1D3,,,,,0.038136
SpecifiedDemandProfile,A_Calibrated_BAU,GLOBAL,,ELCBTNXX03,,,2044,S1D3,,,,,0.038136
SpecifiedDemandProfile,A_Calibrated_BAU,GLOBAL,,ELCBTNXX03,,,2045,S1D3,,,,,0.038136
SpecifiedDemandProfile,A_Calibrated_BAU,GLOBAL,,ELCBTNXX03,,,2046,S1D3,,,,,0.038136
SpecifiedDemandProfile,A_Calibrated_BAU,GLOBAL,,ELCBTNXX03,,,2047,S1D3,,,,,0.038136
SpecifiedDemandProfile,A_Calibrated_BAU,GLOBAL,,ELCBTNXX03,,,2048,S1D3,,,,,0.038136
SpecifiedDemandProfile,A_Calibrated_BAU,GLOBAL,,ELCBTNXX03,,,2049,S1D3,,,,,0.038136
SpecifiedDemandProfile,A_Calibrated_BAU,GLOBAL,,ELCBTNXX03,,,2050,S1D3,,,,,0.038136
SpecifiedDemandProfile,A_Calibrated_BAU,GLOBAL,,ELCBTNXX03,,,2023,S1D4,,,,,0.026347
SpecifiedDemandProfile,A_Calibrated_BAU,GLOBAL,,ELCBTNXX03,,,2024,S1D4,,,,,0.026347
SpecifiedDemandProfile,A_Calibrated_BAU,GLOBAL,,ELCBTNXX03,,,2025,S1D4,,,,,0.026347
SpecifiedDemandProfile,A_Calibrated_BAU,GLOBAL,,ELCBTNXX03,,,2026,S1D4,,,,,0.026347
SpecifiedDemandProfile,A_Calibrated_BAU,GLOBAL,,ELCBTNXX03,,,2027,S1D4,,,,,0.026347
SpecifiedDemandProfile,A_Calibrated_BAU,GLOBAL,,ELCBTNXX03,,,2028,S1D4,,,,,0.026347
SpecifiedDemandProfile,A_Calibrated_BAU,GLOBAL,,ELCBTNXX03,,,2029,S1D4,,,,,0.026347
SpecifiedDemandProfile,A_Calibrated_BAU,GLOBAL,,ELCBTNXX03,,,2030,S1D4,,,,,0.026347
SpecifiedDemandProfile,A_Calibrated_BAU,GLOBAL,,ELCBTNXX03,,,2031,S1D4,,,,,0.026347
SpecifiedDemandProfile,A_Calibrated_BAU,GLOBAL,,ELCBTNXX03,,,2032,S1D4,,,,,0.026347
SpecifiedDemandProfile,A_Calibrated_BAU,GLOBAL,,ELCBTNXX03,,,2033,S1D4,,,,,0.026347
SpecifiedDemandProfile,A_Calibrated_BAU,GLOBAL,,ELCBTNXX03,,,2034,S1D4,,,,,0.026347
SpecifiedDemandProfile,A_Calibrated_BAU,GLOBAL,,ELCBTNXX03,,,2035,S1D4,,,,,0.026347
SpecifiedDemandProfile,A_Calibrated_BAU,GLOBAL,,ELCBTNXX03,,,2036,S1D4,,,,,0.026347
SpecifiedDemandProfile,A_Calibrated_BAU,GLOBAL,,ELCBTNXX03,,,2037,S1D4,,,,,0.026347
SpecifiedDemandProfile,A_Calibrated_BAU,GLOBAL,,ELCBTNXX03,,,2038,S1D4,,,,,0.026347
SpecifiedDemandProfile,A_Calibrated_BAU,GLOBAL,,ELCBTNXX03,,,2039,S1D4,,,,,0.026347
SpecifiedDemandProfile,A_Calibrated_BAU,GLOBAL,,ELCBTNXX03,,,2040,S1D4,,,,,0.026347
SpecifiedDemandProfile,A_Calibrated_BAU,GLOBAL,,ELCBTNXX03,,,2041,S1D4,,,,,0.026347
SpecifiedDemandProfile,A_Calibrated_BAU,GLOBAL,,ELCBTNXX03,,,2042,S1D4,,,,,0.026347
SpecifiedDemandProfile,A_Calibrated_BAU,GLOBAL,,ELCBTNXX03,,,2043,S1D4,,,,,0.026347
SpecifiedDemandProfile,A_Calibrated_BAU,GLOBAL,,ELCBTNXX03,,,2044,S1D4,,,,,0.026347
SpecifiedDemandProfile,A_Calibrated_BAU,GLOBAL,,ELCBTNXX03,,,2045,S1D4,,,,,0.026347
SpecifiedDemandProfile,A_Calibrated_BAU,GLOBAL,,ELCBTNXX03,,,2046,S1D4,,,,,0.026347
SpecifiedDemandProfile,A_Calibrated_BAU,GLOBAL,,ELCBTNXX03,,,2047,S1D4,,,,,0.026347
SpecifiedDemandProfile,A_Calibrated_BAU,GLOBAL,,ELCBTNXX03,,,2048,S1D4,,,,,0.026347
SpecifiedDemandProfile,A_Calibrated_BAU,GLOBAL,,ELCBTNXX03,,,2049,S1D4,,,,,0.026347
SpecifiedDemandProfile,A_Calibrated_BAU,GLOBAL,,ELCBTNXX03,,,2050,S1D4,,,,,0.026347
SpecifiedDemandProfile,A_Calibrated_BAU,GLOBAL,,ELCBTNXX03,,,2023,S1D5,,,,,0.020106
SpecifiedDemandProfile,A_Calibrated_BAU,GLOBAL,,ELCBTNXX03,,,2024,S1D5,,,,,0.020106
SpecifiedDemandProfile,A_Calibrated_BAU,GLOBAL,,ELCBTNXX03,,,2025,S1D5,,,,,0.020106
SpecifiedDemandProfile,A_Calibrated_BAU,GLOBAL,,ELCBTNXX03,,,2026,S1D5,,,,,0.020106
SpecifiedDemandProfile,A_Calibrated_BAU,GLOBAL,,ELCBTNXX03,,,2027,S1D5,,,,,0.020106
SpecifiedDemandProfile,A_Calibrated_BAU,GLOBAL,,ELCBTNXX03,,,2028,S1D5,,,,,0.020106
SpecifiedDemandProfile,A_Calibrated_BAU,GLOBAL,,ELCBTNXX03,,,2029,S1D5,,,,,0.020106
SpecifiedDemandProfile,A_Calibrated_BAU,GLOBAL,,ELCBTNXX03,,,2030,S1D5,,,,,0.020106
SpecifiedDemandProfile,A_Calibrated_BAU,GLOBAL,,ELCBTNXX03,,,2031,S1D5,,,,,0.020106
SpecifiedDemandProfile,A_Calibrated_BAU,GLOBAL,,ELCBTNXX03,,,2032,S1D5,,,,,0.020106
SpecifiedDemandProfile,A_Calibrated_BAU,GLOBAL,,ELCBTNXX03,,,2033,S1D5,,,,,0.020106
SpecifiedDemandProfile,A_Calibrated_BAU,GLOBAL,,ELCBTNXX03,,,2034,S1D5,,,,,0.020106
SpecifiedDemandProfile,A_Calibrated_BAU,GLOBAL,,ELCBTNXX03,,,2035,S1D5,,,,,0.020106
SpecifiedDemandProfile,A_Calibrated_BAU,GLOBAL,,ELCBTNXX03,,,2036,S1D5,,,,,0.020106
SpecifiedDemandProfile,A_Calibrated_BAU,GLOBAL,,ELCBTNXX03,,,2037,S1D5,,,,,0.020106
SpecifiedDemandProfile,A_Calibrated_BAU,GLOBAL,,ELCBTNXX03,,,2038,S1D5,,,,,0.020106
SpecifiedDemandProfile,A_Calibrated_BAU,GLOBAL,,ELCBTNXX03,,,2039,S1D5,,,,,0.020106
SpecifiedDemandProfile,A_Calibrated_BAU,GLOBAL,,ELCBTNXX03,,,2040,S1D5,,,,,0.020106
SpecifiedDemandProfile,A_Calibrated_BAU,GLOBAL,,ELCBTNXX03,,,2041,S1D5,,,,,0.020106
SpecifiedDemandProfile,A_Calibrated_BAU,GLOBAL,,ELCBTNXX03,,,2042,S1D5,,,,,0.020106
SpecifiedDemandProfile,A_Calibrated_BAU,GLOBAL,,ELCBTNXX03,,,2043,S1D5,,,,,0.020106
SpecifiedDemandProfile,A_Calibrated_BAU,GLOBAL,,ELCBTNXX03,,,2044,S1D5,,,,,0.020106
SpecifiedDemandProfile,A_Calibrated_BAU,GLOBAL,,ELCBTNXX03,,,2045,S1D5,,,,,0.020106
SpecifiedDemandProfile,A_Calibrated_BAU,GLOBAL,,ELCBTNXX03,,,2046,S1D5,,,,,0.020106
SpecifiedDemandProfile,A_Calibrated_BAU,GLOBAL,,ELCBTNXX03,,,2047,S1D5,,,,,0.020106
SpecifiedDemandProfile,A_Calibrated_BAU,GLOBAL,,ELCBTNXX03,,,2048,S1D5,,,,,0.020106
SpecifiedDemandProfile,A_Calibrated_BAU,GLOBAL,,ELCBTNXX03,,,2049,S1D5,,,,,0.020106
SpecifiedDemandProfile,A_Calibrated_BAU,GLOBAL,,ELCBTNXX03,,,2050,S1D5,,,,,0.020106
SpecifiedDemandProfile,A_Calibrated_BAU,GLOBAL,,ELCBTNXX03,,,2023,S2D1,,,,,0.039627
SpecifiedDemandProfile,A_Calibrated_BAU,GLOBAL,,ELCBTNXX03,,,2024,S2D1,,,,,0.039627
SpecifiedDemandProfile,A_Calibrated_BAU,GLOBAL,,ELCBTNXX03,,,2025,S2D1,,,,,0.039627
SpecifiedDemandProfile,A_Calibrated_BAU,GLOBAL,,ELCBTNXX03,,,2026,S2D1,,,,,0.039627
SpecifiedDemandProfile,A_Calibrated_BAU,GLOBAL,,ELCBTNXX03,,,2027,S2D1,,,,,0.039627
SpecifiedDemandProfile,A_Calibrated_BAU,GLOBAL,,ELCBTNXX03,,,2028,S2D1,,,,,0.039627
SpecifiedDemandProfile,A_Calibrated_BAU,GLOBAL,,ELCBTNXX03,,,2029,S2D1,,,,,0.039627
SpecifiedDemandProfile,A_Calibrated_BAU,GLOBAL,,ELCBTNXX03,,,2030,S2D1,,,,,0.039627
SpecifiedDemandProfile,A_Calibrated_BAU,GLOBAL,,ELCBTNXX03,,,2031,S2D1,,,,,0.039627
SpecifiedDemandProfile,A_Calibrated_BAU,GLOBAL,,ELCBTNXX03,,,2032,S2D1,,,,,0.039627
SpecifiedDemandProfile,A_Calibrated_BAU,GLOBAL,,ELCBTNXX03,,,2033,S2D1,,,,,0.039627
SpecifiedDemandProfile,A_Calibrated_BAU,GLOBAL,,ELCBTNXX03,,,2034,S2D1,,,,,0.039627
SpecifiedDemandProfile,A_Calibrated_BAU,GLOBAL,,ELCBTNXX03,,,2035,S2D1,,,,,0.039627
SpecifiedDemandProfile,A_Calibrated_BAU,GLOBAL,,ELCBTNXX03,,,2036,S2D1,,,,,0.039627
SpecifiedDemandProfile,A_Calibrated_BAU,GLOBAL,,ELCBTNXX03,,,2037,S2D1,,,,,0.039627
SpecifiedDemandProfile,A_Calibrated_BAU,GLOBAL,,ELCBTNXX03,,,2038,S2D1,,,,,0.039627
SpecifiedDemandProfile,A_Calibrated_BAU,GLOBAL,,ELCBTNXX03,,,2039,S2D1,,,,,0.039627
SpecifiedDemandProfile,A_Calibrated_BAU,GLOBAL,,ELCBTNXX03,,,2040,S2D1,,,,,0.039627
SpecifiedDemandProfile,A_Calibrated_BAU,GLOBAL,,ELCBTNXX03,,,2041,S2D1,,,,,0.039627
SpecifiedDemandProfile,A_Calibrated_BAU,GLOBAL,,ELCBTNXX03,,,2042,S2D1,,,,,0.039627
SpecifiedDemandProfile,A_Calibrated_BAU,GLOBAL,,ELCBTNXX03,,,2043,S2D1,,,,,0.039627
SpecifiedDemandProfile,A_Calibrated_BAU,GLOBAL,,ELCBTNXX03,,,2044,S2D1,,,,,0.039627
SpecifiedDemandProfile,A_Calibrated_BAU,GLOBAL,,ELCBTNXX03,,,2045,S2D1,,,,,0.039627
SpecifiedDemandProfile,A_Calibrated_BAU,GLOBAL,,ELCBTNXX03,,,2046,S2D1,,,,,0.039627
SpecifiedDemandProfile,A_Calibrated_BAU,GLOBAL,,ELCBTNXX03,,,2047,S2D1,,,,,0.039627
SpecifiedDemandProfile,A_Calibrated_BAU,GLOBAL,,ELCBTNXX03,,,2048,S2D1,,,,,0.039627
SpecifiedDemandProfile,A_Calibrated_BAU,GLOBAL,,ELCBTNXX03,,,2049,S2D1,,,,,0.039627
SpecifiedDemandProfile,A_Calibrated_BAU,GLOBAL,,ELCBTNXX03,,,2050,S2D1,,,,,0.039627
SpecifiedDemandProfile,A_Calibrated_BAU,GLOBAL,,ELCBTNXX03,,,2023,S2D2,,,,,0.107595
SpecifiedDemandProfile,A_Calibrated_BAU,GLOBAL,,ELCBTNXX03,,,2024,S2D2,,,,,0.107595
SpecifiedDemandProfile,A_Calibrated_BAU,GLOBAL,,ELCBTNXX03,,,2025,S2D2,,,,,0.107595
SpecifiedDemandProfile,A_Calibrated_BAU,GLOBAL,,ELCBTNXX03,,,2026,S2D2,,,,,0.107595
SpecifiedDemandProfile,A_Calibrated_BAU,GLOBAL,,ELCBTNXX03,,,2027,S2D2,,,,,0.107595
SpecifiedDemandProfile,A_Calibrated_BAU,GLOBAL,,ELCBTNXX03,,,2028,S2D2,,,,,0.107595
SpecifiedDemandProfile,A_Calibrated_BAU,GLOBAL,,ELCBTNXX03,,,2029,S2D2,,,,,0.107595
SpecifiedDemandProfile,A_Calibrated_BAU,GLOBAL,,ELCBTNXX03,,,2030,S2D2,,,,,0.107595
SpecifiedDemandProfile,A_Calibrated_BAU,GLOBAL,,ELCBTNXX03,,,2031,S2D2,,,,,0.107595
SpecifiedDemandProfile,A_Calibrated_BAU,GLOBAL,,ELCBTNXX03,,,2032,S2D2,,,,,0.107595
SpecifiedDemandProfile,A_Calibrated_BAU,GLOBAL,,ELCBTNXX03,,,2033,S2D2,,,,,0.107595
SpecifiedDemandProfile,A_Calibrated_BAU,GLOBAL,,ELCBTNXX03,,,2034,S2D2,,,,,0.107595
SpecifiedDemandProfile,A_Calibrated_BAU,GLOBAL,,ELCBTNXX03,,,2035,S2D2,,,,,0.107595
SpecifiedDemandProfile,A_Calibrated_BAU,GLOBAL,,ELCBTNXX03,,,2036,S2D2,,,,,0.107595
SpecifiedDemandProfile,A_Calibrated_BAU,GLOBAL,,ELCBTNXX03,,,2037,S2D2,,,,,0.107595
SpecifiedDemandProfile,A_Calibrated_BAU,GLOBAL,,ELCBTNXX03,,,2038,S2D2,,,,,0.107595
SpecifiedDemandProfile,A_Calibrated_BAU,GLOBAL,,ELCBTNXX03,,,2039,S2D2,,,,,0.107595
SpecifiedDemandProfile,A_Calibrated_BAU,GLOBAL,,ELCBTNXX03,,,2040,S2D2,,,,,0.107595
SpecifiedDemandProfile,A_Calibrated_BAU,GLOBAL,,ELCBTNXX03,,,2041,S2D2,,,,,0.107595
SpecifiedDemandProfile,A_Calibrated_BAU,GLOBAL,,ELCBTNXX03,,,2042,S2D2,,,,,0.107595
SpecifiedDemandProfile,A_Calibrated_BAU,GLOBAL,,ELCBTNXX03,,,2043,S2D2,,,,,0.107595
SpecifiedDemandProfile,A_Calibrated_BAU,GLOBAL,,ELCBTNXX03,,,2044,S2D2,,,,,0.107595
SpecifiedDemandProfile,A_Calibrated_BAU,GLOBAL,,ELCBTNXX03,,,2045,S2D2,,,,,0.107595
SpecifiedDemandProfile,A_Calibrated_BAU,GLOBAL,,ELCBTNXX03,,,2046,S2D2,,,,,0.107595
SpecifiedDemandProfile,A_Calibrated_BAU,GLOBAL,,ELCBTNXX03,,,2047,S2D2,,,,,0.107595
SpecifiedDemandProfile,A_Calibrated_BAU,GLOBAL,,ELCBTNXX03,,,2048,S2D2,,,,,0.107595
SpecifiedDemandProfile,A_Calibrated_BAU,GLOBAL,,ELCBTNXX03,,,2049,S2D2,,,,,0.107595
SpecifiedDemandProfile,A_Calibrated_BAU,GLOBAL,,ELCBTNXX03,,,2050,S2D2,,,,,0.107595
SpecifiedDemandProfile,A_Calibrated_BAU,GLOBAL,,ELCBTNXX03,,,2023,S2D3,,,,,0.034472
SpecifiedDemandProfile,A_Calibrated_BAU,GLOBAL,,ELCBTNXX03,,,2024,S2D3,,,,,0.034472
SpecifiedDemandProfile,A_Calibrated_BAU,GLOBAL,,ELCBTNXX03,,,2025,S2D3,,,,,0.034472
SpecifiedDemandProfile,A_Calibrated_BAU,GLOBAL,,ELCBTNXX03,,,2026,S2D3,,,,,0.034472
SpecifiedDemandProfile,A_Calibrated_BAU,GLOBAL,,ELCBTNXX03,,,2027,S2D3,,,,,0.034472
SpecifiedDemandProfile,A_Calibrated_BAU,GLOBAL,,ELCBTNXX03,,,2028,S2D3,,,,,0.034472
SpecifiedDemandProfile,A_Calibrated_BAU,GLOBAL,,ELCBTNXX03,,,2029,S2D3,,,,,0.034472
SpecifiedDemandProfile,A_Calibrated_BAU,GLOBAL,,ELCBTNXX03,,,2030,S2D3,,,,,0.034472
SpecifiedDemandProfile,A_Calibrated_BAU,GLOBAL,,ELCBTNXX03,,,2031,S2D3,,,,,0.034472
SpecifiedDemandProfile,A_Calibrated_BAU,GLOBAL,,ELCBTNXX03,,,2032,S2D3,,,,,0.034472
SpecifiedDemandProfile,A_Calibrated_BAU,GLOBAL,,ELCBTNXX03,,,2033,S2D3,,,,,0.034472
SpecifiedDemandProfile,A_Calibrated_BAU,GLOBAL,,ELCBTNXX03,,,2034,S2D3,,,,,0.034472
SpecifiedDemandProfile,A_Calibrated_BAU,GLOBAL,,ELCBTNXX03,,,2035,S2D3,,,,,0.034472
SpecifiedDemandProfile,A_Calibrated_BAU,GLOBAL,,ELCBTNXX03,,,2036,S2D3,,,,,0.034472
SpecifiedDemandProfile,A_Calibrated_BAU,GLOBAL,,ELCBTNXX03,,,2037,S2D3,,,,,0.034472
SpecifiedDemandProfile,A_Calibrated_BAU,GLOBAL,,ELCBTNXX03,,,2038,S2D3,,,,,0.034472
SpecifiedDemandProfile,A_Calibrated_BAU,GLOBAL,,ELCBTNXX03,,,2039,S2D3,,,,,0.034472
SpecifiedDemandProfile,A_Calibrated_BAU,GLOBAL,,ELCBTNXX03,,,2040,S2D3,,,,,0.034472
SpecifiedDemandProfile,A_Calibrated_BAU,GLOBAL,,ELCBTNXX03,,,2041,S2D3,,,,,0.034472
SpecifiedDemandProfile,A_Calibrated_BAU,GLOBAL,,ELCBTNXX03,,,2042,S2D3,,,,,0.034472
SpecifiedDemandProfile,A_Calibrated_BAU,GLOBAL,,ELCBTNXX03,,,2043,S2D3,,,,,0.034472
SpecifiedDemandProfile,A_Calibrated_BAU,GLOBAL,,ELCBTNXX03,,,2044,S2D3,,,,,0.034472
SpecifiedDemandProfile,A_Calibrated_BAU,GLOBAL,,ELCBTNXX03,,,2045,S2D3,,,,,0.034472
SpecifiedDemandProfile,A_Calibrated_BAU,GLOBAL,,ELCBTNXX03,,,2046,S2D3,,,,,0.034472
SpecifiedDemandProfile,A_Calibrated_BAU,GLOBAL,,ELCBTNXX03,,,2047,S2D3,,,,,0.034472
SpecifiedDemandProfile,A_Calibrated_BAU,GLOBAL,,ELCBTNXX03,,,2048,S2D3,,,,,0.034472
SpecifiedDemandProfile,A_Calibrated_BAU,GLOBAL,,ELCBTNXX03,,,2049,S2D3,,,,,0.034472
SpecifiedDemandProfile,A_Calibrated_BAU,GLOBAL,,ELCBTNXX03,,,2050,S2D3,,,,,0.034472
SpecifiedDemandProfile,A_Calibrated_BAU,GLOBAL,,ELCBTNXX03,,,2023,S2D4,,,,,0.02475
SpecifiedDemandProfile,A_Calibrated_BAU,GLOBAL,,ELCBTNXX03,,,2024,S2D4,,,,,0.02475
SpecifiedDemandProfile,A_Calibrated_BAU,GLOBAL,,ELCBTNXX03,,,2025,S2D4,,,,,0.02475
SpecifiedDemandProfile,A_Calibrated_BAU,GLOBAL,,ELCBTNXX03,,,2026,S2D4,,,,,0.02475
SpecifiedDemandProfile,A_Calibrated_BAU,GLOBAL,,ELCBTNXX03,,,2027,S2D4,,,,,0.02475
SpecifiedDemandProfile,A_Calibrated_BAU,GLOBAL,,ELCBTNXX03,,,2028,S2D4,,,,,0.02475
SpecifiedDemandProfile,A_Calibrated_BAU,GLOBAL,,ELCBTNXX03,,,2029,S2D4,,,,,0.02475
SpecifiedDemandProfile,A_Calibrated_BAU,GLOBAL,,ELCBTNXX03,,,2030,S2D4,,,,,0.02475
SpecifiedDemandProfile,A_Calibrated_BAU,GLOBAL,,ELCBTNXX03,,,2031,S2D4,,,,,0.02475
SpecifiedDemandProfile,A_Calibrated_BAU,GLOBAL,,ELCBTNXX03,,,2032,S2D4,,,,,0.02475
SpecifiedDemandProfile,A_Calibrated_BAU,GLOBAL,,ELCBTNXX03,,,2033,S2D4,,,,,0.02475
SpecifiedDemandProfile,A_Calibrated_BAU,GLOBAL,,ELCBTNXX03,,,2034,S2D4,,,,,0.02475
SpecifiedDemandProfile,A_Calibrated_BAU,GLOBAL,,ELCBTNXX03,,,2035,S2D4,,,,,0.02475
SpecifiedDemandProfile,A_Calibrated_BAU,GLOBAL,,ELCBTNXX03,,,2036,S2D4,,,,,0.02475
SpecifiedDemandProfile,A_Calibrated_BAU,GLOBAL,,ELCBTNXX03,,,2037,S2D4,,,,,0.02475
SpecifiedDemandProfile,A_Calibrated_BAU,GLOBAL,,ELCBTNXX03,,,2038,S2D4,,,,,0.02475
SpecifiedDemandProfile,A_Calibrated_BAU,GLOBAL,,ELCBTNXX03,,,2039,S2D4,,,,,0.02475
SpecifiedDemandProfile,A_Calibrated_BAU,GLOBAL,,ELCBTNXX03,,,2040,S2D4,,,,,0.02475
SpecifiedDemandProfile,A_Calibrated_BAU,GLOBAL,,ELCBTNXX03,,,2041,S2D4,,,,,0.02475
SpecifiedDemandProfile,A_Calibrated_BAU,GLOBAL,,ELCBTNXX03,,,2042,S2D4,,,,,0.02475
SpecifiedDemandProfile,A_Calibrated_BAU,GLOBAL,,ELCBTNXX03,,,2043,S2D4,,,,,0.02475
SpecifiedDemandProfile,A_Calibrated_BAU,GLOBAL,,ELCBTNXX03,,,2044,S2D4,,,,,0.02475
SpecifiedDemandProfile,A_Calibrated_BAU,GLOBAL,,ELCBTNXX03,,,2045,S2D4,,,,,0.02475
SpecifiedDemandProfile,A_Calibrated_BAU,GLOBAL,,ELCBTNXX03,,,2046,S2D4,,,,,0.02475
SpecifiedDemandProfile,A_Calibrated_BAU,GLOBAL,,ELCBTNXX03,,,2047,S2D4,,,,,0.02475
SpecifiedDemandProfile,A_Calibrated_BAU,GLOBAL,,ELCBTNXX03,,,2048,S2D4,,,,,0.02475
SpecifiedDemandProfile,A_Calibrated_BAU,GLOBAL,,ELCBTNXX03,,,2049,S2D4,,,,,0.02475
SpecifiedDemandProfile,A_Calibrated_BAU,GLOBAL,,ELCBTNXX03,,,2050,S2D4,,,,,0.02475
SpecifiedDemandProfile,A_Calibrated_BAU,GLOBAL,,ELCBTNXX03,,,2023,S2D5,,,,,0.01923
SpecifiedDemandProfile,A_Calibrated_BAU,GLOBAL,,ELCBTNXX03,,,2024,S2D5,,,,,0.01923
SpecifiedDemandProfile,A_Calibrated_BAU,GLOBAL,,ELCBTNXX03,,,2025,S2D5,,,,,0.01923
SpecifiedDemandProfile,A_Calibrated_BAU,GLOBAL,,ELCBTNXX03,,,2026,S2D5,,,,,0.01923
SpecifiedDemandProfile,A_Calibrated_BAU,GLOBAL,,ELCBTNXX03,,,2027,S2D5,,,,,0.01923
SpecifiedDemandProfile,A_Calibrated_BAU,GLOBAL,,ELCBTNXX03,,,2028,S2D5,,,,,0.01923
SpecifiedDemandProfile,A_Calibrated_BAU,GLOBAL,,ELCBTNXX03,,,2029,S2D5,,,,,0.01923
SpecifiedDemandProfile,A_Calibrated_BAU,GLOBAL,,ELCBTNXX03,,,2030,S2D5,,,,,0.01923
SpecifiedDemandProfile,A_Calibrated_BAU,GLOBAL,,ELCBTNXX03,,,2031,S2D5,,,,,0.01923
SpecifiedDemandProfile,A_Calibrated_BAU,GLOBAL,,ELCBTNXX03,,,2032,S2D5,,,,,0.01923
SpecifiedDemandProfile,A_Calibrated_BAU,GLOBAL,,ELCBTNXX03,,,2033,S2D5,,,,,0.01923
SpecifiedDemandProfile,A_Calibrated_BAU,GLOBAL,,ELCBTNXX03,,,2034,S2D5,,,,,0.01923
SpecifiedDemandProfile,A_Calibrated_BAU,GLOBAL,,ELCBTNXX03,,,2035,S2D5,,,,,0.01923
SpecifiedDemandProfile,A_Calibrated_BAU,GLOBAL,,ELCBTNXX03,,,2036,S2D5,,,,,0.01923
SpecifiedDemandProfile,A_Calibrated_BAU,GLOBAL,,ELCBTNXX03,,,2037,S2D5,,,,,0.01923
SpecifiedDemandProfile,A_Calibrated_BAU,GLOBAL,,ELCBTNXX03,,,2038,S2D5,,,,,0.01923
SpecifiedDemandProfile,A_Calibrated_BAU,GLOBAL,,ELCBTNXX03,,,2039,S2D5,,,,,0.01923
SpecifiedDemandProfile,A_Calibrated_BAU,GLOBAL,,ELCBTNXX03,,,2040,S2D5,,,,,0.01923
SpecifiedDemandProfile,A_Calibrated_BAU,GLOBAL,,ELCBTNXX03,,,2041,S2D5,,,,,0.01923
SpecifiedDemandProfile,A_Calibrated_BAU,GLOBAL,,ELCBTNXX03,,,2042,S2D5,,,,,0.01923
SpecifiedDemandProfile,A_Calibrated_BAU,GLOBAL,,ELCBTNXX03,,,2043,S2D5,,,,,0.01923
SpecifiedDemandProfile,A_Calibrated_BAU,GLOBAL,,ELCBTNXX03,,,2044,S2D5,,,,,0.01923
SpecifiedDemandProfile,A_Calibrated_BAU,GLOBAL,,ELCBTNXX03,,,2045,S2D5,,,,,0.01923
SpecifiedDemandProfile,A_Calibrated_BAU,GLOBAL,,ELCBTNXX03,,,2046,S2D5,,,,,0.01923
SpecifiedDemandProfile,A_Calibrated_BAU,GLOBAL,,ELCBTNXX03,,,2047,S2D5,,,,,0.01923
SpecifiedDemandProfile,A_Calibrated_BAU,GLOBAL,,ELCBTNXX03,,,2048,S2D5,,,,,0.01923
SpecifiedDemandProfile,A_Calibrated_BAU,GLOBAL,,ELCBTNXX03,,,2049,S2D5,,,,,0.01923
SpecifiedDemandProfile,A_Calibrated_BAU,GLOBAL,,ELCBTNXX03,,,2050,S2D5,,,,,0.01923
SpecifiedDemandProfile,A_Calibrated_BAU,GLOBAL,,ELCBTNXX03,,,2023,S3D1,,,,,0.075274
SpecifiedDemandProfile,A_Calibrated_BAU,GLOBAL,,ELCBTNXX03,,,2024,S3D1,,,,,0.075274
SpecifiedDemandProfile,A_Calibrated_BAU,GLOBAL,,ELCBTNXX03,,,2025,S3D1,,,,,0.075274
SpecifiedDemandProfile,A_Calibrated_BAU,GLOBAL,,ELCBTNXX03,,,2026,S3D1,,,,,0.075274
SpecifiedDemandProfile,A_Calibrated_BAU,GLOBAL,,ELCBTNXX03,,,2027,S3D1,,,,,0.075274
SpecifiedDemandProfile,A_Calibrated_BAU,GLOBAL,,ELCBTNXX03,,,2028,S3D1,,,,,0.075274
SpecifiedDemandProfile,A_Calibrated_BAU,GLOBAL,,ELCBTNXX03,,,2029,S3D1,,,,,0.075274
SpecifiedDemandProfile,A_Calibrated_BAU,GLOBAL,,ELCBTNXX03,,,2030,S3D1,,,,,0.075274
SpecifiedDemandProfile,A_Calibrated_BAU,GLOBAL,,ELCBTNXX03,,,2031,S3D1,,,,,0.075274
SpecifiedDemandProfile,A_Calibrated_BAU,GLOBAL,,ELCBTNXX03,,,2032,S3D1,,,,,0.075274
SpecifiedDemandProfile,A_Calibrated_BAU,GLOBAL,,ELCBTNXX03,,,2033,S3D1,,,,,0.075274
SpecifiedDemandProfile,A_Calibrated_BAU,GLOBAL,,ELCBTNXX03,,,2034,S3D1,,,,,0.075274
SpecifiedDemandProfile,A_Calibrated_BAU,GLOBAL,,ELCBTNXX03,,,2035,S3D1,,,,,0.075274
SpecifiedDemandProfile,A_Calibrated_BAU,GLOBAL,,ELCBTNXX03,,,2036,S3D1,,,,,0.075274
SpecifiedDemandProfile,A_Calibrated_BAU,GLOBAL,,ELCBTNXX03,,,2037,S3D1,,,,,0.075274
SpecifiedDemandProfile,A_Calibrated_BAU,GLOBAL,,ELCBTNXX03,,,2038,S3D1,,,,,0.075274
SpecifiedDemandProfile,A_Calibrated_BAU,GLOBAL,,ELCBTNXX03,,,2039,S3D1,,,,,0.075274
SpecifiedDemandProfile,A_Calibrated_BAU,GLOBAL,,ELCBTNXX03,,,2040,S3D1,,,,,0.075274
SpecifiedDemandProfile,A_Calibrated_BAU,GLOBAL,,ELCBTNXX03,,,2041,S3D1,,,,,0.075274
SpecifiedDemandProfile,A_Calibrated_BAU,GLOBAL,,ELCBTNXX03,,,2042,S3D1,,,,,0.075274
SpecifiedDemandProfile,A_Calibrated_BAU,GLOBAL,,ELCBTNXX03,,,2043,S3D1,,,,,0.075274
SpecifiedDemandProfile,A_Calibrated_BAU,GLOBAL,,ELCBTNXX03,,,2044,S3D1,,,,,0.075274
SpecifiedDemandProfile,A_Calibrated_BAU,GLOBAL,,ELCBTNXX03,,,2045,S3D1,,,,,0.075274
SpecifiedDemandProfile,A_Calibrated_BAU,GLOBAL,,ELCBTNXX03,,,2046,S3D1,,,,,0.075274
SpecifiedDemandProfile,A_Calibrated_BAU,GLOBAL,,ELCBTNXX03,,,2047,S3D1,,,,,0.075274
SpecifiedDemandProfile,A_Calibrated_BAU,GLOBAL,,ELCBTNXX03,,,2048,S3D1,,,,,0.075274
SpecifiedDemandProfile,A_Calibrated_BAU,GLOBAL,,ELCBTNXX03,,,2049,S3D1,,,,,0.075274
SpecifiedDemandProfile,A_Calibrated_BAU,GLOBAL,,ELCBTNXX03,,,2050,S3D1,,,,,0.075274
SpecifiedDemandProfile,A_Calibrated_BAU,GLOBAL,,ELCBTNXX03,,,2023,S3D2,,,,,0.16126
SpecifiedDemandProfile,A_Calibrated_BAU,GLOBAL,,ELCBTNXX03,,,2024,S3D2,,,,,0.16126
SpecifiedDemandProfile,A_Calibrated_BAU,GLOBAL,,ELCBTNXX03,,,2025,S3D2,,,,,0.16126
SpecifiedDemandProfile,A_Calibrated_BAU,GLOBAL,,ELCBTNXX03,,,2026,S3D2,,,,,0.16126
SpecifiedDemandProfile,A_Calibrated_BAU,GLOBAL,,ELCBTNXX03,,,2027,S3D2,,,,,0.16126
SpecifiedDemandProfile,A_Calibrated_BAU,GLOBAL,,ELCBTNXX03,,,2028,S3D2,,,,,0.16126
SpecifiedDemandProfile,A_Calibrated_BAU,GLOBAL,,ELCBTNXX03,,,2029,S3D2,,,,,0.16126
SpecifiedDemandProfile,A_Calibrated_BAU,GLOBAL,,ELCBTNXX03,,,2030,S3D2,,,,,0.16126
SpecifiedDemandProfile,A_Calibrated_BAU,GLOBAL,,ELCBTNXX03,,,2031,S3D2,,,,,0.16126
SpecifiedDemandProfile,A_Calibrated_BAU,GLOBAL,,ELCBTNXX03,,,2032,S3D2,,,,,0.16126
SpecifiedDemandProfile,A_Calibrated_BAU,GLOBAL,,ELCBTNXX03,,,2033,S3D2,,,,,0.16126
SpecifiedDemandProfile,A_Calibrated_BAU,GLOBAL,,ELCBTNXX03,,,2034,S3D2,,,,,0.16126
SpecifiedDemandProfile,A_Calibrated_BAU,GLOBAL,,ELCBTNXX03,,,2035,S3D2,,,,,0.16126
SpecifiedDemandProfile,A_Calibrated_BAU,GLOBAL,,ELCBTNXX03,,,2036,S3D2,,,,,0.16126
SpecifiedDemandProfile,A_Calibrated_BAU,GLOBAL,,ELCBTNXX03,,,2037,S3D2,,,,,0.16126
SpecifiedDemandProfile,A_Calibrated_BAU,GLOBAL,,ELCBTNXX03,,,2038,S3D2,,,,,0.16126
SpecifiedDemandProfile,A_Calibrated_BAU,GLOBAL,,ELCBTNXX03,,,2039,S3D2,,,,,0.16126
SpecifiedDemandProfile,A_Calibrated_BAU,GLOBAL,,ELCBTNXX03,,,2040,S3D2,,,,,0.16126
SpecifiedDemandProfile,A_Calibrated_BAU,GLOBAL,,ELCBTNXX03,,,2041,S3D2,,,,,0.16126
SpecifiedDemandProfile,A_Calibrated_BAU,GLOBAL,,ELCBTNXX03,,,2042,S3D2,,,,,0.16126
SpecifiedDemandProfile,A_Calibrated_BAU,GLOBAL,,ELCBTNXX03,,,2043,S3D2,,,,,0.16126
SpecifiedDemandProfile,A_Calibrated_BAU,GLOBAL,,ELCBTNXX03,,,2044,S3D2,,,,,0.16126
SpecifiedDemandProfile,A_Calibrated_BAU,GLOBAL,,ELCBTNXX03,,,2045,S3D2,,,,,0.16126
SpecifiedDemandProfile,A_Calibrated_BAU,GLOBAL,,ELCBTNXX03,,,2046,S3D2,,,,,0.16126
SpecifiedDemandProfile,A_Calibrated_BAU,GLOBAL,,ELCBTNXX03,,,2047,S3D2,,,,,0.16126
SpecifiedDemandProfile,A_Calibrated_BAU,GLOBAL,,ELCBTNXX03,,,2048,S3D2,,,,,0.16126
SpecifiedDemandProfile,A_Calibrated_BAU,GLOBAL,,ELCBTNXX03,,,2049,S3D2,,,,,0.16126
SpecifiedDemandProfile,A_Calibrated_BAU,GLOBAL,,ELCBTNXX03,,,2050,S3D2,,,,,0.16126
SpecifiedDemandProfile,A_Calibrated_BAU,GLOBAL,,ELCBTNXX03,,,2023,S3D3,,,,,0.045199
SpecifiedDemandProfile,A_Calibrated_BAU,GLOBAL,,ELCBTNXX03,,,2024,S3D3,,,,,0.045199
SpecifiedDemandProfile,A_Calibrated_BAU,GLOBAL,,ELCBTNXX03,,,2025,S3D3,,,,,0.045199
SpecifiedDemandProfile,A_Calibrated_BAU,GLOBAL,,ELCBTNXX03,,,2026,S3D3,,,,,0.045199
SpecifiedDemandProfile,A_Calibrated_BAU,GLOBAL,,ELCBTNXX03,,,2027,S3D3,,,,,0.045199
SpecifiedDemandProfile,A_Calibrated_BAU,GLOBAL,,ELCBTNXX03,,,2028,S3D3,,,,,0.045199
SpecifiedDemandProfile,A_Calibrated_BAU,GLOBAL,,ELCBTNXX03,,,2029,S3D3,,,,,0.045199
SpecifiedDemandProfile,A_Calibrated_BAU,GLOBAL,,ELCBTNXX03,,,2030,S3D3,,,,,0.045199
SpecifiedDemandProfile,A_Calibrated_BAU,GLOBAL,,ELCBTNXX03,,,2031,S3D3,,,,,0.045199
SpecifiedDemandProfile,A_Calibrated_BAU,GLOBAL,,ELCBTNXX03,,,2032,S3D3,,,,,0.045199
SpecifiedDemandProfile,A_Calibrated_BAU,GLOBAL,,ELCBTNXX03,,,2033,S3D3,,,,,0.045199
SpecifiedDemandProfile,A_Calibrated_BAU,GLOBAL,,ELCBTNXX03,,,2034,S3D3,,,,,0.045199
SpecifiedDemandProfile,A_Calibrated_BAU,GLOBAL,,ELCBTNXX03,,,2035,S3D3,,,,,0.045199
SpecifiedDemandProfile,A_Calibrated_BAU,GLOBAL,,ELCBTNXX03,,,2036,S3D3,,,,,0.045199
SpecifiedDemandProfile,A_Calibrated_BAU,GLOBAL,,ELCBTNXX03,,,2037,S3D3,,,,,0.045199
SpecifiedDemandProfile,A_Calibrated_BAU,GLOBAL,,ELCBTNXX03,,,2038,S3D3,,,,,0.045199
SpecifiedDemandProfile,A_Calibrated_BAU,GLOBAL,,ELCBTNXX03,,,2039,S3D3,,,,,0.045199
SpecifiedDemandProfile,A_Calibrated_BAU,GLOBAL,,ELCBTNXX03,,,2040,S3D3,,,,,0.045199
SpecifiedDemandProfile,A_Calibrated_BAU,GLOBAL,,ELCBTNXX03,,,2041,S3D3,,,,,0.045199
SpecifiedDemandProfile,A_Calibrated_BAU,GLOBAL,,ELCBTNXX03,,,2042,S3D3,,,,,0.045199
SpecifiedDemandProfile,A_Calibrated_BAU,GLOBAL,,ELCBTNXX03,,,2043,S3D3,,,,,0.045199
SpecifiedDemandProfile,A_Calibrated_BAU,GLOBAL,,ELCBTNXX03,,,2044,S3D3,,,,,0.045199
SpecifiedDemandProfile,A_Calibrated_BAU,GLOBAL,,ELCBTNXX03,,,2045,S3D3,,,,,0.045199
SpecifiedDemandProfile,A_Calibrated_BAU,GLOBAL,,ELCBTNXX03,,,2046,S3D3,,,,,0.045199
SpecifiedDemandProfile,A_Calibrated_BAU,GLOBAL,,ELCBTNXX03,,,2047,S3D3,,,,,0.045199
SpecifiedDemandProfile,A_Calibrated_BAU,GLOBAL,,ELCBTNXX03,,,2048,S3D3,,,,,0.045199
SpecifiedDemandProfile,A_Calibrated_BAU,GLOBAL,,ELCBTNXX03,,,2049,S3D3,,,,,0.045199
SpecifiedDemandProfile,A_Calibrated_BAU,GLOBAL,,ELCBTNXX03,,,2050,S3D3,,,,,0.045199
SpecifiedDemandProfile,A_Calibrated_BAU,GLOBAL,,ELCBTNXX03,,,2023,S3D4,,,,,0.035154
SpecifiedDemandProfile,A_Calibrated_BAU,GLOBAL,,ELCBTNXX03,,,2024,S3D4,,,,,0.035154
SpecifiedDemandProfile,A_Calibrated_BAU,GLOBAL,,ELCBTNXX03,,,2025,S3D4,,,,,0.035154
SpecifiedDemandProfile,A_Calibrated_BAU,GLOBAL,,ELCBTNXX03,,,2026,S3D4,,,,,0.035154
SpecifiedDemandProfile,A_Calibrated_BAU,GLOBAL,,ELCBTNXX03,,,2027,S3D4,,,,,0.035154
SpecifiedDemandProfile,A_Calibrated_BAU,GLOBAL,,ELCBTNXX03,,,2028,S3D4,,,,,0.035154
SpecifiedDemandProfile,A_Calibrated_BAU,GLOBAL,,ELCBTNXX03,,,2029,S3D4,,,,,0.035154
SpecifiedDemandProfile,A_Calibrated_BAU,GLOBAL,,ELCBTNXX03,,,2030,S3D4,,,,,0.035154
SpecifiedDemandProfile,A_Calibrated_BAU,GLOBAL,,ELCBTNXX03,,,2031,S3D4,,,,,0.035154
SpecifiedDemandProfile,A_Calibrated_BAU,GLOBAL,,ELCBTNXX03,,,2032,S3D4,,,,,0.035154
SpecifiedDemandProfile,A_Calibrated_BAU,GLOBAL,,ELCBTNXX03,,,2033,S3D4,,,,,0.035154
SpecifiedDemandProfile,A_Calibrated_BAU,GLOBAL,,ELCBTNXX03,,,2034,S3D4,,,,,0.035154
SpecifiedDemandProfile,A_Calibrated_BAU,GLOBAL,,ELCBTNXX03,,,2035,S3D4,,,,,0.035154
SpecifiedDemandProfile,A_Calibrated_BAU,GLOBAL,,ELCBTNXX03,,,2036,S3D4,,,,,0.035154
SpecifiedDemandProfile,A_Calibrated_BAU,GLOBAL,,ELCBTNXX03,,,2037,S3D4,,,,,0.035154
SpecifiedDemandProfile,A_Calibrated_BAU,GLOBAL,,ELCBTNXX03,,,2038,S3D4,,,,,0.035154
SpecifiedDemandProfile,A_Calibrated_BAU,GLOBAL,,ELCBTNXX03,,,2039,S3D4,,,,,0.035154
SpecifiedDemandProfile,A_Calibrated_BAU,GLOBAL,,ELCBTNXX03,,,2040,S3D4,,,,,0.035154
SpecifiedDemandProfile,A_Calibrated_BAU,GLOBAL,,ELCBTNXX03,,,2041,S3D4,,,,,0.035154
SpecifiedDemandProfile,A_Calibrated_BAU,GLOBAL,,ELCBTNXX03,,,2042,S3D4,,,,,0.035154
SpecifiedDemandProfile,A_Calibrated_BAU,GLOBAL,,ELCBTNXX03,,,2043,S3D4,,,,,0.035154
SpecifiedDemandProfile,A_Calibrated_BAU,GLOBAL,,ELCBTNXX03,,,2044,S3D4,,,,,0.035154
SpecifiedDemandProfile,A_Calibrated_BAU,GLOBAL,,ELCBTNXX03,,,2045,S3D4,,,,,0.035154
SpecifiedDemandProfile,A_Calibrated_BAU,GLOBAL,,ELCBTNXX03,,,2046,S3D4,,,,,0.035154
SpecifiedDemandProfile,A_Calibrated_BAU,GLOBAL,,ELCBTNXX03,,,2047,S3D4,,,,,0.035154
SpecifiedDemandProfile,A_Calibrated_BAU,GLOBAL,,ELCBTNXX03,,,2048,S3D4,,,,,0.035154
SpecifiedDemandProfile,A_Calibrated_BAU,GLOBAL,,ELCBTNXX03,,,2049,S3D4,,,,,0.035154
SpecifiedDemandProfile,A_Calibrated_BAU,GLOBAL,,ELCBTNXX03,,,2050,S3D4,,,,,0.035154
SpecifiedDemandProfile,A_Calibrated_BAU,GLOBAL,,ELCBTNXX03,,,2023,S3D5,,,,,0.028272
SpecifiedDemandProfile,A_Calibrated_BAU,GLOBAL,,ELCBTNXX03,,,2024,S3D5,,,,,0.028272
SpecifiedDemandProfile,A_Calibrated_BAU,GLOBAL,,ELCBTNXX03,,,2025,S3D5,,,,,0.028272
SpecifiedDemandProfile,A_Calibrated_BAU,GLOBAL,,ELCBTNXX03,,,2026,S3D5,,,,,0.028272
SpecifiedDemandProfile,A_Calibrated_BAU,GLOBAL,,ELCBTNXX03,,,2027,S3D5,,,,,0.028272
SpecifiedDemandProfile,A_Calibrated_BAU,GLOBAL,,ELCBTNXX03,,,2028,S3D5,,,,,0.028272
SpecifiedDemandProfile,A_Calibrated_BAU,GLOBAL,,ELCBTNXX03,,,2029,S3D5,,,,,0.028272
SpecifiedDemandProfile,A_Calibrated_BAU,GLOBAL,,ELCBTNXX03,,,2030,S3D5,,,,,0.028272
SpecifiedDemandProfile,A_Calibrated_BAU,GLOBAL,,ELCBTNXX03,,,2031,S3D5,,,,,0.028272
SpecifiedDemandProfile,A_Calibrated_BAU,GLOBAL,,ELCBTNXX03,,,2032,S3D5,,,,,0.028272
SpecifiedDemandProfile,A_Calibrated_BAU,GLOBAL,,ELCBTNXX03,,,2033,S3D5,,,,,0.028272
SpecifiedDemandProfile,A_Calibrated_BAU,GLOBAL,,ELCBTNXX03,,,2034,S3D5,,,,,0.028272
SpecifiedDemandProfile,A_Calibrated_BAU,GLOBAL,,ELCBTNXX03,,,2035,S3D5,,,,,0.028272
SpecifiedDemandProfile,A_Calibrated_BAU,GLOBAL,,ELCBTNXX03,,,2036,S3D5,,,,,0.028272
SpecifiedDemandProfile,A_Calibrated_BAU,GLOBAL,,ELCBTNXX03,,,2037,S3D5,,,,,0.028272
SpecifiedDemandProfile,A_Calibrated_BAU,GLOBAL,,ELCBTNXX03,,,2038,S3D5,,,,,0.028272
SpecifiedDemandProfile,A_Calibrated_BAU,GLOBAL,,ELCBTNXX03,,,2039,S3D5,,,,,0.028272
SpecifiedDemandProfile,A_Calibrated_BAU,GLOBAL,,ELCBTNXX03,,,2040,S3D5,,,,,0.028272
SpecifiedDemandProfile,A_Calibrated_BAU,GLOBAL,,ELCBTNXX03,,,2041,S3D5,,,,,0.028272
SpecifiedDemandProfile,A_Calibrated_BAU,GLOBAL,,ELCBTNXX03,,,2042,S3D5,,,,,0.028272
SpecifiedDemandProfile,A_Calibrated_BAU,GLOBAL,,ELCBTNXX03,,,2043,S3D5,,,,,0.028272
SpecifiedDemandProfile,A_Calibrated_BAU,GLOBAL,,ELCBTNXX03,,,2044,S3D5,,,,,0.028272
SpecifiedDemandProfile,A_Calibrated_BAU,GLOBAL,,ELCBTNXX03,,,2045,S3D5,,,,,0.028272
SpecifiedDemandProfile,A_Calibrated_BAU,GLOBAL,,ELCBTNXX03,,,2046,S3D5,,,,,0.028272
SpecifiedDemandProfile,A_Calibrated_BAU,GLOBAL,,ELCBTNXX03,,,2047,S3D5,,,,,0.028272
SpecifiedDemandProfile,A_Calibrated_BAU,GLOBAL,,ELCBTNXX03,,,2048,S3D5,,,,,0.028272
SpecifiedDemandProfile,A_Calibrated_BAU,GLOBAL,,ELCBTNXX03,,,2049,S3D5,,,,,0.028272
SpecifiedDemandProfile,A_Calibrated_BAU,GLOBAL,,ELCBTNXX03,,,2050,S3D5,,,,,0.028272
SpecifiedDemandProfile,A_Calibrated_BAU,GLOBAL,,ELCBTNXX03,,,2023,S4D1,,,,,0.034826
SpecifiedDemandProfile,A_Calibrated_BAU,GLOBAL,,ELCBTNXX03,,,2024,S4D1,,,,,0.034826
SpecifiedDemandProfile,A_Calibrated_BAU,GLOBAL,,ELCBTNXX03,,,2025,S4D1,,,,,0.034826
SpecifiedDemandProfile,A_Calibrated_BAU,GLOBAL,,ELCBTNXX03,,,2026,S4D1,,,,,0.034826
SpecifiedDemandProfile,A_Calibrated_BAU,GLOBAL,,ELCBTNXX03,,,2027,S4D1,,,,,0.034826
SpecifiedDemandProfile,A_Calibrated_BAU,GLOBAL,,ELCBTNXX03,,,2028,S4D1,,,,,0.034826
SpecifiedDemandProfile,A_Calibrated_BAU,GLOBAL,,ELCBTNXX03,,,2029,S4D1,,,,,0.034826
SpecifiedDemandProfile,A_Calibrated_BAU,GLOBAL,,ELCBTNXX03,,,2030,S4D1,,,,,0.034826
SpecifiedDemandProfile,A_Calibrated_BAU,GLOBAL,,ELCBTNXX03,,,2031,S4D1,,,,,0.034826
SpecifiedDemandProfile,A_Calibrated_BAU,GLOBAL,,ELCBTNXX03,,,2032,S4D1,,,,,0.034826
SpecifiedDemandProfile,A_Calibrated_BAU,GLOBAL,,ELCBTNXX03,,,2033,S4D1,,,,,0.034826
SpecifiedDemandProfile,A_Calibrated_BAU,GLOBAL,,ELCBTNXX03,,,2034,S4D1,,,,,0.034826
SpecifiedDemandProfile,A_Calibrated_BAU,GLOBAL,,ELCBTNXX03,,,2035,S4D1,,,,,0.034826
SpecifiedDemandProfile,A_Calibrated_BAU,GLOBAL,,ELCBTNXX03,,,2036,S4D1,,,,,0.034826
SpecifiedDemandProfile,A_Calibrated_BAU,GLOBAL,,ELCBTNXX03,,,2037,S4D1,,,,,0.034826
SpecifiedDemandProfile,A_Calibrated_BAU,GLOBAL,,ELCBTNXX03,,,2038,S4D1,,,,,0.034826
SpecifiedDemandProfile,A_Calibrated_BAU,GLOBAL,,ELCBTNXX03,,,2039,S4D1,,,,,0.034826
SpecifiedDemandProfile,A_Calibrated_BAU,GLOBAL,,ELCBTNXX03,,,2040,S4D1,,,,,0.034826
SpecifiedDemandProfile,A_Calibrated_BAU,GLOBAL,,ELCBTNXX03,,,2041,S4D1,,,,,0.034826
SpecifiedDemandProfile,A_Calibrated_BAU,GLOBAL,,ELCBTNXX03,,,2042,S4D1,,,,,0.034826
SpecifiedDemandProfile,A_Calibrated_BAU,GLOBAL,,ELCBTNXX03,,,2043,S4D1,,,,,0.034826
SpecifiedDemandProfile,A_Calibrated_BAU,GLOBAL,,ELCBTNXX03,,,2044,S4D1,,,,,0.034826
SpecifiedDemandProfile,A_Calibrated_BAU,GLOBAL,,ELCBTNXX03,,,2045,S4D1,,,,,0.034826
SpecifiedDemandProfile,A_Calibrated_BAU,GLOBAL,,ELCBTNXX03,,,2046,S4D1,,,,,0.034826
SpecifiedDemandProfile,A_Calibrated_BAU,GLOBAL,,ELCBTNXX03,,,2047,S4D1,,,,,0.034826
SpecifiedDemandProfile,A_Calibrated_BAU,GLOBAL,,ELCBTNXX03,,,2048,S4D1,,,,,0.034826
SpecifiedDemandProfile,A_Calibrated_BAU,GLOBAL,,ELCBTNXX03,,,2049,S4D1,,,,,0.034826
SpecifiedDemandProfile,A_Calibrated_BAU,GLOBAL,,ELCBTNXX03,,,2050,S4D1,,,,,0.034826
SpecifiedDemandProfile,A_Calibrated_BAU,GLOBAL,,ELCBTNXX03,,,2023,S4D2,,,,,0.094559
SpecifiedDemandProfile,A_Calibrated_BAU,GLOBAL,,ELCBTNXX03,,,2024,S4D2,,,,,0.094559
SpecifiedDemandProfile,A_Calibrated_BAU,GLOBAL,,ELCBTNXX03,,,2025,S4D2,,,,,0.094559
SpecifiedDemandProfile,A_Calibrated_BAU,GLOBAL,,ELCBTNXX03,,,2026,S4D2,,,,,0.094559
SpecifiedDemandProfile,A_Calibrated_BAU,GLOBAL,,ELCBTNXX03,,,2027,S4D2,,,,,0.094559
SpecifiedDemandProfile,A_Calibrated_BAU,GLOBAL,,ELCBTNXX03,,,2028,S4D2,,,,,0.094559
SpecifiedDemandProfile,A_Calibrated_BAU,GLOBAL,,ELCBTNXX03,,,2029,S4D2,,,,,0.094559
SpecifiedDemandProfile,A_Calibrated_BAU,GLOBAL,,ELCBTNXX03,,,2030,S4D2,,,,,0.094559
SpecifiedDemandProfile,A_Calibrated_BAU,GLOBAL,,ELCBTNXX03,,,2031,S4D2,,,,,0.094559
SpecifiedDemandProfile,A_Calibrated_BAU,GLOBAL,,ELCBTNXX03,,,2032,S4D2,,,,,0.094559
SpecifiedDemandProfile,A_Calibrated_BAU,GLOBAL,,ELCBTNXX03,,,2033,S4D2,,,,,0.094559
SpecifiedDemandProfile,A_Calibrated_BAU,GLOBAL,,ELCBTNXX03,,,2034,S4D2,,,,,0.094559
SpecifiedDemandProfile,A_Calibrated_BAU,GLOBAL,,ELCBTNXX03,,,2035,S4D2,,,,,0.094559
SpecifiedDemandProfile,A_Calibrated_BAU,GLOBAL,,ELCBTNXX03,,,2036,S4D2,,,,,0.094559
SpecifiedDemandProfile,A_Calibrated_BAU,GLOBAL,,ELCBTNXX03,,,2037,S4D2,,,,,0.094559
SpecifiedDemandProfile,A_Calibrated_BAU,GLOBAL,,ELCBTNXX03,,,2038,S4D2,,,,,0.094559
SpecifiedDemandProfile,A_Calibrated_BAU,GLOBAL,,ELCBTNXX03,,,2039,S4D2,,,,,0.094559
SpecifiedDemandProfile,A_Calibrated_BAU,GLOBAL,,ELCBTNXX03,,,2040,S4D2,,,,,0.094559
SpecifiedDemandProfile,A_Calibrated_BAU,GLOBAL,,ELCBTNXX03,,,2041,S4D2,,,,,0.094559
SpecifiedDemandProfile,A_Calibrated_BAU,GLOBAL,,ELCBTNXX03,,,2042,S4D2,,,,,0.094559
SpecifiedDemandProfile,A_Calibrated_BAU,GLOBAL,,ELCBTNXX03,,,2043,S4D2,,,,,0.094559
SpecifiedDemandProfile,A_Calibrated_BAU,GLOBAL,,ELCBTNXX03,,,2044,S4D2,,,,,0.094559
SpecifiedDemandProfile,A_Calibrated_BAU,GLOBAL,,ELCBTNXX03,,,2045,S4D2,,,,,0.094559
SpecifiedDemandProfile,A_Calibrated_BAU,GLOBAL,,ELCBTNXX03,,,2046,S4D2,,,,,0.094559
SpecifiedDemandProfile,A_Calibrated_BAU,GLOBAL,,ELCBTNXX03,,,2047,S4D2,,,,,0.094559
SpecifiedDemandProfile,A_Calibrated_BAU,GLOBAL,,ELCBTNXX03,,,2048,S4D2,,,,,0.094559
SpecifiedDemandProfile,A_Calibrated_BAU,GLOBAL,,ELCBTNXX03,,,2049,S4D2,,,,,0.094559
SpecifiedDemandProfile,A_Calibrated_BAU,GLOBAL,,ELCBTNXX03,,,2050,S4D2,,,,,0.094559
SpecifiedDemandProfile,A_Calibrated_BAU,GLOBAL,,ELCBTNXX03,,,2023,S4D3,,,,,0.030295
SpecifiedDemandProfile,A_Calibrated_BAU,GLOBAL,,ELCBTNXX03,,,2024,S4D3,,,,,0.030295
SpecifiedDemandProfile,A_Calibrated_BAU,GLOBAL,,ELCBTNXX03,,,2025,S4D3,,,,,0.030295
SpecifiedDemandProfile,A_Calibrated_BAU,GLOBAL,,ELCBTNXX03,,,2026,S4D3,,,,,0.030295
SpecifiedDemandProfile,A_Calibrated_BAU,GLOBAL,,ELCBTNXX03,,,2027,S4D3,,,,,0.030295
SpecifiedDemandProfile,A_Calibrated_BAU,GLOBAL,,ELCBTNXX03,,,2028,S4D3,,,,,0.030295
SpecifiedDemandProfile,A_Calibrated_BAU,GLOBAL,,ELCBTNXX03,,,2029,S4D3,,,,,0.030295
SpecifiedDemandProfile,A_Calibrated_BAU,GLOBAL,,ELCBTNXX03,,,2030,S4D3,,,,,0.030295
SpecifiedDemandProfile,A_Calibrated_BAU,GLOBAL,,ELCBTNXX03,,,2031,S4D3,,,,,0.030295
SpecifiedDemandProfile,A_Calibrated_BAU,GLOBAL,,ELCBTNXX03,,,2032,S4D3,,,,,0.030295
SpecifiedDemandProfile,A_Calibrated_BAU,GLOBAL,,ELCBTNXX03,,,2033,S4D3,,,,,0.030295
SpecifiedDemandProfile,A_Calibrated_BAU,GLOBAL,,ELCBTNXX03,,,2034,S4D3,,,,,0.030295
SpecifiedDemandProfile,A_Calibrated_BAU,GLOBAL,,ELCBTNXX03,,,2035,S4D3,,,,,0.030295
SpecifiedDemandProfile,A_Calibrated_BAU,GLOBAL,,ELCBTNXX03,,,2036,S4D3,,,,,0.030295
SpecifiedDemandProfile,A_Calibrated_BAU,GLOBAL,,ELCBTNXX03,,,2037,S4D3,,,,,0.030295
SpecifiedDemandProfile,A_Calibrated_BAU,GLOBAL,,ELCBTNXX03,,,2038,S4D3,,,,,0.030295
SpecifiedDemandProfile,A_Calibrated_BAU,GLOBAL,,ELCBTNXX03,,,2039,S4D3,,,,,0.030295
SpecifiedDemandProfile,A_Calibrated_BAU,GLOBAL,,ELCBTNXX03,,,2040,S4D3,,,,,0.030295
SpecifiedDemandProfile,A_Calibrated_BAU,GLOBAL,,ELCBTNXX03,,,2041,S4D3,,,,,0.030295
SpecifiedDemandProfile,A_Calibrated_BAU,GLOBAL,,ELCBTNXX03,,,2042,S4D3,,,,,0.030295
SpecifiedDemandProfile,A_Calibrated_BAU,GLOBAL,,ELCBTNXX03,,,2043,S4D3,,,,,0.030295
SpecifiedDemandProfile,A_Calibrated_BAU,GLOBAL,,ELCBTNXX03,,,2044,S4D3,,,,,0.030295
SpecifiedDemandProfile,A_Calibrated_BAU,GLOBAL,,ELCBTNXX03,,,2045,S4D3,,,,,0.030295
SpecifiedDemandProfile,A_Calibrated_BAU,GLOBAL,,ELCBTNXX03,,,2046,S4D3,,,,,0.030295
SpecifiedDemandProfile,A_Calibrated_BAU,GLOBAL,,ELCBTNXX03,,,2047,S4D3,,,,,0.030295
SpecifiedDemandProfile,A_Calibrated_BAU,GLOBAL,,ELCBTNXX03,,,2048,S4D3,,,,,0.030295
SpecifiedDemandProfile,A_Calibrated_BAU,GLOBAL,,ELCBTNXX03,,,2049,S4D3,,,,,0.030295
SpecifiedDemandProfile,A_Calibrated_BAU,GLOBAL,,ELCBTNXX03,,,2050,S4D3,,,,,0.030295
SpecifiedDemandProfile,A_Calibrated_BAU,GLOBAL,,ELCBTNXX03,,,2023,S4D4,,,,,0.021751
SpecifiedDemandProfile,A_Calibrated_BAU,GLOBAL,,ELCBTNXX03,,,2024,S4D4,,,,,0.021751
SpecifiedDemandProfile,A_Calibrated_BAU,GLOBAL,,ELCBTNXX03,,,2025,S4D4,,,,,0.021751
SpecifiedDemandProfile,A_Calibrated_BAU,GLOBAL,,ELCBTNXX03,,,2026,S4D4,,,,,0.021751
SpecifiedDemandProfile,A_Calibrated_BAU,GLOBAL,,ELCBTNXX03,,,2027,S4D4,,,,,0.021751
SpecifiedDemandProfile,A_Calibrated_BAU,GLOBAL,,ELCBTNXX03,,,2028,S4D4,,,,,0.021751
SpecifiedDemandProfile,A_Calibrated_BAU,GLOBAL,,ELCBTNXX03,,,2029,S4D4,,,,,0.021751
SpecifiedDemandProfile,A_Calibrated_BAU,GLOBAL,,ELCBTNXX03,,,2030,S4D4,,,,,0.021751
SpecifiedDemandProfile,A_Calibrated_BAU,GLOBAL,,ELCBTNXX03,,,2031,S4D4,,,,,0.021751
SpecifiedDemandProfile,A_Calibrated_BAU,GLOBAL,,ELCBTNXX03,,,2032,S4D4,,,,,0.021751
SpecifiedDemandProfile,A_Calibrated_BAU,GLOBAL,,ELCBTNXX03,,,2033,S4D4,,,,,0.021751
SpecifiedDemandProfile,A_Calibrated_BAU,GLOBAL,,ELCBTNXX03,,,2034,S4D4,,,,,0.021751
SpecifiedDemandProfile,A_Calibrated_BAU,GLOBAL,,ELCBTNXX03,,,2035,S4D4,,,,,0.021751
SpecifiedDemandProfile,A_Calibrated_BAU,GLOBAL,,ELCBTNXX03,,,2036,S4D4,,,,,0.021751
SpecifiedDemandProfile,A_Calibrated_BAU,GLOBAL,,ELCBTNXX03,,,2037,S4D4,,,,,0.021751
SpecifiedDemandProfile,A_Calibrated_BAU,GLOBAL,,ELCBTNXX03,,,2038,S4D4,,,,,0.021751
SpecifiedDemandProfile,A_Calibrated_BAU,GLOBAL,,ELCBTNXX03,,,2039,S4D4,,,,,0.021751
SpecifiedDemandProfile,A_Calibrated_BAU,GLOBAL,,ELCBTNXX03,,,2040,S4D4,,,,,0.021751
SpecifiedDemandProfile,A_Calibrated_BAU,GLOBAL,,ELCBTNXX03,,,2041,S4D4,,,,,0.021751
SpecifiedDemandProfile,A_Calibrated_BAU,GLOBAL,,ELCBTNXX03,,,2042,S4D4,,,,,0.021751
SpecifiedDemandProfile,A_Calibrated_BAU,GLOBAL,,ELCBTNXX03,,,2043,S4D4,,,,,0.021751
SpecifiedDemandProfile,A_Calibrated_BAU,GLOBAL,,ELCBTNXX03,,,2044,S4D4,,,,,0.021751
SpecifiedDemandProfile,A_Calibrated_BAU,GLOBAL,,ELCBTNXX03,,,2045,S4D4,,,,,0.021751
SpecifiedDemandProfile,A_Calibrated_BAU,GLOBAL,,ELCBTNXX03,,,2046,S4D4,,,,,0.021751
SpecifiedDemandProfile,A_Calibrated_BAU,GLOBAL,,ELCBTNXX03,,,2047,S4D4,,,,,0.021751
SpecifiedDemandProfile,A_Calibrated_BAU,GLOBAL,,ELCBTNXX03,,,2048,S4D4,,,,,0.021751
SpecifiedDemandProfile,A_Calibrated_BAU,GLOBAL,,ELCBTNXX03,,,2049,S4D4,,,,,0.021751
SpecifiedDemandProfile,A_Calibrated_BAU,GLOBAL,,ELCBTNXX03,,,2050,S4D4,,,,,0.021751
SpecifiedDemandProfile,A_Calibrated_BAU,GLOBAL,,ELCBTNXX03,,,2023,S4D5,,,,,0.0169
SpecifiedDemandProfile,A_Calibrated_BAU,GLOBAL,,ELCBTNXX03,,,2024,S4D5,,,,,0.0169
SpecifiedDemandProfile,A_Calibrated_BAU,GLOBAL,,ELCBTNXX03,,,2025,S4D5,,,,,0.0169
SpecifiedDemandProfile,A_Calibrated_BAU,GLOBAL,,ELCBTNXX03,,,2026,S4D5,,,,,0.0169
SpecifiedDemandProfile,A_Calibrated_BAU,GLOBAL,,ELCBTNXX03,,,2027,S4D5,,,,,0.0169
SpecifiedDemandProfile,A_Calibrated_BAU,GLOBAL,,ELCBTNXX03,,,2028,S4D5,,,,,0.0169
SpecifiedDemandProfile,A_Calibrated_BAU,GLOBAL,,ELCBTNXX03,,,2029,S4D5,,,,,0.0169
SpecifiedDemandProfile,A_Calibrated_BAU,GLOBAL,,ELCBTNXX03,,,2030,S4D5,,,,,0.0169
SpecifiedDemandProfile,A_Calibrated_BAU,GLOBAL,,ELCBTNXX03,,,2031,S4D5,,,,,0.0169
SpecifiedDemandProfile,A_Calibrated_BAU,GLOBAL,,ELCBTNXX03,,,2032,S4D5,,,,,0.0169
SpecifiedDemandProfile,A_Calibrated_BAU,GLOBAL,,ELCBTNXX03,,,2033,S4D5,,,,,0.0169
SpecifiedDemandProfile,A_Calibrated_BAU,GLOBAL,,ELCBTNXX03,,,2034,S4D5,,,,,0.0169
SpecifiedDemandProfile,A_Calibrated_BAU,GLOBAL,,ELCBTNXX03,,,2035,S4D5,,,,,0.0169
SpecifiedDemandProfile,A_Calibrated_BAU,GLOBAL,,ELCBTNXX03,,,2036,S4D5,,,,,0.0169
SpecifiedDemandProfile,A_Calibrated_BAU,GLOBAL,,ELCBTNXX03,,,2037,S4D5,,,,,0.0169
SpecifiedDemandProfile,A_Calibrated_BAU,GLOBAL,,ELCBTNXX03,,,2038,S4D5,,,,,0.0169
SpecifiedDemandProfile,A_Calibrated_BAU,GLOBAL,,ELCBTNXX03,,,2039,S4D5,,,,,0.0169
SpecifiedDemandProfile,A_Calibrated_BAU,GLOBAL,,ELCBTNXX03,,,2040,S4D5,,,,,0.0169
SpecifiedDemandProfile,A_Calibrated_BAU,GLOBAL,,ELCBTNXX03,,,2041,S4D5,,,,,0.0169
SpecifiedDemandProfile,A_Calibrated_BAU,GLOBAL,,ELCBTNXX03,,,2042,S4D5,,,,,0.0169
SpecifiedDemandProfile,A_Calibrated_BAU,GLOBAL,,ELCBTNXX03,,,2043,S4D5,,,,,0.0169
SpecifiedDemandProfile,A_Calibrated_BAU,GLOBAL,,ELCBTNXX03,,,2044,S4D5,,,,,0.0169
SpecifiedDemandProfile,A_Calibrated_BAU,GLOBAL,,ELCBTNXX03,,,2045,S4D5,,,,,0.0169
SpecifiedDemandProfile,A_Calibrated_BAU,GLOBAL,,ELCBTNXX03,,,2046,S4D5,,,,,0.0169
SpecifiedDemandProfile,A_Calibrated_BAU,GLOBAL,,ELCBTNXX03,,,2047,S4D5,,,,,0.0169
SpecifiedDemandProfile,A_Calibrated_BAU,GLOBAL,,ELCBTNXX03,,,2048,S4D5,,,,,0.0169
SpecifiedDemandProfile,A_Calibrated_BAU,GLOBAL,,ELCBTNXX03,,,2049,S4D5,,,,,0.0169
SpecifiedDemandProfile,A_Calibrated_BAU,GLOBAL,,ELCBTNXX03,,,2050,S4D5,,,,,0.0169
SpecifiedDemandProfile,A_Calibrated_BAU,GLOBAL,,ELCINDNO03,,,2023,S1D1,,,,,0.044574
SpecifiedDemandProfile,A_Calibrated_BAU,GLOBAL,,ELCINDNO03,,,2024,S1D1,,,,,0.044574
SpecifiedDemandProfile,A_Calibrated_BAU,GLOBAL,,ELCINDNO03,,,2025,S1D1,,,,,0.044574
SpecifiedDemandProfile,A_Calibrated_BAU,GLOBAL,,ELCINDNO03,,,2026,S1D1,,,,,0.044574
SpecifiedDemandProfile,A_Calibrated_BAU,GLOBAL,,ELCINDNO03,,,2027,S1D1,,,,,0.044574
SpecifiedDemandProfile,A_Calibrated_BAU,GLOBAL,,ELCINDNO03,,,2028,S1D1,,,,,0.044574
SpecifiedDemandProfile,A_Calibrated_BAU,GLOBAL,,ELCINDNO03,,,2029,S1D1,,,,,0.044574
SpecifiedDemandProfile,A_Calibrated_BAU,GLOBAL,,ELCINDNO03,,,2030,S1D1,,,,,0.044574
SpecifiedDemandProfile,A_Calibrated_BAU,GLOBAL,,ELCINDNO03,,,2031,S1D1,,,,,0.044574
SpecifiedDemandProfile,A_Calibrated_BAU,GLOBAL,,ELCINDNO03,,,2032,S1D1,,,,,0.044574
SpecifiedDemandProfile,A_Calibrated_BAU,GLOBAL,,ELCINDNO03,,,2033,S1D1,,,,,0.044574
SpecifiedDemandProfile,A_Calibrated_BAU,GLOBAL,,ELCINDNO03,,,2034,S1D1,,,,,0.044574
SpecifiedDemandProfile,A_Calibrated_BAU,GLOBAL,,ELCINDNO03,,,2035,S1D1,,,,,0.044574
SpecifiedDemandProfile,A_Calibrated_BAU,GLOBAL,,ELCINDNO03,,,2036,S1D1,,,,,0.044574
SpecifiedDemandProfile,A_Calibrated_BAU,GLOBAL,,ELCINDNO03,,,2037,S1D1,,,,,0.044574
SpecifiedDemandProfile,A_Calibrated_BAU,GLOBAL,,ELCINDNO03,,,2038,S1D1,,,,,0.044574
SpecifiedDemandProfile,A_Calibrated_BAU,GLOBAL,,ELCINDNO03,,,2039,S1D1,,,,,0.044574
SpecifiedDemandProfile,A_Calibrated_BAU,GLOBAL,,ELCINDNO03,,,2040,S1D1,,,,,0.044574
SpecifiedDemandProfile,A_Calibrated_BAU,GLOBAL,,ELCINDNO03,,,2041,S1D1,,,,,0.044574
SpecifiedDemandProfile,A_Calibrated_BAU,GLOBAL,,ELCINDNO03,,,2042,S1D1,,,,,0.044574
SpecifiedDemandProfile,A_Calibrated_BAU,GLOBAL,,ELCINDNO03,,,2043,S1D1,,,,,0.044574
SpecifiedDemandProfile,A_Calibrated_BAU,GLOBAL,,ELCINDNO03,,,2044,S1D1,,,,,0.044574
SpecifiedDemandProfile,A_Calibrated_BAU,GLOBAL,,ELCINDNO03,,,2045,S1D1,,,,,0.044574
SpecifiedDemandProfile,A_Calibrated_BAU,GLOBAL,,ELCINDNO03,,,2046,S1D1,,,,,0.044574
SpecifiedDemandProfile,A_Calibrated_BAU,GLOBAL,,ELCINDNO03,,,2047,S1D1,,,,,0.044574
SpecifiedDemandProfile,A_Calibrated_BAU,GLOBAL,,ELCINDNO03,,,2048,S1D1,,,,,0.044574
SpecifiedDemandProfile,A_Calibrated_BAU,GLOBAL,,ELCINDNO03,,,2049,S1D1,,,,,0.044574
SpecifiedDemandProfile,A_Calibrated_BAU,GLOBAL,,ELCINDNO03,,,2050,S1D1,,,,,0.044574
SpecifiedDemandProfile,A_Calibrated_BAU,GLOBAL,,ELCINDNO03,,,2023,S1D2,,,,,0.118547
SpecifiedDemandProfile,A_Calibrated_BAU,GLOBAL,,ELCINDNO03,,,2024,S1D2,,,,,0.118547
SpecifiedDemandProfile,A_Calibrated_BAU,GLOBAL,,ELCINDNO03,,,2025,S1D2,,,,,0.118547
SpecifiedDemandProfile,A_Calibrated_BAU,GLOBAL,,ELCINDNO03,,,2026,S1D2,,,,,0.118547
SpecifiedDemandProfile,A_Calibrated_BAU,GLOBAL,,ELCINDNO03,,,2027,S1D2,,,,,0.118547
SpecifiedDemandProfile,A_Calibrated_BAU,GLOBAL,,ELCINDNO03,,,2028,S1D2,,,,,0.118547
SpecifiedDemandProfile,A_Calibrated_BAU,GLOBAL,,ELCINDNO03,,,2029,S1D2,,,,,0.118547
SpecifiedDemandProfile,A_Calibrated_BAU,GLOBAL,,ELCINDNO03,,,2030,S1D2,,,,,0.118547
SpecifiedDemandProfile,A_Calibrated_BAU,GLOBAL,,ELCINDNO03,,,2031,S1D2,,,,,0.118547
SpecifiedDemandProfile,A_Calibrated_BAU,GLOBAL,,ELCINDNO03,,,2032,S1D2,,,,,0.118547
SpecifiedDemandProfile,A_Calibrated_BAU,GLOBAL,,ELCINDNO03,,,2033,S1D2,,,,,0.118547
SpecifiedDemandProfile,A_Calibrated_BAU,GLOBAL,,ELCINDNO03,,,2034,S1D2,,,,,0.118547
SpecifiedDemandProfile,A_Calibrated_BAU,GLOBAL,,ELCINDNO03,,,2035,S1D2,,,,,0.118547
SpecifiedDemandProfile,A_Calibrated_BAU,GLOBAL,,ELCINDNO03,,,2036,S1D2,,,,,0.118547
SpecifiedDemandProfile,A_Calibrated_BAU,GLOBAL,,ELCINDNO03,,,2037,S1D2,,,,,0.118547
SpecifiedDemandProfile,A_Calibrated_BAU,GLOBAL,,ELCINDNO03,,,2038,S1D2,,,,,0.118547
SpecifiedDemandProfile,A_Calibrated_BAU,GLOBAL,,ELCINDNO03,,,2039,S1D2,,,,,0.118547
SpecifiedDemandProfile,A_Calibrated_BAU,GLOBAL,,ELCINDNO03,,,2040,S1D2,,,,,0.118547
SpecifiedDemandProfile,A_Calibrated_BAU,GLOBAL,,ELCINDNO03,,,2041,S1D2,,,,,0.118547
SpecifiedDemandProfile,A_Calibrated_BAU,GLOBAL,,ELCINDNO03,,,2042,S1D2,,,,,0.118547
SpecifiedDemandProfile,A_Calibrated_BAU,GLOBAL,,ELCINDNO03,,,2043,S1D2,,,,,0.118547
SpecifiedDemandProfile,A_Calibrated_BAU,GLOBAL,,ELCINDNO03,,,2044,S1D2,,,,,0.118547
SpecifiedDemandProfile,A_Calibrated_BAU,GLOBAL,,ELCINDNO03,,,2045,S1D2,,,,,0.118547
SpecifiedDemandProfile,A_Calibrated_BAU,GLOBAL,,ELCINDNO03,,,2046,S1D2,,,,,0.118547
SpecifiedDemandProfile,A_Calibrated_BAU,GLOBAL,,ELCINDNO03,,,2047,S1D2,,,,,0.118547
SpecifiedDemandProfile,A_Calibrated_BAU,GLOBAL,,ELCINDNO03,,,2048,S1D2,,,,,0.118547
SpecifiedDemandProfile,A_Calibrated_BAU,GLOBAL,,ELCINDNO03,,,2049,S1D2,,,,,0.118547
SpecifiedDemandProfile,A_Calibrated_BAU,GLOBAL,,ELCINDNO03,,,2050,S1D2,,,,,0.118547
SpecifiedDemandProfile,A_Calibrated_BAU,GLOBAL,,ELCINDNO03,,,2023,S1D3,,,,,0.031655
SpecifiedDemandProfile,A_Calibrated_BAU,GLOBAL,,ELCINDNO03,,,2024,S1D3,,,,,0.031655
SpecifiedDemandProfile,A_Calibrated_BAU,GLOBAL,,ELCINDNO03,,,2025,S1D3,,,,,0.031655
SpecifiedDemandProfile,A_Calibrated_BAU,GLOBAL,,ELCINDNO03,,,2026,S1D3,,,,,0.031655
SpecifiedDemandProfile,A_Calibrated_BAU,GLOBAL,,ELCINDNO03,,,2027,S1D3,,,,,0.031655
SpecifiedDemandProfile,A_Calibrated_BAU,GLOBAL,,ELCINDNO03,,,2028,S1D3,,,,,0.031655
SpecifiedDemandProfile,A_Calibrated_BAU,GLOBAL,,ELCINDNO03,,,2029,S1D3,,,,,0.031655
SpecifiedDemandProfile,A_Calibrated_BAU,GLOBAL,,ELCINDNO03,,,2030,S1D3,,,,,0.031655
SpecifiedDemandProfile,A_Calibrated_BAU,GLOBAL,,ELCINDNO03,,,2031,S1D3,,,,,0.031655
SpecifiedDemandProfile,A_Calibrated_BAU,GLOBAL,,ELCINDNO03,,,2032,S1D3,,,,,0.031655
SpecifiedDemandProfile,A_Calibrated_BAU,GLOBAL,,ELCINDNO03,,,2033,S1D3,,,,,0.031655
SpecifiedDemandProfile,A_Calibrated_BAU,GLOBAL,,ELCINDNO03,,,2034,S1D3,,,,,0.031655
SpecifiedDemandProfile,A_Calibrated_BAU,GLOBAL,,ELCINDNO03,,,2035,S1D3,,,,,0.031655
SpecifiedDemandProfile,A_Calibrated_BAU,GLOBAL,,ELCINDNO03,,,2036,S1D3,,,,,0.031655
SpecifiedDemandProfile,A_Calibrated_BAU,GLOBAL,,ELCINDNO03,,,2037,S1D3,,,,,0.031655
SpecifiedDemandProfile,A_Calibrated_BAU,GLOBAL,,ELCINDNO03,,,2038,S1D3,,,,,0.031655
SpecifiedDemandProfile,A_Calibrated_BAU,GLOBAL,,ELCINDNO03,,,2039,S1D3,,,,,0.031655
SpecifiedDemandProfile,A_Calibrated_BAU,GLOBAL,,ELCINDNO03,,,2040,S1D3,,,,,0.031655
SpecifiedDemandProfile,A_Calibrated_BAU,GLOBAL,,ELCINDNO03,,,2041,S1D3,,,,,0.031655
SpecifiedDemandProfile,A_Calibrated_BAU,GLOBAL,,ELCINDNO03,,,2042,S1D3,,,,,0.031655
SpecifiedDemandProfile,A_Calibrated_BAU,GLOBAL,,ELCINDNO03,,,2043,S1D3,,,,,0.031655
SpecifiedDemandProfile,A_Calibrated_BAU,GLOBAL,,ELCINDNO03,,,2044,S1D3,,,,,0.031655
SpecifiedDemandProfile,A_Calibrated_BAU,GLOBAL,,ELCINDNO03,,,2045,S1D3,,,,,0.031655
SpecifiedDemandProfile,A_Calibrated_BAU,GLOBAL,,ELCINDNO03,,,2046,S1D3,,,,,0.031655
SpecifiedDemandProfile,A_Calibrated_BAU,GLOBAL,,ELCINDNO03,,,2047,S1D3,,,,,0.031655
SpecifiedDemandProfile,A_Calibrated_BAU,GLOBAL,,ELCINDNO03,,,2048,S1D3,,,,,0.031655
SpecifiedDemandProfile,A_Calibrated_BAU,GLOBAL,,ELCINDNO03,,,2049,S1D3,,,,,0.031655
SpecifiedDemandProfile,A_Calibrated_BAU,GLOBAL,,ELCINDNO03,,,2050,S1D3,,,,,0.031655
SpecifiedDemandProfile,A_Calibrated_BAU,GLOBAL,,ELCINDNO03,,,2023,S1D4,,,,,0.0201
SpecifiedDemandProfile,A_Calibrated_BAU,GLOBAL,,ELCINDNO03,,,2024,S1D4,,,,,0.0201
SpecifiedDemandProfile,A_Calibrated_BAU,GLOBAL,,ELCINDNO03,,,2025,S1D4,,,,,0.0201
SpecifiedDemandProfile,A_Calibrated_BAU,GLOBAL,,ELCINDNO03,,,2026,S1D4,,,,,0.0201
SpecifiedDemandProfile,A_Calibrated_BAU,GLOBAL,,ELCINDNO03,,,2027,S1D4,,,,,0.0201
SpecifiedDemandProfile,A_Calibrated_BAU,GLOBAL,,ELCINDNO03,,,2028,S1D4,,,,,0.0201
SpecifiedDemandProfile,A_Calibrated_BAU,GLOBAL,,ELCINDNO03,,,2029,S1D4,,,,,0.0201
SpecifiedDemandProfile,A_Calibrated_BAU,GLOBAL,,ELCINDNO03,,,2030,S1D4,,,,,0.0201
SpecifiedDemandProfile,A_Calibrated_BAU,GLOBAL,,ELCINDNO03,,,2031,S1D4,,,,,0.0201
SpecifiedDemandProfile,A_Calibrated_BAU,GLOBAL,,ELCINDNO03,,,2032,S1D4,,,,,0.0201
SpecifiedDemandProfile,A_Calibrated_BAU,GLOBAL,,ELCINDNO03,,,2033,S1D4,,,,,0.0201
SpecifiedDemandProfile,A_Calibrated_BAU,GLOBAL,,ELCINDNO03,,,2034,S1D4,,,,,0.0201
SpecifiedDemandProfile,A_Calibrated_BAU,GLOBAL,,ELCINDNO03,,,2035,S1D4,,,,,0.0201
SpecifiedDemandProfile,A_Calibrated_BAU,GLOBAL,,ELCINDNO03,,,2036,S1D4,,,,,0.0201
SpecifiedDemandProfile,A_Calibrated_BAU,GLOBAL,,ELCINDNO03,,,2037,S1D4,,,,,0.0201
SpecifiedDemandProfile,A_Calibrated_BAU,GLOBAL,,ELCINDNO03,,,2038,S1D4,,,,,0.0201
SpecifiedDemandProfile,A_Calibrated_BAU,GLOBAL,,ELCINDNO03,,,2039,S1D4,,,,,0.0201
SpecifiedDemandProfile,A_Calibrated_BAU,GLOBAL,,ELCINDNO03,,,2040,S1D4,,,,,0.0201
SpecifiedDemandProfile,A_Calibrated_BAU,GLOBAL,,ELCINDNO03,,,2041,S1D4,,,,,0.0201
SpecifiedDemandProfile,A_Calibrated_BAU,GLOBAL,,ELCINDNO03,,,2042,S1D4,,,,,0.0201
SpecifiedDemandProfile,A_Calibrated_BAU,GLOBAL,,ELCINDNO03,,,2043,S1D4,,,,,0.0201
SpecifiedDemandProfile,A_Calibrated_BAU,GLOBAL,,ELCINDNO03,,,2044,S1D4,,,,,0.0201
SpecifiedDemandProfile,A_Calibrated_BAU,GLOBAL,,ELCINDNO03,,,2045,S1D4,,,,,0.0201
SpecifiedDemandProfile,A_Calibrated_BAU,GLOBAL,,ELCINDNO03,,,2046,S1D4,,,,,0.0201
SpecifiedDemandProfile,A_Calibrated_BAU,GLOBAL,,ELCINDNO03,,,2047,S1D4,,,,,0.0201
SpecifiedDemandProfile,A_Calibrated_BAU,GLOBAL,,ELCINDNO03,,,2048,S1D4,,,,,0.0201
SpecifiedDemandProfile,A_Calibrated_BAU,GLOBAL,,ELCINDNO03,,,2049,S1D4,,,,,0.0201
SpecifiedDemandProfile,A_Calibrated_BAU,GLOBAL,,ELCINDNO03,,,2050,S1D4,,,,,0.0201
SpecifiedDemandProfile,A_Calibrated_BAU,GLOBAL,,ELCINDNO03,,,2023,S1D5,,,,,0.017245
SpecifiedDemandProfile,A_Calibrated_BAU,GLOBAL,,ELCINDNO03,,,2024,S1D5,,,,,0.017245
SpecifiedDemandProfile,A_Calibrated_BAU,GLOBAL,,ELCINDNO03,,,2025,S1D5,,,,,0.017245
SpecifiedDemandProfile,A_Calibrated_BAU,GLOBAL,,ELCINDNO03,,,2026,S1D5,,,,,0.017245
SpecifiedDemandProfile,A_Calibrated_BAU,GLOBAL,,ELCINDNO03,,,2027,S1D5,,,,,0.017245
SpecifiedDemandProfile,A_Calibrated_BAU,GLOBAL,,ELCINDNO03,,,2028,S1D5,,,,,0.017245
SpecifiedDemandProfile,A_Calibrated_BAU,GLOBAL,,ELCINDNO03,,,2029,S1D5,,,,,0.017245
SpecifiedDemandProfile,A_Calibrated_BAU,GLOBAL,,ELCINDNO03,,,2030,S1D5,,,,,0.017245
SpecifiedDemandProfile,A_Calibrated_BAU,GLOBAL,,ELCINDNO03,,,2031,S1D5,,,,,0.017245
SpecifiedDemandProfile,A_Calibrated_BAU,GLOBAL,,ELCINDNO03,,,2032,S1D5,,,,,0.017245
SpecifiedDemandProfile,A_Calibrated_BAU,GLOBAL,,ELCINDNO03,,,2033,S1D5,,,,,0.017245
SpecifiedDemandProfile,A_Calibrated_BAU,GLOBAL,,ELCINDNO03,,,2034,S1D5,,,,,0.017245
SpecifiedDemandProfile,A_Calibrated_BAU,GLOBAL,,ELCINDNO03,,,2035,S1D5,,,,,0.017245
SpecifiedDemandProfile,A_Calibrated_BAU,GLOBAL,,ELCINDNO03,,,2036,S1D5,,,,,0.017245
SpecifiedDemandProfile,A_Calibrated_BAU,GLOBAL,,ELCINDNO03,,,2037,S1D5,,,,,0.017245
SpecifiedDemandProfile,A_Calibrated_BAU,GLOBAL,,ELCINDNO03,,,2038,S1D5,,,,,0.017245
SpecifiedDemandProfile,A_Calibrated_BAU,GLOBAL,,ELCINDNO03,,,2039,S1D5,,,,,0.017245
SpecifiedDemandProfile,A_Calibrated_BAU,GLOBAL,,ELCINDNO03,,,2040,S1D5,,,,,0.017245
SpecifiedDemandProfile,A_Calibrated_BAU,GLOBAL,,ELCINDNO03,,,2041,S1D5,,,,,0.017245
SpecifiedDemandProfile,A_Calibrated_BAU,GLOBAL,,ELCINDNO03,,,2042,S1D5,,,,,0.017245
SpecifiedDemandProfile,A_Calibrated_BAU,GLOBAL,,ELCINDNO03,,,2043,S1D5,,,,,0.017245
SpecifiedDemandProfile,A_Calibrated_BAU,GLOBAL,,ELCINDNO03,,,2044,S1D5,,,,,0.017245
SpecifiedDemandProfile,A_Calibrated_BAU,GLOBAL,,ELCINDNO03,,,2045,S1D5,,,,,0.017245
SpecifiedDemandProfile,A_Calibrated_BAU,GLOBAL,,ELCINDNO03,,,2046,S1D5,,,,,0.017245
SpecifiedDemandProfile,A_Calibrated_BAU,GLOBAL,,ELCINDNO03,,,2047,S1D5,,,,,0.017245
SpecifiedDemandProfile,A_Calibrated_BAU,GLOBAL,,ELCINDNO03,,,2048,S1D5,,,,,0.017245
SpecifiedDemandProfile,A_Calibrated_BAU,GLOBAL,,ELCINDNO03,,,2049,S1D5,,,,,0.017245
SpecifiedDemandProfile,A_Calibrated_BAU,GLOBAL,,ELCINDNO03,,,2050,S1D5,,,,,0.017245
SpecifiedDemandProfile,A_Calibrated_BAU,GLOBAL,,ELCINDNO03,,,2023,S2D1,,,,,0.065498
SpecifiedDemandProfile,A_Calibrated_BAU,GLOBAL,,ELCINDNO03,,,2024,S2D1,,,,,0.065498
SpecifiedDemandProfile,A_Calibrated_BAU,GLOBAL,,ELCINDNO03,,,2025,S2D1,,,,,0.065498
SpecifiedDemandProfile,A_Calibrated_BAU,GLOBAL,,ELCINDNO03,,,2026,S2D1,,,,,0.065498
SpecifiedDemandProfile,A_Calibrated_BAU,GLOBAL,,ELCINDNO03,,,2027,S2D1,,,,,0.065498
SpecifiedDemandProfile,A_Calibrated_BAU,GLOBAL,,ELCINDNO03,,,2028,S2D1,,,,,0.065498
SpecifiedDemandProfile,A_Calibrated_BAU,GLOBAL,,ELCINDNO03,,,2029,S2D1,,,,,0.065498
SpecifiedDemandProfile,A_Calibrated_BAU,GLOBAL,,ELCINDNO03,,,2030,S2D1,,,,,0.065498
SpecifiedDemandProfile,A_Calibrated_BAU,GLOBAL,,ELCINDNO03,,,2031,S2D1,,,,,0.065498
SpecifiedDemandProfile,A_Calibrated_BAU,GLOBAL,,ELCINDNO03,,,2032,S2D1,,,,,0.065498
SpecifiedDemandProfile,A_Calibrated_BAU,GLOBAL,,ELCINDNO03,,,2033,S2D1,,,,,0.065498
SpecifiedDemandProfile,A_Calibrated_BAU,GLOBAL,,ELCINDNO03,,,2034,S2D1,,,,,0.065498
SpecifiedDemandProfile,A_Calibrated_BAU,GLOBAL,,ELCINDNO03,,,2035,S2D1,,,,,0.065498
SpecifiedDemandProfile,A_Calibrated_BAU,GLOBAL,,ELCINDNO03,,,2036,S2D1,,,,,0.065498
SpecifiedDemandProfile,A_Calibrated_BAU,GLOBAL,,ELCINDNO03,,,2037,S2D1,,,,,0.065498
SpecifiedDemandProfile,A_Calibrated_BAU,GLOBAL,,ELCINDNO03,,,2038,S2D1,,,,,0.065498
SpecifiedDemandProfile,A_Calibrated_BAU,GLOBAL,,ELCINDNO03,,,2039,S2D1,,,,,0.065498
SpecifiedDemandProfile,A_Calibrated_BAU,GLOBAL,,ELCINDNO03,,,2040,S2D1,,,,,0.065498
SpecifiedDemandProfile,A_Calibrated_BAU,GLOBAL,,ELCINDNO03,,,2041,S2D1,,,,,0.065498
SpecifiedDemandProfile,A_Calibrated_BAU,GLOBAL,,ELCINDNO03,,,2042,S2D1,,,,,0.065498
SpecifiedDemandProfile,A_Calibrated_BAU,GLOBAL,,ELCINDNO03,,,2043,S2D1,,,,,0.065498
SpecifiedDemandProfile,A_Calibrated_BAU,GLOBAL,,ELCINDNO03,,,2044,S2D1,,,,,0.065498
SpecifiedDemandProfile,A_Calibrated_BAU,GLOBAL,,ELCINDNO03,,,2045,S2D1,,,,,0.065498
SpecifiedDemandProfile,A_Calibrated_BAU,GLOBAL,,ELCINDNO03,,,2046,S2D1,,,,,0.065498
SpecifiedDemandProfile,A_Calibrated_BAU,GLOBAL,,ELCINDNO03,,,2047,S2D1,,,,,0.065498
SpecifiedDemandProfile,A_Calibrated_BAU,GLOBAL,,ELCINDNO03,,,2048,S2D1,,,,,0.065498
SpecifiedDemandProfile,A_Calibrated_BAU,GLOBAL,,ELCINDNO03,,,2049,S2D1,,,,,0.065498
SpecifiedDemandProfile,A_Calibrated_BAU,GLOBAL,,ELCINDNO03,,,2050,S2D1,,,,,0.065498
SpecifiedDemandProfile,A_Calibrated_BAU,GLOBAL,,ELCINDNO03,,,2023,S2D2,,,,,0.132266
SpecifiedDemandProfile,A_Calibrated_BAU,GLOBAL,,ELCINDNO03,,,2024,S2D2,,,,,0.132266
SpecifiedDemandProfile,A_Calibrated_BAU,GLOBAL,,ELCINDNO03,,,2025,S2D2,,,,,0.132266
SpecifiedDemandProfile,A_Calibrated_BAU,GLOBAL,,ELCINDNO03,,,2026,S2D2,,,,,0.132266
SpecifiedDemandProfile,A_Calibrated_BAU,GLOBAL,,ELCINDNO03,,,2027,S2D2,,,,,0.132266
SpecifiedDemandProfile,A_Calibrated_BAU,GLOBAL,,ELCINDNO03,,,2028,S2D2,,,,,0.132266
SpecifiedDemandProfile,A_Calibrated_BAU,GLOBAL,,ELCINDNO03,,,2029,S2D2,,,,,0.132266
SpecifiedDemandProfile,A_Calibrated_BAU,GLOBAL,,ELCINDNO03,,,2030,S2D2,,,,,0.132266
SpecifiedDemandProfile,A_Calibrated_BAU,GLOBAL,,ELCINDNO03,,,2031,S2D2,,,,,0.132266
SpecifiedDemandProfile,A_Calibrated_BAU,GLOBAL,,ELCINDNO03,,,2032,S2D2,,,,,0.132266
SpecifiedDemandProfile,A_Calibrated_BAU,GLOBAL,,ELCINDNO03,,,2033,S2D2,,,,,0.132266
SpecifiedDemandProfile,A_Calibrated_BAU,GLOBAL,,ELCINDNO03,,,2034,S2D2,,,,,0.132266
SpecifiedDemandProfile,A_Calibrated_BAU,GLOBAL,,ELCINDNO03,,,2035,S2D2,,,,,0.132266
SpecifiedDemandProfile,A_Calibrated_BAU,GLOBAL,,ELCINDNO03,,,2036,S2D2,,,,,0.132266
SpecifiedDemandProfile,A_Calibrated_BAU,GLOBAL,,ELCINDNO03,,,2037,S2D2,,,,,0.132266
SpecifiedDemandProfile,A_Calibrated_BAU,GLOBAL,,ELCINDNO03,,,2038,S2D2,,,,,0.132266
SpecifiedDemandProfile,A_Calibrated_BAU,GLOBAL,,ELCINDNO03,,,2039,S2D2,,,,,0.132266
SpecifiedDemandProfile,A_Calibrated_BAU,GLOBAL,,ELCINDNO03,,,2040,S2D2,,,,,0.132266
SpecifiedDemandProfile,A_Calibrated_BAU,GLOBAL,,ELCINDNO03,,,2041,S2D2,,,,,0.132266
SpecifiedDemandProfile,A_Calibrated_BAU,GLOBAL,,ELCINDNO03,,,2042,S2D2,,,,,0.132266
SpecifiedDemandProfile,A_Calibrated_BAU,GLOBAL,,ELCINDNO03,,,2043,S2D2,,,,,0.132266
SpecifiedDemandProfile,A_Calibrated_BAU,GLOBAL,,ELCINDNO03,,,2044,S2D2,,,,,0.132266
SpecifiedDemandProfile,A_Calibrated_BAU,GLOBAL,,ELCINDNO03,,,2045,S2D2,,,,,0.132266
SpecifiedDemandProfile,A_Calibrated_BAU,GLOBAL,,ELCINDNO03,,,2046,S2D2,,,,,0.132266
SpecifiedDemandProfile,A_Calibrated_BAU,GLOBAL,,ELCINDNO03,,,2047,S2D2,,,,,0.132266
SpecifiedDemandProfile,A_Calibrated_BAU,GLOBAL,,ELCINDNO03,,,2048,S2D2,,,,,0.132266
SpecifiedDemandProfile,A_Calibrated_BAU,GLOBAL,,ELCINDNO03,,,2049,S2D2,,,,,0.132266
SpecifiedDemandProfile,A_Calibrated_BAU,GLOBAL,,ELCINDNO03,,,2050,S2D2,,,,,0.132266
SpecifiedDemandProfile,A_Calibrated_BAU,GLOBAL,,ELCINDNO03,,,2023,S2D3,,,,,0.035717
SpecifiedDemandProfile,A_Calibrated_BAU,GLOBAL,,ELCINDNO03,,,2024,S2D3,,,,,0.035717
SpecifiedDemandProfile,A_Calibrated_BAU,GLOBAL,,ELCINDNO03,,,2025,S2D3,,,,,0.035717
SpecifiedDemandProfile,A_Calibrated_BAU,GLOBAL,,ELCINDNO03,,,2026,S2D3,,,,,0.035717
SpecifiedDemandProfile,A_Calibrated_BAU,GLOBAL,,ELCINDNO03,,,2027,S2D3,,,,,0.035717
SpecifiedDemandProfile,A_Calibrated_BAU,GLOBAL,,ELCINDNO03,,,2028,S2D3,,,,,0.035717
SpecifiedDemandProfile,A_Calibrated_BAU,GLOBAL,,ELCINDNO03,,,2029,S2D3,,,,,0.035717
SpecifiedDemandProfile,A_Calibrated_BAU,GLOBAL,,ELCINDNO03,,,2030,S2D3,,,,,0.035717
SpecifiedDemandProfile,A_Calibrated_BAU,GLOBAL,,ELCINDNO03,,,2031,S2D3,,,,,0.035717
SpecifiedDemandProfile,A_Calibrated_BAU,GLOBAL,,ELCINDNO03,,,2032,S2D3,,,,,0.035717
SpecifiedDemandProfile,A_Calibrated_BAU,GLOBAL,,ELCINDNO03,,,2033,S2D3,,,,,0.035717
SpecifiedDemandProfile,A_Calibrated_BAU,GLOBAL,,ELCINDNO03,,,2034,S2D3,,,,,0.035717
SpecifiedDemandProfile,A_Calibrated_BAU,GLOBAL,,ELCINDNO03,,,2035,S2D3,,,,,0.035717
SpecifiedDemandProfile,A_Calibrated_BAU,GLOBAL,,ELCINDNO03,,,2036,S2D3,,,,,0.035717
SpecifiedDemandProfile,A_Calibrated_BAU,GLOBAL,,ELCINDNO03,,,2037,S2D3,,,,,0.035717
SpecifiedDemandProfile,A_Calibrated_BAU,GLOBAL,,ELCINDNO03,,,2038,S2D3,,,,,0.035717
SpecifiedDemandProfile,A_Calibrated_BAU,GLOBAL,,ELCINDNO03,,,2039,S2D3,,,,,0.035717
SpecifiedDemandProfile,A_Calibrated_BAU,GLOBAL,,ELCINDNO03,,,2040,S2D3,,,,,0.035717
SpecifiedDemandProfile,A_Calibrated_BAU,GLOBAL,,ELCINDNO03,,,2041,S2D3,,,,,0.035717
SpecifiedDemandProfile,A_Calibrated_BAU,GLOBAL,,ELCINDNO03,,,2042,S2D3,,,,,0.035717
SpecifiedDemandProfile,A_Calibrated_BAU,GLOBAL,,ELCINDNO03,,,2043,S2D3,,,,,0.035717
SpecifiedDemandProfile,A_Calibrated_BAU,GLOBAL,,ELCINDNO03,,,2044,S2D3,,,,,0.035717
SpecifiedDemandProfile,A_Calibrated_BAU,GLOBAL,,ELCINDNO03,,,2045,S2D3,,,,,0.035717
SpecifiedDemandProfile,A_Calibrated_BAU,GLOBAL,,ELCINDNO03,,,2046,S2D3,,,,,0.035717
SpecifiedDemandProfile,A_Calibrated_BAU,GLOBAL,,ELCINDNO03,,,2047,S2D3,,,,,0.035717
SpecifiedDemandProfile,A_Calibrated_BAU,GLOBAL,,ELCINDNO03,,,2048,S2D3,,,,,0.035717
SpecifiedDemandProfile,A_Calibrated_BAU,GLOBAL,,ELCINDNO03,,,2049,S2D3,,,,,0.035717
SpecifiedDemandProfile,A_Calibrated_BAU,GLOBAL,,ELCINDNO03,,,2050,S2D3,,,,,0.035717
SpecifiedDemandProfile,A_Calibrated_BAU,GLOBAL,,ELCINDNO03,,,2023,S2D4,,,,,0.025044
SpecifiedDemandProfile,A_Calibrated_BAU,GLOBAL,,ELCINDNO03,,,2024,S2D4,,,,,0.025044
SpecifiedDemandProfile,A_Calibrated_BAU,GLOBAL,,ELCINDNO03,,,2025,S2D4,,,,,0.025044
SpecifiedDemandProfile,A_Calibrated_BAU,GLOBAL,,ELCINDNO03,,,2026,S2D4,,,,,0.025044
SpecifiedDemandProfile,A_Calibrated_BAU,GLOBAL,,ELCINDNO03,,,2027,S2D4,,,,,0.025044
SpecifiedDemandProfile,A_Calibrated_BAU,GLOBAL,,ELCINDNO03,,,2028,S2D4,,,,,0.025044
SpecifiedDemandProfile,A_Calibrated_BAU,GLOBAL,,ELCINDNO03,,,2029,S2D4,,,,,0.025044
SpecifiedDemandProfile,A_Calibrated_BAU,GLOBAL,,ELCINDNO03,,,2030,S2D4,,,,,0.025044
SpecifiedDemandProfile,A_Calibrated_BAU,GLOBAL,,ELCINDNO03,,,2031,S2D4,,,,,0.025044
SpecifiedDemandProfile,A_Calibrated_BAU,GLOBAL,,ELCINDNO03,,,2032,S2D4,,,,,0.025044
SpecifiedDemandProfile,A_Calibrated_BAU,GLOBAL,,ELCINDNO03,,,2033,S2D4,,,,,0.025044
SpecifiedDemandProfile,A_Calibrated_BAU,GLOBAL,,ELCINDNO03,,,2034,S2D4,,,,,0.025044
SpecifiedDemandProfile,A_Calibrated_BAU,GLOBAL,,ELCINDNO03,,,2035,S2D4,,,,,0.025044
SpecifiedDemandProfile,A_Calibrated_BAU,GLOBAL,,ELCINDNO03,,,2036,S2D4,,,,,0.025044
SpecifiedDemandProfile,A_Calibrated_BAU,GLOBAL,,ELCINDNO03,,,2037,S2D4,,,,,0.025044
SpecifiedDemandProfile,A_Calibrated_BAU,GLOBAL,,ELCINDNO03,,,2038,S2D4,,,,,0.025044
SpecifiedDemandProfile,A_Calibrated_BAU,GLOBAL,,ELCINDNO03,,,2039,S2D4,,,,,0.025044
SpecifiedDemandProfile,A_Calibrated_BAU,GLOBAL,,ELCINDNO03,,,2040,S2D4,,,,,0.025044
SpecifiedDemandProfile,A_Calibrated_BAU,GLOBAL,,ELCINDNO03,,,2041,S2D4,,,,,0.025044
SpecifiedDemandProfile,A_Calibrated_BAU,GLOBAL,,ELCINDNO03,,,2042,S2D4,,,,,0.025044
SpecifiedDemandProfile,A_Calibrated_BAU,GLOBAL,,ELCINDNO03,,,2043,S2D4,,,,,0.025044
SpecifiedDemandProfile,A_Calibrated_BAU,GLOBAL,,ELCINDNO03,,,2044,S2D4,,,,,0.025044
SpecifiedDemandProfile,A_Calibrated_BAU,GLOBAL,,ELCINDNO03,,,2045,S2D4,,,,,0.025044
SpecifiedDemandProfile,A_Calibrated_BAU,GLOBAL,,ELCINDNO03,,,2046,S2D4,,,,,0.025044
SpecifiedDemandProfile,A_Calibrated_BAU,GLOBAL,,ELCINDNO03,,,2047,S2D4,,,,,0.025044
SpecifiedDemandProfile,A_Calibrated_BAU,GLOBAL,,ELCINDNO03,,,2048,S2D4,,,,,0.025044
SpecifiedDemandProfile,A_Calibrated_BAU,GLOBAL,,ELCINDNO03,,,2049,S2D4,,,,,0.025044
SpecifiedDemandProfile,A_Calibrated_BAU,GLOBAL,,ELCINDNO03,,,2050,S2D4,,,,,0.025044
SpecifiedDemandProfile,A_Calibrated_BAU,GLOBAL,,ELCINDNO03,,,2023,S2D5,,,,,0.024058
SpecifiedDemandProfile,A_Calibrated_BAU,GLOBAL,,ELCINDNO03,,,2024,S2D5,,,,,0.024058
SpecifiedDemandProfile,A_Calibrated_BAU,GLOBAL,,ELCINDNO03,,,2025,S2D5,,,,,0.024058
SpecifiedDemandProfile,A_Calibrated_BAU,GLOBAL,,ELCINDNO03,,,2026,S2D5,,,,,0.024058
SpecifiedDemandProfile,A_Calibrated_BAU,GLOBAL,,ELCINDNO03,,,2027,S2D5,,,,,0.024058
SpecifiedDemandProfile,A_Calibrated_BAU,GLOBAL,,ELCINDNO03,,,2028,S2D5,,,,,0.024058
SpecifiedDemandProfile,A_Calibrated_BAU,GLOBAL,,ELCINDNO03,,,2029,S2D5,,,,,0.024058
SpecifiedDemandProfile,A_Calibrated_BAU,GLOBAL,,ELCINDNO03,,,2030,S2D5,,,,,0.024058
SpecifiedDemandProfile,A_Calibrated_BAU,GLOBAL,,ELCINDNO03,,,2031,S2D5,,,,,0.024058
SpecifiedDemandProfile,A_Calibrated_BAU,GLOBAL,,ELCINDNO03,,,2032,S2D5,,,,,0.024058
SpecifiedDemandProfile,A_Calibrated_BAU,GLOBAL,,ELCINDNO03,,,2033,S2D5,,,,,0.024058
SpecifiedDemandProfile,A_Calibrated_BAU,GLOBAL,,ELCINDNO03,,,2034,S2D5,,,,,0.024058
SpecifiedDemandProfile,A_Calibrated_BAU,GLOBAL,,ELCINDNO03,,,2035,S2D5,,,,,0.024058
SpecifiedDemandProfile,A_Calibrated_BAU,GLOBAL,,ELCINDNO03,,,2036,S2D5,,,,,0.024058
SpecifiedDemandProfile,A_Calibrated_BAU,GLOBAL,,ELCINDNO03,,,2037,S2D5,,,,,0.024058
SpecifiedDemandProfile,A_Calibrated_BAU,GLOBAL,,ELCINDNO03,,,2038,S2D5,,,,,0.024058
SpecifiedDemandProfile,A_Calibrated_BAU,GLOBAL,,ELCINDNO03,,,2039,S2D5,,,,,0.024058
SpecifiedDemandProfile,A_Calibrated_BAU,GLOBAL,,ELCINDNO03,,,2040,S2D5,,,,,0.024058
SpecifiedDemandProfile,A_Calibrated_BAU,GLOBAL,,ELCINDNO03,,,2041,S2D5,,,,,0.024058
SpecifiedDemandProfile,A_Calibrated_BAU,GLOBAL,,ELCINDNO03,,,2042,S2D5,,,,,0.024058
SpecifiedDemandProfile,A_Calibrated_BAU,GLOBAL,,ELCINDNO03,,,2043,S2D5,,,,,0.024058
SpecifiedDemandProfile,A_Calibrated_BAU,GLOBAL,,ELCINDNO03,,,2044,S2D5,,,,,0.024058
SpecifiedDemandProfile,A_Calibrated_BAU,GLOBAL,,ELCINDNO03,,,2045,S2D5,,,,,0.024058
SpecifiedDemandProfile,A_Calibrated_BAU,GLOBAL,,ELCINDNO03,,,2046,S2D5,,,,,0.024058
SpecifiedDemandProfile,A_Calibrated_BAU,GLOBAL,,ELCINDNO03,,,2047,S2D5,,,,,0.024058
SpecifiedDemandProfile,A_Calibrated_BAU,GLOBAL,,ELCINDNO03,,,2048,S2D5,,,,,0.024058
SpecifiedDemandProfile,A_Calibrated_BAU,GLOBAL,,ELCINDNO03,,,2049,S2D5,,,,,0.024058
SpecifiedDemandProfile,A_Calibrated_BAU,GLOBAL,,ELCINDNO03,,,2050,S2D5,,,,,0.024058
SpecifiedDemandProfile,A_Calibrated_BAU,GLOBAL,,ELCINDNO03,,,2023,S3D1,,,,,0.088897
SpecifiedDemandProfile,A_Calibrated_BAU,GLOBAL,,ELCINDNO03,,,2024,S3D1,,,,,0.088897
SpecifiedDemandProfile,A_Calibrated_BAU,GLOBAL,,ELCINDNO03,,,2025,S3D1,,,,,0.088897
SpecifiedDemandProfile,A_Calibrated_BAU,GLOBAL,,ELCINDNO03,,,2026,S3D1,,,,,0.088897
SpecifiedDemandProfile,A_Calibrated_BAU,GLOBAL,,ELCINDNO03,,,2027,S3D1,,,,,0.088897
SpecifiedDemandProfile,A_Calibrated_BAU,GLOBAL,,ELCINDNO03,,,2028,S3D1,,,,,0.088897
SpecifiedDemandProfile,A_Calibrated_BAU,GLOBAL,,ELCINDNO03,,,2029,S3D1,,,,,0.088897
SpecifiedDemandProfile,A_Calibrated_BAU,GLOBAL,,ELCINDNO03,,,2030,S3D1,,,,,0.088897
SpecifiedDemandProfile,A_Calibrated_BAU,GLOBAL,,ELCINDNO03,,,2031,S3D1,,,,,0.088897
SpecifiedDemandProfile,A_Calibrated_BAU,GLOBAL,,ELCINDNO03,,,2032,S3D1,,,,,0.088897
SpecifiedDemandProfile,A_Calibrated_BAU,GLOBAL,,ELCINDNO03,,,2033,S3D1,,,,,0.088897
SpecifiedDemandProfile,A_Calibrated_BAU,GLOBAL,,ELCINDNO03,,,2034,S3D1,,,,,0.088897
SpecifiedDemandProfile,A_Calibrated_BAU,GLOBAL,,ELCINDNO03,,,2035,S3D1,,,,,0.088897
SpecifiedDemandProfile,A_Calibrated_BAU,GLOBAL,,ELCINDNO03,,,2036,S3D1,,,,,0.088897
SpecifiedDemandProfile,A_Calibrated_BAU,GLOBAL,,ELCINDNO03,,,2037,S3D1,,,,,0.088897
SpecifiedDemandProfile,A_Calibrated_BAU,GLOBAL,,ELCINDNO03,,,2038,S3D1,,,,,0.088897
SpecifiedDemandProfile,A_Calibrated_BAU,GLOBAL,,ELCINDNO03,,,2039,S3D1,,,,,0.088897
SpecifiedDemandProfile,A_Calibrated_BAU,GLOBAL,,ELCINDNO03,,,2040,S3D1,,,,,0.088897
SpecifiedDemandProfile,A_Calibrated_BAU,GLOBAL,,ELCINDNO03,,,2041,S3D1,,,,,0.088897
SpecifiedDemandProfile,A_Calibrated_BAU,GLOBAL,,ELCINDNO03,,,2042,S3D1,,,,,0.088897
SpecifiedDemandProfile,A_Calibrated_BAU,GLOBAL,,ELCINDNO03,,,2043,S3D1,,,,,0.088897
SpecifiedDemandProfile,A_Calibrated_BAU,GLOBAL,,ELCINDNO03,,,2044,S3D1,,,,,0.088897
SpecifiedDemandProfile,A_Calibrated_BAU,GLOBAL,,ELCINDNO03,,,2045,S3D1,,,,,0.088897
SpecifiedDemandProfile,A_Calibrated_BAU,GLOBAL,,ELCINDNO03,,,2046,S3D1,,,,,0.088897
SpecifiedDemandProfile,A_Calibrated_BAU,GLOBAL,,ELCINDNO03,,,2047,S3D1,,,,,0.088897
SpecifiedDemandProfile,A_Calibrated_BAU,GLOBAL,,ELCINDNO03,,,2048,S3D1,,,,,0.088897
SpecifiedDemandProfile,A_Calibrated_BAU,GLOBAL,,ELCINDNO03,,,2049,S3D1,,,,,0.088897
SpecifiedDemandProfile,A_Calibrated_BAU,GLOBAL,,ELCINDNO03,,,2050,S3D1,,,,,0.088897
SpecifiedDemandProfile,A_Calibrated_BAU,GLOBAL,,ELCINDNO03,,,2023,S3D2,,,,,0.165349
SpecifiedDemandProfile,A_Calibrated_BAU,GLOBAL,,ELCINDNO03,,,2024,S3D2,,,,,0.165349
SpecifiedDemandProfile,A_Calibrated_BAU,GLOBAL,,ELCINDNO03,,,2025,S3D2,,,,,0.165349
SpecifiedDemandProfile,A_Calibrated_BAU,GLOBAL,,ELCINDNO03,,,2026,S3D2,,,,,0.165349
SpecifiedDemandProfile,A_Calibrated_BAU,GLOBAL,,ELCINDNO03,,,2027,S3D2,,,,,0.165349
SpecifiedDemandProfile,A_Calibrated_BAU,GLOBAL,,ELCINDNO03,,,2028,S3D2,,,,,0.165349
SpecifiedDemandProfile,A_Calibrated_BAU,GLOBAL,,ELCINDNO03,,,2029,S3D2,,,,,0.165349
SpecifiedDemandProfile,A_Calibrated_BAU,GLOBAL,,ELCINDNO03,,,2030,S3D2,,,,,0.165349
SpecifiedDemandProfile,A_Calibrated_BAU,GLOBAL,,ELCINDNO03,,,2031,S3D2,,,,,0.165349
SpecifiedDemandProfile,A_Calibrated_BAU,GLOBAL,,ELCINDNO03,,,2032,S3D2,,,,,0.165349
SpecifiedDemandProfile,A_Calibrated_BAU,GLOBAL,,ELCINDNO03,,,2033,S3D2,,,,,0.165349
SpecifiedDemandProfile,A_Calibrated_BAU,GLOBAL,,ELCINDNO03,,,2034,S3D2,,,,,0.165349
SpecifiedDemandProfile,A_Calibrated_BAU,GLOBAL,,ELCINDNO03,,,2035,S3D2,,,,,0.165349
SpecifiedDemandProfile,A_Calibrated_BAU,GLOBAL,,ELCINDNO03,,,2036,S3D2,,,,,0.165349
SpecifiedDemandProfile,A_Calibrated_BAU,GLOBAL,,ELCINDNO03,,,2037,S3D2,,,,,0.165349
SpecifiedDemandProfile,A_Calibrated_BAU,GLOBAL,,ELCINDNO03,,,2038,S3D2,,,,,0.165349
SpecifiedDemandProfile,A_Calibrated_BAU,GLOBAL,,ELCINDNO03,,,2039,S3D2,,,,,0.165349
SpecifiedDemandProfile,A_Calibrated_BAU,GLOBAL,,ELCINDNO03,,,2040,S3D2,,,,,0.165349
SpecifiedDemandProfile,A_Calibrated_BAU,GLOBAL,,ELCINDNO03,,,2041,S3D2,,,,,0.165349
SpecifiedDemandProfile,A_Calibrated_BAU,GLOBAL,,ELCINDNO03,,,2042,S3D2,,,,,0.165349
SpecifiedDemandProfile,A_Calibrated_BAU,GLOBAL,,ELCINDNO03,,,2043,S3D2,,,,,0.165349
SpecifiedDemandProfile,A_Calibrated_BAU,GLOBAL,,ELCINDNO03,,,2044,S3D2,,,,,0.165349
SpecifiedDemandProfile,A_Calibrated_BAU,GLOBAL,,ELCINDNO03,,,2045,S3D2,,,,,0.165349
SpecifiedDemandProfile,A_Calibrated_BAU,GLOBAL,,ELCINDNO03,,,2046,S3D2,,,,,0.165349
SpecifiedDemandProfile,A_Calibrated_BAU,GLOBAL,,ELCINDNO03,,,2047,S3D2,,,,,0.165349
SpecifiedDemandProfile,A_Calibrated_BAU,GLOBAL,,ELCINDNO03,,,2048,S3D2,,,,,0.165349
SpecifiedDemandProfile,A_Calibrated_BAU,GLOBAL,,ELCINDNO03,,,2049,S3D2,,,,,0.165349
SpecifiedDemandProfile,A_Calibrated_BAU,GLOBAL,,ELCINDNO03,,,2050,S3D2,,,,,0.165349
SpecifiedDemandProfile,A_Calibrated_BAU,GLOBAL,,ELCINDNO03,,,2023,S3D3,,,,,0.044472
SpecifiedDemandProfile,A_Calibrated_BAU,GLOBAL,,ELCINDNO03,,,2024,S3D3,,,,,0.044472
SpecifiedDemandProfile,A_Calibrated_BAU,GLOBAL,,ELCINDNO03,,,2025,S3D3,,,,,0.044472
SpecifiedDemandProfile,A_Calibrated_BAU,GLOBAL,,ELCINDNO03,,,2026,S3D3,,,,,0.044472
SpecifiedDemandProfile,A_Calibrated_BAU,GLOBAL,,ELCINDNO03,,,2027,S3D3,,,,,0.044472
SpecifiedDemandProfile,A_Calibrated_BAU,GLOBAL,,ELCINDNO03,,,2028,S3D3,,,,,0.044472
SpecifiedDemandProfile,A_Calibrated_BAU,GLOBAL,,ELCINDNO03,,,2029,S3D3,,,,,0.044472
SpecifiedDemandProfile,A_Calibrated_BAU,GLOBAL,,ELCINDNO03,,,2030,S3D3,,,,,0.044472
SpecifiedDemandProfile,A_Calibrated_BAU,GLOBAL,,ELCINDNO03,,,2031,S3D3,,,,,0.044472
SpecifiedDemandProfile,A_Calibrated_BAU,GLOBAL,,ELCINDNO03,,,2032,S3D3,,,,,0.044472
SpecifiedDemandProfile,A_Calibrated_BAU,GLOBAL,,ELCINDNO03,,,2033,S3D3,,,,,0.044472
SpecifiedDemandProfile,A_Calibrated_BAU,GLOBAL,,ELCINDNO03,,,2034,S3D3,,,,,0.044472
SpecifiedDemandProfile,A_Calibrated_BAU,GLOBAL,,ELCINDNO03,,,2035,S3D3,,,,,0.044472
SpecifiedDemandProfile,A_Calibrated_BAU,GLOBAL,,ELCINDNO03,,,2036,S3D3,,,,,0.044472
SpecifiedDemandProfile,A_Calibrated_BAU,GLOBAL,,ELCINDNO03,,,2037,S3D3,,,,,0.044472
SpecifiedDemandProfile,A_Calibrated_BAU,GLOBAL,,ELCINDNO03,,,2038,S3D3,,,,,0.044472
SpecifiedDemandProfile,A_Calibrated_BAU,GLOBAL,,ELCINDNO03,,,2039,S3D3,,,,,0.044472
SpecifiedDemandProfile,A_Calibrated_BAU,GLOBAL,,ELCINDNO03,,,2040,S3D3,,,,,0.044472
SpecifiedDemandProfile,A_Calibrated_BAU,GLOBAL,,ELCINDNO03,,,2041,S3D3,,,,,0.044472
SpecifiedDemandProfile,A_Calibrated_BAU,GLOBAL,,ELCINDNO03,,,2042,S3D3,,,,,0.044472
SpecifiedDemandProfile,A_Calibrated_BAU,GLOBAL,,ELCINDNO03,,,2043,S3D3,,,,,0.044472
SpecifiedDemandProfile,A_Calibrated_BAU,GLOBAL,,ELCINDNO03,,,2044,S3D3,,,,,0.044472
SpecifiedDemandProfile,A_Calibrated_BAU,GLOBAL,,ELCINDNO03,,,2045,S3D3,,,,,0.044472
SpecifiedDemandProfile,A_Calibrated_BAU,GLOBAL,,ELCINDNO03,,,2046,S3D3,,,,,0.044472
SpecifiedDemandProfile,A_Calibrated_BAU,GLOBAL,,ELCINDNO03,,,2047,S3D3,,,,,0.044472
SpecifiedDemandProfile,A_Calibrated_BAU,GLOBAL,,ELCINDNO03,,,2048,S3D3,,,,,0.044472
SpecifiedDemandProfile,A_Calibrated_BAU,GLOBAL,,ELCINDNO03,,,2049,S3D3,,,,,0.044472
SpecifiedDemandProfile,A_Calibrated_BAU,GLOBAL,,ELCINDNO03,,,2050,S3D3,,,,,0.044472
SpecifiedDemandProfile,A_Calibrated_BAU,GLOBAL,,ELCINDNO03,,,2023,S3D4,,,,,0.031887
SpecifiedDemandProfile,A_Calibrated_BAU,GLOBAL,,ELCINDNO03,,,2024,S3D4,,,,,0.031887
SpecifiedDemandProfile,A_Calibrated_BAU,GLOBAL,,ELCINDNO03,,,2025,S3D4,,,,,0.031887
SpecifiedDemandProfile,A_Calibrated_BAU,GLOBAL,,ELCINDNO03,,,2026,S3D4,,,,,0.031887
SpecifiedDemandProfile,A_Calibrated_BAU,GLOBAL,,ELCINDNO03,,,2027,S3D4,,,,,0.031887
SpecifiedDemandProfile,A_Calibrated_BAU,GLOBAL,,ELCINDNO03,,,2028,S3D4,,,,,0.031887
SpecifiedDemandProfile,A_Calibrated_BAU,GLOBAL,,ELCINDNO03,,,2029,S3D4,,,,,0.031887
SpecifiedDemandProfile,A_Calibrated_BAU,GLOBAL,,ELCINDNO03,,,2030,S3D4,,,,,0.031887
SpecifiedDemandProfile,A_Calibrated_BAU,GLOBAL,,ELCINDNO03,,,2031,S3D4,,,,,0.031887
SpecifiedDemandProfile,A_Calibrated_BAU,GLOBAL,,ELCINDNO03,,,2032,S3D4,,,,,0.031887
SpecifiedDemandProfile,A_Calibrated_BAU,GLOBAL,,ELCINDNO03,,,2033,S3D4,,,,,0.031887
SpecifiedDemandProfile,A_Calibrated_BAU,GLOBAL,,ELCINDNO03,,,2034,S3D4,,,,,0.031887
SpecifiedDemandProfile,A_Calibrated_BAU,GLOBAL,,ELCINDNO03,,,2035,S3D4,,,,,0.031887
SpecifiedDemandProfile,A_Calibrated_BAU,GLOBAL,,ELCINDNO03,,,2036,S3D4,,,,,0.031887
SpecifiedDemandProfile,A_Calibrated_BAU,GLOBAL,,ELCINDNO03,,,2037,S3D4,,,,,0.031887
SpecifiedDemandProfile,A_Calibrated_BAU,GLOBAL,,ELCINDNO03,,,2038,S3D4,,,,,0.031887
SpecifiedDemandProfile,A_Calibrated_BAU,GLOBAL,,ELCINDNO03,,,2039,S3D4,,,,,0.031887
SpecifiedDemandProfile,A_Calibrated_BAU,GLOBAL,,ELCINDNO03,,,2040,S3D4,,,,,0.031887
SpecifiedDemandProfile,A_Calibrated_BAU,GLOBAL,,ELCINDNO03,,,2041,S3D4,,,,,0.031887
SpecifiedDemandProfile,A_Calibrated_BAU,GLOBAL,,ELCINDNO03,,,2042,S3D4,,,,,0.031887
SpecifiedDemandProfile,A_Calibrated_BAU,GLOBAL,,ELCINDNO03,,,2043,S3D4,,,,,0.031887
SpecifiedDemandProfile,A_Calibrated_BAU,GLOBAL,,ELCINDNO03,,,2044,S3D4,,,,,0.031887
SpecifiedDemandProfile,A_Calibrated_BAU,GLOBAL,,ELCINDNO03,,,2045,S3D4,,,,,0.031887
SpecifiedDemandProfile,A_Calibrated_BAU,GLOBAL,,ELCINDNO03,,,2046,S3D4,,,,,0.031887
SpecifiedDemandProfile,A_Calibrated_BAU,GLOBAL,,ELCINDNO03,,,2047,S3D4,,,,,0.031887
SpecifiedDemandProfile,A_Calibrated_BAU,GLOBAL,,ELCINDNO03,,,2048,S3D4,,,,,0.031887
SpecifiedDemandProfile,A_Calibrated_BAU,GLOBAL,,ELCINDNO03,,,2049,S3D4,,,,,0.031887
SpecifiedDemandProfile,A_Calibrated_BAU,GLOBAL,,ELCINDNO03,,,2050,S3D4,,,,,0.031887
SpecifiedDemandProfile,A_Calibrated_BAU,GLOBAL,,ELCINDNO03,,,2023,S3D5,,,,,0.03223
SpecifiedDemandProfile,A_Calibrated_BAU,GLOBAL,,ELCINDNO03,,,2024,S3D5,,,,,0.03223
SpecifiedDemandProfile,A_Calibrated_BAU,GLOBAL,,ELCINDNO03,,,2025,S3D5,,,,,0.03223
SpecifiedDemandProfile,A_Calibrated_BAU,GLOBAL,,ELCINDNO03,,,2026,S3D5,,,,,0.03223
SpecifiedDemandProfile,A_Calibrated_BAU,GLOBAL,,ELCINDNO03,,,2027,S3D5,,,,,0.03223
SpecifiedDemandProfile,A_Calibrated_BAU,GLOBAL,,ELCINDNO03,,,2028,S3D5,,,,,0.03223
SpecifiedDemandProfile,A_Calibrated_BAU,GLOBAL,,ELCINDNO03,,,2029,S3D5,,,,,0.03223
SpecifiedDemandProfile,A_Calibrated_BAU,GLOBAL,,ELCINDNO03,,,2030,S3D5,,,,,0.03223
SpecifiedDemandProfile,A_Calibrated_BAU,GLOBAL,,ELCINDNO03,,,2031,S3D5,,,,,0.03223
SpecifiedDemandProfile,A_Calibrated_BAU,GLOBAL,,ELCINDNO03,,,2032,S3D5,,,,,0.03223
SpecifiedDemandProfile,A_Calibrated_BAU,GLOBAL,,ELCINDNO03,,,2033,S3D5,,,,,0.03223
SpecifiedDemandProfile,A_Calibrated_BAU,GLOBAL,,ELCINDNO03,,,2034,S3D5,,,,,0.03223
SpecifiedDemandProfile,A_Calibrated_BAU,GLOBAL,,ELCINDNO03,,,2035,S3D5,,,,,0.03223
SpecifiedDemandProfile,A_Calibrated_BAU,GLOBAL,,ELCINDNO03,,,2036,S3D5,,,,,0.03223
SpecifiedDemandProfile,A_Calibrated_BAU,GLOBAL,,ELCINDNO03,,,2037,S3D5,,,,,0.03223
SpecifiedDemandProfile,A_Calibrated_BAU,GLOBAL,,ELCINDNO03,,,2038,S3D5,,,,,0.03223
SpecifiedDemandProfile,A_Calibrated_BAU,GLOBAL,,ELCINDNO03,,,2039,S3D5,,,,,0.03223
SpecifiedDemandProfile,A_Calibrated_BAU,GLOBAL,,ELCINDNO03,,,2040,S3D5,,,,,0.03223
SpecifiedDemandProfile,A_Calibrated_BAU,GLOBAL,,ELCINDNO03,,,2041,S3D5,,,,,0.03223
SpecifiedDemandProfile,A_Calibrated_BAU,GLOBAL,,ELCINDNO03,,,2042,S3D5,,,,,0.03223
SpecifiedDemandProfile,A_Calibrated_BAU,GLOBAL,,ELCINDNO03,,,2043,S3D5,,,,,0.03223
SpecifiedDemandProfile,A_Calibrated_BAU,GLOBAL,,ELCINDNO03,,,2044,S3D5,,,,,0.03223
SpecifiedDemandProfile,A_Calibrated_BAU,GLOBAL,,ELCINDNO03,,,2045,S3D5,,,,,0.03223
SpecifiedDemandProfile,A_Calibrated_BAU,GLOBAL,,ELCINDNO03,,,2046,S3D5,,,,,0.03223
SpecifiedDemandProfile,A_Calibrated_BAU,GLOBAL,,ELCINDNO03,,,2047,S3D5,,,,,0.03223
SpecifiedDemandProfile,A_Calibrated_BAU,GLOBAL,,ELCINDNO03,,,2048,S3D5,,,,,0.03223
SpecifiedDemandProfile,A_Calibrated_BAU,GLOBAL,,ELCINDNO03,,,2049,S3D5,,,,,0.03223
SpecifiedDemandProfile,A_Calibrated_BAU,GLOBAL,,ELCINDNO03,,,2050,S3D5,,,,,0.03223
SpecifiedDemandProfile,A_Calibrated_BAU,GLOBAL,,ELCINDNO03,,,2023,S4D1,,,,,0.026806
SpecifiedDemandProfile,A_Calibrated_BAU,GLOBAL,,ELCINDNO03,,,2024,S4D1,,,,,0.026806
SpecifiedDemandProfile,A_Calibrated_BAU,GLOBAL,,ELCINDNO03,,,2025,S4D1,,,,,0.026806
SpecifiedDemandProfile,A_Calibrated_BAU,GLOBAL,,ELCINDNO03,,,2026,S4D1,,,,,0.026806
SpecifiedDemandProfile,A_Calibrated_BAU,GLOBAL,,ELCINDNO03,,,2027,S4D1,,,,,0.026806
SpecifiedDemandProfile,A_Calibrated_BAU,GLOBAL,,ELCINDNO03,,,2028,S4D1,,,,,0.026806
SpecifiedDemandProfile,A_Calibrated_BAU,GLOBAL,,ELCINDNO03,,,2029,S4D1,,,,,0.026806
SpecifiedDemandProfile,A_Calibrated_BAU,GLOBAL,,ELCINDNO03,,,2030,S4D1,,,,,0.026806
SpecifiedDemandProfile,A_Calibrated_BAU,GLOBAL,,ELCINDNO03,,,2031,S4D1,,,,,0.026806
SpecifiedDemandProfile,A_Calibrated_BAU,GLOBAL,,ELCINDNO03,,,2032,S4D1,,,,,0.026806
SpecifiedDemandProfile,A_Calibrated_BAU,GLOBAL,,ELCINDNO03,,,2033,S4D1,,,,,0.026806
SpecifiedDemandProfile,A_Calibrated_BAU,GLOBAL,,ELCINDNO03,,,2034,S4D1,,,,,0.026806
SpecifiedDemandProfile,A_Calibrated_BAU,GLOBAL,,ELCINDNO03,,,2035,S4D1,,,,,0.026806
SpecifiedDemandProfile,A_Calibrated_BAU,GLOBAL,,ELCINDNO03,,,2036,S4D1,,,,,0.026806
SpecifiedDemandProfile,A_Calibrated_BAU,GLOBAL,,ELCINDNO03,,,2037,S4D1,,,,,0.026806
SpecifiedDemandProfile,A_Calibrated_BAU,GLOBAL,,ELCINDNO03,,,2038,S4D1,,,,,0.026806
SpecifiedDemandProfile,A_Calibrated_BAU,GLOBAL,,ELCINDNO03,,,2039,S4D1,,,,,0.026806
SpecifiedDemandProfile,A_Calibrated_BAU,GLOBAL,,ELCINDNO03,,,2040,S4D1,,,,,0.026806
SpecifiedDemandProfile,A_Calibrated_BAU,GLOBAL,,ELCINDNO03,,,2041,S4D1,,,,,0.026806
SpecifiedDemandProfile,A_Calibrated_BAU,GLOBAL,,ELCINDNO03,,,2042,S4D1,,,,,0.026806
SpecifiedDemandProfile,A_Calibrated_BAU,GLOBAL,,ELCINDNO03,,,2043,S4D1,,,,,0.026806
SpecifiedDemandProfile,A_Calibrated_BAU,GLOBAL,,ELCINDNO03,,,2044,S4D1,,,,,0.026806
SpecifiedDemandProfile,A_Calibrated_BAU,GLOBAL,,ELCINDNO03,,,2045,S4D1,,,,,0.026806
SpecifiedDemandProfile,A_Calibrated_BAU,GLOBAL,,ELCINDNO03,,,2046,S4D1,,,,,0.026806
SpecifiedDemandProfile,A_Calibrated_BAU,GLOBAL,,ELCINDNO03,,,2047,S4D1,,,,,0.026806
SpecifiedDemandProfile,A_Calibrated_BAU,GLOBAL,,ELCINDNO03,,,2048,S4D1,,,,,0.026806
SpecifiedDemandProfile,A_Calibrated_BAU,GLOBAL,,ELCINDNO03,,,2049,S4D1,,,,,0.026806
SpecifiedDemandProfile,A_Calibrated_BAU,GLOBAL,,ELCINDNO03,,,2050,S4D1,,,,,0.026806
SpecifiedDemandProfile,A_Calibrated_BAU,GLOBAL,,ELCINDNO03,,,2023,S4D2,,,,,0.059287
SpecifiedDemandProfile,A_Calibrated_BAU,GLOBAL,,ELCINDNO03,,,2024,S4D2,,,,,0.059287
SpecifiedDemandProfile,A_Calibrated_BAU,GLOBAL,,ELCINDNO03,,,2025,S4D2,,,,,0.059287
SpecifiedDemandProfile,A_Calibrated_BAU,GLOBAL,,ELCINDNO03,,,2026,S4D2,,,,,0.059287
SpecifiedDemandProfile,A_Calibrated_BAU,GLOBAL,,ELCINDNO03,,,2027,S4D2,,,,,0.059287
SpecifiedDemandProfile,A_Calibrated_BAU,GLOBAL,,ELCINDNO03,,,2028,S4D2,,,,,0.059287
SpecifiedDemandProfile,A_Calibrated_BAU,GLOBAL,,ELCINDNO03,,,2029,S4D2,,,,,0.059287
SpecifiedDemandProfile,A_Calibrated_BAU,GLOBAL,,ELCINDNO03,,,2030,S4D2,,,,,0.059287
SpecifiedDemandProfile,A_Calibrated_BAU,GLOBAL,,ELCINDNO03,,,2031,S4D2,,,,,0.059287
SpecifiedDemandProfile,A_Calibrated_BAU,GLOBAL,,ELCINDNO03,,,2032,S4D2,,,,,0.059287
SpecifiedDemandProfile,A_Calibrated_BAU,GLOBAL,,ELCINDNO03,,,2033,S4D2,,,,,0.059287
SpecifiedDemandProfile,A_Calibrated_BAU,GLOBAL,,ELCINDNO03,,,2034,S4D2,,,,,0.059287
SpecifiedDemandProfile,A_Calibrated_BAU,GLOBAL,,ELCINDNO03,,,2035,S4D2,,,,,0.059287
SpecifiedDemandProfile,A_Calibrated_BAU,GLOBAL,,ELCINDNO03,,,2036,S4D2,,,,,0.059287
SpecifiedDemandProfile,A_Calibrated_BAU,GLOBAL,,ELCINDNO03,,,2037,S4D2,,,,,0.059287
SpecifiedDemandProfile,A_Calibrated_BAU,GLOBAL,,ELCINDNO03,,,2038,S4D2,,,,,0.059287
SpecifiedDemandProfile,A_Calibrated_BAU,GLOBAL,,ELCINDNO03,,,2039,S4D2,,,,,0.059287
SpecifiedDemandProfile,A_Calibrated_BAU,GLOBAL,,ELCINDNO03,,,2040,S4D2,,,,,0.059287
SpecifiedDemandProfile,A_Calibrated_BAU,GLOBAL,,ELCINDNO03,,,2041,S4D2,,,,,0.059287
SpecifiedDemandProfile,A_Calibrated_BAU,GLOBAL,,ELCINDNO03,,,2042,S4D2,,,,,0.059287
SpecifiedDemandProfile,A_Calibrated_BAU,GLOBAL,,ELCINDNO03,,,2043,S4D2,,,,,0.059287
SpecifiedDemandProfile,A_Calibrated_BAU,GLOBAL,,ELCINDNO03,,,2044,S4D2,,,,,0.059287
SpecifiedDemandProfile,A_Calibrated_BAU,GLOBAL,,ELCINDNO03,,,2045,S4D2,,,,,0.059287
SpecifiedDemandProfile,A_Calibrated_BAU,GLOBAL,,ELCINDNO03,,,2046,S4D2,,,,,0.059287
SpecifiedDemandProfile,A_Calibrated_BAU,GLOBAL,,ELCINDNO03,,,2047,S4D2,,,,,0.059287
SpecifiedDemandProfile,A_Calibrated_BAU,GLOBAL,,ELCINDNO03,,,2048,S4D2,,,,,0.059287
SpecifiedDemandProfile,A_Calibrated_BAU,GLOBAL,,ELCINDNO03,,,2049,S4D2,,,,,0.059287
SpecifiedDemandProfile,A_Calibrated_BAU,GLOBAL,,ELCINDNO03,,,2050,S4D2,,,,,0.059287
SpecifiedDemandProfile,A_Calibrated_BAU,GLOBAL,,ELCINDNO03,,,2023,S4D3,,,,,0.016459
SpecifiedDemandProfile,A_Calibrated_BAU,GLOBAL,,ELCINDNO03,,,2024,S4D3,,,,,0.016459
SpecifiedDemandProfile,A_Calibrated_BAU,GLOBAL,,ELCINDNO03,,,2025,S4D3,,,,,0.016459
SpecifiedDemandProfile,A_Calibrated_BAU,GLOBAL,,ELCINDNO03,,,2026,S4D3,,,,,0.016459
SpecifiedDemandProfile,A_Calibrated_BAU,GLOBAL,,ELCINDNO03,,,2027,S4D3,,,,,0.016459
SpecifiedDemandProfile,A_Calibrated_BAU,GLOBAL,,ELCINDNO03,,,2028,S4D3,,,,,0.016459
SpecifiedDemandProfile,A_Calibrated_BAU,GLOBAL,,ELCINDNO03,,,2029,S4D3,,,,,0.016459
SpecifiedDemandProfile,A_Calibrated_BAU,GLOBAL,,ELCINDNO03,,,2030,S4D3,,,,,0.016459
SpecifiedDemandProfile,A_Calibrated_BAU,GLOBAL,,ELCINDNO03,,,2031,S4D3,,,,,0.016459
SpecifiedDemandProfile,A_Calibrated_BAU,GLOBAL,,ELCINDNO03,,,2032,S4D3,,,,,0.016459
SpecifiedDemandProfile,A_Calibrated_BAU,GLOBAL,,ELCINDNO03,,,2033,S4D3,,,,,0.016459
SpecifiedDemandProfile,A_Calibrated_BAU,GLOBAL,,ELCINDNO03,,,2034,S4D3,,,,,0.016459
SpecifiedDemandProfile,A_Calibrated_BAU,GLOBAL,,ELCINDNO03,,,2035,S4D3,,,,,0.016459
SpecifiedDemandProfile,A_Calibrated_BAU,GLOBAL,,ELCINDNO03,,,2036,S4D3,,,,,0.016459
SpecifiedDemandProfile,A_Calibrated_BAU,GLOBAL,,ELCINDNO03,,,2037,S4D3,,,,,0.016459
SpecifiedDemandProfile,A_Calibrated_BAU,GLOBAL,,ELCINDNO03,,,2038,S4D3,,,,,0.016459
SpecifiedDemandProfile,A_Calibrated_BAU,GLOBAL,,ELCINDNO03,,,2039,S4D3,,,,,0.016459
SpecifiedDemandProfile,A_Calibrated_BAU,GLOBAL,,ELCINDNO03,,,2040,S4D3,,,,,0.016459
SpecifiedDemandProfile,A_Calibrated_BAU,GLOBAL,,ELCINDNO03,,,2041,S4D3,,,,,0.016459
SpecifiedDemandProfile,A_Calibrated_BAU,GLOBAL,,ELCINDNO03,,,2042,S4D3,,,,,0.016459
SpecifiedDemandProfile,A_Calibrated_BAU,GLOBAL,,ELCINDNO03,,,2043,S4D3,,,,,0.016459
SpecifiedDemandProfile,A_Calibrated_BAU,GLOBAL,,ELCINDNO03,,,2044,S4D3,,,,,0.016459
SpecifiedDemandProfile,A_Calibrated_BAU,GLOBAL,,ELCINDNO03,,,2045,S4D3,,,,,0.016459
SpecifiedDemandProfile,A_Calibrated_BAU,GLOBAL,,ELCINDNO03,,,2046,S4D3,,,,,0.016459
SpecifiedDemandProfile,A_Calibrated_BAU,GLOBAL,,ELCINDNO03,,,2047,S4D3,,,,,0.016459
SpecifiedDemandProfile,A_Calibrated_BAU,GLOBAL,,ELCINDNO03,,,2048,S4D3,,,,,0.016459
SpecifiedDemandProfile,A_Calibrated_BAU,GLOBAL,,ELCINDNO03,,,2049,S4D3,,,,,0.016459
SpecifiedDemandProfile,A_Calibrated_BAU,GLOBAL,,ELCINDNO03,,,2050,S4D3,,,,,0.016459
SpecifiedDemandProfile,A_Calibrated_BAU,GLOBAL,,ELCINDNO03,,,2023,S4D4,,,,,0.010289
SpecifiedDemandProfile,A_Calibrated_BAU,GLOBAL,,ELCINDNO03,,,2024,S4D4,,,,,0.010289
SpecifiedDemandProfile,A_Calibrated_BAU,GLOBAL,,ELCINDNO03,,,2025,S4D4,,,,,0.010289
SpecifiedDemandProfile,A_Calibrated_BAU,GLOBAL,,ELCINDNO03,,,2026,S4D4,,,,,0.010289
SpecifiedDemandProfile,A_Calibrated_BAU,GLOBAL,,ELCINDNO03,,,2027,S4D4,,,,,0.010289
SpecifiedDemandProfile,A_Calibrated_BAU,GLOBAL,,ELCINDNO03,,,2028,S4D4,,,,,0.010289
SpecifiedDemandProfile,A_Calibrated_BAU,GLOBAL,,ELCINDNO03,,,2029,S4D4,,,,,0.010289
SpecifiedDemandProfile,A_Calibrated_BAU,GLOBAL,,ELCINDNO03,,,2030,S4D4,,,,,0.010289
SpecifiedDemandProfile,A_Calibrated_BAU,GLOBAL,,ELCINDNO03,,,2031,S4D4,,,,,0.010289
SpecifiedDemandProfile,A_Calibrated_BAU,GLOBAL,,ELCINDNO03,,,2032,S4D4,,,,,0.010289
SpecifiedDemandProfile,A_Calibrated_BAU,GLOBAL,,ELCINDNO03,,,2033,S4D4,,,,,0.010289
SpecifiedDemandProfile,A_Calibrated_BAU,GLOBAL,,ELCINDNO03,,,2034,S4D4,,,,,0.010289
SpecifiedDemandProfile,A_Calibrated_BAU,GLOBAL,,ELCINDNO03,,,2035,S4D4,,,,,0.010289
SpecifiedDemandProfile,A_Calibrated_BAU,GLOBAL,,ELCINDNO03,,,2036,S4D4,,,,,0.010289
SpecifiedDemandProfile,A_Calibrated_BAU,GLOBAL,,ELCINDNO03,,,2037,S4D4,,,,,0.010289
SpecifiedDemandProfile,A_Calibrated_BAU,GLOBAL,,ELCINDNO03,,,2038,S4D4,,,,,0.010289
SpecifiedDemandProfile,A_Calibrated_BAU,GLOBAL,,ELCINDNO03,,,2039,S4D4,,,,,0.010289
SpecifiedDemandProfile,A_Calibrated_BAU,GLOBAL,,ELCINDNO03,,,2040,S4D4,,,,,0.010289
SpecifiedDemandProfile,A_Calibrated_BAU,GLOBAL,,ELCINDNO03,,,2041,S4D4,,,,,0.010289
SpecifiedDemandProfile,A_Calibrated_BAU,GLOBAL,,ELCINDNO03,,,2042,S4D4,,,,,0.010289
SpecifiedDemandProfile,A_Calibrated_BAU,GLOBAL,,ELCINDNO03,,,2043,S4D4,,,,,0.010289
SpecifiedDemandProfile,A_Calibrated_BAU,GLOBAL,,ELCINDNO03,,,2044,S4D4,,,,,0.010289
SpecifiedDemandProfile,A_Calibrated_BAU,GLOBAL,,ELCINDNO03,,,2045,S4D4,,,,,0.010289
SpecifiedDemandProfile,A_Calibrated_BAU,GLOBAL,,ELCINDNO03,,,2046,S4D4,,,,,0.010289
SpecifiedDemandProfile,A_Calibrated_BAU,GLOBAL,,ELCINDNO03,,,2047,S4D4,,,,,0.010289
SpecifiedDemandProfile,A_Calibrated_BAU,GLOBAL,,ELCINDNO03,,,2048,S4D4,,,,,0.010289
SpecifiedDemandProfile,A_Calibrated_BAU,GLOBAL,,ELCINDNO03,,,2049,S4D4,,,,,0.010289
SpecifiedDemandProfile,A_Calibrated_BAU,GLOBAL,,ELCINDNO03,,,2050,S4D4,,,,,0.010289
SpecifiedDemandProfile,A_Calibrated_BAU,GLOBAL,,ELCINDNO03,,,2023,S4D5,,,,,0.009619
SpecifiedDemandProfile,A_Calibrated_BAU,GLOBAL,,ELCINDNO03,,,2024,S4D5,,,,,0.009619
SpecifiedDemandProfile,A_Calibrated_BAU,GLOBAL,,ELCINDNO03,,,2025,S4D5,,,,,0.009619
SpecifiedDemandProfile,A_Calibrated_BAU,GLOBAL,,ELCINDNO03,,,2026,S4D5,,,,,0.009619
SpecifiedDemandProfile,A_Calibrated_BAU,GLOBAL,,ELCINDNO03,,,2027,S4D5,,,,,0.009619
SpecifiedDemandProfile,A_Calibrated_BAU,GLOBAL,,ELCINDNO03,,,2028,S4D5,,,,,0.009619
SpecifiedDemandProfile,A_Calibrated_BAU,GLOBAL,,ELCINDNO03,,,2029,S4D5,,,,,0.009619
SpecifiedDemandProfile,A_Calibrated_BAU,GLOBAL,,ELCINDNO03,,,2030,S4D5,,,,,0.009619
SpecifiedDemandProfile,A_Calibrated_BAU,GLOBAL,,ELCINDNO03,,,2031,S4D5,,,,,0.009619
SpecifiedDemandProfile,A_Calibrated_BAU,GLOBAL,,ELCINDNO03,,,2032,S4D5,,,,,0.009619
SpecifiedDemandProfile,A_Calibrated_BAU,GLOBAL,,ELCINDNO03,,,2033,S4D5,,,,,0.009619
SpecifiedDemandProfile,A_Calibrated_BAU,GLOBAL,,ELCINDNO03,,,2034,S4D5,,,,,0.009619
SpecifiedDemandProfile,A_Calibrated_BAU,GLOBAL,,ELCINDNO03,,,2035,S4D5,,,,,0.009619
SpecifiedDemandProfile,A_Calibrated_BAU,GLOBAL,,ELCINDNO03,,,2036,S4D5,,,,,0.009619
SpecifiedDemandProfile,A_Calibrated_BAU,GLOBAL,,ELCINDNO03,,,2037,S4D5,,,,,0.009619
SpecifiedDemandProfile,A_Calibrated_BAU,GLOBAL,,ELCINDNO03,,,2038,S4D5,,,,,0.009619
SpecifiedDemandProfile,A_Calibrated_BAU,GLOBAL,,ELCINDNO03,,,2039,S4D5,,,,,0.009619
SpecifiedDemandProfile,A_Calibrated_BAU,GLOBAL,,ELCINDNO03,,,2040,S4D5,,,,,0.009619
SpecifiedDemandProfile,A_Calibrated_BAU,GLOBAL,,ELCINDNO03,,,2041,S4D5,,,,,0.009619
SpecifiedDemandProfile,A_Calibrated_BAU,GLOBAL,,ELCINDNO03,,,2042,S4D5,,,,,0.009619
SpecifiedDemandProfile,A_Calibrated_BAU,GLOBAL,,ELCINDNO03,,,2043,S4D5,,,,,0.009619
SpecifiedDemandProfile,A_Calibrated_BAU,GLOBAL,,ELCINDNO03,,,2044,S4D5,,,,,0.009619
SpecifiedDemandProfile,A_Calibrated_BAU,GLOBAL,,ELCINDNO03,,,2045,S4D5,,,,,0.009619
SpecifiedDemandProfile,A_Calibrated_BAU,GLOBAL,,ELCINDNO03,,,2046,S4D5,,,,,0.009619
SpecifiedDemandProfile,A_Calibrated_BAU,GLOBAL,,ELCINDNO03,,,2047,S4D5,,,,,0.009619
SpecifiedDemandProfile,A_Calibrated_BAU,GLOBAL,,ELCINDNO03,,,2048,S4D5,,,,,0.009619
SpecifiedDemandProfile,A_Calibrated_BAU,GLOBAL,,ELCINDNO03,,,2049,S4D5,,,,,0.009619
SpecifiedDemandProfile,A_Calibrated_BAU,GLOBAL,,ELCINDNO03,,,2050,S4D5,,,,,0.009619
SpecifiedDemandProfile,A_Calibrated_BAU,GLOBAL,,ELCINDSO03,,,2023,S1D1,,,,,0.055383
SpecifiedDemandProfile,A_Calibrated_BAU,GLOBAL,,ELCINDSO03,,,2024,S1D1,,,,,0.055383
SpecifiedDemandProfile,A_Calibrated_BAU,GLOBAL,,ELCINDSO03,,,2025,S1D1,,,,,0.055383
SpecifiedDemandProfile,A_Calibrated_BAU,GLOBAL,,ELCINDSO03,,,2026,S1D1,,,,,0.055383
SpecifiedDemandProfile,A_Calibrated_BAU,GLOBAL,,ELCINDSO03,,,2027,S1D1,,,,,0.055383
SpecifiedDemandProfile,A_Calibrated_BAU,GLOBAL,,ELCINDSO03,,,2028,S1D1,,,,,0.055383
SpecifiedDemandProfile,A_Calibrated_BAU,GLOBAL,,ELCINDSO03,,,2029,S1D1,,,,,0.055383
SpecifiedDemandProfile,A_Calibrated_BAU,GLOBAL,,ELCINDSO03,,,2030,S1D1,,,,,0.055383
SpecifiedDemandProfile,A_Calibrated_BAU,GLOBAL,,ELCINDSO03,,,2031,S1D1,,,,,0.055383
SpecifiedDemandProfile,A_Calibrated_BAU,GLOBAL,,ELCINDSO03,,,2032,S1D1,,,,,0.055383
SpecifiedDemandProfile,A_Calibrated_BAU,GLOBAL,,ELCINDSO03,,,2033,S1D1,,,,,0.055383
SpecifiedDemandProfile,A_Calibrated_BAU,GLOBAL,,ELCINDSO03,,,2034,S1D1,,,,,0.055383
SpecifiedDemandProfile,A_Calibrated_BAU,GLOBAL,,ELCINDSO03,,,2035,S1D1,,,,,0.055383
SpecifiedDemandProfile,A_Calibrated_BAU,GLOBAL,,ELCINDSO03,,,2036,S1D1,,,,,0.055383
SpecifiedDemandProfile,A_Calibrated_BAU,GLOBAL,,ELCINDSO03,,,2037,S1D1,,,,,0.055383
SpecifiedDemandProfile,A_Calibrated_BAU,GLOBAL,,ELCINDSO03,,,2038,S1D1,,,,,0.055383
SpecifiedDemandProfile,A_Calibrated_BAU,GLOBAL,,ELCINDSO03,,,2039,S1D1,,,,,0.055383
SpecifiedDemandProfile,A_Calibrated_BAU,GLOBAL,,ELCINDSO03,,,2040,S1D1,,,,,0.055383
SpecifiedDemandProfile,A_Calibrated_BAU,GLOBAL,,ELCINDSO03,,,2041,S1D1,,,,,0.055383
SpecifiedDemandProfile,A_Calibrated_BAU,GLOBAL,,ELCINDSO03,,,2042,S1D1,,,,,0.055383
SpecifiedDemandProfile,A_Calibrated_BAU,GLOBAL,,ELCINDSO03,,,2043,S1D1,,,,,0.055383
SpecifiedDemandProfile,A_Calibrated_BAU,GLOBAL,,ELCINDSO03,,,2044,S1D1,,,,,0.055383
SpecifiedDemandProfile,A_Calibrated_BAU,GLOBAL,,ELCINDSO03,,,2045,S1D1,,,,,0.055383
SpecifiedDemandProfile,A_Calibrated_BAU,GLOBAL,,ELCINDSO03,,,2046,S1D1,,,,,0.055383
SpecifiedDemandProfile,A_Calibrated_BAU,GLOBAL,,ELCINDSO03,,,2047,S1D1,,,,,0.055383
SpecifiedDemandProfile,A_Calibrated_BAU,GLOBAL,,ELCINDSO03,,,2048,S1D1,,,,,0.055383
SpecifiedDemandProfile,A_Calibrated_BAU,GLOBAL,,ELCINDSO03,,,2049,S1D1,,,,,0.055383
SpecifiedDemandProfile,A_Calibrated_BAU,GLOBAL,,ELCINDSO03,,,2050,S1D1,,,,,0.055383
SpecifiedDemandProfile,A_Calibrated_BAU,GLOBAL,,ELCINDSO03,,,2023,S1D2,,,,,0.134084
SpecifiedDemandProfile,A_Calibrated_BAU,GLOBAL,,ELCINDSO03,,,2024,S1D2,,,,,0.134084
SpecifiedDemandProfile,A_Calibrated_BAU,GLOBAL,,ELCINDSO03,,,2025,S1D2,,,,,0.134084
SpecifiedDemandProfile,A_Calibrated_BAU,GLOBAL,,ELCINDSO03,,,2026,S1D2,,,,,0.134084
SpecifiedDemandProfile,A_Calibrated_BAU,GLOBAL,,ELCINDSO03,,,2027,S1D2,,,,,0.134084
SpecifiedDemandProfile,A_Calibrated_BAU,GLOBAL,,ELCINDSO03,,,2028,S1D2,,,,,0.134084
SpecifiedDemandProfile,A_Calibrated_BAU,GLOBAL,,ELCINDSO03,,,2029,S1D2,,,,,0.134084
SpecifiedDemandProfile,A_Calibrated_BAU,GLOBAL,,ELCINDSO03,,,2030,S1D2,,,,,0.134084
SpecifiedDemandProfile,A_Calibrated_BAU,GLOBAL,,ELCINDSO03,,,2031,S1D2,,,,,0.134084
SpecifiedDemandProfile,A_Calibrated_BAU,GLOBAL,,ELCINDSO03,,,2032,S1D2,,,,,0.134084
SpecifiedDemandProfile,A_Calibrated_BAU,GLOBAL,,ELCINDSO03,,,2033,S1D2,,,,,0.134084
SpecifiedDemandProfile,A_Calibrated_BAU,GLOBAL,,ELCINDSO03,,,2034,S1D2,,,,,0.134084
SpecifiedDemandProfile,A_Calibrated_BAU,GLOBAL,,ELCINDSO03,,,2035,S1D2,,,,,0.134084
SpecifiedDemandProfile,A_Calibrated_BAU,GLOBAL,,ELCINDSO03,,,2036,S1D2,,,,,0.134084
SpecifiedDemandProfile,A_Calibrated_BAU,GLOBAL,,ELCINDSO03,,,2037,S1D2,,,,,0.134084
SpecifiedDemandProfile,A_Calibrated_BAU,GLOBAL,,ELCINDSO03,,,2038,S1D2,,,,,0.134084
SpecifiedDemandProfile,A_Calibrated_BAU,GLOBAL,,ELCINDSO03,,,2039,S1D2,,,,,0.134084
SpecifiedDemandProfile,A_Calibrated_BAU,GLOBAL,,ELCINDSO03,,,2040,S1D2,,,,,0.134084
SpecifiedDemandProfile,A_Calibrated_BAU,GLOBAL,,ELCINDSO03,,,2041,S1D2,,,,,0.134084
SpecifiedDemandProfile,A_Calibrated_BAU,GLOBAL,,ELCINDSO03,,,2042,S1D2,,,,,0.134084
SpecifiedDemandProfile,A_Calibrated_BAU,GLOBAL,,ELCINDSO03,,,2043,S1D2,,,,,0.134084
SpecifiedDemandProfile,A_Calibrated_BAU,GLOBAL,,ELCINDSO03,,,2044,S1D2,,,,,0.134084
SpecifiedDemandProfile,A_Calibrated_BAU,GLOBAL,,ELCINDSO03,,,2045,S1D2,,,,,0.134084
SpecifiedDemandProfile,A_Calibrated_BAU,GLOBAL,,ELCINDSO03,,,2046,S1D2,,,,,0.134084
SpecifiedDemandProfile,A_Calibrated_BAU,GLOBAL,,ELCINDSO03,,,2047,S1D2,,,,,0.134084
SpecifiedDemandProfile,A_Calibrated_BAU,GLOBAL,,ELCINDSO03,,,2048,S1D2,,,,,0.134084
SpecifiedDemandProfile,A_Calibrated_BAU,GLOBAL,,ELCINDSO03,,,2049,S1D2,,,,,0.134084
SpecifiedDemandProfile,A_Calibrated_BAU,GLOBAL,,ELCINDSO03,,,2050,S1D2,,,,,0.134084
SpecifiedDemandProfile,A_Calibrated_BAU,GLOBAL,,ELCINDSO03,,,2023,S1D3,,,,,0.031945
SpecifiedDemandProfile,A_Calibrated_BAU,GLOBAL,,ELCINDSO03,,,2024,S1D3,,,,,0.031945
SpecifiedDemandProfile,A_Calibrated_BAU,GLOBAL,,ELCINDSO03,,,2025,S1D3,,,,,0.031945
SpecifiedDemandProfile,A_Calibrated_BAU,GLOBAL,,ELCINDSO03,,,2026,S1D3,,,,,0.031945
SpecifiedDemandProfile,A_Calibrated_BAU,GLOBAL,,ELCINDSO03,,,2027,S1D3,,,,,0.031945
SpecifiedDemandProfile,A_Calibrated_BAU,GLOBAL,,ELCINDSO03,,,2028,S1D3,,,,,0.031945
SpecifiedDemandProfile,A_Calibrated_BAU,GLOBAL,,ELCINDSO03,,,2029,S1D3,,,,,0.031945
SpecifiedDemandProfile,A_Calibrated_BAU,GLOBAL,,ELCINDSO03,,,2030,S1D3,,,,,0.031945
SpecifiedDemandProfile,A_Calibrated_BAU,GLOBAL,,ELCINDSO03,,,2031,S1D3,,,,,0.031945
SpecifiedDemandProfile,A_Calibrated_BAU,GLOBAL,,ELCINDSO03,,,2032,S1D3,,,,,0.031945
SpecifiedDemandProfile,A_Calibrated_BAU,GLOBAL,,ELCINDSO03,,,2033,S1D3,,,,,0.031945
SpecifiedDemandProfile,A_Calibrated_BAU,GLOBAL,,ELCINDSO03,,,2034,S1D3,,,,,0.031945
SpecifiedDemandProfile,A_Calibrated_BAU,GLOBAL,,ELCINDSO03,,,2035,S1D3,,,,,0.031945
SpecifiedDemandProfile,A_Calibrated_BAU,GLOBAL,,ELCINDSO03,,,2036,S1D3,,,,,0.031945
SpecifiedDemandProfile,A_Calibrated_BAU,GLOBAL,,ELCINDSO03,,,2037,S1D3,,,,,0.031945
SpecifiedDemandProfile,A_Calibrated_BAU,GLOBAL,,ELCINDSO03,,,2038,S1D3,,,,,0.031945
SpecifiedDemandProfile,A_Calibrated_BAU,GLOBAL,,ELCINDSO03,,,2039,S1D3,,,,,0.031945
SpecifiedDemandProfile,A_Calibrated_BAU,GLOBAL,,ELCINDSO03,,,2040,S1D3,,,,,0.031945
SpecifiedDemandProfile,A_Calibrated_BAU,GLOBAL,,ELCINDSO03,,,2041,S1D3,,,,,0.031945
SpecifiedDemandProfile,A_Calibrated_BAU,GLOBAL,,ELCINDSO03,,,2042,S1D3,,,,,0.031945
SpecifiedDemandProfile,A_Calibrated_BAU,GLOBAL,,ELCINDSO03,,,2043,S1D3,,,,,0.031945
SpecifiedDemandProfile,A_Calibrated_BAU,GLOBAL,,ELCINDSO03,,,2044,S1D3,,,,,0.031945
SpecifiedDemandProfile,A_Calibrated_BAU,GLOBAL,,ELCINDSO03,,,2045,S1D3,,,,,0.031945
SpecifiedDemandProfile,A_Calibrated_BAU,GLOBAL,,ELCINDSO03,,,2046,S1D3,,,,,0.031945
SpecifiedDemandProfile,A_Calibrated_BAU,GLOBAL,,ELCINDSO03,,,2047,S1D3,,,,,0.031945
SpecifiedDemandProfile,A_Calibrated_BAU,GLOBAL,,ELCINDSO03,,,2048,S1D3,,,,,0.031945
SpecifiedDemandProfile,A_Calibrated_BAU,GLOBAL,,ELCINDSO03,,,2049,S1D3,,,,,0.031945
SpecifiedDemandProfile,A_Calibrated_BAU,GLOBAL,,ELCINDSO03,,,2050,S1D3,,,,,0.031945
SpecifiedDemandProfile,A_Calibrated_BAU,GLOBAL,,ELCINDSO03,,,2023,S1D4,,,,,0.01936
SpecifiedDemandProfile,A_Calibrated_BAU,GLOBAL,,ELCINDSO03,,,2024,S1D4,,,,,0.01936
SpecifiedDemandProfile,A_Calibrated_BAU,GLOBAL,,ELCINDSO03,,,2025,S1D4,,,,,0.01936
SpecifiedDemandProfile,A_Calibrated_BAU,GLOBAL,,ELCINDSO03,,,2026,S1D4,,,,,0.01936
SpecifiedDemandProfile,A_Calibrated_BAU,GLOBAL,,ELCINDSO03,,,2027,S1D4,,,,,0.01936
SpecifiedDemandProfile,A_Calibrated_BAU,GLOBAL,,ELCINDSO03,,,2028,S1D4,,,,,0.01936
SpecifiedDemandProfile,A_Calibrated_BAU,GLOBAL,,ELCINDSO03,,,2029,S1D4,,,,,0.01936
SpecifiedDemandProfile,A_Calibrated_BAU,GLOBAL,,ELCINDSO03,,,2030,S1D4,,,,,0.01936
SpecifiedDemandProfile,A_Calibrated_BAU,GLOBAL,,ELCINDSO03,,,2031,S1D4,,,,,0.01936
SpecifiedDemandProfile,A_Calibrated_BAU,GLOBAL,,ELCINDSO03,,,2032,S1D4,,,,,0.01936
SpecifiedDemandProfile,A_Calibrated_BAU,GLOBAL,,ELCINDSO03,,,2033,S1D4,,,,,0.01936
SpecifiedDemandProfile,A_Calibrated_BAU,GLOBAL,,ELCINDSO03,,,2034,S1D4,,,,,0.01936
SpecifiedDemandProfile,A_Calibrated_BAU,GLOBAL,,ELCINDSO03,,,2035,S1D4,,,,,0.01936
SpecifiedDemandProfile,A_Calibrated_BAU,GLOBAL,,ELCINDSO03,,,2036,S1D4,,,,,0.01936
SpecifiedDemandProfile,A_Calibrated_BAU,GLOBAL,,ELCINDSO03,,,2037,S1D4,,,,,0.01936
SpecifiedDemandProfile,A_Calibrated_BAU,GLOBAL,,ELCINDSO03,,,2038,S1D4,,,,,0.01936
SpecifiedDemandProfile,A_Calibrated_BAU,GLOBAL,,ELCINDSO03,,,2039,S1D4,,,,,0.01936
SpecifiedDemandProfile,A_Calibrated_BAU,GLOBAL,,ELCINDSO03,,,2040,S1D4,,,,,0.01936
SpecifiedDemandProfile,A_Calibrated_BAU,GLOBAL,,ELCINDSO03,,,2041,S1D4,,,,,0.01936
SpecifiedDemandProfile,A_Calibrated_BAU,GLOBAL,,ELCINDSO03,,,2042,S1D4,,,,,0.01936
SpecifiedDemandProfile,A_Calibrated_BAU,GLOBAL,,ELCINDSO03,,,2043,S1D4,,,,,0.01936
SpecifiedDemandProfile,A_Calibrated_BAU,GLOBAL,,ELCINDSO03,,,2044,S1D4,,,,,0.01936
SpecifiedDemandProfile,A_Calibrated_BAU,GLOBAL,,ELCINDSO03,,,2045,S1D4,,,,,0.01936
SpecifiedDemandProfile,A_Calibrated_BAU,GLOBAL,,ELCINDSO03,,,2046,S1D4,,,,,0.01936
SpecifiedDemandProfile,A_Calibrated_BAU,GLOBAL,,ELCINDSO03,,,2047,S1D4,,,,,0.01936
SpecifiedDemandProfile,A_Calibrated_BAU,GLOBAL,,ELCINDSO03,,,2048,S1D4,,,,,0.01936
SpecifiedDemandProfile,A_Calibrated_BAU,GLOBAL,,ELCINDSO03,,,2049,S1D4,,,,,0.01936
SpecifiedDemandProfile,A_Calibrated_BAU,GLOBAL,,ELCINDSO03,,,2050,S1D4,,,,,0.01936
SpecifiedDemandProfile,A_Calibrated_BAU,GLOBAL,,ELCINDSO03,,,2023,S1D5,,,,,0.018798
SpecifiedDemandProfile,A_Calibrated_BAU,GLOBAL,,ELCINDSO03,,,2024,S1D5,,,,,0.018798
SpecifiedDemandProfile,A_Calibrated_BAU,GLOBAL,,ELCINDSO03,,,2025,S1D5,,,,,0.018798
SpecifiedDemandProfile,A_Calibrated_BAU,GLOBAL,,ELCINDSO03,,,2026,S1D5,,,,,0.018798
SpecifiedDemandProfile,A_Calibrated_BAU,GLOBAL,,ELCINDSO03,,,2027,S1D5,,,,,0.018798
SpecifiedDemandProfile,A_Calibrated_BAU,GLOBAL,,ELCINDSO03,,,2028,S1D5,,,,,0.018798
SpecifiedDemandProfile,A_Calibrated_BAU,GLOBAL,,ELCINDSO03,,,2029,S1D5,,,,,0.018798
SpecifiedDemandProfile,A_Calibrated_BAU,GLOBAL,,ELCINDSO03,,,2030,S1D5,,,,,0.018798
SpecifiedDemandProfile,A_Calibrated_BAU,GLOBAL,,ELCINDSO03,,,2031,S1D5,,,,,0.018798
SpecifiedDemandProfile,A_Calibrated_BAU,GLOBAL,,ELCINDSO03,,,2032,S1D5,,,,,0.018798
SpecifiedDemandProfile,A_Calibrated_BAU,GLOBAL,,ELCINDSO03,,,2033,S1D5,,,,,0.018798
SpecifiedDemandProfile,A_Calibrated_BAU,GLOBAL,,ELCINDSO03,,,2034,S1D5,,,,,0.018798
SpecifiedDemandProfile,A_Calibrated_BAU,GLOBAL,,ELCINDSO03,,,2035,S1D5,,,,,0.018798
SpecifiedDemandProfile,A_Calibrated_BAU,GLOBAL,,ELCINDSO03,,,2036,S1D5,,,,,0.018798
SpecifiedDemandProfile,A_Calibrated_BAU,GLOBAL,,ELCINDSO03,,,2037,S1D5,,,,,0.018798
SpecifiedDemandProfile,A_Calibrated_BAU,GLOBAL,,ELCINDSO03,,,2038,S1D5,,,,,0.018798
SpecifiedDemandProfile,A_Calibrated_BAU,GLOBAL,,ELCINDSO03,,,2039,S1D5,,,,,0.018798
SpecifiedDemandProfile,A_Calibrated_BAU,GLOBAL,,ELCINDSO03,,,2040,S1D5,,,,,0.018798
SpecifiedDemandProfile,A_Calibrated_BAU,GLOBAL,,ELCINDSO03,,,2041,S1D5,,,,,0.018798
SpecifiedDemandProfile,A_Calibrated_BAU,GLOBAL,,ELCINDSO03,,,2042,S1D5,,,,,0.018798
SpecifiedDemandProfile,A_Calibrated_BAU,GLOBAL,,ELCINDSO03,,,2043,S1D5,,,,,0.018798
SpecifiedDemandProfile,A_Calibrated_BAU,GLOBAL,,ELCINDSO03,,,2044,S1D5,,,,,0.018798
SpecifiedDemandProfile,A_Calibrated_BAU,GLOBAL,,ELCINDSO03,,,2045,S1D5,,,,,0.018798
SpecifiedDemandProfile,A_Calibrated_BAU,GLOBAL,,ELCINDSO03,,,2046,S1D5,,,,,0.018798
SpecifiedDemandProfile,A_Calibrated_BAU,GLOBAL,,ELCINDSO03,,,2047,S1D5,,,,,0.018798
SpecifiedDemandProfile,A_Calibrated_BAU,GLOBAL,,ELCINDSO03,,,2048,S1D5,,,,,0.018798
SpecifiedDemandProfile,A_Calibrated_BAU,GLOBAL,,ELCINDSO03,,,2049,S1D5,,,,,0.018798
SpecifiedDemandProfile,A_Calibrated_BAU,GLOBAL,,ELCINDSO03,,,2050,S1D5,,,,,0.018798
SpecifiedDemandProfile,A_Calibrated_BAU,GLOBAL,,ELCINDSO03,,,2023,S2D1,,,,,0.074409
SpecifiedDemandProfile,A_Calibrated_BAU,GLOBAL,,ELCINDSO03,,,2024,S2D1,,,,,0.074409
SpecifiedDemandProfile,A_Calibrated_BAU,GLOBAL,,ELCINDSO03,,,2025,S2D1,,,,,0.074409
SpecifiedDemandProfile,A_Calibrated_BAU,GLOBAL,,ELCINDSO03,,,2026,S2D1,,,,,0.074409
SpecifiedDemandProfile,A_Calibrated_BAU,GLOBAL,,ELCINDSO03,,,2027,S2D1,,,,,0.074409
SpecifiedDemandProfile,A_Calibrated_BAU,GLOBAL,,ELCINDSO03,,,2028,S2D1,,,,,0.074409
SpecifiedDemandProfile,A_Calibrated_BAU,GLOBAL,,ELCINDSO03,,,2029,S2D1,,,,,0.074409
SpecifiedDemandProfile,A_Calibrated_BAU,GLOBAL,,ELCINDSO03,,,2030,S2D1,,,,,0.074409
SpecifiedDemandProfile,A_Calibrated_BAU,GLOBAL,,ELCINDSO03,,,2031,S2D1,,,,,0.074409
SpecifiedDemandProfile,A_Calibrated_BAU,GLOBAL,,ELCINDSO03,,,2032,S2D1,,,,,0.074409
SpecifiedDemandProfile,A_Calibrated_BAU,GLOBAL,,ELCINDSO03,,,2033,S2D1,,,,,0.074409
SpecifiedDemandProfile,A_Calibrated_BAU,GLOBAL,,ELCINDSO03,,,2034,S2D1,,,,,0.074409
SpecifiedDemandProfile,A_Calibrated_BAU,GLOBAL,,ELCINDSO03,,,2035,S2D1,,,,,0.074409
SpecifiedDemandProfile,A_Calibrated_BAU,GLOBAL,,ELCINDSO03,,,2036,S2D1,,,,,0.074409
SpecifiedDemandProfile,A_Calibrated_BAU,GLOBAL,,ELCINDSO03,,,2037,S2D1,,,,,0.074409
SpecifiedDemandProfile,A_Calibrated_BAU,GLOBAL,,ELCINDSO03,,,2038,S2D1,,,,,0.074409
SpecifiedDemandProfile,A_Calibrated_BAU,GLOBAL,,ELCINDSO03,,,2039,S2D1,,,,,0.074409
SpecifiedDemandProfile,A_Calibrated_BAU,GLOBAL,,ELCINDSO03,,,2040,S2D1,,,,,0.074409
SpecifiedDemandProfile,A_Calibrated_BAU,GLOBAL,,ELCINDSO03,,,2041,S2D1,,,,,0.074409
SpecifiedDemandProfile,A_Calibrated_BAU,GLOBAL,,ELCINDSO03,,,2042,S2D1,,,,,0.074409
SpecifiedDemandProfile,A_Calibrated_BAU,GLOBAL,,ELCINDSO03,,,2043,S2D1,,,,,0.074409
SpecifiedDemandProfile,A_Calibrated_BAU,GLOBAL,,ELCINDSO03,,,2044,S2D1,,,,,0.074409
SpecifiedDemandProfile,A_Calibrated_BAU,GLOBAL,,ELCINDSO03,,,2045,S2D1,,,,,0.074409
SpecifiedDemandProfile,A_Calibrated_BAU,GLOBAL,,ELCINDSO03,,,2046,S2D1,,,,,0.074409
SpecifiedDemandProfile,A_Calibrated_BAU,GLOBAL,,ELCINDSO03,,,2047,S2D1,,,,,0.074409
SpecifiedDemandProfile,A_Calibrated_BAU,GLOBAL,,ELCINDSO03,,,2048,S2D1,,,,,0.074409
SpecifiedDemandProfile,A_Calibrated_BAU,GLOBAL,,ELCINDSO03,,,2049,S2D1,,,,,0.074409
SpecifiedDemandProfile,A_Calibrated_BAU,GLOBAL,,ELCINDSO03,,,2050,S2D1,,,,,0.074409
SpecifiedDemandProfile,A_Calibrated_BAU,GLOBAL,,ELCINDSO03,,,2023,S2D2,,,,,0.160174
SpecifiedDemandProfile,A_Calibrated_BAU,GLOBAL,,ELCINDSO03,,,2024,S2D2,,,,,0.160174
SpecifiedDemandProfile,A_Calibrated_BAU,GLOBAL,,ELCINDSO03,,,2025,S2D2,,,,,0.160174
SpecifiedDemandProfile,A_Calibrated_BAU,GLOBAL,,ELCINDSO03,,,2026,S2D2,,,,,0.160174
SpecifiedDemandProfile,A_Calibrated_BAU,GLOBAL,,ELCINDSO03,,,2027,S2D2,,,,,0.160174
SpecifiedDemandProfile,A_Calibrated_BAU,GLOBAL,,ELCINDSO03,,,2028,S2D2,,,,,0.160174
SpecifiedDemandProfile,A_Calibrated_BAU,GLOBAL,,ELCINDSO03,,,2029,S2D2,,,,,0.160174
SpecifiedDemandProfile,A_Calibrated_BAU,GLOBAL,,ELCINDSO03,,,2030,S2D2,,,,,0.160174
SpecifiedDemandProfile,A_Calibrated_BAU,GLOBAL,,ELCINDSO03,,,2031,S2D2,,,,,0.160174
SpecifiedDemandProfile,A_Calibrated_BAU,GLOBAL,,ELCINDSO03,,,2032,S2D2,,,,,0.160174
SpecifiedDemandProfile,A_Calibrated_BAU,GLOBAL,,ELCINDSO03,,,2033,S2D2,,,,,0.160174
SpecifiedDemandProfile,A_Calibrated_BAU,GLOBAL,,ELCINDSO03,,,2034,S2D2,,,,,0.160174
SpecifiedDemandProfile,A_Calibrated_BAU,GLOBAL,,ELCINDSO03,,,2035,S2D2,,,,,0.160174
SpecifiedDemandProfile,A_Calibrated_BAU,GLOBAL,,ELCINDSO03,,,2036,S2D2,,,,,0.160174
SpecifiedDemandProfile,A_Calibrated_BAU,GLOBAL,,ELCINDSO03,,,2037,S2D2,,,,,0.160174
SpecifiedDemandProfile,A_Calibrated_BAU,GLOBAL,,ELCINDSO03,,,2038,S2D2,,,,,0.160174
SpecifiedDemandProfile,A_Calibrated_BAU,GLOBAL,,ELCINDSO03,,,2039,S2D2,,,,,0.160174
SpecifiedDemandProfile,A_Calibrated_BAU,GLOBAL,,ELCINDSO03,,,2040,S2D2,,,,,0.160174
SpecifiedDemandProfile,A_Calibrated_BAU,GLOBAL,,ELCINDSO03,,,2041,S2D2,,,,,0.160174
SpecifiedDemandProfile,A_Calibrated_BAU,GLOBAL,,ELCINDSO03,,,2042,S2D2,,,,,0.160174
SpecifiedDemandProfile,A_Calibrated_BAU,GLOBAL,,ELCINDSO03,,,2043,S2D2,,,,,0.160174
SpecifiedDemandProfile,A_Calibrated_BAU,GLOBAL,,ELCINDSO03,,,2044,S2D2,,,,,0.160174
SpecifiedDemandProfile,A_Calibrated_BAU,GLOBAL,,ELCINDSO03,,,2045,S2D2,,,,,0.160174
SpecifiedDemandProfile,A_Calibrated_BAU,GLOBAL,,ELCINDSO03,,,2046,S2D2,,,,,0.160174
SpecifiedDemandProfile,A_Calibrated_BAU,GLOBAL,,ELCINDSO03,,,2047,S2D2,,,,,0.160174
SpecifiedDemandProfile,A_Calibrated_BAU,GLOBAL,,ELCINDSO03,,,2048,S2D2,,,,,0.160174
SpecifiedDemandProfile,A_Calibrated_BAU,GLOBAL,,ELCINDSO03,,,2049,S2D2,,,,,0.160174
SpecifiedDemandProfile,A_Calibrated_BAU,GLOBAL,,ELCINDSO03,,,2050,S2D2,,,,,0.160174
SpecifiedDemandProfile,A_Calibrated_BAU,GLOBAL,,ELCINDSO03,,,2023,S2D3,,,,,0.039631
SpecifiedDemandProfile,A_Calibrated_BAU,GLOBAL,,ELCINDSO03,,,2024,S2D3,,,,,0.039631
SpecifiedDemandProfile,A_Calibrated_BAU,GLOBAL,,ELCINDSO03,,,2025,S2D3,,,,,0.039631
SpecifiedDemandProfile,A_Calibrated_BAU,GLOBAL,,ELCINDSO03,,,2026,S2D3,,,,,0.039631
SpecifiedDemandProfile,A_Calibrated_BAU,GLOBAL,,ELCINDSO03,,,2027,S2D3,,,,,0.039631
SpecifiedDemandProfile,A_Calibrated_BAU,GLOBAL,,ELCINDSO03,,,2028,S2D3,,,,,0.039631
SpecifiedDemandProfile,A_Calibrated_BAU,GLOBAL,,ELCINDSO03,,,2029,S2D3,,,,,0.039631
SpecifiedDemandProfile,A_Calibrated_BAU,GLOBAL,,ELCINDSO03,,,2030,S2D3,,,,,0.039631
SpecifiedDemandProfile,A_Calibrated_BAU,GLOBAL,,ELCINDSO03,,,2031,S2D3,,,,,0.039631
SpecifiedDemandProfile,A_Calibrated_BAU,GLOBAL,,ELCINDSO03,,,2032,S2D3,,,,,0.039631
SpecifiedDemandProfile,A_Calibrated_BAU,GLOBAL,,ELCINDSO03,,,2033,S2D3,,,,,0.039631
SpecifiedDemandProfile,A_Calibrated_BAU,GLOBAL,,ELCINDSO03,,,2034,S2D3,,,,,0.039631
SpecifiedDemandProfile,A_Calibrated_BAU,GLOBAL,,ELCINDSO03,,,2035,S2D3,,,,,0.039631
SpecifiedDemandProfile,A_Calibrated_BAU,GLOBAL,,ELCINDSO03,,,2036,S2D3,,,,,0.039631
SpecifiedDemandProfile,A_Calibrated_BAU,GLOBAL,,ELCINDSO03,,,2037,S2D3,,,,,0.039631
SpecifiedDemandProfile,A_Calibrated_BAU,GLOBAL,,ELCINDSO03,,,2038,S2D3,,,,,0.039631
SpecifiedDemandProfile,A_Calibrated_BAU,GLOBAL,,ELCINDSO03,,,2039,S2D3,,,,,0.039631
SpecifiedDemandProfile,A_Calibrated_BAU,GLOBAL,,ELCINDSO03,,,2040,S2D3,,,,,0.039631
SpecifiedDemandProfile,A_Calibrated_BAU,GLOBAL,,ELCINDSO03,,,2041,S2D3,,,,,0.039631
SpecifiedDemandProfile,A_Calibrated_BAU,GLOBAL,,ELCINDSO03,,,2042,S2D3,,,,,0.039631
SpecifiedDemandProfile,A_Calibrated_BAU,GLOBAL,,ELCINDSO03,,,2043,S2D3,,,,,0.039631
SpecifiedDemandProfile,A_Calibrated_BAU,GLOBAL,,ELCINDSO03,,,2044,S2D3,,,,,0.039631
SpecifiedDemandProfile,A_Calibrated_BAU,GLOBAL,,ELCINDSO03,,,2045,S2D3,,,,,0.039631
SpecifiedDemandProfile,A_Calibrated_BAU,GLOBAL,,ELCINDSO03,,,2046,S2D3,,,,,0.039631
SpecifiedDemandProfile,A_Calibrated_BAU,GLOBAL,,ELCINDSO03,,,2047,S2D3,,,,,0.039631
SpecifiedDemandProfile,A_Calibrated_BAU,GLOBAL,,ELCINDSO03,,,2048,S2D3,,,,,0.039631
SpecifiedDemandProfile,A_Calibrated_BAU,GLOBAL,,ELCINDSO03,,,2049,S2D3,,,,,0.039631
SpecifiedDemandProfile,A_Calibrated_BAU,GLOBAL,,ELCINDSO03,,,2050,S2D3,,,,,0.039631
SpecifiedDemandProfile,A_Calibrated_BAU,GLOBAL,,ELCINDSO03,,,2023,S2D4,,,,,0.02555
SpecifiedDemandProfile,A_Calibrated_BAU,GLOBAL,,ELCINDSO03,,,2024,S2D4,,,,,0.02555
SpecifiedDemandProfile,A_Calibrated_BAU,GLOBAL,,ELCINDSO03,,,2025,S2D4,,,,,0.02555
SpecifiedDemandProfile,A_Calibrated_BAU,GLOBAL,,ELCINDSO03,,,2026,S2D4,,,,,0.02555
SpecifiedDemandProfile,A_Calibrated_BAU,GLOBAL,,ELCINDSO03,,,2027,S2D4,,,,,0.02555
SpecifiedDemandProfile,A_Calibrated_BAU,GLOBAL,,ELCINDSO03,,,2028,S2D4,,,,,0.02555
SpecifiedDemandProfile,A_Calibrated_BAU,GLOBAL,,ELCINDSO03,,,2029,S2D4,,,,,0.02555
SpecifiedDemandProfile,A_Calibrated_BAU,GLOBAL,,ELCINDSO03,,,2030,S2D4,,,,,0.02555
SpecifiedDemandProfile,A_Calibrated_BAU,GLOBAL,,ELCINDSO03,,,2031,S2D4,,,,,0.02555
SpecifiedDemandProfile,A_Calibrated_BAU,GLOBAL,,ELCINDSO03,,,2032,S2D4,,,,,0.02555
SpecifiedDemandProfile,A_Calibrated_BAU,GLOBAL,,ELCINDSO03,,,2033,S2D4,,,,,0.02555
SpecifiedDemandProfile,A_Calibrated_BAU,GLOBAL,,ELCINDSO03,,,2034,S2D4,,,,,0.02555
SpecifiedDemandProfile,A_Calibrated_BAU,GLOBAL,,ELCINDSO03,,,2035,S2D4,,,,,0.02555
SpecifiedDemandProfile,A_Calibrated_BAU,GLOBAL,,ELCINDSO03,,,2036,S2D4,,,,,0.02555
SpecifiedDemandProfile,A_Calibrated_BAU,GLOBAL,,ELCINDSO03,,,2037,S2D4,,,,,0.02555
SpecifiedDemandProfile,A_Calibrated_BAU,GLOBAL,,ELCINDSO03,,,2038,S2D4,,,,,0.02555
SpecifiedDemandProfile,A_Calibrated_BAU,GLOBAL,,ELCINDSO03,,,2039,S2D4,,,,,0.02555
SpecifiedDemandProfile,A_Calibrated_BAU,GLOBAL,,ELCINDSO03,,,2040,S2D4,,,,,0.02555
SpecifiedDemandProfile,A_Calibrated_BAU,GLOBAL,,ELCINDSO03,,,2041,S2D4,,,,,0.02555
SpecifiedDemandProfile,A_Calibrated_BAU,GLOBAL,,ELCINDSO03,,,2042,S2D4,,,,,0.02555
SpecifiedDemandProfile,A_Calibrated_BAU,GLOBAL,,ELCINDSO03,,,2043,S2D4,,,,,0.02555
SpecifiedDemandProfile,A_Calibrated_BAU,GLOBAL,,ELCINDSO03,,,2044,S2D4,,,,,0.02555
SpecifiedDemandProfile,A_Calibrated_BAU,GLOBAL,,ELCINDSO03,,,2045,S2D4,,,,,0.02555
SpecifiedDemandProfile,A_Calibrated_BAU,GLOBAL,,ELCINDSO03,,,2046,S2D4,,,,,0.02555
SpecifiedDemandProfile,A_Calibrated_BAU,GLOBAL,,ELCINDSO03,,,2047,S2D4,,,,,0.02555
SpecifiedDemandProfile,A_Calibrated_BAU,GLOBAL,,ELCINDSO03,,,2048,S2D4,,,,,0.02555
SpecifiedDemandProfile,A_Calibrated_BAU,GLOBAL,,ELCINDSO03,,,2049,S2D4,,,,,0.02555
SpecifiedDemandProfile,A_Calibrated_BAU,GLOBAL,,ELCINDSO03,,,2050,S2D4,,,,,0.02555
SpecifiedDemandProfile,A_Calibrated_BAU,GLOBAL,,ELCINDSO03,,,2023,S2D5,,,,,0.026123
SpecifiedDemandProfile,A_Calibrated_BAU,GLOBAL,,ELCINDSO03,,,2024,S2D5,,,,,0.026123
SpecifiedDemandProfile,A_Calibrated_BAU,GLOBAL,,ELCINDSO03,,,2025,S2D5,,,,,0.026123
SpecifiedDemandProfile,A_Calibrated_BAU,GLOBAL,,ELCINDSO03,,,2026,S2D5,,,,,0.026123
SpecifiedDemandProfile,A_Calibrated_BAU,GLOBAL,,ELCINDSO03,,,2027,S2D5,,,,,0.026123
SpecifiedDemandProfile,A_Calibrated_BAU,GLOBAL,,ELCINDSO03,,,2028,S2D5,,,,,0.026123
SpecifiedDemandProfile,A_Calibrated_BAU,GLOBAL,,ELCINDSO03,,,2029,S2D5,,,,,0.026123
SpecifiedDemandProfile,A_Calibrated_BAU,GLOBAL,,ELCINDSO03,,,2030,S2D5,,,,,0.026123
SpecifiedDemandProfile,A_Calibrated_BAU,GLOBAL,,ELCINDSO03,,,2031,S2D5,,,,,0.026123
SpecifiedDemandProfile,A_Calibrated_BAU,GLOBAL,,ELCINDSO03,,,2032,S2D5,,,,,0.026123
SpecifiedDemandProfile,A_Calibrated_BAU,GLOBAL,,ELCINDSO03,,,2033,S2D5,,,,,0.026123
SpecifiedDemandProfile,A_Calibrated_BAU,GLOBAL,,ELCINDSO03,,,2034,S2D5,,,,,0.026123
SpecifiedDemandProfile,A_Calibrated_BAU,GLOBAL,,ELCINDSO03,,,2035,S2D5,,,,,0.026123
SpecifiedDemandProfile,A_Calibrated_BAU,GLOBAL,,ELCINDSO03,,,2036,S2D5,,,,,0.026123
SpecifiedDemandProfile,A_Calibrated_BAU,GLOBAL,,ELCINDSO03,,,2037,S2D5,,,,,0.026123
SpecifiedDemandProfile,A_Calibrated_BAU,GLOBAL,,ELCINDSO03,,,2038,S2D5,,,,,0.026123
SpecifiedDemandProfile,A_Calibrated_BAU,GLOBAL,,ELCINDSO03,,,2039,S2D5,,,,,0.026123
SpecifiedDemandProfile,A_Calibrated_BAU,GLOBAL,,ELCINDSO03,,,2040,S2D5,,,,,0.026123
SpecifiedDemandProfile,A_Calibrated_BAU,GLOBAL,,ELCINDSO03,,,2041,S2D5,,,,,0.026123
SpecifiedDemandProfile,A_Calibrated_BAU,GLOBAL,,ELCINDSO03,,,2042,S2D5,,,,,0.026123
SpecifiedDemandProfile,A_Calibrated_BAU,GLOBAL,,ELCINDSO03,,,2043,S2D5,,,,,0.026123
SpecifiedDemandProfile,A_Calibrated_BAU,GLOBAL,,ELCINDSO03,,,2044,S2D5,,,,,0.026123
SpecifiedDemandProfile,A_Calibrated_BAU,GLOBAL,,ELCINDSO03,,,2045,S2D5,,,,,0.026123
SpecifiedDemandProfile,A_Calibrated_BAU,GLOBAL,,ELCINDSO03,,,2046,S2D5,,,,,0.026123
SpecifiedDemandProfile,A_Calibrated_BAU,GLOBAL,,ELCINDSO03,,,2047,S2D5,,,,,0.026123
SpecifiedDemandProfile,A_Calibrated_BAU,GLOBAL,,ELCINDSO03,,,2048,S2D5,,,,,0.026123
SpecifiedDemandProfile,A_Calibrated_BAU,GLOBAL,,ELCINDSO03,,,2049,S2D5,,,,,0.026123
SpecifiedDemandProfile,A_Calibrated_BAU,GLOBAL,,ELCINDSO03,,,2050,S2D5,,,,,0.026123
SpecifiedDemandProfile,A_Calibrated_BAU,GLOBAL,,ELCINDSO03,,,2023,S3D1,,,,,0.064754
SpecifiedDemandProfile,A_Calibrated_BAU,GLOBAL,,ELCINDSO03,,,2024,S3D1,,,,,0.064754
SpecifiedDemandProfile,A_Calibrated_BAU,GLOBAL,,ELCINDSO03,,,2025,S3D1,,,,,0.064754
SpecifiedDemandProfile,A_Calibrated_BAU,GLOBAL,,ELCINDSO03,,,2026,S3D1,,,,,0.064754
SpecifiedDemandProfile,A_Calibrated_BAU,GLOBAL,,ELCINDSO03,,,2027,S3D1,,,,,0.064754
SpecifiedDemandProfile,A_Calibrated_BAU,GLOBAL,,ELCINDSO03,,,2028,S3D1,,,,,0.064754
SpecifiedDemandProfile,A_Calibrated_BAU,GLOBAL,,ELCINDSO03,,,2029,S3D1,,,,,0.064754
SpecifiedDemandProfile,A_Calibrated_BAU,GLOBAL,,ELCINDSO03,,,2030,S3D1,,,,,0.064754
SpecifiedDemandProfile,A_Calibrated_BAU,GLOBAL,,ELCINDSO03,,,2031,S3D1,,,,,0.064754
SpecifiedDemandProfile,A_Calibrated_BAU,GLOBAL,,ELCINDSO03,,,2032,S3D1,,,,,0.064754
SpecifiedDemandProfile,A_Calibrated_BAU,GLOBAL,,ELCINDSO03,,,2033,S3D1,,,,,0.064754
SpecifiedDemandProfile,A_Calibrated_BAU,GLOBAL,,ELCINDSO03,,,2034,S3D1,,,,,0.064754
SpecifiedDemandProfile,A_Calibrated_BAU,GLOBAL,,ELCINDSO03,,,2035,S3D1,,,,,0.064754
SpecifiedDemandProfile,A_Calibrated_BAU,GLOBAL,,ELCINDSO03,,,2036,S3D1,,,,,0.064754
SpecifiedDemandProfile,A_Calibrated_BAU,GLOBAL,,ELCINDSO03,,,2037,S3D1,,,,,0.064754
SpecifiedDemandProfile,A_Calibrated_BAU,GLOBAL,,ELCINDSO03,,,2038,S3D1,,,,,0.064754
SpecifiedDemandProfile,A_Calibrated_BAU,GLOBAL,,ELCINDSO03,,,2039,S3D1,,,,,0.064754
SpecifiedDemandProfile,A_Calibrated_BAU,GLOBAL,,ELCINDSO03,,,2040,S3D1,,,,,0.064754
SpecifiedDemandProfile,A_Calibrated_BAU,GLOBAL,,ELCINDSO03,,,2041,S3D1,,,,,0.064754
SpecifiedDemandProfile,A_Calibrated_BAU,GLOBAL,,ELCINDSO03,,,2042,S3D1,,,,,0.064754
SpecifiedDemandProfile,A_Calibrated_BAU,GLOBAL,,ELCINDSO03,,,2043,S3D1,,,,,0.064754
SpecifiedDemandProfile,A_Calibrated_BAU,GLOBAL,,ELCINDSO03,,,2044,S3D1,,,,,0.064754
SpecifiedDemandProfile,A_Calibrated_BAU,GLOBAL,,ELCINDSO03,,,2045,S3D1,,,,,0.064754
SpecifiedDemandProfile,A_Calibrated_BAU,GLOBAL,,ELCINDSO03,,,2046,S3D1,,,,,0.064754
SpecifiedDemandProfile,A_Calibrated_BAU,GLOBAL,,ELCINDSO03,,,2047,S3D1,,,,,0.064754
SpecifiedDemandProfile,A_Calibrated_BAU,GLOBAL,,ELCINDSO03,,,2048,S3D1,,,,,0.064754
SpecifiedDemandProfile,A_Calibrated_BAU,GLOBAL,,ELCINDSO03,,,2049,S3D1,,,,,0.064754
SpecifiedDemandProfile,A_Calibrated_BAU,GLOBAL,,ELCINDSO03,,,2050,S3D1,,,,,0.064754
SpecifiedDemandProfile,A_Calibrated_BAU,GLOBAL,,ELCINDSO03,,,2023,S3D2,,,,,0.142434
SpecifiedDemandProfile,A_Calibrated_BAU,GLOBAL,,ELCINDSO03,,,2024,S3D2,,,,,0.142434
SpecifiedDemandProfile,A_Calibrated_BAU,GLOBAL,,ELCINDSO03,,,2025,S3D2,,,,,0.142434
SpecifiedDemandProfile,A_Calibrated_BAU,GLOBAL,,ELCINDSO03,,,2026,S3D2,,,,,0.142434
SpecifiedDemandProfile,A_Calibrated_BAU,GLOBAL,,ELCINDSO03,,,2027,S3D2,,,,,0.142434
SpecifiedDemandProfile,A_Calibrated_BAU,GLOBAL,,ELCINDSO03,,,2028,S3D2,,,,,0.142434
SpecifiedDemandProfile,A_Calibrated_BAU,GLOBAL,,ELCINDSO03,,,2029,S3D2,,,,,0.142434
SpecifiedDemandProfile,A_Calibrated_BAU,GLOBAL,,ELCINDSO03,,,2030,S3D2,,,,,0.142434
SpecifiedDemandProfile,A_Calibrated_BAU,GLOBAL,,ELCINDSO03,,,2031,S3D2,,,,,0.142434
SpecifiedDemandProfile,A_Calibrated_BAU,GLOBAL,,ELCINDSO03,,,2032,S3D2,,,,,0.142434
SpecifiedDemandProfile,A_Calibrated_BAU,GLOBAL,,ELCINDSO03,,,2033,S3D2,,,,,0.142434
SpecifiedDemandProfile,A_Calibrated_BAU,GLOBAL,,ELCINDSO03,,,2034,S3D2,,,,,0.142434
SpecifiedDemandProfile,A_Calibrated_BAU,GLOBAL,,ELCINDSO03,,,2035,S3D2,,,,,0.142434
SpecifiedDemandProfile,A_Calibrated_BAU,GLOBAL,,ELCINDSO03,,,2036,S3D2,,,,,0.142434
SpecifiedDemandProfile,A_Calibrated_BAU,GLOBAL,,ELCINDSO03,,,2037,S3D2,,,,,0.142434
SpecifiedDemandProfile,A_Calibrated_BAU,GLOBAL,,ELCINDSO03,,,2038,S3D2,,,,,0.142434
SpecifiedDemandProfile,A_Calibrated_BAU,GLOBAL,,ELCINDSO03,,,2039,S3D2,,,,,0.142434
SpecifiedDemandProfile,A_Calibrated_BAU,GLOBAL,,ELCINDSO03,,,2040,S3D2,,,,,0.142434
SpecifiedDemandProfile,A_Calibrated_BAU,GLOBAL,,ELCINDSO03,,,2041,S3D2,,,,,0.142434
SpecifiedDemandProfile,A_Calibrated_BAU,GLOBAL,,ELCINDSO03,,,2042,S3D2,,,,,0.142434
SpecifiedDemandProfile,A_Calibrated_BAU,GLOBAL,,ELCINDSO03,,,2043,S3D2,,,,,0.142434
SpecifiedDemandProfile,A_Calibrated_BAU,GLOBAL,,ELCINDSO03,,,2044,S3D2,,,,,0.142434
SpecifiedDemandProfile,A_Calibrated_BAU,GLOBAL,,ELCINDSO03,,,2045,S3D2,,,,,0.142434
SpecifiedDemandProfile,A_Calibrated_BAU,GLOBAL,,ELCINDSO03,,,2046,S3D2,,,,,0.142434
SpecifiedDemandProfile,A_Calibrated_BAU,GLOBAL,,ELCINDSO03,,,2047,S3D2,,,,,0.142434
SpecifiedDemandProfile,A_Calibrated_BAU,GLOBAL,,ELCINDSO03,,,2048,S3D2,,,,,0.142434
SpecifiedDemandProfile,A_Calibrated_BAU,GLOBAL,,ELCINDSO03,,,2049,S3D2,,,,,0.142434
SpecifiedDemandProfile,A_Calibrated_BAU,GLOBAL,,ELCINDSO03,,,2050,S3D2,,,,,0.142434
SpecifiedDemandProfile,A_Calibrated_BAU,GLOBAL,,ELCINDSO03,,,2023,S3D3,,,,,0.036074
SpecifiedDemandProfile,A_Calibrated_BAU,GLOBAL,,ELCINDSO03,,,2024,S3D3,,,,,0.036074
SpecifiedDemandProfile,A_Calibrated_BAU,GLOBAL,,ELCINDSO03,,,2025,S3D3,,,,,0.036074
SpecifiedDemandProfile,A_Calibrated_BAU,GLOBAL,,ELCINDSO03,,,2026,S3D3,,,,,0.036074
SpecifiedDemandProfile,A_Calibrated_BAU,GLOBAL,,ELCINDSO03,,,2027,S3D3,,,,,0.036074
SpecifiedDemandProfile,A_Calibrated_BAU,GLOBAL,,ELCINDSO03,,,2028,S3D3,,,,,0.036074
SpecifiedDemandProfile,A_Calibrated_BAU,GLOBAL,,ELCINDSO03,,,2029,S3D3,,,,,0.036074
SpecifiedDemandProfile,A_Calibrated_BAU,GLOBAL,,ELCINDSO03,,,2030,S3D3,,,,,0.036074
SpecifiedDemandProfile,A_Calibrated_BAU,GLOBAL,,ELCINDSO03,,,2031,S3D3,,,,,0.036074
SpecifiedDemandProfile,A_Calibrated_BAU,GLOBAL,,ELCINDSO03,,,2032,S3D3,,,,,0.036074
SpecifiedDemandProfile,A_Calibrated_BAU,GLOBAL,,ELCINDSO03,,,2033,S3D3,,,,,0.036074
SpecifiedDemandProfile,A_Calibrated_BAU,GLOBAL,,ELCINDSO03,,,2034,S3D3,,,,,0.036074
SpecifiedDemandProfile,A_Calibrated_BAU,GLOBAL,,ELCINDSO03,,,2035,S3D3,,,,,0.036074
SpecifiedDemandProfile,A_Calibrated_BAU,GLOBAL,,ELCINDSO03,,,2036,S3D3,,,,,0.036074
SpecifiedDemandProfile,A_Calibrated_BAU,GLOBAL,,ELCINDSO03,,,2037,S3D3,,,,,0.036074
SpecifiedDemandProfile,A_Calibrated_BAU,GLOBAL,,ELCINDSO03,,,2038,S3D3,,,,,0.036074
SpecifiedDemandProfile,A_Calibrated_BAU,GLOBAL,,ELCINDSO03,,,2039,S3D3,,,,,0.036074
SpecifiedDemandProfile,A_Calibrated_BAU,GLOBAL,,ELCINDSO03,,,2040,S3D3,,,,,0.036074
SpecifiedDemandProfile,A_Calibrated_BAU,GLOBAL,,ELCINDSO03,,,2041,S3D3,,,,,0.036074
SpecifiedDemandProfile,A_Calibrated_BAU,GLOBAL,,ELCINDSO03,,,2042,S3D3,,,,,0.036074
SpecifiedDemandProfile,A_Calibrated_BAU,GLOBAL,,ELCINDSO03,,,2043,S3D3,,,,,0.036074
SpecifiedDemandProfile,A_Calibrated_BAU,GLOBAL,,ELCINDSO03,,,2044,S3D3,,,,,0.036074
SpecifiedDemandProfile,A_Calibrated_BAU,GLOBAL,,ELCINDSO03,,,2045,S3D3,,,,,0.036074
SpecifiedDemandProfile,A_Calibrated_BAU,GLOBAL,,ELCINDSO03,,,2046,S3D3,,,,,0.036074
SpecifiedDemandProfile,A_Calibrated_BAU,GLOBAL,,ELCINDSO03,,,2047,S3D3,,,,,0.036074
SpecifiedDemandProfile,A_Calibrated_BAU,GLOBAL,,ELCINDSO03,,,2048,S3D3,,,,,0.036074
SpecifiedDemandProfile,A_Calibrated_BAU,GLOBAL,,ELCINDSO03,,,2049,S3D3,,,,,0.036074
SpecifiedDemandProfile,A_Calibrated_BAU,GLOBAL,,ELCINDSO03,,,2050,S3D3,,,,,0.036074
SpecifiedDemandProfile,A_Calibrated_BAU,GLOBAL,,ELCINDSO03,,,2023,S3D4,,,,,0.023795
SpecifiedDemandProfile,A_Calibrated_BAU,GLOBAL,,ELCINDSO03,,,2024,S3D4,,,,,0.023795
SpecifiedDemandProfile,A_Calibrated_BAU,GLOBAL,,ELCINDSO03,,,2025,S3D4,,,,,0.023795
SpecifiedDemandProfile,A_Calibrated_BAU,GLOBAL,,ELCINDSO03,,,2026,S3D4,,,,,0.023795
SpecifiedDemandProfile,A_Calibrated_BAU,GLOBAL,,ELCINDSO03,,,2027,S3D4,,,,,0.023795
SpecifiedDemandProfile,A_Calibrated_BAU,GLOBAL,,ELCINDSO03,,,2028,S3D4,,,,,0.023795
SpecifiedDemandProfile,A_Calibrated_BAU,GLOBAL,,ELCINDSO03,,,2029,S3D4,,,,,0.023795
SpecifiedDemandProfile,A_Calibrated_BAU,GLOBAL,,ELCINDSO03,,,2030,S3D4,,,,,0.023795
SpecifiedDemandProfile,A_Calibrated_BAU,GLOBAL,,ELCINDSO03,,,2031,S3D4,,,,,0.023795
SpecifiedDemandProfile,A_Calibrated_BAU,GLOBAL,,ELCINDSO03,,,2032,S3D4,,,,,0.023795
SpecifiedDemandProfile,A_Calibrated_BAU,GLOBAL,,ELCINDSO03,,,2033,S3D4,,,,,0.023795
SpecifiedDemandProfile,A_Calibrated_BAU,GLOBAL,,ELCINDSO03,,,2034,S3D4,,,,,0.023795
SpecifiedDemandProfile,A_Calibrated_BAU,GLOBAL,,ELCINDSO03,,,2035,S3D4,,,,,0.023795
SpecifiedDemandProfile,A_Calibrated_BAU,GLOBAL,,ELCINDSO03,,,2036,S3D4,,,,,0.023795
SpecifiedDemandProfile,A_Calibrated_BAU,GLOBAL,,ELCINDSO03,,,2037,S3D4,,,,,0.023795
SpecifiedDemandProfile,A_Calibrated_BAU,GLOBAL,,ELCINDSO03,,,2038,S3D4,,,,,0.023795
SpecifiedDemandProfile,A_Calibrated_BAU,GLOBAL,,ELCINDSO03,,,2039,S3D4,,,,,0.023795
SpecifiedDemandProfile,A_Calibrated_BAU,GLOBAL,,ELCINDSO03,,,2040,S3D4,,,,,0.023795
SpecifiedDemandProfile,A_Calibrated_BAU,GLOBAL,,ELCINDSO03,,,2041,S3D4,,,,,0.023795
SpecifiedDemandProfile,A_Calibrated_BAU,GLOBAL,,ELCINDSO03,,,2042,S3D4,,,,,0.023795
SpecifiedDemandProfile,A_Calibrated_BAU,GLOBAL,,ELCINDSO03,,,2043,S3D4,,,,,0.023795
SpecifiedDemandProfile,A_Calibrated_BAU,GLOBAL,,ELCINDSO03,,,2044,S3D4,,,,,0.023795
SpecifiedDemandProfile,A_Calibrated_BAU,GLOBAL,,ELCINDSO03,,,2045,S3D4,,,,,0.023795
SpecifiedDemandProfile,A_Calibrated_BAU,GLOBAL,,ELCINDSO03,,,2046,S3D4,,,,,0.023795
SpecifiedDemandProfile,A_Calibrated_BAU,GLOBAL,,ELCINDSO03,,,2047,S3D4,,,,,0.023795
SpecifiedDemandProfile,A_Calibrated_BAU,GLOBAL,,ELCINDSO03,,,2048,S3D4,,,,,0.023795
SpecifiedDemandProfile,A_Calibrated_BAU,GLOBAL,,ELCINDSO03,,,2049,S3D4,,,,,0.023795
SpecifiedDemandProfile,A_Calibrated_BAU,GLOBAL,,ELCINDSO03,,,2050,S3D4,,,,,0.023795
SpecifiedDemandProfile,A_Calibrated_BAU,GLOBAL,,ELCINDSO03,,,2023,S3D5,,,,,0.023304
SpecifiedDemandProfile,A_Calibrated_BAU,GLOBAL,,ELCINDSO03,,,2024,S3D5,,,,,0.023304
SpecifiedDemandProfile,A_Calibrated_BAU,GLOBAL,,ELCINDSO03,,,2025,S3D5,,,,,0.023304
SpecifiedDemandProfile,A_Calibrated_BAU,GLOBAL,,ELCINDSO03,,,2026,S3D5,,,,,0.023304
SpecifiedDemandProfile,A_Calibrated_BAU,GLOBAL,,ELCINDSO03,,,2027,S3D5,,,,,0.023304
SpecifiedDemandProfile,A_Calibrated_BAU,GLOBAL,,ELCINDSO03,,,2028,S3D5,,,,,0.023304
SpecifiedDemandProfile,A_Calibrated_BAU,GLOBAL,,ELCINDSO03,,,2029,S3D5,,,,,0.023304
SpecifiedDemandProfile,A_Calibrated_BAU,GLOBAL,,ELCINDSO03,,,2030,S3D5,,,,,0.023304
SpecifiedDemandProfile,A_Calibrated_BAU,GLOBAL,,ELCINDSO03,,,2031,S3D5,,,,,0.023304
SpecifiedDemandProfile,A_Calibrated_BAU,GLOBAL,,ELCINDSO03,,,2032,S3D5,,,,,0.023304
SpecifiedDemandProfile,A_Calibrated_BAU,GLOBAL,,ELCINDSO03,,,2033,S3D5,,,,,0.023304
SpecifiedDemandProfile,A_Calibrated_BAU,GLOBAL,,ELCINDSO03,,,2034,S3D5,,,,,0.023304
SpecifiedDemandProfile,A_Calibrated_BAU,GLOBAL,,ELCINDSO03,,,2035,S3D5,,,,,0.023304
SpecifiedDemandProfile,A_Calibrated_BAU,GLOBAL,,ELCINDSO03,,,2036,S3D5,,,,,0.023304
SpecifiedDemandProfile,A_Calibrated_BAU,GLOBAL,,ELCINDSO03,,,2037,S3D5,,,,,0.023304
SpecifiedDemandProfile,A_Calibrated_BAU,GLOBAL,,ELCINDSO03,,,2038,S3D5,,,,,0.023304
SpecifiedDemandProfile,A_Calibrated_BAU,GLOBAL,,ELCINDSO03,,,2039,S3D5,,,,,0.023304
SpecifiedDemandProfile,A_Calibrated_BAU,GLOBAL,,ELCINDSO03,,,2040,S3D5,,,,,0.023304
SpecifiedDemandProfile,A_Calibrated_BAU,GLOBAL,,ELCINDSO03,,,2041,S3D5,,,,,0.023304
SpecifiedDemandProfile,A_Calibrated_BAU,GLOBAL,,ELCINDSO03,,,2042,S3D5,,,,,0.023304
SpecifiedDemandProfile,A_Calibrated_BAU,GLOBAL,,ELCINDSO03,,,2043,S3D5,,,,,0.023304
SpecifiedDemandProfile,A_Calibrated_BAU,GLOBAL,,ELCINDSO03,,,2044,S3D5,,,,,0.023304
SpecifiedDemandProfile,A_Calibrated_BAU,GLOBAL,,ELCINDSO03,,,2045,S3D5,,,,,0.023304
SpecifiedDemandProfile,A_Calibrated_BAU,GLOBAL,,ELCINDSO03,,,2046,S3D5,,,,,0.023304
SpecifiedDemandProfile,A_Calibrated_BAU,GLOBAL,,ELCINDSO03,,,2047,S3D5,,,,,0.023304
SpecifiedDemandProfile,A_Calibrated_BAU,GLOBAL,,ELCINDSO03,,,2048,S3D5,,,,,0.023304
SpecifiedDemandProfile,A_Calibrated_BAU,GLOBAL,,ELCINDSO03,,,2049,S3D5,,,,,0.023304
SpecifiedDemandProfile,A_Calibrated_BAU,GLOBAL,,ELCINDSO03,,,2050,S3D5,,,,,0.023304
SpecifiedDemandProfile,A_Calibrated_BAU,GLOBAL,,ELCINDSO03,,,2023,S4D1,,,,,0.027046
SpecifiedDemandProfile,A_Calibrated_BAU,GLOBAL,,ELCINDSO03,,,2024,S4D1,,,,,0.027046
SpecifiedDemandProfile,A_Calibrated_BAU,GLOBAL,,ELCINDSO03,,,2025,S4D1,,,,,0.027046
SpecifiedDemandProfile,A_Calibrated_BAU,GLOBAL,,ELCINDSO03,,,2026,S4D1,,,,,0.027046
SpecifiedDemandProfile,A_Calibrated_BAU,GLOBAL,,ELCINDSO03,,,2027,S4D1,,,,,0.027046
SpecifiedDemandProfile,A_Calibrated_BAU,GLOBAL,,ELCINDSO03,,,2028,S4D1,,,,,0.027046
SpecifiedDemandProfile,A_Calibrated_BAU,GLOBAL,,ELCINDSO03,,,2029,S4D1,,,,,0.027046
SpecifiedDemandProfile,A_Calibrated_BAU,GLOBAL,,ELCINDSO03,,,2030,S4D1,,,,,0.027046
SpecifiedDemandProfile,A_Calibrated_BAU,GLOBAL,,ELCINDSO03,,,2031,S4D1,,,,,0.027046
SpecifiedDemandProfile,A_Calibrated_BAU,GLOBAL,,ELCINDSO03,,,2032,S4D1,,,,,0.027046
SpecifiedDemandProfile,A_Calibrated_BAU,GLOBAL,,ELCINDSO03,,,2033,S4D1,,,,,0.027046
SpecifiedDemandProfile,A_Calibrated_BAU,GLOBAL,,ELCINDSO03,,,2034,S4D1,,,,,0.027046
SpecifiedDemandProfile,A_Calibrated_BAU,GLOBAL,,ELCINDSO03,,,2035,S4D1,,,,,0.027046
SpecifiedDemandProfile,A_Calibrated_BAU,GLOBAL,,ELCINDSO03,,,2036,S4D1,,,,,0.027046
SpecifiedDemandProfile,A_Calibrated_BAU,GLOBAL,,ELCINDSO03,,,2037,S4D1,,,,,0.027046
SpecifiedDemandProfile,A_Calibrated_BAU,GLOBAL,,ELCINDSO03,,,2038,S4D1,,,,,0.027046
SpecifiedDemandProfile,A_Calibrated_BAU,GLOBAL,,ELCINDSO03,,,2039,S4D1,,,,,0.027046
SpecifiedDemandProfile,A_Calibrated_BAU,GLOBAL,,ELCINDSO03,,,2040,S4D1,,,,,0.027046
SpecifiedDemandProfile,A_Calibrated_BAU,GLOBAL,,ELCINDSO03,,,2041,S4D1,,,,,0.027046
SpecifiedDemandProfile,A_Calibrated_BAU,GLOBAL,,ELCINDSO03,,,2042,S4D1,,,,,0.027046
SpecifiedDemandProfile,A_Calibrated_BAU,GLOBAL,,ELCINDSO03,,,2043,S4D1,,,,,0.027046
SpecifiedDemandProfile,A_Calibrated_BAU,GLOBAL,,ELCINDSO03,,,2044,S4D1,,,,,0.027046
SpecifiedDemandProfile,A_Calibrated_BAU,GLOBAL,,ELCINDSO03,,,2045,S4D1,,,,,0.027046
SpecifiedDemandProfile,A_Calibrated_BAU,GLOBAL,,ELCINDSO03,,,2046,S4D1,,,,,0.027046
SpecifiedDemandProfile,A_Calibrated_BAU,GLOBAL,,ELCINDSO03,,,2047,S4D1,,,,,0.027046
SpecifiedDemandProfile,A_Calibrated_BAU,GLOBAL,,ELCINDSO03,,,2048,S4D1,,,,,0.027046
SpecifiedDemandProfile,A_Calibrated_BAU,GLOBAL,,ELCINDSO03,,,2049,S4D1,,,,,0.027046
SpecifiedDemandProfile,A_Calibrated_BAU,GLOBAL,,ELCINDSO03,,,2050,S4D1,,,,,0.027046
SpecifiedDemandProfile,A_Calibrated_BAU,GLOBAL,,ELCINDSO03,,,2023,S4D2,,,,,0.061916
SpecifiedDemandProfile,A_Calibrated_BAU,GLOBAL,,ELCINDSO03,,,2024,S4D2,,,,,0.061916
SpecifiedDemandProfile,A_Calibrated_BAU,GLOBAL,,ELCINDSO03,,,2025,S4D2,,,,,0.061916
SpecifiedDemandProfile,A_Calibrated_BAU,GLOBAL,,ELCINDSO03,,,2026,S4D2,,,,,0.061916
SpecifiedDemandProfile,A_Calibrated_BAU,GLOBAL,,ELCINDSO03,,,2027,S4D2,,,,,0.061916
SpecifiedDemandProfile,A_Calibrated_BAU,GLOBAL,,ELCINDSO03,,,2028,S4D2,,,,,0.061916
SpecifiedDemandProfile,A_Calibrated_BAU,GLOBAL,,ELCINDSO03,,,2029,S4D2,,,,,0.061916
SpecifiedDemandProfile,A_Calibrated_BAU,GLOBAL,,ELCINDSO03,,,2030,S4D2,,,,,0.061916
SpecifiedDemandProfile,A_Calibrated_BAU,GLOBAL,,ELCINDSO03,,,2031,S4D2,,,,,0.061916
SpecifiedDemandProfile,A_Calibrated_BAU,GLOBAL,,ELCINDSO03,,,2032,S4D2,,,,,0.061916
SpecifiedDemandProfile,A_Calibrated_BAU,GLOBAL,,ELCINDSO03,,,2033,S4D2,,,,,0.061916
SpecifiedDemandProfile,A_Calibrated_BAU,GLOBAL,,ELCINDSO03,,,2034,S4D2,,,,,0.061916
SpecifiedDemandProfile,A_Calibrated_BAU,GLOBAL,,ELCINDSO03,,,2035,S4D2,,,,,0.061916
SpecifiedDemandProfile,A_Calibrated_BAU,GLOBAL,,ELCINDSO03,,,2036,S4D2,,,,,0.061916
SpecifiedDemandProfile,A_Calibrated_BAU,GLOBAL,,ELCINDSO03,,,2037,S4D2,,,,,0.061916
SpecifiedDemandProfile,A_Calibrated_BAU,GLOBAL,,ELCINDSO03,,,2038,S4D2,,,,,0.061916
SpecifiedDemandProfile,A_Calibrated_BAU,GLOBAL,,ELCINDSO03,,,2039,S4D2,,,,,0.061916
SpecifiedDemandProfile,A_Calibrated_BAU,GLOBAL,,ELCINDSO03,,,2040,S4D2,,,,,0.061916
SpecifiedDemandProfile,A_Calibrated_BAU,GLOBAL,,ELCINDSO03,,,2041,S4D2,,,,,0.061916
SpecifiedDemandProfile,A_Calibrated_BAU,GLOBAL,,ELCINDSO03,,,2042,S4D2,,,,,0.061916
SpecifiedDemandProfile,A_Calibrated_BAU,GLOBAL,,ELCINDSO03,,,2043,S4D2,,,,,0.061916
SpecifiedDemandProfile,A_Calibrated_BAU,GLOBAL,,ELCINDSO03,,,2044,S4D2,,,,,0.061916
SpecifiedDemandProfile,A_Calibrated_BAU,GLOBAL,,ELCINDSO03,,,2045,S4D2,,,,,0.061916
SpecifiedDemandProfile,A_Calibrated_BAU,GLOBAL,,ELCINDSO03,,,2046,S4D2,,,,,0.061916
SpecifiedDemandProfile,A_Calibrated_BAU,GLOBAL,,ELCINDSO03,,,2047,S4D2,,,,,0.061916
SpecifiedDemandProfile,A_Calibrated_BAU,GLOBAL,,ELCINDSO03,,,2048,S4D2,,,,,0.061916
SpecifiedDemandProfile,A_Calibrated_BAU,GLOBAL,,ELCINDSO03,,,2049,S4D2,,,,,0.061916
SpecifiedDemandProfile,A_Calibrated_BAU,GLOBAL,,ELCINDSO03,,,2050,S4D2,,,,,0.061916
SpecifiedDemandProfile,A_Calibrated_BAU,GLOBAL,,ELCINDSO03,,,2023,S4D3,,,,,0.015792
SpecifiedDemandProfile,A_Calibrated_BAU,GLOBAL,,ELCINDSO03,,,2024,S4D3,,,,,0.015792
SpecifiedDemandProfile,A_Calibrated_BAU,GLOBAL,,ELCINDSO03,,,2025,S4D3,,,,,0.015792
SpecifiedDemandProfile,A_Calibrated_BAU,GLOBAL,,ELCINDSO03,,,2026,S4D3,,,,,0.015792
SpecifiedDemandProfile,A_Calibrated_BAU,GLOBAL,,ELCINDSO03,,,2027,S4D3,,,,,0.015792
SpecifiedDemandProfile,A_Calibrated_BAU,GLOBAL,,ELCINDSO03,,,2028,S4D3,,,,,0.015792
SpecifiedDemandProfile,A_Calibrated_BAU,GLOBAL,,ELCINDSO03,,,2029,S4D3,,,,,0.015792
SpecifiedDemandProfile,A_Calibrated_BAU,GLOBAL,,ELCINDSO03,,,2030,S4D3,,,,,0.015792
SpecifiedDemandProfile,A_Calibrated_BAU,GLOBAL,,ELCINDSO03,,,2031,S4D3,,,,,0.015792
SpecifiedDemandProfile,A_Calibrated_BAU,GLOBAL,,ELCINDSO03,,,2032,S4D3,,,,,0.015792
SpecifiedDemandProfile,A_Calibrated_BAU,GLOBAL,,ELCINDSO03,,,2033,S4D3,,,,,0.015792
SpecifiedDemandProfile,A_Calibrated_BAU,GLOBAL,,ELCINDSO03,,,2034,S4D3,,,,,0.015792
SpecifiedDemandProfile,A_Calibrated_BAU,GLOBAL,,ELCINDSO03,,,2035,S4D3,,,,,0.015792
SpecifiedDemandProfile,A_Calibrated_BAU,GLOBAL,,ELCINDSO03,,,2036,S4D3,,,,,0.015792
SpecifiedDemandProfile,A_Calibrated_BAU,GLOBAL,,ELCINDSO03,,,2037,S4D3,,,,,0.015792
SpecifiedDemandProfile,A_Calibrated_BAU,GLOBAL,,ELCINDSO03,,,2038,S4D3,,,,,0.015792
SpecifiedDemandProfile,A_Calibrated_BAU,GLOBAL,,ELCINDSO03,,,2039,S4D3,,,,,0.015792
SpecifiedDemandProfile,A_Calibrated_BAU,GLOBAL,,ELCINDSO03,,,2040,S4D3,,,,,0.015792
SpecifiedDemandProfile,A_Calibrated_BAU,GLOBAL,,ELCINDSO03,,,2041,S4D3,,,,,0.015792
SpecifiedDemandProfile,A_Calibrated_BAU,GLOBAL,,ELCINDSO03,,,2042,S4D3,,,,,0.015792
SpecifiedDemandProfile,A_Calibrated_BAU,GLOBAL,,ELCINDSO03,,,2043,S4D3,,,,,0.015792
SpecifiedDemandProfile,A_Calibrated_BAU,GLOBAL,,ELCINDSO03,,,2044,S4D3,,,,,0.015792
SpecifiedDemandProfile,A_Calibrated_BAU,GLOBAL,,ELCINDSO03,,,2045,S4D3,,,,,0.015792
SpecifiedDemandProfile,A_Calibrated_BAU,GLOBAL,,ELCINDSO03,,,2046,S4D3,,,,,0.015792
SpecifiedDemandProfile,A_Calibrated_BAU,GLOBAL,,ELCINDSO03,,,2047,S4D3,,,,,0.015792
SpecifiedDemandProfile,A_Calibrated_BAU,GLOBAL,,ELCINDSO03,,,2048,S4D3,,,,,0.015792
SpecifiedDemandProfile,A_Calibrated_BAU,GLOBAL,,ELCINDSO03,,,2049,S4D3,,,,,0.015792
SpecifiedDemandProfile,A_Calibrated_BAU,GLOBAL,,ELCINDSO03,,,2050,S4D3,,,,,0.015792
SpecifiedDemandProfile,A_Calibrated_BAU,GLOBAL,,ELCINDSO03,,,2023,S4D4,,,,,0.009952
SpecifiedDemandProfile,A_Calibrated_BAU,GLOBAL,,ELCINDSO03,,,2024,S4D4,,,,,0.009952
SpecifiedDemandProfile,A_Calibrated_BAU,GLOBAL,,ELCINDSO03,,,2025,S4D4,,,,,0.009952
SpecifiedDemandProfile,A_Calibrated_BAU,GLOBAL,,ELCINDSO03,,,2026,S4D4,,,,,0.009952
SpecifiedDemandProfile,A_Calibrated_BAU,GLOBAL,,ELCINDSO03,,,2027,S4D4,,,,,0.009952
SpecifiedDemandProfile,A_Calibrated_BAU,GLOBAL,,ELCINDSO03,,,2028,S4D4,,,,,0.009952
SpecifiedDemandProfile,A_Calibrated_BAU,GLOBAL,,ELCINDSO03,,,2029,S4D4,,,,,0.009952
SpecifiedDemandProfile,A_Calibrated_BAU,GLOBAL,,ELCINDSO03,,,2030,S4D4,,,,,0.009952
SpecifiedDemandProfile,A_Calibrated_BAU,GLOBAL,,ELCINDSO03,,,2031,S4D4,,,,,0.009952
SpecifiedDemandProfile,A_Calibrated_BAU,GLOBAL,,ELCINDSO03,,,2032,S4D4,,,,,0.009952
SpecifiedDemandProfile,A_Calibrated_BAU,GLOBAL,,ELCINDSO03,,,2033,S4D4,,,,,0.009952
SpecifiedDemandProfile,A_Calibrated_BAU,GLOBAL,,ELCINDSO03,,,2034,S4D4,,,,,0.009952
SpecifiedDemandProfile,A_Calibrated_BAU,GLOBAL,,ELCINDSO03,,,2035,S4D4,,,,,0.009952
SpecifiedDemandProfile,A_Calibrated_BAU,GLOBAL,,ELCINDSO03,,,2036,S4D4,,,,,0.009952
SpecifiedDemandProfile,A_Calibrated_BAU,GLOBAL,,ELCINDSO03,,,2037,S4D4,,,,,0.009952
SpecifiedDemandProfile,A_Calibrated_BAU,GLOBAL,,ELCINDSO03,,,2038,S4D4,,,,,0.009952
SpecifiedDemandProfile,A_Calibrated_BAU,GLOBAL,,ELCINDSO03,,,2039,S4D4,,,,,0.009952
SpecifiedDemandProfile,A_Calibrated_BAU,GLOBAL,,ELCINDSO03,,,2040,S4D4,,,,,0.009952
SpecifiedDemandProfile,A_Calibrated_BAU,GLOBAL,,ELCINDSO03,,,2041,S4D4,,,,,0.009952
SpecifiedDemandProfile,A_Calibrated_BAU,GLOBAL,,ELCINDSO03,,,2042,S4D4,,,,,0.009952
SpecifiedDemandProfile,A_Calibrated_BAU,GLOBAL,,ELCINDSO03,,,2043,S4D4,,,,,0.009952
SpecifiedDemandProfile,A_Calibrated_BAU,GLOBAL,,ELCINDSO03,,,2044,S4D4,,,,,0.009952
SpecifiedDemandProfile,A_Calibrated_BAU,GLOBAL,,ELCINDSO03,,,2045,S4D4,,,,,0.009952
SpecifiedDemandProfile,A_Calibrated_BAU,GLOBAL,,ELCINDSO03,,,2046,S4D4,,,,,0.009952
SpecifiedDemandProfile,A_Calibrated_BAU,GLOBAL,,ELCINDSO03,,,2047,S4D4,,,,,0.009952
SpecifiedDemandProfile,A_Calibrated_BAU,GLOBAL,,ELCINDSO03,,,2048,S4D4,,,,,0.009952
SpecifiedDemandProfile,A_Calibrated_BAU,GLOBAL,,ELCINDSO03,,,2049,S4D4,,,,,0.009952
SpecifiedDemandProfile,A_Calibrated_BAU,GLOBAL,,ELCINDSO03,,,2050,S4D4,,,,,0.009952
SpecifiedDemandProfile,A_Calibrated_BAU,GLOBAL,,ELCINDSO03,,,2023,S4D5,,,,,0.009476
SpecifiedDemandProfile,A_Calibrated_BAU,GLOBAL,,ELCINDSO03,,,2024,S4D5,,,,,0.009476
SpecifiedDemandProfile,A_Calibrated_BAU,GLOBAL,,ELCINDSO03,,,2025,S4D5,,,,,0.009476
SpecifiedDemandProfile,A_Calibrated_BAU,GLOBAL,,ELCINDSO03,,,2026,S4D5,,,,,0.009476
SpecifiedDemandProfile,A_Calibrated_BAU,GLOBAL,,ELCINDSO03,,,2027,S4D5,,,,,0.009476
SpecifiedDemandProfile,A_Calibrated_BAU,GLOBAL,,ELCINDSO03,,,2028,S4D5,,,,,0.009476
SpecifiedDemandProfile,A_Calibrated_BAU,GLOBAL,,ELCINDSO03,,,2029,S4D5,,,,,0.009476
SpecifiedDemandProfile,A_Calibrated_BAU,GLOBAL,,ELCINDSO03,,,2030,S4D5,,,,,0.009476
SpecifiedDemandProfile,A_Calibrated_BAU,GLOBAL,,ELCINDSO03,,,2031,S4D5,,,,,0.009476
SpecifiedDemandProfile,A_Calibrated_BAU,GLOBAL,,ELCINDSO03,,,2032,S4D5,,,,,0.009476
SpecifiedDemandProfile,A_Calibrated_BAU,GLOBAL,,ELCINDSO03,,,2033,S4D5,,,,,0.009476
SpecifiedDemandProfile,A_Calibrated_BAU,GLOBAL,,ELCINDSO03,,,2034,S4D5,,,,,0.009476
SpecifiedDemandProfile,A_Calibrated_BAU,GLOBAL,,ELCINDSO03,,,2035,S4D5,,,,,0.009476
SpecifiedDemandProfile,A_Calibrated_BAU,GLOBAL,,ELCINDSO03,,,2036,S4D5,,,,,0.009476
SpecifiedDemandProfile,A_Calibrated_BAU,GLOBAL,,ELCINDSO03,,,2037,S4D5,,,,,0.009476
SpecifiedDemandProfile,A_Calibrated_BAU,GLOBAL,,ELCINDSO03,,,2038,S4D5,,,,,0.009476
SpecifiedDemandProfile,A_Calibrated_BAU,GLOBAL,,ELCINDSO03,,,2039,S4D5,,,,,0.009476
SpecifiedDemandProfile,A_Calibrated_BAU,GLOBAL,,ELCINDSO03,,,2040,S4D5,,,,,0.009476
SpecifiedDemandProfile,A_Calibrated_BAU,GLOBAL,,ELCINDSO03,,,2041,S4D5,,,,,0.009476
SpecifiedDemandProfile,A_Calibrated_BAU,GLOBAL,,ELCINDSO03,,,2042,S4D5,,,,,0.009476
SpecifiedDemandProfile,A_Calibrated_BAU,GLOBAL,,ELCINDSO03,,,2043,S4D5,,,,,0.009476
SpecifiedDemandProfile,A_Calibrated_BAU,GLOBAL,,ELCINDSO03,,,2044,S4D5,,,,,0.009476
SpecifiedDemandProfile,A_Calibrated_BAU,GLOBAL,,ELCINDSO03,,,2045,S4D5,,,,,0.009476
SpecifiedDemandProfile,A_Calibrated_BAU,GLOBAL,,ELCINDSO03,,,2046,S4D5,,,,,0.009476
SpecifiedDemandProfile,A_Calibrated_BAU,GLOBAL,,ELCINDSO03,,,2047,S4D5,,,,,0.009476
SpecifiedDemandProfile,A_Calibrated_BAU,GLOBAL,,ELCINDSO03,,,2048,S4D5,,,,,0.009476
SpecifiedDemandProfile,A_Calibrated_BAU,GLOBAL,,ELCINDSO03,,,2049,S4D5,,,,,0.009476
SpecifiedDemandProfile,A_Calibrated_BAU,GLOBAL,,ELCINDSO03,,,2050,S4D5,,,,,0.009476
SpecifiedDemandProfile,A_Calibrated_BAU,GLOBAL,,ELCINDEA03,,,2023,S1D1,,,,,0.048723
SpecifiedDemandProfile,A_Calibrated_BAU,GLOBAL,,ELCINDEA03,,,2024,S1D1,,,,,0.048723
SpecifiedDemandProfile,A_Calibrated_BAU,GLOBAL,,ELCINDEA03,,,2025,S1D1,,,,,0.048723
SpecifiedDemandProfile,A_Calibrated_BAU,GLOBAL,,ELCINDEA03,,,2026,S1D1,,,,,0.048723
SpecifiedDemandProfile,A_Calibrated_BAU,GLOBAL,,ELCINDEA03,,,2027,S1D1,,,,,0.048723
SpecifiedDemandProfile,A_Calibrated_BAU,GLOBAL,,ELCINDEA03,,,2028,S1D1,,,,,0.048723
SpecifiedDemandProfile,A_Calibrated_BAU,GLOBAL,,ELCINDEA03,,,2029,S1D1,,,,,0.048723
SpecifiedDemandProfile,A_Calibrated_BAU,GLOBAL,,ELCINDEA03,,,2030,S1D1,,,,,0.048723
SpecifiedDemandProfile,A_Calibrated_BAU,GLOBAL,,ELCINDEA03,,,2031,S1D1,,,,,0.048723
SpecifiedDemandProfile,A_Calibrated_BAU,GLOBAL,,ELCINDEA03,,,2032,S1D1,,,,,0.048723
SpecifiedDemandProfile,A_Calibrated_BAU,GLOBAL,,ELCINDEA03,,,2033,S1D1,,,,,0.048723
SpecifiedDemandProfile,A_Calibrated_BAU,GLOBAL,,ELCINDEA03,,,2034,S1D1,,,,,0.048723
SpecifiedDemandProfile,A_Calibrated_BAU,GLOBAL,,ELCINDEA03,,,2035,S1D1,,,,,0.048723
SpecifiedDemandProfile,A_Calibrated_BAU,GLOBAL,,ELCINDEA03,,,2036,S1D1,,,,,0.048723
SpecifiedDemandProfile,A_Calibrated_BAU,GLOBAL,,ELCINDEA03,,,2037,S1D1,,,,,0.048723
SpecifiedDemandProfile,A_Calibrated_BAU,GLOBAL,,ELCINDEA03,,,2038,S1D1,,,,,0.048723
SpecifiedDemandProfile,A_Calibrated_BAU,GLOBAL,,ELCINDEA03,,,2039,S1D1,,,,,0.048723
SpecifiedDemandProfile,A_Calibrated_BAU,GLOBAL,,ELCINDEA03,,,2040,S1D1,,,,,0.048723
SpecifiedDemandProfile,A_Calibrated_BAU,GLOBAL,,ELCINDEA03,,,2041,S1D1,,,,,0.048723
SpecifiedDemandProfile,A_Calibrated_BAU,GLOBAL,,ELCINDEA03,,,2042,S1D1,,,,,0.048723
SpecifiedDemandProfile,A_Calibrated_BAU,GLOBAL,,ELCINDEA03,,,2043,S1D1,,,,,0.048723
SpecifiedDemandProfile,A_Calibrated_BAU,GLOBAL,,ELCINDEA03,,,2044,S1D1,,,,,0.048723
SpecifiedDemandProfile,A_Calibrated_BAU,GLOBAL,,ELCINDEA03,,,2045,S1D1,,,,,0.048723
SpecifiedDemandProfile,A_Calibrated_BAU,GLOBAL,,ELCINDEA03,,,2046,S1D1,,,,,0.048723
SpecifiedDemandProfile,A_Calibrated_BAU,GLOBAL,,ELCINDEA03,,,2047,S1D1,,,,,0.048723
SpecifiedDemandProfile,A_Calibrated_BAU,GLOBAL,,ELCINDEA03,,,2048,S1D1,,,,,0.048723
SpecifiedDemandProfile,A_Calibrated_BAU,GLOBAL,,ELCINDEA03,,,2049,S1D1,,,,,0.048723
SpecifiedDemandProfile,A_Calibrated_BAU,GLOBAL,,ELCINDEA03,,,2050,S1D1,,,,,0.048723
SpecifiedDemandProfile,A_Calibrated_BAU,GLOBAL,,ELCINDEA03,,,2023,S1D2,,,,,0.10466
SpecifiedDemandProfile,A_Calibrated_BAU,GLOBAL,,ELCINDEA03,,,2024,S1D2,,,,,0.10466
SpecifiedDemandProfile,A_Calibrated_BAU,GLOBAL,,ELCINDEA03,,,2025,S1D2,,,,,0.10466
SpecifiedDemandProfile,A_Calibrated_BAU,GLOBAL,,ELCINDEA03,,,2026,S1D2,,,,,0.10466
SpecifiedDemandProfile,A_Calibrated_BAU,GLOBAL,,ELCINDEA03,,,2027,S1D2,,,,,0.10466
SpecifiedDemandProfile,A_Calibrated_BAU,GLOBAL,,ELCINDEA03,,,2028,S1D2,,,,,0.10466
SpecifiedDemandProfile,A_Calibrated_BAU,GLOBAL,,ELCINDEA03,,,2029,S1D2,,,,,0.10466
SpecifiedDemandProfile,A_Calibrated_BAU,GLOBAL,,ELCINDEA03,,,2030,S1D2,,,,,0.10466
SpecifiedDemandProfile,A_Calibrated_BAU,GLOBAL,,ELCINDEA03,,,2031,S1D2,,,,,0.10466
SpecifiedDemandProfile,A_Calibrated_BAU,GLOBAL,,ELCINDEA03,,,2032,S1D2,,,,,0.10466
SpecifiedDemandProfile,A_Calibrated_BAU,GLOBAL,,ELCINDEA03,,,2033,S1D2,,,,,0.10466
SpecifiedDemandProfile,A_Calibrated_BAU,GLOBAL,,ELCINDEA03,,,2034,S1D2,,,,,0.10466
SpecifiedDemandProfile,A_Calibrated_BAU,GLOBAL,,ELCINDEA03,,,2035,S1D2,,,,,0.10466
SpecifiedDemandProfile,A_Calibrated_BAU,GLOBAL,,ELCINDEA03,,,2036,S1D2,,,,,0.10466
SpecifiedDemandProfile,A_Calibrated_BAU,GLOBAL,,ELCINDEA03,,,2037,S1D2,,,,,0.10466
SpecifiedDemandProfile,A_Calibrated_BAU,GLOBAL,,ELCINDEA03,,,2038,S1D2,,,,,0.10466
SpecifiedDemandProfile,A_Calibrated_BAU,GLOBAL,,ELCINDEA03,,,2039,S1D2,,,,,0.10466
SpecifiedDemandProfile,A_Calibrated_BAU,GLOBAL,,ELCINDEA03,,,2040,S1D2,,,,,0.10466
SpecifiedDemandProfile,A_Calibrated_BAU,GLOBAL,,ELCINDEA03,,,2041,S1D2,,,,,0.10466
SpecifiedDemandProfile,A_Calibrated_BAU,GLOBAL,,ELCINDEA03,,,2042,S1D2,,,,,0.10466
SpecifiedDemandProfile,A_Calibrated_BAU,GLOBAL,,ELCINDEA03,,,2043,S1D2,,,,,0.10466
SpecifiedDemandProfile,A_Calibrated_BAU,GLOBAL,,ELCINDEA03,,,2044,S1D2,,,,,0.10466
SpecifiedDemandProfile,A_Calibrated_BAU,GLOBAL,,ELCINDEA03,,,2045,S1D2,,,,,0.10466
SpecifiedDemandProfile,A_Calibrated_BAU,GLOBAL,,ELCINDEA03,,,2046,S1D2,,,,,0.10466
SpecifiedDemandProfile,A_Calibrated_BAU,GLOBAL,,ELCINDEA03,,,2047,S1D2,,,,,0.10466
SpecifiedDemandProfile,A_Calibrated_BAU,GLOBAL,,ELCINDEA03,,,2048,S1D2,,,,,0.10466
SpecifiedDemandProfile,A_Calibrated_BAU,GLOBAL,,ELCINDEA03,,,2049,S1D2,,,,,0.10466
SpecifiedDemandProfile,A_Calibrated_BAU,GLOBAL,,ELCINDEA03,,,2050,S1D2,,,,,0.10466
SpecifiedDemandProfile,A_Calibrated_BAU,GLOBAL,,ELCINDEA03,,,2023,S1D3,,,,,0.030937
SpecifiedDemandProfile,A_Calibrated_BAU,GLOBAL,,ELCINDEA03,,,2024,S1D3,,,,,0.030937
SpecifiedDemandProfile,A_Calibrated_BAU,GLOBAL,,ELCINDEA03,,,2025,S1D3,,,,,0.030937
SpecifiedDemandProfile,A_Calibrated_BAU,GLOBAL,,ELCINDEA03,,,2026,S1D3,,,,,0.030937
SpecifiedDemandProfile,A_Calibrated_BAU,GLOBAL,,ELCINDEA03,,,2027,S1D3,,,,,0.030937
SpecifiedDemandProfile,A_Calibrated_BAU,GLOBAL,,ELCINDEA03,,,2028,S1D3,,,,,0.030937
SpecifiedDemandProfile,A_Calibrated_BAU,GLOBAL,,ELCINDEA03,,,2029,S1D3,,,,,0.030937
SpecifiedDemandProfile,A_Calibrated_BAU,GLOBAL,,ELCINDEA03,,,2030,S1D3,,,,,0.030937
SpecifiedDemandProfile,A_Calibrated_BAU,GLOBAL,,ELCINDEA03,,,2031,S1D3,,,,,0.030937
SpecifiedDemandProfile,A_Calibrated_BAU,GLOBAL,,ELCINDEA03,,,2032,S1D3,,,,,0.030937
SpecifiedDemandProfile,A_Calibrated_BAU,GLOBAL,,ELCINDEA03,,,2033,S1D3,,,,,0.030937
SpecifiedDemandProfile,A_Calibrated_BAU,GLOBAL,,ELCINDEA03,,,2034,S1D3,,,,,0.030937
SpecifiedDemandProfile,A_Calibrated_BAU,GLOBAL,,ELCINDEA03,,,2035,S1D3,,,,,0.030937
SpecifiedDemandProfile,A_Calibrated_BAU,GLOBAL,,ELCINDEA03,,,2036,S1D3,,,,,0.030937
SpecifiedDemandProfile,A_Calibrated_BAU,GLOBAL,,ELCINDEA03,,,2037,S1D3,,,,,0.030937
SpecifiedDemandProfile,A_Calibrated_BAU,GLOBAL,,ELCINDEA03,,,2038,S1D3,,,,,0.030937
SpecifiedDemandProfile,A_Calibrated_BAU,GLOBAL,,ELCINDEA03,,,2039,S1D3,,,,,0.030937
SpecifiedDemandProfile,A_Calibrated_BAU,GLOBAL,,ELCINDEA03,,,2040,S1D3,,,,,0.030937
SpecifiedDemandProfile,A_Calibrated_BAU,GLOBAL,,ELCINDEA03,,,2041,S1D3,,,,,0.030937
SpecifiedDemandProfile,A_Calibrated_BAU,GLOBAL,,ELCINDEA03,,,2042,S1D3,,,,,0.030937
SpecifiedDemandProfile,A_Calibrated_BAU,GLOBAL,,ELCINDEA03,,,2043,S1D3,,,,,0.030937
SpecifiedDemandProfile,A_Calibrated_BAU,GLOBAL,,ELCINDEA03,,,2044,S1D3,,,,,0.030937
SpecifiedDemandProfile,A_Calibrated_BAU,GLOBAL,,ELCINDEA03,,,2045,S1D3,,,,,0.030937
SpecifiedDemandProfile,A_Calibrated_BAU,GLOBAL,,ELCINDEA03,,,2046,S1D3,,,,,0.030937
SpecifiedDemandProfile,A_Calibrated_BAU,GLOBAL,,ELCINDEA03,,,2047,S1D3,,,,,0.030937
SpecifiedDemandProfile,A_Calibrated_BAU,GLOBAL,,ELCINDEA03,,,2048,S1D3,,,,,0.030937
SpecifiedDemandProfile,A_Calibrated_BAU,GLOBAL,,ELCINDEA03,,,2049,S1D3,,,,,0.030937
SpecifiedDemandProfile,A_Calibrated_BAU,GLOBAL,,ELCINDEA03,,,2050,S1D3,,,,,0.030937
SpecifiedDemandProfile,A_Calibrated_BAU,GLOBAL,,ELCINDEA03,,,2023,S1D4,,,,,0.019843
SpecifiedDemandProfile,A_Calibrated_BAU,GLOBAL,,ELCINDEA03,,,2024,S1D4,,,,,0.019843
SpecifiedDemandProfile,A_Calibrated_BAU,GLOBAL,,ELCINDEA03,,,2025,S1D4,,,,,0.019843
SpecifiedDemandProfile,A_Calibrated_BAU,GLOBAL,,ELCINDEA03,,,2026,S1D4,,,,,0.019843
SpecifiedDemandProfile,A_Calibrated_BAU,GLOBAL,,ELCINDEA03,,,2027,S1D4,,,,,0.019843
SpecifiedDemandProfile,A_Calibrated_BAU,GLOBAL,,ELCINDEA03,,,2028,S1D4,,,,,0.019843
SpecifiedDemandProfile,A_Calibrated_BAU,GLOBAL,,ELCINDEA03,,,2029,S1D4,,,,,0.019843
SpecifiedDemandProfile,A_Calibrated_BAU,GLOBAL,,ELCINDEA03,,,2030,S1D4,,,,,0.019843
SpecifiedDemandProfile,A_Calibrated_BAU,GLOBAL,,ELCINDEA03,,,2031,S1D4,,,,,0.019843
SpecifiedDemandProfile,A_Calibrated_BAU,GLOBAL,,ELCINDEA03,,,2032,S1D4,,,,,0.019843
SpecifiedDemandProfile,A_Calibrated_BAU,GLOBAL,,ELCINDEA03,,,2033,S1D4,,,,,0.019843
SpecifiedDemandProfile,A_Calibrated_BAU,GLOBAL,,ELCINDEA03,,,2034,S1D4,,,,,0.019843
SpecifiedDemandProfile,A_Calibrated_BAU,GLOBAL,,ELCINDEA03,,,2035,S1D4,,,,,0.019843
SpecifiedDemandProfile,A_Calibrated_BAU,GLOBAL,,ELCINDEA03,,,2036,S1D4,,,,,0.019843
SpecifiedDemandProfile,A_Calibrated_BAU,GLOBAL,,ELCINDEA03,,,2037,S1D4,,,,,0.019843
SpecifiedDemandProfile,A_Calibrated_BAU,GLOBAL,,ELCINDEA03,,,2038,S1D4,,,,,0.019843
SpecifiedDemandProfile,A_Calibrated_BAU,GLOBAL,,ELCINDEA03,,,2039,S1D4,,,,,0.019843
SpecifiedDemandProfile,A_Calibrated_BAU,GLOBAL,,ELCINDEA03,,,2040,S1D4,,,,,0.019843
SpecifiedDemandProfile,A_Calibrated_BAU,GLOBAL,,ELCINDEA03,,,2041,S1D4,,,,,0.019843
SpecifiedDemandProfile,A_Calibrated_BAU,GLOBAL,,ELCINDEA03,,,2042,S1D4,,,,,0.019843
SpecifiedDemandProfile,A_Calibrated_BAU,GLOBAL,,ELCINDEA03,,,2043,S1D4,,,,,0.019843
SpecifiedDemandProfile,A_Calibrated_BAU,GLOBAL,,ELCINDEA03,,,2044,S1D4,,,,,0.019843
SpecifiedDemandProfile,A_Calibrated_BAU,GLOBAL,,ELCINDEA03,,,2045,S1D4,,,,,0.019843
SpecifiedDemandProfile,A_Calibrated_BAU,GLOBAL,,ELCINDEA03,,,2046,S1D4,,,,,0.019843
SpecifiedDemandProfile,A_Calibrated_BAU,GLOBAL,,ELCINDEA03,,,2047,S1D4,,,,,0.019843
SpecifiedDemandProfile,A_Calibrated_BAU,GLOBAL,,ELCINDEA03,,,2048,S1D4,,,,,0.019843
SpecifiedDemandProfile,A_Calibrated_BAU,GLOBAL,,ELCINDEA03,,,2049,S1D4,,,,,0.019843
SpecifiedDemandProfile,A_Calibrated_BAU,GLOBAL,,ELCINDEA03,,,2050,S1D4,,,,,0.019843
SpecifiedDemandProfile,A_Calibrated_BAU,GLOBAL,,ELCINDEA03,,,2023,S1D5,,,,,0.017752
SpecifiedDemandProfile,A_Calibrated_BAU,GLOBAL,,ELCINDEA03,,,2024,S1D5,,,,,0.017752
SpecifiedDemandProfile,A_Calibrated_BAU,GLOBAL,,ELCINDEA03,,,2025,S1D5,,,,,0.017752
SpecifiedDemandProfile,A_Calibrated_BAU,GLOBAL,,ELCINDEA03,,,2026,S1D5,,,,,0.017752
SpecifiedDemandProfile,A_Calibrated_BAU,GLOBAL,,ELCINDEA03,,,2027,S1D5,,,,,0.017752
SpecifiedDemandProfile,A_Calibrated_BAU,GLOBAL,,ELCINDEA03,,,2028,S1D5,,,,,0.017752
SpecifiedDemandProfile,A_Calibrated_BAU,GLOBAL,,ELCINDEA03,,,2029,S1D5,,,,,0.017752
SpecifiedDemandProfile,A_Calibrated_BAU,GLOBAL,,ELCINDEA03,,,2030,S1D5,,,,,0.017752
SpecifiedDemandProfile,A_Calibrated_BAU,GLOBAL,,ELCINDEA03,,,2031,S1D5,,,,,0.017752
SpecifiedDemandProfile,A_Calibrated_BAU,GLOBAL,,ELCINDEA03,,,2032,S1D5,,,,,0.017752
SpecifiedDemandProfile,A_Calibrated_BAU,GLOBAL,,ELCINDEA03,,,2033,S1D5,,,,,0.017752
SpecifiedDemandProfile,A_Calibrated_BAU,GLOBAL,,ELCINDEA03,,,2034,S1D5,,,,,0.017752
SpecifiedDemandProfile,A_Calibrated_BAU,GLOBAL,,ELCINDEA03,,,2035,S1D5,,,,,0.017752
SpecifiedDemandProfile,A_Calibrated_BAU,GLOBAL,,ELCINDEA03,,,2036,S1D5,,,,,0.017752
SpecifiedDemandProfile,A_Calibrated_BAU,GLOBAL,,ELCINDEA03,,,2037,S1D5,,,,,0.017752
SpecifiedDemandProfile,A_Calibrated_BAU,GLOBAL,,ELCINDEA03,,,2038,S1D5,,,,,0.017752
SpecifiedDemandProfile,A_Calibrated_BAU,GLOBAL,,ELCINDEA03,,,2039,S1D5,,,,,0.017752
SpecifiedDemandProfile,A_Calibrated_BAU,GLOBAL,,ELCINDEA03,,,2040,S1D5,,,,,0.017752
SpecifiedDemandProfile,A_Calibrated_BAU,GLOBAL,,ELCINDEA03,,,2041,S1D5,,,,,0.017752
SpecifiedDemandProfile,A_Calibrated_BAU,GLOBAL,,ELCINDEA03,,,2042,S1D5,,,,,0.017752
SpecifiedDemandProfile,A_Calibrated_BAU,GLOBAL,,ELCINDEA03,,,2043,S1D5,,,,,0.017752
SpecifiedDemandProfile,A_Calibrated_BAU,GLOBAL,,ELCINDEA03,,,2044,S1D5,,,,,0.017752
SpecifiedDemandProfile,A_Calibrated_BAU,GLOBAL,,ELCINDEA03,,,2045,S1D5,,,,,0.017752
SpecifiedDemandProfile,A_Calibrated_BAU,GLOBAL,,ELCINDEA03,,,2046,S1D5,,,,,0.017752
SpecifiedDemandProfile,A_Calibrated_BAU,GLOBAL,,ELCINDEA03,,,2047,S1D5,,,,,0.017752
SpecifiedDemandProfile,A_Calibrated_BAU,GLOBAL,,ELCINDEA03,,,2048,S1D5,,,,,0.017752
SpecifiedDemandProfile,A_Calibrated_BAU,GLOBAL,,ELCINDEA03,,,2049,S1D5,,,,,0.017752
SpecifiedDemandProfile,A_Calibrated_BAU,GLOBAL,,ELCINDEA03,,,2050,S1D5,,,,,0.017752
SpecifiedDemandProfile,A_Calibrated_BAU,GLOBAL,,ELCINDEA03,,,2023,S2D1,,,,,0.076027
SpecifiedDemandProfile,A_Calibrated_BAU,GLOBAL,,ELCINDEA03,,,2024,S2D1,,,,,0.076027
SpecifiedDemandProfile,A_Calibrated_BAU,GLOBAL,,ELCINDEA03,,,2025,S2D1,,,,,0.076027
SpecifiedDemandProfile,A_Calibrated_BAU,GLOBAL,,ELCINDEA03,,,2026,S2D1,,,,,0.076027
SpecifiedDemandProfile,A_Calibrated_BAU,GLOBAL,,ELCINDEA03,,,2027,S2D1,,,,,0.076027
SpecifiedDemandProfile,A_Calibrated_BAU,GLOBAL,,ELCINDEA03,,,2028,S2D1,,,,,0.076027
SpecifiedDemandProfile,A_Calibrated_BAU,GLOBAL,,ELCINDEA03,,,2029,S2D1,,,,,0.076027
SpecifiedDemandProfile,A_Calibrated_BAU,GLOBAL,,ELCINDEA03,,,2030,S2D1,,,,,0.076027
SpecifiedDemandProfile,A_Calibrated_BAU,GLOBAL,,ELCINDEA03,,,2031,S2D1,,,,,0.076027
SpecifiedDemandProfile,A_Calibrated_BAU,GLOBAL,,ELCINDEA03,,,2032,S2D1,,,,,0.076027
SpecifiedDemandProfile,A_Calibrated_BAU,GLOBAL,,ELCINDEA03,,,2033,S2D1,,,,,0.076027
SpecifiedDemandProfile,A_Calibrated_BAU,GLOBAL,,ELCINDEA03,,,2034,S2D1,,,,,0.076027
SpecifiedDemandProfile,A_Calibrated_BAU,GLOBAL,,ELCINDEA03,,,2035,S2D1,,,,,0.076027
SpecifiedDemandProfile,A_Calibrated_BAU,GLOBAL,,ELCINDEA03,,,2036,S2D1,,,,,0.076027
SpecifiedDemandProfile,A_Calibrated_BAU,GLOBAL,,ELCINDEA03,,,2037,S2D1,,,,,0.076027
SpecifiedDemandProfile,A_Calibrated_BAU,GLOBAL,,ELCINDEA03,,,2038,S2D1,,,,,0.076027
SpecifiedDemandProfile,A_Calibrated_BAU,GLOBAL,,ELCINDEA03,,,2039,S2D1,,,,,0.076027
SpecifiedDemandProfile,A_Calibrated_BAU,GLOBAL,,ELCINDEA03,,,2040,S2D1,,,,,0.076027
SpecifiedDemandProfile,A_Calibrated_BAU,GLOBAL,,ELCINDEA03,,,2041,S2D1,,,,,0.076027
SpecifiedDemandProfile,A_Calibrated_BAU,GLOBAL,,ELCINDEA03,,,2042,S2D1,,,,,0.076027
SpecifiedDemandProfile,A_Calibrated_BAU,GLOBAL,,ELCINDEA03,,,2043,S2D1,,,,,0.076027
SpecifiedDemandProfile,A_Calibrated_BAU,GLOBAL,,ELCINDEA03,,,2044,S2D1,,,,,0.076027
SpecifiedDemandProfile,A_Calibrated_BAU,GLOBAL,,ELCINDEA03,,,2045,S2D1,,,,,0.076027
SpecifiedDemandProfile,A_Calibrated_BAU,GLOBAL,,ELCINDEA03,,,2046,S2D1,,,,,0.076027
SpecifiedDemandProfile,A_Calibrated_BAU,GLOBAL,,ELCINDEA03,,,2047,S2D1,,,,,0.076027
SpecifiedDemandProfile,A_Calibrated_BAU,GLOBAL,,ELCINDEA03,,,2048,S2D1,,,,,0.076027
SpecifiedDemandProfile,A_Calibrated_BAU,GLOBAL,,ELCINDEA03,,,2049,S2D1,,,,,0.076027
SpecifiedDemandProfile,A_Calibrated_BAU,GLOBAL,,ELCINDEA03,,,2050,S2D1,,,,,0.076027
SpecifiedDemandProfile,A_Calibrated_BAU,GLOBAL,,ELCINDEA03,,,2023,S2D2,,,,,0.139916
SpecifiedDemandProfile,A_Calibrated_BAU,GLOBAL,,ELCINDEA03,,,2024,S2D2,,,,,0.139916
SpecifiedDemandProfile,A_Calibrated_BAU,GLOBAL,,ELCINDEA03,,,2025,S2D2,,,,,0.139916
SpecifiedDemandProfile,A_Calibrated_BAU,GLOBAL,,ELCINDEA03,,,2026,S2D2,,,,,0.139916
SpecifiedDemandProfile,A_Calibrated_BAU,GLOBAL,,ELCINDEA03,,,2027,S2D2,,,,,0.139916
SpecifiedDemandProfile,A_Calibrated_BAU,GLOBAL,,ELCINDEA03,,,2028,S2D2,,,,,0.139916
SpecifiedDemandProfile,A_Calibrated_BAU,GLOBAL,,ELCINDEA03,,,2029,S2D2,,,,,0.139916
SpecifiedDemandProfile,A_Calibrated_BAU,GLOBAL,,ELCINDEA03,,,2030,S2D2,,,,,0.139916
SpecifiedDemandProfile,A_Calibrated_BAU,GLOBAL,,ELCINDEA03,,,2031,S2D2,,,,,0.139916
SpecifiedDemandProfile,A_Calibrated_BAU,GLOBAL,,ELCINDEA03,,,2032,S2D2,,,,,0.139916
SpecifiedDemandProfile,A_Calibrated_BAU,GLOBAL,,ELCINDEA03,,,2033,S2D2,,,,,0.139916
SpecifiedDemandProfile,A_Calibrated_BAU,GLOBAL,,ELCINDEA03,,,2034,S2D2,,,,,0.139916
SpecifiedDemandProfile,A_Calibrated_BAU,GLOBAL,,ELCINDEA03,,,2035,S2D2,,,,,0.139916
SpecifiedDemandProfile,A_Calibrated_BAU,GLOBAL,,ELCINDEA03,,,2036,S2D2,,,,,0.139916
SpecifiedDemandProfile,A_Calibrated_BAU,GLOBAL,,ELCINDEA03,,,2037,S2D2,,,,,0.139916
SpecifiedDemandProfile,A_Calibrated_BAU,GLOBAL,,ELCINDEA03,,,2038,S2D2,,,,,0.139916
SpecifiedDemandProfile,A_Calibrated_BAU,GLOBAL,,ELCINDEA03,,,2039,S2D2,,,,,0.139916
SpecifiedDemandProfile,A_Calibrated_BAU,GLOBAL,,ELCINDEA03,,,2040,S2D2,,,,,0.139916
SpecifiedDemandProfile,A_Calibrated_BAU,GLOBAL,,ELCINDEA03,,,2041,S2D2,,,,,0.139916
SpecifiedDemandProfile,A_Calibrated_BAU,GLOBAL,,ELCINDEA03,,,2042,S2D2,,,,,0.139916
SpecifiedDemandProfile,A_Calibrated_BAU,GLOBAL,,ELCINDEA03,,,2043,S2D2,,,,,0.139916
SpecifiedDemandProfile,A_Calibrated_BAU,GLOBAL,,ELCINDEA03,,,2044,S2D2,,,,,0.139916
SpecifiedDemandProfile,A_Calibrated_BAU,GLOBAL,,ELCINDEA03,,,2045,S2D2,,,,,0.139916
SpecifiedDemandProfile,A_Calibrated_BAU,GLOBAL,,ELCINDEA03,,,2046,S2D2,,,,,0.139916
SpecifiedDemandProfile,A_Calibrated_BAU,GLOBAL,,ELCINDEA03,,,2047,S2D2,,,,,0.139916
SpecifiedDemandProfile,A_Calibrated_BAU,GLOBAL,,ELCINDEA03,,,2048,S2D2,,,,,0.139916
SpecifiedDemandProfile,A_Calibrated_BAU,GLOBAL,,ELCINDEA03,,,2049,S2D2,,,,,0.139916
SpecifiedDemandProfile,A_Calibrated_BAU,GLOBAL,,ELCINDEA03,,,2050,S2D2,,,,,0.139916
SpecifiedDemandProfile,A_Calibrated_BAU,GLOBAL,,ELCINDEA03,,,2023,S2D3,,,,,0.039923
SpecifiedDemandProfile,A_Calibrated_BAU,GLOBAL,,ELCINDEA03,,,2024,S2D3,,,,,0.039923
SpecifiedDemandProfile,A_Calibrated_BAU,GLOBAL,,ELCINDEA03,,,2025,S2D3,,,,,0.039923
SpecifiedDemandProfile,A_Calibrated_BAU,GLOBAL,,ELCINDEA03,,,2026,S2D3,,,,,0.039923
SpecifiedDemandProfile,A_Calibrated_BAU,GLOBAL,,ELCINDEA03,,,2027,S2D3,,,,,0.039923
SpecifiedDemandProfile,A_Calibrated_BAU,GLOBAL,,ELCINDEA03,,,2028,S2D3,,,,,0.039923
SpecifiedDemandProfile,A_Calibrated_BAU,GLOBAL,,ELCINDEA03,,,2029,S2D3,,,,,0.039923
SpecifiedDemandProfile,A_Calibrated_BAU,GLOBAL,,ELCINDEA03,,,2030,S2D3,,,,,0.039923
SpecifiedDemandProfile,A_Calibrated_BAU,GLOBAL,,ELCINDEA03,,,2031,S2D3,,,,,0.039923
SpecifiedDemandProfile,A_Calibrated_BAU,GLOBAL,,ELCINDEA03,,,2032,S2D3,,,,,0.039923
SpecifiedDemandProfile,A_Calibrated_BAU,GLOBAL,,ELCINDEA03,,,2033,S2D3,,,,,0.039923
SpecifiedDemandProfile,A_Calibrated_BAU,GLOBAL,,ELCINDEA03,,,2034,S2D3,,,,,0.039923
SpecifiedDemandProfile,A_Calibrated_BAU,GLOBAL,,ELCINDEA03,,,2035,S2D3,,,,,0.039923
SpecifiedDemandProfile,A_Calibrated_BAU,GLOBAL,,ELCINDEA03,,,2036,S2D3,,,,,0.039923
SpecifiedDemandProfile,A_Calibrated_BAU,GLOBAL,,ELCINDEA03,,,2037,S2D3,,,,,0.039923
SpecifiedDemandProfile,A_Calibrated_BAU,GLOBAL,,ELCINDEA03,,,2038,S2D3,,,,,0.039923
SpecifiedDemandProfile,A_Calibrated_BAU,GLOBAL,,ELCINDEA03,,,2039,S2D3,,,,,0.039923
SpecifiedDemandProfile,A_Calibrated_BAU,GLOBAL,,ELCINDEA03,,,2040,S2D3,,,,,0.039923
SpecifiedDemandProfile,A_Calibrated_BAU,GLOBAL,,ELCINDEA03,,,2041,S2D3,,,,,0.039923
SpecifiedDemandProfile,A_Calibrated_BAU,GLOBAL,,ELCINDEA03,,,2042,S2D3,,,,,0.039923
SpecifiedDemandProfile,A_Calibrated_BAU,GLOBAL,,ELCINDEA03,,,2043,S2D3,,,,,0.039923
SpecifiedDemandProfile,A_Calibrated_BAU,GLOBAL,,ELCINDEA03,,,2044,S2D3,,,,,0.039923
SpecifiedDemandProfile,A_Calibrated_BAU,GLOBAL,,ELCINDEA03,,,2045,S2D3,,,,,0.039923
SpecifiedDemandProfile,A_Calibrated_BAU,GLOBAL,,ELCINDEA03,,,2046,S2D3,,,,,0.039923
SpecifiedDemandProfile,A_Calibrated_BAU,GLOBAL,,ELCINDEA03,,,2047,S2D3,,,,,0.039923
SpecifiedDemandProfile,A_Calibrated_BAU,GLOBAL,,ELCINDEA03,,,2048,S2D3,,,,,0.039923
SpecifiedDemandProfile,A_Calibrated_BAU,GLOBAL,,ELCINDEA03,,,2049,S2D3,,,,,0.039923
SpecifiedDemandProfile,A_Calibrated_BAU,GLOBAL,,ELCINDEA03,,,2050,S2D3,,,,,0.039923
SpecifiedDemandProfile,A_Calibrated_BAU,GLOBAL,,ELCINDEA03,,,2023,S2D4,,,,,0.027702
SpecifiedDemandProfile,A_Calibrated_BAU,GLOBAL,,ELCINDEA03,,,2024,S2D4,,,,,0.027702
SpecifiedDemandProfile,A_Calibrated_BAU,GLOBAL,,ELCINDEA03,,,2025,S2D4,,,,,0.027702
SpecifiedDemandProfile,A_Calibrated_BAU,GLOBAL,,ELCINDEA03,,,2026,S2D4,,,,,0.027702
SpecifiedDemandProfile,A_Calibrated_BAU,GLOBAL,,ELCINDEA03,,,2027,S2D4,,,,,0.027702
SpecifiedDemandProfile,A_Calibrated_BAU,GLOBAL,,ELCINDEA03,,,2028,S2D4,,,,,0.027702
SpecifiedDemandProfile,A_Calibrated_BAU,GLOBAL,,ELCINDEA03,,,2029,S2D4,,,,,0.027702
SpecifiedDemandProfile,A_Calibrated_BAU,GLOBAL,,ELCINDEA03,,,2030,S2D4,,,,,0.027702
SpecifiedDemandProfile,A_Calibrated_BAU,GLOBAL,,ELCINDEA03,,,2031,S2D4,,,,,0.027702
SpecifiedDemandProfile,A_Calibrated_BAU,GLOBAL,,ELCINDEA03,,,2032,S2D4,,,,,0.027702
SpecifiedDemandProfile,A_Calibrated_BAU,GLOBAL,,ELCINDEA03,,,2033,S2D4,,,,,0.027702
SpecifiedDemandProfile,A_Calibrated_BAU,GLOBAL,,ELCINDEA03,,,2034,S2D4,,,,,0.027702
SpecifiedDemandProfile,A_Calibrated_BAU,GLOBAL,,ELCINDEA03,,,2035,S2D4,,,,,0.027702
SpecifiedDemandProfile,A_Calibrated_BAU,GLOBAL,,ELCINDEA03,,,2036,S2D4,,,,,0.027702
SpecifiedDemandProfile,A_Calibrated_BAU,GLOBAL,,ELCINDEA03,,,2037,S2D4,,,,,0.027702
SpecifiedDemandProfile,A_Calibrated_BAU,GLOBAL,,ELCINDEA03,,,2038,S2D4,,,,,0.027702
SpecifiedDemandProfile,A_Calibrated_BAU,GLOBAL,,ELCINDEA03,,,2039,S2D4,,,,,0.027702
SpecifiedDemandProfile,A_Calibrated_BAU,GLOBAL,,ELCINDEA03,,,2040,S2D4,,,,,0.027702
SpecifiedDemandProfile,A_Calibrated_BAU,GLOBAL,,ELCINDEA03,,,2041,S2D4,,,,,0.027702
SpecifiedDemandProfile,A_Calibrated_BAU,GLOBAL,,ELCINDEA03,,,2042,S2D4,,,,,0.027702
SpecifiedDemandProfile,A_Calibrated_BAU,GLOBAL,,ELCINDEA03,,,2043,S2D4,,,,,0.027702
SpecifiedDemandProfile,A_Calibrated_BAU,GLOBAL,,ELCINDEA03,,,2044,S2D4,,,,,0.027702
SpecifiedDemandProfile,A_Calibrated_BAU,GLOBAL,,ELCINDEA03,,,2045,S2D4,,,,,0.027702
SpecifiedDemandProfile,A_Calibrated_BAU,GLOBAL,,ELCINDEA03,,,2046,S2D4,,,,,0.027702
SpecifiedDemandProfile,A_Calibrated_BAU,GLOBAL,,ELCINDEA03,,,2047,S2D4,,,,,0.027702
SpecifiedDemandProfile,A_Calibrated_BAU,GLOBAL,,ELCINDEA03,,,2048,S2D4,,,,,0.027702
SpecifiedDemandProfile,A_Calibrated_BAU,GLOBAL,,ELCINDEA03,,,2049,S2D4,,,,,0.027702
SpecifiedDemandProfile,A_Calibrated_BAU,GLOBAL,,ELCINDEA03,,,2050,S2D4,,,,,0.027702
SpecifiedDemandProfile,A_Calibrated_BAU,GLOBAL,,ELCINDEA03,,,2023,S2D5,,,,,0.027117
SpecifiedDemandProfile,A_Calibrated_BAU,GLOBAL,,ELCINDEA03,,,2024,S2D5,,,,,0.027117
SpecifiedDemandProfile,A_Calibrated_BAU,GLOBAL,,ELCINDEA03,,,2025,S2D5,,,,,0.027117
SpecifiedDemandProfile,A_Calibrated_BAU,GLOBAL,,ELCINDEA03,,,2026,S2D5,,,,,0.027117
SpecifiedDemandProfile,A_Calibrated_BAU,GLOBAL,,ELCINDEA03,,,2027,S2D5,,,,,0.027117
SpecifiedDemandProfile,A_Calibrated_BAU,GLOBAL,,ELCINDEA03,,,2028,S2D5,,,,,0.027117
SpecifiedDemandProfile,A_Calibrated_BAU,GLOBAL,,ELCINDEA03,,,2029,S2D5,,,,,0.027117
SpecifiedDemandProfile,A_Calibrated_BAU,GLOBAL,,ELCINDEA03,,,2030,S2D5,,,,,0.027117
SpecifiedDemandProfile,A_Calibrated_BAU,GLOBAL,,ELCINDEA03,,,2031,S2D5,,,,,0.027117
SpecifiedDemandProfile,A_Calibrated_BAU,GLOBAL,,ELCINDEA03,,,2032,S2D5,,,,,0.027117
SpecifiedDemandProfile,A_Calibrated_BAU,GLOBAL,,ELCINDEA03,,,2033,S2D5,,,,,0.027117
SpecifiedDemandProfile,A_Calibrated_BAU,GLOBAL,,ELCINDEA03,,,2034,S2D5,,,,,0.027117
SpecifiedDemandProfile,A_Calibrated_BAU,GLOBAL,,ELCINDEA03,,,2035,S2D5,,,,,0.027117
SpecifiedDemandProfile,A_Calibrated_BAU,GLOBAL,,ELCINDEA03,,,2036,S2D5,,,,,0.027117
SpecifiedDemandProfile,A_Calibrated_BAU,GLOBAL,,ELCINDEA03,,,2037,S2D5,,,,,0.027117
SpecifiedDemandProfile,A_Calibrated_BAU,GLOBAL,,ELCINDEA03,,,2038,S2D5,,,,,0.027117
SpecifiedDemandProfile,A_Calibrated_BAU,GLOBAL,,ELCINDEA03,,,2039,S2D5,,,,,0.027117
SpecifiedDemandProfile,A_Calibrated_BAU,GLOBAL,,ELCINDEA03,,,2040,S2D5,,,,,0.027117
SpecifiedDemandProfile,A_Calibrated_BAU,GLOBAL,,ELCINDEA03,,,2041,S2D5,,,,,0.027117
SpecifiedDemandProfile,A_Calibrated_BAU,GLOBAL,,ELCINDEA03,,,2042,S2D5,,,,,0.027117
SpecifiedDemandProfile,A_Calibrated_BAU,GLOBAL,,ELCINDEA03,,,2043,S2D5,,,,,0.027117
SpecifiedDemandProfile,A_Calibrated_BAU,GLOBAL,,ELCINDEA03,,,2044,S2D5,,,,,0.027117
SpecifiedDemandProfile,A_Calibrated_BAU,GLOBAL,,ELCINDEA03,,,2045,S2D5,,,,,0.027117
SpecifiedDemandProfile,A_Calibrated_BAU,GLOBAL,,ELCINDEA03,,,2046,S2D5,,,,,0.027117
SpecifiedDemandProfile,A_Calibrated_BAU,GLOBAL,,ELCINDEA03,,,2047,S2D5,,,,,0.027117
SpecifiedDemandProfile,A_Calibrated_BAU,GLOBAL,,ELCINDEA03,,,2048,S2D5,,,,,0.027117
SpecifiedDemandProfile,A_Calibrated_BAU,GLOBAL,,ELCINDEA03,,,2049,S2D5,,,,,0.027117
SpecifiedDemandProfile,A_Calibrated_BAU,GLOBAL,,ELCINDEA03,,,2050,S2D5,,,,,0.027117
SpecifiedDemandProfile,A_Calibrated_BAU,GLOBAL,,ELCINDEA03,,,2023,S3D1,,,,,0.086477
SpecifiedDemandProfile,A_Calibrated_BAU,GLOBAL,,ELCINDEA03,,,2024,S3D1,,,,,0.086477
SpecifiedDemandProfile,A_Calibrated_BAU,GLOBAL,,ELCINDEA03,,,2025,S3D1,,,,,0.086477
SpecifiedDemandProfile,A_Calibrated_BAU,GLOBAL,,ELCINDEA03,,,2026,S3D1,,,,,0.086477
SpecifiedDemandProfile,A_Calibrated_BAU,GLOBAL,,ELCINDEA03,,,2027,S3D1,,,,,0.086477
SpecifiedDemandProfile,A_Calibrated_BAU,GLOBAL,,ELCINDEA03,,,2028,S3D1,,,,,0.086477
SpecifiedDemandProfile,A_Calibrated_BAU,GLOBAL,,ELCINDEA03,,,2029,S3D1,,,,,0.086477
SpecifiedDemandProfile,A_Calibrated_BAU,GLOBAL,,ELCINDEA03,,,2030,S3D1,,,,,0.086477
SpecifiedDemandProfile,A_Calibrated_BAU,GLOBAL,,ELCINDEA03,,,2031,S3D1,,,,,0.086477
SpecifiedDemandProfile,A_Calibrated_BAU,GLOBAL,,ELCINDEA03,,,2032,S3D1,,,,,0.086477
SpecifiedDemandProfile,A_Calibrated_BAU,GLOBAL,,ELCINDEA03,,,2033,S3D1,,,,,0.086477
SpecifiedDemandProfile,A_Calibrated_BAU,GLOBAL,,ELCINDEA03,,,2034,S3D1,,,,,0.086477
SpecifiedDemandProfile,A_Calibrated_BAU,GLOBAL,,ELCINDEA03,,,2035,S3D1,,,,,0.086477
SpecifiedDemandProfile,A_Calibrated_BAU,GLOBAL,,ELCINDEA03,,,2036,S3D1,,,,,0.086477
SpecifiedDemandProfile,A_Calibrated_BAU,GLOBAL,,ELCINDEA03,,,2037,S3D1,,,,,0.086477
SpecifiedDemandProfile,A_Calibrated_BAU,GLOBAL,,ELCINDEA03,,,2038,S3D1,,,,,0.086477
SpecifiedDemandProfile,A_Calibrated_BAU,GLOBAL,,ELCINDEA03,,,2039,S3D1,,,,,0.086477
SpecifiedDemandProfile,A_Calibrated_BAU,GLOBAL,,ELCINDEA03,,,2040,S3D1,,,,,0.086477
SpecifiedDemandProfile,A_Calibrated_BAU,GLOBAL,,ELCINDEA03,,,2041,S3D1,,,,,0.086477
SpecifiedDemandProfile,A_Calibrated_BAU,GLOBAL,,ELCINDEA03,,,2042,S3D1,,,,,0.086477
SpecifiedDemandProfile,A_Calibrated_BAU,GLOBAL,,ELCINDEA03,,,2043,S3D1,,,,,0.086477
SpecifiedDemandProfile,A_Calibrated_BAU,GLOBAL,,ELCINDEA03,,,2044,S3D1,,,,,0.086477
SpecifiedDemandProfile,A_Calibrated_BAU,GLOBAL,,ELCINDEA03,,,2045,S3D1,,,,,0.086477
SpecifiedDemandProfile,A_Calibrated_BAU,GLOBAL,,ELCINDEA03,,,2046,S3D1,,,,,0.086477
SpecifiedDemandProfile,A_Calibrated_BAU,GLOBAL,,ELCINDEA03,,,2047,S3D1,,,,,0.086477
SpecifiedDemandProfile,A_Calibrated_BAU,GLOBAL,,ELCINDEA03,,,2048,S3D1,,,,,0.086477
SpecifiedDemandProfile,A_Calibrated_BAU,GLOBAL,,ELCINDEA03,,,2049,S3D1,,,,,0.086477
SpecifiedDemandProfile,A_Calibrated_BAU,GLOBAL,,ELCINDEA03,,,2050,S3D1,,,,,0.086477
SpecifiedDemandProfile,A_Calibrated_BAU,GLOBAL,,ELCINDEA03,,,2023,S3D2,,,,,0.152199
SpecifiedDemandProfile,A_Calibrated_BAU,GLOBAL,,ELCINDEA03,,,2024,S3D2,,,,,0.152199
SpecifiedDemandProfile,A_Calibrated_BAU,GLOBAL,,ELCINDEA03,,,2025,S3D2,,,,,0.152199
SpecifiedDemandProfile,A_Calibrated_BAU,GLOBAL,,ELCINDEA03,,,2026,S3D2,,,,,0.152199
SpecifiedDemandProfile,A_Calibrated_BAU,GLOBAL,,ELCINDEA03,,,2027,S3D2,,,,,0.152199
SpecifiedDemandProfile,A_Calibrated_BAU,GLOBAL,,ELCINDEA03,,,2028,S3D2,,,,,0.152199
SpecifiedDemandProfile,A_Calibrated_BAU,GLOBAL,,ELCINDEA03,,,2029,S3D2,,,,,0.152199
SpecifiedDemandProfile,A_Calibrated_BAU,GLOBAL,,ELCINDEA03,,,2030,S3D2,,,,,0.152199
SpecifiedDemandProfile,A_Calibrated_BAU,GLOBAL,,ELCINDEA03,,,2031,S3D2,,,,,0.152199
SpecifiedDemandProfile,A_Calibrated_BAU,GLOBAL,,ELCINDEA03,,,2032,S3D2,,,,,0.152199
SpecifiedDemandProfile,A_Calibrated_BAU,GLOBAL,,ELCINDEA03,,,2033,S3D2,,,,,0.152199
SpecifiedDemandProfile,A_Calibrated_BAU,GLOBAL,,ELCINDEA03,,,2034,S3D2,,,,,0.152199
SpecifiedDemandProfile,A_Calibrated_BAU,GLOBAL,,ELCINDEA03,,,2035,S3D2,,,,,0.152199
SpecifiedDemandProfile,A_Calibrated_BAU,GLOBAL,,ELCINDEA03,,,2036,S3D2,,,,,0.152199
SpecifiedDemandProfile,A_Calibrated_BAU,GLOBAL,,ELCINDEA03,,,2037,S3D2,,,,,0.152199
SpecifiedDemandProfile,A_Calibrated_BAU,GLOBAL,,ELCINDEA03,,,2038,S3D2,,,,,0.152199
SpecifiedDemandProfile,A_Calibrated_BAU,GLOBAL,,ELCINDEA03,,,2039,S3D2,,,,,0.152199
SpecifiedDemandProfile,A_Calibrated_BAU,GLOBAL,,ELCINDEA03,,,2040,S3D2,,,,,0.152199
SpecifiedDemandProfile,A_Calibrated_BAU,GLOBAL,,ELCINDEA03,,,2041,S3D2,,,,,0.152199
SpecifiedDemandProfile,A_Calibrated_BAU,GLOBAL,,ELCINDEA03,,,2042,S3D2,,,,,0.152199
SpecifiedDemandProfile,A_Calibrated_BAU,GLOBAL,,ELCINDEA03,,,2043,S3D2,,,,,0.152199
SpecifiedDemandProfile,A_Calibrated_BAU,GLOBAL,,ELCINDEA03,,,2044,S3D2,,,,,0.152199
SpecifiedDemandProfile,A_Calibrated_BAU,GLOBAL,,ELCINDEA03,,,2045,S3D2,,,,,0.152199
SpecifiedDemandProfile,A_Calibrated_BAU,GLOBAL,,ELCINDEA03,,,2046,S3D2,,,,,0.152199
SpecifiedDemandProfile,A_Calibrated_BAU,GLOBAL,,ELCINDEA03,,,2047,S3D2,,,,,0.152199
SpecifiedDemandProfile,A_Calibrated_BAU,GLOBAL,,ELCINDEA03,,,2048,S3D2,,,,,0.152199
SpecifiedDemandProfile,A_Calibrated_BAU,GLOBAL,,ELCINDEA03,,,2049,S3D2,,,,,0.152199
SpecifiedDemandProfile,A_Calibrated_BAU,GLOBAL,,ELCINDEA03,,,2050,S3D2,,,,,0.152199
SpecifiedDemandProfile,A_Calibrated_BAU,GLOBAL,,ELCINDEA03,,,2023,S3D3,,,,,0.042594
SpecifiedDemandProfile,A_Calibrated_BAU,GLOBAL,,ELCINDEA03,,,2024,S3D3,,,,,0.042594
SpecifiedDemandProfile,A_Calibrated_BAU,GLOBAL,,ELCINDEA03,,,2025,S3D3,,,,,0.042594
SpecifiedDemandProfile,A_Calibrated_BAU,GLOBAL,,ELCINDEA03,,,2026,S3D3,,,,,0.042594
SpecifiedDemandProfile,A_Calibrated_BAU,GLOBAL,,ELCINDEA03,,,2027,S3D3,,,,,0.042594
SpecifiedDemandProfile,A_Calibrated_BAU,GLOBAL,,ELCINDEA03,,,2028,S3D3,,,,,0.042594
SpecifiedDemandProfile,A_Calibrated_BAU,GLOBAL,,ELCINDEA03,,,2029,S3D3,,,,,0.042594
SpecifiedDemandProfile,A_Calibrated_BAU,GLOBAL,,ELCINDEA03,,,2030,S3D3,,,,,0.042594
SpecifiedDemandProfile,A_Calibrated_BAU,GLOBAL,,ELCINDEA03,,,2031,S3D3,,,,,0.042594
SpecifiedDemandProfile,A_Calibrated_BAU,GLOBAL,,ELCINDEA03,,,2032,S3D3,,,,,0.042594
SpecifiedDemandProfile,A_Calibrated_BAU,GLOBAL,,ELCINDEA03,,,2033,S3D3,,,,,0.042594
SpecifiedDemandProfile,A_Calibrated_BAU,GLOBAL,,ELCINDEA03,,,2034,S3D3,,,,,0.042594
SpecifiedDemandProfile,A_Calibrated_BAU,GLOBAL,,ELCINDEA03,,,2035,S3D3,,,,,0.042594
SpecifiedDemandProfile,A_Calibrated_BAU,GLOBAL,,ELCINDEA03,,,2036,S3D3,,,,,0.042594
SpecifiedDemandProfile,A_Calibrated_BAU,GLOBAL,,ELCINDEA03,,,2037,S3D3,,,,,0.042594
SpecifiedDemandProfile,A_Calibrated_BAU,GLOBAL,,ELCINDEA03,,,2038,S3D3,,,,,0.042594
SpecifiedDemandProfile,A_Calibrated_BAU,GLOBAL,,ELCINDEA03,,,2039,S3D3,,,,,0.042594
SpecifiedDemandProfile,A_Calibrated_BAU,GLOBAL,,ELCINDEA03,,,2040,S3D3,,,,,0.042594
SpecifiedDemandProfile,A_Calibrated_BAU,GLOBAL,,ELCINDEA03,,,2041,S3D3,,,,,0.042594
SpecifiedDemandProfile,A_Calibrated_BAU,GLOBAL,,ELCINDEA03,,,2042,S3D3,,,,,0.042594
SpecifiedDemandProfile,A_Calibrated_BAU,GLOBAL,,ELCINDEA03,,,2043,S3D3,,,,,0.042594
SpecifiedDemandProfile,A_Calibrated_BAU,GLOBAL,,ELCINDEA03,,,2044,S3D3,,,,,0.042594
SpecifiedDemandProfile,A_Calibrated_BAU,GLOBAL,,ELCINDEA03,,,2045,S3D3,,,,,0.042594
SpecifiedDemandProfile,A_Calibrated_BAU,GLOBAL,,ELCINDEA03,,,2046,S3D3,,,,,0.042594
SpecifiedDemandProfile,A_Calibrated_BAU,GLOBAL,,ELCINDEA03,,,2047,S3D3,,,,,0.042594
SpecifiedDemandProfile,A_Calibrated_BAU,GLOBAL,,ELCINDEA03,,,2048,S3D3,,,,,0.042594
SpecifiedDemandProfile,A_Calibrated_BAU,GLOBAL,,ELCINDEA03,,,2049,S3D3,,,,,0.042594
SpecifiedDemandProfile,A_Calibrated_BAU,GLOBAL,,ELCINDEA03,,,2050,S3D3,,,,,0.042594
SpecifiedDemandProfile,A_Calibrated_BAU,GLOBAL,,ELCINDEA03,,,2023,S3D4,,,,,0.030575
SpecifiedDemandProfile,A_Calibrated_BAU,GLOBAL,,ELCINDEA03,,,2024,S3D4,,,,,0.030575
SpecifiedDemandProfile,A_Calibrated_BAU,GLOBAL,,ELCINDEA03,,,2025,S3D4,,,,,0.030575
SpecifiedDemandProfile,A_Calibrated_BAU,GLOBAL,,ELCINDEA03,,,2026,S3D4,,,,,0.030575
SpecifiedDemandProfile,A_Calibrated_BAU,GLOBAL,,ELCINDEA03,,,2027,S3D4,,,,,0.030575
SpecifiedDemandProfile,A_Calibrated_BAU,GLOBAL,,ELCINDEA03,,,2028,S3D4,,,,,0.030575
SpecifiedDemandProfile,A_Calibrated_BAU,GLOBAL,,ELCINDEA03,,,2029,S3D4,,,,,0.030575
SpecifiedDemandProfile,A_Calibrated_BAU,GLOBAL,,ELCINDEA03,,,2030,S3D4,,,,,0.030575
SpecifiedDemandProfile,A_Calibrated_BAU,GLOBAL,,ELCINDEA03,,,2031,S3D4,,,,,0.030575
SpecifiedDemandProfile,A_Calibrated_BAU,GLOBAL,,ELCINDEA03,,,2032,S3D4,,,,,0.030575
SpecifiedDemandProfile,A_Calibrated_BAU,GLOBAL,,ELCINDEA03,,,2033,S3D4,,,,,0.030575
SpecifiedDemandProfile,A_Calibrated_BAU,GLOBAL,,ELCINDEA03,,,2034,S3D4,,,,,0.030575
SpecifiedDemandProfile,A_Calibrated_BAU,GLOBAL,,ELCINDEA03,,,2035,S3D4,,,,,0.030575
SpecifiedDemandProfile,A_Calibrated_BAU,GLOBAL,,ELCINDEA03,,,2036,S3D4,,,,,0.030575
SpecifiedDemandProfile,A_Calibrated_BAU,GLOBAL,,ELCINDEA03,,,2037,S3D4,,,,,0.030575
SpecifiedDemandProfile,A_Calibrated_BAU,GLOBAL,,ELCINDEA03,,,2038,S3D4,,,,,0.030575
SpecifiedDemandProfile,A_Calibrated_BAU,GLOBAL,,ELCINDEA03,,,2039,S3D4,,,,,0.030575
SpecifiedDemandProfile,A_Calibrated_BAU,GLOBAL,,ELCINDEA03,,,2040,S3D4,,,,,0.030575
SpecifiedDemandProfile,A_Calibrated_BAU,GLOBAL,,ELCINDEA03,,,2041,S3D4,,,,,0.030575
SpecifiedDemandProfile,A_Calibrated_BAU,GLOBAL,,ELCINDEA03,,,2042,S3D4,,,,,0.030575
SpecifiedDemandProfile,A_Calibrated_BAU,GLOBAL,,ELCINDEA03,,,2043,S3D4,,,,,0.030575
SpecifiedDemandProfile,A_Calibrated_BAU,GLOBAL,,ELCINDEA03,,,2044,S3D4,,,,,0.030575
SpecifiedDemandProfile,A_Calibrated_BAU,GLOBAL,,ELCINDEA03,,,2045,S3D4,,,,,0.030575
SpecifiedDemandProfile,A_Calibrated_BAU,GLOBAL,,ELCINDEA03,,,2046,S3D4,,,,,0.030575
SpecifiedDemandProfile,A_Calibrated_BAU,GLOBAL,,ELCINDEA03,,,2047,S3D4,,,,,0.030575
SpecifiedDemandProfile,A_Calibrated_BAU,GLOBAL,,ELCINDEA03,,,2048,S3D4,,,,,0.030575
SpecifiedDemandProfile,A_Calibrated_BAU,GLOBAL,,ELCINDEA03,,,2049,S3D4,,,,,0.030575
SpecifiedDemandProfile,A_Calibrated_BAU,GLOBAL,,ELCINDEA03,,,2050,S3D4,,,,,0.030575
SpecifiedDemandProfile,A_Calibrated_BAU,GLOBAL,,ELCINDEA03,,,2023,S3D5,,,,,0.030862
SpecifiedDemandProfile,A_Calibrated_BAU,GLOBAL,,ELCINDEA03,,,2024,S3D5,,,,,0.030862
SpecifiedDemandProfile,A_Calibrated_BAU,GLOBAL,,ELCINDEA03,,,2025,S3D5,,,,,0.030862
SpecifiedDemandProfile,A_Calibrated_BAU,GLOBAL,,ELCINDEA03,,,2026,S3D5,,,,,0.030862
SpecifiedDemandProfile,A_Calibrated_BAU,GLOBAL,,ELCINDEA03,,,2027,S3D5,,,,,0.030862
SpecifiedDemandProfile,A_Calibrated_BAU,GLOBAL,,ELCINDEA03,,,2028,S3D5,,,,,0.030862
SpecifiedDemandProfile,A_Calibrated_BAU,GLOBAL,,ELCINDEA03,,,2029,S3D5,,,,,0.030862
SpecifiedDemandProfile,A_Calibrated_BAU,GLOBAL,,ELCINDEA03,,,2030,S3D5,,,,,0.030862
SpecifiedDemandProfile,A_Calibrated_BAU,GLOBAL,,ELCINDEA03,,,2031,S3D5,,,,,0.030862
SpecifiedDemandProfile,A_Calibrated_BAU,GLOBAL,,ELCINDEA03,,,2032,S3D5,,,,,0.030862
SpecifiedDemandProfile,A_Calibrated_BAU,GLOBAL,,ELCINDEA03,,,2033,S3D5,,,,,0.030862
SpecifiedDemandProfile,A_Calibrated_BAU,GLOBAL,,ELCINDEA03,,,2034,S3D5,,,,,0.030862
SpecifiedDemandProfile,A_Calibrated_BAU,GLOBAL,,ELCINDEA03,,,2035,S3D5,,,,,0.030862
SpecifiedDemandProfile,A_Calibrated_BAU,GLOBAL,,ELCINDEA03,,,2036,S3D5,,,,,0.030862
SpecifiedDemandProfile,A_Calibrated_BAU,GLOBAL,,ELCINDEA03,,,2037,S3D5,,,,,0.030862
SpecifiedDemandProfile,A_Calibrated_BAU,GLOBAL,,ELCINDEA03,,,2038,S3D5,,,,,0.030862
SpecifiedDemandProfile,A_Calibrated_BAU,GLOBAL,,ELCINDEA03,,,2039,S3D5,,,,,0.030862
SpecifiedDemandProfile,A_Calibrated_BAU,GLOBAL,,ELCINDEA03,,,2040,S3D5,,,,,0.030862
SpecifiedDemandProfile,A_Calibrated_BAU,GLOBAL,,ELCINDEA03,,,2041,S3D5,,,,,0.030862
SpecifiedDemandProfile,A_Calibrated_BAU,GLOBAL,,ELCINDEA03,,,2042,S3D5,,,,,0.030862
SpecifiedDemandProfile,A_Calibrated_BAU,GLOBAL,,ELCINDEA03,,,2043,S3D5,,,,,0.030862
SpecifiedDemandProfile,A_Calibrated_BAU,GLOBAL,,ELCINDEA03,,,2044,S3D5,,,,,0.030862
SpecifiedDemandProfile,A_Calibrated_BAU,GLOBAL,,ELCINDEA03,,,2045,S3D5,,,,,0.030862
SpecifiedDemandProfile,A_Calibrated_BAU,GLOBAL,,ELCINDEA03,,,2046,S3D5,,,,,0.030862
SpecifiedDemandProfile,A_Calibrated_BAU,GLOBAL,,ELCINDEA03,,,2047,S3D5,,,,,0.030862
SpecifiedDemandProfile,A_Calibrated_BAU,GLOBAL,,ELCINDEA03,,,2048,S3D5,,,,,0.030862
SpecifiedDemandProfile,A_Calibrated_BAU,GLOBAL,,ELCINDEA03,,,2049,S3D5,,,,,0.030862
SpecifiedDemandProfile,A_Calibrated_BAU,GLOBAL,,ELCINDEA03,,,2050,S3D5,,,,,0.030862
SpecifiedDemandProfile,A_Calibrated_BAU,GLOBAL,,ELCINDEA03,,,2023,S4D1,,,,,0.029786
SpecifiedDemandProfile,A_Calibrated_BAU,GLOBAL,,ELCINDEA03,,,2024,S4D1,,,,,0.029786
SpecifiedDemandProfile,A_Calibrated_BAU,GLOBAL,,ELCINDEA03,,,2025,S4D1,,,,,0.029786
SpecifiedDemandProfile,A_Calibrated_BAU,GLOBAL,,ELCINDEA03,,,2026,S4D1,,,,,0.029786
SpecifiedDemandProfile,A_Calibrated_BAU,GLOBAL,,ELCINDEA03,,,2027,S4D1,,,,,0.029786
SpecifiedDemandProfile,A_Calibrated_BAU,GLOBAL,,ELCINDEA03,,,2028,S4D1,,,,,0.029786
SpecifiedDemandProfile,A_Calibrated_BAU,GLOBAL,,ELCINDEA03,,,2029,S4D1,,,,,0.029786
SpecifiedDemandProfile,A_Calibrated_BAU,GLOBAL,,ELCINDEA03,,,2030,S4D1,,,,,0.029786
SpecifiedDemandProfile,A_Calibrated_BAU,GLOBAL,,ELCINDEA03,,,2031,S4D1,,,,,0.029786
SpecifiedDemandProfile,A_Calibrated_BAU,GLOBAL,,ELCINDEA03,,,2032,S4D1,,,,,0.029786
SpecifiedDemandProfile,A_Calibrated_BAU,GLOBAL,,ELCINDEA03,,,2033,S4D1,,,,,0.029786
SpecifiedDemandProfile,A_Calibrated_BAU,GLOBAL,,ELCINDEA03,,,2034,S4D1,,,,,0.029786
SpecifiedDemandProfile,A_Calibrated_BAU,GLOBAL,,ELCINDEA03,,,2035,S4D1,,,,,0.029786
SpecifiedDemandProfile,A_Calibrated_BAU,GLOBAL,,ELCINDEA03,,,2036,S4D1,,,,,0.029786
SpecifiedDemandProfile,A_Calibrated_BAU,GLOBAL,,ELCINDEA03,,,2037,S4D1,,,,,0.029786
SpecifiedDemandProfile,A_Calibrated_BAU,GLOBAL,,ELCINDEA03,,,2038,S4D1,,,,,0.029786
SpecifiedDemandProfile,A_Calibrated_BAU,GLOBAL,,ELCINDEA03,,,2039,S4D1,,,,,0.029786
SpecifiedDemandProfile,A_Calibrated_BAU,GLOBAL,,ELCINDEA03,,,2040,S4D1,,,,,0.029786
SpecifiedDemandProfile,A_Calibrated_BAU,GLOBAL,,ELCINDEA03,,,2041,S4D1,,,,,0.029786
SpecifiedDemandProfile,A_Calibrated_BAU,GLOBAL,,ELCINDEA03,,,2042,S4D1,,,,,0.029786
SpecifiedDemandProfile,A_Calibrated_BAU,GLOBAL,,ELCINDEA03,,,2043,S4D1,,,,,0.029786
SpecifiedDemandProfile,A_Calibrated_BAU,GLOBAL,,ELCINDEA03,,,2044,S4D1,,,,,0.029786
SpecifiedDemandProfile,A_Calibrated_BAU,GLOBAL,,ELCINDEA03,,,2045,S4D1,,,,,0.029786
SpecifiedDemandProfile,A_Calibrated_BAU,GLOBAL,,ELCINDEA03,,,2046,S4D1,,,,,0.029786
SpecifiedDemandProfile,A_Calibrated_BAU,GLOBAL,,ELCINDEA03,,,2047,S4D1,,,,,0.029786
SpecifiedDemandProfile,A_Calibrated_BAU,GLOBAL,,ELCINDEA03,,,2048,S4D1,,,,,0.029786
SpecifiedDemandProfile,A_Calibrated_BAU,GLOBAL,,ELCINDEA03,,,2049,S4D1,,,,,0.029786
SpecifiedDemandProfile,A_Calibrated_BAU,GLOBAL,,ELCINDEA03,,,2050,S4D1,,,,,0.029786
SpecifiedDemandProfile,A_Calibrated_BAU,GLOBAL,,ELCINDEA03,,,2023,S4D2,,,,,0.055899
SpecifiedDemandProfile,A_Calibrated_BAU,GLOBAL,,ELCINDEA03,,,2024,S4D2,,,,,0.055899
SpecifiedDemandProfile,A_Calibrated_BAU,GLOBAL,,ELCINDEA03,,,2025,S4D2,,,,,0.055899
SpecifiedDemandProfile,A_Calibrated_BAU,GLOBAL,,ELCINDEA03,,,2026,S4D2,,,,,0.055899
SpecifiedDemandProfile,A_Calibrated_BAU,GLOBAL,,ELCINDEA03,,,2027,S4D2,,,,,0.055899
SpecifiedDemandProfile,A_Calibrated_BAU,GLOBAL,,ELCINDEA03,,,2028,S4D2,,,,,0.055899
SpecifiedDemandProfile,A_Calibrated_BAU,GLOBAL,,ELCINDEA03,,,2029,S4D2,,,,,0.055899
SpecifiedDemandProfile,A_Calibrated_BAU,GLOBAL,,ELCINDEA03,,,2030,S4D2,,,,,0.055899
SpecifiedDemandProfile,A_Calibrated_BAU,GLOBAL,,ELCINDEA03,,,2031,S4D2,,,,,0.055899
SpecifiedDemandProfile,A_Calibrated_BAU,GLOBAL,,ELCINDEA03,,,2032,S4D2,,,,,0.055899
SpecifiedDemandProfile,A_Calibrated_BAU,GLOBAL,,ELCINDEA03,,,2033,S4D2,,,,,0.055899
SpecifiedDemandProfile,A_Calibrated_BAU,GLOBAL,,ELCINDEA03,,,2034,S4D2,,,,,0.055899
SpecifiedDemandProfile,A_Calibrated_BAU,GLOBAL,,ELCINDEA03,,,2035,S4D2,,,,,0.055899
SpecifiedDemandProfile,A_Calibrated_BAU,GLOBAL,,ELCINDEA03,,,2036,S4D2,,,,,0.055899
SpecifiedDemandProfile,A_Calibrated_BAU,GLOBAL,,ELCINDEA03,,,2037,S4D2,,,,,0.055899
SpecifiedDemandProfile,A_Calibrated_BAU,GLOBAL,,ELCINDEA03,,,2038,S4D2,,,,,0.055899
SpecifiedDemandProfile,A_Calibrated_BAU,GLOBAL,,ELCINDEA03,,,2039,S4D2,,,,,0.055899
SpecifiedDemandProfile,A_Calibrated_BAU,GLOBAL,,ELCINDEA03,,,2040,S4D2,,,,,0.055899
SpecifiedDemandProfile,A_Calibrated_BAU,GLOBAL,,ELCINDEA03,,,2041,S4D2,,,,,0.055899
SpecifiedDemandProfile,A_Calibrated_BAU,GLOBAL,,ELCINDEA03,,,2042,S4D2,,,,,0.055899
SpecifiedDemandProfile,A_Calibrated_BAU,GLOBAL,,ELCINDEA03,,,2043,S4D2,,,,,0.055899
SpecifiedDemandProfile,A_Calibrated_BAU,GLOBAL,,ELCINDEA03,,,2044,S4D2,,,,,0.055899
SpecifiedDemandProfile,A_Calibrated_BAU,GLOBAL,,ELCINDEA03,,,2045,S4D2,,,,,0.055899
SpecifiedDemandProfile,A_Calibrated_BAU,GLOBAL,,ELCINDEA03,,,2046,S4D2,,,,,0.055899
SpecifiedDemandProfile,A_Calibrated_BAU,GLOBAL,,ELCINDEA03,,,2047,S4D2,,,,,0.055899
SpecifiedDemandProfile,A_Calibrated_BAU,GLOBAL,,ELCINDEA03,,,2048,S4D2,,,,,0.055899
SpecifiedDemandProfile,A_Calibrated_BAU,GLOBAL,,ELCINDEA03,,,2049,S4D2,,,,,0.055899
SpecifiedDemandProfile,A_Calibrated_BAU,GLOBAL,,ELCINDEA03,,,2050,S4D2,,,,,0.055899
SpecifiedDemandProfile,A_Calibrated_BAU,GLOBAL,,ELCINDEA03,,,2023,S4D3,,,,,0.017187
SpecifiedDemandProfile,A_Calibrated_BAU,GLOBAL,,ELCINDEA03,,,2024,S4D3,,,,,0.017187
SpecifiedDemandProfile,A_Calibrated_BAU,GLOBAL,,ELCINDEA03,,,2025,S4D3,,,,,0.017187
SpecifiedDemandProfile,A_Calibrated_BAU,GLOBAL,,ELCINDEA03,,,2026,S4D3,,,,,0.017187
SpecifiedDemandProfile,A_Calibrated_BAU,GLOBAL,,ELCINDEA03,,,2027,S4D3,,,,,0.017187
SpecifiedDemandProfile,A_Calibrated_BAU,GLOBAL,,ELCINDEA03,,,2028,S4D3,,,,,0.017187
SpecifiedDemandProfile,A_Calibrated_BAU,GLOBAL,,ELCINDEA03,,,2029,S4D3,,,,,0.017187
SpecifiedDemandProfile,A_Calibrated_BAU,GLOBAL,,ELCINDEA03,,,2030,S4D3,,,,,0.017187
SpecifiedDemandProfile,A_Calibrated_BAU,GLOBAL,,ELCINDEA03,,,2031,S4D3,,,,,0.017187
SpecifiedDemandProfile,A_Calibrated_BAU,GLOBAL,,ELCINDEA03,,,2032,S4D3,,,,,0.017187
SpecifiedDemandProfile,A_Calibrated_BAU,GLOBAL,,ELCINDEA03,,,2033,S4D3,,,,,0.017187
SpecifiedDemandProfile,A_Calibrated_BAU,GLOBAL,,ELCINDEA03,,,2034,S4D3,,,,,0.017187
SpecifiedDemandProfile,A_Calibrated_BAU,GLOBAL,,ELCINDEA03,,,2035,S4D3,,,,,0.017187
SpecifiedDemandProfile,A_Calibrated_BAU,GLOBAL,,ELCINDEA03,,,2036,S4D3,,,,,0.017187
SpecifiedDemandProfile,A_Calibrated_BAU,GLOBAL,,ELCINDEA03,,,2037,S4D3,,,,,0.017187
SpecifiedDemandProfile,A_Calibrated_BAU,GLOBAL,,ELCINDEA03,,,2038,S4D3,,,,,0.017187
SpecifiedDemandProfile,A_Calibrated_BAU,GLOBAL,,ELCINDEA03,,,2039,S4D3,,,,,0.017187
SpecifiedDemandProfile,A_Calibrated_BAU,GLOBAL,,ELCINDEA03,,,2040,S4D3,,,,,0.017187
SpecifiedDemandProfile,A_Calibrated_BAU,GLOBAL,,ELCINDEA03,,,2041,S4D3,,,,,0.017187
SpecifiedDemandProfile,A_Calibrated_BAU,GLOBAL,,ELCINDEA03,,,2042,S4D3,,,,,0.017187
SpecifiedDemandProfile,A_Calibrated_BAU,GLOBAL,,ELCINDEA03,,,2043,S4D3,,,,,0.017187
SpecifiedDemandProfile,A_Calibrated_BAU,GLOBAL,,ELCINDEA03,,,2044,S4D3,,,,,0.017187
SpecifiedDemandProfile,A_Calibrated_BAU,GLOBAL,,ELCINDEA03,,,2045,S4D3,,,,,0.017187
SpecifiedDemandProfile,A_Calibrated_BAU,GLOBAL,,ELCINDEA03,,,2046,S4D3,,,,,0.017187
SpecifiedDemandProfile,A_Calibrated_BAU,GLOBAL,,ELCINDEA03,,,2047,S4D3,,,,,0.017187
SpecifiedDemandProfile,A_Calibrated_BAU,GLOBAL,,ELCINDEA03,,,2048,S4D3,,,,,0.017187
SpecifiedDemandProfile,A_Calibrated_BAU,GLOBAL,,ELCINDEA03,,,2049,S4D3,,,,,0.017187
SpecifiedDemandProfile,A_Calibrated_BAU,GLOBAL,,ELCINDEA03,,,2050,S4D3,,,,,0.017187
SpecifiedDemandProfile,A_Calibrated_BAU,GLOBAL,,ELCINDEA03,,,2023,S4D4,,,,,0.011189
SpecifiedDemandProfile,A_Calibrated_BAU,GLOBAL,,ELCINDEA03,,,2024,S4D4,,,,,0.011189
SpecifiedDemandProfile,A_Calibrated_BAU,GLOBAL,,ELCINDEA03,,,2025,S4D4,,,,,0.011189
SpecifiedDemandProfile,A_Calibrated_BAU,GLOBAL,,ELCINDEA03,,,2026,S4D4,,,,,0.011189
SpecifiedDemandProfile,A_Calibrated_BAU,GLOBAL,,ELCINDEA03,,,2027,S4D4,,,,,0.011189
SpecifiedDemandProfile,A_Calibrated_BAU,GLOBAL,,ELCINDEA03,,,2028,S4D4,,,,,0.011189
SpecifiedDemandProfile,A_Calibrated_BAU,GLOBAL,,ELCINDEA03,,,2029,S4D4,,,,,0.011189
SpecifiedDemandProfile,A_Calibrated_BAU,GLOBAL,,ELCINDEA03,,,2030,S4D4,,,,,0.011189
SpecifiedDemandProfile,A_Calibrated_BAU,GLOBAL,,ELCINDEA03,,,2031,S4D4,,,,,0.011189
SpecifiedDemandProfile,A_Calibrated_BAU,GLOBAL,,ELCINDEA03,,,2032,S4D4,,,,,0.011189
SpecifiedDemandProfile,A_Calibrated_BAU,GLOBAL,,ELCINDEA03,,,2033,S4D4,,,,,0.011189
SpecifiedDemandProfile,A_Calibrated_BAU,GLOBAL,,ELCINDEA03,,,2034,S4D4,,,,,0.011189
SpecifiedDemandProfile,A_Calibrated_BAU,GLOBAL,,ELCINDEA03,,,2035,S4D4,,,,,0.011189
SpecifiedDemandProfile,A_Calibrated_BAU,GLOBAL,,ELCINDEA03,,,2036,S4D4,,,,,0.011189
SpecifiedDemandProfile,A_Calibrated_BAU,GLOBAL,,ELCINDEA03,,,2037,S4D4,,,,,0.011189
SpecifiedDemandProfile,A_Calibrated_BAU,GLOBAL,,ELCINDEA03,,,2038,S4D4,,,,,0.011189
SpecifiedDemandProfile,A_Calibrated_BAU,GLOBAL,,ELCINDEA03,,,2039,S4D4,,,,,0.011189
SpecifiedDemandProfile,A_Calibrated_BAU,GLOBAL,,ELCINDEA03,,,2040,S4D4,,,,,0.011189
SpecifiedDemandProfile,A_Calibrated_BAU,GLOBAL,,ELCINDEA03,,,2041,S4D4,,,,,0.011189
SpecifiedDemandProfile,A_Calibrated_BAU,GLOBAL,,ELCINDEA03,,,2042,S4D4,,,,,0.011189
SpecifiedDemandProfile,A_Calibrated_BAU,GLOBAL,,ELCINDEA03,,,2043,S4D4,,,,,0.011189
SpecifiedDemandProfile,A_Calibrated_BAU,GLOBAL,,ELCINDEA03,,,2044,S4D4,,,,,0.011189
SpecifiedDemandProfile,A_Calibrated_BAU,GLOBAL,,ELCINDEA03,,,2045,S4D4,,,,,0.011189
SpecifiedDemandProfile,A_Calibrated_BAU,GLOBAL,,ELCINDEA03,,,2046,S4D4,,,,,0.011189
SpecifiedDemandProfile,A_Calibrated_BAU,GLOBAL,,ELCINDEA03,,,2047,S4D4,,,,,0.011189
SpecifiedDemandProfile,A_Calibrated_BAU,GLOBAL,,ELCINDEA03,,,2048,S4D4,,,,,0.011189
SpecifiedDemandProfile,A_Calibrated_BAU,GLOBAL,,ELCINDEA03,,,2049,S4D4,,,,,0.011189
SpecifiedDemandProfile,A_Calibrated_BAU,GLOBAL,,ELCINDEA03,,,2050,S4D4,,,,,0.011189
SpecifiedDemandProfile,A_Calibrated_BAU,GLOBAL,,ELCINDEA03,,,2023,S4D5,,,,,0.010633
SpecifiedDemandProfile,A_Calibrated_BAU,GLOBAL,,ELCINDEA03,,,2024,S4D5,,,,,0.010633
SpecifiedDemandProfile,A_Calibrated_BAU,GLOBAL,,ELCINDEA03,,,2025,S4D5,,,,,0.010633
SpecifiedDemandProfile,A_Calibrated_BAU,GLOBAL,,ELCINDEA03,,,2026,S4D5,,,,,0.010633
SpecifiedDemandProfile,A_Calibrated_BAU,GLOBAL,,ELCINDEA03,,,2027,S4D5,,,,,0.010633
SpecifiedDemandProfile,A_Calibrated_BAU,GLOBAL,,ELCINDEA03,,,2028,S4D5,,,,,0.010633
SpecifiedDemandProfile,A_Calibrated_BAU,GLOBAL,,ELCINDEA03,,,2029,S4D5,,,,,0.010633
SpecifiedDemandProfile,A_Calibrated_BAU,GLOBAL,,ELCINDEA03,,,2030,S4D5,,,,,0.010633
SpecifiedDemandProfile,A_Calibrated_BAU,GLOBAL,,ELCINDEA03,,,2031,S4D5,,,,,0.010633
SpecifiedDemandProfile,A_Calibrated_BAU,GLOBAL,,ELCINDEA03,,,2032,S4D5,,,,,0.010633
SpecifiedDemandProfile,A_Calibrated_BAU,GLOBAL,,ELCINDEA03,,,2033,S4D5,,,,,0.010633
SpecifiedDemandProfile,A_Calibrated_BAU,GLOBAL,,ELCINDEA03,,,2034,S4D5,,,,,0.010633
SpecifiedDemandProfile,A_Calibrated_BAU,GLOBAL,,ELCINDEA03,,,2035,S4D5,,,,,0.010633
SpecifiedDemandProfile,A_Calibrated_BAU,GLOBAL,,ELCINDEA03,,,2036,S4D5,,,,,0.010633
SpecifiedDemandProfile,A_Calibrated_BAU,GLOBAL,,ELCINDEA03,,,2037,S4D5,,,,,0.010633
SpecifiedDemandProfile,A_Calibrated_BAU,GLOBAL,,ELCINDEA03,,,2038,S4D5,,,,,0.010633
SpecifiedDemandProfile,A_Calibrated_BAU,GLOBAL,,ELCINDEA03,,,2039,S4D5,,,,,0.010633
SpecifiedDemandProfile,A_Calibrated_BAU,GLOBAL,,ELCINDEA03,,,2040,S4D5,,,,,0.010633
SpecifiedDemandProfile,A_Calibrated_BAU,GLOBAL,,ELCINDEA03,,,2041,S4D5,,,,,0.010633
SpecifiedDemandProfile,A_Calibrated_BAU,GLOBAL,,ELCINDEA03,,,2042,S4D5,,,,,0.010633
SpecifiedDemandProfile,A_Calibrated_BAU,GLOBAL,,ELCINDEA03,,,2043,S4D5,,,,,0.010633
SpecifiedDemandProfile,A_Calibrated_BAU,GLOBAL,,ELCINDEA03,,,2044,S4D5,,,,,0.010633
SpecifiedDemandProfile,A_Calibrated_BAU,GLOBAL,,ELCINDEA03,,,2045,S4D5,,,,,0.010633
SpecifiedDemandProfile,A_Calibrated_BAU,GLOBAL,,ELCINDEA03,,,2046,S4D5,,,,,0.010633
SpecifiedDemandProfile,A_Calibrated_BAU,GLOBAL,,ELCINDEA03,,,2047,S4D5,,,,,0.010633
SpecifiedDemandProfile,A_Calibrated_BAU,GLOBAL,,ELCINDEA03,,,2048,S4D5,,,,,0.010633
SpecifiedDemandProfile,A_Calibrated_BAU,GLOBAL,,ELCINDEA03,,,2049,S4D5,,,,,0.010633
SpecifiedDemandProfile,A_Calibrated_BAU,GLOBAL,,ELCINDEA03,,,2050,S4D5,,,,,0.010633
SpecifiedDemandProfile,A_Calibrated_BAU,GLOBAL,,ELCINDWE03,,,2023,S1D1,,,,,0.057284
SpecifiedDemandProfile,A_Calibrated_BAU,GLOBAL,,ELCINDWE03,,,2024,S1D1,,,,,0.057284
SpecifiedDemandProfile,A_Calibrated_BAU,GLOBAL,,ELCINDWE03,,,2025,S1D1,,,,,0.057284
SpecifiedDemandProfile,A_Calibrated_BAU,GLOBAL,,ELCINDWE03,,,2026,S1D1,,,,,0.057284
SpecifiedDemandProfile,A_Calibrated_BAU,GLOBAL,,ELCINDWE03,,,2027,S1D1,,,,,0.057284
SpecifiedDemandProfile,A_Calibrated_BAU,GLOBAL,,ELCINDWE03,,,2028,S1D1,,,,,0.057284
SpecifiedDemandProfile,A_Calibrated_BAU,GLOBAL,,ELCINDWE03,,,2029,S1D1,,,,,0.057284
SpecifiedDemandProfile,A_Calibrated_BAU,GLOBAL,,ELCINDWE03,,,2030,S1D1,,,,,0.057284
SpecifiedDemandProfile,A_Calibrated_BAU,GLOBAL,,ELCINDWE03,,,2031,S1D1,,,,,0.057284
SpecifiedDemandProfile,A_Calibrated_BAU,GLOBAL,,ELCINDWE03,,,2032,S1D1,,,,,0.057284
SpecifiedDemandProfile,A_Calibrated_BAU,GLOBAL,,ELCINDWE03,,,2033,S1D1,,,,,0.057284
SpecifiedDemandProfile,A_Calibrated_BAU,GLOBAL,,ELCINDWE03,,,2034,S1D1,,,,,0.057284
SpecifiedDemandProfile,A_Calibrated_BAU,GLOBAL,,ELCINDWE03,,,2035,S1D1,,,,,0.057284
SpecifiedDemandProfile,A_Calibrated_BAU,GLOBAL,,ELCINDWE03,,,2036,S1D1,,,,,0.057284
SpecifiedDemandProfile,A_Calibrated_BAU,GLOBAL,,ELCINDWE03,,,2037,S1D1,,,,,0.057284
SpecifiedDemandProfile,A_Calibrated_BAU,GLOBAL,,ELCINDWE03,,,2038,S1D1,,,,,0.057284
SpecifiedDemandProfile,A_Calibrated_BAU,GLOBAL,,ELCINDWE03,,,2039,S1D1,,,,,0.057284
SpecifiedDemandProfile,A_Calibrated_BAU,GLOBAL,,ELCINDWE03,,,2040,S1D1,,,,,0.057284
SpecifiedDemandProfile,A_Calibrated_BAU,GLOBAL,,ELCINDWE03,,,2041,S1D1,,,,,0.057284
SpecifiedDemandProfile,A_Calibrated_BAU,GLOBAL,,ELCINDWE03,,,2042,S1D1,,,,,0.057284
SpecifiedDemandProfile,A_Calibrated_BAU,GLOBAL,,ELCINDWE03,,,2043,S1D1,,,,,0.057284
SpecifiedDemandProfile,A_Calibrated_BAU,GLOBAL,,ELCINDWE03,,,2044,S1D1,,,,,0.057284
SpecifiedDemandProfile,A_Calibrated_BAU,GLOBAL,,ELCINDWE03,,,2045,S1D1,,,,,0.057284
SpecifiedDemandProfile,A_Calibrated_BAU,GLOBAL,,ELCINDWE03,,,2046,S1D1,,,,,0.057284
SpecifiedDemandProfile,A_Calibrated_BAU,GLOBAL,,ELCINDWE03,,,2047,S1D1,,,,,0.057284
SpecifiedDemandProfile,A_Calibrated_BAU,GLOBAL,,ELCINDWE03,,,2048,S1D1,,,,,0.057284
SpecifiedDemandProfile,A_Calibrated_BAU,GLOBAL,,ELCINDWE03,,,2049,S1D1,,,,,0.057284
SpecifiedDemandProfile,A_Calibrated_BAU,GLOBAL,,ELCINDWE03,,,2050,S1D1,,,,,0.057284
SpecifiedDemandProfile,A_Calibrated_BAU,GLOBAL,,ELCINDWE03,,,2023,S1D2,,,,,0.134254
SpecifiedDemandProfile,A_Calibrated_BAU,GLOBAL,,ELCINDWE03,,,2024,S1D2,,,,,0.134254
SpecifiedDemandProfile,A_Calibrated_BAU,GLOBAL,,ELCINDWE03,,,2025,S1D2,,,,,0.134254
SpecifiedDemandProfile,A_Calibrated_BAU,GLOBAL,,ELCINDWE03,,,2026,S1D2,,,,,0.134254
SpecifiedDemandProfile,A_Calibrated_BAU,GLOBAL,,ELCINDWE03,,,2027,S1D2,,,,,0.134254
SpecifiedDemandProfile,A_Calibrated_BAU,GLOBAL,,ELCINDWE03,,,2028,S1D2,,,,,0.134254
SpecifiedDemandProfile,A_Calibrated_BAU,GLOBAL,,ELCINDWE03,,,2029,S1D2,,,,,0.134254
SpecifiedDemandProfile,A_Calibrated_BAU,GLOBAL,,ELCINDWE03,,,2030,S1D2,,,,,0.134254
SpecifiedDemandProfile,A_Calibrated_BAU,GLOBAL,,ELCINDWE03,,,2031,S1D2,,,,,0.134254
SpecifiedDemandProfile,A_Calibrated_BAU,GLOBAL,,ELCINDWE03,,,2032,S1D2,,,,,0.134254
SpecifiedDemandProfile,A_Calibrated_BAU,GLOBAL,,ELCINDWE03,,,2033,S1D2,,,,,0.134254
SpecifiedDemandProfile,A_Calibrated_BAU,GLOBAL,,ELCINDWE03,,,2034,S1D2,,,,,0.134254
SpecifiedDemandProfile,A_Calibrated_BAU,GLOBAL,,ELCINDWE03,,,2035,S1D2,,,,,0.134254
SpecifiedDemandProfile,A_Calibrated_BAU,GLOBAL,,ELCINDWE03,,,2036,S1D2,,,,,0.134254
SpecifiedDemandProfile,A_Calibrated_BAU,GLOBAL,,ELCINDWE03,,,2037,S1D2,,,,,0.134254
SpecifiedDemandProfile,A_Calibrated_BAU,GLOBAL,,ELCINDWE03,,,2038,S1D2,,,,,0.134254
SpecifiedDemandProfile,A_Calibrated_BAU,GLOBAL,,ELCINDWE03,,,2039,S1D2,,,,,0.134254
SpecifiedDemandProfile,A_Calibrated_BAU,GLOBAL,,ELCINDWE03,,,2040,S1D2,,,,,0.134254
SpecifiedDemandProfile,A_Calibrated_BAU,GLOBAL,,ELCINDWE03,,,2041,S1D2,,,,,0.134254
SpecifiedDemandProfile,A_Calibrated_BAU,GLOBAL,,ELCINDWE03,,,2042,S1D2,,,,,0.134254
SpecifiedDemandProfile,A_Calibrated_BAU,GLOBAL,,ELCINDWE03,,,2043,S1D2,,,,,0.134254
SpecifiedDemandProfile,A_Calibrated_BAU,GLOBAL,,ELCINDWE03,,,2044,S1D2,,,,,0.134254
SpecifiedDemandProfile,A_Calibrated_BAU,GLOBAL,,ELCINDWE03,,,2045,S1D2,,,,,0.134254
SpecifiedDemandProfile,A_Calibrated_BAU,GLOBAL,,ELCINDWE03,,,2046,S1D2,,,,,0.134254
SpecifiedDemandProfile,A_Calibrated_BAU,GLOBAL,,ELCINDWE03,,,2047,S1D2,,,,,0.134254
SpecifiedDemandProfile,A_Calibrated_BAU,GLOBAL,,ELCINDWE03,,,2048,S1D2,,,,,0.134254
SpecifiedDemandProfile,A_Calibrated_BAU,GLOBAL,,ELCINDWE03,,,2049,S1D2,,,,,0.134254
SpecifiedDemandProfile,A_Calibrated_BAU,GLOBAL,,ELCINDWE03,,,2050,S1D2,,,,,0.134254
SpecifiedDemandProfile,A_Calibrated_BAU,GLOBAL,,ELCINDWE03,,,2023,S1D3,,,,,0.035122
SpecifiedDemandProfile,A_Calibrated_BAU,GLOBAL,,ELCINDWE03,,,2024,S1D3,,,,,0.035122
SpecifiedDemandProfile,A_Calibrated_BAU,GLOBAL,,ELCINDWE03,,,2025,S1D3,,,,,0.035122
SpecifiedDemandProfile,A_Calibrated_BAU,GLOBAL,,ELCINDWE03,,,2026,S1D3,,,,,0.035122
SpecifiedDemandProfile,A_Calibrated_BAU,GLOBAL,,ELCINDWE03,,,2027,S1D3,,,,,0.035122
SpecifiedDemandProfile,A_Calibrated_BAU,GLOBAL,,ELCINDWE03,,,2028,S1D3,,,,,0.035122
SpecifiedDemandProfile,A_Calibrated_BAU,GLOBAL,,ELCINDWE03,,,2029,S1D3,,,,,0.035122
SpecifiedDemandProfile,A_Calibrated_BAU,GLOBAL,,ELCINDWE03,,,2030,S1D3,,,,,0.035122
SpecifiedDemandProfile,A_Calibrated_BAU,GLOBAL,,ELCINDWE03,,,2031,S1D3,,,,,0.035122
SpecifiedDemandProfile,A_Calibrated_BAU,GLOBAL,,ELCINDWE03,,,2032,S1D3,,,,,0.035122
SpecifiedDemandProfile,A_Calibrated_BAU,GLOBAL,,ELCINDWE03,,,2033,S1D3,,,,,0.035122
SpecifiedDemandProfile,A_Calibrated_BAU,GLOBAL,,ELCINDWE03,,,2034,S1D3,,,,,0.035122
SpecifiedDemandProfile,A_Calibrated_BAU,GLOBAL,,ELCINDWE03,,,2035,S1D3,,,,,0.035122
SpecifiedDemandProfile,A_Calibrated_BAU,GLOBAL,,ELCINDWE03,,,2036,S1D3,,,,,0.035122
SpecifiedDemandProfile,A_Calibrated_BAU,GLOBAL,,ELCINDWE03,,,2037,S1D3,,,,,0.035122
SpecifiedDemandProfile,A_Calibrated_BAU,GLOBAL,,ELCINDWE03,,,2038,S1D3,,,,,0.035122
SpecifiedDemandProfile,A_Calibrated_BAU,GLOBAL,,ELCINDWE03,,,2039,S1D3,,,,,0.035122
SpecifiedDemandProfile,A_Calibrated_BAU,GLOBAL,,ELCINDWE03,,,2040,S1D3,,,,,0.035122
SpecifiedDemandProfile,A_Calibrated_BAU,GLOBAL,,ELCINDWE03,,,2041,S1D3,,,,,0.035122
SpecifiedDemandProfile,A_Calibrated_BAU,GLOBAL,,ELCINDWE03,,,2042,S1D3,,,,,0.035122
SpecifiedDemandProfile,A_Calibrated_BAU,GLOBAL,,ELCINDWE03,,,2043,S1D3,,,,,0.035122
SpecifiedDemandProfile,A_Calibrated_BAU,GLOBAL,,ELCINDWE03,,,2044,S1D3,,,,,0.035122
SpecifiedDemandProfile,A_Calibrated_BAU,GLOBAL,,ELCINDWE03,,,2045,S1D3,,,,,0.035122
SpecifiedDemandProfile,A_Calibrated_BAU,GLOBAL,,ELCINDWE03,,,2046,S1D3,,,,,0.035122
SpecifiedDemandProfile,A_Calibrated_BAU,GLOBAL,,ELCINDWE03,,,2047,S1D3,,,,,0.035122
SpecifiedDemandProfile,A_Calibrated_BAU,GLOBAL,,ELCINDWE03,,,2048,S1D3,,,,,0.035122
SpecifiedDemandProfile,A_Calibrated_BAU,GLOBAL,,ELCINDWE03,,,2049,S1D3,,,,,0.035122
SpecifiedDemandProfile,A_Calibrated_BAU,GLOBAL,,ELCINDWE03,,,2050,S1D3,,,,,0.035122
SpecifiedDemandProfile,A_Calibrated_BAU,GLOBAL,,ELCINDWE03,,,2023,S1D4,,,,,0.020769
SpecifiedDemandProfile,A_Calibrated_BAU,GLOBAL,,ELCINDWE03,,,2024,S1D4,,,,,0.020769
SpecifiedDemandProfile,A_Calibrated_BAU,GLOBAL,,ELCINDWE03,,,2025,S1D4,,,,,0.020769
SpecifiedDemandProfile,A_Calibrated_BAU,GLOBAL,,ELCINDWE03,,,2026,S1D4,,,,,0.020769
SpecifiedDemandProfile,A_Calibrated_BAU,GLOBAL,,ELCINDWE03,,,2027,S1D4,,,,,0.020769
SpecifiedDemandProfile,A_Calibrated_BAU,GLOBAL,,ELCINDWE03,,,2028,S1D4,,,,,0.020769
SpecifiedDemandProfile,A_Calibrated_BAU,GLOBAL,,ELCINDWE03,,,2029,S1D4,,,,,0.020769
SpecifiedDemandProfile,A_Calibrated_BAU,GLOBAL,,ELCINDWE03,,,2030,S1D4,,,,,0.020769
SpecifiedDemandProfile,A_Calibrated_BAU,GLOBAL,,ELCINDWE03,,,2031,S1D4,,,,,0.020769
SpecifiedDemandProfile,A_Calibrated_BAU,GLOBAL,,ELCINDWE03,,,2032,S1D4,,,,,0.020769
SpecifiedDemandProfile,A_Calibrated_BAU,GLOBAL,,ELCINDWE03,,,2033,S1D4,,,,,0.020769
SpecifiedDemandProfile,A_Calibrated_BAU,GLOBAL,,ELCINDWE03,,,2034,S1D4,,,,,0.020769
SpecifiedDemandProfile,A_Calibrated_BAU,GLOBAL,,ELCINDWE03,,,2035,S1D4,,,,,0.020769
SpecifiedDemandProfile,A_Calibrated_BAU,GLOBAL,,ELCINDWE03,,,2036,S1D4,,,,,0.020769
SpecifiedDemandProfile,A_Calibrated_BAU,GLOBAL,,ELCINDWE03,,,2037,S1D4,,,,,0.020769
SpecifiedDemandProfile,A_Calibrated_BAU,GLOBAL,,ELCINDWE03,,,2038,S1D4,,,,,0.020769
SpecifiedDemandProfile,A_Calibrated_BAU,GLOBAL,,ELCINDWE03,,,2039,S1D4,,,,,0.020769
SpecifiedDemandProfile,A_Calibrated_BAU,GLOBAL,,ELCINDWE03,,,2040,S1D4,,,,,0.020769
SpecifiedDemandProfile,A_Calibrated_BAU,GLOBAL,,ELCINDWE03,,,2041,S1D4,,,,,0.020769
SpecifiedDemandProfile,A_Calibrated_BAU,GLOBAL,,ELCINDWE03,,,2042,S1D4,,,,,0.020769
SpecifiedDemandProfile,A_Calibrated_BAU,GLOBAL,,ELCINDWE03,,,2043,S1D4,,,,,0.020769
SpecifiedDemandProfile,A_Calibrated_BAU,GLOBAL,,ELCINDWE03,,,2044,S1D4,,,,,0.020769
SpecifiedDemandProfile,A_Calibrated_BAU,GLOBAL,,ELCINDWE03,,,2045,S1D4,,,,,0.020769
SpecifiedDemandProfile,A_Calibrated_BAU,GLOBAL,,ELCINDWE03,,,2046,S1D4,,,,,0.020769
SpecifiedDemandProfile,A_Calibrated_BAU,GLOBAL,,ELCINDWE03,,,2047,S1D4,,,,,0.020769
SpecifiedDemandProfile,A_Calibrated_BAU,GLOBAL,,ELCINDWE03,,,2048,S1D4,,,,,0.020769
SpecifiedDemandProfile,A_Calibrated_BAU,GLOBAL,,ELCINDWE03,,,2049,S1D4,,,,,0.020769
SpecifiedDemandProfile,A_Calibrated_BAU,GLOBAL,,ELCINDWE03,,,2050,S1D4,,,,,0.020769
SpecifiedDemandProfile,A_Calibrated_BAU,GLOBAL,,ELCINDWE03,,,2023,S1D5,,,,,0.019888
SpecifiedDemandProfile,A_Calibrated_BAU,GLOBAL,,ELCINDWE03,,,2024,S1D5,,,,,0.019888
SpecifiedDemandProfile,A_Calibrated_BAU,GLOBAL,,ELCINDWE03,,,2025,S1D5,,,,,0.019888
SpecifiedDemandProfile,A_Calibrated_BAU,GLOBAL,,ELCINDWE03,,,2026,S1D5,,,,,0.019888
SpecifiedDemandProfile,A_Calibrated_BAU,GLOBAL,,ELCINDWE03,,,2027,S1D5,,,,,0.019888
SpecifiedDemandProfile,A_Calibrated_BAU,GLOBAL,,ELCINDWE03,,,2028,S1D5,,,,,0.019888
SpecifiedDemandProfile,A_Calibrated_BAU,GLOBAL,,ELCINDWE03,,,2029,S1D5,,,,,0.019888
SpecifiedDemandProfile,A_Calibrated_BAU,GLOBAL,,ELCINDWE03,,,2030,S1D5,,,,,0.019888
SpecifiedDemandProfile,A_Calibrated_BAU,GLOBAL,,ELCINDWE03,,,2031,S1D5,,,,,0.019888
SpecifiedDemandProfile,A_Calibrated_BAU,GLOBAL,,ELCINDWE03,,,2032,S1D5,,,,,0.019888
SpecifiedDemandProfile,A_Calibrated_BAU,GLOBAL,,ELCINDWE03,,,2033,S1D5,,,,,0.019888
SpecifiedDemandProfile,A_Calibrated_BAU,GLOBAL,,ELCINDWE03,,,2034,S1D5,,,,,0.019888
SpecifiedDemandProfile,A_Calibrated_BAU,GLOBAL,,ELCINDWE03,,,2035,S1D5,,,,,0.019888
SpecifiedDemandProfile,A_Calibrated_BAU,GLOBAL,,ELCINDWE03,,,2036,S1D5,,,,,0.019888
SpecifiedDemandProfile,A_Calibrated_BAU,GLOBAL,,ELCINDWE03,,,2037,S1D5,,,,,0.019888
SpecifiedDemandProfile,A_Calibrated_BAU,GLOBAL,,ELCINDWE03,,,2038,S1D5,,,,,0.019888
SpecifiedDemandProfile,A_Calibrated_BAU,GLOBAL,,ELCINDWE03,,,2039,S1D5,,,,,0.019888
SpecifiedDemandProfile,A_Calibrated_BAU,GLOBAL,,ELCINDWE03,,,2040,S1D5,,,,,0.019888
SpecifiedDemandProfile,A_Calibrated_BAU,GLOBAL,,ELCINDWE03,,,2041,S1D5,,,,,0.019888
SpecifiedDemandProfile,A_Calibrated_BAU,GLOBAL,,ELCINDWE03,,,2042,S1D5,,,,,0.019888
SpecifiedDemandProfile,A_Calibrated_BAU,GLOBAL,,ELCINDWE03,,,2043,S1D5,,,,,0.019888
SpecifiedDemandProfile,A_Calibrated_BAU,GLOBAL,,ELCINDWE03,,,2044,S1D5,,,,,0.019888
SpecifiedDemandProfile,A_Calibrated_BAU,GLOBAL,,ELCINDWE03,,,2045,S1D5,,,,,0.019888
SpecifiedDemandProfile,A_Calibrated_BAU,GLOBAL,,ELCINDWE03,,,2046,S1D5,,,,,0.019888
SpecifiedDemandProfile,A_Calibrated_BAU,GLOBAL,,ELCINDWE03,,,2047,S1D5,,,,,0.019888
SpecifiedDemandProfile,A_Calibrated_BAU,GLOBAL,,ELCINDWE03,,,2048,S1D5,,,,,0.019888
SpecifiedDemandProfile,A_Calibrated_BAU,GLOBAL,,ELCINDWE03,,,2049,S1D5,,,,,0.019888
SpecifiedDemandProfile,A_Calibrated_BAU,GLOBAL,,ELCINDWE03,,,2050,S1D5,,,,,0.019888
SpecifiedDemandProfile,A_Calibrated_BAU,GLOBAL,,ELCINDWE03,,,2023,S2D1,,,,,0.074776
SpecifiedDemandProfile,A_Calibrated_BAU,GLOBAL,,ELCINDWE03,,,2024,S2D1,,,,,0.074776
SpecifiedDemandProfile,A_Calibrated_BAU,GLOBAL,,ELCINDWE03,,,2025,S2D1,,,,,0.074776
SpecifiedDemandProfile,A_Calibrated_BAU,GLOBAL,,ELCINDWE03,,,2026,S2D1,,,,,0.074776
SpecifiedDemandProfile,A_Calibrated_BAU,GLOBAL,,ELCINDWE03,,,2027,S2D1,,,,,0.074776
SpecifiedDemandProfile,A_Calibrated_BAU,GLOBAL,,ELCINDWE03,,,2028,S2D1,,,,,0.074776
SpecifiedDemandProfile,A_Calibrated_BAU,GLOBAL,,ELCINDWE03,,,2029,S2D1,,,,,0.074776
SpecifiedDemandProfile,A_Calibrated_BAU,GLOBAL,,ELCINDWE03,,,2030,S2D1,,,,,0.074776
SpecifiedDemandProfile,A_Calibrated_BAU,GLOBAL,,ELCINDWE03,,,2031,S2D1,,,,,0.074776
SpecifiedDemandProfile,A_Calibrated_BAU,GLOBAL,,ELCINDWE03,,,2032,S2D1,,,,,0.074776
SpecifiedDemandProfile,A_Calibrated_BAU,GLOBAL,,ELCINDWE03,,,2033,S2D1,,,,,0.074776
SpecifiedDemandProfile,A_Calibrated_BAU,GLOBAL,,ELCINDWE03,,,2034,S2D1,,,,,0.074776
SpecifiedDemandProfile,A_Calibrated_BAU,GLOBAL,,ELCINDWE03,,,2035,S2D1,,,,,0.074776
SpecifiedDemandProfile,A_Calibrated_BAU,GLOBAL,,ELCINDWE03,,,2036,S2D1,,,,,0.074776
SpecifiedDemandProfile,A_Calibrated_BAU,GLOBAL,,ELCINDWE03,,,2037,S2D1,,,,,0.074776
SpecifiedDemandProfile,A_Calibrated_BAU,GLOBAL,,ELCINDWE03,,,2038,S2D1,,,,,0.074776
SpecifiedDemandProfile,A_Calibrated_BAU,GLOBAL,,ELCINDWE03,,,2039,S2D1,,,,,0.074776
SpecifiedDemandProfile,A_Calibrated_BAU,GLOBAL,,ELCINDWE03,,,2040,S2D1,,,,,0.074776
SpecifiedDemandProfile,A_Calibrated_BAU,GLOBAL,,ELCINDWE03,,,2041,S2D1,,,,,0.074776
SpecifiedDemandProfile,A_Calibrated_BAU,GLOBAL,,ELCINDWE03,,,2042,S2D1,,,,,0.074776
SpecifiedDemandProfile,A_Calibrated_BAU,GLOBAL,,ELCINDWE03,,,2043,S2D1,,,,,0.074776
SpecifiedDemandProfile,A_Calibrated_BAU,GLOBAL,,ELCINDWE03,,,2044,S2D1,,,,,0.074776
SpecifiedDemandProfile,A_Calibrated_BAU,GLOBAL,,ELCINDWE03,,,2045,S2D1,,,,,0.074776
SpecifiedDemandProfile,A_Calibrated_BAU,GLOBAL,,ELCINDWE03,,,2046,S2D1,,,,,0.074776
SpecifiedDemandProfile,A_Calibrated_BAU,GLOBAL,,ELCINDWE03,,,2047,S2D1,,,,,0.074776
SpecifiedDemandProfile,A_Calibrated_BAU,GLOBAL,,ELCINDWE03,,,2048,S2D1,,,,,0.074776
SpecifiedDemandProfile,A_Calibrated_BAU,GLOBAL,,ELCINDWE03,,,2049,S2D1,,,,,0.074776
SpecifiedDemandProfile,A_Calibrated_BAU,GLOBAL,,ELCINDWE03,,,2050,S2D1,,,,,0.074776
SpecifiedDemandProfile,A_Calibrated_BAU,GLOBAL,,ELCINDWE03,,,2023,S2D2,,,,,0.148193
SpecifiedDemandProfile,A_Calibrated_BAU,GLOBAL,,ELCINDWE03,,,2024,S2D2,,,,,0.148193
SpecifiedDemandProfile,A_Calibrated_BAU,GLOBAL,,ELCINDWE03,,,2025,S2D2,,,,,0.148193
SpecifiedDemandProfile,A_Calibrated_BAU,GLOBAL,,ELCINDWE03,,,2026,S2D2,,,,,0.148193
SpecifiedDemandProfile,A_Calibrated_BAU,GLOBAL,,ELCINDWE03,,,2027,S2D2,,,,,0.148193
SpecifiedDemandProfile,A_Calibrated_BAU,GLOBAL,,ELCINDWE03,,,2028,S2D2,,,,,0.148193
SpecifiedDemandProfile,A_Calibrated_BAU,GLOBAL,,ELCINDWE03,,,2029,S2D2,,,,,0.148193
SpecifiedDemandProfile,A_Calibrated_BAU,GLOBAL,,ELCINDWE03,,,2030,S2D2,,,,,0.148193
SpecifiedDemandProfile,A_Calibrated_BAU,GLOBAL,,ELCINDWE03,,,2031,S2D2,,,,,0.148193
SpecifiedDemandProfile,A_Calibrated_BAU,GLOBAL,,ELCINDWE03,,,2032,S2D2,,,,,0.148193
SpecifiedDemandProfile,A_Calibrated_BAU,GLOBAL,,ELCINDWE03,,,2033,S2D2,,,,,0.148193
SpecifiedDemandProfile,A_Calibrated_BAU,GLOBAL,,ELCINDWE03,,,2034,S2D2,,,,,0.148193
SpecifiedDemandProfile,A_Calibrated_BAU,GLOBAL,,ELCINDWE03,,,2035,S2D2,,,,,0.148193
SpecifiedDemandProfile,A_Calibrated_BAU,GLOBAL,,ELCINDWE03,,,2036,S2D2,,,,,0.148193
SpecifiedDemandProfile,A_Calibrated_BAU,GLOBAL,,ELCINDWE03,,,2037,S2D2,,,,,0.148193
SpecifiedDemandProfile,A_Calibrated_BAU,GLOBAL,,ELCINDWE03,,,2038,S2D2,,,,,0.148193
SpecifiedDemandProfile,A_Calibrated_BAU,GLOBAL,,ELCINDWE03,,,2039,S2D2,,,,,0.148193
SpecifiedDemandProfile,A_Calibrated_BAU,GLOBAL,,ELCINDWE03,,,2040,S2D2,,,,,0.148193
SpecifiedDemandProfile,A_Calibrated_BAU,GLOBAL,,ELCINDWE03,,,2041,S2D2,,,,,0.148193
SpecifiedDemandProfile,A_Calibrated_BAU,GLOBAL,,ELCINDWE03,,,2042,S2D2,,,,,0.148193
SpecifiedDemandProfile,A_Calibrated_BAU,GLOBAL,,ELCINDWE03,,,2043,S2D2,,,,,0.148193
SpecifiedDemandProfile,A_Calibrated_BAU,GLOBAL,,ELCINDWE03,,,2044,S2D2,,,,,0.148193
SpecifiedDemandProfile,A_Calibrated_BAU,GLOBAL,,ELCINDWE03,,,2045,S2D2,,,,,0.148193
SpecifiedDemandProfile,A_Calibrated_BAU,GLOBAL,,ELCINDWE03,,,2046,S2D2,,,,,0.148193
SpecifiedDemandProfile,A_Calibrated_BAU,GLOBAL,,ELCINDWE03,,,2047,S2D2,,,,,0.148193
SpecifiedDemandProfile,A_Calibrated_BAU,GLOBAL,,ELCINDWE03,,,2048,S2D2,,,,,0.148193
SpecifiedDemandProfile,A_Calibrated_BAU,GLOBAL,,ELCINDWE03,,,2049,S2D2,,,,,0.148193
SpecifiedDemandProfile,A_Calibrated_BAU,GLOBAL,,ELCINDWE03,,,2050,S2D2,,,,,0.148193
SpecifiedDemandProfile,A_Calibrated_BAU,GLOBAL,,ELCINDWE03,,,2023,S2D3,,,,,0.039923
SpecifiedDemandProfile,A_Calibrated_BAU,GLOBAL,,ELCINDWE03,,,2024,S2D3,,,,,0.039923
SpecifiedDemandProfile,A_Calibrated_BAU,GLOBAL,,ELCINDWE03,,,2025,S2D3,,,,,0.039923
SpecifiedDemandProfile,A_Calibrated_BAU,GLOBAL,,ELCINDWE03,,,2026,S2D3,,,,,0.039923
SpecifiedDemandProfile,A_Calibrated_BAU,GLOBAL,,ELCINDWE03,,,2027,S2D3,,,,,0.039923
SpecifiedDemandProfile,A_Calibrated_BAU,GLOBAL,,ELCINDWE03,,,2028,S2D3,,,,,0.039923
SpecifiedDemandProfile,A_Calibrated_BAU,GLOBAL,,ELCINDWE03,,,2029,S2D3,,,,,0.039923
SpecifiedDemandProfile,A_Calibrated_BAU,GLOBAL,,ELCINDWE03,,,2030,S2D3,,,,,0.039923
SpecifiedDemandProfile,A_Calibrated_BAU,GLOBAL,,ELCINDWE03,,,2031,S2D3,,,,,0.039923
SpecifiedDemandProfile,A_Calibrated_BAU,GLOBAL,,ELCINDWE03,,,2032,S2D3,,,,,0.039923
SpecifiedDemandProfile,A_Calibrated_BAU,GLOBAL,,ELCINDWE03,,,2033,S2D3,,,,,0.039923
SpecifiedDemandProfile,A_Calibrated_BAU,GLOBAL,,ELCINDWE03,,,2034,S2D3,,,,,0.039923
SpecifiedDemandProfile,A_Calibrated_BAU,GLOBAL,,ELCINDWE03,,,2035,S2D3,,,,,0.039923
SpecifiedDemandProfile,A_Calibrated_BAU,GLOBAL,,ELCINDWE03,,,2036,S2D3,,,,,0.039923
SpecifiedDemandProfile,A_Calibrated_BAU,GLOBAL,,ELCINDWE03,,,2037,S2D3,,,,,0.039923
SpecifiedDemandProfile,A_Calibrated_BAU,GLOBAL,,ELCINDWE03,,,2038,S2D3,,,,,0.039923
SpecifiedDemandProfile,A_Calibrated_BAU,GLOBAL,,ELCINDWE03,,,2039,S2D3,,,,,0.039923
SpecifiedDemandProfile,A_Calibrated_BAU,GLOBAL,,ELCINDWE03,,,2040,S2D3,,,,,0.039923
SpecifiedDemandProfile,A_Calibrated_BAU,GLOBAL,,ELCINDWE03,,,2041,S2D3,,,,,0.039923
SpecifiedDemandProfile,A_Calibrated_BAU,GLOBAL,,ELCINDWE03,,,2042,S2D3,,,,,0.039923
SpecifiedDemandProfile,A_Calibrated_BAU,GLOBAL,,ELCINDWE03,,,2043,S2D3,,,,,0.039923
SpecifiedDemandProfile,A_Calibrated_BAU,GLOBAL,,ELCINDWE03,,,2044,S2D3,,,,,0.039923
SpecifiedDemandProfile,A_Calibrated_BAU,GLOBAL,,ELCINDWE03,,,2045,S2D3,,,,,0.039923
SpecifiedDemandProfile,A_Calibrated_BAU,GLOBAL,,ELCINDWE03,,,2046,S2D3,,,,,0.039923
SpecifiedDemandProfile,A_Calibrated_BAU,GLOBAL,,ELCINDWE03,,,2047,S2D3,,,,,0.039923
SpecifiedDemandProfile,A_Calibrated_BAU,GLOBAL,,ELCINDWE03,,,2048,S2D3,,,,,0.039923
SpecifiedDemandProfile,A_Calibrated_BAU,GLOBAL,,ELCINDWE03,,,2049,S2D3,,,,,0.039923
SpecifiedDemandProfile,A_Calibrated_BAU,GLOBAL,,ELCINDWE03,,,2050,S2D3,,,,,0.039923
SpecifiedDemandProfile,A_Calibrated_BAU,GLOBAL,,ELCINDWE03,,,2023,S2D4,,,,,0.025602
SpecifiedDemandProfile,A_Calibrated_BAU,GLOBAL,,ELCINDWE03,,,2024,S2D4,,,,,0.025602
SpecifiedDemandProfile,A_Calibrated_BAU,GLOBAL,,ELCINDWE03,,,2025,S2D4,,,,,0.025602
SpecifiedDemandProfile,A_Calibrated_BAU,GLOBAL,,ELCINDWE03,,,2026,S2D4,,,,,0.025602
SpecifiedDemandProfile,A_Calibrated_BAU,GLOBAL,,ELCINDWE03,,,2027,S2D4,,,,,0.025602
SpecifiedDemandProfile,A_Calibrated_BAU,GLOBAL,,ELCINDWE03,,,2028,S2D4,,,,,0.025602
SpecifiedDemandProfile,A_Calibrated_BAU,GLOBAL,,ELCINDWE03,,,2029,S2D4,,,,,0.025602
SpecifiedDemandProfile,A_Calibrated_BAU,GLOBAL,,ELCINDWE03,,,2030,S2D4,,,,,0.025602
SpecifiedDemandProfile,A_Calibrated_BAU,GLOBAL,,ELCINDWE03,,,2031,S2D4,,,,,0.025602
SpecifiedDemandProfile,A_Calibrated_BAU,GLOBAL,,ELCINDWE03,,,2032,S2D4,,,,,0.025602
SpecifiedDemandProfile,A_Calibrated_BAU,GLOBAL,,ELCINDWE03,,,2033,S2D4,,,,,0.025602
SpecifiedDemandProfile,A_Calibrated_BAU,GLOBAL,,ELCINDWE03,,,2034,S2D4,,,,,0.025602
SpecifiedDemandProfile,A_Calibrated_BAU,GLOBAL,,ELCINDWE03,,,2035,S2D4,,,,,0.025602
SpecifiedDemandProfile,A_Calibrated_BAU,GLOBAL,,ELCINDWE03,,,2036,S2D4,,,,,0.025602
SpecifiedDemandProfile,A_Calibrated_BAU,GLOBAL,,ELCINDWE03,,,2037,S2D4,,,,,0.025602
SpecifiedDemandProfile,A_Calibrated_BAU,GLOBAL,,ELCINDWE03,,,2038,S2D4,,,,,0.025602
SpecifiedDemandProfile,A_Calibrated_BAU,GLOBAL,,ELCINDWE03,,,2039,S2D4,,,,,0.025602
SpecifiedDemandProfile,A_Calibrated_BAU,GLOBAL,,ELCINDWE03,,,2040,S2D4,,,,,0.025602
SpecifiedDemandProfile,A_Calibrated_BAU,GLOBAL,,ELCINDWE03,,,2041,S2D4,,,,,0.025602
SpecifiedDemandProfile,A_Calibrated_BAU,GLOBAL,,ELCINDWE03,,,2042,S2D4,,,,,0.025602
SpecifiedDemandProfile,A_Calibrated_BAU,GLOBAL,,ELCINDWE03,,,2043,S2D4,,,,,0.025602
SpecifiedDemandProfile,A_Calibrated_BAU,GLOBAL,,ELCINDWE03,,,2044,S2D4,,,,,0.025602
SpecifiedDemandProfile,A_Calibrated_BAU,GLOBAL,,ELCINDWE03,,,2045,S2D4,,,,,0.025602
SpecifiedDemandProfile,A_Calibrated_BAU,GLOBAL,,ELCINDWE03,,,2046,S2D4,,,,,0.025602
SpecifiedDemandProfile,A_Calibrated_BAU,GLOBAL,,ELCINDWE03,,,2047,S2D4,,,,,0.025602
SpecifiedDemandProfile,A_Calibrated_BAU,GLOBAL,,ELCINDWE03,,,2048,S2D4,,,,,0.025602
SpecifiedDemandProfile,A_Calibrated_BAU,GLOBAL,,ELCINDWE03,,,2049,S2D4,,,,,0.025602
SpecifiedDemandProfile,A_Calibrated_BAU,GLOBAL,,ELCINDWE03,,,2050,S2D4,,,,,0.025602
SpecifiedDemandProfile,A_Calibrated_BAU,GLOBAL,,ELCINDWE03,,,2023,S2D5,,,,,0.02581
SpecifiedDemandProfile,A_Calibrated_BAU,GLOBAL,,ELCINDWE03,,,2024,S2D5,,,,,0.02581
SpecifiedDemandProfile,A_Calibrated_BAU,GLOBAL,,ELCINDWE03,,,2025,S2D5,,,,,0.02581
SpecifiedDemandProfile,A_Calibrated_BAU,GLOBAL,,ELCINDWE03,,,2026,S2D5,,,,,0.02581
SpecifiedDemandProfile,A_Calibrated_BAU,GLOBAL,,ELCINDWE03,,,2027,S2D5,,,,,0.02581
SpecifiedDemandProfile,A_Calibrated_BAU,GLOBAL,,ELCINDWE03,,,2028,S2D5,,,,,0.02581
SpecifiedDemandProfile,A_Calibrated_BAU,GLOBAL,,ELCINDWE03,,,2029,S2D5,,,,,0.02581
SpecifiedDemandProfile,A_Calibrated_BAU,GLOBAL,,ELCINDWE03,,,2030,S2D5,,,,,0.02581
SpecifiedDemandProfile,A_Calibrated_BAU,GLOBAL,,ELCINDWE03,,,2031,S2D5,,,,,0.02581
SpecifiedDemandProfile,A_Calibrated_BAU,GLOBAL,,ELCINDWE03,,,2032,S2D5,,,,,0.02581
SpecifiedDemandProfile,A_Calibrated_BAU,GLOBAL,,ELCINDWE03,,,2033,S2D5,,,,,0.02581
SpecifiedDemandProfile,A_Calibrated_BAU,GLOBAL,,ELCINDWE03,,,2034,S2D5,,,,,0.02581
SpecifiedDemandProfile,A_Calibrated_BAU,GLOBAL,,ELCINDWE03,,,2035,S2D5,,,,,0.02581
SpecifiedDemandProfile,A_Calibrated_BAU,GLOBAL,,ELCINDWE03,,,2036,S2D5,,,,,0.02581
SpecifiedDemandProfile,A_Calibrated_BAU,GLOBAL,,ELCINDWE03,,,2037,S2D5,,,,,0.02581
SpecifiedDemandProfile,A_Calibrated_BAU,GLOBAL,,ELCINDWE03,,,2038,S2D5,,,,,0.02581
SpecifiedDemandProfile,A_Calibrated_BAU,GLOBAL,,ELCINDWE03,,,2039,S2D5,,,,,0.02581
SpecifiedDemandProfile,A_Calibrated_BAU,GLOBAL,,ELCINDWE03,,,2040,S2D5,,,,,0.02581
SpecifiedDemandProfile,A_Calibrated_BAU,GLOBAL,,ELCINDWE03,,,2041,S2D5,,,,,0.02581
SpecifiedDemandProfile,A_Calibrated_BAU,GLOBAL,,ELCINDWE03,,,2042,S2D5,,,,,0.02581
SpecifiedDemandProfile,A_Calibrated_BAU,GLOBAL,,ELCINDWE03,,,2043,S2D5,,,,,0.02581
SpecifiedDemandProfile,A_Calibrated_BAU,GLOBAL,,ELCINDWE03,,,2044,S2D5,,,,,0.02581
SpecifiedDemandProfile,A_Calibrated_BAU,GLOBAL,,ELCINDWE03,,,2045,S2D5,,,,,0.02581
SpecifiedDemandProfile,A_Calibrated_BAU,GLOBAL,,ELCINDWE03,,,2046,S2D5,,,,,0.02581
SpecifiedDemandProfile,A_Calibrated_BAU,GLOBAL,,ELCINDWE03,,,2047,S2D5,,,,,0.02581
SpecifiedDemandProfile,A_Calibrated_BAU,GLOBAL,,ELCINDWE03,,,2048,S2D5,,,,,0.02581
SpecifiedDemandProfile,A_Calibrated_BAU,GLOBAL,,ELCINDWE03,,,2049,S2D5,,,,,0.02581
SpecifiedDemandProfile,A_Calibrated_BAU,GLOBAL,,ELCINDWE03,,,2050,S2D5,,,,,0.02581
SpecifiedDemandProfile,A_Calibrated_BAU,GLOBAL,,ELCINDWE03,,,2023,S3D1,,,,,0.068021
SpecifiedDemandProfile,A_Calibrated_BAU,GLOBAL,,ELCINDWE03,,,2024,S3D1,,,,,0.068021
SpecifiedDemandProfile,A_Calibrated_BAU,GLOBAL,,ELCINDWE03,,,2025,S3D1,,,,,0.068021
SpecifiedDemandProfile,A_Calibrated_BAU,GLOBAL,,ELCINDWE03,,,2026,S3D1,,,,,0.068021
SpecifiedDemandProfile,A_Calibrated_BAU,GLOBAL,,ELCINDWE03,,,2027,S3D1,,,,,0.068021
SpecifiedDemandProfile,A_Calibrated_BAU,GLOBAL,,ELCINDWE03,,,2028,S3D1,,,,,0.068021
SpecifiedDemandProfile,A_Calibrated_BAU,GLOBAL,,ELCINDWE03,,,2029,S3D1,,,,,0.068021
SpecifiedDemandProfile,A_Calibrated_BAU,GLOBAL,,ELCINDWE03,,,2030,S3D1,,,,,0.068021
SpecifiedDemandProfile,A_Calibrated_BAU,GLOBAL,,ELCINDWE03,,,2031,S3D1,,,,,0.068021
SpecifiedDemandProfile,A_Calibrated_BAU,GLOBAL,,ELCINDWE03,,,2032,S3D1,,,,,0.068021
SpecifiedDemandProfile,A_Calibrated_BAU,GLOBAL,,ELCINDWE03,,,2033,S3D1,,,,,0.068021
SpecifiedDemandProfile,A_Calibrated_BAU,GLOBAL,,ELCINDWE03,,,2034,S3D1,,,,,0.068021
SpecifiedDemandProfile,A_Calibrated_BAU,GLOBAL,,ELCINDWE03,,,2035,S3D1,,,,,0.068021
SpecifiedDemandProfile,A_Calibrated_BAU,GLOBAL,,ELCINDWE03,,,2036,S3D1,,,,,0.068021
SpecifiedDemandProfile,A_Calibrated_BAU,GLOBAL,,ELCINDWE03,,,2037,S3D1,,,,,0.068021
SpecifiedDemandProfile,A_Calibrated_BAU,GLOBAL,,ELCINDWE03,,,2038,S3D1,,,,,0.068021
SpecifiedDemandProfile,A_Calibrated_BAU,GLOBAL,,ELCINDWE03,,,2039,S3D1,,,,,0.068021
SpecifiedDemandProfile,A_Calibrated_BAU,GLOBAL,,ELCINDWE03,,,2040,S3D1,,,,,0.068021
SpecifiedDemandProfile,A_Calibrated_BAU,GLOBAL,,ELCINDWE03,,,2041,S3D1,,,,,0.068021
SpecifiedDemandProfile,A_Calibrated_BAU,GLOBAL,,ELCINDWE03,,,2042,S3D1,,,,,0.068021
SpecifiedDemandProfile,A_Calibrated_BAU,GLOBAL,,ELCINDWE03,,,2043,S3D1,,,,,0.068021
SpecifiedDemandProfile,A_Calibrated_BAU,GLOBAL,,ELCINDWE03,,,2044,S3D1,,,,,0.068021
SpecifiedDemandProfile,A_Calibrated_BAU,GLOBAL,,ELCINDWE03,,,2045,S3D1,,,,,0.068021
SpecifiedDemandProfile,A_Calibrated_BAU,GLOBAL,,ELCINDWE03,,,2046,S3D1,,,,,0.068021
SpecifiedDemandProfile,A_Calibrated_BAU,GLOBAL,,ELCINDWE03,,,2047,S3D1,,,,,0.068021
SpecifiedDemandProfile,A_Calibrated_BAU,GLOBAL,,ELCINDWE03,,,2048,S3D1,,,,,0.068021
SpecifiedDemandProfile,A_Calibrated_BAU,GLOBAL,,ELCINDWE03,,,2049,S3D1,,,,,0.068021
SpecifiedDemandProfile,A_Calibrated_BAU,GLOBAL,,ELCINDWE03,,,2050,S3D1,,,,,0.068021
SpecifiedDemandProfile,A_Calibrated_BAU,GLOBAL,,ELCINDWE03,,,2023,S3D2,,,,,0.132602
SpecifiedDemandProfile,A_Calibrated_BAU,GLOBAL,,ELCINDWE03,,,2024,S3D2,,,,,0.132602
SpecifiedDemandProfile,A_Calibrated_BAU,GLOBAL,,ELCINDWE03,,,2025,S3D2,,,,,0.132602
SpecifiedDemandProfile,A_Calibrated_BAU,GLOBAL,,ELCINDWE03,,,2026,S3D2,,,,,0.132602
SpecifiedDemandProfile,A_Calibrated_BAU,GLOBAL,,ELCINDWE03,,,2027,S3D2,,,,,0.132602
SpecifiedDemandProfile,A_Calibrated_BAU,GLOBAL,,ELCINDWE03,,,2028,S3D2,,,,,0.132602
SpecifiedDemandProfile,A_Calibrated_BAU,GLOBAL,,ELCINDWE03,,,2029,S3D2,,,,,0.132602
SpecifiedDemandProfile,A_Calibrated_BAU,GLOBAL,,ELCINDWE03,,,2030,S3D2,,,,,0.132602
SpecifiedDemandProfile,A_Calibrated_BAU,GLOBAL,,ELCINDWE03,,,2031,S3D2,,,,,0.132602
SpecifiedDemandProfile,A_Calibrated_BAU,GLOBAL,,ELCINDWE03,,,2032,S3D2,,,,,0.132602
SpecifiedDemandProfile,A_Calibrated_BAU,GLOBAL,,ELCINDWE03,,,2033,S3D2,,,,,0.132602
SpecifiedDemandProfile,A_Calibrated_BAU,GLOBAL,,ELCINDWE03,,,2034,S3D2,,,,,0.132602
SpecifiedDemandProfile,A_Calibrated_BAU,GLOBAL,,ELCINDWE03,,,2035,S3D2,,,,,0.132602
SpecifiedDemandProfile,A_Calibrated_BAU,GLOBAL,,ELCINDWE03,,,2036,S3D2,,,,,0.132602
SpecifiedDemandProfile,A_Calibrated_BAU,GLOBAL,,ELCINDWE03,,,2037,S3D2,,,,,0.132602
SpecifiedDemandProfile,A_Calibrated_BAU,GLOBAL,,ELCINDWE03,,,2038,S3D2,,,,,0.132602
SpecifiedDemandProfile,A_Calibrated_BAU,GLOBAL,,ELCINDWE03,,,2039,S3D2,,,,,0.132602
SpecifiedDemandProfile,A_Calibrated_BAU,GLOBAL,,ELCINDWE03,,,2040,S3D2,,,,,0.132602
SpecifiedDemandProfile,A_Calibrated_BAU,GLOBAL,,ELCINDWE03,,,2041,S3D2,,,,,0.132602
SpecifiedDemandProfile,A_Calibrated_BAU,GLOBAL,,ELCINDWE03,,,2042,S3D2,,,,,0.132602
SpecifiedDemandProfile,A_Calibrated_BAU,GLOBAL,,ELCINDWE03,,,2043,S3D2,,,,,0.132602
SpecifiedDemandProfile,A_Calibrated_BAU,GLOBAL,,ELCINDWE03,,,2044,S3D2,,,,,0.132602
SpecifiedDemandProfile,A_Calibrated_BAU,GLOBAL,,ELCINDWE03,,,2045,S3D2,,,,,0.132602
SpecifiedDemandProfile,A_Calibrated_BAU,GLOBAL,,ELCINDWE03,,,2046,S3D2,,,,,0.132602
SpecifiedDemandProfile,A_Calibrated_BAU,GLOBAL,,ELCINDWE03,,,2047,S3D2,,,,,0.132602
SpecifiedDemandProfile,A_Calibrated_BAU,GLOBAL,,ELCINDWE03,,,2048,S3D2,,,,,0.132602
SpecifiedDemandProfile,A_Calibrated_BAU,GLOBAL,,ELCINDWE03,,,2049,S3D2,,,,,0.132602
SpecifiedDemandProfile,A_Calibrated_BAU,GLOBAL,,ELCINDWE03,,,2050,S3D2,,,,,0.132602
SpecifiedDemandProfile,A_Calibrated_BAU,GLOBAL,,ELCINDWE03,,,2023,S3D3,,,,,0.036434
SpecifiedDemandProfile,A_Calibrated_BAU,GLOBAL,,ELCINDWE03,,,2024,S3D3,,,,,0.036434
SpecifiedDemandProfile,A_Calibrated_BAU,GLOBAL,,ELCINDWE03,,,2025,S3D3,,,,,0.036434
SpecifiedDemandProfile,A_Calibrated_BAU,GLOBAL,,ELCINDWE03,,,2026,S3D3,,,,,0.036434
SpecifiedDemandProfile,A_Calibrated_BAU,GLOBAL,,ELCINDWE03,,,2027,S3D3,,,,,0.036434
SpecifiedDemandProfile,A_Calibrated_BAU,GLOBAL,,ELCINDWE03,,,2028,S3D3,,,,,0.036434
SpecifiedDemandProfile,A_Calibrated_BAU,GLOBAL,,ELCINDWE03,,,2029,S3D3,,,,,0.036434
SpecifiedDemandProfile,A_Calibrated_BAU,GLOBAL,,ELCINDWE03,,,2030,S3D3,,,,,0.036434
SpecifiedDemandProfile,A_Calibrated_BAU,GLOBAL,,ELCINDWE03,,,2031,S3D3,,,,,0.036434
SpecifiedDemandProfile,A_Calibrated_BAU,GLOBAL,,ELCINDWE03,,,2032,S3D3,,,,,0.036434
SpecifiedDemandProfile,A_Calibrated_BAU,GLOBAL,,ELCINDWE03,,,2033,S3D3,,,,,0.036434
SpecifiedDemandProfile,A_Calibrated_BAU,GLOBAL,,ELCINDWE03,,,2034,S3D3,,,,,0.036434
SpecifiedDemandProfile,A_Calibrated_BAU,GLOBAL,,ELCINDWE03,,,2035,S3D3,,,,,0.036434
SpecifiedDemandProfile,A_Calibrated_BAU,GLOBAL,,ELCINDWE03,,,2036,S3D3,,,,,0.036434
SpecifiedDemandProfile,A_Calibrated_BAU,GLOBAL,,ELCINDWE03,,,2037,S3D3,,,,,0.036434
SpecifiedDemandProfile,A_Calibrated_BAU,GLOBAL,,ELCINDWE03,,,2038,S3D3,,,,,0.036434
SpecifiedDemandProfile,A_Calibrated_BAU,GLOBAL,,ELCINDWE03,,,2039,S3D3,,,,,0.036434
SpecifiedDemandProfile,A_Calibrated_BAU,GLOBAL,,ELCINDWE03,,,2040,S3D3,,,,,0.036434
SpecifiedDemandProfile,A_Calibrated_BAU,GLOBAL,,ELCINDWE03,,,2041,S3D3,,,,,0.036434
SpecifiedDemandProfile,A_Calibrated_BAU,GLOBAL,,ELCINDWE03,,,2042,S3D3,,,,,0.036434
SpecifiedDemandProfile,A_Calibrated_BAU,GLOBAL,,ELCINDWE03,,,2043,S3D3,,,,,0.036434
SpecifiedDemandProfile,A_Calibrated_BAU,GLOBAL,,ELCINDWE03,,,2044,S3D3,,,,,0.036434
SpecifiedDemandProfile,A_Calibrated_BAU,GLOBAL,,ELCINDWE03,,,2045,S3D3,,,,,0.036434
SpecifiedDemandProfile,A_Calibrated_BAU,GLOBAL,,ELCINDWE03,,,2046,S3D3,,,,,0.036434
SpecifiedDemandProfile,A_Calibrated_BAU,GLOBAL,,ELCINDWE03,,,2047,S3D3,,,,,0.036434
SpecifiedDemandProfile,A_Calibrated_BAU,GLOBAL,,ELCINDWE03,,,2048,S3D3,,,,,0.036434
SpecifiedDemandProfile,A_Calibrated_BAU,GLOBAL,,ELCINDWE03,,,2049,S3D3,,,,,0.036434
SpecifiedDemandProfile,A_Calibrated_BAU,GLOBAL,,ELCINDWE03,,,2050,S3D3,,,,,0.036434
SpecifiedDemandProfile,A_Calibrated_BAU,GLOBAL,,ELCINDWE03,,,2023,S3D4,,,,,0.023941
SpecifiedDemandProfile,A_Calibrated_BAU,GLOBAL,,ELCINDWE03,,,2024,S3D4,,,,,0.023941
SpecifiedDemandProfile,A_Calibrated_BAU,GLOBAL,,ELCINDWE03,,,2025,S3D4,,,,,0.023941
SpecifiedDemandProfile,A_Calibrated_BAU,GLOBAL,,ELCINDWE03,,,2026,S3D4,,,,,0.023941
SpecifiedDemandProfile,A_Calibrated_BAU,GLOBAL,,ELCINDWE03,,,2027,S3D4,,,,,0.023941
SpecifiedDemandProfile,A_Calibrated_BAU,GLOBAL,,ELCINDWE03,,,2028,S3D4,,,,,0.023941
SpecifiedDemandProfile,A_Calibrated_BAU,GLOBAL,,ELCINDWE03,,,2029,S3D4,,,,,0.023941
SpecifiedDemandProfile,A_Calibrated_BAU,GLOBAL,,ELCINDWE03,,,2030,S3D4,,,,,0.023941
SpecifiedDemandProfile,A_Calibrated_BAU,GLOBAL,,ELCINDWE03,,,2031,S3D4,,,,,0.023941
SpecifiedDemandProfile,A_Calibrated_BAU,GLOBAL,,ELCINDWE03,,,2032,S3D4,,,,,0.023941
SpecifiedDemandProfile,A_Calibrated_BAU,GLOBAL,,ELCINDWE03,,,2033,S3D4,,,,,0.023941
SpecifiedDemandProfile,A_Calibrated_BAU,GLOBAL,,ELCINDWE03,,,2034,S3D4,,,,,0.023941
SpecifiedDemandProfile,A_Calibrated_BAU,GLOBAL,,ELCINDWE03,,,2035,S3D4,,,,,0.023941
SpecifiedDemandProfile,A_Calibrated_BAU,GLOBAL,,ELCINDWE03,,,2036,S3D4,,,,,0.023941
SpecifiedDemandProfile,A_Calibrated_BAU,GLOBAL,,ELCINDWE03,,,2037,S3D4,,,,,0.023941
SpecifiedDemandProfile,A_Calibrated_BAU,GLOBAL,,ELCINDWE03,,,2038,S3D4,,,,,0.023941
SpecifiedDemandProfile,A_Calibrated_BAU,GLOBAL,,ELCINDWE03,,,2039,S3D4,,,,,0.023941
SpecifiedDemandProfile,A_Calibrated_BAU,GLOBAL,,ELCINDWE03,,,2040,S3D4,,,,,0.023941
SpecifiedDemandProfile,A_Calibrated_BAU,GLOBAL,,ELCINDWE03,,,2041,S3D4,,,,,0.023941
SpecifiedDemandProfile,A_Calibrated_BAU,GLOBAL,,ELCINDWE03,,,2042,S3D4,,,,,0.023941
SpecifiedDemandProfile,A_Calibrated_BAU,GLOBAL,,ELCINDWE03,,,2043,S3D4,,,,,0.023941
SpecifiedDemandProfile,A_Calibrated_BAU,GLOBAL,,ELCINDWE03,,,2044,S3D4,,,,,0.023941
SpecifiedDemandProfile,A_Calibrated_BAU,GLOBAL,,ELCINDWE03,,,2045,S3D4,,,,,0.023941
SpecifiedDemandProfile,A_Calibrated_BAU,GLOBAL,,ELCINDWE03,,,2046,S3D4,,,,,0.023941
SpecifiedDemandProfile,A_Calibrated_BAU,GLOBAL,,ELCINDWE03,,,2047,S3D4,,,,,0.023941
SpecifiedDemandProfile,A_Calibrated_BAU,GLOBAL,,ELCINDWE03,,,2048,S3D4,,,,,0.023941
SpecifiedDemandProfile,A_Calibrated_BAU,GLOBAL,,ELCINDWE03,,,2049,S3D4,,,,,0.023941
SpecifiedDemandProfile,A_Calibrated_BAU,GLOBAL,,ELCINDWE03,,,2050,S3D4,,,,,0.023941
SpecifiedDemandProfile,A_Calibrated_BAU,GLOBAL,,ELCINDWE03,,,2023,S3D5,,,,,0.023795
SpecifiedDemandProfile,A_Calibrated_BAU,GLOBAL,,ELCINDWE03,,,2024,S3D5,,,,,0.023795
SpecifiedDemandProfile,A_Calibrated_BAU,GLOBAL,,ELCINDWE03,,,2025,S3D5,,,,,0.023795
SpecifiedDemandProfile,A_Calibrated_BAU,GLOBAL,,ELCINDWE03,,,2026,S3D5,,,,,0.023795
SpecifiedDemandProfile,A_Calibrated_BAU,GLOBAL,,ELCINDWE03,,,2027,S3D5,,,,,0.023795
SpecifiedDemandProfile,A_Calibrated_BAU,GLOBAL,,ELCINDWE03,,,2028,S3D5,,,,,0.023795
SpecifiedDemandProfile,A_Calibrated_BAU,GLOBAL,,ELCINDWE03,,,2029,S3D5,,,,,0.023795
SpecifiedDemandProfile,A_Calibrated_BAU,GLOBAL,,ELCINDWE03,,,2030,S3D5,,,,,0.023795
SpecifiedDemandProfile,A_Calibrated_BAU,GLOBAL,,ELCINDWE03,,,2031,S3D5,,,,,0.023795
SpecifiedDemandProfile,A_Calibrated_BAU,GLOBAL,,ELCINDWE03,,,2032,S3D5,,,,,0.023795
SpecifiedDemandProfile,A_Calibrated_BAU,GLOBAL,,ELCINDWE03,,,2033,S3D5,,,,,0.023795
SpecifiedDemandProfile,A_Calibrated_BAU,GLOBAL,,ELCINDWE03,,,2034,S3D5,,,,,0.023795
SpecifiedDemandProfile,A_Calibrated_BAU,GLOBAL,,ELCINDWE03,,,2035,S3D5,,,,,0.023795
SpecifiedDemandProfile,A_Calibrated_BAU,GLOBAL,,ELCINDWE03,,,2036,S3D5,,,,,0.023795
SpecifiedDemandProfile,A_Calibrated_BAU,GLOBAL,,ELCINDWE03,,,2037,S3D5,,,,,0.023795
SpecifiedDemandProfile,A_Calibrated_BAU,GLOBAL,,ELCINDWE03,,,2038,S3D5,,,,,0.023795
SpecifiedDemandProfile,A_Calibrated_BAU,GLOBAL,,ELCINDWE03,,,2039,S3D5,,,,,0.023795
SpecifiedDemandProfile,A_Calibrated_BAU,GLOBAL,,ELCINDWE03,,,2040,S3D5,,,,,0.023795
SpecifiedDemandProfile,A_Calibrated_BAU,GLOBAL,,ELCINDWE03,,,2041,S3D5,,,,,0.023795
SpecifiedDemandProfile,A_Calibrated_BAU,GLOBAL,,ELCINDWE03,,,2042,S3D5,,,,,0.023795
SpecifiedDemandProfile,A_Calibrated_BAU,GLOBAL,,ELCINDWE03,,,2043,S3D5,,,,,0.023795
SpecifiedDemandProfile,A_Calibrated_BAU,GLOBAL,,ELCINDWE03,,,2044,S3D5,,,,,0.023795
SpecifiedDemandProfile,A_Calibrated_BAU,GLOBAL,,ELCINDWE03,,,2045,S3D5,,,,,0.023795
SpecifiedDemandProfile,A_Calibrated_BAU,GLOBAL,,ELCINDWE03,,,2046,S3D5,,,,,0.023795
SpecifiedDemandProfile,A_Calibrated_BAU,GLOBAL,,ELCINDWE03,,,2047,S3D5,,,,,0.023795
SpecifiedDemandProfile,A_Calibrated_BAU,GLOBAL,,ELCINDWE03,,,2048,S3D5,,,,,0.023795
SpecifiedDemandProfile,A_Calibrated_BAU,GLOBAL,,ELCINDWE03,,,2049,S3D5,,,,,0.023795
SpecifiedDemandProfile,A_Calibrated_BAU,GLOBAL,,ELCINDWE03,,,2050,S3D5,,,,,0.023795
SpecifiedDemandProfile,A_Calibrated_BAU,GLOBAL,,ELCINDWE03,,,2023,S4D1,,,,,0.030439
SpecifiedDemandProfile,A_Calibrated_BAU,GLOBAL,,ELCINDWE03,,,2024,S4D1,,,,,0.030439
SpecifiedDemandProfile,A_Calibrated_BAU,GLOBAL,,ELCINDWE03,,,2025,S4D1,,,,,0.030439
SpecifiedDemandProfile,A_Calibrated_BAU,GLOBAL,,ELCINDWE03,,,2026,S4D1,,,,,0.030439
SpecifiedDemandProfile,A_Calibrated_BAU,GLOBAL,,ELCINDWE03,,,2027,S4D1,,,,,0.030439
SpecifiedDemandProfile,A_Calibrated_BAU,GLOBAL,,ELCINDWE03,,,2028,S4D1,,,,,0.030439
SpecifiedDemandProfile,A_Calibrated_BAU,GLOBAL,,ELCINDWE03,,,2029,S4D1,,,,,0.030439
SpecifiedDemandProfile,A_Calibrated_BAU,GLOBAL,,ELCINDWE03,,,2030,S4D1,,,,,0.030439
SpecifiedDemandProfile,A_Calibrated_BAU,GLOBAL,,ELCINDWE03,,,2031,S4D1,,,,,0.030439
SpecifiedDemandProfile,A_Calibrated_BAU,GLOBAL,,ELCINDWE03,,,2032,S4D1,,,,,0.030439
SpecifiedDemandProfile,A_Calibrated_BAU,GLOBAL,,ELCINDWE03,,,2033,S4D1,,,,,0.030439
SpecifiedDemandProfile,A_Calibrated_BAU,GLOBAL,,ELCINDWE03,,,2034,S4D1,,,,,0.030439
SpecifiedDemandProfile,A_Calibrated_BAU,GLOBAL,,ELCINDWE03,,,2035,S4D1,,,,,0.030439
SpecifiedDemandProfile,A_Calibrated_BAU,GLOBAL,,ELCINDWE03,,,2036,S4D1,,,,,0.030439
SpecifiedDemandProfile,A_Calibrated_BAU,GLOBAL,,ELCINDWE03,,,2037,S4D1,,,,,0.030439
SpecifiedDemandProfile,A_Calibrated_BAU,GLOBAL,,ELCINDWE03,,,2038,S4D1,,,,,0.030439
SpecifiedDemandProfile,A_Calibrated_BAU,GLOBAL,,ELCINDWE03,,,2039,S4D1,,,,,0.030439
SpecifiedDemandProfile,A_Calibrated_BAU,GLOBAL,,ELCINDWE03,,,2040,S4D1,,,,,0.030439
SpecifiedDemandProfile,A_Calibrated_BAU,GLOBAL,,ELCINDWE03,,,2041,S4D1,,,,,0.030439
SpecifiedDemandProfile,A_Calibrated_BAU,GLOBAL,,ELCINDWE03,,,2042,S4D1,,,,,0.030439
SpecifiedDemandProfile,A_Calibrated_BAU,GLOBAL,,ELCINDWE03,,,2043,S4D1,,,,,0.030439
SpecifiedDemandProfile,A_Calibrated_BAU,GLOBAL,,ELCINDWE03,,,2044,S4D1,,,,,0.030439
SpecifiedDemandProfile,A_Calibrated_BAU,GLOBAL,,ELCINDWE03,,,2045,S4D1,,,,,0.030439
SpecifiedDemandProfile,A_Calibrated_BAU,GLOBAL,,ELCINDWE03,,,2046,S4D1,,,,,0.030439
SpecifiedDemandProfile,A_Calibrated_BAU,GLOBAL,,ELCINDWE03,,,2047,S4D1,,,,,0.030439
SpecifiedDemandProfile,A_Calibrated_BAU,GLOBAL,,ELCINDWE03,,,2048,S4D1,,,,,0.030439
SpecifiedDemandProfile,A_Calibrated_BAU,GLOBAL,,ELCINDWE03,,,2049,S4D1,,,,,0.030439
SpecifiedDemandProfile,A_Calibrated_BAU,GLOBAL,,ELCINDWE03,,,2050,S4D1,,,,,0.030439
SpecifiedDemandProfile,A_Calibrated_BAU,GLOBAL,,ELCINDWE03,,,2023,S4D2,,,,,0.064627
SpecifiedDemandProfile,A_Calibrated_BAU,GLOBAL,,ELCINDWE03,,,2024,S4D2,,,,,0.064627
SpecifiedDemandProfile,A_Calibrated_BAU,GLOBAL,,ELCINDWE03,,,2025,S4D2,,,,,0.064627
SpecifiedDemandProfile,A_Calibrated_BAU,GLOBAL,,ELCINDWE03,,,2026,S4D2,,,,,0.064627
SpecifiedDemandProfile,A_Calibrated_BAU,GLOBAL,,ELCINDWE03,,,2027,S4D2,,,,,0.064627
SpecifiedDemandProfile,A_Calibrated_BAU,GLOBAL,,ELCINDWE03,,,2028,S4D2,,,,,0.064627
SpecifiedDemandProfile,A_Calibrated_BAU,GLOBAL,,ELCINDWE03,,,2029,S4D2,,,,,0.064627
SpecifiedDemandProfile,A_Calibrated_BAU,GLOBAL,,ELCINDWE03,,,2030,S4D2,,,,,0.064627
SpecifiedDemandProfile,A_Calibrated_BAU,GLOBAL,,ELCINDWE03,,,2031,S4D2,,,,,0.064627
SpecifiedDemandProfile,A_Calibrated_BAU,GLOBAL,,ELCINDWE03,,,2032,S4D2,,,,,0.064627
SpecifiedDemandProfile,A_Calibrated_BAU,GLOBAL,,ELCINDWE03,,,2033,S4D2,,,,,0.064627
SpecifiedDemandProfile,A_Calibrated_BAU,GLOBAL,,ELCINDWE03,,,2034,S4D2,,,,,0.064627
SpecifiedDemandProfile,A_Calibrated_BAU,GLOBAL,,ELCINDWE03,,,2035,S4D2,,,,,0.064627
SpecifiedDemandProfile,A_Calibrated_BAU,GLOBAL,,ELCINDWE03,,,2036,S4D2,,,,,0.064627
SpecifiedDemandProfile,A_Calibrated_BAU,GLOBAL,,ELCINDWE03,,,2037,S4D2,,,,,0.064627
SpecifiedDemandProfile,A_Calibrated_BAU,GLOBAL,,ELCINDWE03,,,2038,S4D2,,,,,0.064627
SpecifiedDemandProfile,A_Calibrated_BAU,GLOBAL,,ELCINDWE03,,,2039,S4D2,,,,,0.064627
SpecifiedDemandProfile,A_Calibrated_BAU,GLOBAL,,ELCINDWE03,,,2040,S4D2,,,,,0.064627
SpecifiedDemandProfile,A_Calibrated_BAU,GLOBAL,,ELCINDWE03,,,2041,S4D2,,,,,0.064627
SpecifiedDemandProfile,A_Calibrated_BAU,GLOBAL,,ELCINDWE03,,,2042,S4D2,,,,,0.064627
SpecifiedDemandProfile,A_Calibrated_BAU,GLOBAL,,ELCINDWE03,,,2043,S4D2,,,,,0.064627
SpecifiedDemandProfile,A_Calibrated_BAU,GLOBAL,,ELCINDWE03,,,2044,S4D2,,,,,0.064627
SpecifiedDemandProfile,A_Calibrated_BAU,GLOBAL,,ELCINDWE03,,,2045,S4D2,,,,,0.064627
SpecifiedDemandProfile,A_Calibrated_BAU,GLOBAL,,ELCINDWE03,,,2046,S4D2,,,,,0.064627
SpecifiedDemandProfile,A_Calibrated_BAU,GLOBAL,,ELCINDWE03,,,2047,S4D2,,,,,0.064627
SpecifiedDemandProfile,A_Calibrated_BAU,GLOBAL,,ELCINDWE03,,,2048,S4D2,,,,,0.064627
SpecifiedDemandProfile,A_Calibrated_BAU,GLOBAL,,ELCINDWE03,,,2049,S4D2,,,,,0.064627
SpecifiedDemandProfile,A_Calibrated_BAU,GLOBAL,,ELCINDWE03,,,2050,S4D2,,,,,0.064627
SpecifiedDemandProfile,A_Calibrated_BAU,GLOBAL,,ELCINDWE03,,,2023,S4D3,,,,,0.017445
SpecifiedDemandProfile,A_Calibrated_BAU,GLOBAL,,ELCINDWE03,,,2024,S4D3,,,,,0.017445
SpecifiedDemandProfile,A_Calibrated_BAU,GLOBAL,,ELCINDWE03,,,2025,S4D3,,,,,0.017445
SpecifiedDemandProfile,A_Calibrated_BAU,GLOBAL,,ELCINDWE03,,,2026,S4D3,,,,,0.017445
SpecifiedDemandProfile,A_Calibrated_BAU,GLOBAL,,ELCINDWE03,,,2027,S4D3,,,,,0.017445
SpecifiedDemandProfile,A_Calibrated_BAU,GLOBAL,,ELCINDWE03,,,2028,S4D3,,,,,0.017445
SpecifiedDemandProfile,A_Calibrated_BAU,GLOBAL,,ELCINDWE03,,,2029,S4D3,,,,,0.017445
SpecifiedDemandProfile,A_Calibrated_BAU,GLOBAL,,ELCINDWE03,,,2030,S4D3,,,,,0.017445
SpecifiedDemandProfile,A_Calibrated_BAU,GLOBAL,,ELCINDWE03,,,2031,S4D3,,,,,0.017445
SpecifiedDemandProfile,A_Calibrated_BAU,GLOBAL,,ELCINDWE03,,,2032,S4D3,,,,,0.017445
SpecifiedDemandProfile,A_Calibrated_BAU,GLOBAL,,ELCINDWE03,,,2033,S4D3,,,,,0.017445
SpecifiedDemandProfile,A_Calibrated_BAU,GLOBAL,,ELCINDWE03,,,2034,S4D3,,,,,0.017445
SpecifiedDemandProfile,A_Calibrated_BAU,GLOBAL,,ELCINDWE03,,,2035,S4D3,,,,,0.017445
SpecifiedDemandProfile,A_Calibrated_BAU,GLOBAL,,ELCINDWE03,,,2036,S4D3,,,,,0.017445
SpecifiedDemandProfile,A_Calibrated_BAU,GLOBAL,,ELCINDWE03,,,2037,S4D3,,,,,0.017445
SpecifiedDemandProfile,A_Calibrated_BAU,GLOBAL,,ELCINDWE03,,,2038,S4D3,,,,,0.017445
SpecifiedDemandProfile,A_Calibrated_BAU,GLOBAL,,ELCINDWE03,,,2039,S4D3,,,,,0.017445
SpecifiedDemandProfile,A_Calibrated_BAU,GLOBAL,,ELCINDWE03,,,2040,S4D3,,,,,0.017445
SpecifiedDemandProfile,A_Calibrated_BAU,GLOBAL,,ELCINDWE03,,,2041,S4D3,,,,,0.017445
SpecifiedDemandProfile,A_Calibrated_BAU,GLOBAL,,ELCINDWE03,,,2042,S4D3,,,,,0.017445
SpecifiedDemandProfile,A_Calibrated_BAU,GLOBAL,,ELCINDWE03,,,2043,S4D3,,,,,0.017445
SpecifiedDemandProfile,A_Calibrated_BAU,GLOBAL,,ELCINDWE03,,,2044,S4D3,,,,,0.017445
SpecifiedDemandProfile,A_Calibrated_BAU,GLOBAL,,ELCINDWE03,,,2045,S4D3,,,,,0.017445
SpecifiedDemandProfile,A_Calibrated_BAU,GLOBAL,,ELCINDWE03,,,2046,S4D3,,,,,0.017445
SpecifiedDemandProfile,A_Calibrated_BAU,GLOBAL,,ELCINDWE03,,,2047,S4D3,,,,,0.017445
SpecifiedDemandProfile,A_Calibrated_BAU,GLOBAL,,ELCINDWE03,,,2048,S4D3,,,,,0.017445
SpecifiedDemandProfile,A_Calibrated_BAU,GLOBAL,,ELCINDWE03,,,2049,S4D3,,,,,0.017445
SpecifiedDemandProfile,A_Calibrated_BAU,GLOBAL,,ELCINDWE03,,,2050,S4D3,,,,,0.017445
SpecifiedDemandProfile,A_Calibrated_BAU,GLOBAL,,ELCINDWE03,,,2023,S4D4,,,,,0.010545
SpecifiedDemandProfile,A_Calibrated_BAU,GLOBAL,,ELCINDWE03,,,2024,S4D4,,,,,0.010545
SpecifiedDemandProfile,A_Calibrated_BAU,GLOBAL,,ELCINDWE03,,,2025,S4D4,,,,,0.010545
SpecifiedDemandProfile,A_Calibrated_BAU,GLOBAL,,ELCINDWE03,,,2026,S4D4,,,,,0.010545
SpecifiedDemandProfile,A_Calibrated_BAU,GLOBAL,,ELCINDWE03,,,2027,S4D4,,,,,0.010545
SpecifiedDemandProfile,A_Calibrated_BAU,GLOBAL,,ELCINDWE03,,,2028,S4D4,,,,,0.010545
SpecifiedDemandProfile,A_Calibrated_BAU,GLOBAL,,ELCINDWE03,,,2029,S4D4,,,,,0.010545
SpecifiedDemandProfile,A_Calibrated_BAU,GLOBAL,,ELCINDWE03,,,2030,S4D4,,,,,0.010545
SpecifiedDemandProfile,A_Calibrated_BAU,GLOBAL,,ELCINDWE03,,,2031,S4D4,,,,,0.010545
SpecifiedDemandProfile,A_Calibrated_BAU,GLOBAL,,ELCINDWE03,,,2032,S4D4,,,,,0.010545
SpecifiedDemandProfile,A_Calibrated_BAU,GLOBAL,,ELCINDWE03,,,2033,S4D4,,,,,0.010545
SpecifiedDemandProfile,A_Calibrated_BAU,GLOBAL,,ELCINDWE03,,,2034,S4D4,,,,,0.010545
SpecifiedDemandProfile,A_Calibrated_BAU,GLOBAL,,ELCINDWE03,,,2035,S4D4,,,,,0.010545
SpecifiedDemandProfile,A_Calibrated_BAU,GLOBAL,,ELCINDWE03,,,2036,S4D4,,,,,0.010545
SpecifiedDemandProfile,A_Calibrated_BAU,GLOBAL,,ELCINDWE03,,,2037,S4D4,,,,,0.010545
SpecifiedDemandProfile,A_Calibrated_BAU,GLOBAL,,ELCINDWE03,,,2038,S4D4,,,,,0.010545
SpecifiedDemandProfile,A_Calibrated_BAU,GLOBAL,,ELCINDWE03,,,2039,S4D4,,,,,0.010545
SpecifiedDemandProfile,A_Calibrated_BAU,GLOBAL,,ELCINDWE03,,,2040,S4D4,,,,,0.010545
SpecifiedDemandProfile,A_Calibrated_BAU,GLOBAL,,ELCINDWE03,,,2041,S4D4,,,,,0.010545
SpecifiedDemandProfile,A_Calibrated_BAU,GLOBAL,,ELCINDWE03,,,2042,S4D4,,,,,0.010545
SpecifiedDemandProfile,A_Calibrated_BAU,GLOBAL,,ELCINDWE03,,,2043,S4D4,,,,,0.010545
SpecifiedDemandProfile,A_Calibrated_BAU,GLOBAL,,ELCINDWE03,,,2044,S4D4,,,,,0.010545
SpecifiedDemandProfile,A_Calibrated_BAU,GLOBAL,,ELCINDWE03,,,2045,S4D4,,,,,0.010545
SpecifiedDemandProfile,A_Calibrated_BAU,GLOBAL,,ELCINDWE03,,,2046,S4D4,,,,,0.010545
SpecifiedDemandProfile,A_Calibrated_BAU,GLOBAL,,ELCINDWE03,,,2047,S4D4,,,,,0.010545
SpecifiedDemandProfile,A_Calibrated_BAU,GLOBAL,,ELCINDWE03,,,2048,S4D4,,,,,0.010545
SpecifiedDemandProfile,A_Calibrated_BAU,GLOBAL,,ELCINDWE03,,,2049,S4D4,,,,,0.010545
SpecifiedDemandProfile,A_Calibrated_BAU,GLOBAL,,ELCINDWE03,,,2050,S4D4,,,,,0.010545
SpecifiedDemandProfile,A_Calibrated_BAU,GLOBAL,,ELCINDWE03,,,2023,S4D5,,,,,0.010529
SpecifiedDemandProfile,A_Calibrated_BAU,GLOBAL,,ELCINDWE03,,,2024,S4D5,,,,,0.010529
SpecifiedDemandProfile,A_Calibrated_BAU,GLOBAL,,ELCINDWE03,,,2025,S4D5,,,,,0.010529
SpecifiedDemandProfile,A_Calibrated_BAU,GLOBAL,,ELCINDWE03,,,2026,S4D5,,,,,0.010529
SpecifiedDemandProfile,A_Calibrated_BAU,GLOBAL,,ELCINDWE03,,,2027,S4D5,,,,,0.010529
SpecifiedDemandProfile,A_Calibrated_BAU,GLOBAL,,ELCINDWE03,,,2028,S4D5,,,,,0.010529
SpecifiedDemandProfile,A_Calibrated_BAU,GLOBAL,,ELCINDWE03,,,2029,S4D5,,,,,0.010529
SpecifiedDemandProfile,A_Calibrated_BAU,GLOBAL,,ELCINDWE03,,,2030,S4D5,,,,,0.010529
SpecifiedDemandProfile,A_Calibrated_BAU,GLOBAL,,ELCINDWE03,,,2031,S4D5,,,,,0.010529
SpecifiedDemandProfile,A_Calibrated_BAU,GLOBAL,,ELCINDWE03,,,2032,S4D5,,,,,0.010529
SpecifiedDemandProfile,A_Calibrated_BAU,GLOBAL,,ELCINDWE03,,,2033,S4D5,,,,,0.010529
SpecifiedDemandProfile,A_Calibrated_BAU,GLOBAL,,ELCINDWE03,,,2034,S4D5,,,,,0.010529
SpecifiedDemandProfile,A_Calibrated_BAU,GLOBAL,,ELCINDWE03,,,2035,S4D5,,,,,0.010529
SpecifiedDemandProfile,A_Calibrated_BAU,GLOBAL,,ELCINDWE03,,,2036,S4D5,,,,,0.010529
SpecifiedDemandProfile,A_Calibrated_BAU,GLOBAL,,ELCINDWE03,,,2037,S4D5,,,,,0.010529
SpecifiedDemandProfile,A_Calibrated_BAU,GLOBAL,,ELCINDWE03,,,2038,S4D5,,,,,0.010529
SpecifiedDemandProfile,A_Calibrated_BAU,GLOBAL,,ELCINDWE03,,,2039,S4D5,,,,,0.010529
SpecifiedDemandProfile,A_Calibrated_BAU,GLOBAL,,ELCINDWE03,,,2040,S4D5,,,,,0.010529
SpecifiedDemandProfile,A_Calibrated_BAU,GLOBAL,,ELCINDWE03,,,2041,S4D5,,,,,0.010529
SpecifiedDemandProfile,A_Calibrated_BAU,GLOBAL,,ELCINDWE03,,,2042,S4D5,,,,,0.010529
SpecifiedDemandProfile,A_Calibrated_BAU,GLOBAL,,ELCINDWE03,,,2043,S4D5,,,,,0.010529
SpecifiedDemandProfile,A_Calibrated_BAU,GLOBAL,,ELCINDWE03,,,2044,S4D5,,,,,0.010529
SpecifiedDemandProfile,A_Calibrated_BAU,GLOBAL,,ELCINDWE03,,,2045,S4D5,,,,,0.010529
SpecifiedDemandProfile,A_Calibrated_BAU,GLOBAL,,ELCINDWE03,,,2046,S4D5,,,,,0.010529
SpecifiedDemandProfile,A_Calibrated_BAU,GLOBAL,,ELCINDWE03,,,2047,S4D5,,,,,0.010529
SpecifiedDemandProfile,A_Calibrated_BAU,GLOBAL,,ELCINDWE03,,,2048,S4D5,,,,,0.010529
SpecifiedDemandProfile,A_Calibrated_BAU,GLOBAL,,ELCINDWE03,,,2049,S4D5,,,,,0.010529
SpecifiedDemandProfile,A_Calibrated_BAU,GLOBAL,,ELCINDWE03,,,2050,S4D5,,,,,0.010529
SpecifiedDemandProfile,A_Calibrated_BAU,GLOBAL,,ELCINDNE03,,,2023,S1D1,,,,,0.044462
SpecifiedDemandProfile,A_Calibrated_BAU,GLOBAL,,ELCINDNE03,,,2024,S1D1,,,,,0.044462
SpecifiedDemandProfile,A_Calibrated_BAU,GLOBAL,,ELCINDNE03,,,2025,S1D1,,,,,0.044462
SpecifiedDemandProfile,A_Calibrated_BAU,GLOBAL,,ELCINDNE03,,,2026,S1D1,,,,,0.044462
SpecifiedDemandProfile,A_Calibrated_BAU,GLOBAL,,ELCINDNE03,,,2027,S1D1,,,,,0.044462
SpecifiedDemandProfile,A_Calibrated_BAU,GLOBAL,,ELCINDNE03,,,2028,S1D1,,,,,0.044462
SpecifiedDemandProfile,A_Calibrated_BAU,GLOBAL,,ELCINDNE03,,,2029,S1D1,,,,,0.044462
SpecifiedDemandProfile,A_Calibrated_BAU,GLOBAL,,ELCINDNE03,,,2030,S1D1,,,,,0.044462
SpecifiedDemandProfile,A_Calibrated_BAU,GLOBAL,,ELCINDNE03,,,2031,S1D1,,,,,0.044462
SpecifiedDemandProfile,A_Calibrated_BAU,GLOBAL,,ELCINDNE03,,,2032,S1D1,,,,,0.044462
SpecifiedDemandProfile,A_Calibrated_BAU,GLOBAL,,ELCINDNE03,,,2033,S1D1,,,,,0.044462
SpecifiedDemandProfile,A_Calibrated_BAU,GLOBAL,,ELCINDNE03,,,2034,S1D1,,,,,0.044462
SpecifiedDemandProfile,A_Calibrated_BAU,GLOBAL,,ELCINDNE03,,,2035,S1D1,,,,,0.044462
SpecifiedDemandProfile,A_Calibrated_BAU,GLOBAL,,ELCINDNE03,,,2036,S1D1,,,,,0.044462
SpecifiedDemandProfile,A_Calibrated_BAU,GLOBAL,,ELCINDNE03,,,2037,S1D1,,,,,0.044462
SpecifiedDemandProfile,A_Calibrated_BAU,GLOBAL,,ELCINDNE03,,,2038,S1D1,,,,,0.044462
SpecifiedDemandProfile,A_Calibrated_BAU,GLOBAL,,ELCINDNE03,,,2039,S1D1,,,,,0.044462
SpecifiedDemandProfile,A_Calibrated_BAU,GLOBAL,,ELCINDNE03,,,2040,S1D1,,,,,0.044462
SpecifiedDemandProfile,A_Calibrated_BAU,GLOBAL,,ELCINDNE03,,,2041,S1D1,,,,,0.044462
SpecifiedDemandProfile,A_Calibrated_BAU,GLOBAL,,ELCINDNE03,,,2042,S1D1,,,,,0.044462
SpecifiedDemandProfile,A_Calibrated_BAU,GLOBAL,,ELCINDNE03,,,2043,S1D1,,,,,0.044462
SpecifiedDemandProfile,A_Calibrated_BAU,GLOBAL,,ELCINDNE03,,,2044,S1D1,,,,,0.044462
SpecifiedDemandProfile,A_Calibrated_BAU,GLOBAL,,ELCINDNE03,,,2045,S1D1,,,,,0.044462
SpecifiedDemandProfile,A_Calibrated_BAU,GLOBAL,,ELCINDNE03,,,2046,S1D1,,,,,0.044462
SpecifiedDemandProfile,A_Calibrated_BAU,GLOBAL,,ELCINDNE03,,,2047,S1D1,,,,,0.044462
SpecifiedDemandProfile,A_Calibrated_BAU,GLOBAL,,ELCINDNE03,,,2048,S1D1,,,,,0.044462
SpecifiedDemandProfile,A_Calibrated_BAU,GLOBAL,,ELCINDNE03,,,2049,S1D1,,,,,0.044462
SpecifiedDemandProfile,A_Calibrated_BAU,GLOBAL,,ELCINDNE03,,,2050,S1D1,,,,,0.044462
SpecifiedDemandProfile,A_Calibrated_BAU,GLOBAL,,ELCINDNE03,,,2023,S1D2,,,,,0.107846
SpecifiedDemandProfile,A_Calibrated_BAU,GLOBAL,,ELCINDNE03,,,2024,S1D2,,,,,0.107846
SpecifiedDemandProfile,A_Calibrated_BAU,GLOBAL,,ELCINDNE03,,,2025,S1D2,,,,,0.107846
SpecifiedDemandProfile,A_Calibrated_BAU,GLOBAL,,ELCINDNE03,,,2026,S1D2,,,,,0.107846
SpecifiedDemandProfile,A_Calibrated_BAU,GLOBAL,,ELCINDNE03,,,2027,S1D2,,,,,0.107846
SpecifiedDemandProfile,A_Calibrated_BAU,GLOBAL,,ELCINDNE03,,,2028,S1D2,,,,,0.107846
SpecifiedDemandProfile,A_Calibrated_BAU,GLOBAL,,ELCINDNE03,,,2029,S1D2,,,,,0.107846
SpecifiedDemandProfile,A_Calibrated_BAU,GLOBAL,,ELCINDNE03,,,2030,S1D2,,,,,0.107846
SpecifiedDemandProfile,A_Calibrated_BAU,GLOBAL,,ELCINDNE03,,,2031,S1D2,,,,,0.107846
SpecifiedDemandProfile,A_Calibrated_BAU,GLOBAL,,ELCINDNE03,,,2032,S1D2,,,,,0.107846
SpecifiedDemandProfile,A_Calibrated_BAU,GLOBAL,,ELCINDNE03,,,2033,S1D2,,,,,0.107846
SpecifiedDemandProfile,A_Calibrated_BAU,GLOBAL,,ELCINDNE03,,,2034,S1D2,,,,,0.107846
SpecifiedDemandProfile,A_Calibrated_BAU,GLOBAL,,ELCINDNE03,,,2035,S1D2,,,,,0.107846
SpecifiedDemandProfile,A_Calibrated_BAU,GLOBAL,,ELCINDNE03,,,2036,S1D2,,,,,0.107846
SpecifiedDemandProfile,A_Calibrated_BAU,GLOBAL,,ELCINDNE03,,,2037,S1D2,,,,,0.107846
SpecifiedDemandProfile,A_Calibrated_BAU,GLOBAL,,ELCINDNE03,,,2038,S1D2,,,,,0.107846
SpecifiedDemandProfile,A_Calibrated_BAU,GLOBAL,,ELCINDNE03,,,2039,S1D2,,,,,0.107846
SpecifiedDemandProfile,A_Calibrated_BAU,GLOBAL,,ELCINDNE03,,,2040,S1D2,,,,,0.107846
SpecifiedDemandProfile,A_Calibrated_BAU,GLOBAL,,ELCINDNE03,,,2041,S1D2,,,,,0.107846
SpecifiedDemandProfile,A_Calibrated_BAU,GLOBAL,,ELCINDNE03,,,2042,S1D2,,,,,0.107846
SpecifiedDemandProfile,A_Calibrated_BAU,GLOBAL,,ELCINDNE03,,,2043,S1D2,,,,,0.107846
SpecifiedDemandProfile,A_Calibrated_BAU,GLOBAL,,ELCINDNE03,,,2044,S1D2,,,,,0.107846
SpecifiedDemandProfile,A_Calibrated_BAU,GLOBAL,,ELCINDNE03,,,2045,S1D2,,,,,0.107846
SpecifiedDemandProfile,A_Calibrated_BAU,GLOBAL,,ELCINDNE03,,,2046,S1D2,,,,,0.107846
SpecifiedDemandProfile,A_Calibrated_BAU,GLOBAL,,ELCINDNE03,,,2047,S1D2,,,,,0.107846
SpecifiedDemandProfile,A_Calibrated_BAU,GLOBAL,,ELCINDNE03,,,2048,S1D2,,,,,0.107846
SpecifiedDemandProfile,A_Calibrated_BAU,GLOBAL,,ELCINDNE03,,,2049,S1D2,,,,,0.107846
SpecifiedDemandProfile,A_Calibrated_BAU,GLOBAL,,ELCINDNE03,,,2050,S1D2,,,,,0.107846
SpecifiedDemandProfile,A_Calibrated_BAU,GLOBAL,,ELCINDNE03,,,2023,S1D3,,,,,0.037489
SpecifiedDemandProfile,A_Calibrated_BAU,GLOBAL,,ELCINDNE03,,,2024,S1D3,,,,,0.037489
SpecifiedDemandProfile,A_Calibrated_BAU,GLOBAL,,ELCINDNE03,,,2025,S1D3,,,,,0.037489
SpecifiedDemandProfile,A_Calibrated_BAU,GLOBAL,,ELCINDNE03,,,2026,S1D3,,,,,0.037489
SpecifiedDemandProfile,A_Calibrated_BAU,GLOBAL,,ELCINDNE03,,,2027,S1D3,,,,,0.037489
SpecifiedDemandProfile,A_Calibrated_BAU,GLOBAL,,ELCINDNE03,,,2028,S1D3,,,,,0.037489
SpecifiedDemandProfile,A_Calibrated_BAU,GLOBAL,,ELCINDNE03,,,2029,S1D3,,,,,0.037489
SpecifiedDemandProfile,A_Calibrated_BAU,GLOBAL,,ELCINDNE03,,,2030,S1D3,,,,,0.037489
SpecifiedDemandProfile,A_Calibrated_BAU,GLOBAL,,ELCINDNE03,,,2031,S1D3,,,,,0.037489
SpecifiedDemandProfile,A_Calibrated_BAU,GLOBAL,,ELCINDNE03,,,2032,S1D3,,,,,0.037489
SpecifiedDemandProfile,A_Calibrated_BAU,GLOBAL,,ELCINDNE03,,,2033,S1D3,,,,,0.037489
SpecifiedDemandProfile,A_Calibrated_BAU,GLOBAL,,ELCINDNE03,,,2034,S1D3,,,,,0.037489
SpecifiedDemandProfile,A_Calibrated_BAU,GLOBAL,,ELCINDNE03,,,2035,S1D3,,,,,0.037489
SpecifiedDemandProfile,A_Calibrated_BAU,GLOBAL,,ELCINDNE03,,,2036,S1D3,,,,,0.037489
SpecifiedDemandProfile,A_Calibrated_BAU,GLOBAL,,ELCINDNE03,,,2037,S1D3,,,,,0.037489
SpecifiedDemandProfile,A_Calibrated_BAU,GLOBAL,,ELCINDNE03,,,2038,S1D3,,,,,0.037489
SpecifiedDemandProfile,A_Calibrated_BAU,GLOBAL,,ELCINDNE03,,,2039,S1D3,,,,,0.037489
SpecifiedDemandProfile,A_Calibrated_BAU,GLOBAL,,ELCINDNE03,,,2040,S1D3,,,,,0.037489
SpecifiedDemandProfile,A_Calibrated_BAU,GLOBAL,,ELCINDNE03,,,2041,S1D3,,,,,0.037489
SpecifiedDemandProfile,A_Calibrated_BAU,GLOBAL,,ELCINDNE03,,,2042,S1D3,,,,,0.037489
SpecifiedDemandProfile,A_Calibrated_BAU,GLOBAL,,ELCINDNE03,,,2043,S1D3,,,,,0.037489
SpecifiedDemandProfile,A_Calibrated_BAU,GLOBAL,,ELCINDNE03,,,2044,S1D3,,,,,0.037489
SpecifiedDemandProfile,A_Calibrated_BAU,GLOBAL,,ELCINDNE03,,,2045,S1D3,,,,,0.037489
SpecifiedDemandProfile,A_Calibrated_BAU,GLOBAL,,ELCINDNE03,,,2046,S1D3,,,,,0.037489
SpecifiedDemandProfile,A_Calibrated_BAU,GLOBAL,,ELCINDNE03,,,2047,S1D3,,,,,0.037489
SpecifiedDemandProfile,A_Calibrated_BAU,GLOBAL,,ELCINDNE03,,,2048,S1D3,,,,,0.037489
SpecifiedDemandProfile,A_Calibrated_BAU,GLOBAL,,ELCINDNE03,,,2049,S1D3,,,,,0.037489
SpecifiedDemandProfile,A_Calibrated_BAU,GLOBAL,,ELCINDNE03,,,2050,S1D3,,,,,0.037489
SpecifiedDemandProfile,A_Calibrated_BAU,GLOBAL,,ELCINDNE03,,,2023,S1D4,,,,,0.023155
SpecifiedDemandProfile,A_Calibrated_BAU,GLOBAL,,ELCINDNE03,,,2024,S1D4,,,,,0.023155
SpecifiedDemandProfile,A_Calibrated_BAU,GLOBAL,,ELCINDNE03,,,2025,S1D4,,,,,0.023155
SpecifiedDemandProfile,A_Calibrated_BAU,GLOBAL,,ELCINDNE03,,,2026,S1D4,,,,,0.023155
SpecifiedDemandProfile,A_Calibrated_BAU,GLOBAL,,ELCINDNE03,,,2027,S1D4,,,,,0.023155
SpecifiedDemandProfile,A_Calibrated_BAU,GLOBAL,,ELCINDNE03,,,2028,S1D4,,,,,0.023155
SpecifiedDemandProfile,A_Calibrated_BAU,GLOBAL,,ELCINDNE03,,,2029,S1D4,,,,,0.023155
SpecifiedDemandProfile,A_Calibrated_BAU,GLOBAL,,ELCINDNE03,,,2030,S1D4,,,,,0.023155
SpecifiedDemandProfile,A_Calibrated_BAU,GLOBAL,,ELCINDNE03,,,2031,S1D4,,,,,0.023155
SpecifiedDemandProfile,A_Calibrated_BAU,GLOBAL,,ELCINDNE03,,,2032,S1D4,,,,,0.023155
SpecifiedDemandProfile,A_Calibrated_BAU,GLOBAL,,ELCINDNE03,,,2033,S1D4,,,,,0.023155
SpecifiedDemandProfile,A_Calibrated_BAU,GLOBAL,,ELCINDNE03,,,2034,S1D4,,,,,0.023155
SpecifiedDemandProfile,A_Calibrated_BAU,GLOBAL,,ELCINDNE03,,,2035,S1D4,,,,,0.023155
SpecifiedDemandProfile,A_Calibrated_BAU,GLOBAL,,ELCINDNE03,,,2036,S1D4,,,,,0.023155
SpecifiedDemandProfile,A_Calibrated_BAU,GLOBAL,,ELCINDNE03,,,2037,S1D4,,,,,0.023155
SpecifiedDemandProfile,A_Calibrated_BAU,GLOBAL,,ELCINDNE03,,,2038,S1D4,,,,,0.023155
SpecifiedDemandProfile,A_Calibrated_BAU,GLOBAL,,ELCINDNE03,,,2039,S1D4,,,,,0.023155
SpecifiedDemandProfile,A_Calibrated_BAU,GLOBAL,,ELCINDNE03,,,2040,S1D4,,,,,0.023155
SpecifiedDemandProfile,A_Calibrated_BAU,GLOBAL,,ELCINDNE03,,,2041,S1D4,,,,,0.023155
SpecifiedDemandProfile,A_Calibrated_BAU,GLOBAL,,ELCINDNE03,,,2042,S1D4,,,,,0.023155
SpecifiedDemandProfile,A_Calibrated_BAU,GLOBAL,,ELCINDNE03,,,2043,S1D4,,,,,0.023155
SpecifiedDemandProfile,A_Calibrated_BAU,GLOBAL,,ELCINDNE03,,,2044,S1D4,,,,,0.023155
SpecifiedDemandProfile,A_Calibrated_BAU,GLOBAL,,ELCINDNE03,,,2045,S1D4,,,,,0.023155
SpecifiedDemandProfile,A_Calibrated_BAU,GLOBAL,,ELCINDNE03,,,2046,S1D4,,,,,0.023155
SpecifiedDemandProfile,A_Calibrated_BAU,GLOBAL,,ELCINDNE03,,,2047,S1D4,,,,,0.023155
SpecifiedDemandProfile,A_Calibrated_BAU,GLOBAL,,ELCINDNE03,,,2048,S1D4,,,,,0.023155
SpecifiedDemandProfile,A_Calibrated_BAU,GLOBAL,,ELCINDNE03,,,2049,S1D4,,,,,0.023155
SpecifiedDemandProfile,A_Calibrated_BAU,GLOBAL,,ELCINDNE03,,,2050,S1D4,,,,,0.023155
SpecifiedDemandProfile,A_Calibrated_BAU,GLOBAL,,ELCINDNE03,,,2023,S1D5,,,,,0.018698
SpecifiedDemandProfile,A_Calibrated_BAU,GLOBAL,,ELCINDNE03,,,2024,S1D5,,,,,0.018698
SpecifiedDemandProfile,A_Calibrated_BAU,GLOBAL,,ELCINDNE03,,,2025,S1D5,,,,,0.018698
SpecifiedDemandProfile,A_Calibrated_BAU,GLOBAL,,ELCINDNE03,,,2026,S1D5,,,,,0.018698
SpecifiedDemandProfile,A_Calibrated_BAU,GLOBAL,,ELCINDNE03,,,2027,S1D5,,,,,0.018698
SpecifiedDemandProfile,A_Calibrated_BAU,GLOBAL,,ELCINDNE03,,,2028,S1D5,,,,,0.018698
SpecifiedDemandProfile,A_Calibrated_BAU,GLOBAL,,ELCINDNE03,,,2029,S1D5,,,,,0.018698
SpecifiedDemandProfile,A_Calibrated_BAU,GLOBAL,,ELCINDNE03,,,2030,S1D5,,,,,0.018698
SpecifiedDemandProfile,A_Calibrated_BAU,GLOBAL,,ELCINDNE03,,,2031,S1D5,,,,,0.018698
SpecifiedDemandProfile,A_Calibrated_BAU,GLOBAL,,ELCINDNE03,,,2032,S1D5,,,,,0.018698
SpecifiedDemandProfile,A_Calibrated_BAU,GLOBAL,,ELCINDNE03,,,2033,S1D5,,,,,0.018698
SpecifiedDemandProfile,A_Calibrated_BAU,GLOBAL,,ELCINDNE03,,,2034,S1D5,,,,,0.018698
SpecifiedDemandProfile,A_Calibrated_BAU,GLOBAL,,ELCINDNE03,,,2035,S1D5,,,,,0.018698
SpecifiedDemandProfile,A_Calibrated_BAU,GLOBAL,,ELCINDNE03,,,2036,S1D5,,,,,0.018698
SpecifiedDemandProfile,A_Calibrated_BAU,GLOBAL,,ELCINDNE03,,,2037,S1D5,,,,,0.018698
SpecifiedDemandProfile,A_Calibrated_BAU,GLOBAL,,ELCINDNE03,,,2038,S1D5,,,,,0.018698
SpecifiedDemandProfile,A_Calibrated_BAU,GLOBAL,,ELCINDNE03,,,2039,S1D5,,,,,0.018698
SpecifiedDemandProfile,A_Calibrated_BAU,GLOBAL,,ELCINDNE03,,,2040,S1D5,,,,,0.018698
SpecifiedDemandProfile,A_Calibrated_BAU,GLOBAL,,ELCINDNE03,,,2041,S1D5,,,,,0.018698
SpecifiedDemandProfile,A_Calibrated_BAU,GLOBAL,,ELCINDNE03,,,2042,S1D5,,,,,0.018698
SpecifiedDemandProfile,A_Calibrated_BAU,GLOBAL,,ELCINDNE03,,,2043,S1D5,,,,,0.018698
SpecifiedDemandProfile,A_Calibrated_BAU,GLOBAL,,ELCINDNE03,,,2044,S1D5,,,,,0.018698
SpecifiedDemandProfile,A_Calibrated_BAU,GLOBAL,,ELCINDNE03,,,2045,S1D5,,,,,0.018698
SpecifiedDemandProfile,A_Calibrated_BAU,GLOBAL,,ELCINDNE03,,,2046,S1D5,,,,,0.018698
SpecifiedDemandProfile,A_Calibrated_BAU,GLOBAL,,ELCINDNE03,,,2047,S1D5,,,,,0.018698
SpecifiedDemandProfile,A_Calibrated_BAU,GLOBAL,,ELCINDNE03,,,2048,S1D5,,,,,0.018698
SpecifiedDemandProfile,A_Calibrated_BAU,GLOBAL,,ELCINDNE03,,,2049,S1D5,,,,,0.018698
SpecifiedDemandProfile,A_Calibrated_BAU,GLOBAL,,ELCINDNE03,,,2050,S1D5,,,,,0.018698
SpecifiedDemandProfile,A_Calibrated_BAU,GLOBAL,,ELCINDNE03,,,2023,S2D1,,,,,0.060568
SpecifiedDemandProfile,A_Calibrated_BAU,GLOBAL,,ELCINDNE03,,,2024,S2D1,,,,,0.060568
SpecifiedDemandProfile,A_Calibrated_BAU,GLOBAL,,ELCINDNE03,,,2025,S2D1,,,,,0.060568
SpecifiedDemandProfile,A_Calibrated_BAU,GLOBAL,,ELCINDNE03,,,2026,S2D1,,,,,0.060568
SpecifiedDemandProfile,A_Calibrated_BAU,GLOBAL,,ELCINDNE03,,,2027,S2D1,,,,,0.060568
SpecifiedDemandProfile,A_Calibrated_BAU,GLOBAL,,ELCINDNE03,,,2028,S2D1,,,,,0.060568
SpecifiedDemandProfile,A_Calibrated_BAU,GLOBAL,,ELCINDNE03,,,2029,S2D1,,,,,0.060568
SpecifiedDemandProfile,A_Calibrated_BAU,GLOBAL,,ELCINDNE03,,,2030,S2D1,,,,,0.060568
SpecifiedDemandProfile,A_Calibrated_BAU,GLOBAL,,ELCINDNE03,,,2031,S2D1,,,,,0.060568
SpecifiedDemandProfile,A_Calibrated_BAU,GLOBAL,,ELCINDNE03,,,2032,S2D1,,,,,0.060568
SpecifiedDemandProfile,A_Calibrated_BAU,GLOBAL,,ELCINDNE03,,,2033,S2D1,,,,,0.060568
SpecifiedDemandProfile,A_Calibrated_BAU,GLOBAL,,ELCINDNE03,,,2034,S2D1,,,,,0.060568
SpecifiedDemandProfile,A_Calibrated_BAU,GLOBAL,,ELCINDNE03,,,2035,S2D1,,,,,0.060568
SpecifiedDemandProfile,A_Calibrated_BAU,GLOBAL,,ELCINDNE03,,,2036,S2D1,,,,,0.060568
SpecifiedDemandProfile,A_Calibrated_BAU,GLOBAL,,ELCINDNE03,,,2037,S2D1,,,,,0.060568
SpecifiedDemandProfile,A_Calibrated_BAU,GLOBAL,,ELCINDNE03,,,2038,S2D1,,,,,0.060568
SpecifiedDemandProfile,A_Calibrated_BAU,GLOBAL,,ELCINDNE03,,,2039,S2D1,,,,,0.060568
SpecifiedDemandProfile,A_Calibrated_BAU,GLOBAL,,ELCINDNE03,,,2040,S2D1,,,,,0.060568
SpecifiedDemandProfile,A_Calibrated_BAU,GLOBAL,,ELCINDNE03,,,2041,S2D1,,,,,0.060568
SpecifiedDemandProfile,A_Calibrated_BAU,GLOBAL,,ELCINDNE03,,,2042,S2D1,,,,,0.060568
SpecifiedDemandProfile,A_Calibrated_BAU,GLOBAL,,ELCINDNE03,,,2043,S2D1,,,,,0.060568
SpecifiedDemandProfile,A_Calibrated_BAU,GLOBAL,,ELCINDNE03,,,2044,S2D1,,,,,0.060568
SpecifiedDemandProfile,A_Calibrated_BAU,GLOBAL,,ELCINDNE03,,,2045,S2D1,,,,,0.060568
SpecifiedDemandProfile,A_Calibrated_BAU,GLOBAL,,ELCINDNE03,,,2046,S2D1,,,,,0.060568
SpecifiedDemandProfile,A_Calibrated_BAU,GLOBAL,,ELCINDNE03,,,2047,S2D1,,,,,0.060568
SpecifiedDemandProfile,A_Calibrated_BAU,GLOBAL,,ELCINDNE03,,,2048,S2D1,,,,,0.060568
SpecifiedDemandProfile,A_Calibrated_BAU,GLOBAL,,ELCINDNE03,,,2049,S2D1,,,,,0.060568
SpecifiedDemandProfile,A_Calibrated_BAU,GLOBAL,,ELCINDNE03,,,2050,S2D1,,,,,0.060568
SpecifiedDemandProfile,A_Calibrated_BAU,GLOBAL,,ELCINDNE03,,,2023,S2D2,,,,,0.128058
SpecifiedDemandProfile,A_Calibrated_BAU,GLOBAL,,ELCINDNE03,,,2024,S2D2,,,,,0.128058
SpecifiedDemandProfile,A_Calibrated_BAU,GLOBAL,,ELCINDNE03,,,2025,S2D2,,,,,0.128058
SpecifiedDemandProfile,A_Calibrated_BAU,GLOBAL,,ELCINDNE03,,,2026,S2D2,,,,,0.128058
SpecifiedDemandProfile,A_Calibrated_BAU,GLOBAL,,ELCINDNE03,,,2027,S2D2,,,,,0.128058
SpecifiedDemandProfile,A_Calibrated_BAU,GLOBAL,,ELCINDNE03,,,2028,S2D2,,,,,0.128058
SpecifiedDemandProfile,A_Calibrated_BAU,GLOBAL,,ELCINDNE03,,,2029,S2D2,,,,,0.128058
SpecifiedDemandProfile,A_Calibrated_BAU,GLOBAL,,ELCINDNE03,,,2030,S2D2,,,,,0.128058
SpecifiedDemandProfile,A_Calibrated_BAU,GLOBAL,,ELCINDNE03,,,2031,S2D2,,,,,0.128058
SpecifiedDemandProfile,A_Calibrated_BAU,GLOBAL,,ELCINDNE03,,,2032,S2D2,,,,,0.128058
SpecifiedDemandProfile,A_Calibrated_BAU,GLOBAL,,ELCINDNE03,,,2033,S2D2,,,,,0.128058
SpecifiedDemandProfile,A_Calibrated_BAU,GLOBAL,,ELCINDNE03,,,2034,S2D2,,,,,0.128058
SpecifiedDemandProfile,A_Calibrated_BAU,GLOBAL,,ELCINDNE03,,,2035,S2D2,,,,,0.128058
SpecifiedDemandProfile,A_Calibrated_BAU,GLOBAL,,ELCINDNE03,,,2036,S2D2,,,,,0.128058
SpecifiedDemandProfile,A_Calibrated_BAU,GLOBAL,,ELCINDNE03,,,2037,S2D2,,,,,0.128058
SpecifiedDemandProfile,A_Calibrated_BAU,GLOBAL,,ELCINDNE03,,,2038,S2D2,,,,,0.128058
SpecifiedDemandProfile,A_Calibrated_BAU,GLOBAL,,ELCINDNE03,,,2039,S2D2,,,,,0.128058
SpecifiedDemandProfile,A_Calibrated_BAU,GLOBAL,,ELCINDNE03,,,2040,S2D2,,,,,0.128058
SpecifiedDemandProfile,A_Calibrated_BAU,GLOBAL,,ELCINDNE03,,,2041,S2D2,,,,,0.128058
SpecifiedDemandProfile,A_Calibrated_BAU,GLOBAL,,ELCINDNE03,,,2042,S2D2,,,,,0.128058
SpecifiedDemandProfile,A_Calibrated_BAU,GLOBAL,,ELCINDNE03,,,2043,S2D2,,,,,0.128058
SpecifiedDemandProfile,A_Calibrated_BAU,GLOBAL,,ELCINDNE03,,,2044,S2D2,,,,,0.128058
SpecifiedDemandProfile,A_Calibrated_BAU,GLOBAL,,ELCINDNE03,,,2045,S2D2,,,,,0.128058
SpecifiedDemandProfile,A_Calibrated_BAU,GLOBAL,,ELCINDNE03,,,2046,S2D2,,,,,0.128058
SpecifiedDemandProfile,A_Calibrated_BAU,GLOBAL,,ELCINDNE03,,,2047,S2D2,,,,,0.128058
SpecifiedDemandProfile,A_Calibrated_BAU,GLOBAL,,ELCINDNE03,,,2048,S2D2,,,,,0.128058
SpecifiedDemandProfile,A_Calibrated_BAU,GLOBAL,,ELCINDNE03,,,2049,S2D2,,,,,0.128058
SpecifiedDemandProfile,A_Calibrated_BAU,GLOBAL,,ELCINDNE03,,,2050,S2D2,,,,,0.128058
SpecifiedDemandProfile,A_Calibrated_BAU,GLOBAL,,ELCINDNE03,,,2023,S2D3,,,,,0.042601
SpecifiedDemandProfile,A_Calibrated_BAU,GLOBAL,,ELCINDNE03,,,2024,S2D3,,,,,0.042601
SpecifiedDemandProfile,A_Calibrated_BAU,GLOBAL,,ELCINDNE03,,,2025,S2D3,,,,,0.042601
SpecifiedDemandProfile,A_Calibrated_BAU,GLOBAL,,ELCINDNE03,,,2026,S2D3,,,,,0.042601
SpecifiedDemandProfile,A_Calibrated_BAU,GLOBAL,,ELCINDNE03,,,2027,S2D3,,,,,0.042601
SpecifiedDemandProfile,A_Calibrated_BAU,GLOBAL,,ELCINDNE03,,,2028,S2D3,,,,,0.042601
SpecifiedDemandProfile,A_Calibrated_BAU,GLOBAL,,ELCINDNE03,,,2029,S2D3,,,,,0.042601
SpecifiedDemandProfile,A_Calibrated_BAU,GLOBAL,,ELCINDNE03,,,2030,S2D3,,,,,0.042601
SpecifiedDemandProfile,A_Calibrated_BAU,GLOBAL,,ELCINDNE03,,,2031,S2D3,,,,,0.042601
SpecifiedDemandProfile,A_Calibrated_BAU,GLOBAL,,ELCINDNE03,,,2032,S2D3,,,,,0.042601
SpecifiedDemandProfile,A_Calibrated_BAU,GLOBAL,,ELCINDNE03,,,2033,S2D3,,,,,0.042601
SpecifiedDemandProfile,A_Calibrated_BAU,GLOBAL,,ELCINDNE03,,,2034,S2D3,,,,,0.042601
SpecifiedDemandProfile,A_Calibrated_BAU,GLOBAL,,ELCINDNE03,,,2035,S2D3,,,,,0.042601
SpecifiedDemandProfile,A_Calibrated_BAU,GLOBAL,,ELCINDNE03,,,2036,S2D3,,,,,0.042601
SpecifiedDemandProfile,A_Calibrated_BAU,GLOBAL,,ELCINDNE03,,,2037,S2D3,,,,,0.042601
SpecifiedDemandProfile,A_Calibrated_BAU,GLOBAL,,ELCINDNE03,,,2038,S2D3,,,,,0.042601
SpecifiedDemandProfile,A_Calibrated_BAU,GLOBAL,,ELCINDNE03,,,2039,S2D3,,,,,0.042601
SpecifiedDemandProfile,A_Calibrated_BAU,GLOBAL,,ELCINDNE03,,,2040,S2D3,,,,,0.042601
SpecifiedDemandProfile,A_Calibrated_BAU,GLOBAL,,ELCINDNE03,,,2041,S2D3,,,,,0.042601
SpecifiedDemandProfile,A_Calibrated_BAU,GLOBAL,,ELCINDNE03,,,2042,S2D3,,,,,0.042601
SpecifiedDemandProfile,A_Calibrated_BAU,GLOBAL,,ELCINDNE03,,,2043,S2D3,,,,,0.042601
SpecifiedDemandProfile,A_Calibrated_BAU,GLOBAL,,ELCINDNE03,,,2044,S2D3,,,,,0.042601
SpecifiedDemandProfile,A_Calibrated_BAU,GLOBAL,,ELCINDNE03,,,2045,S2D3,,,,,0.042601
SpecifiedDemandProfile,A_Calibrated_BAU,GLOBAL,,ELCINDNE03,,,2046,S2D3,,,,,0.042601
SpecifiedDemandProfile,A_Calibrated_BAU,GLOBAL,,ELCINDNE03,,,2047,S2D3,,,,,0.042601
SpecifiedDemandProfile,A_Calibrated_BAU,GLOBAL,,ELCINDNE03,,,2048,S2D3,,,,,0.042601
SpecifiedDemandProfile,A_Calibrated_BAU,GLOBAL,,ELCINDNE03,,,2049,S2D3,,,,,0.042601
SpecifiedDemandProfile,A_Calibrated_BAU,GLOBAL,,ELCINDNE03,,,2050,S2D3,,,,,0.042601
SpecifiedDemandProfile,A_Calibrated_BAU,GLOBAL,,ELCINDNE03,,,2023,S2D4,,,,,0.028588
SpecifiedDemandProfile,A_Calibrated_BAU,GLOBAL,,ELCINDNE03,,,2024,S2D4,,,,,0.028588
SpecifiedDemandProfile,A_Calibrated_BAU,GLOBAL,,ELCINDNE03,,,2025,S2D4,,,,,0.028588
SpecifiedDemandProfile,A_Calibrated_BAU,GLOBAL,,ELCINDNE03,,,2026,S2D4,,,,,0.028588
SpecifiedDemandProfile,A_Calibrated_BAU,GLOBAL,,ELCINDNE03,,,2027,S2D4,,,,,0.028588
SpecifiedDemandProfile,A_Calibrated_BAU,GLOBAL,,ELCINDNE03,,,2028,S2D4,,,,,0.028588
SpecifiedDemandProfile,A_Calibrated_BAU,GLOBAL,,ELCINDNE03,,,2029,S2D4,,,,,0.028588
SpecifiedDemandProfile,A_Calibrated_BAU,GLOBAL,,ELCINDNE03,,,2030,S2D4,,,,,0.028588
SpecifiedDemandProfile,A_Calibrated_BAU,GLOBAL,,ELCINDNE03,,,2031,S2D4,,,,,0.028588
SpecifiedDemandProfile,A_Calibrated_BAU,GLOBAL,,ELCINDNE03,,,2032,S2D4,,,,,0.028588
SpecifiedDemandProfile,A_Calibrated_BAU,GLOBAL,,ELCINDNE03,,,2033,S2D4,,,,,0.028588
SpecifiedDemandProfile,A_Calibrated_BAU,GLOBAL,,ELCINDNE03,,,2034,S2D4,,,,,0.028588
SpecifiedDemandProfile,A_Calibrated_BAU,GLOBAL,,ELCINDNE03,,,2035,S2D4,,,,,0.028588
SpecifiedDemandProfile,A_Calibrated_BAU,GLOBAL,,ELCINDNE03,,,2036,S2D4,,,,,0.028588
SpecifiedDemandProfile,A_Calibrated_BAU,GLOBAL,,ELCINDNE03,,,2037,S2D4,,,,,0.028588
SpecifiedDemandProfile,A_Calibrated_BAU,GLOBAL,,ELCINDNE03,,,2038,S2D4,,,,,0.028588
SpecifiedDemandProfile,A_Calibrated_BAU,GLOBAL,,ELCINDNE03,,,2039,S2D4,,,,,0.028588
SpecifiedDemandProfile,A_Calibrated_BAU,GLOBAL,,ELCINDNE03,,,2040,S2D4,,,,,0.028588
SpecifiedDemandProfile,A_Calibrated_BAU,GLOBAL,,ELCINDNE03,,,2041,S2D4,,,,,0.028588
SpecifiedDemandProfile,A_Calibrated_BAU,GLOBAL,,ELCINDNE03,,,2042,S2D4,,,,,0.028588
SpecifiedDemandProfile,A_Calibrated_BAU,GLOBAL,,ELCINDNE03,,,2043,S2D4,,,,,0.028588
SpecifiedDemandProfile,A_Calibrated_BAU,GLOBAL,,ELCINDNE03,,,2044,S2D4,,,,,0.028588
SpecifiedDemandProfile,A_Calibrated_BAU,GLOBAL,,ELCINDNE03,,,2045,S2D4,,,,,0.028588
SpecifiedDemandProfile,A_Calibrated_BAU,GLOBAL,,ELCINDNE03,,,2046,S2D4,,,,,0.028588
SpecifiedDemandProfile,A_Calibrated_BAU,GLOBAL,,ELCINDNE03,,,2047,S2D4,,,,,0.028588
SpecifiedDemandProfile,A_Calibrated_BAU,GLOBAL,,ELCINDNE03,,,2048,S2D4,,,,,0.028588
SpecifiedDemandProfile,A_Calibrated_BAU,GLOBAL,,ELCINDNE03,,,2049,S2D4,,,,,0.028588
SpecifiedDemandProfile,A_Calibrated_BAU,GLOBAL,,ELCINDNE03,,,2050,S2D4,,,,,0.028588
SpecifiedDemandProfile,A_Calibrated_BAU,GLOBAL,,ELCINDNE03,,,2023,S2D5,,,,,0.024754
SpecifiedDemandProfile,A_Calibrated_BAU,GLOBAL,,ELCINDNE03,,,2024,S2D5,,,,,0.024754
SpecifiedDemandProfile,A_Calibrated_BAU,GLOBAL,,ELCINDNE03,,,2025,S2D5,,,,,0.024754
SpecifiedDemandProfile,A_Calibrated_BAU,GLOBAL,,ELCINDNE03,,,2026,S2D5,,,,,0.024754
SpecifiedDemandProfile,A_Calibrated_BAU,GLOBAL,,ELCINDNE03,,,2027,S2D5,,,,,0.024754
SpecifiedDemandProfile,A_Calibrated_BAU,GLOBAL,,ELCINDNE03,,,2028,S2D5,,,,,0.024754
SpecifiedDemandProfile,A_Calibrated_BAU,GLOBAL,,ELCINDNE03,,,2029,S2D5,,,,,0.024754
SpecifiedDemandProfile,A_Calibrated_BAU,GLOBAL,,ELCINDNE03,,,2030,S2D5,,,,,0.024754
SpecifiedDemandProfile,A_Calibrated_BAU,GLOBAL,,ELCINDNE03,,,2031,S2D5,,,,,0.024754
SpecifiedDemandProfile,A_Calibrated_BAU,GLOBAL,,ELCINDNE03,,,2032,S2D5,,,,,0.024754
SpecifiedDemandProfile,A_Calibrated_BAU,GLOBAL,,ELCINDNE03,,,2033,S2D5,,,,,0.024754
SpecifiedDemandProfile,A_Calibrated_BAU,GLOBAL,,ELCINDNE03,,,2034,S2D5,,,,,0.024754
SpecifiedDemandProfile,A_Calibrated_BAU,GLOBAL,,ELCINDNE03,,,2035,S2D5,,,,,0.024754
SpecifiedDemandProfile,A_Calibrated_BAU,GLOBAL,,ELCINDNE03,,,2036,S2D5,,,,,0.024754
SpecifiedDemandProfile,A_Calibrated_BAU,GLOBAL,,ELCINDNE03,,,2037,S2D5,,,,,0.024754
SpecifiedDemandProfile,A_Calibrated_BAU,GLOBAL,,ELCINDNE03,,,2038,S2D5,,,,,0.024754
SpecifiedDemandProfile,A_Calibrated_BAU,GLOBAL,,ELCINDNE03,,,2039,S2D5,,,,,0.024754
SpecifiedDemandProfile,A_Calibrated_BAU,GLOBAL,,ELCINDNE03,,,2040,S2D5,,,,,0.024754
SpecifiedDemandProfile,A_Calibrated_BAU,GLOBAL,,ELCINDNE03,,,2041,S2D5,,,,,0.024754
SpecifiedDemandProfile,A_Calibrated_BAU,GLOBAL,,ELCINDNE03,,,2042,S2D5,,,,,0.024754
SpecifiedDemandProfile,A_Calibrated_BAU,GLOBAL,,ELCINDNE03,,,2043,S2D5,,,,,0.024754
SpecifiedDemandProfile,A_Calibrated_BAU,GLOBAL,,ELCINDNE03,,,2044,S2D5,,,,,0.024754
SpecifiedDemandProfile,A_Calibrated_BAU,GLOBAL,,ELCINDNE03,,,2045,S2D5,,,,,0.024754
SpecifiedDemandProfile,A_Calibrated_BAU,GLOBAL,,ELCINDNE03,,,2046,S2D5,,,,,0.024754
SpecifiedDemandProfile,A_Calibrated_BAU,GLOBAL,,ELCINDNE03,,,2047,S2D5,,,,,0.024754
SpecifiedDemandProfile,A_Calibrated_BAU,GLOBAL,,ELCINDNE03,,,2048,S2D5,,,,,0.024754
SpecifiedDemandProfile,A_Calibrated_BAU,GLOBAL,,ELCINDNE03,,,2049,S2D5,,,,,0.024754
SpecifiedDemandProfile,A_Calibrated_BAU,GLOBAL,,ELCINDNE03,,,2050,S2D5,,,,,0.024754
SpecifiedDemandProfile,A_Calibrated_BAU,GLOBAL,,ELCINDNE03,,,2023,S3D1,,,,,0.084744
SpecifiedDemandProfile,A_Calibrated_BAU,GLOBAL,,ELCINDNE03,,,2024,S3D1,,,,,0.084744
SpecifiedDemandProfile,A_Calibrated_BAU,GLOBAL,,ELCINDNE03,,,2025,S3D1,,,,,0.084744
SpecifiedDemandProfile,A_Calibrated_BAU,GLOBAL,,ELCINDNE03,,,2026,S3D1,,,,,0.084744
SpecifiedDemandProfile,A_Calibrated_BAU,GLOBAL,,ELCINDNE03,,,2027,S3D1,,,,,0.084744
SpecifiedDemandProfile,A_Calibrated_BAU,GLOBAL,,ELCINDNE03,,,2028,S3D1,,,,,0.084744
SpecifiedDemandProfile,A_Calibrated_BAU,GLOBAL,,ELCINDNE03,,,2029,S3D1,,,,,0.084744
SpecifiedDemandProfile,A_Calibrated_BAU,GLOBAL,,ELCINDNE03,,,2030,S3D1,,,,,0.084744
SpecifiedDemandProfile,A_Calibrated_BAU,GLOBAL,,ELCINDNE03,,,2031,S3D1,,,,,0.084744
SpecifiedDemandProfile,A_Calibrated_BAU,GLOBAL,,ELCINDNE03,,,2032,S3D1,,,,,0.084744
SpecifiedDemandProfile,A_Calibrated_BAU,GLOBAL,,ELCINDNE03,,,2033,S3D1,,,,,0.084744
SpecifiedDemandProfile,A_Calibrated_BAU,GLOBAL,,ELCINDNE03,,,2034,S3D1,,,,,0.084744
SpecifiedDemandProfile,A_Calibrated_BAU,GLOBAL,,ELCINDNE03,,,2035,S3D1,,,,,0.084744
SpecifiedDemandProfile,A_Calibrated_BAU,GLOBAL,,ELCINDNE03,,,2036,S3D1,,,,,0.084744
SpecifiedDemandProfile,A_Calibrated_BAU,GLOBAL,,ELCINDNE03,,,2037,S3D1,,,,,0.084744
SpecifiedDemandProfile,A_Calibrated_BAU,GLOBAL,,ELCINDNE03,,,2038,S3D1,,,,,0.084744
SpecifiedDemandProfile,A_Calibrated_BAU,GLOBAL,,ELCINDNE03,,,2039,S3D1,,,,,0.084744
SpecifiedDemandProfile,A_Calibrated_BAU,GLOBAL,,ELCINDNE03,,,2040,S3D1,,,,,0.084744
SpecifiedDemandProfile,A_Calibrated_BAU,GLOBAL,,ELCINDNE03,,,2041,S3D1,,,,,0.084744
SpecifiedDemandProfile,A_Calibrated_BAU,GLOBAL,,ELCINDNE03,,,2042,S3D1,,,,,0.084744
SpecifiedDemandProfile,A_Calibrated_BAU,GLOBAL,,ELCINDNE03,,,2043,S3D1,,,,,0.084744
SpecifiedDemandProfile,A_Calibrated_BAU,GLOBAL,,ELCINDNE03,,,2044,S3D1,,,,,0.084744
SpecifiedDemandProfile,A_Calibrated_BAU,GLOBAL,,ELCINDNE03,,,2045,S3D1,,,,,0.084744
SpecifiedDemandProfile,A_Calibrated_BAU,GLOBAL,,ELCINDNE03,,,2046,S3D1,,,,,0.084744
SpecifiedDemandProfile,A_Calibrated_BAU,GLOBAL,,ELCINDNE03,,,2047,S3D1,,,,,0.084744
SpecifiedDemandProfile,A_Calibrated_BAU,GLOBAL,,ELCINDNE03,,,2048,S3D1,,,,,0.084744
SpecifiedDemandProfile,A_Calibrated_BAU,GLOBAL,,ELCINDNE03,,,2049,S3D1,,,,,0.084744
SpecifiedDemandProfile,A_Calibrated_BAU,GLOBAL,,ELCINDNE03,,,2050,S3D1,,,,,0.084744
SpecifiedDemandProfile,A_Calibrated_BAU,GLOBAL,,ELCINDNE03,,,2023,S3D2,,,,,0.153413
SpecifiedDemandProfile,A_Calibrated_BAU,GLOBAL,,ELCINDNE03,,,2024,S3D2,,,,,0.153413
SpecifiedDemandProfile,A_Calibrated_BAU,GLOBAL,,ELCINDNE03,,,2025,S3D2,,,,,0.153413
SpecifiedDemandProfile,A_Calibrated_BAU,GLOBAL,,ELCINDNE03,,,2026,S3D2,,,,,0.153413
SpecifiedDemandProfile,A_Calibrated_BAU,GLOBAL,,ELCINDNE03,,,2027,S3D2,,,,,0.153413
SpecifiedDemandProfile,A_Calibrated_BAU,GLOBAL,,ELCINDNE03,,,2028,S3D2,,,,,0.153413
SpecifiedDemandProfile,A_Calibrated_BAU,GLOBAL,,ELCINDNE03,,,2029,S3D2,,,,,0.153413
SpecifiedDemandProfile,A_Calibrated_BAU,GLOBAL,,ELCINDNE03,,,2030,S3D2,,,,,0.153413
SpecifiedDemandProfile,A_Calibrated_BAU,GLOBAL,,ELCINDNE03,,,2031,S3D2,,,,,0.153413
SpecifiedDemandProfile,A_Calibrated_BAU,GLOBAL,,ELCINDNE03,,,2032,S3D2,,,,,0.153413
SpecifiedDemandProfile,A_Calibrated_BAU,GLOBAL,,ELCINDNE03,,,2033,S3D2,,,,,0.153413
SpecifiedDemandProfile,A_Calibrated_BAU,GLOBAL,,ELCINDNE03,,,2034,S3D2,,,,,0.153413
SpecifiedDemandProfile,A_Calibrated_BAU,GLOBAL,,ELCINDNE03,,,2035,S3D2,,,,,0.153413
SpecifiedDemandProfile,A_Calibrated_BAU,GLOBAL,,ELCINDNE03,,,2036,S3D2,,,,,0.153413
SpecifiedDemandProfile,A_Calibrated_BAU,GLOBAL,,ELCINDNE03,,,2037,S3D2,,,,,0.153413
SpecifiedDemandProfile,A_Calibrated_BAU,GLOBAL,,ELCINDNE03,,,2038,S3D2,,,,,0.153413
SpecifiedDemandProfile,A_Calibrated_BAU,GLOBAL,,ELCINDNE03,,,2039,S3D2,,,,,0.153413
SpecifiedDemandProfile,A_Calibrated_BAU,GLOBAL,,ELCINDNE03,,,2040,S3D2,,,,,0.153413
SpecifiedDemandProfile,A_Calibrated_BAU,GLOBAL,,ELCINDNE03,,,2041,S3D2,,,,,0.153413
SpecifiedDemandProfile,A_Calibrated_BAU,GLOBAL,,ELCINDNE03,,,2042,S3D2,,,,,0.153413
SpecifiedDemandProfile,A_Calibrated_BAU,GLOBAL,,ELCINDNE03,,,2043,S3D2,,,,,0.153413
SpecifiedDemandProfile,A_Calibrated_BAU,GLOBAL,,ELCINDNE03,,,2044,S3D2,,,,,0.153413
SpecifiedDemandProfile,A_Calibrated_BAU,GLOBAL,,ELCINDNE03,,,2045,S3D2,,,,,0.153413
SpecifiedDemandProfile,A_Calibrated_BAU,GLOBAL,,ELCINDNE03,,,2046,S3D2,,,,,0.153413
SpecifiedDemandProfile,A_Calibrated_BAU,GLOBAL,,ELCINDNE03,,,2047,S3D2,,,,,0.153413
SpecifiedDemandProfile,A_Calibrated_BAU,GLOBAL,,ELCINDNE03,,,2048,S3D2,,,,,0.153413
SpecifiedDemandProfile,A_Calibrated_BAU,GLOBAL,,ELCINDNE03,,,2049,S3D2,,,,,0.153413
SpecifiedDemandProfile,A_Calibrated_BAU,GLOBAL,,ELCINDNE03,,,2050,S3D2,,,,,0.153413
SpecifiedDemandProfile,A_Calibrated_BAU,GLOBAL,,ELCINDNE03,,,2023,S3D3,,,,,0.049907
SpecifiedDemandProfile,A_Calibrated_BAU,GLOBAL,,ELCINDNE03,,,2024,S3D3,,,,,0.049907
SpecifiedDemandProfile,A_Calibrated_BAU,GLOBAL,,ELCINDNE03,,,2025,S3D3,,,,,0.049907
SpecifiedDemandProfile,A_Calibrated_BAU,GLOBAL,,ELCINDNE03,,,2026,S3D3,,,,,0.049907
SpecifiedDemandProfile,A_Calibrated_BAU,GLOBAL,,ELCINDNE03,,,2027,S3D3,,,,,0.049907
SpecifiedDemandProfile,A_Calibrated_BAU,GLOBAL,,ELCINDNE03,,,2028,S3D3,,,,,0.049907
SpecifiedDemandProfile,A_Calibrated_BAU,GLOBAL,,ELCINDNE03,,,2029,S3D3,,,,,0.049907
SpecifiedDemandProfile,A_Calibrated_BAU,GLOBAL,,ELCINDNE03,,,2030,S3D3,,,,,0.049907
SpecifiedDemandProfile,A_Calibrated_BAU,GLOBAL,,ELCINDNE03,,,2031,S3D3,,,,,0.049907
SpecifiedDemandProfile,A_Calibrated_BAU,GLOBAL,,ELCINDNE03,,,2032,S3D3,,,,,0.049907
SpecifiedDemandProfile,A_Calibrated_BAU,GLOBAL,,ELCINDNE03,,,2033,S3D3,,,,,0.049907
SpecifiedDemandProfile,A_Calibrated_BAU,GLOBAL,,ELCINDNE03,,,2034,S3D3,,,,,0.049907
SpecifiedDemandProfile,A_Calibrated_BAU,GLOBAL,,ELCINDNE03,,,2035,S3D3,,,,,0.049907
SpecifiedDemandProfile,A_Calibrated_BAU,GLOBAL,,ELCINDNE03,,,2036,S3D3,,,,,0.049907
SpecifiedDemandProfile,A_Calibrated_BAU,GLOBAL,,ELCINDNE03,,,2037,S3D3,,,,,0.049907
SpecifiedDemandProfile,A_Calibrated_BAU,GLOBAL,,ELCINDNE03,,,2038,S3D3,,,,,0.049907
SpecifiedDemandProfile,A_Calibrated_BAU,GLOBAL,,ELCINDNE03,,,2039,S3D3,,,,,0.049907
SpecifiedDemandProfile,A_Calibrated_BAU,GLOBAL,,ELCINDNE03,,,2040,S3D3,,,,,0.049907
SpecifiedDemandProfile,A_Calibrated_BAU,GLOBAL,,ELCINDNE03,,,2041,S3D3,,,,,0.049907
SpecifiedDemandProfile,A_Calibrated_BAU,GLOBAL,,ELCINDNE03,,,2042,S3D3,,,,,0.049907
SpecifiedDemandProfile,A_Calibrated_BAU,GLOBAL,,ELCINDNE03,,,2043,S3D3,,,,,0.049907
SpecifiedDemandProfile,A_Calibrated_BAU,GLOBAL,,ELCINDNE03,,,2044,S3D3,,,,,0.049907
SpecifiedDemandProfile,A_Calibrated_BAU,GLOBAL,,ELCINDNE03,,,2045,S3D3,,,,,0.049907
SpecifiedDemandProfile,A_Calibrated_BAU,GLOBAL,,ELCINDNE03,,,2046,S3D3,,,,,0.049907
SpecifiedDemandProfile,A_Calibrated_BAU,GLOBAL,,ELCINDNE03,,,2047,S3D3,,,,,0.049907
SpecifiedDemandProfile,A_Calibrated_BAU,GLOBAL,,ELCINDNE03,,,2048,S3D3,,,,,0.049907
SpecifiedDemandProfile,A_Calibrated_BAU,GLOBAL,,ELCINDNE03,,,2049,S3D3,,,,,0.049907
SpecifiedDemandProfile,A_Calibrated_BAU,GLOBAL,,ELCINDNE03,,,2050,S3D3,,,,,0.049907
SpecifiedDemandProfile,A_Calibrated_BAU,GLOBAL,,ELCINDNE03,,,2023,S3D4,,,,,0.035333
SpecifiedDemandProfile,A_Calibrated_BAU,GLOBAL,,ELCINDNE03,,,2024,S3D4,,,,,0.035333
SpecifiedDemandProfile,A_Calibrated_BAU,GLOBAL,,ELCINDNE03,,,2025,S3D4,,,,,0.035333
SpecifiedDemandProfile,A_Calibrated_BAU,GLOBAL,,ELCINDNE03,,,2026,S3D4,,,,,0.035333
SpecifiedDemandProfile,A_Calibrated_BAU,GLOBAL,,ELCINDNE03,,,2027,S3D4,,,,,0.035333
SpecifiedDemandProfile,A_Calibrated_BAU,GLOBAL,,ELCINDNE03,,,2028,S3D4,,,,,0.035333
SpecifiedDemandProfile,A_Calibrated_BAU,GLOBAL,,ELCINDNE03,,,2029,S3D4,,,,,0.035333
SpecifiedDemandProfile,A_Calibrated_BAU,GLOBAL,,ELCINDNE03,,,2030,S3D4,,,,,0.035333
SpecifiedDemandProfile,A_Calibrated_BAU,GLOBAL,,ELCINDNE03,,,2031,S3D4,,,,,0.035333
SpecifiedDemandProfile,A_Calibrated_BAU,GLOBAL,,ELCINDNE03,,,2032,S3D4,,,,,0.035333
SpecifiedDemandProfile,A_Calibrated_BAU,GLOBAL,,ELCINDNE03,,,2033,S3D4,,,,,0.035333
SpecifiedDemandProfile,A_Calibrated_BAU,GLOBAL,,ELCINDNE03,,,2034,S3D4,,,,,0.035333
SpecifiedDemandProfile,A_Calibrated_BAU,GLOBAL,,ELCINDNE03,,,2035,S3D4,,,,,0.035333
SpecifiedDemandProfile,A_Calibrated_BAU,GLOBAL,,ELCINDNE03,,,2036,S3D4,,,,,0.035333
SpecifiedDemandProfile,A_Calibrated_BAU,GLOBAL,,ELCINDNE03,,,2037,S3D4,,,,,0.035333
SpecifiedDemandProfile,A_Calibrated_BAU,GLOBAL,,ELCINDNE03,,,2038,S3D4,,,,,0.035333
SpecifiedDemandProfile,A_Calibrated_BAU,GLOBAL,,ELCINDNE03,,,2039,S3D4,,,,,0.035333
SpecifiedDemandProfile,A_Calibrated_BAU,GLOBAL,,ELCINDNE03,,,2040,S3D4,,,,,0.035333
SpecifiedDemandProfile,A_Calibrated_BAU,GLOBAL,,ELCINDNE03,,,2041,S3D4,,,,,0.035333
SpecifiedDemandProfile,A_Calibrated_BAU,GLOBAL,,ELCINDNE03,,,2042,S3D4,,,,,0.035333
SpecifiedDemandProfile,A_Calibrated_BAU,GLOBAL,,ELCINDNE03,,,2043,S3D4,,,,,0.035333
SpecifiedDemandProfile,A_Calibrated_BAU,GLOBAL,,ELCINDNE03,,,2044,S3D4,,,,,0.035333
SpecifiedDemandProfile,A_Calibrated_BAU,GLOBAL,,ELCINDNE03,,,2045,S3D4,,,,,0.035333
SpecifiedDemandProfile,A_Calibrated_BAU,GLOBAL,,ELCINDNE03,,,2046,S3D4,,,,,0.035333
SpecifiedDemandProfile,A_Calibrated_BAU,GLOBAL,,ELCINDNE03,,,2047,S3D4,,,,,0.035333
SpecifiedDemandProfile,A_Calibrated_BAU,GLOBAL,,ELCINDNE03,,,2048,S3D4,,,,,0.035333
SpecifiedDemandProfile,A_Calibrated_BAU,GLOBAL,,ELCINDNE03,,,2049,S3D4,,,,,0.035333
SpecifiedDemandProfile,A_Calibrated_BAU,GLOBAL,,ELCINDNE03,,,2050,S3D4,,,,,0.035333
SpecifiedDemandProfile,A_Calibrated_BAU,GLOBAL,,ELCINDNE03,,,2023,S3D5,,,,,0.03325
SpecifiedDemandProfile,A_Calibrated_BAU,GLOBAL,,ELCINDNE03,,,2024,S3D5,,,,,0.03325
SpecifiedDemandProfile,A_Calibrated_BAU,GLOBAL,,ELCINDNE03,,,2025,S3D5,,,,,0.03325
SpecifiedDemandProfile,A_Calibrated_BAU,GLOBAL,,ELCINDNE03,,,2026,S3D5,,,,,0.03325
SpecifiedDemandProfile,A_Calibrated_BAU,GLOBAL,,ELCINDNE03,,,2027,S3D5,,,,,0.03325
SpecifiedDemandProfile,A_Calibrated_BAU,GLOBAL,,ELCINDNE03,,,2028,S3D5,,,,,0.03325
SpecifiedDemandProfile,A_Calibrated_BAU,GLOBAL,,ELCINDNE03,,,2029,S3D5,,,,,0.03325
SpecifiedDemandProfile,A_Calibrated_BAU,GLOBAL,,ELCINDNE03,,,2030,S3D5,,,,,0.03325
SpecifiedDemandProfile,A_Calibrated_BAU,GLOBAL,,ELCINDNE03,,,2031,S3D5,,,,,0.03325
SpecifiedDemandProfile,A_Calibrated_BAU,GLOBAL,,ELCINDNE03,,,2032,S3D5,,,,,0.03325
SpecifiedDemandProfile,A_Calibrated_BAU,GLOBAL,,ELCINDNE03,,,2033,S3D5,,,,,0.03325
SpecifiedDemandProfile,A_Calibrated_BAU,GLOBAL,,ELCINDNE03,,,2034,S3D5,,,,,0.03325
SpecifiedDemandProfile,A_Calibrated_BAU,GLOBAL,,ELCINDNE03,,,2035,S3D5,,,,,0.03325
SpecifiedDemandProfile,A_Calibrated_BAU,GLOBAL,,ELCINDNE03,,,2036,S3D5,,,,,0.03325
SpecifiedDemandProfile,A_Calibrated_BAU,GLOBAL,,ELCINDNE03,,,2037,S3D5,,,,,0.03325
SpecifiedDemandProfile,A_Calibrated_BAU,GLOBAL,,ELCINDNE03,,,2038,S3D5,,,,,0.03325
SpecifiedDemandProfile,A_Calibrated_BAU,GLOBAL,,ELCINDNE03,,,2039,S3D5,,,,,0.03325
SpecifiedDemandProfile,A_Calibrated_BAU,GLOBAL,,ELCINDNE03,,,2040,S3D5,,,,,0.03325
SpecifiedDemandProfile,A_Calibrated_BAU,GLOBAL,,ELCINDNE03,,,2041,S3D5,,,,,0.03325
SpecifiedDemandProfile,A_Calibrated_BAU,GLOBAL,,ELCINDNE03,,,2042,S3D5,,,,,0.03325
SpecifiedDemandProfile,A_Calibrated_BAU,GLOBAL,,ELCINDNE03,,,2043,S3D5,,,,,0.03325
SpecifiedDemandProfile,A_Calibrated_BAU,GLOBAL,,ELCINDNE03,,,2044,S3D5,,,,,0.03325
SpecifiedDemandProfile,A_Calibrated_BAU,GLOBAL,,ELCINDNE03,,,2045,S3D5,,,,,0.03325
SpecifiedDemandProfile,A_Calibrated_BAU,GLOBAL,,ELCINDNE03,,,2046,S3D5,,,,,0.03325
SpecifiedDemandProfile,A_Calibrated_BAU,GLOBAL,,ELCINDNE03,,,2047,S3D5,,,,,0.03325
SpecifiedDemandProfile,A_Calibrated_BAU,GLOBAL,,ELCINDNE03,,,2048,S3D5,,,,,0.03325
SpecifiedDemandProfile,A_Calibrated_BAU,GLOBAL,,ELCINDNE03,,,2049,S3D5,,,,,0.03325
SpecifiedDemandProfile,A_Calibrated_BAU,GLOBAL,,ELCINDNE03,,,2050,S3D5,,,,,0.03325
SpecifiedDemandProfile,A_Calibrated_BAU,GLOBAL,,ELCINDNE03,,,2023,S4D1,,,,,0.026541
SpecifiedDemandProfile,A_Calibrated_BAU,GLOBAL,,ELCINDNE03,,,2024,S4D1,,,,,0.026541
SpecifiedDemandProfile,A_Calibrated_BAU,GLOBAL,,ELCINDNE03,,,2025,S4D1,,,,,0.026541
SpecifiedDemandProfile,A_Calibrated_BAU,GLOBAL,,ELCINDNE03,,,2026,S4D1,,,,,0.026541
SpecifiedDemandProfile,A_Calibrated_BAU,GLOBAL,,ELCINDNE03,,,2027,S4D1,,,,,0.026541
SpecifiedDemandProfile,A_Calibrated_BAU,GLOBAL,,ELCINDNE03,,,2028,S4D1,,,,,0.026541
SpecifiedDemandProfile,A_Calibrated_BAU,GLOBAL,,ELCINDNE03,,,2029,S4D1,,,,,0.026541
SpecifiedDemandProfile,A_Calibrated_BAU,GLOBAL,,ELCINDNE03,,,2030,S4D1,,,,,0.026541
SpecifiedDemandProfile,A_Calibrated_BAU,GLOBAL,,ELCINDNE03,,,2031,S4D1,,,,,0.026541
SpecifiedDemandProfile,A_Calibrated_BAU,GLOBAL,,ELCINDNE03,,,2032,S4D1,,,,,0.026541
SpecifiedDemandProfile,A_Calibrated_BAU,GLOBAL,,ELCINDNE03,,,2033,S4D1,,,,,0.026541
SpecifiedDemandProfile,A_Calibrated_BAU,GLOBAL,,ELCINDNE03,,,2034,S4D1,,,,,0.026541
SpecifiedDemandProfile,A_Calibrated_BAU,GLOBAL,,ELCINDNE03,,,2035,S4D1,,,,,0.026541
SpecifiedDemandProfile,A_Calibrated_BAU,GLOBAL,,ELCINDNE03,,,2036,S4D1,,,,,0.026541
SpecifiedDemandProfile,A_Calibrated_BAU,GLOBAL,,ELCINDNE03,,,2037,S4D1,,,,,0.026541
SpecifiedDemandProfile,A_Calibrated_BAU,GLOBAL,,ELCINDNE03,,,2038,S4D1,,,,,0.026541
SpecifiedDemandProfile,A_Calibrated_BAU,GLOBAL,,ELCINDNE03,,,2039,S4D1,,,,,0.026541
SpecifiedDemandProfile,A_Calibrated_BAU,GLOBAL,,ELCINDNE03,,,2040,S4D1,,,,,0.026541
SpecifiedDemandProfile,A_Calibrated_BAU,GLOBAL,,ELCINDNE03,,,2041,S4D1,,,,,0.026541
SpecifiedDemandProfile,A_Calibrated_BAU,GLOBAL,,ELCINDNE03,,,2042,S4D1,,,,,0.026541
SpecifiedDemandProfile,A_Calibrated_BAU,GLOBAL,,ELCINDNE03,,,2043,S4D1,,,,,0.026541
SpecifiedDemandProfile,A_Calibrated_BAU,GLOBAL,,ELCINDNE03,,,2044,S4D1,,,,,0.026541
SpecifiedDemandProfile,A_Calibrated_BAU,GLOBAL,,ELCINDNE03,,,2045,S4D1,,,,,0.026541
SpecifiedDemandProfile,A_Calibrated_BAU,GLOBAL,,ELCINDNE03,,,2046,S4D1,,,,,0.026541
SpecifiedDemandProfile,A_Calibrated_BAU,GLOBAL,,ELCINDNE03,,,2047,S4D1,,,,,0.026541
SpecifiedDemandProfile,A_Calibrated_BAU,GLOBAL,,ELCINDNE03,,,2048,S4D1,,,,,0.026541
SpecifiedDemandProfile,A_Calibrated_BAU,GLOBAL,,ELCINDNE03,,,2049,S4D1,,,,,0.026541
SpecifiedDemandProfile,A_Calibrated_BAU,GLOBAL,,ELCINDNE03,,,2050,S4D1,,,,,0.026541
SpecifiedDemandProfile,A_Calibrated_BAU,GLOBAL,,ELCINDNE03,,,2023,S4D2,,,,,0.057236
SpecifiedDemandProfile,A_Calibrated_BAU,GLOBAL,,ELCINDNE03,,,2024,S4D2,,,,,0.057236
SpecifiedDemandProfile,A_Calibrated_BAU,GLOBAL,,ELCINDNE03,,,2025,S4D2,,,,,0.057236
SpecifiedDemandProfile,A_Calibrated_BAU,GLOBAL,,ELCINDNE03,,,2026,S4D2,,,,,0.057236
SpecifiedDemandProfile,A_Calibrated_BAU,GLOBAL,,ELCINDNE03,,,2027,S4D2,,,,,0.057236
SpecifiedDemandProfile,A_Calibrated_BAU,GLOBAL,,ELCINDNE03,,,2028,S4D2,,,,,0.057236
SpecifiedDemandProfile,A_Calibrated_BAU,GLOBAL,,ELCINDNE03,,,2029,S4D2,,,,,0.057236
SpecifiedDemandProfile,A_Calibrated_BAU,GLOBAL,,ELCINDNE03,,,2030,S4D2,,,,,0.057236
SpecifiedDemandProfile,A_Calibrated_BAU,GLOBAL,,ELCINDNE03,,,2031,S4D2,,,,,0.057236
SpecifiedDemandProfile,A_Calibrated_BAU,GLOBAL,,ELCINDNE03,,,2032,S4D2,,,,,0.057236
SpecifiedDemandProfile,A_Calibrated_BAU,GLOBAL,,ELCINDNE03,,,2033,S4D2,,,,,0.057236
SpecifiedDemandProfile,A_Calibrated_BAU,GLOBAL,,ELCINDNE03,,,2034,S4D2,,,,,0.057236
SpecifiedDemandProfile,A_Calibrated_BAU,GLOBAL,,ELCINDNE03,,,2035,S4D2,,,,,0.057236
SpecifiedDemandProfile,A_Calibrated_BAU,GLOBAL,,ELCINDNE03,,,2036,S4D2,,,,,0.057236
SpecifiedDemandProfile,A_Calibrated_BAU,GLOBAL,,ELCINDNE03,,,2037,S4D2,,,,,0.057236
SpecifiedDemandProfile,A_Calibrated_BAU,GLOBAL,,ELCINDNE03,,,2038,S4D2,,,,,0.057236
SpecifiedDemandProfile,A_Calibrated_BAU,GLOBAL,,ELCINDNE03,,,2039,S4D2,,,,,0.057236
SpecifiedDemandProfile,A_Calibrated_BAU,GLOBAL,,ELCINDNE03,,,2040,S4D2,,,,,0.057236
SpecifiedDemandProfile,A_Calibrated_BAU,GLOBAL,,ELCINDNE03,,,2041,S4D2,,,,,0.057236
SpecifiedDemandProfile,A_Calibrated_BAU,GLOBAL,,ELCINDNE03,,,2042,S4D2,,,,,0.057236
SpecifiedDemandProfile,A_Calibrated_BAU,GLOBAL,,ELCINDNE03,,,2043,S4D2,,,,,0.057236
SpecifiedDemandProfile,A_Calibrated_BAU,GLOBAL,,ELCINDNE03,,,2044,S4D2,,,,,0.057236
SpecifiedDemandProfile,A_Calibrated_BAU,GLOBAL,,ELCINDNE03,,,2045,S4D2,,,,,0.057236
SpecifiedDemandProfile,A_Calibrated_BAU,GLOBAL,,ELCINDNE03,,,2046,S4D2,,,,,0.057236
SpecifiedDemandProfile,A_Calibrated_BAU,GLOBAL,,ELCINDNE03,,,2047,S4D2,,,,,0.057236
SpecifiedDemandProfile,A_Calibrated_BAU,GLOBAL,,ELCINDNE03,,,2048,S4D2,,,,,0.057236
SpecifiedDemandProfile,A_Calibrated_BAU,GLOBAL,,ELCINDNE03,,,2049,S4D2,,,,,0.057236
SpecifiedDemandProfile,A_Calibrated_BAU,GLOBAL,,ELCINDNE03,,,2050,S4D2,,,,,0.057236
SpecifiedDemandProfile,A_Calibrated_BAU,GLOBAL,,ELCINDNE03,,,2023,S4D3,,,,,0.020527
SpecifiedDemandProfile,A_Calibrated_BAU,GLOBAL,,ELCINDNE03,,,2024,S4D3,,,,,0.020527
SpecifiedDemandProfile,A_Calibrated_BAU,GLOBAL,,ELCINDNE03,,,2025,S4D3,,,,,0.020527
SpecifiedDemandProfile,A_Calibrated_BAU,GLOBAL,,ELCINDNE03,,,2026,S4D3,,,,,0.020527
SpecifiedDemandProfile,A_Calibrated_BAU,GLOBAL,,ELCINDNE03,,,2027,S4D3,,,,,0.020527
SpecifiedDemandProfile,A_Calibrated_BAU,GLOBAL,,ELCINDNE03,,,2028,S4D3,,,,,0.020527
SpecifiedDemandProfile,A_Calibrated_BAU,GLOBAL,,ELCINDNE03,,,2029,S4D3,,,,,0.020527
SpecifiedDemandProfile,A_Calibrated_BAU,GLOBAL,,ELCINDNE03,,,2030,S4D3,,,,,0.020527
SpecifiedDemandProfile,A_Calibrated_BAU,GLOBAL,,ELCINDNE03,,,2031,S4D3,,,,,0.020527
SpecifiedDemandProfile,A_Calibrated_BAU,GLOBAL,,ELCINDNE03,,,2032,S4D3,,,,,0.020527
SpecifiedDemandProfile,A_Calibrated_BAU,GLOBAL,,ELCINDNE03,,,2033,S4D3,,,,,0.020527
SpecifiedDemandProfile,A_Calibrated_BAU,GLOBAL,,ELCINDNE03,,,2034,S4D3,,,,,0.020527
SpecifiedDemandProfile,A_Calibrated_BAU,GLOBAL,,ELCINDNE03,,,2035,S4D3,,,,,0.020527
SpecifiedDemandProfile,A_Calibrated_BAU,GLOBAL,,ELCINDNE03,,,2036,S4D3,,,,,0.020527
SpecifiedDemandProfile,A_Calibrated_BAU,GLOBAL,,ELCINDNE03,,,2037,S4D3,,,,,0.020527
SpecifiedDemandProfile,A_Calibrated_BAU,GLOBAL,,ELCINDNE03,,,2038,S4D3,,,,,0.020527
SpecifiedDemandProfile,A_Calibrated_BAU,GLOBAL,,ELCINDNE03,,,2039,S4D3,,,,,0.020527
SpecifiedDemandProfile,A_Calibrated_BAU,GLOBAL,,ELCINDNE03,,,2040,S4D3,,,,,0.020527
SpecifiedDemandProfile,A_Calibrated_BAU,GLOBAL,,ELCINDNE03,,,2041,S4D3,,,,,0.020527
SpecifiedDemandProfile,A_Calibrated_BAU,GLOBAL,,ELCINDNE03,,,2042,S4D3,,,,,0.020527
SpecifiedDemandProfile,A_Calibrated_BAU,GLOBAL,,ELCINDNE03,,,2043,S4D3,,,,,0.020527
SpecifiedDemandProfile,A_Calibrated_BAU,GLOBAL,,ELCINDNE03,,,2044,S4D3,,,,,0.020527
SpecifiedDemandProfile,A_Calibrated_BAU,GLOBAL,,ELCINDNE03,,,2045,S4D3,,,,,0.020527
SpecifiedDemandProfile,A_Calibrated_BAU,GLOBAL,,ELCINDNE03,,,2046,S4D3,,,,,0.020527
SpecifiedDemandProfile,A_Calibrated_BAU,GLOBAL,,ELCINDNE03,,,2047,S4D3,,,,,0.020527
SpecifiedDemandProfile,A_Calibrated_BAU,GLOBAL,,ELCINDNE03,,,2048,S4D3,,,,,0.020527
SpecifiedDemandProfile,A_Calibrated_BAU,GLOBAL,,ELCINDNE03,,,2049,S4D3,,,,,0.020527
SpecifiedDemandProfile,A_Calibrated_BAU,GLOBAL,,ELCINDNE03,,,2050,S4D3,,,,,0.020527
SpecifiedDemandProfile,A_Calibrated_BAU,GLOBAL,,ELCINDNE03,,,2023,S4D4,,,,,0.012305
SpecifiedDemandProfile,A_Calibrated_BAU,GLOBAL,,ELCINDNE03,,,2024,S4D4,,,,,0.012305
SpecifiedDemandProfile,A_Calibrated_BAU,GLOBAL,,ELCINDNE03,,,2025,S4D4,,,,,0.012305
SpecifiedDemandProfile,A_Calibrated_BAU,GLOBAL,,ELCINDNE03,,,2026,S4D4,,,,,0.012305
SpecifiedDemandProfile,A_Calibrated_BAU,GLOBAL,,ELCINDNE03,,,2027,S4D4,,,,,0.012305
SpecifiedDemandProfile,A_Calibrated_BAU,GLOBAL,,ELCINDNE03,,,2028,S4D4,,,,,0.012305
SpecifiedDemandProfile,A_Calibrated_BAU,GLOBAL,,ELCINDNE03,,,2029,S4D4,,,,,0.012305
SpecifiedDemandProfile,A_Calibrated_BAU,GLOBAL,,ELCINDNE03,,,2030,S4D4,,,,,0.012305
SpecifiedDemandProfile,A_Calibrated_BAU,GLOBAL,,ELCINDNE03,,,2031,S4D4,,,,,0.012305
SpecifiedDemandProfile,A_Calibrated_BAU,GLOBAL,,ELCINDNE03,,,2032,S4D4,,,,,0.012305
SpecifiedDemandProfile,A_Calibrated_BAU,GLOBAL,,ELCINDNE03,,,2033,S4D4,,,,,0.012305
SpecifiedDemandProfile,A_Calibrated_BAU,GLOBAL,,ELCINDNE03,,,2034,S4D4,,,,,0.012305
SpecifiedDemandProfile,A_Calibrated_BAU,GLOBAL,,ELCINDNE03,,,2035,S4D4,,,,,0.012305
SpecifiedDemandProfile,A_Calibrated_BAU,GLOBAL,,ELCINDNE03,,,2036,S4D4,,,,,0.012305
SpecifiedDemandProfile,A_Calibrated_BAU,GLOBAL,,ELCINDNE03,,,2037,S4D4,,,,,0.012305
SpecifiedDemandProfile,A_Calibrated_BAU,GLOBAL,,ELCINDNE03,,,2038,S4D4,,,,,0.012305
SpecifiedDemandProfile,A_Calibrated_BAU,GLOBAL,,ELCINDNE03,,,2039,S4D4,,,,,0.012305
SpecifiedDemandProfile,A_Calibrated_BAU,GLOBAL,,ELCINDNE03,,,2040,S4D4,,,,,0.012305
SpecifiedDemandProfile,A_Calibrated_BAU,GLOBAL,,ELCINDNE03,,,2041,S4D4,,,,,0.012305
SpecifiedDemandProfile,A_Calibrated_BAU,GLOBAL,,ELCINDNE03,,,2042,S4D4,,,,,0.012305
SpecifiedDemandProfile,A_Calibrated_BAU,GLOBAL,,ELCINDNE03,,,2043,S4D4,,,,,0.012305
SpecifiedDemandProfile,A_Calibrated_BAU,GLOBAL,,ELCINDNE03,,,2044,S4D4,,,,,0.012305
SpecifiedDemandProfile,A_Calibrated_BAU,GLOBAL,,ELCINDNE03,,,2045,S4D4,,,,,0.012305
SpecifiedDemandProfile,A_Calibrated_BAU,GLOBAL,,ELCINDNE03,,,2046,S4D4,,,,,0.012305
SpecifiedDemandProfile,A_Calibrated_BAU,GLOBAL,,ELCINDNE03,,,2047,S4D4,,,,,0.012305
SpecifiedDemandProfile,A_Calibrated_BAU,GLOBAL,,ELCINDNE03,,,2048,S4D4,,,,,0.012305
SpecifiedDemandProfile,A_Calibrated_BAU,GLOBAL,,ELCINDNE03,,,2049,S4D4,,,,,0.012305
SpecifiedDemandProfile,A_Calibrated_BAU,GLOBAL,,ELCINDNE03,,,2050,S4D4,,,,,0.012305
SpecifiedDemandProfile,A_Calibrated_BAU,GLOBAL,,ELCINDNE03,,,2023,S4D5,,,,,0.010525
SpecifiedDemandProfile,A_Calibrated_BAU,GLOBAL,,ELCINDNE03,,,2024,S4D5,,,,,0.010525
SpecifiedDemandProfile,A_Calibrated_BAU,GLOBAL,,ELCINDNE03,,,2025,S4D5,,,,,0.010525
SpecifiedDemandProfile,A_Calibrated_BAU,GLOBAL,,ELCINDNE03,,,2026,S4D5,,,,,0.010525
SpecifiedDemandProfile,A_Calibrated_BAU,GLOBAL,,ELCINDNE03,,,2027,S4D5,,,,,0.010525
SpecifiedDemandProfile,A_Calibrated_BAU,GLOBAL,,ELCINDNE03,,,2028,S4D5,,,,,0.010525
SpecifiedDemandProfile,A_Calibrated_BAU,GLOBAL,,ELCINDNE03,,,2029,S4D5,,,,,0.010525
SpecifiedDemandProfile,A_Calibrated_BAU,GLOBAL,,ELCINDNE03,,,2030,S4D5,,,,,0.010525
SpecifiedDemandProfile,A_Calibrated_BAU,GLOBAL,,ELCINDNE03,,,2031,S4D5,,,,,0.010525
SpecifiedDemandProfile,A_Calibrated_BAU,GLOBAL,,ELCINDNE03,,,2032,S4D5,,,,,0.010525
SpecifiedDemandProfile,A_Calibrated_BAU,GLOBAL,,ELCINDNE03,,,2033,S4D5,,,,,0.010525
SpecifiedDemandProfile,A_Calibrated_BAU,GLOBAL,,ELCINDNE03,,,2034,S4D5,,,,,0.010525
SpecifiedDemandProfile,A_Calibrated_BAU,GLOBAL,,ELCINDNE03,,,2035,S4D5,,,,,0.010525
SpecifiedDemandProfile,A_Calibrated_BAU,GLOBAL,,ELCINDNE03,,,2036,S4D5,,,,,0.010525
SpecifiedDemandProfile,A_Calibrated_BAU,GLOBAL,,ELCINDNE03,,,2037,S4D5,,,,,0.010525
SpecifiedDemandProfile,A_Calibrated_BAU,GLOBAL,,ELCINDNE03,,,2038,S4D5,,,,,0.010525
SpecifiedDemandProfile,A_Calibrated_BAU,GLOBAL,,ELCINDNE03,,,2039,S4D5,,,,,0.010525
SpecifiedDemandProfile,A_Calibrated_BAU,GLOBAL,,ELCINDNE03,,,2040,S4D5,,,,,0.010525
SpecifiedDemandProfile,A_Calibrated_BAU,GLOBAL,,ELCINDNE03,,,2041,S4D5,,,,,0.010525
SpecifiedDemandProfile,A_Calibrated_BAU,GLOBAL,,ELCINDNE03,,,2042,S4D5,,,,,0.010525
SpecifiedDemandProfile,A_Calibrated_BAU,GLOBAL,,ELCINDNE03,,,2043,S4D5,,,,,0.010525
SpecifiedDemandProfile,A_Calibrated_BAU,GLOBAL,,ELCINDNE03,,,2044,S4D5,,,,,0.010525
SpecifiedDemandProfile,A_Calibrated_BAU,GLOBAL,,ELCINDNE03,,,2045,S4D5,,,,,0.010525
SpecifiedDemandProfile,A_Calibrated_BAU,GLOBAL,,ELCINDNE03,,,2046,S4D5,,,,,0.010525
SpecifiedDemandProfile,A_Calibrated_BAU,GLOBAL,,ELCINDNE03,,,2047,S4D5,,,,,0.010525
SpecifiedDemandProfile,A_Calibrated_BAU,GLOBAL,,ELCINDNE03,,,2048,S4D5,,,,,0.010525
SpecifiedDemandProfile,A_Calibrated_BAU,GLOBAL,,ELCINDNE03,,,2049,S4D5,,,,,0.010525
SpecifiedDemandProfile,A_Calibrated_BAU,GLOBAL,,ELCINDNE03,,,2050,S4D5,,,,,0.010525
SpecifiedDemandProfile,A_Calibrated_BAU,GLOBAL,,ELCNPLXX03,,,2023,S1D1,,,,,0.042472
SpecifiedDemandProfile,A_Calibrated_BAU,GLOBAL,,ELCNPLXX03,,,2024,S1D1,,,,,0.042472
SpecifiedDemandProfile,A_Calibrated_BAU,GLOBAL,,ELCNPLXX03,,,2025,S1D1,,,,,0.042472
SpecifiedDemandProfile,A_Calibrated_BAU,GLOBAL,,ELCNPLXX03,,,2026,S1D1,,,,,0.042472
SpecifiedDemandProfile,A_Calibrated_BAU,GLOBAL,,ELCNPLXX03,,,2027,S1D1,,,,,0.042472
SpecifiedDemandProfile,A_Calibrated_BAU,GLOBAL,,ELCNPLXX03,,,2028,S1D1,,,,,0.042472
SpecifiedDemandProfile,A_Calibrated_BAU,GLOBAL,,ELCNPLXX03,,,2029,S1D1,,,,,0.042472
SpecifiedDemandProfile,A_Calibrated_BAU,GLOBAL,,ELCNPLXX03,,,2030,S1D1,,,,,0.042472
SpecifiedDemandProfile,A_Calibrated_BAU,GLOBAL,,ELCNPLXX03,,,2031,S1D1,,,,,0.042472
SpecifiedDemandProfile,A_Calibrated_BAU,GLOBAL,,ELCNPLXX03,,,2032,S1D1,,,,,0.042472
SpecifiedDemandProfile,A_Calibrated_BAU,GLOBAL,,ELCNPLXX03,,,2033,S1D1,,,,,0.042472
SpecifiedDemandProfile,A_Calibrated_BAU,GLOBAL,,ELCNPLXX03,,,2034,S1D1,,,,,0.042472
SpecifiedDemandProfile,A_Calibrated_BAU,GLOBAL,,ELCNPLXX03,,,2035,S1D1,,,,,0.042472
SpecifiedDemandProfile,A_Calibrated_BAU,GLOBAL,,ELCNPLXX03,,,2036,S1D1,,,,,0.042472
SpecifiedDemandProfile,A_Calibrated_BAU,GLOBAL,,ELCNPLXX03,,,2037,S1D1,,,,,0.042472
SpecifiedDemandProfile,A_Calibrated_BAU,GLOBAL,,ELCNPLXX03,,,2038,S1D1,,,,,0.042472
SpecifiedDemandProfile,A_Calibrated_BAU,GLOBAL,,ELCNPLXX03,,,2039,S1D1,,,,,0.042472
SpecifiedDemandProfile,A_Calibrated_BAU,GLOBAL,,ELCNPLXX03,,,2040,S1D1,,,,,0.042472
SpecifiedDemandProfile,A_Calibrated_BAU,GLOBAL,,ELCNPLXX03,,,2041,S1D1,,,,,0.042472
SpecifiedDemandProfile,A_Calibrated_BAU,GLOBAL,,ELCNPLXX03,,,2042,S1D1,,,,,0.042472
SpecifiedDemandProfile,A_Calibrated_BAU,GLOBAL,,ELCNPLXX03,,,2043,S1D1,,,,,0.042472
SpecifiedDemandProfile,A_Calibrated_BAU,GLOBAL,,ELCNPLXX03,,,2044,S1D1,,,,,0.042472
SpecifiedDemandProfile,A_Calibrated_BAU,GLOBAL,,ELCNPLXX03,,,2045,S1D1,,,,,0.042472
SpecifiedDemandProfile,A_Calibrated_BAU,GLOBAL,,ELCNPLXX03,,,2046,S1D1,,,,,0.042472
SpecifiedDemandProfile,A_Calibrated_BAU,GLOBAL,,ELCNPLXX03,,,2047,S1D1,,,,,0.042472
SpecifiedDemandProfile,A_Calibrated_BAU,GLOBAL,,ELCNPLXX03,,,2048,S1D1,,,,,0.042472
SpecifiedDemandProfile,A_Calibrated_BAU,GLOBAL,,ELCNPLXX03,,,2049,S1D1,,,,,0.042472
SpecifiedDemandProfile,A_Calibrated_BAU,GLOBAL,,ELCNPLXX03,,,2050,S1D1,,,,,0.042472
SpecifiedDemandProfile,A_Calibrated_BAU,GLOBAL,,ELCNPLXX03,,,2023,S1D2,,,,,0.103494
SpecifiedDemandProfile,A_Calibrated_BAU,GLOBAL,,ELCNPLXX03,,,2024,S1D2,,,,,0.103494
SpecifiedDemandProfile,A_Calibrated_BAU,GLOBAL,,ELCNPLXX03,,,2025,S1D2,,,,,0.103494
SpecifiedDemandProfile,A_Calibrated_BAU,GLOBAL,,ELCNPLXX03,,,2026,S1D2,,,,,0.103494
SpecifiedDemandProfile,A_Calibrated_BAU,GLOBAL,,ELCNPLXX03,,,2027,S1D2,,,,,0.103494
SpecifiedDemandProfile,A_Calibrated_BAU,GLOBAL,,ELCNPLXX03,,,2028,S1D2,,,,,0.103494
SpecifiedDemandProfile,A_Calibrated_BAU,GLOBAL,,ELCNPLXX03,,,2029,S1D2,,,,,0.103494
SpecifiedDemandProfile,A_Calibrated_BAU,GLOBAL,,ELCNPLXX03,,,2030,S1D2,,,,,0.103494
SpecifiedDemandProfile,A_Calibrated_BAU,GLOBAL,,ELCNPLXX03,,,2031,S1D2,,,,,0.103494
SpecifiedDemandProfile,A_Calibrated_BAU,GLOBAL,,ELCNPLXX03,,,2032,S1D2,,,,,0.103494
SpecifiedDemandProfile,A_Calibrated_BAU,GLOBAL,,ELCNPLXX03,,,2033,S1D2,,,,,0.103494
SpecifiedDemandProfile,A_Calibrated_BAU,GLOBAL,,ELCNPLXX03,,,2034,S1D2,,,,,0.103494
SpecifiedDemandProfile,A_Calibrated_BAU,GLOBAL,,ELCNPLXX03,,,2035,S1D2,,,,,0.103494
SpecifiedDemandProfile,A_Calibrated_BAU,GLOBAL,,ELCNPLXX03,,,2036,S1D2,,,,,0.103494
SpecifiedDemandProfile,A_Calibrated_BAU,GLOBAL,,ELCNPLXX03,,,2037,S1D2,,,,,0.103494
SpecifiedDemandProfile,A_Calibrated_BAU,GLOBAL,,ELCNPLXX03,,,2038,S1D2,,,,,0.103494
SpecifiedDemandProfile,A_Calibrated_BAU,GLOBAL,,ELCNPLXX03,,,2039,S1D2,,,,,0.103494
SpecifiedDemandProfile,A_Calibrated_BAU,GLOBAL,,ELCNPLXX03,,,2040,S1D2,,,,,0.103494
SpecifiedDemandProfile,A_Calibrated_BAU,GLOBAL,,ELCNPLXX03,,,2041,S1D2,,,,,0.103494
SpecifiedDemandProfile,A_Calibrated_BAU,GLOBAL,,ELCNPLXX03,,,2042,S1D2,,,,,0.103494
SpecifiedDemandProfile,A_Calibrated_BAU,GLOBAL,,ELCNPLXX03,,,2043,S1D2,,,,,0.103494
SpecifiedDemandProfile,A_Calibrated_BAU,GLOBAL,,ELCNPLXX03,,,2044,S1D2,,,,,0.103494
SpecifiedDemandProfile,A_Calibrated_BAU,GLOBAL,,ELCNPLXX03,,,2045,S1D2,,,,,0.103494
SpecifiedDemandProfile,A_Calibrated_BAU,GLOBAL,,ELCNPLXX03,,,2046,S1D2,,,,,0.103494
SpecifiedDemandProfile,A_Calibrated_BAU,GLOBAL,,ELCNPLXX03,,,2047,S1D2,,,,,0.103494
SpecifiedDemandProfile,A_Calibrated_BAU,GLOBAL,,ELCNPLXX03,,,2048,S1D2,,,,,0.103494
SpecifiedDemandProfile,A_Calibrated_BAU,GLOBAL,,ELCNPLXX03,,,2049,S1D2,,,,,0.103494
SpecifiedDemandProfile,A_Calibrated_BAU,GLOBAL,,ELCNPLXX03,,,2050,S1D2,,,,,0.103494
SpecifiedDemandProfile,A_Calibrated_BAU,GLOBAL,,ELCNPLXX03,,,2023,S1D3,,,,,0.041418
SpecifiedDemandProfile,A_Calibrated_BAU,GLOBAL,,ELCNPLXX03,,,2024,S1D3,,,,,0.041418
SpecifiedDemandProfile,A_Calibrated_BAU,GLOBAL,,ELCNPLXX03,,,2025,S1D3,,,,,0.041418
SpecifiedDemandProfile,A_Calibrated_BAU,GLOBAL,,ELCNPLXX03,,,2026,S1D3,,,,,0.041418
SpecifiedDemandProfile,A_Calibrated_BAU,GLOBAL,,ELCNPLXX03,,,2027,S1D3,,,,,0.041418
SpecifiedDemandProfile,A_Calibrated_BAU,GLOBAL,,ELCNPLXX03,,,2028,S1D3,,,,,0.041418
SpecifiedDemandProfile,A_Calibrated_BAU,GLOBAL,,ELCNPLXX03,,,2029,S1D3,,,,,0.041418
SpecifiedDemandProfile,A_Calibrated_BAU,GLOBAL,,ELCNPLXX03,,,2030,S1D3,,,,,0.041418
SpecifiedDemandProfile,A_Calibrated_BAU,GLOBAL,,ELCNPLXX03,,,2031,S1D3,,,,,0.041418
SpecifiedDemandProfile,A_Calibrated_BAU,GLOBAL,,ELCNPLXX03,,,2032,S1D3,,,,,0.041418
SpecifiedDemandProfile,A_Calibrated_BAU,GLOBAL,,ELCNPLXX03,,,2033,S1D3,,,,,0.041418
SpecifiedDemandProfile,A_Calibrated_BAU,GLOBAL,,ELCNPLXX03,,,2034,S1D3,,,,,0.041418
SpecifiedDemandProfile,A_Calibrated_BAU,GLOBAL,,ELCNPLXX03,,,2035,S1D3,,,,,0.041418
SpecifiedDemandProfile,A_Calibrated_BAU,GLOBAL,,ELCNPLXX03,,,2036,S1D3,,,,,0.041418
SpecifiedDemandProfile,A_Calibrated_BAU,GLOBAL,,ELCNPLXX03,,,2037,S1D3,,,,,0.041418
SpecifiedDemandProfile,A_Calibrated_BAU,GLOBAL,,ELCNPLXX03,,,2038,S1D3,,,,,0.041418
SpecifiedDemandProfile,A_Calibrated_BAU,GLOBAL,,ELCNPLXX03,,,2039,S1D3,,,,,0.041418
SpecifiedDemandProfile,A_Calibrated_BAU,GLOBAL,,ELCNPLXX03,,,2040,S1D3,,,,,0.041418
SpecifiedDemandProfile,A_Calibrated_BAU,GLOBAL,,ELCNPLXX03,,,2041,S1D3,,,,,0.041418
SpecifiedDemandProfile,A_Calibrated_BAU,GLOBAL,,ELCNPLXX03,,,2042,S1D3,,,,,0.041418
SpecifiedDemandProfile,A_Calibrated_BAU,GLOBAL,,ELCNPLXX03,,,2043,S1D3,,,,,0.041418
SpecifiedDemandProfile,A_Calibrated_BAU,GLOBAL,,ELCNPLXX03,,,2044,S1D3,,,,,0.041418
SpecifiedDemandProfile,A_Calibrated_BAU,GLOBAL,,ELCNPLXX03,,,2045,S1D3,,,,,0.041418
SpecifiedDemandProfile,A_Calibrated_BAU,GLOBAL,,ELCNPLXX03,,,2046,S1D3,,,,,0.041418
SpecifiedDemandProfile,A_Calibrated_BAU,GLOBAL,,ELCNPLXX03,,,2047,S1D3,,,,,0.041418
SpecifiedDemandProfile,A_Calibrated_BAU,GLOBAL,,ELCNPLXX03,,,2048,S1D3,,,,,0.041418
SpecifiedDemandProfile,A_Calibrated_BAU,GLOBAL,,ELCNPLXX03,,,2049,S1D3,,,,,0.041418
SpecifiedDemandProfile,A_Calibrated_BAU,GLOBAL,,ELCNPLXX03,,,2050,S1D3,,,,,0.041418
SpecifiedDemandProfile,A_Calibrated_BAU,GLOBAL,,ELCNPLXX03,,,2023,S1D4,,,,,0.02151
SpecifiedDemandProfile,A_Calibrated_BAU,GLOBAL,,ELCNPLXX03,,,2024,S1D4,,,,,0.02151
SpecifiedDemandProfile,A_Calibrated_BAU,GLOBAL,,ELCNPLXX03,,,2025,S1D4,,,,,0.02151
SpecifiedDemandProfile,A_Calibrated_BAU,GLOBAL,,ELCNPLXX03,,,2026,S1D4,,,,,0.02151
SpecifiedDemandProfile,A_Calibrated_BAU,GLOBAL,,ELCNPLXX03,,,2027,S1D4,,,,,0.02151
SpecifiedDemandProfile,A_Calibrated_BAU,GLOBAL,,ELCNPLXX03,,,2028,S1D4,,,,,0.02151
SpecifiedDemandProfile,A_Calibrated_BAU,GLOBAL,,ELCNPLXX03,,,2029,S1D4,,,,,0.02151
SpecifiedDemandProfile,A_Calibrated_BAU,GLOBAL,,ELCNPLXX03,,,2030,S1D4,,,,,0.02151
SpecifiedDemandProfile,A_Calibrated_BAU,GLOBAL,,ELCNPLXX03,,,2031,S1D4,,,,,0.02151
SpecifiedDemandProfile,A_Calibrated_BAU,GLOBAL,,ELCNPLXX03,,,2032,S1D4,,,,,0.02151
SpecifiedDemandProfile,A_Calibrated_BAU,GLOBAL,,ELCNPLXX03,,,2033,S1D4,,,,,0.02151
SpecifiedDemandProfile,A_Calibrated_BAU,GLOBAL,,ELCNPLXX03,,,2034,S1D4,,,,,0.02151
SpecifiedDemandProfile,A_Calibrated_BAU,GLOBAL,,ELCNPLXX03,,,2035,S1D4,,,,,0.02151
SpecifiedDemandProfile,A_Calibrated_BAU,GLOBAL,,ELCNPLXX03,,,2036,S1D4,,,,,0.02151
SpecifiedDemandProfile,A_Calibrated_BAU,GLOBAL,,ELCNPLXX03,,,2037,S1D4,,,,,0.02151
SpecifiedDemandProfile,A_Calibrated_BAU,GLOBAL,,ELCNPLXX03,,,2038,S1D4,,,,,0.02151
SpecifiedDemandProfile,A_Calibrated_BAU,GLOBAL,,ELCNPLXX03,,,2039,S1D4,,,,,0.02151
SpecifiedDemandProfile,A_Calibrated_BAU,GLOBAL,,ELCNPLXX03,,,2040,S1D4,,,,,0.02151
SpecifiedDemandProfile,A_Calibrated_BAU,GLOBAL,,ELCNPLXX03,,,2041,S1D4,,,,,0.02151
SpecifiedDemandProfile,A_Calibrated_BAU,GLOBAL,,ELCNPLXX03,,,2042,S1D4,,,,,0.02151
SpecifiedDemandProfile,A_Calibrated_BAU,GLOBAL,,ELCNPLXX03,,,2043,S1D4,,,,,0.02151
SpecifiedDemandProfile,A_Calibrated_BAU,GLOBAL,,ELCNPLXX03,,,2044,S1D4,,,,,0.02151
SpecifiedDemandProfile,A_Calibrated_BAU,GLOBAL,,ELCNPLXX03,,,2045,S1D4,,,,,0.02151
SpecifiedDemandProfile,A_Calibrated_BAU,GLOBAL,,ELCNPLXX03,,,2046,S1D4,,,,,0.02151
SpecifiedDemandProfile,A_Calibrated_BAU,GLOBAL,,ELCNPLXX03,,,2047,S1D4,,,,,0.02151
SpecifiedDemandProfile,A_Calibrated_BAU,GLOBAL,,ELCNPLXX03,,,2048,S1D4,,,,,0.02151
SpecifiedDemandProfile,A_Calibrated_BAU,GLOBAL,,ELCNPLXX03,,,2049,S1D4,,,,,0.02151
SpecifiedDemandProfile,A_Calibrated_BAU,GLOBAL,,ELCNPLXX03,,,2050,S1D4,,,,,0.02151
SpecifiedDemandProfile,A_Calibrated_BAU,GLOBAL,,ELCNPLXX03,,,2023,S1D5,,,,,0.015906
SpecifiedDemandProfile,A_Calibrated_BAU,GLOBAL,,ELCNPLXX03,,,2024,S1D5,,,,,0.015906
SpecifiedDemandProfile,A_Calibrated_BAU,GLOBAL,,ELCNPLXX03,,,2025,S1D5,,,,,0.015906
SpecifiedDemandProfile,A_Calibrated_BAU,GLOBAL,,ELCNPLXX03,,,2026,S1D5,,,,,0.015906
SpecifiedDemandProfile,A_Calibrated_BAU,GLOBAL,,ELCNPLXX03,,,2027,S1D5,,,,,0.015906
SpecifiedDemandProfile,A_Calibrated_BAU,GLOBAL,,ELCNPLXX03,,,2028,S1D5,,,,,0.015906
SpecifiedDemandProfile,A_Calibrated_BAU,GLOBAL,,ELCNPLXX03,,,2029,S1D5,,,,,0.015906
SpecifiedDemandProfile,A_Calibrated_BAU,GLOBAL,,ELCNPLXX03,,,2030,S1D5,,,,,0.015906
SpecifiedDemandProfile,A_Calibrated_BAU,GLOBAL,,ELCNPLXX03,,,2031,S1D5,,,,,0.015906
SpecifiedDemandProfile,A_Calibrated_BAU,GLOBAL,,ELCNPLXX03,,,2032,S1D5,,,,,0.015906
SpecifiedDemandProfile,A_Calibrated_BAU,GLOBAL,,ELCNPLXX03,,,2033,S1D5,,,,,0.015906
SpecifiedDemandProfile,A_Calibrated_BAU,GLOBAL,,ELCNPLXX03,,,2034,S1D5,,,,,0.015906
SpecifiedDemandProfile,A_Calibrated_BAU,GLOBAL,,ELCNPLXX03,,,2035,S1D5,,,,,0.015906
SpecifiedDemandProfile,A_Calibrated_BAU,GLOBAL,,ELCNPLXX03,,,2036,S1D5,,,,,0.015906
SpecifiedDemandProfile,A_Calibrated_BAU,GLOBAL,,ELCNPLXX03,,,2037,S1D5,,,,,0.015906
SpecifiedDemandProfile,A_Calibrated_BAU,GLOBAL,,ELCNPLXX03,,,2038,S1D5,,,,,0.015906
SpecifiedDemandProfile,A_Calibrated_BAU,GLOBAL,,ELCNPLXX03,,,2039,S1D5,,,,,0.015906
SpecifiedDemandProfile,A_Calibrated_BAU,GLOBAL,,ELCNPLXX03,,,2040,S1D5,,,,,0.015906
SpecifiedDemandProfile,A_Calibrated_BAU,GLOBAL,,ELCNPLXX03,,,2041,S1D5,,,,,0.015906
SpecifiedDemandProfile,A_Calibrated_BAU,GLOBAL,,ELCNPLXX03,,,2042,S1D5,,,,,0.015906
SpecifiedDemandProfile,A_Calibrated_BAU,GLOBAL,,ELCNPLXX03,,,2043,S1D5,,,,,0.015906
SpecifiedDemandProfile,A_Calibrated_BAU,GLOBAL,,ELCNPLXX03,,,2044,S1D5,,,,,0.015906
SpecifiedDemandProfile,A_Calibrated_BAU,GLOBAL,,ELCNPLXX03,,,2045,S1D5,,,,,0.015906
SpecifiedDemandProfile,A_Calibrated_BAU,GLOBAL,,ELCNPLXX03,,,2046,S1D5,,,,,0.015906
SpecifiedDemandProfile,A_Calibrated_BAU,GLOBAL,,ELCNPLXX03,,,2047,S1D5,,,,,0.015906
SpecifiedDemandProfile,A_Calibrated_BAU,GLOBAL,,ELCNPLXX03,,,2048,S1D5,,,,,0.015906
SpecifiedDemandProfile,A_Calibrated_BAU,GLOBAL,,ELCNPLXX03,,,2049,S1D5,,,,,0.015906
SpecifiedDemandProfile,A_Calibrated_BAU,GLOBAL,,ELCNPLXX03,,,2050,S1D5,,,,,0.015906
SpecifiedDemandProfile,A_Calibrated_BAU,GLOBAL,,ELCNPLXX03,,,2023,S2D1,,,,,0.055876
SpecifiedDemandProfile,A_Calibrated_BAU,GLOBAL,,ELCNPLXX03,,,2024,S2D1,,,,,0.055876
SpecifiedDemandProfile,A_Calibrated_BAU,GLOBAL,,ELCNPLXX03,,,2025,S2D1,,,,,0.055876
SpecifiedDemandProfile,A_Calibrated_BAU,GLOBAL,,ELCNPLXX03,,,2026,S2D1,,,,,0.055876
SpecifiedDemandProfile,A_Calibrated_BAU,GLOBAL,,ELCNPLXX03,,,2027,S2D1,,,,,0.055876
SpecifiedDemandProfile,A_Calibrated_BAU,GLOBAL,,ELCNPLXX03,,,2028,S2D1,,,,,0.055876
SpecifiedDemandProfile,A_Calibrated_BAU,GLOBAL,,ELCNPLXX03,,,2029,S2D1,,,,,0.055876
SpecifiedDemandProfile,A_Calibrated_BAU,GLOBAL,,ELCNPLXX03,,,2030,S2D1,,,,,0.055876
SpecifiedDemandProfile,A_Calibrated_BAU,GLOBAL,,ELCNPLXX03,,,2031,S2D1,,,,,0.055876
SpecifiedDemandProfile,A_Calibrated_BAU,GLOBAL,,ELCNPLXX03,,,2032,S2D1,,,,,0.055876
SpecifiedDemandProfile,A_Calibrated_BAU,GLOBAL,,ELCNPLXX03,,,2033,S2D1,,,,,0.055876
SpecifiedDemandProfile,A_Calibrated_BAU,GLOBAL,,ELCNPLXX03,,,2034,S2D1,,,,,0.055876
SpecifiedDemandProfile,A_Calibrated_BAU,GLOBAL,,ELCNPLXX03,,,2035,S2D1,,,,,0.055876
SpecifiedDemandProfile,A_Calibrated_BAU,GLOBAL,,ELCNPLXX03,,,2036,S2D1,,,,,0.055876
SpecifiedDemandProfile,A_Calibrated_BAU,GLOBAL,,ELCNPLXX03,,,2037,S2D1,,,,,0.055876
SpecifiedDemandProfile,A_Calibrated_BAU,GLOBAL,,ELCNPLXX03,,,2038,S2D1,,,,,0.055876
SpecifiedDemandProfile,A_Calibrated_BAU,GLOBAL,,ELCNPLXX03,,,2039,S2D1,,,,,0.055876
SpecifiedDemandProfile,A_Calibrated_BAU,GLOBAL,,ELCNPLXX03,,,2040,S2D1,,,,,0.055876
SpecifiedDemandProfile,A_Calibrated_BAU,GLOBAL,,ELCNPLXX03,,,2041,S2D1,,,,,0.055876
SpecifiedDemandProfile,A_Calibrated_BAU,GLOBAL,,ELCNPLXX03,,,2042,S2D1,,,,,0.055876
SpecifiedDemandProfile,A_Calibrated_BAU,GLOBAL,,ELCNPLXX03,,,2043,S2D1,,,,,0.055876
SpecifiedDemandProfile,A_Calibrated_BAU,GLOBAL,,ELCNPLXX03,,,2044,S2D1,,,,,0.055876
SpecifiedDemandProfile,A_Calibrated_BAU,GLOBAL,,ELCNPLXX03,,,2045,S2D1,,,,,0.055876
SpecifiedDemandProfile,A_Calibrated_BAU,GLOBAL,,ELCNPLXX03,,,2046,S2D1,,,,,0.055876
SpecifiedDemandProfile,A_Calibrated_BAU,GLOBAL,,ELCNPLXX03,,,2047,S2D1,,,,,0.055876
SpecifiedDemandProfile,A_Calibrated_BAU,GLOBAL,,ELCNPLXX03,,,2048,S2D1,,,,,0.055876
SpecifiedDemandProfile,A_Calibrated_BAU,GLOBAL,,ELCNPLXX03,,,2049,S2D1,,,,,0.055876
SpecifiedDemandProfile,A_Calibrated_BAU,GLOBAL,,ELCNPLXX03,,,2050,S2D1,,,,,0.055876
SpecifiedDemandProfile,A_Calibrated_BAU,GLOBAL,,ELCNPLXX03,,,2023,S2D2,,,,,0.120771
SpecifiedDemandProfile,A_Calibrated_BAU,GLOBAL,,ELCNPLXX03,,,2024,S2D2,,,,,0.120771
SpecifiedDemandProfile,A_Calibrated_BAU,GLOBAL,,ELCNPLXX03,,,2025,S2D2,,,,,0.120771
SpecifiedDemandProfile,A_Calibrated_BAU,GLOBAL,,ELCNPLXX03,,,2026,S2D2,,,,,0.120771
SpecifiedDemandProfile,A_Calibrated_BAU,GLOBAL,,ELCNPLXX03,,,2027,S2D2,,,,,0.120771
SpecifiedDemandProfile,A_Calibrated_BAU,GLOBAL,,ELCNPLXX03,,,2028,S2D2,,,,,0.120771
SpecifiedDemandProfile,A_Calibrated_BAU,GLOBAL,,ELCNPLXX03,,,2029,S2D2,,,,,0.120771
SpecifiedDemandProfile,A_Calibrated_BAU,GLOBAL,,ELCNPLXX03,,,2030,S2D2,,,,,0.120771
SpecifiedDemandProfile,A_Calibrated_BAU,GLOBAL,,ELCNPLXX03,,,2031,S2D2,,,,,0.120771
SpecifiedDemandProfile,A_Calibrated_BAU,GLOBAL,,ELCNPLXX03,,,2032,S2D2,,,,,0.120771
SpecifiedDemandProfile,A_Calibrated_BAU,GLOBAL,,ELCNPLXX03,,,2033,S2D2,,,,,0.120771
SpecifiedDemandProfile,A_Calibrated_BAU,GLOBAL,,ELCNPLXX03,,,2034,S2D2,,,,,0.120771
SpecifiedDemandProfile,A_Calibrated_BAU,GLOBAL,,ELCNPLXX03,,,2035,S2D2,,,,,0.120771
SpecifiedDemandProfile,A_Calibrated_BAU,GLOBAL,,ELCNPLXX03,,,2036,S2D2,,,,,0.120771
SpecifiedDemandProfile,A_Calibrated_BAU,GLOBAL,,ELCNPLXX03,,,2037,S2D2,,,,,0.120771
SpecifiedDemandProfile,A_Calibrated_BAU,GLOBAL,,ELCNPLXX03,,,2038,S2D2,,,,,0.120771
SpecifiedDemandProfile,A_Calibrated_BAU,GLOBAL,,ELCNPLXX03,,,2039,S2D2,,,,,0.120771
SpecifiedDemandProfile,A_Calibrated_BAU,GLOBAL,,ELCNPLXX03,,,2040,S2D2,,,,,0.120771
SpecifiedDemandProfile,A_Calibrated_BAU,GLOBAL,,ELCNPLXX03,,,2041,S2D2,,,,,0.120771
SpecifiedDemandProfile,A_Calibrated_BAU,GLOBAL,,ELCNPLXX03,,,2042,S2D2,,,,,0.120771
SpecifiedDemandProfile,A_Calibrated_BAU,GLOBAL,,ELCNPLXX03,,,2043,S2D2,,,,,0.120771
SpecifiedDemandProfile,A_Calibrated_BAU,GLOBAL,,ELCNPLXX03,,,2044,S2D2,,,,,0.120771
SpecifiedDemandProfile,A_Calibrated_BAU,GLOBAL,,ELCNPLXX03,,,2045,S2D2,,,,,0.120771
SpecifiedDemandProfile,A_Calibrated_BAU,GLOBAL,,ELCNPLXX03,,,2046,S2D2,,,,,0.120771
SpecifiedDemandProfile,A_Calibrated_BAU,GLOBAL,,ELCNPLXX03,,,2047,S2D2,,,,,0.120771
SpecifiedDemandProfile,A_Calibrated_BAU,GLOBAL,,ELCNPLXX03,,,2048,S2D2,,,,,0.120771
SpecifiedDemandProfile,A_Calibrated_BAU,GLOBAL,,ELCNPLXX03,,,2049,S2D2,,,,,0.120771
SpecifiedDemandProfile,A_Calibrated_BAU,GLOBAL,,ELCNPLXX03,,,2050,S2D2,,,,,0.120771
SpecifiedDemandProfile,A_Calibrated_BAU,GLOBAL,,ELCNPLXX03,,,2023,S2D3,,,,,0.039647
SpecifiedDemandProfile,A_Calibrated_BAU,GLOBAL,,ELCNPLXX03,,,2024,S2D3,,,,,0.039647
SpecifiedDemandProfile,A_Calibrated_BAU,GLOBAL,,ELCNPLXX03,,,2025,S2D3,,,,,0.039647
SpecifiedDemandProfile,A_Calibrated_BAU,GLOBAL,,ELCNPLXX03,,,2026,S2D3,,,,,0.039647
SpecifiedDemandProfile,A_Calibrated_BAU,GLOBAL,,ELCNPLXX03,,,2027,S2D3,,,,,0.039647
SpecifiedDemandProfile,A_Calibrated_BAU,GLOBAL,,ELCNPLXX03,,,2028,S2D3,,,,,0.039647
SpecifiedDemandProfile,A_Calibrated_BAU,GLOBAL,,ELCNPLXX03,,,2029,S2D3,,,,,0.039647
SpecifiedDemandProfile,A_Calibrated_BAU,GLOBAL,,ELCNPLXX03,,,2030,S2D3,,,,,0.039647
SpecifiedDemandProfile,A_Calibrated_BAU,GLOBAL,,ELCNPLXX03,,,2031,S2D3,,,,,0.039647
SpecifiedDemandProfile,A_Calibrated_BAU,GLOBAL,,ELCNPLXX03,,,2032,S2D3,,,,,0.039647
SpecifiedDemandProfile,A_Calibrated_BAU,GLOBAL,,ELCNPLXX03,,,2033,S2D3,,,,,0.039647
SpecifiedDemandProfile,A_Calibrated_BAU,GLOBAL,,ELCNPLXX03,,,2034,S2D3,,,,,0.039647
SpecifiedDemandProfile,A_Calibrated_BAU,GLOBAL,,ELCNPLXX03,,,2035,S2D3,,,,,0.039647
SpecifiedDemandProfile,A_Calibrated_BAU,GLOBAL,,ELCNPLXX03,,,2036,S2D3,,,,,0.039647
SpecifiedDemandProfile,A_Calibrated_BAU,GLOBAL,,ELCNPLXX03,,,2037,S2D3,,,,,0.039647
SpecifiedDemandProfile,A_Calibrated_BAU,GLOBAL,,ELCNPLXX03,,,2038,S2D3,,,,,0.039647
SpecifiedDemandProfile,A_Calibrated_BAU,GLOBAL,,ELCNPLXX03,,,2039,S2D3,,,,,0.039647
SpecifiedDemandProfile,A_Calibrated_BAU,GLOBAL,,ELCNPLXX03,,,2040,S2D3,,,,,0.039647
SpecifiedDemandProfile,A_Calibrated_BAU,GLOBAL,,ELCNPLXX03,,,2041,S2D3,,,,,0.039647
SpecifiedDemandProfile,A_Calibrated_BAU,GLOBAL,,ELCNPLXX03,,,2042,S2D3,,,,,0.039647
SpecifiedDemandProfile,A_Calibrated_BAU,GLOBAL,,ELCNPLXX03,,,2043,S2D3,,,,,0.039647
SpecifiedDemandProfile,A_Calibrated_BAU,GLOBAL,,ELCNPLXX03,,,2044,S2D3,,,,,0.039647
SpecifiedDemandProfile,A_Calibrated_BAU,GLOBAL,,ELCNPLXX03,,,2045,S2D3,,,,,0.039647
SpecifiedDemandProfile,A_Calibrated_BAU,GLOBAL,,ELCNPLXX03,,,2046,S2D3,,,,,0.039647
SpecifiedDemandProfile,A_Calibrated_BAU,GLOBAL,,ELCNPLXX03,,,2047,S2D3,,,,,0.039647
SpecifiedDemandProfile,A_Calibrated_BAU,GLOBAL,,ELCNPLXX03,,,2048,S2D3,,,,,0.039647
SpecifiedDemandProfile,A_Calibrated_BAU,GLOBAL,,ELCNPLXX03,,,2049,S2D3,,,,,0.039647
SpecifiedDemandProfile,A_Calibrated_BAU,GLOBAL,,ELCNPLXX03,,,2050,S2D3,,,,,0.039647
SpecifiedDemandProfile,A_Calibrated_BAU,GLOBAL,,ELCNPLXX03,,,2023,S2D4,,,,,0.027186
SpecifiedDemandProfile,A_Calibrated_BAU,GLOBAL,,ELCNPLXX03,,,2024,S2D4,,,,,0.027186
SpecifiedDemandProfile,A_Calibrated_BAU,GLOBAL,,ELCNPLXX03,,,2025,S2D4,,,,,0.027186
SpecifiedDemandProfile,A_Calibrated_BAU,GLOBAL,,ELCNPLXX03,,,2026,S2D4,,,,,0.027186
SpecifiedDemandProfile,A_Calibrated_BAU,GLOBAL,,ELCNPLXX03,,,2027,S2D4,,,,,0.027186
SpecifiedDemandProfile,A_Calibrated_BAU,GLOBAL,,ELCNPLXX03,,,2028,S2D4,,,,,0.027186
SpecifiedDemandProfile,A_Calibrated_BAU,GLOBAL,,ELCNPLXX03,,,2029,S2D4,,,,,0.027186
SpecifiedDemandProfile,A_Calibrated_BAU,GLOBAL,,ELCNPLXX03,,,2030,S2D4,,,,,0.027186
SpecifiedDemandProfile,A_Calibrated_BAU,GLOBAL,,ELCNPLXX03,,,2031,S2D4,,,,,0.027186
SpecifiedDemandProfile,A_Calibrated_BAU,GLOBAL,,ELCNPLXX03,,,2032,S2D4,,,,,0.027186
SpecifiedDemandProfile,A_Calibrated_BAU,GLOBAL,,ELCNPLXX03,,,2033,S2D4,,,,,0.027186
SpecifiedDemandProfile,A_Calibrated_BAU,GLOBAL,,ELCNPLXX03,,,2034,S2D4,,,,,0.027186
SpecifiedDemandProfile,A_Calibrated_BAU,GLOBAL,,ELCNPLXX03,,,2035,S2D4,,,,,0.027186
SpecifiedDemandProfile,A_Calibrated_BAU,GLOBAL,,ELCNPLXX03,,,2036,S2D4,,,,,0.027186
SpecifiedDemandProfile,A_Calibrated_BAU,GLOBAL,,ELCNPLXX03,,,2037,S2D4,,,,,0.027186
SpecifiedDemandProfile,A_Calibrated_BAU,GLOBAL,,ELCNPLXX03,,,2038,S2D4,,,,,0.027186
SpecifiedDemandProfile,A_Calibrated_BAU,GLOBAL,,ELCNPLXX03,,,2039,S2D4,,,,,0.027186
SpecifiedDemandProfile,A_Calibrated_BAU,GLOBAL,,ELCNPLXX03,,,2040,S2D4,,,,,0.027186
SpecifiedDemandProfile,A_Calibrated_BAU,GLOBAL,,ELCNPLXX03,,,2041,S2D4,,,,,0.027186
SpecifiedDemandProfile,A_Calibrated_BAU,GLOBAL,,ELCNPLXX03,,,2042,S2D4,,,,,0.027186
SpecifiedDemandProfile,A_Calibrated_BAU,GLOBAL,,ELCNPLXX03,,,2043,S2D4,,,,,0.027186
SpecifiedDemandProfile,A_Calibrated_BAU,GLOBAL,,ELCNPLXX03,,,2044,S2D4,,,,,0.027186
SpecifiedDemandProfile,A_Calibrated_BAU,GLOBAL,,ELCNPLXX03,,,2045,S2D4,,,,,0.027186
SpecifiedDemandProfile,A_Calibrated_BAU,GLOBAL,,ELCNPLXX03,,,2046,S2D4,,,,,0.027186
SpecifiedDemandProfile,A_Calibrated_BAU,GLOBAL,,ELCNPLXX03,,,2047,S2D4,,,,,0.027186
SpecifiedDemandProfile,A_Calibrated_BAU,GLOBAL,,ELCNPLXX03,,,2048,S2D4,,,,,0.027186
SpecifiedDemandProfile,A_Calibrated_BAU,GLOBAL,,ELCNPLXX03,,,2049,S2D4,,,,,0.027186
SpecifiedDemandProfile,A_Calibrated_BAU,GLOBAL,,ELCNPLXX03,,,2050,S2D4,,,,,0.027186
SpecifiedDemandProfile,A_Calibrated_BAU,GLOBAL,,ELCNPLXX03,,,2023,S2D5,,,,,0.01942
SpecifiedDemandProfile,A_Calibrated_BAU,GLOBAL,,ELCNPLXX03,,,2024,S2D5,,,,,0.01942
SpecifiedDemandProfile,A_Calibrated_BAU,GLOBAL,,ELCNPLXX03,,,2025,S2D5,,,,,0.01942
SpecifiedDemandProfile,A_Calibrated_BAU,GLOBAL,,ELCNPLXX03,,,2026,S2D5,,,,,0.01942
SpecifiedDemandProfile,A_Calibrated_BAU,GLOBAL,,ELCNPLXX03,,,2027,S2D5,,,,,0.01942
SpecifiedDemandProfile,A_Calibrated_BAU,GLOBAL,,ELCNPLXX03,,,2028,S2D5,,,,,0.01942
SpecifiedDemandProfile,A_Calibrated_BAU,GLOBAL,,ELCNPLXX03,,,2029,S2D5,,,,,0.01942
SpecifiedDemandProfile,A_Calibrated_BAU,GLOBAL,,ELCNPLXX03,,,2030,S2D5,,,,,0.01942
SpecifiedDemandProfile,A_Calibrated_BAU,GLOBAL,,ELCNPLXX03,,,2031,S2D5,,,,,0.01942
SpecifiedDemandProfile,A_Calibrated_BAU,GLOBAL,,ELCNPLXX03,,,2032,S2D5,,,,,0.01942
SpecifiedDemandProfile,A_Calibrated_BAU,GLOBAL,,ELCNPLXX03,,,2033,S2D5,,,,,0.01942
SpecifiedDemandProfile,A_Calibrated_BAU,GLOBAL,,ELCNPLXX03,,,2034,S2D5,,,,,0.01942
SpecifiedDemandProfile,A_Calibrated_BAU,GLOBAL,,ELCNPLXX03,,,2035,S2D5,,,,,0.01942
SpecifiedDemandProfile,A_Calibrated_BAU,GLOBAL,,ELCNPLXX03,,,2036,S2D5,,,,,0.01942
SpecifiedDemandProfile,A_Calibrated_BAU,GLOBAL,,ELCNPLXX03,,,2037,S2D5,,,,,0.01942
SpecifiedDemandProfile,A_Calibrated_BAU,GLOBAL,,ELCNPLXX03,,,2038,S2D5,,,,,0.01942
SpecifiedDemandProfile,A_Calibrated_BAU,GLOBAL,,ELCNPLXX03,,,2039,S2D5,,,,,0.01942
SpecifiedDemandProfile,A_Calibrated_BAU,GLOBAL,,ELCNPLXX03,,,2040,S2D5,,,,,0.01942
SpecifiedDemandProfile,A_Calibrated_BAU,GLOBAL,,ELCNPLXX03,,,2041,S2D5,,,,,0.01942
SpecifiedDemandProfile,A_Calibrated_BAU,GLOBAL,,ELCNPLXX03,,,2042,S2D5,,,,,0.01942
SpecifiedDemandProfile,A_Calibrated_BAU,GLOBAL,,ELCNPLXX03,,,2043,S2D5,,,,,0.01942
SpecifiedDemandProfile,A_Calibrated_BAU,GLOBAL,,ELCNPLXX03,,,2044,S2D5,,,,,0.01942
SpecifiedDemandProfile,A_Calibrated_BAU,GLOBAL,,ELCNPLXX03,,,2045,S2D5,,,,,0.01942
SpecifiedDemandProfile,A_Calibrated_BAU,GLOBAL,,ELCNPLXX03,,,2046,S2D5,,,,,0.01942
SpecifiedDemandProfile,A_Calibrated_BAU,GLOBAL,,ELCNPLXX03,,,2047,S2D5,,,,,0.01942
SpecifiedDemandProfile,A_Calibrated_BAU,GLOBAL,,ELCNPLXX03,,,2048,S2D5,,,,,0.01942
SpecifiedDemandProfile,A_Calibrated_BAU,GLOBAL,,ELCNPLXX03,,,2049,S2D5,,,,,0.01942
SpecifiedDemandProfile,A_Calibrated_BAU,GLOBAL,,ELCNPLXX03,,,2050,S2D5,,,,,0.01942
SpecifiedDemandProfile,A_Calibrated_BAU,GLOBAL,,ELCNPLXX03,,,2023,S3D1,,,,,0.082841
SpecifiedDemandProfile,A_Calibrated_BAU,GLOBAL,,ELCNPLXX03,,,2024,S3D1,,,,,0.082841
SpecifiedDemandProfile,A_Calibrated_BAU,GLOBAL,,ELCNPLXX03,,,2025,S3D1,,,,,0.082841
SpecifiedDemandProfile,A_Calibrated_BAU,GLOBAL,,ELCNPLXX03,,,2026,S3D1,,,,,0.082841
SpecifiedDemandProfile,A_Calibrated_BAU,GLOBAL,,ELCNPLXX03,,,2027,S3D1,,,,,0.082841
SpecifiedDemandProfile,A_Calibrated_BAU,GLOBAL,,ELCNPLXX03,,,2028,S3D1,,,,,0.082841
SpecifiedDemandProfile,A_Calibrated_BAU,GLOBAL,,ELCNPLXX03,,,2029,S3D1,,,,,0.082841
SpecifiedDemandProfile,A_Calibrated_BAU,GLOBAL,,ELCNPLXX03,,,2030,S3D1,,,,,0.082841
SpecifiedDemandProfile,A_Calibrated_BAU,GLOBAL,,ELCNPLXX03,,,2031,S3D1,,,,,0.082841
SpecifiedDemandProfile,A_Calibrated_BAU,GLOBAL,,ELCNPLXX03,,,2032,S3D1,,,,,0.082841
SpecifiedDemandProfile,A_Calibrated_BAU,GLOBAL,,ELCNPLXX03,,,2033,S3D1,,,,,0.082841
SpecifiedDemandProfile,A_Calibrated_BAU,GLOBAL,,ELCNPLXX03,,,2034,S3D1,,,,,0.082841
SpecifiedDemandProfile,A_Calibrated_BAU,GLOBAL,,ELCNPLXX03,,,2035,S3D1,,,,,0.082841
SpecifiedDemandProfile,A_Calibrated_BAU,GLOBAL,,ELCNPLXX03,,,2036,S3D1,,,,,0.082841
SpecifiedDemandProfile,A_Calibrated_BAU,GLOBAL,,ELCNPLXX03,,,2037,S3D1,,,,,0.082841
SpecifiedDemandProfile,A_Calibrated_BAU,GLOBAL,,ELCNPLXX03,,,2038,S3D1,,,,,0.082841
SpecifiedDemandProfile,A_Calibrated_BAU,GLOBAL,,ELCNPLXX03,,,2039,S3D1,,,,,0.082841
SpecifiedDemandProfile,A_Calibrated_BAU,GLOBAL,,ELCNPLXX03,,,2040,S3D1,,,,,0.082841
SpecifiedDemandProfile,A_Calibrated_BAU,GLOBAL,,ELCNPLXX03,,,2041,S3D1,,,,,0.082841
SpecifiedDemandProfile,A_Calibrated_BAU,GLOBAL,,ELCNPLXX03,,,2042,S3D1,,,,,0.082841
SpecifiedDemandProfile,A_Calibrated_BAU,GLOBAL,,ELCNPLXX03,,,2043,S3D1,,,,,0.082841
SpecifiedDemandProfile,A_Calibrated_BAU,GLOBAL,,ELCNPLXX03,,,2044,S3D1,,,,,0.082841
SpecifiedDemandProfile,A_Calibrated_BAU,GLOBAL,,ELCNPLXX03,,,2045,S3D1,,,,,0.082841
SpecifiedDemandProfile,A_Calibrated_BAU,GLOBAL,,ELCNPLXX03,,,2046,S3D1,,,,,0.082841
SpecifiedDemandProfile,A_Calibrated_BAU,GLOBAL,,ELCNPLXX03,,,2047,S3D1,,,,,0.082841
SpecifiedDemandProfile,A_Calibrated_BAU,GLOBAL,,ELCNPLXX03,,,2048,S3D1,,,,,0.082841
SpecifiedDemandProfile,A_Calibrated_BAU,GLOBAL,,ELCNPLXX03,,,2049,S3D1,,,,,0.082841
SpecifiedDemandProfile,A_Calibrated_BAU,GLOBAL,,ELCNPLXX03,,,2050,S3D1,,,,,0.082841
SpecifiedDemandProfile,A_Calibrated_BAU,GLOBAL,,ELCNPLXX03,,,2023,S3D2,,,,,0.177665
SpecifiedDemandProfile,A_Calibrated_BAU,GLOBAL,,ELCNPLXX03,,,2024,S3D2,,,,,0.177665
SpecifiedDemandProfile,A_Calibrated_BAU,GLOBAL,,ELCNPLXX03,,,2025,S3D2,,,,,0.177665
SpecifiedDemandProfile,A_Calibrated_BAU,GLOBAL,,ELCNPLXX03,,,2026,S3D2,,,,,0.177665
SpecifiedDemandProfile,A_Calibrated_BAU,GLOBAL,,ELCNPLXX03,,,2027,S3D2,,,,,0.177665
SpecifiedDemandProfile,A_Calibrated_BAU,GLOBAL,,ELCNPLXX03,,,2028,S3D2,,,,,0.177665
SpecifiedDemandProfile,A_Calibrated_BAU,GLOBAL,,ELCNPLXX03,,,2029,S3D2,,,,,0.177665
SpecifiedDemandProfile,A_Calibrated_BAU,GLOBAL,,ELCNPLXX03,,,2030,S3D2,,,,,0.177665
SpecifiedDemandProfile,A_Calibrated_BAU,GLOBAL,,ELCNPLXX03,,,2031,S3D2,,,,,0.177665
SpecifiedDemandProfile,A_Calibrated_BAU,GLOBAL,,ELCNPLXX03,,,2032,S3D2,,,,,0.177665
SpecifiedDemandProfile,A_Calibrated_BAU,GLOBAL,,ELCNPLXX03,,,2033,S3D2,,,,,0.177665
SpecifiedDemandProfile,A_Calibrated_BAU,GLOBAL,,ELCNPLXX03,,,2034,S3D2,,,,,0.177665
SpecifiedDemandProfile,A_Calibrated_BAU,GLOBAL,,ELCNPLXX03,,,2035,S3D2,,,,,0.177665
SpecifiedDemandProfile,A_Calibrated_BAU,GLOBAL,,ELCNPLXX03,,,2036,S3D2,,,,,0.177665
SpecifiedDemandProfile,A_Calibrated_BAU,GLOBAL,,ELCNPLXX03,,,2037,S3D2,,,,,0.177665
SpecifiedDemandProfile,A_Calibrated_BAU,GLOBAL,,ELCNPLXX03,,,2038,S3D2,,,,,0.177665
SpecifiedDemandProfile,A_Calibrated_BAU,GLOBAL,,ELCNPLXX03,,,2039,S3D2,,,,,0.177665
SpecifiedDemandProfile,A_Calibrated_BAU,GLOBAL,,ELCNPLXX03,,,2040,S3D2,,,,,0.177665
SpecifiedDemandProfile,A_Calibrated_BAU,GLOBAL,,ELCNPLXX03,,,2041,S3D2,,,,,0.177665
SpecifiedDemandProfile,A_Calibrated_BAU,GLOBAL,,ELCNPLXX03,,,2042,S3D2,,,,,0.177665
SpecifiedDemandProfile,A_Calibrated_BAU,GLOBAL,,ELCNPLXX03,,,2043,S3D2,,,,,0.177665
SpecifiedDemandProfile,A_Calibrated_BAU,GLOBAL,,ELCNPLXX03,,,2044,S3D2,,,,,0.177665
SpecifiedDemandProfile,A_Calibrated_BAU,GLOBAL,,ELCNPLXX03,,,2045,S3D2,,,,,0.177665
SpecifiedDemandProfile,A_Calibrated_BAU,GLOBAL,,ELCNPLXX03,,,2046,S3D2,,,,,0.177665
SpecifiedDemandProfile,A_Calibrated_BAU,GLOBAL,,ELCNPLXX03,,,2047,S3D2,,,,,0.177665
SpecifiedDemandProfile,A_Calibrated_BAU,GLOBAL,,ELCNPLXX03,,,2048,S3D2,,,,,0.177665
SpecifiedDemandProfile,A_Calibrated_BAU,GLOBAL,,ELCNPLXX03,,,2049,S3D2,,,,,0.177665
SpecifiedDemandProfile,A_Calibrated_BAU,GLOBAL,,ELCNPLXX03,,,2050,S3D2,,,,,0.177665
SpecifiedDemandProfile,A_Calibrated_BAU,GLOBAL,,ELCNPLXX03,,,2023,S3D3,,,,,0.063697
SpecifiedDemandProfile,A_Calibrated_BAU,GLOBAL,,ELCNPLXX03,,,2024,S3D3,,,,,0.063697
SpecifiedDemandProfile,A_Calibrated_BAU,GLOBAL,,ELCNPLXX03,,,2025,S3D3,,,,,0.063697
SpecifiedDemandProfile,A_Calibrated_BAU,GLOBAL,,ELCNPLXX03,,,2026,S3D3,,,,,0.063697
SpecifiedDemandProfile,A_Calibrated_BAU,GLOBAL,,ELCNPLXX03,,,2027,S3D3,,,,,0.063697
SpecifiedDemandProfile,A_Calibrated_BAU,GLOBAL,,ELCNPLXX03,,,2028,S3D3,,,,,0.063697
SpecifiedDemandProfile,A_Calibrated_BAU,GLOBAL,,ELCNPLXX03,,,2029,S3D3,,,,,0.063697
SpecifiedDemandProfile,A_Calibrated_BAU,GLOBAL,,ELCNPLXX03,,,2030,S3D3,,,,,0.063697
SpecifiedDemandProfile,A_Calibrated_BAU,GLOBAL,,ELCNPLXX03,,,2031,S3D3,,,,,0.063697
SpecifiedDemandProfile,A_Calibrated_BAU,GLOBAL,,ELCNPLXX03,,,2032,S3D3,,,,,0.063697
SpecifiedDemandProfile,A_Calibrated_BAU,GLOBAL,,ELCNPLXX03,,,2033,S3D3,,,,,0.063697
SpecifiedDemandProfile,A_Calibrated_BAU,GLOBAL,,ELCNPLXX03,,,2034,S3D3,,,,,0.063697
SpecifiedDemandProfile,A_Calibrated_BAU,GLOBAL,,ELCNPLXX03,,,2035,S3D3,,,,,0.063697
SpecifiedDemandProfile,A_Calibrated_BAU,GLOBAL,,ELCNPLXX03,,,2036,S3D3,,,,,0.063697
SpecifiedDemandProfile,A_Calibrated_BAU,GLOBAL,,ELCNPLXX03,,,2037,S3D3,,,,,0.063697
SpecifiedDemandProfile,A_Calibrated_BAU,GLOBAL,,ELCNPLXX03,,,2038,S3D3,,,,,0.063697
SpecifiedDemandProfile,A_Calibrated_BAU,GLOBAL,,ELCNPLXX03,,,2039,S3D3,,,,,0.063697
SpecifiedDemandProfile,A_Calibrated_BAU,GLOBAL,,ELCNPLXX03,,,2040,S3D3,,,,,0.063697
SpecifiedDemandProfile,A_Calibrated_BAU,GLOBAL,,ELCNPLXX03,,,2041,S3D3,,,,,0.063697
SpecifiedDemandProfile,A_Calibrated_BAU,GLOBAL,,ELCNPLXX03,,,2042,S3D3,,,,,0.063697
SpecifiedDemandProfile,A_Calibrated_BAU,GLOBAL,,ELCNPLXX03,,,2043,S3D3,,,,,0.063697
SpecifiedDemandProfile,A_Calibrated_BAU,GLOBAL,,ELCNPLXX03,,,2044,S3D3,,,,,0.063697
SpecifiedDemandProfile,A_Calibrated_BAU,GLOBAL,,ELCNPLXX03,,,2045,S3D3,,,,,0.063697
SpecifiedDemandProfile,A_Calibrated_BAU,GLOBAL,,ELCNPLXX03,,,2046,S3D3,,,,,0.063697
SpecifiedDemandProfile,A_Calibrated_BAU,GLOBAL,,ELCNPLXX03,,,2047,S3D3,,,,,0.063697
SpecifiedDemandProfile,A_Calibrated_BAU,GLOBAL,,ELCNPLXX03,,,2048,S3D3,,,,,0.063697
SpecifiedDemandProfile,A_Calibrated_BAU,GLOBAL,,ELCNPLXX03,,,2049,S3D3,,,,,0.063697
SpecifiedDemandProfile,A_Calibrated_BAU,GLOBAL,,ELCNPLXX03,,,2050,S3D3,,,,,0.063697
SpecifiedDemandProfile,A_Calibrated_BAU,GLOBAL,,ELCNPLXX03,,,2023,S3D4,,,,,0.030001
SpecifiedDemandProfile,A_Calibrated_BAU,GLOBAL,,ELCNPLXX03,,,2024,S3D4,,,,,0.030001
SpecifiedDemandProfile,A_Calibrated_BAU,GLOBAL,,ELCNPLXX03,,,2025,S3D4,,,,,0.030001
SpecifiedDemandProfile,A_Calibrated_BAU,GLOBAL,,ELCNPLXX03,,,2026,S3D4,,,,,0.030001
SpecifiedDemandProfile,A_Calibrated_BAU,GLOBAL,,ELCNPLXX03,,,2027,S3D4,,,,,0.030001
SpecifiedDemandProfile,A_Calibrated_BAU,GLOBAL,,ELCNPLXX03,,,2028,S3D4,,,,,0.030001
SpecifiedDemandProfile,A_Calibrated_BAU,GLOBAL,,ELCNPLXX03,,,2029,S3D4,,,,,0.030001
SpecifiedDemandProfile,A_Calibrated_BAU,GLOBAL,,ELCNPLXX03,,,2030,S3D4,,,,,0.030001
SpecifiedDemandProfile,A_Calibrated_BAU,GLOBAL,,ELCNPLXX03,,,2031,S3D4,,,,,0.030001
SpecifiedDemandProfile,A_Calibrated_BAU,GLOBAL,,ELCNPLXX03,,,2032,S3D4,,,,,0.030001
SpecifiedDemandProfile,A_Calibrated_BAU,GLOBAL,,ELCNPLXX03,,,2033,S3D4,,,,,0.030001
SpecifiedDemandProfile,A_Calibrated_BAU,GLOBAL,,ELCNPLXX03,,,2034,S3D4,,,,,0.030001
SpecifiedDemandProfile,A_Calibrated_BAU,GLOBAL,,ELCNPLXX03,,,2035,S3D4,,,,,0.030001
SpecifiedDemandProfile,A_Calibrated_BAU,GLOBAL,,ELCNPLXX03,,,2036,S3D4,,,,,0.030001
SpecifiedDemandProfile,A_Calibrated_BAU,GLOBAL,,ELCNPLXX03,,,2037,S3D4,,,,,0.030001
SpecifiedDemandProfile,A_Calibrated_BAU,GLOBAL,,ELCNPLXX03,,,2038,S3D4,,,,,0.030001
SpecifiedDemandProfile,A_Calibrated_BAU,GLOBAL,,ELCNPLXX03,,,2039,S3D4,,,,,0.030001
SpecifiedDemandProfile,A_Calibrated_BAU,GLOBAL,,ELCNPLXX03,,,2040,S3D4,,,,,0.030001
SpecifiedDemandProfile,A_Calibrated_BAU,GLOBAL,,ELCNPLXX03,,,2041,S3D4,,,,,0.030001
SpecifiedDemandProfile,A_Calibrated_BAU,GLOBAL,,ELCNPLXX03,,,2042,S3D4,,,,,0.030001
SpecifiedDemandProfile,A_Calibrated_BAU,GLOBAL,,ELCNPLXX03,,,2043,S3D4,,,,,0.030001
SpecifiedDemandProfile,A_Calibrated_BAU,GLOBAL,,ELCNPLXX03,,,2044,S3D4,,,,,0.030001
SpecifiedDemandProfile,A_Calibrated_BAU,GLOBAL,,ELCNPLXX03,,,2045,S3D4,,,,,0.030001
SpecifiedDemandProfile,A_Calibrated_BAU,GLOBAL,,ELCNPLXX03,,,2046,S3D4,,,,,0.030001
SpecifiedDemandProfile,A_Calibrated_BAU,GLOBAL,,ELCNPLXX03,,,2047,S3D4,,,,,0.030001
SpecifiedDemandProfile,A_Calibrated_BAU,GLOBAL,,ELCNPLXX03,,,2048,S3D4,,,,,0.030001
SpecifiedDemandProfile,A_Calibrated_BAU,GLOBAL,,ELCNPLXX03,,,2049,S3D4,,,,,0.030001
SpecifiedDemandProfile,A_Calibrated_BAU,GLOBAL,,ELCNPLXX03,,,2050,S3D4,,,,,0.030001
SpecifiedDemandProfile,A_Calibrated_BAU,GLOBAL,,ELCNPLXX03,,,2023,S3D5,,,,,0.023297
SpecifiedDemandProfile,A_Calibrated_BAU,GLOBAL,,ELCNPLXX03,,,2024,S3D5,,,,,0.023297
SpecifiedDemandProfile,A_Calibrated_BAU,GLOBAL,,ELCNPLXX03,,,2025,S3D5,,,,,0.023297
SpecifiedDemandProfile,A_Calibrated_BAU,GLOBAL,,ELCNPLXX03,,,2026,S3D5,,,,,0.023297
SpecifiedDemandProfile,A_Calibrated_BAU,GLOBAL,,ELCNPLXX03,,,2027,S3D5,,,,,0.023297
SpecifiedDemandProfile,A_Calibrated_BAU,GLOBAL,,ELCNPLXX03,,,2028,S3D5,,,,,0.023297
SpecifiedDemandProfile,A_Calibrated_BAU,GLOBAL,,ELCNPLXX03,,,2029,S3D5,,,,,0.023297
SpecifiedDemandProfile,A_Calibrated_BAU,GLOBAL,,ELCNPLXX03,,,2030,S3D5,,,,,0.023297
SpecifiedDemandProfile,A_Calibrated_BAU,GLOBAL,,ELCNPLXX03,,,2031,S3D5,,,,,0.023297
SpecifiedDemandProfile,A_Calibrated_BAU,GLOBAL,,ELCNPLXX03,,,2032,S3D5,,,,,0.023297
SpecifiedDemandProfile,A_Calibrated_BAU,GLOBAL,,ELCNPLXX03,,,2033,S3D5,,,,,0.023297
SpecifiedDemandProfile,A_Calibrated_BAU,GLOBAL,,ELCNPLXX03,,,2034,S3D5,,,,,0.023297
SpecifiedDemandProfile,A_Calibrated_BAU,GLOBAL,,ELCNPLXX03,,,2035,S3D5,,,,,0.023297
SpecifiedDemandProfile,A_Calibrated_BAU,GLOBAL,,ELCNPLXX03,,,2036,S3D5,,,,,0.023297
SpecifiedDemandProfile,A_Calibrated_BAU,GLOBAL,,ELCNPLXX03,,,2037,S3D5,,,,,0.023297
SpecifiedDemandProfile,A_Calibrated_BAU,GLOBAL,,ELCNPLXX03,,,2038,S3D5,,,,,0.023297
SpecifiedDemandProfile,A_Calibrated_BAU,GLOBAL,,ELCNPLXX03,,,2039,S3D5,,,,,0.023297
SpecifiedDemandProfile,A_Calibrated_BAU,GLOBAL,,ELCNPLXX03,,,2040,S3D5,,,,,0.023297
SpecifiedDemandProfile,A_Calibrated_BAU,GLOBAL,,ELCNPLXX03,,,2041,S3D5,,,,,0.023297
SpecifiedDemandProfile,A_Calibrated_BAU,GLOBAL,,ELCNPLXX03,,,2042,S3D5,,,,,0.023297
SpecifiedDemandProfile,A_Calibrated_BAU,GLOBAL,,ELCNPLXX03,,,2043,S3D5,,,,,0.023297
SpecifiedDemandProfile,A_Calibrated_BAU,GLOBAL,,ELCNPLXX03,,,2044,S3D5,,,,,0.023297
SpecifiedDemandProfile,A_Calibrated_BAU,GLOBAL,,ELCNPLXX03,,,2045,S3D5,,,,,0.023297
SpecifiedDemandProfile,A_Calibrated_BAU,GLOBAL,,ELCNPLXX03,,,2046,S3D5,,,,,0.023297
SpecifiedDemandProfile,A_Calibrated_BAU,GLOBAL,,ELCNPLXX03,,,2047,S3D5,,,,,0.023297
SpecifiedDemandProfile,A_Calibrated_BAU,GLOBAL,,ELCNPLXX03,,,2048,S3D5,,,,,0.023297
SpecifiedDemandProfile,A_Calibrated_BAU,GLOBAL,,ELCNPLXX03,,,2049,S3D5,,,,,0.023297
SpecifiedDemandProfile,A_Calibrated_BAU,GLOBAL,,ELCNPLXX03,,,2050,S3D5,,,,,0.023297
SpecifiedDemandProfile,A_Calibrated_BAU,GLOBAL,,ELCNPLXX03,,,2023,S4D1,,,,,0.028002
SpecifiedDemandProfile,A_Calibrated_BAU,GLOBAL,,ELCNPLXX03,,,2024,S4D1,,,,,0.028002
SpecifiedDemandProfile,A_Calibrated_BAU,GLOBAL,,ELCNPLXX03,,,2025,S4D1,,,,,0.028002
SpecifiedDemandProfile,A_Calibrated_BAU,GLOBAL,,ELCNPLXX03,,,2026,S4D1,,,,,0.028002
SpecifiedDemandProfile,A_Calibrated_BAU,GLOBAL,,ELCNPLXX03,,,2027,S4D1,,,,,0.028002
SpecifiedDemandProfile,A_Calibrated_BAU,GLOBAL,,ELCNPLXX03,,,2028,S4D1,,,,,0.028002
SpecifiedDemandProfile,A_Calibrated_BAU,GLOBAL,,ELCNPLXX03,,,2029,S4D1,,,,,0.028002
SpecifiedDemandProfile,A_Calibrated_BAU,GLOBAL,,ELCNPLXX03,,,2030,S4D1,,,,,0.028002
SpecifiedDemandProfile,A_Calibrated_BAU,GLOBAL,,ELCNPLXX03,,,2031,S4D1,,,,,0.028002
SpecifiedDemandProfile,A_Calibrated_BAU,GLOBAL,,ELCNPLXX03,,,2032,S4D1,,,,,0.028002
SpecifiedDemandProfile,A_Calibrated_BAU,GLOBAL,,ELCNPLXX03,,,2033,S4D1,,,,,0.028002
SpecifiedDemandProfile,A_Calibrated_BAU,GLOBAL,,ELCNPLXX03,,,2034,S4D1,,,,,0.028002
SpecifiedDemandProfile,A_Calibrated_BAU,GLOBAL,,ELCNPLXX03,,,2035,S4D1,,,,,0.028002
SpecifiedDemandProfile,A_Calibrated_BAU,GLOBAL,,ELCNPLXX03,,,2036,S4D1,,,,,0.028002
SpecifiedDemandProfile,A_Calibrated_BAU,GLOBAL,,ELCNPLXX03,,,2037,S4D1,,,,,0.028002
SpecifiedDemandProfile,A_Calibrated_BAU,GLOBAL,,ELCNPLXX03,,,2038,S4D1,,,,,0.028002
SpecifiedDemandProfile,A_Calibrated_BAU,GLOBAL,,ELCNPLXX03,,,2039,S4D1,,,,,0.028002
SpecifiedDemandProfile,A_Calibrated_BAU,GLOBAL,,ELCNPLXX03,,,2040,S4D1,,,,,0.028002
SpecifiedDemandProfile,A_Calibrated_BAU,GLOBAL,,ELCNPLXX03,,,2041,S4D1,,,,,0.028002
SpecifiedDemandProfile,A_Calibrated_BAU,GLOBAL,,ELCNPLXX03,,,2042,S4D1,,,,,0.028002
SpecifiedDemandProfile,A_Calibrated_BAU,GLOBAL,,ELCNPLXX03,,,2043,S4D1,,,,,0.028002
SpecifiedDemandProfile,A_Calibrated_BAU,GLOBAL,,ELCNPLXX03,,,2044,S4D1,,,,,0.028002
SpecifiedDemandProfile,A_Calibrated_BAU,GLOBAL,,ELCNPLXX03,,,2045,S4D1,,,,,0.028002
SpecifiedDemandProfile,A_Calibrated_BAU,GLOBAL,,ELCNPLXX03,,,2046,S4D1,,,,,0.028002
SpecifiedDemandProfile,A_Calibrated_BAU,GLOBAL,,ELCNPLXX03,,,2047,S4D1,,,,,0.028002
SpecifiedDemandProfile,A_Calibrated_BAU,GLOBAL,,ELCNPLXX03,,,2048,S4D1,,,,,0.028002
SpecifiedDemandProfile,A_Calibrated_BAU,GLOBAL,,ELCNPLXX03,,,2049,S4D1,,,,,0.028002
SpecifiedDemandProfile,A_Calibrated_BAU,GLOBAL,,ELCNPLXX03,,,2050,S4D1,,,,,0.028002
SpecifiedDemandProfile,A_Calibrated_BAU,GLOBAL,,ELCNPLXX03,,,2023,S4D2,,,,,0.062911
SpecifiedDemandProfile,A_Calibrated_BAU,GLOBAL,,ELCNPLXX03,,,2024,S4D2,,,,,0.062911
SpecifiedDemandProfile,A_Calibrated_BAU,GLOBAL,,ELCNPLXX03,,,2025,S4D2,,,,,0.062911
SpecifiedDemandProfile,A_Calibrated_BAU,GLOBAL,,ELCNPLXX03,,,2026,S4D2,,,,,0.062911
SpecifiedDemandProfile,A_Calibrated_BAU,GLOBAL,,ELCNPLXX03,,,2027,S4D2,,,,,0.062911
SpecifiedDemandProfile,A_Calibrated_BAU,GLOBAL,,ELCNPLXX03,,,2028,S4D2,,,,,0.062911
SpecifiedDemandProfile,A_Calibrated_BAU,GLOBAL,,ELCNPLXX03,,,2029,S4D2,,,,,0.062911
SpecifiedDemandProfile,A_Calibrated_BAU,GLOBAL,,ELCNPLXX03,,,2030,S4D2,,,,,0.062911
SpecifiedDemandProfile,A_Calibrated_BAU,GLOBAL,,ELCNPLXX03,,,2031,S4D2,,,,,0.062911
SpecifiedDemandProfile,A_Calibrated_BAU,GLOBAL,,ELCNPLXX03,,,2032,S4D2,,,,,0.062911
SpecifiedDemandProfile,A_Calibrated_BAU,GLOBAL,,ELCNPLXX03,,,2033,S4D2,,,,,0.062911
SpecifiedDemandProfile,A_Calibrated_BAU,GLOBAL,,ELCNPLXX03,,,2034,S4D2,,,,,0.062911
SpecifiedDemandProfile,A_Calibrated_BAU,GLOBAL,,ELCNPLXX03,,,2035,S4D2,,,,,0.062911
SpecifiedDemandProfile,A_Calibrated_BAU,GLOBAL,,ELCNPLXX03,,,2036,S4D2,,,,,0.062911
SpecifiedDemandProfile,A_Calibrated_BAU,GLOBAL,,ELCNPLXX03,,,2037,S4D2,,,,,0.062911
SpecifiedDemandProfile,A_Calibrated_BAU,GLOBAL,,ELCNPLXX03,,,2038,S4D2,,,,,0.062911
SpecifiedDemandProfile,A_Calibrated_BAU,GLOBAL,,ELCNPLXX03,,,2039,S4D2,,,,,0.062911
SpecifiedDemandProfile,A_Calibrated_BAU,GLOBAL,,ELCNPLXX03,,,2040,S4D2,,,,,0.062911
SpecifiedDemandProfile,A_Calibrated_BAU,GLOBAL,,ELCNPLXX03,,,2041,S4D2,,,,,0.062911
SpecifiedDemandProfile,A_Calibrated_BAU,GLOBAL,,ELCNPLXX03,,,2042,S4D2,,,,,0.062911
SpecifiedDemandProfile,A_Calibrated_BAU,GLOBAL,,ELCNPLXX03,,,2043,S4D2,,,,,0.062911
SpecifiedDemandProfile,A_Calibrated_BAU,GLOBAL,,ELCNPLXX03,,,2044,S4D2,,,,,0.062911
SpecifiedDemandProfile,A_Calibrated_BAU,GLOBAL,,ELCNPLXX03,,,2045,S4D2,,,,,0.062911
SpecifiedDemandProfile,A_Calibrated_BAU,GLOBAL,,ELCNPLXX03,,,2046,S4D2,,,,,0.062911
SpecifiedDemandProfile,A_Calibrated_BAU,GLOBAL,,ELCNPLXX03,,,2047,S4D2,,,,,0.062911
SpecifiedDemandProfile,A_Calibrated_BAU,GLOBAL,,ELCNPLXX03,,,2048,S4D2,,,,,0.062911
SpecifiedDemandProfile,A_Calibrated_BAU,GLOBAL,,ELCNPLXX03,,,2049,S4D2,,,,,0.062911
SpecifiedDemandProfile,A_Calibrated_BAU,GLOBAL,,ELCNPLXX03,,,2050,S4D2,,,,,0.062911
SpecifiedDemandProfile,A_Calibrated_BAU,GLOBAL,,ELCNPLXX03,,,2023,S4D3,,,,,0.023548
SpecifiedDemandProfile,A_Calibrated_BAU,GLOBAL,,ELCNPLXX03,,,2024,S4D3,,,,,0.023548
SpecifiedDemandProfile,A_Calibrated_BAU,GLOBAL,,ELCNPLXX03,,,2025,S4D3,,,,,0.023548
SpecifiedDemandProfile,A_Calibrated_BAU,GLOBAL,,ELCNPLXX03,,,2026,S4D3,,,,,0.023548
SpecifiedDemandProfile,A_Calibrated_BAU,GLOBAL,,ELCNPLXX03,,,2027,S4D3,,,,,0.023548
SpecifiedDemandProfile,A_Calibrated_BAU,GLOBAL,,ELCNPLXX03,,,2028,S4D3,,,,,0.023548
SpecifiedDemandProfile,A_Calibrated_BAU,GLOBAL,,ELCNPLXX03,,,2029,S4D3,,,,,0.023548
SpecifiedDemandProfile,A_Calibrated_BAU,GLOBAL,,ELCNPLXX03,,,2030,S4D3,,,,,0.023548
SpecifiedDemandProfile,A_Calibrated_BAU,GLOBAL,,ELCNPLXX03,,,2031,S4D3,,,,,0.023548
SpecifiedDemandProfile,A_Calibrated_BAU,GLOBAL,,ELCNPLXX03,,,2032,S4D3,,,,,0.023548
SpecifiedDemandProfile,A_Calibrated_BAU,GLOBAL,,ELCNPLXX03,,,2033,S4D3,,,,,0.023548
SpecifiedDemandProfile,A_Calibrated_BAU,GLOBAL,,ELCNPLXX03,,,2034,S4D3,,,,,0.023548
SpecifiedDemandProfile,A_Calibrated_BAU,GLOBAL,,ELCNPLXX03,,,2035,S4D3,,,,,0.023548
SpecifiedDemandProfile,A_Calibrated_BAU,GLOBAL,,ELCNPLXX03,,,2036,S4D3,,,,,0.023548
SpecifiedDemandProfile,A_Calibrated_BAU,GLOBAL,,ELCNPLXX03,,,2037,S4D3,,,,,0.023548
SpecifiedDemandProfile,A_Calibrated_BAU,GLOBAL,,ELCNPLXX03,,,2038,S4D3,,,,,0.023548
SpecifiedDemandProfile,A_Calibrated_BAU,GLOBAL,,ELCNPLXX03,,,2039,S4D3,,,,,0.023548
SpecifiedDemandProfile,A_Calibrated_BAU,GLOBAL,,ELCNPLXX03,,,2040,S4D3,,,,,0.023548
SpecifiedDemandProfile,A_Calibrated_BAU,GLOBAL,,ELCNPLXX03,,,2041,S4D3,,,,,0.023548
SpecifiedDemandProfile,A_Calibrated_BAU,GLOBAL,,ELCNPLXX03,,,2042,S4D3,,,,,0.023548
SpecifiedDemandProfile,A_Calibrated_BAU,GLOBAL,,ELCNPLXX03,,,2043,S4D3,,,,,0.023548
SpecifiedDemandProfile,A_Calibrated_BAU,GLOBAL,,ELCNPLXX03,,,2044,S4D3,,,,,0.023548
SpecifiedDemandProfile,A_Calibrated_BAU,GLOBAL,,ELCNPLXX03,,,2045,S4D3,,,,,0.023548
SpecifiedDemandProfile,A_Calibrated_BAU,GLOBAL,,ELCNPLXX03,,,2046,S4D3,,,,,0.023548
SpecifiedDemandProfile,A_Calibrated_BAU,GLOBAL,,ELCNPLXX03,,,2047,S4D3,,,,,0.023548
SpecifiedDemandProfile,A_Calibrated_BAU,GLOBAL,,ELCNPLXX03,,,2048,S4D3,,,,,0.023548
SpecifiedDemandProfile,A_Calibrated_BAU,GLOBAL,,ELCNPLXX03,,,2049,S4D3,,,,,0.023548
SpecifiedDemandProfile,A_Calibrated_BAU,GLOBAL,,ELCNPLXX03,,,2050,S4D3,,,,,0.023548
SpecifiedDemandProfile,A_Calibrated_BAU,GLOBAL,,ELCNPLXX03,,,2023,S4D4,,,,,0.011552
SpecifiedDemandProfile,A_Calibrated_BAU,GLOBAL,,ELCNPLXX03,,,2024,S4D4,,,,,0.011552
SpecifiedDemandProfile,A_Calibrated_BAU,GLOBAL,,ELCNPLXX03,,,2025,S4D4,,,,,0.011552
SpecifiedDemandProfile,A_Calibrated_BAU,GLOBAL,,ELCNPLXX03,,,2026,S4D4,,,,,0.011552
SpecifiedDemandProfile,A_Calibrated_BAU,GLOBAL,,ELCNPLXX03,,,2027,S4D4,,,,,0.011552
SpecifiedDemandProfile,A_Calibrated_BAU,GLOBAL,,ELCNPLXX03,,,2028,S4D4,,,,,0.011552
SpecifiedDemandProfile,A_Calibrated_BAU,GLOBAL,,ELCNPLXX03,,,2029,S4D4,,,,,0.011552
SpecifiedDemandProfile,A_Calibrated_BAU,GLOBAL,,ELCNPLXX03,,,2030,S4D4,,,,,0.011552
SpecifiedDemandProfile,A_Calibrated_BAU,GLOBAL,,ELCNPLXX03,,,2031,S4D4,,,,,0.011552
SpecifiedDemandProfile,A_Calibrated_BAU,GLOBAL,,ELCNPLXX03,,,2032,S4D4,,,,,0.011552
SpecifiedDemandProfile,A_Calibrated_BAU,GLOBAL,,ELCNPLXX03,,,2033,S4D4,,,,,0.011552
SpecifiedDemandProfile,A_Calibrated_BAU,GLOBAL,,ELCNPLXX03,,,2034,S4D4,,,,,0.011552
SpecifiedDemandProfile,A_Calibrated_BAU,GLOBAL,,ELCNPLXX03,,,2035,S4D4,,,,,0.011552
SpecifiedDemandProfile,A_Calibrated_BAU,GLOBAL,,ELCNPLXX03,,,2036,S4D4,,,,,0.011552
SpecifiedDemandProfile,A_Calibrated_BAU,GLOBAL,,ELCNPLXX03,,,2037,S4D4,,,,,0.011552
SpecifiedDemandProfile,A_Calibrated_BAU,GLOBAL,,ELCNPLXX03,,,2038,S4D4,,,,,0.011552
SpecifiedDemandProfile,A_Calibrated_BAU,GLOBAL,,ELCNPLXX03,,,2039,S4D4,,,,,0.011552
SpecifiedDemandProfile,A_Calibrated_BAU,GLOBAL,,ELCNPLXX03,,,2040,S4D4,,,,,0.011552
SpecifiedDemandProfile,A_Calibrated_BAU,GLOBAL,,ELCNPLXX03,,,2041,S4D4,,,,,0.011552
SpecifiedDemandProfile,A_Calibrated_BAU,GLOBAL,,ELCNPLXX03,,,2042,S4D4,,,,,0.011552
SpecifiedDemandProfile,A_Calibrated_BAU,GLOBAL,,ELCNPLXX03,,,2043,S4D4,,,,,0.011552
SpecifiedDemandProfile,A_Calibrated_BAU,GLOBAL,,ELCNPLXX03,,,2044,S4D4,,,,,0.011552
SpecifiedDemandProfile,A_Calibrated_BAU,GLOBAL,,ELCNPLXX03,,,2045,S4D4,,,,,0.011552
SpecifiedDemandProfile,A_Calibrated_BAU,GLOBAL,,ELCNPLXX03,,,2046,S4D4,,,,,0.011552
SpecifiedDemandProfile,A_Calibrated_BAU,GLOBAL,,ELCNPLXX03,,,2047,S4D4,,,,,0.011552
SpecifiedDemandProfile,A_Calibrated_BAU,GLOBAL,,ELCNPLXX03,,,2048,S4D4,,,,,0.011552
SpecifiedDemandProfile,A_Calibrated_BAU,GLOBAL,,ELCNPLXX03,,,2049,S4D4,,,,,0.011552
SpecifiedDemandProfile,A_Calibrated_BAU,GLOBAL,,ELCNPLXX03,,,2050,S4D4,,,,,0.011552
SpecifiedDemandProfile,A_Calibrated_BAU,GLOBAL,,ELCNPLXX03,,,2023,S4D5,,,,,0.008787
SpecifiedDemandProfile,A_Calibrated_BAU,GLOBAL,,ELCNPLXX03,,,2024,S4D5,,,,,0.008787
SpecifiedDemandProfile,A_Calibrated_BAU,GLOBAL,,ELCNPLXX03,,,2025,S4D5,,,,,0.008787
SpecifiedDemandProfile,A_Calibrated_BAU,GLOBAL,,ELCNPLXX03,,,2026,S4D5,,,,,0.008787
SpecifiedDemandProfile,A_Calibrated_BAU,GLOBAL,,ELCNPLXX03,,,2027,S4D5,,,,,0.008787
SpecifiedDemandProfile,A_Calibrated_BAU,GLOBAL,,ELCNPLXX03,,,2028,S4D5,,,,,0.008787
SpecifiedDemandProfile,A_Calibrated_BAU,GLOBAL,,ELCNPLXX03,,,2029,S4D5,,,,,0.008787
SpecifiedDemandProfile,A_Calibrated_BAU,GLOBAL,,ELCNPLXX03,,,2030,S4D5,,,,,0.008787
SpecifiedDemandProfile,A_Calibrated_BAU,GLOBAL,,ELCNPLXX03,,,2031,S4D5,,,,,0.008787
SpecifiedDemandProfile,A_Calibrated_BAU,GLOBAL,,ELCNPLXX03,,,2032,S4D5,,,,,0.008787
SpecifiedDemandProfile,A_Calibrated_BAU,GLOBAL,,ELCNPLXX03,,,2033,S4D5,,,,,0.008787
SpecifiedDemandProfile,A_Calibrated_BAU,GLOBAL,,ELCNPLXX03,,,2034,S4D5,,,,,0.008787
SpecifiedDemandProfile,A_Calibrated_BAU,GLOBAL,,ELCNPLXX03,,,2035,S4D5,,,,,0.008787
SpecifiedDemandProfile,A_Calibrated_BAU,GLOBAL,,ELCNPLXX03,,,2036,S4D5,,,,,0.008787
SpecifiedDemandProfile,A_Calibrated_BAU,GLOBAL,,ELCNPLXX03,,,2037,S4D5,,,,,0.008787
SpecifiedDemandProfile,A_Calibrated_BAU,GLOBAL,,ELCNPLXX03,,,2038,S4D5,,,,,0.008787
SpecifiedDemandProfile,A_Calibrated_BAU,GLOBAL,,ELCNPLXX03,,,2039,S4D5,,,,,0.008787
SpecifiedDemandProfile,A_Calibrated_BAU,GLOBAL,,ELCNPLXX03,,,2040,S4D5,,,,,0.008787
SpecifiedDemandProfile,A_Calibrated_BAU,GLOBAL,,ELCNPLXX03,,,2041,S4D5,,,,,0.008787
SpecifiedDemandProfile,A_Calibrated_BAU,GLOBAL,,ELCNPLXX03,,,2042,S4D5,,,,,0.008787
SpecifiedDemandProfile,A_Calibrated_BAU,GLOBAL,,ELCNPLXX03,,,2043,S4D5,,,,,0.008787
SpecifiedDemandProfile,A_Calibrated_BAU,GLOBAL,,ELCNPLXX03,,,2044,S4D5,,,,,0.008787
SpecifiedDemandProfile,A_Calibrated_BAU,GLOBAL,,ELCNPLXX03,,,2045,S4D5,,,,,0.008787
SpecifiedDemandProfile,A_Calibrated_BAU,GLOBAL,,ELCNPLXX03,,,2046,S4D5,,,,,0.008787
SpecifiedDemandProfile,A_Calibrated_BAU,GLOBAL,,ELCNPLXX03,,,2047,S4D5,,,,,0.008787
SpecifiedDemandProfile,A_Calibrated_BAU,GLOBAL,,ELCNPLXX03,,,2048,S4D5,,,,,0.008787
SpecifiedDemandProfile,A_Calibrated_BAU,GLOBAL,,ELCNPLXX03,,,2049,S4D5,,,,,0.008787
SpecifiedDemandProfile,A_Calibrated_BAU,GLOBAL,,ELCNPLXX03,,,2050,S4D5,,,,,0.008787
SpecifiedDemandProfile,A_Calibrated_BAU,GLOBAL,,ELCLKAXX03,,,2023,S1D1,,,,,0.050231
SpecifiedDemandProfile,A_Calibrated_BAU,GLOBAL,,ELCLKAXX03,,,2024,S1D1,,,,,0.050231
SpecifiedDemandProfile,A_Calibrated_BAU,GLOBAL,,ELCLKAXX03,,,2025,S1D1,,,,,0.050231
SpecifiedDemandProfile,A_Calibrated_BAU,GLOBAL,,ELCLKAXX03,,,2026,S1D1,,,,,0.050231
SpecifiedDemandProfile,A_Calibrated_BAU,GLOBAL,,ELCLKAXX03,,,2027,S1D1,,,,,0.050231
SpecifiedDemandProfile,A_Calibrated_BAU,GLOBAL,,ELCLKAXX03,,,2028,S1D1,,,,,0.050231
SpecifiedDemandProfile,A_Calibrated_BAU,GLOBAL,,ELCLKAXX03,,,2029,S1D1,,,,,0.050231
SpecifiedDemandProfile,A_Calibrated_BAU,GLOBAL,,ELCLKAXX03,,,2030,S1D1,,,,,0.050231
SpecifiedDemandProfile,A_Calibrated_BAU,GLOBAL,,ELCLKAXX03,,,2031,S1D1,,,,,0.050231
SpecifiedDemandProfile,A_Calibrated_BAU,GLOBAL,,ELCLKAXX03,,,2032,S1D1,,,,,0.050231
SpecifiedDemandProfile,A_Calibrated_BAU,GLOBAL,,ELCLKAXX03,,,2033,S1D1,,,,,0.050231
SpecifiedDemandProfile,A_Calibrated_BAU,GLOBAL,,ELCLKAXX03,,,2034,S1D1,,,,,0.050231
SpecifiedDemandProfile,A_Calibrated_BAU,GLOBAL,,ELCLKAXX03,,,2035,S1D1,,,,,0.050231
SpecifiedDemandProfile,A_Calibrated_BAU,GLOBAL,,ELCLKAXX03,,,2036,S1D1,,,,,0.050231
SpecifiedDemandProfile,A_Calibrated_BAU,GLOBAL,,ELCLKAXX03,,,2037,S1D1,,,,,0.050231
SpecifiedDemandProfile,A_Calibrated_BAU,GLOBAL,,ELCLKAXX03,,,2038,S1D1,,,,,0.050231
SpecifiedDemandProfile,A_Calibrated_BAU,GLOBAL,,ELCLKAXX03,,,2039,S1D1,,,,,0.050231
SpecifiedDemandProfile,A_Calibrated_BAU,GLOBAL,,ELCLKAXX03,,,2040,S1D1,,,,,0.050231
SpecifiedDemandProfile,A_Calibrated_BAU,GLOBAL,,ELCLKAXX03,,,2041,S1D1,,,,,0.050231
SpecifiedDemandProfile,A_Calibrated_BAU,GLOBAL,,ELCLKAXX03,,,2042,S1D1,,,,,0.050231
SpecifiedDemandProfile,A_Calibrated_BAU,GLOBAL,,ELCLKAXX03,,,2043,S1D1,,,,,0.050231
SpecifiedDemandProfile,A_Calibrated_BAU,GLOBAL,,ELCLKAXX03,,,2044,S1D1,,,,,0.050231
SpecifiedDemandProfile,A_Calibrated_BAU,GLOBAL,,ELCLKAXX03,,,2045,S1D1,,,,,0.050231
SpecifiedDemandProfile,A_Calibrated_BAU,GLOBAL,,ELCLKAXX03,,,2046,S1D1,,,,,0.050231
SpecifiedDemandProfile,A_Calibrated_BAU,GLOBAL,,ELCLKAXX03,,,2047,S1D1,,,,,0.050231
SpecifiedDemandProfile,A_Calibrated_BAU,GLOBAL,,ELCLKAXX03,,,2048,S1D1,,,,,0.050231
SpecifiedDemandProfile,A_Calibrated_BAU,GLOBAL,,ELCLKAXX03,,,2049,S1D1,,,,,0.050231
SpecifiedDemandProfile,A_Calibrated_BAU,GLOBAL,,ELCLKAXX03,,,2050,S1D1,,,,,0.050231
SpecifiedDemandProfile,A_Calibrated_BAU,GLOBAL,,ELCLKAXX03,,,2023,S1D2,,,,,0.11699
SpecifiedDemandProfile,A_Calibrated_BAU,GLOBAL,,ELCLKAXX03,,,2024,S1D2,,,,,0.11699
SpecifiedDemandProfile,A_Calibrated_BAU,GLOBAL,,ELCLKAXX03,,,2025,S1D2,,,,,0.11699
SpecifiedDemandProfile,A_Calibrated_BAU,GLOBAL,,ELCLKAXX03,,,2026,S1D2,,,,,0.11699
SpecifiedDemandProfile,A_Calibrated_BAU,GLOBAL,,ELCLKAXX03,,,2027,S1D2,,,,,0.11699
SpecifiedDemandProfile,A_Calibrated_BAU,GLOBAL,,ELCLKAXX03,,,2028,S1D2,,,,,0.11699
SpecifiedDemandProfile,A_Calibrated_BAU,GLOBAL,,ELCLKAXX03,,,2029,S1D2,,,,,0.11699
SpecifiedDemandProfile,A_Calibrated_BAU,GLOBAL,,ELCLKAXX03,,,2030,S1D2,,,,,0.11699
SpecifiedDemandProfile,A_Calibrated_BAU,GLOBAL,,ELCLKAXX03,,,2031,S1D2,,,,,0.11699
SpecifiedDemandProfile,A_Calibrated_BAU,GLOBAL,,ELCLKAXX03,,,2032,S1D2,,,,,0.11699
SpecifiedDemandProfile,A_Calibrated_BAU,GLOBAL,,ELCLKAXX03,,,2033,S1D2,,,,,0.11699
SpecifiedDemandProfile,A_Calibrated_BAU,GLOBAL,,ELCLKAXX03,,,2034,S1D2,,,,,0.11699
SpecifiedDemandProfile,A_Calibrated_BAU,GLOBAL,,ELCLKAXX03,,,2035,S1D2,,,,,0.11699
SpecifiedDemandProfile,A_Calibrated_BAU,GLOBAL,,ELCLKAXX03,,,2036,S1D2,,,,,0.11699
SpecifiedDemandProfile,A_Calibrated_BAU,GLOBAL,,ELCLKAXX03,,,2037,S1D2,,,,,0.11699
SpecifiedDemandProfile,A_Calibrated_BAU,GLOBAL,,ELCLKAXX03,,,2038,S1D2,,,,,0.11699
SpecifiedDemandProfile,A_Calibrated_BAU,GLOBAL,,ELCLKAXX03,,,2039,S1D2,,,,,0.11699
SpecifiedDemandProfile,A_Calibrated_BAU,GLOBAL,,ELCLKAXX03,,,2040,S1D2,,,,,0.11699
SpecifiedDemandProfile,A_Calibrated_BAU,GLOBAL,,ELCLKAXX03,,,2041,S1D2,,,,,0.11699
SpecifiedDemandProfile,A_Calibrated_BAU,GLOBAL,,ELCLKAXX03,,,2042,S1D2,,,,,0.11699
SpecifiedDemandProfile,A_Calibrated_BAU,GLOBAL,,ELCLKAXX03,,,2043,S1D2,,,,,0.11699
SpecifiedDemandProfile,A_Calibrated_BAU,GLOBAL,,ELCLKAXX03,,,2044,S1D2,,,,,0.11699
SpecifiedDemandProfile,A_Calibrated_BAU,GLOBAL,,ELCLKAXX03,,,2045,S1D2,,,,,0.11699
SpecifiedDemandProfile,A_Calibrated_BAU,GLOBAL,,ELCLKAXX03,,,2046,S1D2,,,,,0.11699
SpecifiedDemandProfile,A_Calibrated_BAU,GLOBAL,,ELCLKAXX03,,,2047,S1D2,,,,,0.11699
SpecifiedDemandProfile,A_Calibrated_BAU,GLOBAL,,ELCLKAXX03,,,2048,S1D2,,,,,0.11699
SpecifiedDemandProfile,A_Calibrated_BAU,GLOBAL,,ELCLKAXX03,,,2049,S1D2,,,,,0.11699
SpecifiedDemandProfile,A_Calibrated_BAU,GLOBAL,,ELCLKAXX03,,,2050,S1D2,,,,,0.11699
SpecifiedDemandProfile,A_Calibrated_BAU,GLOBAL,,ELCLKAXX03,,,2023,S1D3,,,,,0.035472
SpecifiedDemandProfile,A_Calibrated_BAU,GLOBAL,,ELCLKAXX03,,,2024,S1D3,,,,,0.035472
SpecifiedDemandProfile,A_Calibrated_BAU,GLOBAL,,ELCLKAXX03,,,2025,S1D3,,,,,0.035472
SpecifiedDemandProfile,A_Calibrated_BAU,GLOBAL,,ELCLKAXX03,,,2026,S1D3,,,,,0.035472
SpecifiedDemandProfile,A_Calibrated_BAU,GLOBAL,,ELCLKAXX03,,,2027,S1D3,,,,,0.035472
SpecifiedDemandProfile,A_Calibrated_BAU,GLOBAL,,ELCLKAXX03,,,2028,S1D3,,,,,0.035472
SpecifiedDemandProfile,A_Calibrated_BAU,GLOBAL,,ELCLKAXX03,,,2029,S1D3,,,,,0.035472
SpecifiedDemandProfile,A_Calibrated_BAU,GLOBAL,,ELCLKAXX03,,,2030,S1D3,,,,,0.035472
SpecifiedDemandProfile,A_Calibrated_BAU,GLOBAL,,ELCLKAXX03,,,2031,S1D3,,,,,0.035472
SpecifiedDemandProfile,A_Calibrated_BAU,GLOBAL,,ELCLKAXX03,,,2032,S1D3,,,,,0.035472
SpecifiedDemandProfile,A_Calibrated_BAU,GLOBAL,,ELCLKAXX03,,,2033,S1D3,,,,,0.035472
SpecifiedDemandProfile,A_Calibrated_BAU,GLOBAL,,ELCLKAXX03,,,2034,S1D3,,,,,0.035472
SpecifiedDemandProfile,A_Calibrated_BAU,GLOBAL,,ELCLKAXX03,,,2035,S1D3,,,,,0.035472
SpecifiedDemandProfile,A_Calibrated_BAU,GLOBAL,,ELCLKAXX03,,,2036,S1D3,,,,,0.035472
SpecifiedDemandProfile,A_Calibrated_BAU,GLOBAL,,ELCLKAXX03,,,2037,S1D3,,,,,0.035472
SpecifiedDemandProfile,A_Calibrated_BAU,GLOBAL,,ELCLKAXX03,,,2038,S1D3,,,,,0.035472
SpecifiedDemandProfile,A_Calibrated_BAU,GLOBAL,,ELCLKAXX03,,,2039,S1D3,,,,,0.035472
SpecifiedDemandProfile,A_Calibrated_BAU,GLOBAL,,ELCLKAXX03,,,2040,S1D3,,,,,0.035472
SpecifiedDemandProfile,A_Calibrated_BAU,GLOBAL,,ELCLKAXX03,,,2041,S1D3,,,,,0.035472
SpecifiedDemandProfile,A_Calibrated_BAU,GLOBAL,,ELCLKAXX03,,,2042,S1D3,,,,,0.035472
SpecifiedDemandProfile,A_Calibrated_BAU,GLOBAL,,ELCLKAXX03,,,2043,S1D3,,,,,0.035472
SpecifiedDemandProfile,A_Calibrated_BAU,GLOBAL,,ELCLKAXX03,,,2044,S1D3,,,,,0.035472
SpecifiedDemandProfile,A_Calibrated_BAU,GLOBAL,,ELCLKAXX03,,,2045,S1D3,,,,,0.035472
SpecifiedDemandProfile,A_Calibrated_BAU,GLOBAL,,ELCLKAXX03,,,2046,S1D3,,,,,0.035472
SpecifiedDemandProfile,A_Calibrated_BAU,GLOBAL,,ELCLKAXX03,,,2047,S1D3,,,,,0.035472
SpecifiedDemandProfile,A_Calibrated_BAU,GLOBAL,,ELCLKAXX03,,,2048,S1D3,,,,,0.035472
SpecifiedDemandProfile,A_Calibrated_BAU,GLOBAL,,ELCLKAXX03,,,2049,S1D3,,,,,0.035472
SpecifiedDemandProfile,A_Calibrated_BAU,GLOBAL,,ELCLKAXX03,,,2050,S1D3,,,,,0.035472
SpecifiedDemandProfile,A_Calibrated_BAU,GLOBAL,,ELCLKAXX03,,,2023,S1D4,,,,,0.021719
SpecifiedDemandProfile,A_Calibrated_BAU,GLOBAL,,ELCLKAXX03,,,2024,S1D4,,,,,0.021719
SpecifiedDemandProfile,A_Calibrated_BAU,GLOBAL,,ELCLKAXX03,,,2025,S1D4,,,,,0.021719
SpecifiedDemandProfile,A_Calibrated_BAU,GLOBAL,,ELCLKAXX03,,,2026,S1D4,,,,,0.021719
SpecifiedDemandProfile,A_Calibrated_BAU,GLOBAL,,ELCLKAXX03,,,2027,S1D4,,,,,0.021719
SpecifiedDemandProfile,A_Calibrated_BAU,GLOBAL,,ELCLKAXX03,,,2028,S1D4,,,,,0.021719
SpecifiedDemandProfile,A_Calibrated_BAU,GLOBAL,,ELCLKAXX03,,,2029,S1D4,,,,,0.021719
SpecifiedDemandProfile,A_Calibrated_BAU,GLOBAL,,ELCLKAXX03,,,2030,S1D4,,,,,0.021719
SpecifiedDemandProfile,A_Calibrated_BAU,GLOBAL,,ELCLKAXX03,,,2031,S1D4,,,,,0.021719
SpecifiedDemandProfile,A_Calibrated_BAU,GLOBAL,,ELCLKAXX03,,,2032,S1D4,,,,,0.021719
SpecifiedDemandProfile,A_Calibrated_BAU,GLOBAL,,ELCLKAXX03,,,2033,S1D4,,,,,0.021719
SpecifiedDemandProfile,A_Calibrated_BAU,GLOBAL,,ELCLKAXX03,,,2034,S1D4,,,,,0.021719
SpecifiedDemandProfile,A_Calibrated_BAU,GLOBAL,,ELCLKAXX03,,,2035,S1D4,,,,,0.021719
SpecifiedDemandProfile,A_Calibrated_BAU,GLOBAL,,ELCLKAXX03,,,2036,S1D4,,,,,0.021719
SpecifiedDemandProfile,A_Calibrated_BAU,GLOBAL,,ELCLKAXX03,,,2037,S1D4,,,,,0.021719
SpecifiedDemandProfile,A_Calibrated_BAU,GLOBAL,,ELCLKAXX03,,,2038,S1D4,,,,,0.021719
SpecifiedDemandProfile,A_Calibrated_BAU,GLOBAL,,ELCLKAXX03,,,2039,S1D4,,,,,0.021719
SpecifiedDemandProfile,A_Calibrated_BAU,GLOBAL,,ELCLKAXX03,,,2040,S1D4,,,,,0.021719
SpecifiedDemandProfile,A_Calibrated_BAU,GLOBAL,,ELCLKAXX03,,,2041,S1D4,,,,,0.021719
SpecifiedDemandProfile,A_Calibrated_BAU,GLOBAL,,ELCLKAXX03,,,2042,S1D4,,,,,0.021719
SpecifiedDemandProfile,A_Calibrated_BAU,GLOBAL,,ELCLKAXX03,,,2043,S1D4,,,,,0.021719
SpecifiedDemandProfile,A_Calibrated_BAU,GLOBAL,,ELCLKAXX03,,,2044,S1D4,,,,,0.021719
SpecifiedDemandProfile,A_Calibrated_BAU,GLOBAL,,ELCLKAXX03,,,2045,S1D4,,,,,0.021719
SpecifiedDemandProfile,A_Calibrated_BAU,GLOBAL,,ELCLKAXX03,,,2046,S1D4,,,,,0.021719
SpecifiedDemandProfile,A_Calibrated_BAU,GLOBAL,,ELCLKAXX03,,,2047,S1D4,,,,,0.021719
SpecifiedDemandProfile,A_Calibrated_BAU,GLOBAL,,ELCLKAXX03,,,2048,S1D4,,,,,0.021719
SpecifiedDemandProfile,A_Calibrated_BAU,GLOBAL,,ELCLKAXX03,,,2049,S1D4,,,,,0.021719
SpecifiedDemandProfile,A_Calibrated_BAU,GLOBAL,,ELCLKAXX03,,,2050,S1D4,,,,,0.021719
SpecifiedDemandProfile,A_Calibrated_BAU,GLOBAL,,ELCLKAXX03,,,2023,S1D5,,,,,0.018738
SpecifiedDemandProfile,A_Calibrated_BAU,GLOBAL,,ELCLKAXX03,,,2024,S1D5,,,,,0.018738
SpecifiedDemandProfile,A_Calibrated_BAU,GLOBAL,,ELCLKAXX03,,,2025,S1D5,,,,,0.018738
SpecifiedDemandProfile,A_Calibrated_BAU,GLOBAL,,ELCLKAXX03,,,2026,S1D5,,,,,0.018738
SpecifiedDemandProfile,A_Calibrated_BAU,GLOBAL,,ELCLKAXX03,,,2027,S1D5,,,,,0.018738
SpecifiedDemandProfile,A_Calibrated_BAU,GLOBAL,,ELCLKAXX03,,,2028,S1D5,,,,,0.018738
SpecifiedDemandProfile,A_Calibrated_BAU,GLOBAL,,ELCLKAXX03,,,2029,S1D5,,,,,0.018738
SpecifiedDemandProfile,A_Calibrated_BAU,GLOBAL,,ELCLKAXX03,,,2030,S1D5,,,,,0.018738
SpecifiedDemandProfile,A_Calibrated_BAU,GLOBAL,,ELCLKAXX03,,,2031,S1D5,,,,,0.018738
SpecifiedDemandProfile,A_Calibrated_BAU,GLOBAL,,ELCLKAXX03,,,2032,S1D5,,,,,0.018738
SpecifiedDemandProfile,A_Calibrated_BAU,GLOBAL,,ELCLKAXX03,,,2033,S1D5,,,,,0.018738
SpecifiedDemandProfile,A_Calibrated_BAU,GLOBAL,,ELCLKAXX03,,,2034,S1D5,,,,,0.018738
SpecifiedDemandProfile,A_Calibrated_BAU,GLOBAL,,ELCLKAXX03,,,2035,S1D5,,,,,0.018738
SpecifiedDemandProfile,A_Calibrated_BAU,GLOBAL,,ELCLKAXX03,,,2036,S1D5,,,,,0.018738
SpecifiedDemandProfile,A_Calibrated_BAU,GLOBAL,,ELCLKAXX03,,,2037,S1D5,,,,,0.018738
SpecifiedDemandProfile,A_Calibrated_BAU,GLOBAL,,ELCLKAXX03,,,2038,S1D5,,,,,0.018738
SpecifiedDemandProfile,A_Calibrated_BAU,GLOBAL,,ELCLKAXX03,,,2039,S1D5,,,,,0.018738
SpecifiedDemandProfile,A_Calibrated_BAU,GLOBAL,,ELCLKAXX03,,,2040,S1D5,,,,,0.018738
SpecifiedDemandProfile,A_Calibrated_BAU,GLOBAL,,ELCLKAXX03,,,2041,S1D5,,,,,0.018738
SpecifiedDemandProfile,A_Calibrated_BAU,GLOBAL,,ELCLKAXX03,,,2042,S1D5,,,,,0.018738
SpecifiedDemandProfile,A_Calibrated_BAU,GLOBAL,,ELCLKAXX03,,,2043,S1D5,,,,,0.018738
SpecifiedDemandProfile,A_Calibrated_BAU,GLOBAL,,ELCLKAXX03,,,2044,S1D5,,,,,0.018738
SpecifiedDemandProfile,A_Calibrated_BAU,GLOBAL,,ELCLKAXX03,,,2045,S1D5,,,,,0.018738
SpecifiedDemandProfile,A_Calibrated_BAU,GLOBAL,,ELCLKAXX03,,,2046,S1D5,,,,,0.018738
SpecifiedDemandProfile,A_Calibrated_BAU,GLOBAL,,ELCLKAXX03,,,2047,S1D5,,,,,0.018738
SpecifiedDemandProfile,A_Calibrated_BAU,GLOBAL,,ELCLKAXX03,,,2048,S1D5,,,,,0.018738
SpecifiedDemandProfile,A_Calibrated_BAU,GLOBAL,,ELCLKAXX03,,,2049,S1D5,,,,,0.018738
SpecifiedDemandProfile,A_Calibrated_BAU,GLOBAL,,ELCLKAXX03,,,2050,S1D5,,,,,0.018738
SpecifiedDemandProfile,A_Calibrated_BAU,GLOBAL,,ELCLKAXX03,,,2023,S2D1,,,,,0.053122
SpecifiedDemandProfile,A_Calibrated_BAU,GLOBAL,,ELCLKAXX03,,,2024,S2D1,,,,,0.053122
SpecifiedDemandProfile,A_Calibrated_BAU,GLOBAL,,ELCLKAXX03,,,2025,S2D1,,,,,0.053122
SpecifiedDemandProfile,A_Calibrated_BAU,GLOBAL,,ELCLKAXX03,,,2026,S2D1,,,,,0.053122
SpecifiedDemandProfile,A_Calibrated_BAU,GLOBAL,,ELCLKAXX03,,,2027,S2D1,,,,,0.053122
SpecifiedDemandProfile,A_Calibrated_BAU,GLOBAL,,ELCLKAXX03,,,2028,S2D1,,,,,0.053122
SpecifiedDemandProfile,A_Calibrated_BAU,GLOBAL,,ELCLKAXX03,,,2029,S2D1,,,,,0.053122
SpecifiedDemandProfile,A_Calibrated_BAU,GLOBAL,,ELCLKAXX03,,,2030,S2D1,,,,,0.053122
SpecifiedDemandProfile,A_Calibrated_BAU,GLOBAL,,ELCLKAXX03,,,2031,S2D1,,,,,0.053122
SpecifiedDemandProfile,A_Calibrated_BAU,GLOBAL,,ELCLKAXX03,,,2032,S2D1,,,,,0.053122
SpecifiedDemandProfile,A_Calibrated_BAU,GLOBAL,,ELCLKAXX03,,,2033,S2D1,,,,,0.053122
SpecifiedDemandProfile,A_Calibrated_BAU,GLOBAL,,ELCLKAXX03,,,2034,S2D1,,,,,0.053122
SpecifiedDemandProfile,A_Calibrated_BAU,GLOBAL,,ELCLKAXX03,,,2035,S2D1,,,,,0.053122
SpecifiedDemandProfile,A_Calibrated_BAU,GLOBAL,,ELCLKAXX03,,,2036,S2D1,,,,,0.053122
SpecifiedDemandProfile,A_Calibrated_BAU,GLOBAL,,ELCLKAXX03,,,2037,S2D1,,,,,0.053122
SpecifiedDemandProfile,A_Calibrated_BAU,GLOBAL,,ELCLKAXX03,,,2038,S2D1,,,,,0.053122
SpecifiedDemandProfile,A_Calibrated_BAU,GLOBAL,,ELCLKAXX03,,,2039,S2D1,,,,,0.053122
SpecifiedDemandProfile,A_Calibrated_BAU,GLOBAL,,ELCLKAXX03,,,2040,S2D1,,,,,0.053122
SpecifiedDemandProfile,A_Calibrated_BAU,GLOBAL,,ELCLKAXX03,,,2041,S2D1,,,,,0.053122
SpecifiedDemandProfile,A_Calibrated_BAU,GLOBAL,,ELCLKAXX03,,,2042,S2D1,,,,,0.053122
SpecifiedDemandProfile,A_Calibrated_BAU,GLOBAL,,ELCLKAXX03,,,2043,S2D1,,,,,0.053122
SpecifiedDemandProfile,A_Calibrated_BAU,GLOBAL,,ELCLKAXX03,,,2044,S2D1,,,,,0.053122
SpecifiedDemandProfile,A_Calibrated_BAU,GLOBAL,,ELCLKAXX03,,,2045,S2D1,,,,,0.053122
SpecifiedDemandProfile,A_Calibrated_BAU,GLOBAL,,ELCLKAXX03,,,2046,S2D1,,,,,0.053122
SpecifiedDemandProfile,A_Calibrated_BAU,GLOBAL,,ELCLKAXX03,,,2047,S2D1,,,,,0.053122
SpecifiedDemandProfile,A_Calibrated_BAU,GLOBAL,,ELCLKAXX03,,,2048,S2D1,,,,,0.053122
SpecifiedDemandProfile,A_Calibrated_BAU,GLOBAL,,ELCLKAXX03,,,2049,S2D1,,,,,0.053122
SpecifiedDemandProfile,A_Calibrated_BAU,GLOBAL,,ELCLKAXX03,,,2050,S2D1,,,,,0.053122
SpecifiedDemandProfile,A_Calibrated_BAU,GLOBAL,,ELCLKAXX03,,,2023,S2D2,,,,,0.118786
SpecifiedDemandProfile,A_Calibrated_BAU,GLOBAL,,ELCLKAXX03,,,2024,S2D2,,,,,0.118786
SpecifiedDemandProfile,A_Calibrated_BAU,GLOBAL,,ELCLKAXX03,,,2025,S2D2,,,,,0.118786
SpecifiedDemandProfile,A_Calibrated_BAU,GLOBAL,,ELCLKAXX03,,,2026,S2D2,,,,,0.118786
SpecifiedDemandProfile,A_Calibrated_BAU,GLOBAL,,ELCLKAXX03,,,2027,S2D2,,,,,0.118786
SpecifiedDemandProfile,A_Calibrated_BAU,GLOBAL,,ELCLKAXX03,,,2028,S2D2,,,,,0.118786
SpecifiedDemandProfile,A_Calibrated_BAU,GLOBAL,,ELCLKAXX03,,,2029,S2D2,,,,,0.118786
SpecifiedDemandProfile,A_Calibrated_BAU,GLOBAL,,ELCLKAXX03,,,2030,S2D2,,,,,0.118786
SpecifiedDemandProfile,A_Calibrated_BAU,GLOBAL,,ELCLKAXX03,,,2031,S2D2,,,,,0.118786
SpecifiedDemandProfile,A_Calibrated_BAU,GLOBAL,,ELCLKAXX03,,,2032,S2D2,,,,,0.118786
SpecifiedDemandProfile,A_Calibrated_BAU,GLOBAL,,ELCLKAXX03,,,2033,S2D2,,,,,0.118786
SpecifiedDemandProfile,A_Calibrated_BAU,GLOBAL,,ELCLKAXX03,,,2034,S2D2,,,,,0.118786
SpecifiedDemandProfile,A_Calibrated_BAU,GLOBAL,,ELCLKAXX03,,,2035,S2D2,,,,,0.118786
SpecifiedDemandProfile,A_Calibrated_BAU,GLOBAL,,ELCLKAXX03,,,2036,S2D2,,,,,0.118786
SpecifiedDemandProfile,A_Calibrated_BAU,GLOBAL,,ELCLKAXX03,,,2037,S2D2,,,,,0.118786
SpecifiedDemandProfile,A_Calibrated_BAU,GLOBAL,,ELCLKAXX03,,,2038,S2D2,,,,,0.118786
SpecifiedDemandProfile,A_Calibrated_BAU,GLOBAL,,ELCLKAXX03,,,2039,S2D2,,,,,0.118786
SpecifiedDemandProfile,A_Calibrated_BAU,GLOBAL,,ELCLKAXX03,,,2040,S2D2,,,,,0.118786
SpecifiedDemandProfile,A_Calibrated_BAU,GLOBAL,,ELCLKAXX03,,,2041,S2D2,,,,,0.118786
SpecifiedDemandProfile,A_Calibrated_BAU,GLOBAL,,ELCLKAXX03,,,2042,S2D2,,,,,0.118786
SpecifiedDemandProfile,A_Calibrated_BAU,GLOBAL,,ELCLKAXX03,,,2043,S2D2,,,,,0.118786
SpecifiedDemandProfile,A_Calibrated_BAU,GLOBAL,,ELCLKAXX03,,,2044,S2D2,,,,,0.118786
SpecifiedDemandProfile,A_Calibrated_BAU,GLOBAL,,ELCLKAXX03,,,2045,S2D2,,,,,0.118786
SpecifiedDemandProfile,A_Calibrated_BAU,GLOBAL,,ELCLKAXX03,,,2046,S2D2,,,,,0.118786
SpecifiedDemandProfile,A_Calibrated_BAU,GLOBAL,,ELCLKAXX03,,,2047,S2D2,,,,,0.118786
SpecifiedDemandProfile,A_Calibrated_BAU,GLOBAL,,ELCLKAXX03,,,2048,S2D2,,,,,0.118786
SpecifiedDemandProfile,A_Calibrated_BAU,GLOBAL,,ELCLKAXX03,,,2049,S2D2,,,,,0.118786
SpecifiedDemandProfile,A_Calibrated_BAU,GLOBAL,,ELCLKAXX03,,,2050,S2D2,,,,,0.118786
SpecifiedDemandProfile,A_Calibrated_BAU,GLOBAL,,ELCLKAXX03,,,2023,S2D3,,,,,0.038771
SpecifiedDemandProfile,A_Calibrated_BAU,GLOBAL,,ELCLKAXX03,,,2024,S2D3,,,,,0.038771
SpecifiedDemandProfile,A_Calibrated_BAU,GLOBAL,,ELCLKAXX03,,,2025,S2D3,,,,,0.038771
SpecifiedDemandProfile,A_Calibrated_BAU,GLOBAL,,ELCLKAXX03,,,2026,S2D3,,,,,0.038771
SpecifiedDemandProfile,A_Calibrated_BAU,GLOBAL,,ELCLKAXX03,,,2027,S2D3,,,,,0.038771
SpecifiedDemandProfile,A_Calibrated_BAU,GLOBAL,,ELCLKAXX03,,,2028,S2D3,,,,,0.038771
SpecifiedDemandProfile,A_Calibrated_BAU,GLOBAL,,ELCLKAXX03,,,2029,S2D3,,,,,0.038771
SpecifiedDemandProfile,A_Calibrated_BAU,GLOBAL,,ELCLKAXX03,,,2030,S2D3,,,,,0.038771
SpecifiedDemandProfile,A_Calibrated_BAU,GLOBAL,,ELCLKAXX03,,,2031,S2D3,,,,,0.038771
SpecifiedDemandProfile,A_Calibrated_BAU,GLOBAL,,ELCLKAXX03,,,2032,S2D3,,,,,0.038771
SpecifiedDemandProfile,A_Calibrated_BAU,GLOBAL,,ELCLKAXX03,,,2033,S2D3,,,,,0.038771
SpecifiedDemandProfile,A_Calibrated_BAU,GLOBAL,,ELCLKAXX03,,,2034,S2D3,,,,,0.038771
SpecifiedDemandProfile,A_Calibrated_BAU,GLOBAL,,ELCLKAXX03,,,2035,S2D3,,,,,0.038771
SpecifiedDemandProfile,A_Calibrated_BAU,GLOBAL,,ELCLKAXX03,,,2036,S2D3,,,,,0.038771
SpecifiedDemandProfile,A_Calibrated_BAU,GLOBAL,,ELCLKAXX03,,,2037,S2D3,,,,,0.038771
SpecifiedDemandProfile,A_Calibrated_BAU,GLOBAL,,ELCLKAXX03,,,2038,S2D3,,,,,0.038771
SpecifiedDemandProfile,A_Calibrated_BAU,GLOBAL,,ELCLKAXX03,,,2039,S2D3,,,,,0.038771
SpecifiedDemandProfile,A_Calibrated_BAU,GLOBAL,,ELCLKAXX03,,,2040,S2D3,,,,,0.038771
SpecifiedDemandProfile,A_Calibrated_BAU,GLOBAL,,ELCLKAXX03,,,2041,S2D3,,,,,0.038771
SpecifiedDemandProfile,A_Calibrated_BAU,GLOBAL,,ELCLKAXX03,,,2042,S2D3,,,,,0.038771
SpecifiedDemandProfile,A_Calibrated_BAU,GLOBAL,,ELCLKAXX03,,,2043,S2D3,,,,,0.038771
SpecifiedDemandProfile,A_Calibrated_BAU,GLOBAL,,ELCLKAXX03,,,2044,S2D3,,,,,0.038771
SpecifiedDemandProfile,A_Calibrated_BAU,GLOBAL,,ELCLKAXX03,,,2045,S2D3,,,,,0.038771
SpecifiedDemandProfile,A_Calibrated_BAU,GLOBAL,,ELCLKAXX03,,,2046,S2D3,,,,,0.038771
SpecifiedDemandProfile,A_Calibrated_BAU,GLOBAL,,ELCLKAXX03,,,2047,S2D3,,,,,0.038771
SpecifiedDemandProfile,A_Calibrated_BAU,GLOBAL,,ELCLKAXX03,,,2048,S2D3,,,,,0.038771
SpecifiedDemandProfile,A_Calibrated_BAU,GLOBAL,,ELCLKAXX03,,,2049,S2D3,,,,,0.038771
SpecifiedDemandProfile,A_Calibrated_BAU,GLOBAL,,ELCLKAXX03,,,2050,S2D3,,,,,0.038771
SpecifiedDemandProfile,A_Calibrated_BAU,GLOBAL,,ELCLKAXX03,,,2023,S2D4,,,,,0.024217
SpecifiedDemandProfile,A_Calibrated_BAU,GLOBAL,,ELCLKAXX03,,,2024,S2D4,,,,,0.024217
SpecifiedDemandProfile,A_Calibrated_BAU,GLOBAL,,ELCLKAXX03,,,2025,S2D4,,,,,0.024217
SpecifiedDemandProfile,A_Calibrated_BAU,GLOBAL,,ELCLKAXX03,,,2026,S2D4,,,,,0.024217
SpecifiedDemandProfile,A_Calibrated_BAU,GLOBAL,,ELCLKAXX03,,,2027,S2D4,,,,,0.024217
SpecifiedDemandProfile,A_Calibrated_BAU,GLOBAL,,ELCLKAXX03,,,2028,S2D4,,,,,0.024217
SpecifiedDemandProfile,A_Calibrated_BAU,GLOBAL,,ELCLKAXX03,,,2029,S2D4,,,,,0.024217
SpecifiedDemandProfile,A_Calibrated_BAU,GLOBAL,,ELCLKAXX03,,,2030,S2D4,,,,,0.024217
SpecifiedDemandProfile,A_Calibrated_BAU,GLOBAL,,ELCLKAXX03,,,2031,S2D4,,,,,0.024217
SpecifiedDemandProfile,A_Calibrated_BAU,GLOBAL,,ELCLKAXX03,,,2032,S2D4,,,,,0.024217
SpecifiedDemandProfile,A_Calibrated_BAU,GLOBAL,,ELCLKAXX03,,,2033,S2D4,,,,,0.024217
SpecifiedDemandProfile,A_Calibrated_BAU,GLOBAL,,ELCLKAXX03,,,2034,S2D4,,,,,0.024217
SpecifiedDemandProfile,A_Calibrated_BAU,GLOBAL,,ELCLKAXX03,,,2035,S2D4,,,,,0.024217
SpecifiedDemandProfile,A_Calibrated_BAU,GLOBAL,,ELCLKAXX03,,,2036,S2D4,,,,,0.024217
SpecifiedDemandProfile,A_Calibrated_BAU,GLOBAL,,ELCLKAXX03,,,2037,S2D4,,,,,0.024217
SpecifiedDemandProfile,A_Calibrated_BAU,GLOBAL,,ELCLKAXX03,,,2038,S2D4,,,,,0.024217
SpecifiedDemandProfile,A_Calibrated_BAU,GLOBAL,,ELCLKAXX03,,,2039,S2D4,,,,,0.024217
SpecifiedDemandProfile,A_Calibrated_BAU,GLOBAL,,ELCLKAXX03,,,2040,S2D4,,,,,0.024217
SpecifiedDemandProfile,A_Calibrated_BAU,GLOBAL,,ELCLKAXX03,,,2041,S2D4,,,,,0.024217
SpecifiedDemandProfile,A_Calibrated_BAU,GLOBAL,,ELCLKAXX03,,,2042,S2D4,,,,,0.024217
SpecifiedDemandProfile,A_Calibrated_BAU,GLOBAL,,ELCLKAXX03,,,2043,S2D4,,,,,0.024217
SpecifiedDemandProfile,A_Calibrated_BAU,GLOBAL,,ELCLKAXX03,,,2044,S2D4,,,,,0.024217
SpecifiedDemandProfile,A_Calibrated_BAU,GLOBAL,,ELCLKAXX03,,,2045,S2D4,,,,,0.024217
SpecifiedDemandProfile,A_Calibrated_BAU,GLOBAL,,ELCLKAXX03,,,2046,S2D4,,,,,0.024217
SpecifiedDemandProfile,A_Calibrated_BAU,GLOBAL,,ELCLKAXX03,,,2047,S2D4,,,,,0.024217
SpecifiedDemandProfile,A_Calibrated_BAU,GLOBAL,,ELCLKAXX03,,,2048,S2D4,,,,,0.024217
SpecifiedDemandProfile,A_Calibrated_BAU,GLOBAL,,ELCLKAXX03,,,2049,S2D4,,,,,0.024217
SpecifiedDemandProfile,A_Calibrated_BAU,GLOBAL,,ELCLKAXX03,,,2050,S2D4,,,,,0.024217
SpecifiedDemandProfile,A_Calibrated_BAU,GLOBAL,,ELCLKAXX03,,,2023,S2D5,,,,,0.019836
SpecifiedDemandProfile,A_Calibrated_BAU,GLOBAL,,ELCLKAXX03,,,2024,S2D5,,,,,0.019836
SpecifiedDemandProfile,A_Calibrated_BAU,GLOBAL,,ELCLKAXX03,,,2025,S2D5,,,,,0.019836
SpecifiedDemandProfile,A_Calibrated_BAU,GLOBAL,,ELCLKAXX03,,,2026,S2D5,,,,,0.019836
SpecifiedDemandProfile,A_Calibrated_BAU,GLOBAL,,ELCLKAXX03,,,2027,S2D5,,,,,0.019836
SpecifiedDemandProfile,A_Calibrated_BAU,GLOBAL,,ELCLKAXX03,,,2028,S2D5,,,,,0.019836
SpecifiedDemandProfile,A_Calibrated_BAU,GLOBAL,,ELCLKAXX03,,,2029,S2D5,,,,,0.019836
SpecifiedDemandProfile,A_Calibrated_BAU,GLOBAL,,ELCLKAXX03,,,2030,S2D5,,,,,0.019836
SpecifiedDemandProfile,A_Calibrated_BAU,GLOBAL,,ELCLKAXX03,,,2031,S2D5,,,,,0.019836
SpecifiedDemandProfile,A_Calibrated_BAU,GLOBAL,,ELCLKAXX03,,,2032,S2D5,,,,,0.019836
SpecifiedDemandProfile,A_Calibrated_BAU,GLOBAL,,ELCLKAXX03,,,2033,S2D5,,,,,0.019836
SpecifiedDemandProfile,A_Calibrated_BAU,GLOBAL,,ELCLKAXX03,,,2034,S2D5,,,,,0.019836
SpecifiedDemandProfile,A_Calibrated_BAU,GLOBAL,,ELCLKAXX03,,,2035,S2D5,,,,,0.019836
SpecifiedDemandProfile,A_Calibrated_BAU,GLOBAL,,ELCLKAXX03,,,2036,S2D5,,,,,0.019836
SpecifiedDemandProfile,A_Calibrated_BAU,GLOBAL,,ELCLKAXX03,,,2037,S2D5,,,,,0.019836
SpecifiedDemandProfile,A_Calibrated_BAU,GLOBAL,,ELCLKAXX03,,,2038,S2D5,,,,,0.019836
SpecifiedDemandProfile,A_Calibrated_BAU,GLOBAL,,ELCLKAXX03,,,2039,S2D5,,,,,0.019836
SpecifiedDemandProfile,A_Calibrated_BAU,GLOBAL,,ELCLKAXX03,,,2040,S2D5,,,,,0.019836
SpecifiedDemandProfile,A_Calibrated_BAU,GLOBAL,,ELCLKAXX03,,,2041,S2D5,,,,,0.019836
SpecifiedDemandProfile,A_Calibrated_BAU,GLOBAL,,ELCLKAXX03,,,2042,S2D5,,,,,0.019836
SpecifiedDemandProfile,A_Calibrated_BAU,GLOBAL,,ELCLKAXX03,,,2043,S2D5,,,,,0.019836
SpecifiedDemandProfile,A_Calibrated_BAU,GLOBAL,,ELCLKAXX03,,,2044,S2D5,,,,,0.019836
SpecifiedDemandProfile,A_Calibrated_BAU,GLOBAL,,ELCLKAXX03,,,2045,S2D5,,,,,0.019836
SpecifiedDemandProfile,A_Calibrated_BAU,GLOBAL,,ELCLKAXX03,,,2046,S2D5,,,,,0.019836
SpecifiedDemandProfile,A_Calibrated_BAU,GLOBAL,,ELCLKAXX03,,,2047,S2D5,,,,,0.019836
SpecifiedDemandProfile,A_Calibrated_BAU,GLOBAL,,ELCLKAXX03,,,2048,S2D5,,,,,0.019836
SpecifiedDemandProfile,A_Calibrated_BAU,GLOBAL,,ELCLKAXX03,,,2049,S2D5,,,,,0.019836
SpecifiedDemandProfile,A_Calibrated_BAU,GLOBAL,,ELCLKAXX03,,,2050,S2D5,,,,,0.019836
SpecifiedDemandProfile,A_Calibrated_BAU,GLOBAL,,ELCLKAXX03,,,2023,S3D1,,,,,0.071571
SpecifiedDemandProfile,A_Calibrated_BAU,GLOBAL,,ELCLKAXX03,,,2024,S3D1,,,,,0.071571
SpecifiedDemandProfile,A_Calibrated_BAU,GLOBAL,,ELCLKAXX03,,,2025,S3D1,,,,,0.071571
SpecifiedDemandProfile,A_Calibrated_BAU,GLOBAL,,ELCLKAXX03,,,2026,S3D1,,,,,0.071571
SpecifiedDemandProfile,A_Calibrated_BAU,GLOBAL,,ELCLKAXX03,,,2027,S3D1,,,,,0.071571
SpecifiedDemandProfile,A_Calibrated_BAU,GLOBAL,,ELCLKAXX03,,,2028,S3D1,,,,,0.071571
SpecifiedDemandProfile,A_Calibrated_BAU,GLOBAL,,ELCLKAXX03,,,2029,S3D1,,,,,0.071571
SpecifiedDemandProfile,A_Calibrated_BAU,GLOBAL,,ELCLKAXX03,,,2030,S3D1,,,,,0.071571
SpecifiedDemandProfile,A_Calibrated_BAU,GLOBAL,,ELCLKAXX03,,,2031,S3D1,,,,,0.071571
SpecifiedDemandProfile,A_Calibrated_BAU,GLOBAL,,ELCLKAXX03,,,2032,S3D1,,,,,0.071571
SpecifiedDemandProfile,A_Calibrated_BAU,GLOBAL,,ELCLKAXX03,,,2033,S3D1,,,,,0.071571
SpecifiedDemandProfile,A_Calibrated_BAU,GLOBAL,,ELCLKAXX03,,,2034,S3D1,,,,,0.071571
SpecifiedDemandProfile,A_Calibrated_BAU,GLOBAL,,ELCLKAXX03,,,2035,S3D1,,,,,0.071571
SpecifiedDemandProfile,A_Calibrated_BAU,GLOBAL,,ELCLKAXX03,,,2036,S3D1,,,,,0.071571
SpecifiedDemandProfile,A_Calibrated_BAU,GLOBAL,,ELCLKAXX03,,,2037,S3D1,,,,,0.071571
SpecifiedDemandProfile,A_Calibrated_BAU,GLOBAL,,ELCLKAXX03,,,2038,S3D1,,,,,0.071571
SpecifiedDemandProfile,A_Calibrated_BAU,GLOBAL,,ELCLKAXX03,,,2039,S3D1,,,,,0.071571
SpecifiedDemandProfile,A_Calibrated_BAU,GLOBAL,,ELCLKAXX03,,,2040,S3D1,,,,,0.071571
SpecifiedDemandProfile,A_Calibrated_BAU,GLOBAL,,ELCLKAXX03,,,2041,S3D1,,,,,0.071571
SpecifiedDemandProfile,A_Calibrated_BAU,GLOBAL,,ELCLKAXX03,,,2042,S3D1,,,,,0.071571
SpecifiedDemandProfile,A_Calibrated_BAU,GLOBAL,,ELCLKAXX03,,,2043,S3D1,,,,,0.071571
SpecifiedDemandProfile,A_Calibrated_BAU,GLOBAL,,ELCLKAXX03,,,2044,S3D1,,,,,0.071571
SpecifiedDemandProfile,A_Calibrated_BAU,GLOBAL,,ELCLKAXX03,,,2045,S3D1,,,,,0.071571
SpecifiedDemandProfile,A_Calibrated_BAU,GLOBAL,,ELCLKAXX03,,,2046,S3D1,,,,,0.071571
SpecifiedDemandProfile,A_Calibrated_BAU,GLOBAL,,ELCLKAXX03,,,2047,S3D1,,,,,0.071571
SpecifiedDemandProfile,A_Calibrated_BAU,GLOBAL,,ELCLKAXX03,,,2048,S3D1,,,,,0.071571
SpecifiedDemandProfile,A_Calibrated_BAU,GLOBAL,,ELCLKAXX03,,,2049,S3D1,,,,,0.071571
SpecifiedDemandProfile,A_Calibrated_BAU,GLOBAL,,ELCLKAXX03,,,2050,S3D1,,,,,0.071571
SpecifiedDemandProfile,A_Calibrated_BAU,GLOBAL,,ELCLKAXX03,,,2023,S3D2,,,,,0.159638
SpecifiedDemandProfile,A_Calibrated_BAU,GLOBAL,,ELCLKAXX03,,,2024,S3D2,,,,,0.159638
SpecifiedDemandProfile,A_Calibrated_BAU,GLOBAL,,ELCLKAXX03,,,2025,S3D2,,,,,0.159638
SpecifiedDemandProfile,A_Calibrated_BAU,GLOBAL,,ELCLKAXX03,,,2026,S3D2,,,,,0.159638
SpecifiedDemandProfile,A_Calibrated_BAU,GLOBAL,,ELCLKAXX03,,,2027,S3D2,,,,,0.159638
SpecifiedDemandProfile,A_Calibrated_BAU,GLOBAL,,ELCLKAXX03,,,2028,S3D2,,,,,0.159638
SpecifiedDemandProfile,A_Calibrated_BAU,GLOBAL,,ELCLKAXX03,,,2029,S3D2,,,,,0.159638
SpecifiedDemandProfile,A_Calibrated_BAU,GLOBAL,,ELCLKAXX03,,,2030,S3D2,,,,,0.159638
SpecifiedDemandProfile,A_Calibrated_BAU,GLOBAL,,ELCLKAXX03,,,2031,S3D2,,,,,0.159638
SpecifiedDemandProfile,A_Calibrated_BAU,GLOBAL,,ELCLKAXX03,,,2032,S3D2,,,,,0.159638
SpecifiedDemandProfile,A_Calibrated_BAU,GLOBAL,,ELCLKAXX03,,,2033,S3D2,,,,,0.159638
SpecifiedDemandProfile,A_Calibrated_BAU,GLOBAL,,ELCLKAXX03,,,2034,S3D2,,,,,0.159638
SpecifiedDemandProfile,A_Calibrated_BAU,GLOBAL,,ELCLKAXX03,,,2035,S3D2,,,,,0.159638
SpecifiedDemandProfile,A_Calibrated_BAU,GLOBAL,,ELCLKAXX03,,,2036,S3D2,,,,,0.159638
SpecifiedDemandProfile,A_Calibrated_BAU,GLOBAL,,ELCLKAXX03,,,2037,S3D2,,,,,0.159638
SpecifiedDemandProfile,A_Calibrated_BAU,GLOBAL,,ELCLKAXX03,,,2038,S3D2,,,,,0.159638
SpecifiedDemandProfile,A_Calibrated_BAU,GLOBAL,,ELCLKAXX03,,,2039,S3D2,,,,,0.159638
SpecifiedDemandProfile,A_Calibrated_BAU,GLOBAL,,ELCLKAXX03,,,2040,S3D2,,,,,0.159638
SpecifiedDemandProfile,A_Calibrated_BAU,GLOBAL,,ELCLKAXX03,,,2041,S3D2,,,,,0.159638
SpecifiedDemandProfile,A_Calibrated_BAU,GLOBAL,,ELCLKAXX03,,,2042,S3D2,,,,,0.159638
SpecifiedDemandProfile,A_Calibrated_BAU,GLOBAL,,ELCLKAXX03,,,2043,S3D2,,,,,0.159638
SpecifiedDemandProfile,A_Calibrated_BAU,GLOBAL,,ELCLKAXX03,,,2044,S3D2,,,,,0.159638
SpecifiedDemandProfile,A_Calibrated_BAU,GLOBAL,,ELCLKAXX03,,,2045,S3D2,,,,,0.159638
SpecifiedDemandProfile,A_Calibrated_BAU,GLOBAL,,ELCLKAXX03,,,2046,S3D2,,,,,0.159638
SpecifiedDemandProfile,A_Calibrated_BAU,GLOBAL,,ELCLKAXX03,,,2047,S3D2,,,,,0.159638
SpecifiedDemandProfile,A_Calibrated_BAU,GLOBAL,,ELCLKAXX03,,,2048,S3D2,,,,,0.159638
SpecifiedDemandProfile,A_Calibrated_BAU,GLOBAL,,ELCLKAXX03,,,2049,S3D2,,,,,0.159638
SpecifiedDemandProfile,A_Calibrated_BAU,GLOBAL,,ELCLKAXX03,,,2050,S3D2,,,,,0.159638
SpecifiedDemandProfile,A_Calibrated_BAU,GLOBAL,,ELCLKAXX03,,,2023,S3D3,,,,,0.05212
SpecifiedDemandProfile,A_Calibrated_BAU,GLOBAL,,ELCLKAXX03,,,2024,S3D3,,,,,0.05212
SpecifiedDemandProfile,A_Calibrated_BAU,GLOBAL,,ELCLKAXX03,,,2025,S3D3,,,,,0.05212
SpecifiedDemandProfile,A_Calibrated_BAU,GLOBAL,,ELCLKAXX03,,,2026,S3D3,,,,,0.05212
SpecifiedDemandProfile,A_Calibrated_BAU,GLOBAL,,ELCLKAXX03,,,2027,S3D3,,,,,0.05212
SpecifiedDemandProfile,A_Calibrated_BAU,GLOBAL,,ELCLKAXX03,,,2028,S3D3,,,,,0.05212
SpecifiedDemandProfile,A_Calibrated_BAU,GLOBAL,,ELCLKAXX03,,,2029,S3D3,,,,,0.05212
SpecifiedDemandProfile,A_Calibrated_BAU,GLOBAL,,ELCLKAXX03,,,2030,S3D3,,,,,0.05212
SpecifiedDemandProfile,A_Calibrated_BAU,GLOBAL,,ELCLKAXX03,,,2031,S3D3,,,,,0.05212
SpecifiedDemandProfile,A_Calibrated_BAU,GLOBAL,,ELCLKAXX03,,,2032,S3D3,,,,,0.05212
SpecifiedDemandProfile,A_Calibrated_BAU,GLOBAL,,ELCLKAXX03,,,2033,S3D3,,,,,0.05212
SpecifiedDemandProfile,A_Calibrated_BAU,GLOBAL,,ELCLKAXX03,,,2034,S3D3,,,,,0.05212
SpecifiedDemandProfile,A_Calibrated_BAU,GLOBAL,,ELCLKAXX03,,,2035,S3D3,,,,,0.05212
SpecifiedDemandProfile,A_Calibrated_BAU,GLOBAL,,ELCLKAXX03,,,2036,S3D3,,,,,0.05212
SpecifiedDemandProfile,A_Calibrated_BAU,GLOBAL,,ELCLKAXX03,,,2037,S3D3,,,,,0.05212
SpecifiedDemandProfile,A_Calibrated_BAU,GLOBAL,,ELCLKAXX03,,,2038,S3D3,,,,,0.05212
SpecifiedDemandProfile,A_Calibrated_BAU,GLOBAL,,ELCLKAXX03,,,2039,S3D3,,,,,0.05212
SpecifiedDemandProfile,A_Calibrated_BAU,GLOBAL,,ELCLKAXX03,,,2040,S3D3,,,,,0.05212
SpecifiedDemandProfile,A_Calibrated_BAU,GLOBAL,,ELCLKAXX03,,,2041,S3D3,,,,,0.05212
SpecifiedDemandProfile,A_Calibrated_BAU,GLOBAL,,ELCLKAXX03,,,2042,S3D3,,,,,0.05212
SpecifiedDemandProfile,A_Calibrated_BAU,GLOBAL,,ELCLKAXX03,,,2043,S3D3,,,,,0.05212
SpecifiedDemandProfile,A_Calibrated_BAU,GLOBAL,,ELCLKAXX03,,,2044,S3D3,,,,,0.05212
SpecifiedDemandProfile,A_Calibrated_BAU,GLOBAL,,ELCLKAXX03,,,2045,S3D3,,,,,0.05212
SpecifiedDemandProfile,A_Calibrated_BAU,GLOBAL,,ELCLKAXX03,,,2046,S3D3,,,,,0.05212
SpecifiedDemandProfile,A_Calibrated_BAU,GLOBAL,,ELCLKAXX03,,,2047,S3D3,,,,,0.05212
SpecifiedDemandProfile,A_Calibrated_BAU,GLOBAL,,ELCLKAXX03,,,2048,S3D3,,,,,0.05212
SpecifiedDemandProfile,A_Calibrated_BAU,GLOBAL,,ELCLKAXX03,,,2049,S3D3,,,,,0.05212
SpecifiedDemandProfile,A_Calibrated_BAU,GLOBAL,,ELCLKAXX03,,,2050,S3D3,,,,,0.05212
SpecifiedDemandProfile,A_Calibrated_BAU,GLOBAL,,ELCLKAXX03,,,2023,S3D4,,,,,0.032529
SpecifiedDemandProfile,A_Calibrated_BAU,GLOBAL,,ELCLKAXX03,,,2024,S3D4,,,,,0.032529
SpecifiedDemandProfile,A_Calibrated_BAU,GLOBAL,,ELCLKAXX03,,,2025,S3D4,,,,,0.032529
SpecifiedDemandProfile,A_Calibrated_BAU,GLOBAL,,ELCLKAXX03,,,2026,S3D4,,,,,0.032529
SpecifiedDemandProfile,A_Calibrated_BAU,GLOBAL,,ELCLKAXX03,,,2027,S3D4,,,,,0.032529
SpecifiedDemandProfile,A_Calibrated_BAU,GLOBAL,,ELCLKAXX03,,,2028,S3D4,,,,,0.032529
SpecifiedDemandProfile,A_Calibrated_BAU,GLOBAL,,ELCLKAXX03,,,2029,S3D4,,,,,0.032529
SpecifiedDemandProfile,A_Calibrated_BAU,GLOBAL,,ELCLKAXX03,,,2030,S3D4,,,,,0.032529
SpecifiedDemandProfile,A_Calibrated_BAU,GLOBAL,,ELCLKAXX03,,,2031,S3D4,,,,,0.032529
SpecifiedDemandProfile,A_Calibrated_BAU,GLOBAL,,ELCLKAXX03,,,2032,S3D4,,,,,0.032529
SpecifiedDemandProfile,A_Calibrated_BAU,GLOBAL,,ELCLKAXX03,,,2033,S3D4,,,,,0.032529
SpecifiedDemandProfile,A_Calibrated_BAU,GLOBAL,,ELCLKAXX03,,,2034,S3D4,,,,,0.032529
SpecifiedDemandProfile,A_Calibrated_BAU,GLOBAL,,ELCLKAXX03,,,2035,S3D4,,,,,0.032529
SpecifiedDemandProfile,A_Calibrated_BAU,GLOBAL,,ELCLKAXX03,,,2036,S3D4,,,,,0.032529
SpecifiedDemandProfile,A_Calibrated_BAU,GLOBAL,,ELCLKAXX03,,,2037,S3D4,,,,,0.032529
SpecifiedDemandProfile,A_Calibrated_BAU,GLOBAL,,ELCLKAXX03,,,2038,S3D4,,,,,0.032529
SpecifiedDemandProfile,A_Calibrated_BAU,GLOBAL,,ELCLKAXX03,,,2039,S3D4,,,,,0.032529
SpecifiedDemandProfile,A_Calibrated_BAU,GLOBAL,,ELCLKAXX03,,,2040,S3D4,,,,,0.032529
SpecifiedDemandProfile,A_Calibrated_BAU,GLOBAL,,ELCLKAXX03,,,2041,S3D4,,,,,0.032529
SpecifiedDemandProfile,A_Calibrated_BAU,GLOBAL,,ELCLKAXX03,,,2042,S3D4,,,,,0.032529
SpecifiedDemandProfile,A_Calibrated_BAU,GLOBAL,,ELCLKAXX03,,,2043,S3D4,,,,,0.032529
SpecifiedDemandProfile,A_Calibrated_BAU,GLOBAL,,ELCLKAXX03,,,2044,S3D4,,,,,0.032529
SpecifiedDemandProfile,A_Calibrated_BAU,GLOBAL,,ELCLKAXX03,,,2045,S3D4,,,,,0.032529
SpecifiedDemandProfile,A_Calibrated_BAU,GLOBAL,,ELCLKAXX03,,,2046,S3D4,,,,,0.032529
SpecifiedDemandProfile,A_Calibrated_BAU,GLOBAL,,ELCLKAXX03,,,2047,S3D4,,,,,0.032529
SpecifiedDemandProfile,A_Calibrated_BAU,GLOBAL,,ELCLKAXX03,,,2048,S3D4,,,,,0.032529
SpecifiedDemandProfile,A_Calibrated_BAU,GLOBAL,,ELCLKAXX03,,,2049,S3D4,,,,,0.032529
SpecifiedDemandProfile,A_Calibrated_BAU,GLOBAL,,ELCLKAXX03,,,2050,S3D4,,,,,0.032529
SpecifiedDemandProfile,A_Calibrated_BAU,GLOBAL,,ELCLKAXX03,,,2023,S3D5,,,,,0.026734
SpecifiedDemandProfile,A_Calibrated_BAU,GLOBAL,,ELCLKAXX03,,,2024,S3D5,,,,,0.026734
SpecifiedDemandProfile,A_Calibrated_BAU,GLOBAL,,ELCLKAXX03,,,2025,S3D5,,,,,0.026734
SpecifiedDemandProfile,A_Calibrated_BAU,GLOBAL,,ELCLKAXX03,,,2026,S3D5,,,,,0.026734
SpecifiedDemandProfile,A_Calibrated_BAU,GLOBAL,,ELCLKAXX03,,,2027,S3D5,,,,,0.026734
SpecifiedDemandProfile,A_Calibrated_BAU,GLOBAL,,ELCLKAXX03,,,2028,S3D5,,,,,0.026734
SpecifiedDemandProfile,A_Calibrated_BAU,GLOBAL,,ELCLKAXX03,,,2029,S3D5,,,,,0.026734
SpecifiedDemandProfile,A_Calibrated_BAU,GLOBAL,,ELCLKAXX03,,,2030,S3D5,,,,,0.026734
SpecifiedDemandProfile,A_Calibrated_BAU,GLOBAL,,ELCLKAXX03,,,2031,S3D5,,,,,0.026734
SpecifiedDemandProfile,A_Calibrated_BAU,GLOBAL,,ELCLKAXX03,,,2032,S3D5,,,,,0.026734
SpecifiedDemandProfile,A_Calibrated_BAU,GLOBAL,,ELCLKAXX03,,,2033,S3D5,,,,,0.026734
SpecifiedDemandProfile,A_Calibrated_BAU,GLOBAL,,ELCLKAXX03,,,2034,S3D5,,,,,0.026734
SpecifiedDemandProfile,A_Calibrated_BAU,GLOBAL,,ELCLKAXX03,,,2035,S3D5,,,,,0.026734
SpecifiedDemandProfile,A_Calibrated_BAU,GLOBAL,,ELCLKAXX03,,,2036,S3D5,,,,,0.026734
SpecifiedDemandProfile,A_Calibrated_BAU,GLOBAL,,ELCLKAXX03,,,2037,S3D5,,,,,0.026734
SpecifiedDemandProfile,A_Calibrated_BAU,GLOBAL,,ELCLKAXX03,,,2038,S3D5,,,,,0.026734
SpecifiedDemandProfile,A_Calibrated_BAU,GLOBAL,,ELCLKAXX03,,,2039,S3D5,,,,,0.026734
SpecifiedDemandProfile,A_Calibrated_BAU,GLOBAL,,ELCLKAXX03,,,2040,S3D5,,,,,0.026734
SpecifiedDemandProfile,A_Calibrated_BAU,GLOBAL,,ELCLKAXX03,,,2041,S3D5,,,,,0.026734
SpecifiedDemandProfile,A_Calibrated_BAU,GLOBAL,,ELCLKAXX03,,,2042,S3D5,,,,,0.026734
SpecifiedDemandProfile,A_Calibrated_BAU,GLOBAL,,ELCLKAXX03,,,2043,S3D5,,,,,0.026734
SpecifiedDemandProfile,A_Calibrated_BAU,GLOBAL,,ELCLKAXX03,,,2044,S3D5,,,,,0.026734
SpecifiedDemandProfile,A_Calibrated_BAU,GLOBAL,,ELCLKAXX03,,,2045,S3D5,,,,,0.026734
SpecifiedDemandProfile,A_Calibrated_BAU,GLOBAL,,ELCLKAXX03,,,2046,S3D5,,,,,0.026734
SpecifiedDemandProfile,A_Calibrated_BAU,GLOBAL,,ELCLKAXX03,,,2047,S3D5,,,,,0.026734
SpecifiedDemandProfile,A_Calibrated_BAU,GLOBAL,,ELCLKAXX03,,,2048,S3D5,,,,,0.026734
SpecifiedDemandProfile,A_Calibrated_BAU,GLOBAL,,ELCLKAXX03,,,2049,S3D5,,,,,0.026734
SpecifiedDemandProfile,A_Calibrated_BAU,GLOBAL,,ELCLKAXX03,,,2050,S3D5,,,,,0.026734
SpecifiedDemandProfile,A_Calibrated_BAU,GLOBAL,,ELCLKAXX03,,,2023,S4D1,,,,,0.032126
SpecifiedDemandProfile,A_Calibrated_BAU,GLOBAL,,ELCLKAXX03,,,2024,S4D1,,,,,0.032126
SpecifiedDemandProfile,A_Calibrated_BAU,GLOBAL,,ELCLKAXX03,,,2025,S4D1,,,,,0.032126
SpecifiedDemandProfile,A_Calibrated_BAU,GLOBAL,,ELCLKAXX03,,,2026,S4D1,,,,,0.032126
SpecifiedDemandProfile,A_Calibrated_BAU,GLOBAL,,ELCLKAXX03,,,2027,S4D1,,,,,0.032126
SpecifiedDemandProfile,A_Calibrated_BAU,GLOBAL,,ELCLKAXX03,,,2028,S4D1,,,,,0.032126
SpecifiedDemandProfile,A_Calibrated_BAU,GLOBAL,,ELCLKAXX03,,,2029,S4D1,,,,,0.032126
SpecifiedDemandProfile,A_Calibrated_BAU,GLOBAL,,ELCLKAXX03,,,2030,S4D1,,,,,0.032126
SpecifiedDemandProfile,A_Calibrated_BAU,GLOBAL,,ELCLKAXX03,,,2031,S4D1,,,,,0.032126
SpecifiedDemandProfile,A_Calibrated_BAU,GLOBAL,,ELCLKAXX03,,,2032,S4D1,,,,,0.032126
SpecifiedDemandProfile,A_Calibrated_BAU,GLOBAL,,ELCLKAXX03,,,2033,S4D1,,,,,0.032126
SpecifiedDemandProfile,A_Calibrated_BAU,GLOBAL,,ELCLKAXX03,,,2034,S4D1,,,,,0.032126
SpecifiedDemandProfile,A_Calibrated_BAU,GLOBAL,,ELCLKAXX03,,,2035,S4D1,,,,,0.032126
SpecifiedDemandProfile,A_Calibrated_BAU,GLOBAL,,ELCLKAXX03,,,2036,S4D1,,,,,0.032126
SpecifiedDemandProfile,A_Calibrated_BAU,GLOBAL,,ELCLKAXX03,,,2037,S4D1,,,,,0.032126
SpecifiedDemandProfile,A_Calibrated_BAU,GLOBAL,,ELCLKAXX03,,,2038,S4D1,,,,,0.032126
SpecifiedDemandProfile,A_Calibrated_BAU,GLOBAL,,ELCLKAXX03,,,2039,S4D1,,,,,0.032126
SpecifiedDemandProfile,A_Calibrated_BAU,GLOBAL,,ELCLKAXX03,,,2040,S4D1,,,,,0.032126
SpecifiedDemandProfile,A_Calibrated_BAU,GLOBAL,,ELCLKAXX03,,,2041,S4D1,,,,,0.032126
SpecifiedDemandProfile,A_Calibrated_BAU,GLOBAL,,ELCLKAXX03,,,2042,S4D1,,,,,0.032126
SpecifiedDemandProfile,A_Calibrated_BAU,GLOBAL,,ELCLKAXX03,,,2043,S4D1,,,,,0.032126
SpecifiedDemandProfile,A_Calibrated_BAU,GLOBAL,,ELCLKAXX03,,,2044,S4D1,,,,,0.032126
SpecifiedDemandProfile,A_Calibrated_BAU,GLOBAL,,ELCLKAXX03,,,2045,S4D1,,,,,0.032126
SpecifiedDemandProfile,A_Calibrated_BAU,GLOBAL,,ELCLKAXX03,,,2046,S4D1,,,,,0.032126
SpecifiedDemandProfile,A_Calibrated_BAU,GLOBAL,,ELCLKAXX03,,,2047,S4D1,,,,,0.032126
SpecifiedDemandProfile,A_Calibrated_BAU,GLOBAL,,ELCLKAXX03,,,2048,S4D1,,,,,0.032126
SpecifiedDemandProfile,A_Calibrated_BAU,GLOBAL,,ELCLKAXX03,,,2049,S4D1,,,,,0.032126
SpecifiedDemandProfile,A_Calibrated_BAU,GLOBAL,,ELCLKAXX03,,,2050,S4D1,,,,,0.032126
SpecifiedDemandProfile,A_Calibrated_BAU,GLOBAL,,ELCLKAXX03,,,2023,S4D2,,,,,0.075434
SpecifiedDemandProfile,A_Calibrated_BAU,GLOBAL,,ELCLKAXX03,,,2024,S4D2,,,,,0.075434
SpecifiedDemandProfile,A_Calibrated_BAU,GLOBAL,,ELCLKAXX03,,,2025,S4D2,,,,,0.075434
SpecifiedDemandProfile,A_Calibrated_BAU,GLOBAL,,ELCLKAXX03,,,2026,S4D2,,,,,0.075434
SpecifiedDemandProfile,A_Calibrated_BAU,GLOBAL,,ELCLKAXX03,,,2027,S4D2,,,,,0.075434
SpecifiedDemandProfile,A_Calibrated_BAU,GLOBAL,,ELCLKAXX03,,,2028,S4D2,,,,,0.075434
SpecifiedDemandProfile,A_Calibrated_BAU,GLOBAL,,ELCLKAXX03,,,2029,S4D2,,,,,0.075434
SpecifiedDemandProfile,A_Calibrated_BAU,GLOBAL,,ELCLKAXX03,,,2030,S4D2,,,,,0.075434
SpecifiedDemandProfile,A_Calibrated_BAU,GLOBAL,,ELCLKAXX03,,,2031,S4D2,,,,,0.075434
SpecifiedDemandProfile,A_Calibrated_BAU,GLOBAL,,ELCLKAXX03,,,2032,S4D2,,,,,0.075434
SpecifiedDemandProfile,A_Calibrated_BAU,GLOBAL,,ELCLKAXX03,,,2033,S4D2,,,,,0.075434
SpecifiedDemandProfile,A_Calibrated_BAU,GLOBAL,,ELCLKAXX03,,,2034,S4D2,,,,,0.075434
SpecifiedDemandProfile,A_Calibrated_BAU,GLOBAL,,ELCLKAXX03,,,2035,S4D2,,,,,0.075434
SpecifiedDemandProfile,A_Calibrated_BAU,GLOBAL,,ELCLKAXX03,,,2036,S4D2,,,,,0.075434
SpecifiedDemandProfile,A_Calibrated_BAU,GLOBAL,,ELCLKAXX03,,,2037,S4D2,,,,,0.075434
SpecifiedDemandProfile,A_Calibrated_BAU,GLOBAL,,ELCLKAXX03,,,2038,S4D2,,,,,0.075434
SpecifiedDemandProfile,A_Calibrated_BAU,GLOBAL,,ELCLKAXX03,,,2039,S4D2,,,,,0.075434
SpecifiedDemandProfile,A_Calibrated_BAU,GLOBAL,,ELCLKAXX03,,,2040,S4D2,,,,,0.075434
SpecifiedDemandProfile,A_Calibrated_BAU,GLOBAL,,ELCLKAXX03,,,2041,S4D2,,,,,0.075434
SpecifiedDemandProfile,A_Calibrated_BAU,GLOBAL,,ELCLKAXX03,,,2042,S4D2,,,,,0.075434
SpecifiedDemandProfile,A_Calibrated_BAU,GLOBAL,,ELCLKAXX03,,,2043,S4D2,,,,,0.075434
SpecifiedDemandProfile,A_Calibrated_BAU,GLOBAL,,ELCLKAXX03,,,2044,S4D2,,,,,0.075434
SpecifiedDemandProfile,A_Calibrated_BAU,GLOBAL,,ELCLKAXX03,,,2045,S4D2,,,,,0.075434
SpecifiedDemandProfile,A_Calibrated_BAU,GLOBAL,,ELCLKAXX03,,,2046,S4D2,,,,,0.075434
SpecifiedDemandProfile,A_Calibrated_BAU,GLOBAL,,ELCLKAXX03,,,2047,S4D2,,,,,0.075434
SpecifiedDemandProfile,A_Calibrated_BAU,GLOBAL,,ELCLKAXX03,,,2048,S4D2,,,,,0.075434
SpecifiedDemandProfile,A_Calibrated_BAU,GLOBAL,,ELCLKAXX03,,,2049,S4D2,,,,,0.075434
SpecifiedDemandProfile,A_Calibrated_BAU,GLOBAL,,ELCLKAXX03,,,2050,S4D2,,,,,0.075434
SpecifiedDemandProfile,A_Calibrated_BAU,GLOBAL,,ELCLKAXX03,,,2023,S4D3,,,,,0.025296
SpecifiedDemandProfile,A_Calibrated_BAU,GLOBAL,,ELCLKAXX03,,,2024,S4D3,,,,,0.025296
SpecifiedDemandProfile,A_Calibrated_BAU,GLOBAL,,ELCLKAXX03,,,2025,S4D3,,,,,0.025296
SpecifiedDemandProfile,A_Calibrated_BAU,GLOBAL,,ELCLKAXX03,,,2026,S4D3,,,,,0.025296
SpecifiedDemandProfile,A_Calibrated_BAU,GLOBAL,,ELCLKAXX03,,,2027,S4D3,,,,,0.025296
SpecifiedDemandProfile,A_Calibrated_BAU,GLOBAL,,ELCLKAXX03,,,2028,S4D3,,,,,0.025296
SpecifiedDemandProfile,A_Calibrated_BAU,GLOBAL,,ELCLKAXX03,,,2029,S4D3,,,,,0.025296
SpecifiedDemandProfile,A_Calibrated_BAU,GLOBAL,,ELCLKAXX03,,,2030,S4D3,,,,,0.025296
SpecifiedDemandProfile,A_Calibrated_BAU,GLOBAL,,ELCLKAXX03,,,2031,S4D3,,,,,0.025296
SpecifiedDemandProfile,A_Calibrated_BAU,GLOBAL,,ELCLKAXX03,,,2032,S4D3,,,,,0.025296
SpecifiedDemandProfile,A_Calibrated_BAU,GLOBAL,,ELCLKAXX03,,,2033,S4D3,,,,,0.025296
SpecifiedDemandProfile,A_Calibrated_BAU,GLOBAL,,ELCLKAXX03,,,2034,S4D3,,,,,0.025296
SpecifiedDemandProfile,A_Calibrated_BAU,GLOBAL,,ELCLKAXX03,,,2035,S4D3,,,,,0.025296
SpecifiedDemandProfile,A_Calibrated_BAU,GLOBAL,,ELCLKAXX03,,,2036,S4D3,,,,,0.025296
SpecifiedDemandProfile,A_Calibrated_BAU,GLOBAL,,ELCLKAXX03,,,2037,S4D3,,,,,0.025296
SpecifiedDemandProfile,A_Calibrated_BAU,GLOBAL,,ELCLKAXX03,,,2038,S4D3,,,,,0.025296
SpecifiedDemandProfile,A_Calibrated_BAU,GLOBAL,,ELCLKAXX03,,,2039,S4D3,,,,,0.025296
SpecifiedDemandProfile,A_Calibrated_BAU,GLOBAL,,ELCLKAXX03,,,2040,S4D3,,,,,0.025296
SpecifiedDemandProfile,A_Calibrated_BAU,GLOBAL,,ELCLKAXX03,,,2041,S4D3,,,,,0.025296
SpecifiedDemandProfile,A_Calibrated_BAU,GLOBAL,,ELCLKAXX03,,,2042,S4D3,,,,,0.025296
SpecifiedDemandProfile,A_Calibrated_BAU,GLOBAL,,ELCLKAXX03,,,2043,S4D3,,,,,0.025296
SpecifiedDemandProfile,A_Calibrated_BAU,GLOBAL,,ELCLKAXX03,,,2044,S4D3,,,,,0.025296
SpecifiedDemandProfile,A_Calibrated_BAU,GLOBAL,,ELCLKAXX03,,,2045,S4D3,,,,,0.025296
SpecifiedDemandProfile,A_Calibrated_BAU,GLOBAL,,ELCLKAXX03,,,2046,S4D3,,,,,0.025296
SpecifiedDemandProfile,A_Calibrated_BAU,GLOBAL,,ELCLKAXX03,,,2047,S4D3,,,,,0.025296
SpecifiedDemandProfile,A_Calibrated_BAU,GLOBAL,,ELCLKAXX03,,,2048,S4D3,,,,,0.025296
SpecifiedDemandProfile,A_Calibrated_BAU,GLOBAL,,ELCLKAXX03,,,2049,S4D3,,,,,0.025296
SpecifiedDemandProfile,A_Calibrated_BAU,GLOBAL,,ELCLKAXX03,,,2050,S4D3,,,,,0.025296
SpecifiedDemandProfile,A_Calibrated_BAU,GLOBAL,,ELCLKAXX03,,,2023,S4D4,,,,,0.014801
SpecifiedDemandProfile,A_Calibrated_BAU,GLOBAL,,ELCLKAXX03,,,2024,S4D4,,,,,0.014801
SpecifiedDemandProfile,A_Calibrated_BAU,GLOBAL,,ELCLKAXX03,,,2025,S4D4,,,,,0.014801
SpecifiedDemandProfile,A_Calibrated_BAU,GLOBAL,,ELCLKAXX03,,,2026,S4D4,,,,,0.014801
SpecifiedDemandProfile,A_Calibrated_BAU,GLOBAL,,ELCLKAXX03,,,2027,S4D4,,,,,0.014801
SpecifiedDemandProfile,A_Calibrated_BAU,GLOBAL,,ELCLKAXX03,,,2028,S4D4,,,,,0.014801
SpecifiedDemandProfile,A_Calibrated_BAU,GLOBAL,,ELCLKAXX03,,,2029,S4D4,,,,,0.014801
SpecifiedDemandProfile,A_Calibrated_BAU,GLOBAL,,ELCLKAXX03,,,2030,S4D4,,,,,0.014801
SpecifiedDemandProfile,A_Calibrated_BAU,GLOBAL,,ELCLKAXX03,,,2031,S4D4,,,,,0.014801
SpecifiedDemandProfile,A_Calibrated_BAU,GLOBAL,,ELCLKAXX03,,,2032,S4D4,,,,,0.014801
SpecifiedDemandProfile,A_Calibrated_BAU,GLOBAL,,ELCLKAXX03,,,2033,S4D4,,,,,0.014801
SpecifiedDemandProfile,A_Calibrated_BAU,GLOBAL,,ELCLKAXX03,,,2034,S4D4,,,,,0.014801
SpecifiedDemandProfile,A_Calibrated_BAU,GLOBAL,,ELCLKAXX03,,,2035,S4D4,,,,,0.014801
SpecifiedDemandProfile,A_Calibrated_BAU,GLOBAL,,ELCLKAXX03,,,2036,S4D4,,,,,0.014801
SpecifiedDemandProfile,A_Calibrated_BAU,GLOBAL,,ELCLKAXX03,,,2037,S4D4,,,,,0.014801
SpecifiedDemandProfile,A_Calibrated_BAU,GLOBAL,,ELCLKAXX03,,,2038,S4D4,,,,,0.014801
SpecifiedDemandProfile,A_Calibrated_BAU,GLOBAL,,ELCLKAXX03,,,2039,S4D4,,,,,0.014801
SpecifiedDemandProfile,A_Calibrated_BAU,GLOBAL,,ELCLKAXX03,,,2040,S4D4,,,,,0.014801
SpecifiedDemandProfile,A_Calibrated_BAU,GLOBAL,,ELCLKAXX03,,,2041,S4D4,,,,,0.014801
SpecifiedDemandProfile,A_Calibrated_BAU,GLOBAL,,ELCLKAXX03,,,2042,S4D4,,,,,0.014801
SpecifiedDemandProfile,A_Calibrated_BAU,GLOBAL,,ELCLKAXX03,,,2043,S4D4,,,,,0.014801
SpecifiedDemandProfile,A_Calibrated_BAU,GLOBAL,,ELCLKAXX03,,,2044,S4D4,,,,,0.014801
SpecifiedDemandProfile,A_Calibrated_BAU,GLOBAL,,ELCLKAXX03,,,2045,S4D4,,,,,0.014801
SpecifiedDemandProfile,A_Calibrated_BAU,GLOBAL,,ELCLKAXX03,,,2046,S4D4,,,,,0.014801
SpecifiedDemandProfile,A_Calibrated_BAU,GLOBAL,,ELCLKAXX03,,,2047,S4D4,,,,,0.014801
SpecifiedDemandProfile,A_Calibrated_BAU,GLOBAL,,ELCLKAXX03,,,2048,S4D4,,,,,0.014801
SpecifiedDemandProfile,A_Calibrated_BAU,GLOBAL,,ELCLKAXX03,,,2049,S4D4,,,,,0.014801
SpecifiedDemandProfile,A_Calibrated_BAU,GLOBAL,,ELCLKAXX03,,,2050,S4D4,,,,,0.014801
SpecifiedDemandProfile,A_Calibrated_BAU,GLOBAL,,ELCLKAXX03,,,2023,S4D5,,,,,0.011868
SpecifiedDemandProfile,A_Calibrated_BAU,GLOBAL,,ELCLKAXX03,,,2024,S4D5,,,,,0.011868
SpecifiedDemandProfile,A_Calibrated_BAU,GLOBAL,,ELCLKAXX03,,,2025,S4D5,,,,,0.011868
SpecifiedDemandProfile,A_Calibrated_BAU,GLOBAL,,ELCLKAXX03,,,2026,S4D5,,,,,0.011868
SpecifiedDemandProfile,A_Calibrated_BAU,GLOBAL,,ELCLKAXX03,,,2027,S4D5,,,,,0.011868
SpecifiedDemandProfile,A_Calibrated_BAU,GLOBAL,,ELCLKAXX03,,,2028,S4D5,,,,,0.011868
SpecifiedDemandProfile,A_Calibrated_BAU,GLOBAL,,ELCLKAXX03,,,2029,S4D5,,,,,0.011868
SpecifiedDemandProfile,A_Calibrated_BAU,GLOBAL,,ELCLKAXX03,,,2030,S4D5,,,,,0.011868
SpecifiedDemandProfile,A_Calibrated_BAU,GLOBAL,,ELCLKAXX03,,,2031,S4D5,,,,,0.011868
SpecifiedDemandProfile,A_Calibrated_BAU,GLOBAL,,ELCLKAXX03,,,2032,S4D5,,,,,0.011868
SpecifiedDemandProfile,A_Calibrated_BAU,GLOBAL,,ELCLKAXX03,,,2033,S4D5,,,,,0.011868
SpecifiedDemandProfile,A_Calibrated_BAU,GLOBAL,,ELCLKAXX03,,,2034,S4D5,,,,,0.011868
SpecifiedDemandProfile,A_Calibrated_BAU,GLOBAL,,ELCLKAXX03,,,2035,S4D5,,,,,0.011868
SpecifiedDemandProfile,A_Calibrated_BAU,GLOBAL,,ELCLKAXX03,,,2036,S4D5,,,,,0.011868
SpecifiedDemandProfile,A_Calibrated_BAU,GLOBAL,,ELCLKAXX03,,,2037,S4D5,,,,,0.011868
SpecifiedDemandProfile,A_Calibrated_BAU,GLOBAL,,ELCLKAXX03,,,2038,S4D5,,,,,0.011868
SpecifiedDemandProfile,A_Calibrated_BAU,GLOBAL,,ELCLKAXX03,,,2039,S4D5,,,,,0.011868
SpecifiedDemandProfile,A_Calibrated_BAU,GLOBAL,,ELCLKAXX03,,,2040,S4D5,,,,,0.011868
SpecifiedDemandProfile,A_Calibrated_BAU,GLOBAL,,ELCLKAXX03,,,2041,S4D5,,,,,0.011868
SpecifiedDemandProfile,A_Calibrated_BAU,GLOBAL,,ELCLKAXX03,,,2042,S4D5,,,,,0.011868
SpecifiedDemandProfile,A_Calibrated_BAU,GLOBAL,,ELCLKAXX03,,,2043,S4D5,,,,,0.011868
SpecifiedDemandProfile,A_Calibrated_BAU,GLOBAL,,ELCLKAXX03,,,2044,S4D5,,,,,0.011868
SpecifiedDemandProfile,A_Calibrated_BAU,GLOBAL,,ELCLKAXX03,,,2045,S4D5,,,,,0.011868
SpecifiedDemandProfile,A_Calibrated_BAU,GLOBAL,,ELCLKAXX03,,,2046,S4D5,,,,,0.011868
SpecifiedDemandProfile,A_Calibrated_BAU,GLOBAL,,ELCLKAXX03,,,2047,S4D5,,,,,0.011868
SpecifiedDemandProfile,A_Calibrated_BAU,GLOBAL,,ELCLKAXX03,,,2048,S4D5,,,,,0.011868
SpecifiedDemandProfile,A_Calibrated_BAU,GLOBAL,,ELCLKAXX03,,,2049,S4D5,,,,,0.011868
SpecifiedDemandProfile,A_Calibrated_BAU,GLOBAL,,ELCLKAXX03,,,2050,S4D5,,,,,0.011868
SpecifiedDemandProfile,A_Calibrated_BAU,GLOBAL,,ELCMDVXX03,,,2023,S1D1,,,,,0.047848
SpecifiedDemandProfile,A_Calibrated_BAU,GLOBAL,,ELCMDVXX03,,,2024,S1D1,,,,,0.047848
SpecifiedDemandProfile,A_Calibrated_BAU,GLOBAL,,ELCMDVXX03,,,2025,S1D1,,,,,0.047848
SpecifiedDemandProfile,A_Calibrated_BAU,GLOBAL,,ELCMDVXX03,,,2026,S1D1,,,,,0.047848
SpecifiedDemandProfile,A_Calibrated_BAU,GLOBAL,,ELCMDVXX03,,,2027,S1D1,,,,,0.047848
SpecifiedDemandProfile,A_Calibrated_BAU,GLOBAL,,ELCMDVXX03,,,2028,S1D1,,,,,0.047848
SpecifiedDemandProfile,A_Calibrated_BAU,GLOBAL,,ELCMDVXX03,,,2029,S1D1,,,,,0.047848
SpecifiedDemandProfile,A_Calibrated_BAU,GLOBAL,,ELCMDVXX03,,,2030,S1D1,,,,,0.047848
SpecifiedDemandProfile,A_Calibrated_BAU,GLOBAL,,ELCMDVXX03,,,2031,S1D1,,,,,0.047848
SpecifiedDemandProfile,A_Calibrated_BAU,GLOBAL,,ELCMDVXX03,,,2032,S1D1,,,,,0.047848
SpecifiedDemandProfile,A_Calibrated_BAU,GLOBAL,,ELCMDVXX03,,,2033,S1D1,,,,,0.047848
SpecifiedDemandProfile,A_Calibrated_BAU,GLOBAL,,ELCMDVXX03,,,2034,S1D1,,,,,0.047848
SpecifiedDemandProfile,A_Calibrated_BAU,GLOBAL,,ELCMDVXX03,,,2035,S1D1,,,,,0.047848
SpecifiedDemandProfile,A_Calibrated_BAU,GLOBAL,,ELCMDVXX03,,,2036,S1D1,,,,,0.047848
SpecifiedDemandProfile,A_Calibrated_BAU,GLOBAL,,ELCMDVXX03,,,2037,S1D1,,,,,0.047848
SpecifiedDemandProfile,A_Calibrated_BAU,GLOBAL,,ELCMDVXX03,,,2038,S1D1,,,,,0.047848
SpecifiedDemandProfile,A_Calibrated_BAU,GLOBAL,,ELCMDVXX03,,,2039,S1D1,,,,,0.047848
SpecifiedDemandProfile,A_Calibrated_BAU,GLOBAL,,ELCMDVXX03,,,2040,S1D1,,,,,0.047848
SpecifiedDemandProfile,A_Calibrated_BAU,GLOBAL,,ELCMDVXX03,,,2041,S1D1,,,,,0.047848
SpecifiedDemandProfile,A_Calibrated_BAU,GLOBAL,,ELCMDVXX03,,,2042,S1D1,,,,,0.047848
SpecifiedDemandProfile,A_Calibrated_BAU,GLOBAL,,ELCMDVXX03,,,2043,S1D1,,,,,0.047848
SpecifiedDemandProfile,A_Calibrated_BAU,GLOBAL,,ELCMDVXX03,,,2044,S1D1,,,,,0.047848
SpecifiedDemandProfile,A_Calibrated_BAU,GLOBAL,,ELCMDVXX03,,,2045,S1D1,,,,,0.047848
SpecifiedDemandProfile,A_Calibrated_BAU,GLOBAL,,ELCMDVXX03,,,2046,S1D1,,,,,0.047848
SpecifiedDemandProfile,A_Calibrated_BAU,GLOBAL,,ELCMDVXX03,,,2047,S1D1,,,,,0.047848
SpecifiedDemandProfile,A_Calibrated_BAU,GLOBAL,,ELCMDVXX03,,,2048,S1D1,,,,,0.047848
SpecifiedDemandProfile,A_Calibrated_BAU,GLOBAL,,ELCMDVXX03,,,2049,S1D1,,,,,0.047848
SpecifiedDemandProfile,A_Calibrated_BAU,GLOBAL,,ELCMDVXX03,,,2050,S1D1,,,,,0.047848
SpecifiedDemandProfile,A_Calibrated_BAU,GLOBAL,,ELCMDVXX03,,,2023,S1D2,,,,,0.110259
SpecifiedDemandProfile,A_Calibrated_BAU,GLOBAL,,ELCMDVXX03,,,2024,S1D2,,,,,0.110259
SpecifiedDemandProfile,A_Calibrated_BAU,GLOBAL,,ELCMDVXX03,,,2025,S1D2,,,,,0.110259
SpecifiedDemandProfile,A_Calibrated_BAU,GLOBAL,,ELCMDVXX03,,,2026,S1D2,,,,,0.110259
SpecifiedDemandProfile,A_Calibrated_BAU,GLOBAL,,ELCMDVXX03,,,2027,S1D2,,,,,0.110259
SpecifiedDemandProfile,A_Calibrated_BAU,GLOBAL,,ELCMDVXX03,,,2028,S1D2,,,,,0.110259
SpecifiedDemandProfile,A_Calibrated_BAU,GLOBAL,,ELCMDVXX03,,,2029,S1D2,,,,,0.110259
SpecifiedDemandProfile,A_Calibrated_BAU,GLOBAL,,ELCMDVXX03,,,2030,S1D2,,,,,0.110259
SpecifiedDemandProfile,A_Calibrated_BAU,GLOBAL,,ELCMDVXX03,,,2031,S1D2,,,,,0.110259
SpecifiedDemandProfile,A_Calibrated_BAU,GLOBAL,,ELCMDVXX03,,,2032,S1D2,,,,,0.110259
SpecifiedDemandProfile,A_Calibrated_BAU,GLOBAL,,ELCMDVXX03,,,2033,S1D2,,,,,0.110259
SpecifiedDemandProfile,A_Calibrated_BAU,GLOBAL,,ELCMDVXX03,,,2034,S1D2,,,,,0.110259
SpecifiedDemandProfile,A_Calibrated_BAU,GLOBAL,,ELCMDVXX03,,,2035,S1D2,,,,,0.110259
SpecifiedDemandProfile,A_Calibrated_BAU,GLOBAL,,ELCMDVXX03,,,2036,S1D2,,,,,0.110259
SpecifiedDemandProfile,A_Calibrated_BAU,GLOBAL,,ELCMDVXX03,,,2037,S1D2,,,,,0.110259
SpecifiedDemandProfile,A_Calibrated_BAU,GLOBAL,,ELCMDVXX03,,,2038,S1D2,,,,,0.110259
SpecifiedDemandProfile,A_Calibrated_BAU,GLOBAL,,ELCMDVXX03,,,2039,S1D2,,,,,0.110259
SpecifiedDemandProfile,A_Calibrated_BAU,GLOBAL,,ELCMDVXX03,,,2040,S1D2,,,,,0.110259
SpecifiedDemandProfile,A_Calibrated_BAU,GLOBAL,,ELCMDVXX03,,,2041,S1D2,,,,,0.110259
SpecifiedDemandProfile,A_Calibrated_BAU,GLOBAL,,ELCMDVXX03,,,2042,S1D2,,,,,0.110259
SpecifiedDemandProfile,A_Calibrated_BAU,GLOBAL,,ELCMDVXX03,,,2043,S1D2,,,,,0.110259
SpecifiedDemandProfile,A_Calibrated_BAU,GLOBAL,,ELCMDVXX03,,,2044,S1D2,,,,,0.110259
SpecifiedDemandProfile,A_Calibrated_BAU,GLOBAL,,ELCMDVXX03,,,2045,S1D2,,,,,0.110259
SpecifiedDemandProfile,A_Calibrated_BAU,GLOBAL,,ELCMDVXX03,,,2046,S1D2,,,,,0.110259
SpecifiedDemandProfile,A_Calibrated_BAU,GLOBAL,,ELCMDVXX03,,,2047,S1D2,,,,,0.110259
SpecifiedDemandProfile,A_Calibrated_BAU,GLOBAL,,ELCMDVXX03,,,2048,S1D2,,,,,0.110259
SpecifiedDemandProfile,A_Calibrated_BAU,GLOBAL,,ELCMDVXX03,,,2049,S1D2,,,,,0.110259
SpecifiedDemandProfile,A_Calibrated_BAU,GLOBAL,,ELCMDVXX03,,,2050,S1D2,,,,,0.110259
SpecifiedDemandProfile,A_Calibrated_BAU,GLOBAL,,ELCMDVXX03,,,2023,S1D3,,,,,0.031668
SpecifiedDemandProfile,A_Calibrated_BAU,GLOBAL,,ELCMDVXX03,,,2024,S1D3,,,,,0.031668
SpecifiedDemandProfile,A_Calibrated_BAU,GLOBAL,,ELCMDVXX03,,,2025,S1D3,,,,,0.031668
SpecifiedDemandProfile,A_Calibrated_BAU,GLOBAL,,ELCMDVXX03,,,2026,S1D3,,,,,0.031668
SpecifiedDemandProfile,A_Calibrated_BAU,GLOBAL,,ELCMDVXX03,,,2027,S1D3,,,,,0.031668
SpecifiedDemandProfile,A_Calibrated_BAU,GLOBAL,,ELCMDVXX03,,,2028,S1D3,,,,,0.031668
SpecifiedDemandProfile,A_Calibrated_BAU,GLOBAL,,ELCMDVXX03,,,2029,S1D3,,,,,0.031668
SpecifiedDemandProfile,A_Calibrated_BAU,GLOBAL,,ELCMDVXX03,,,2030,S1D3,,,,,0.031668
SpecifiedDemandProfile,A_Calibrated_BAU,GLOBAL,,ELCMDVXX03,,,2031,S1D3,,,,,0.031668
SpecifiedDemandProfile,A_Calibrated_BAU,GLOBAL,,ELCMDVXX03,,,2032,S1D3,,,,,0.031668
SpecifiedDemandProfile,A_Calibrated_BAU,GLOBAL,,ELCMDVXX03,,,2033,S1D3,,,,,0.031668
SpecifiedDemandProfile,A_Calibrated_BAU,GLOBAL,,ELCMDVXX03,,,2034,S1D3,,,,,0.031668
SpecifiedDemandProfile,A_Calibrated_BAU,GLOBAL,,ELCMDVXX03,,,2035,S1D3,,,,,0.031668
SpecifiedDemandProfile,A_Calibrated_BAU,GLOBAL,,ELCMDVXX03,,,2036,S1D3,,,,,0.031668
SpecifiedDemandProfile,A_Calibrated_BAU,GLOBAL,,ELCMDVXX03,,,2037,S1D3,,,,,0.031668
SpecifiedDemandProfile,A_Calibrated_BAU,GLOBAL,,ELCMDVXX03,,,2038,S1D3,,,,,0.031668
SpecifiedDemandProfile,A_Calibrated_BAU,GLOBAL,,ELCMDVXX03,,,2039,S1D3,,,,,0.031668
SpecifiedDemandProfile,A_Calibrated_BAU,GLOBAL,,ELCMDVXX03,,,2040,S1D3,,,,,0.031668
SpecifiedDemandProfile,A_Calibrated_BAU,GLOBAL,,ELCMDVXX03,,,2041,S1D3,,,,,0.031668
SpecifiedDemandProfile,A_Calibrated_BAU,GLOBAL,,ELCMDVXX03,,,2042,S1D3,,,,,0.031668
SpecifiedDemandProfile,A_Calibrated_BAU,GLOBAL,,ELCMDVXX03,,,2043,S1D3,,,,,0.031668
SpecifiedDemandProfile,A_Calibrated_BAU,GLOBAL,,ELCMDVXX03,,,2044,S1D3,,,,,0.031668
SpecifiedDemandProfile,A_Calibrated_BAU,GLOBAL,,ELCMDVXX03,,,2045,S1D3,,,,,0.031668
SpecifiedDemandProfile,A_Calibrated_BAU,GLOBAL,,ELCMDVXX03,,,2046,S1D3,,,,,0.031668
SpecifiedDemandProfile,A_Calibrated_BAU,GLOBAL,,ELCMDVXX03,,,2047,S1D3,,,,,0.031668
SpecifiedDemandProfile,A_Calibrated_BAU,GLOBAL,,ELCMDVXX03,,,2048,S1D3,,,,,0.031668
SpecifiedDemandProfile,A_Calibrated_BAU,GLOBAL,,ELCMDVXX03,,,2049,S1D3,,,,,0.031668
SpecifiedDemandProfile,A_Calibrated_BAU,GLOBAL,,ELCMDVXX03,,,2050,S1D3,,,,,0.031668
SpecifiedDemandProfile,A_Calibrated_BAU,GLOBAL,,ELCMDVXX03,,,2023,S1D4,,,,,0.020803
SpecifiedDemandProfile,A_Calibrated_BAU,GLOBAL,,ELCMDVXX03,,,2024,S1D4,,,,,0.020803
SpecifiedDemandProfile,A_Calibrated_BAU,GLOBAL,,ELCMDVXX03,,,2025,S1D4,,,,,0.020803
SpecifiedDemandProfile,A_Calibrated_BAU,GLOBAL,,ELCMDVXX03,,,2026,S1D4,,,,,0.020803
SpecifiedDemandProfile,A_Calibrated_BAU,GLOBAL,,ELCMDVXX03,,,2027,S1D4,,,,,0.020803
SpecifiedDemandProfile,A_Calibrated_BAU,GLOBAL,,ELCMDVXX03,,,2028,S1D4,,,,,0.020803
SpecifiedDemandProfile,A_Calibrated_BAU,GLOBAL,,ELCMDVXX03,,,2029,S1D4,,,,,0.020803
SpecifiedDemandProfile,A_Calibrated_BAU,GLOBAL,,ELCMDVXX03,,,2030,S1D4,,,,,0.020803
SpecifiedDemandProfile,A_Calibrated_BAU,GLOBAL,,ELCMDVXX03,,,2031,S1D4,,,,,0.020803
SpecifiedDemandProfile,A_Calibrated_BAU,GLOBAL,,ELCMDVXX03,,,2032,S1D4,,,,,0.020803
SpecifiedDemandProfile,A_Calibrated_BAU,GLOBAL,,ELCMDVXX03,,,2033,S1D4,,,,,0.020803
SpecifiedDemandProfile,A_Calibrated_BAU,GLOBAL,,ELCMDVXX03,,,2034,S1D4,,,,,0.020803
SpecifiedDemandProfile,A_Calibrated_BAU,GLOBAL,,ELCMDVXX03,,,2035,S1D4,,,,,0.020803
SpecifiedDemandProfile,A_Calibrated_BAU,GLOBAL,,ELCMDVXX03,,,2036,S1D4,,,,,0.020803
SpecifiedDemandProfile,A_Calibrated_BAU,GLOBAL,,ELCMDVXX03,,,2037,S1D4,,,,,0.020803
SpecifiedDemandProfile,A_Calibrated_BAU,GLOBAL,,ELCMDVXX03,,,2038,S1D4,,,,,0.020803
SpecifiedDemandProfile,A_Calibrated_BAU,GLOBAL,,ELCMDVXX03,,,2039,S1D4,,,,,0.020803
SpecifiedDemandProfile,A_Calibrated_BAU,GLOBAL,,ELCMDVXX03,,,2040,S1D4,,,,,0.020803
SpecifiedDemandProfile,A_Calibrated_BAU,GLOBAL,,ELCMDVXX03,,,2041,S1D4,,,,,0.020803
SpecifiedDemandProfile,A_Calibrated_BAU,GLOBAL,,ELCMDVXX03,,,2042,S1D4,,,,,0.020803
SpecifiedDemandProfile,A_Calibrated_BAU,GLOBAL,,ELCMDVXX03,,,2043,S1D4,,,,,0.020803
SpecifiedDemandProfile,A_Calibrated_BAU,GLOBAL,,ELCMDVXX03,,,2044,S1D4,,,,,0.020803
SpecifiedDemandProfile,A_Calibrated_BAU,GLOBAL,,ELCMDVXX03,,,2045,S1D4,,,,,0.020803
SpecifiedDemandProfile,A_Calibrated_BAU,GLOBAL,,ELCMDVXX03,,,2046,S1D4,,,,,0.020803
SpecifiedDemandProfile,A_Calibrated_BAU,GLOBAL,,ELCMDVXX03,,,2047,S1D4,,,,,0.020803
SpecifiedDemandProfile,A_Calibrated_BAU,GLOBAL,,ELCMDVXX03,,,2048,S1D4,,,,,0.020803
SpecifiedDemandProfile,A_Calibrated_BAU,GLOBAL,,ELCMDVXX03,,,2049,S1D4,,,,,0.020803
SpecifiedDemandProfile,A_Calibrated_BAU,GLOBAL,,ELCMDVXX03,,,2050,S1D4,,,,,0.020803
SpecifiedDemandProfile,A_Calibrated_BAU,GLOBAL,,ELCMDVXX03,,,2023,S1D5,,,,,0.020572
SpecifiedDemandProfile,A_Calibrated_BAU,GLOBAL,,ELCMDVXX03,,,2024,S1D5,,,,,0.020572
SpecifiedDemandProfile,A_Calibrated_BAU,GLOBAL,,ELCMDVXX03,,,2025,S1D5,,,,,0.020572
SpecifiedDemandProfile,A_Calibrated_BAU,GLOBAL,,ELCMDVXX03,,,2026,S1D5,,,,,0.020572
SpecifiedDemandProfile,A_Calibrated_BAU,GLOBAL,,ELCMDVXX03,,,2027,S1D5,,,,,0.020572
SpecifiedDemandProfile,A_Calibrated_BAU,GLOBAL,,ELCMDVXX03,,,2028,S1D5,,,,,0.020572
SpecifiedDemandProfile,A_Calibrated_BAU,GLOBAL,,ELCMDVXX03,,,2029,S1D5,,,,,0.020572
SpecifiedDemandProfile,A_Calibrated_BAU,GLOBAL,,ELCMDVXX03,,,2030,S1D5,,,,,0.020572
SpecifiedDemandProfile,A_Calibrated_BAU,GLOBAL,,ELCMDVXX03,,,2031,S1D5,,,,,0.020572
SpecifiedDemandProfile,A_Calibrated_BAU,GLOBAL,,ELCMDVXX03,,,2032,S1D5,,,,,0.020572
SpecifiedDemandProfile,A_Calibrated_BAU,GLOBAL,,ELCMDVXX03,,,2033,S1D5,,,,,0.020572
SpecifiedDemandProfile,A_Calibrated_BAU,GLOBAL,,ELCMDVXX03,,,2034,S1D5,,,,,0.020572
SpecifiedDemandProfile,A_Calibrated_BAU,GLOBAL,,ELCMDVXX03,,,2035,S1D5,,,,,0.020572
SpecifiedDemandProfile,A_Calibrated_BAU,GLOBAL,,ELCMDVXX03,,,2036,S1D5,,,,,0.020572
SpecifiedDemandProfile,A_Calibrated_BAU,GLOBAL,,ELCMDVXX03,,,2037,S1D5,,,,,0.020572
SpecifiedDemandProfile,A_Calibrated_BAU,GLOBAL,,ELCMDVXX03,,,2038,S1D5,,,,,0.020572
SpecifiedDemandProfile,A_Calibrated_BAU,GLOBAL,,ELCMDVXX03,,,2039,S1D5,,,,,0.020572
SpecifiedDemandProfile,A_Calibrated_BAU,GLOBAL,,ELCMDVXX03,,,2040,S1D5,,,,,0.020572
SpecifiedDemandProfile,A_Calibrated_BAU,GLOBAL,,ELCMDVXX03,,,2041,S1D5,,,,,0.020572
SpecifiedDemandProfile,A_Calibrated_BAU,GLOBAL,,ELCMDVXX03,,,2042,S1D5,,,,,0.020572
SpecifiedDemandProfile,A_Calibrated_BAU,GLOBAL,,ELCMDVXX03,,,2043,S1D5,,,,,0.020572
SpecifiedDemandProfile,A_Calibrated_BAU,GLOBAL,,ELCMDVXX03,,,2044,S1D5,,,,,0.020572
SpecifiedDemandProfile,A_Calibrated_BAU,GLOBAL,,ELCMDVXX03,,,2045,S1D5,,,,,0.020572
SpecifiedDemandProfile,A_Calibrated_BAU,GLOBAL,,ELCMDVXX03,,,2046,S1D5,,,,,0.020572
SpecifiedDemandProfile,A_Calibrated_BAU,GLOBAL,,ELCMDVXX03,,,2047,S1D5,,,,,0.020572
SpecifiedDemandProfile,A_Calibrated_BAU,GLOBAL,,ELCMDVXX03,,,2048,S1D5,,,,,0.020572
SpecifiedDemandProfile,A_Calibrated_BAU,GLOBAL,,ELCMDVXX03,,,2049,S1D5,,,,,0.020572
SpecifiedDemandProfile,A_Calibrated_BAU,GLOBAL,,ELCMDVXX03,,,2050,S1D5,,,,,0.020572
SpecifiedDemandProfile,A_Calibrated_BAU,GLOBAL,,ELCMDVXX03,,,2023,S2D1,,,,,0.054673
SpecifiedDemandProfile,A_Calibrated_BAU,GLOBAL,,ELCMDVXX03,,,2024,S2D1,,,,,0.054673
SpecifiedDemandProfile,A_Calibrated_BAU,GLOBAL,,ELCMDVXX03,,,2025,S2D1,,,,,0.054673
SpecifiedDemandProfile,A_Calibrated_BAU,GLOBAL,,ELCMDVXX03,,,2026,S2D1,,,,,0.054673
SpecifiedDemandProfile,A_Calibrated_BAU,GLOBAL,,ELCMDVXX03,,,2027,S2D1,,,,,0.054673
SpecifiedDemandProfile,A_Calibrated_BAU,GLOBAL,,ELCMDVXX03,,,2028,S2D1,,,,,0.054673
SpecifiedDemandProfile,A_Calibrated_BAU,GLOBAL,,ELCMDVXX03,,,2029,S2D1,,,,,0.054673
SpecifiedDemandProfile,A_Calibrated_BAU,GLOBAL,,ELCMDVXX03,,,2030,S2D1,,,,,0.054673
SpecifiedDemandProfile,A_Calibrated_BAU,GLOBAL,,ELCMDVXX03,,,2031,S2D1,,,,,0.054673
SpecifiedDemandProfile,A_Calibrated_BAU,GLOBAL,,ELCMDVXX03,,,2032,S2D1,,,,,0.054673
SpecifiedDemandProfile,A_Calibrated_BAU,GLOBAL,,ELCMDVXX03,,,2033,S2D1,,,,,0.054673
SpecifiedDemandProfile,A_Calibrated_BAU,GLOBAL,,ELCMDVXX03,,,2034,S2D1,,,,,0.054673
SpecifiedDemandProfile,A_Calibrated_BAU,GLOBAL,,ELCMDVXX03,,,2035,S2D1,,,,,0.054673
SpecifiedDemandProfile,A_Calibrated_BAU,GLOBAL,,ELCMDVXX03,,,2036,S2D1,,,,,0.054673
SpecifiedDemandProfile,A_Calibrated_BAU,GLOBAL,,ELCMDVXX03,,,2037,S2D1,,,,,0.054673
SpecifiedDemandProfile,A_Calibrated_BAU,GLOBAL,,ELCMDVXX03,,,2038,S2D1,,,,,0.054673
SpecifiedDemandProfile,A_Calibrated_BAU,GLOBAL,,ELCMDVXX03,,,2039,S2D1,,,,,0.054673
SpecifiedDemandProfile,A_Calibrated_BAU,GLOBAL,,ELCMDVXX03,,,2040,S2D1,,,,,0.054673
SpecifiedDemandProfile,A_Calibrated_BAU,GLOBAL,,ELCMDVXX03,,,2041,S2D1,,,,,0.054673
SpecifiedDemandProfile,A_Calibrated_BAU,GLOBAL,,ELCMDVXX03,,,2042,S2D1,,,,,0.054673
SpecifiedDemandProfile,A_Calibrated_BAU,GLOBAL,,ELCMDVXX03,,,2043,S2D1,,,,,0.054673
SpecifiedDemandProfile,A_Calibrated_BAU,GLOBAL,,ELCMDVXX03,,,2044,S2D1,,,,,0.054673
SpecifiedDemandProfile,A_Calibrated_BAU,GLOBAL,,ELCMDVXX03,,,2045,S2D1,,,,,0.054673
SpecifiedDemandProfile,A_Calibrated_BAU,GLOBAL,,ELCMDVXX03,,,2046,S2D1,,,,,0.054673
SpecifiedDemandProfile,A_Calibrated_BAU,GLOBAL,,ELCMDVXX03,,,2047,S2D1,,,,,0.054673
SpecifiedDemandProfile,A_Calibrated_BAU,GLOBAL,,ELCMDVXX03,,,2048,S2D1,,,,,0.054673
SpecifiedDemandProfile,A_Calibrated_BAU,GLOBAL,,ELCMDVXX03,,,2049,S2D1,,,,,0.054673
SpecifiedDemandProfile,A_Calibrated_BAU,GLOBAL,,ELCMDVXX03,,,2050,S2D1,,,,,0.054673
SpecifiedDemandProfile,A_Calibrated_BAU,GLOBAL,,ELCMDVXX03,,,2023,S2D2,,,,,0.125985
SpecifiedDemandProfile,A_Calibrated_BAU,GLOBAL,,ELCMDVXX03,,,2024,S2D2,,,,,0.125985
SpecifiedDemandProfile,A_Calibrated_BAU,GLOBAL,,ELCMDVXX03,,,2025,S2D2,,,,,0.125985
SpecifiedDemandProfile,A_Calibrated_BAU,GLOBAL,,ELCMDVXX03,,,2026,S2D2,,,,,0.125985
SpecifiedDemandProfile,A_Calibrated_BAU,GLOBAL,,ELCMDVXX03,,,2027,S2D2,,,,,0.125985
SpecifiedDemandProfile,A_Calibrated_BAU,GLOBAL,,ELCMDVXX03,,,2028,S2D2,,,,,0.125985
SpecifiedDemandProfile,A_Calibrated_BAU,GLOBAL,,ELCMDVXX03,,,2029,S2D2,,,,,0.125985
SpecifiedDemandProfile,A_Calibrated_BAU,GLOBAL,,ELCMDVXX03,,,2030,S2D2,,,,,0.125985
SpecifiedDemandProfile,A_Calibrated_BAU,GLOBAL,,ELCMDVXX03,,,2031,S2D2,,,,,0.125985
SpecifiedDemandProfile,A_Calibrated_BAU,GLOBAL,,ELCMDVXX03,,,2032,S2D2,,,,,0.125985
SpecifiedDemandProfile,A_Calibrated_BAU,GLOBAL,,ELCMDVXX03,,,2033,S2D2,,,,,0.125985
SpecifiedDemandProfile,A_Calibrated_BAU,GLOBAL,,ELCMDVXX03,,,2034,S2D2,,,,,0.125985
SpecifiedDemandProfile,A_Calibrated_BAU,GLOBAL,,ELCMDVXX03,,,2035,S2D2,,,,,0.125985
SpecifiedDemandProfile,A_Calibrated_BAU,GLOBAL,,ELCMDVXX03,,,2036,S2D2,,,,,0.125985
SpecifiedDemandProfile,A_Calibrated_BAU,GLOBAL,,ELCMDVXX03,,,2037,S2D2,,,,,0.125985
SpecifiedDemandProfile,A_Calibrated_BAU,GLOBAL,,ELCMDVXX03,,,2038,S2D2,,,,,0.125985
SpecifiedDemandProfile,A_Calibrated_BAU,GLOBAL,,ELCMDVXX03,,,2039,S2D2,,,,,0.125985
SpecifiedDemandProfile,A_Calibrated_BAU,GLOBAL,,ELCMDVXX03,,,2040,S2D2,,,,,0.125985
SpecifiedDemandProfile,A_Calibrated_BAU,GLOBAL,,ELCMDVXX03,,,2041,S2D2,,,,,0.125985
SpecifiedDemandProfile,A_Calibrated_BAU,GLOBAL,,ELCMDVXX03,,,2042,S2D2,,,,,0.125985
SpecifiedDemandProfile,A_Calibrated_BAU,GLOBAL,,ELCMDVXX03,,,2043,S2D2,,,,,0.125985
SpecifiedDemandProfile,A_Calibrated_BAU,GLOBAL,,ELCMDVXX03,,,2044,S2D2,,,,,0.125985
SpecifiedDemandProfile,A_Calibrated_BAU,GLOBAL,,ELCMDVXX03,,,2045,S2D2,,,,,0.125985
SpecifiedDemandProfile,A_Calibrated_BAU,GLOBAL,,ELCMDVXX03,,,2046,S2D2,,,,,0.125985
SpecifiedDemandProfile,A_Calibrated_BAU,GLOBAL,,ELCMDVXX03,,,2047,S2D2,,,,,0.125985
SpecifiedDemandProfile,A_Calibrated_BAU,GLOBAL,,ELCMDVXX03,,,2048,S2D2,,,,,0.125985
SpecifiedDemandProfile,A_Calibrated_BAU,GLOBAL,,ELCMDVXX03,,,2049,S2D2,,,,,0.125985
SpecifiedDemandProfile,A_Calibrated_BAU,GLOBAL,,ELCMDVXX03,,,2050,S2D2,,,,,0.125985
SpecifiedDemandProfile,A_Calibrated_BAU,GLOBAL,,ELCMDVXX03,,,2023,S2D3,,,,,0.036184
SpecifiedDemandProfile,A_Calibrated_BAU,GLOBAL,,ELCMDVXX03,,,2024,S2D3,,,,,0.036184
SpecifiedDemandProfile,A_Calibrated_BAU,GLOBAL,,ELCMDVXX03,,,2025,S2D3,,,,,0.036184
SpecifiedDemandProfile,A_Calibrated_BAU,GLOBAL,,ELCMDVXX03,,,2026,S2D3,,,,,0.036184
SpecifiedDemandProfile,A_Calibrated_BAU,GLOBAL,,ELCMDVXX03,,,2027,S2D3,,,,,0.036184
SpecifiedDemandProfile,A_Calibrated_BAU,GLOBAL,,ELCMDVXX03,,,2028,S2D3,,,,,0.036184
SpecifiedDemandProfile,A_Calibrated_BAU,GLOBAL,,ELCMDVXX03,,,2029,S2D3,,,,,0.036184
SpecifiedDemandProfile,A_Calibrated_BAU,GLOBAL,,ELCMDVXX03,,,2030,S2D3,,,,,0.036184
SpecifiedDemandProfile,A_Calibrated_BAU,GLOBAL,,ELCMDVXX03,,,2031,S2D3,,,,,0.036184
SpecifiedDemandProfile,A_Calibrated_BAU,GLOBAL,,ELCMDVXX03,,,2032,S2D3,,,,,0.036184
SpecifiedDemandProfile,A_Calibrated_BAU,GLOBAL,,ELCMDVXX03,,,2033,S2D3,,,,,0.036184
SpecifiedDemandProfile,A_Calibrated_BAU,GLOBAL,,ELCMDVXX03,,,2034,S2D3,,,,,0.036184
SpecifiedDemandProfile,A_Calibrated_BAU,GLOBAL,,ELCMDVXX03,,,2035,S2D3,,,,,0.036184
SpecifiedDemandProfile,A_Calibrated_BAU,GLOBAL,,ELCMDVXX03,,,2036,S2D3,,,,,0.036184
SpecifiedDemandProfile,A_Calibrated_BAU,GLOBAL,,ELCMDVXX03,,,2037,S2D3,,,,,0.036184
SpecifiedDemandProfile,A_Calibrated_BAU,GLOBAL,,ELCMDVXX03,,,2038,S2D3,,,,,0.036184
SpecifiedDemandProfile,A_Calibrated_BAU,GLOBAL,,ELCMDVXX03,,,2039,S2D3,,,,,0.036184
SpecifiedDemandProfile,A_Calibrated_BAU,GLOBAL,,ELCMDVXX03,,,2040,S2D3,,,,,0.036184
SpecifiedDemandProfile,A_Calibrated_BAU,GLOBAL,,ELCMDVXX03,,,2041,S2D3,,,,,0.036184
SpecifiedDemandProfile,A_Calibrated_BAU,GLOBAL,,ELCMDVXX03,,,2042,S2D3,,,,,0.036184
SpecifiedDemandProfile,A_Calibrated_BAU,GLOBAL,,ELCMDVXX03,,,2043,S2D3,,,,,0.036184
SpecifiedDemandProfile,A_Calibrated_BAU,GLOBAL,,ELCMDVXX03,,,2044,S2D3,,,,,0.036184
SpecifiedDemandProfile,A_Calibrated_BAU,GLOBAL,,ELCMDVXX03,,,2045,S2D3,,,,,0.036184
SpecifiedDemandProfile,A_Calibrated_BAU,GLOBAL,,ELCMDVXX03,,,2046,S2D3,,,,,0.036184
SpecifiedDemandProfile,A_Calibrated_BAU,GLOBAL,,ELCMDVXX03,,,2047,S2D3,,,,,0.036184
SpecifiedDemandProfile,A_Calibrated_BAU,GLOBAL,,ELCMDVXX03,,,2048,S2D3,,,,,0.036184
SpecifiedDemandProfile,A_Calibrated_BAU,GLOBAL,,ELCMDVXX03,,,2049,S2D3,,,,,0.036184
SpecifiedDemandProfile,A_Calibrated_BAU,GLOBAL,,ELCMDVXX03,,,2050,S2D3,,,,,0.036184
SpecifiedDemandProfile,A_Calibrated_BAU,GLOBAL,,ELCMDVXX03,,,2023,S2D4,,,,,0.023771
SpecifiedDemandProfile,A_Calibrated_BAU,GLOBAL,,ELCMDVXX03,,,2024,S2D4,,,,,0.023771
SpecifiedDemandProfile,A_Calibrated_BAU,GLOBAL,,ELCMDVXX03,,,2025,S2D4,,,,,0.023771
SpecifiedDemandProfile,A_Calibrated_BAU,GLOBAL,,ELCMDVXX03,,,2026,S2D4,,,,,0.023771
SpecifiedDemandProfile,A_Calibrated_BAU,GLOBAL,,ELCMDVXX03,,,2027,S2D4,,,,,0.023771
SpecifiedDemandProfile,A_Calibrated_BAU,GLOBAL,,ELCMDVXX03,,,2028,S2D4,,,,,0.023771
SpecifiedDemandProfile,A_Calibrated_BAU,GLOBAL,,ELCMDVXX03,,,2029,S2D4,,,,,0.023771
SpecifiedDemandProfile,A_Calibrated_BAU,GLOBAL,,ELCMDVXX03,,,2030,S2D4,,,,,0.023771
SpecifiedDemandProfile,A_Calibrated_BAU,GLOBAL,,ELCMDVXX03,,,2031,S2D4,,,,,0.023771
SpecifiedDemandProfile,A_Calibrated_BAU,GLOBAL,,ELCMDVXX03,,,2032,S2D4,,,,,0.023771
SpecifiedDemandProfile,A_Calibrated_BAU,GLOBAL,,ELCMDVXX03,,,2033,S2D4,,,,,0.023771
SpecifiedDemandProfile,A_Calibrated_BAU,GLOBAL,,ELCMDVXX03,,,2034,S2D4,,,,,0.023771
SpecifiedDemandProfile,A_Calibrated_BAU,GLOBAL,,ELCMDVXX03,,,2035,S2D4,,,,,0.023771
SpecifiedDemandProfile,A_Calibrated_BAU,GLOBAL,,ELCMDVXX03,,,2036,S2D4,,,,,0.023771
SpecifiedDemandProfile,A_Calibrated_BAU,GLOBAL,,ELCMDVXX03,,,2037,S2D4,,,,,0.023771
SpecifiedDemandProfile,A_Calibrated_BAU,GLOBAL,,ELCMDVXX03,,,2038,S2D4,,,,,0.023771
SpecifiedDemandProfile,A_Calibrated_BAU,GLOBAL,,ELCMDVXX03,,,2039,S2D4,,,,,0.023771
SpecifiedDemandProfile,A_Calibrated_BAU,GLOBAL,,ELCMDVXX03,,,2040,S2D4,,,,,0.023771
SpecifiedDemandProfile,A_Calibrated_BAU,GLOBAL,,ELCMDVXX03,,,2041,S2D4,,,,,0.023771
SpecifiedDemandProfile,A_Calibrated_BAU,GLOBAL,,ELCMDVXX03,,,2042,S2D4,,,,,0.023771
SpecifiedDemandProfile,A_Calibrated_BAU,GLOBAL,,ELCMDVXX03,,,2043,S2D4,,,,,0.023771
SpecifiedDemandProfile,A_Calibrated_BAU,GLOBAL,,ELCMDVXX03,,,2044,S2D4,,,,,0.023771
SpecifiedDemandProfile,A_Calibrated_BAU,GLOBAL,,ELCMDVXX03,,,2045,S2D4,,,,,0.023771
SpecifiedDemandProfile,A_Calibrated_BAU,GLOBAL,,ELCMDVXX03,,,2046,S2D4,,,,,0.023771
SpecifiedDemandProfile,A_Calibrated_BAU,GLOBAL,,ELCMDVXX03,,,2047,S2D4,,,,,0.023771
SpecifiedDemandProfile,A_Calibrated_BAU,GLOBAL,,ELCMDVXX03,,,2048,S2D4,,,,,0.023771
SpecifiedDemandProfile,A_Calibrated_BAU,GLOBAL,,ELCMDVXX03,,,2049,S2D4,,,,,0.023771
SpecifiedDemandProfile,A_Calibrated_BAU,GLOBAL,,ELCMDVXX03,,,2050,S2D4,,,,,0.023771
SpecifiedDemandProfile,A_Calibrated_BAU,GLOBAL,,ELCMDVXX03,,,2023,S2D5,,,,,0.023507
SpecifiedDemandProfile,A_Calibrated_BAU,GLOBAL,,ELCMDVXX03,,,2024,S2D5,,,,,0.023507
SpecifiedDemandProfile,A_Calibrated_BAU,GLOBAL,,ELCMDVXX03,,,2025,S2D5,,,,,0.023507
SpecifiedDemandProfile,A_Calibrated_BAU,GLOBAL,,ELCMDVXX03,,,2026,S2D5,,,,,0.023507
SpecifiedDemandProfile,A_Calibrated_BAU,GLOBAL,,ELCMDVXX03,,,2027,S2D5,,,,,0.023507
SpecifiedDemandProfile,A_Calibrated_BAU,GLOBAL,,ELCMDVXX03,,,2028,S2D5,,,,,0.023507
SpecifiedDemandProfile,A_Calibrated_BAU,GLOBAL,,ELCMDVXX03,,,2029,S2D5,,,,,0.023507
SpecifiedDemandProfile,A_Calibrated_BAU,GLOBAL,,ELCMDVXX03,,,2030,S2D5,,,,,0.023507
SpecifiedDemandProfile,A_Calibrated_BAU,GLOBAL,,ELCMDVXX03,,,2031,S2D5,,,,,0.023507
SpecifiedDemandProfile,A_Calibrated_BAU,GLOBAL,,ELCMDVXX03,,,2032,S2D5,,,,,0.023507
SpecifiedDemandProfile,A_Calibrated_BAU,GLOBAL,,ELCMDVXX03,,,2033,S2D5,,,,,0.023507
SpecifiedDemandProfile,A_Calibrated_BAU,GLOBAL,,ELCMDVXX03,,,2034,S2D5,,,,,0.023507
SpecifiedDemandProfile,A_Calibrated_BAU,GLOBAL,,ELCMDVXX03,,,2035,S2D5,,,,,0.023507
SpecifiedDemandProfile,A_Calibrated_BAU,GLOBAL,,ELCMDVXX03,,,2036,S2D5,,,,,0.023507
SpecifiedDemandProfile,A_Calibrated_BAU,GLOBAL,,ELCMDVXX03,,,2037,S2D5,,,,,0.023507
SpecifiedDemandProfile,A_Calibrated_BAU,GLOBAL,,ELCMDVXX03,,,2038,S2D5,,,,,0.023507
SpecifiedDemandProfile,A_Calibrated_BAU,GLOBAL,,ELCMDVXX03,,,2039,S2D5,,,,,0.023507
SpecifiedDemandProfile,A_Calibrated_BAU,GLOBAL,,ELCMDVXX03,,,2040,S2D5,,,,,0.023507
SpecifiedDemandProfile,A_Calibrated_BAU,GLOBAL,,ELCMDVXX03,,,2041,S2D5,,,,,0.023507
SpecifiedDemandProfile,A_Calibrated_BAU,GLOBAL,,ELCMDVXX03,,,2042,S2D5,,,,,0.023507
SpecifiedDemandProfile,A_Calibrated_BAU,GLOBAL,,ELCMDVXX03,,,2043,S2D5,,,,,0.023507
SpecifiedDemandProfile,A_Calibrated_BAU,GLOBAL,,ELCMDVXX03,,,2044,S2D5,,,,,0.023507
SpecifiedDemandProfile,A_Calibrated_BAU,GLOBAL,,ELCMDVXX03,,,2045,S2D5,,,,,0.023507
SpecifiedDemandProfile,A_Calibrated_BAU,GLOBAL,,ELCMDVXX03,,,2046,S2D5,,,,,0.023507
SpecifiedDemandProfile,A_Calibrated_BAU,GLOBAL,,ELCMDVXX03,,,2047,S2D5,,,,,0.023507
SpecifiedDemandProfile,A_Calibrated_BAU,GLOBAL,,ELCMDVXX03,,,2048,S2D5,,,,,0.023507
SpecifiedDemandProfile,A_Calibrated_BAU,GLOBAL,,ELCMDVXX03,,,2049,S2D5,,,,,0.023507
SpecifiedDemandProfile,A_Calibrated_BAU,GLOBAL,,ELCMDVXX03,,,2050,S2D5,,,,,0.023507
SpecifiedDemandProfile,A_Calibrated_BAU,GLOBAL,,ELCMDVXX03,,,2023,S3D1,,,,,0.070036
SpecifiedDemandProfile,A_Calibrated_BAU,GLOBAL,,ELCMDVXX03,,,2024,S3D1,,,,,0.070036
SpecifiedDemandProfile,A_Calibrated_BAU,GLOBAL,,ELCMDVXX03,,,2025,S3D1,,,,,0.070036
SpecifiedDemandProfile,A_Calibrated_BAU,GLOBAL,,ELCMDVXX03,,,2026,S3D1,,,,,0.070036
SpecifiedDemandProfile,A_Calibrated_BAU,GLOBAL,,ELCMDVXX03,,,2027,S3D1,,,,,0.070036
SpecifiedDemandProfile,A_Calibrated_BAU,GLOBAL,,ELCMDVXX03,,,2028,S3D1,,,,,0.070036
SpecifiedDemandProfile,A_Calibrated_BAU,GLOBAL,,ELCMDVXX03,,,2029,S3D1,,,,,0.070036
SpecifiedDemandProfile,A_Calibrated_BAU,GLOBAL,,ELCMDVXX03,,,2030,S3D1,,,,,0.070036
SpecifiedDemandProfile,A_Calibrated_BAU,GLOBAL,,ELCMDVXX03,,,2031,S3D1,,,,,0.070036
SpecifiedDemandProfile,A_Calibrated_BAU,GLOBAL,,ELCMDVXX03,,,2032,S3D1,,,,,0.070036
SpecifiedDemandProfile,A_Calibrated_BAU,GLOBAL,,ELCMDVXX03,,,2033,S3D1,,,,,0.070036
SpecifiedDemandProfile,A_Calibrated_BAU,GLOBAL,,ELCMDVXX03,,,2034,S3D1,,,,,0.070036
SpecifiedDemandProfile,A_Calibrated_BAU,GLOBAL,,ELCMDVXX03,,,2035,S3D1,,,,,0.070036
SpecifiedDemandProfile,A_Calibrated_BAU,GLOBAL,,ELCMDVXX03,,,2036,S3D1,,,,,0.070036
SpecifiedDemandProfile,A_Calibrated_BAU,GLOBAL,,ELCMDVXX03,,,2037,S3D1,,,,,0.070036
SpecifiedDemandProfile,A_Calibrated_BAU,GLOBAL,,ELCMDVXX03,,,2038,S3D1,,,,,0.070036
SpecifiedDemandProfile,A_Calibrated_BAU,GLOBAL,,ELCMDVXX03,,,2039,S3D1,,,,,0.070036
SpecifiedDemandProfile,A_Calibrated_BAU,GLOBAL,,ELCMDVXX03,,,2040,S3D1,,,,,0.070036
SpecifiedDemandProfile,A_Calibrated_BAU,GLOBAL,,ELCMDVXX03,,,2041,S3D1,,,,,0.070036
SpecifiedDemandProfile,A_Calibrated_BAU,GLOBAL,,ELCMDVXX03,,,2042,S3D1,,,,,0.070036
SpecifiedDemandProfile,A_Calibrated_BAU,GLOBAL,,ELCMDVXX03,,,2043,S3D1,,,,,0.070036
SpecifiedDemandProfile,A_Calibrated_BAU,GLOBAL,,ELCMDVXX03,,,2044,S3D1,,,,,0.070036
SpecifiedDemandProfile,A_Calibrated_BAU,GLOBAL,,ELCMDVXX03,,,2045,S3D1,,,,,0.070036
SpecifiedDemandProfile,A_Calibrated_BAU,GLOBAL,,ELCMDVXX03,,,2046,S3D1,,,,,0.070036
SpecifiedDemandProfile,A_Calibrated_BAU,GLOBAL,,ELCMDVXX03,,,2047,S3D1,,,,,0.070036
SpecifiedDemandProfile,A_Calibrated_BAU,GLOBAL,,ELCMDVXX03,,,2048,S3D1,,,,,0.070036
SpecifiedDemandProfile,A_Calibrated_BAU,GLOBAL,,ELCMDVXX03,,,2049,S3D1,,,,,0.070036
SpecifiedDemandProfile,A_Calibrated_BAU,GLOBAL,,ELCMDVXX03,,,2050,S3D1,,,,,0.070036
SpecifiedDemandProfile,A_Calibrated_BAU,GLOBAL,,ELCMDVXX03,,,2023,S3D2,,,,,0.161388
SpecifiedDemandProfile,A_Calibrated_BAU,GLOBAL,,ELCMDVXX03,,,2024,S3D2,,,,,0.161388
SpecifiedDemandProfile,A_Calibrated_BAU,GLOBAL,,ELCMDVXX03,,,2025,S3D2,,,,,0.161388
SpecifiedDemandProfile,A_Calibrated_BAU,GLOBAL,,ELCMDVXX03,,,2026,S3D2,,,,,0.161388
SpecifiedDemandProfile,A_Calibrated_BAU,GLOBAL,,ELCMDVXX03,,,2027,S3D2,,,,,0.161388
SpecifiedDemandProfile,A_Calibrated_BAU,GLOBAL,,ELCMDVXX03,,,2028,S3D2,,,,,0.161388
SpecifiedDemandProfile,A_Calibrated_BAU,GLOBAL,,ELCMDVXX03,,,2029,S3D2,,,,,0.161388
SpecifiedDemandProfile,A_Calibrated_BAU,GLOBAL,,ELCMDVXX03,,,2030,S3D2,,,,,0.161388
SpecifiedDemandProfile,A_Calibrated_BAU,GLOBAL,,ELCMDVXX03,,,2031,S3D2,,,,,0.161388
SpecifiedDemandProfile,A_Calibrated_BAU,GLOBAL,,ELCMDVXX03,,,2032,S3D2,,,,,0.161388
SpecifiedDemandProfile,A_Calibrated_BAU,GLOBAL,,ELCMDVXX03,,,2033,S3D2,,,,,0.161388
SpecifiedDemandProfile,A_Calibrated_BAU,GLOBAL,,ELCMDVXX03,,,2034,S3D2,,,,,0.161388
SpecifiedDemandProfile,A_Calibrated_BAU,GLOBAL,,ELCMDVXX03,,,2035,S3D2,,,,,0.161388
SpecifiedDemandProfile,A_Calibrated_BAU,GLOBAL,,ELCMDVXX03,,,2036,S3D2,,,,,0.161388
SpecifiedDemandProfile,A_Calibrated_BAU,GLOBAL,,ELCMDVXX03,,,2037,S3D2,,,,,0.161388
SpecifiedDemandProfile,A_Calibrated_BAU,GLOBAL,,ELCMDVXX03,,,2038,S3D2,,,,,0.161388
SpecifiedDemandProfile,A_Calibrated_BAU,GLOBAL,,ELCMDVXX03,,,2039,S3D2,,,,,0.161388
SpecifiedDemandProfile,A_Calibrated_BAU,GLOBAL,,ELCMDVXX03,,,2040,S3D2,,,,,0.161388
SpecifiedDemandProfile,A_Calibrated_BAU,GLOBAL,,ELCMDVXX03,,,2041,S3D2,,,,,0.161388
SpecifiedDemandProfile,A_Calibrated_BAU,GLOBAL,,ELCMDVXX03,,,2042,S3D2,,,,,0.161388
SpecifiedDemandProfile,A_Calibrated_BAU,GLOBAL,,ELCMDVXX03,,,2043,S3D2,,,,,0.161388
SpecifiedDemandProfile,A_Calibrated_BAU,GLOBAL,,ELCMDVXX03,,,2044,S3D2,,,,,0.161388
SpecifiedDemandProfile,A_Calibrated_BAU,GLOBAL,,ELCMDVXX03,,,2045,S3D2,,,,,0.161388
SpecifiedDemandProfile,A_Calibrated_BAU,GLOBAL,,ELCMDVXX03,,,2046,S3D2,,,,,0.161388
SpecifiedDemandProfile,A_Calibrated_BAU,GLOBAL,,ELCMDVXX03,,,2047,S3D2,,,,,0.161388
SpecifiedDemandProfile,A_Calibrated_BAU,GLOBAL,,ELCMDVXX03,,,2048,S3D2,,,,,0.161388
SpecifiedDemandProfile,A_Calibrated_BAU,GLOBAL,,ELCMDVXX03,,,2049,S3D2,,,,,0.161388
SpecifiedDemandProfile,A_Calibrated_BAU,GLOBAL,,ELCMDVXX03,,,2050,S3D2,,,,,0.161388
SpecifiedDemandProfile,A_Calibrated_BAU,GLOBAL,,ELCMDVXX03,,,2023,S3D3,,,,,0.046353
SpecifiedDemandProfile,A_Calibrated_BAU,GLOBAL,,ELCMDVXX03,,,2024,S3D3,,,,,0.046353
SpecifiedDemandProfile,A_Calibrated_BAU,GLOBAL,,ELCMDVXX03,,,2025,S3D3,,,,,0.046353
SpecifiedDemandProfile,A_Calibrated_BAU,GLOBAL,,ELCMDVXX03,,,2026,S3D3,,,,,0.046353
SpecifiedDemandProfile,A_Calibrated_BAU,GLOBAL,,ELCMDVXX03,,,2027,S3D3,,,,,0.046353
SpecifiedDemandProfile,A_Calibrated_BAU,GLOBAL,,ELCMDVXX03,,,2028,S3D3,,,,,0.046353
SpecifiedDemandProfile,A_Calibrated_BAU,GLOBAL,,ELCMDVXX03,,,2029,S3D3,,,,,0.046353
SpecifiedDemandProfile,A_Calibrated_BAU,GLOBAL,,ELCMDVXX03,,,2030,S3D3,,,,,0.046353
SpecifiedDemandProfile,A_Calibrated_BAU,GLOBAL,,ELCMDVXX03,,,2031,S3D3,,,,,0.046353
SpecifiedDemandProfile,A_Calibrated_BAU,GLOBAL,,ELCMDVXX03,,,2032,S3D3,,,,,0.046353
SpecifiedDemandProfile,A_Calibrated_BAU,GLOBAL,,ELCMDVXX03,,,2033,S3D3,,,,,0.046353
SpecifiedDemandProfile,A_Calibrated_BAU,GLOBAL,,ELCMDVXX03,,,2034,S3D3,,,,,0.046353
SpecifiedDemandProfile,A_Calibrated_BAU,GLOBAL,,ELCMDVXX03,,,2035,S3D3,,,,,0.046353
SpecifiedDemandProfile,A_Calibrated_BAU,GLOBAL,,ELCMDVXX03,,,2036,S3D3,,,,,0.046353
SpecifiedDemandProfile,A_Calibrated_BAU,GLOBAL,,ELCMDVXX03,,,2037,S3D3,,,,,0.046353
SpecifiedDemandProfile,A_Calibrated_BAU,GLOBAL,,ELCMDVXX03,,,2038,S3D3,,,,,0.046353
SpecifiedDemandProfile,A_Calibrated_BAU,GLOBAL,,ELCMDVXX03,,,2039,S3D3,,,,,0.046353
SpecifiedDemandProfile,A_Calibrated_BAU,GLOBAL,,ELCMDVXX03,,,2040,S3D3,,,,,0.046353
SpecifiedDemandProfile,A_Calibrated_BAU,GLOBAL,,ELCMDVXX03,,,2041,S3D3,,,,,0.046353
SpecifiedDemandProfile,A_Calibrated_BAU,GLOBAL,,ELCMDVXX03,,,2042,S3D3,,,,,0.046353
SpecifiedDemandProfile,A_Calibrated_BAU,GLOBAL,,ELCMDVXX03,,,2043,S3D3,,,,,0.046353
SpecifiedDemandProfile,A_Calibrated_BAU,GLOBAL,,ELCMDVXX03,,,2044,S3D3,,,,,0.046353
SpecifiedDemandProfile,A_Calibrated_BAU,GLOBAL,,ELCMDVXX03,,,2045,S3D3,,,,,0.046353
SpecifiedDemandProfile,A_Calibrated_BAU,GLOBAL,,ELCMDVXX03,,,2046,S3D3,,,,,0.046353
SpecifiedDemandProfile,A_Calibrated_BAU,GLOBAL,,ELCMDVXX03,,,2047,S3D3,,,,,0.046353
SpecifiedDemandProfile,A_Calibrated_BAU,GLOBAL,,ELCMDVXX03,,,2048,S3D3,,,,,0.046353
SpecifiedDemandProfile,A_Calibrated_BAU,GLOBAL,,ELCMDVXX03,,,2049,S3D3,,,,,0.046353
SpecifiedDemandProfile,A_Calibrated_BAU,GLOBAL,,ELCMDVXX03,,,2050,S3D3,,,,,0.046353
SpecifiedDemandProfile,A_Calibrated_BAU,GLOBAL,,ELCMDVXX03,,,2023,S3D4,,,,,0.030451
SpecifiedDemandProfile,A_Calibrated_BAU,GLOBAL,,ELCMDVXX03,,,2024,S3D4,,,,,0.030451
SpecifiedDemandProfile,A_Calibrated_BAU,GLOBAL,,ELCMDVXX03,,,2025,S3D4,,,,,0.030451
SpecifiedDemandProfile,A_Calibrated_BAU,GLOBAL,,ELCMDVXX03,,,2026,S3D4,,,,,0.030451
SpecifiedDemandProfile,A_Calibrated_BAU,GLOBAL,,ELCMDVXX03,,,2027,S3D4,,,,,0.030451
SpecifiedDemandProfile,A_Calibrated_BAU,GLOBAL,,ELCMDVXX03,,,2028,S3D4,,,,,0.030451
SpecifiedDemandProfile,A_Calibrated_BAU,GLOBAL,,ELCMDVXX03,,,2029,S3D4,,,,,0.030451
SpecifiedDemandProfile,A_Calibrated_BAU,GLOBAL,,ELCMDVXX03,,,2030,S3D4,,,,,0.030451
SpecifiedDemandProfile,A_Calibrated_BAU,GLOBAL,,ELCMDVXX03,,,2031,S3D4,,,,,0.030451
SpecifiedDemandProfile,A_Calibrated_BAU,GLOBAL,,ELCMDVXX03,,,2032,S3D4,,,,,0.030451
SpecifiedDemandProfile,A_Calibrated_BAU,GLOBAL,,ELCMDVXX03,,,2033,S3D4,,,,,0.030451
SpecifiedDemandProfile,A_Calibrated_BAU,GLOBAL,,ELCMDVXX03,,,2034,S3D4,,,,,0.030451
SpecifiedDemandProfile,A_Calibrated_BAU,GLOBAL,,ELCMDVXX03,,,2035,S3D4,,,,,0.030451
SpecifiedDemandProfile,A_Calibrated_BAU,GLOBAL,,ELCMDVXX03,,,2036,S3D4,,,,,0.030451
SpecifiedDemandProfile,A_Calibrated_BAU,GLOBAL,,ELCMDVXX03,,,2037,S3D4,,,,,0.030451
SpecifiedDemandProfile,A_Calibrated_BAU,GLOBAL,,ELCMDVXX03,,,2038,S3D4,,,,,0.030451
SpecifiedDemandProfile,A_Calibrated_BAU,GLOBAL,,ELCMDVXX03,,,2039,S3D4,,,,,0.030451
SpecifiedDemandProfile,A_Calibrated_BAU,GLOBAL,,ELCMDVXX03,,,2040,S3D4,,,,,0.030451
SpecifiedDemandProfile,A_Calibrated_BAU,GLOBAL,,ELCMDVXX03,,,2041,S3D4,,,,,0.030451
SpecifiedDemandProfile,A_Calibrated_BAU,GLOBAL,,ELCMDVXX03,,,2042,S3D4,,,,,0.030451
SpecifiedDemandProfile,A_Calibrated_BAU,GLOBAL,,ELCMDVXX03,,,2043,S3D4,,,,,0.030451
SpecifiedDemandProfile,A_Calibrated_BAU,GLOBAL,,ELCMDVXX03,,,2044,S3D4,,,,,0.030451
SpecifiedDemandProfile,A_Calibrated_BAU,GLOBAL,,ELCMDVXX03,,,2045,S3D4,,,,,0.030451
SpecifiedDemandProfile,A_Calibrated_BAU,GLOBAL,,ELCMDVXX03,,,2046,S3D4,,,,,0.030451
SpecifiedDemandProfile,A_Calibrated_BAU,GLOBAL,,ELCMDVXX03,,,2047,S3D4,,,,,0.030451
SpecifiedDemandProfile,A_Calibrated_BAU,GLOBAL,,ELCMDVXX03,,,2048,S3D4,,,,,0.030451
SpecifiedDemandProfile,A_Calibrated_BAU,GLOBAL,,ELCMDVXX03,,,2049,S3D4,,,,,0.030451
SpecifiedDemandProfile,A_Calibrated_BAU,GLOBAL,,ELCMDVXX03,,,2050,S3D4,,,,,0.030451
SpecifiedDemandProfile,A_Calibrated_BAU,GLOBAL,,ELCMDVXX03,,,2023,S3D5,,,,,0.030112
SpecifiedDemandProfile,A_Calibrated_BAU,GLOBAL,,ELCMDVXX03,,,2024,S3D5,,,,,0.030112
SpecifiedDemandProfile,A_Calibrated_BAU,GLOBAL,,ELCMDVXX03,,,2025,S3D5,,,,,0.030112
SpecifiedDemandProfile,A_Calibrated_BAU,GLOBAL,,ELCMDVXX03,,,2026,S3D5,,,,,0.030112
SpecifiedDemandProfile,A_Calibrated_BAU,GLOBAL,,ELCMDVXX03,,,2027,S3D5,,,,,0.030112
SpecifiedDemandProfile,A_Calibrated_BAU,GLOBAL,,ELCMDVXX03,,,2028,S3D5,,,,,0.030112
SpecifiedDemandProfile,A_Calibrated_BAU,GLOBAL,,ELCMDVXX03,,,2029,S3D5,,,,,0.030112
SpecifiedDemandProfile,A_Calibrated_BAU,GLOBAL,,ELCMDVXX03,,,2030,S3D5,,,,,0.030112
SpecifiedDemandProfile,A_Calibrated_BAU,GLOBAL,,ELCMDVXX03,,,2031,S3D5,,,,,0.030112
SpecifiedDemandProfile,A_Calibrated_BAU,GLOBAL,,ELCMDVXX03,,,2032,S3D5,,,,,0.030112
SpecifiedDemandProfile,A_Calibrated_BAU,GLOBAL,,ELCMDVXX03,,,2033,S3D5,,,,,0.030112
SpecifiedDemandProfile,A_Calibrated_BAU,GLOBAL,,ELCMDVXX03,,,2034,S3D5,,,,,0.030112
SpecifiedDemandProfile,A_Calibrated_BAU,GLOBAL,,ELCMDVXX03,,,2035,S3D5,,,,,0.030112
SpecifiedDemandProfile,A_Calibrated_BAU,GLOBAL,,ELCMDVXX03,,,2036,S3D5,,,,,0.030112
SpecifiedDemandProfile,A_Calibrated_BAU,GLOBAL,,ELCMDVXX03,,,2037,S3D5,,,,,0.030112
SpecifiedDemandProfile,A_Calibrated_BAU,GLOBAL,,ELCMDVXX03,,,2038,S3D5,,,,,0.030112
SpecifiedDemandProfile,A_Calibrated_BAU,GLOBAL,,ELCMDVXX03,,,2039,S3D5,,,,,0.030112
SpecifiedDemandProfile,A_Calibrated_BAU,GLOBAL,,ELCMDVXX03,,,2040,S3D5,,,,,0.030112
SpecifiedDemandProfile,A_Calibrated_BAU,GLOBAL,,ELCMDVXX03,,,2041,S3D5,,,,,0.030112
SpecifiedDemandProfile,A_Calibrated_BAU,GLOBAL,,ELCMDVXX03,,,2042,S3D5,,,,,0.030112
SpecifiedDemandProfile,A_Calibrated_BAU,GLOBAL,,ELCMDVXX03,,,2043,S3D5,,,,,0.030112
SpecifiedDemandProfile,A_Calibrated_BAU,GLOBAL,,ELCMDVXX03,,,2044,S3D5,,,,,0.030112
SpecifiedDemandProfile,A_Calibrated_BAU,GLOBAL,,ELCMDVXX03,,,2045,S3D5,,,,,0.030112
SpecifiedDemandProfile,A_Calibrated_BAU,GLOBAL,,ELCMDVXX03,,,2046,S3D5,,,,,0.030112
SpecifiedDemandProfile,A_Calibrated_BAU,GLOBAL,,ELCMDVXX03,,,2047,S3D5,,,,,0.030112
SpecifiedDemandProfile,A_Calibrated_BAU,GLOBAL,,ELCMDVXX03,,,2048,S3D5,,,,,0.030112
SpecifiedDemandProfile,A_Calibrated_BAU,GLOBAL,,ELCMDVXX03,,,2049,S3D5,,,,,0.030112
SpecifiedDemandProfile,A_Calibrated_BAU,GLOBAL,,ELCMDVXX03,,,2050,S3D5,,,,,0.030112
SpecifiedDemandProfile,A_Calibrated_BAU,GLOBAL,,ELCMDVXX03,,,2023,S4D1,,,,,0.034443
SpecifiedDemandProfile,A_Calibrated_BAU,GLOBAL,,ELCMDVXX03,,,2024,S4D1,,,,,0.034443
SpecifiedDemandProfile,A_Calibrated_BAU,GLOBAL,,ELCMDVXX03,,,2025,S4D1,,,,,0.034443
SpecifiedDemandProfile,A_Calibrated_BAU,GLOBAL,,ELCMDVXX03,,,2026,S4D1,,,,,0.034443
SpecifiedDemandProfile,A_Calibrated_BAU,GLOBAL,,ELCMDVXX03,,,2027,S4D1,,,,,0.034443
SpecifiedDemandProfile,A_Calibrated_BAU,GLOBAL,,ELCMDVXX03,,,2028,S4D1,,,,,0.034443
SpecifiedDemandProfile,A_Calibrated_BAU,GLOBAL,,ELCMDVXX03,,,2029,S4D1,,,,,0.034443
SpecifiedDemandProfile,A_Calibrated_BAU,GLOBAL,,ELCMDVXX03,,,2030,S4D1,,,,,0.034443
SpecifiedDemandProfile,A_Calibrated_BAU,GLOBAL,,ELCMDVXX03,,,2031,S4D1,,,,,0.034443
SpecifiedDemandProfile,A_Calibrated_BAU,GLOBAL,,ELCMDVXX03,,,2032,S4D1,,,,,0.034443
SpecifiedDemandProfile,A_Calibrated_BAU,GLOBAL,,ELCMDVXX03,,,2033,S4D1,,,,,0.034443
SpecifiedDemandProfile,A_Calibrated_BAU,GLOBAL,,ELCMDVXX03,,,2034,S4D1,,,,,0.034443
SpecifiedDemandProfile,A_Calibrated_BAU,GLOBAL,,ELCMDVXX03,,,2035,S4D1,,,,,0.034443
SpecifiedDemandProfile,A_Calibrated_BAU,GLOBAL,,ELCMDVXX03,,,2036,S4D1,,,,,0.034443
SpecifiedDemandProfile,A_Calibrated_BAU,GLOBAL,,ELCMDVXX03,,,2037,S4D1,,,,,0.034443
SpecifiedDemandProfile,A_Calibrated_BAU,GLOBAL,,ELCMDVXX03,,,2038,S4D1,,,,,0.034443
SpecifiedDemandProfile,A_Calibrated_BAU,GLOBAL,,ELCMDVXX03,,,2039,S4D1,,,,,0.034443
SpecifiedDemandProfile,A_Calibrated_BAU,GLOBAL,,ELCMDVXX03,,,2040,S4D1,,,,,0.034443
SpecifiedDemandProfile,A_Calibrated_BAU,GLOBAL,,ELCMDVXX03,,,2041,S4D1,,,,,0.034443
SpecifiedDemandProfile,A_Calibrated_BAU,GLOBAL,,ELCMDVXX03,,,2042,S4D1,,,,,0.034443
SpecifiedDemandProfile,A_Calibrated_BAU,GLOBAL,,ELCMDVXX03,,,2043,S4D1,,,,,0.034443
SpecifiedDemandProfile,A_Calibrated_BAU,GLOBAL,,ELCMDVXX03,,,2044,S4D1,,,,,0.034443
SpecifiedDemandProfile,A_Calibrated_BAU,GLOBAL,,ELCMDVXX03,,,2045,S4D1,,,,,0.034443
SpecifiedDemandProfile,A_Calibrated_BAU,GLOBAL,,ELCMDVXX03,,,2046,S4D1,,,,,0.034443
SpecifiedDemandProfile,A_Calibrated_BAU,GLOBAL,,ELCMDVXX03,,,2047,S4D1,,,,,0.034443
SpecifiedDemandProfile,A_Calibrated_BAU,GLOBAL,,ELCMDVXX03,,,2048,S4D1,,,,,0.034443
SpecifiedDemandProfile,A_Calibrated_BAU,GLOBAL,,ELCMDVXX03,,,2049,S4D1,,,,,0.034443
SpecifiedDemandProfile,A_Calibrated_BAU,GLOBAL,,ELCMDVXX03,,,2050,S4D1,,,,,0.034443
SpecifiedDemandProfile,A_Calibrated_BAU,GLOBAL,,ELCMDVXX03,,,2023,S4D2,,,,,0.079368
SpecifiedDemandProfile,A_Calibrated_BAU,GLOBAL,,ELCMDVXX03,,,2024,S4D2,,,,,0.079368
SpecifiedDemandProfile,A_Calibrated_BAU,GLOBAL,,ELCMDVXX03,,,2025,S4D2,,,,,0.079368
SpecifiedDemandProfile,A_Calibrated_BAU,GLOBAL,,ELCMDVXX03,,,2026,S4D2,,,,,0.079368
SpecifiedDemandProfile,A_Calibrated_BAU,GLOBAL,,ELCMDVXX03,,,2027,S4D2,,,,,0.079368
SpecifiedDemandProfile,A_Calibrated_BAU,GLOBAL,,ELCMDVXX03,,,2028,S4D2,,,,,0.079368
SpecifiedDemandProfile,A_Calibrated_BAU,GLOBAL,,ELCMDVXX03,,,2029,S4D2,,,,,0.079368
SpecifiedDemandProfile,A_Calibrated_BAU,GLOBAL,,ELCMDVXX03,,,2030,S4D2,,,,,0.079368
SpecifiedDemandProfile,A_Calibrated_BAU,GLOBAL,,ELCMDVXX03,,,2031,S4D2,,,,,0.079368
SpecifiedDemandProfile,A_Calibrated_BAU,GLOBAL,,ELCMDVXX03,,,2032,S4D2,,,,,0.079368
SpecifiedDemandProfile,A_Calibrated_BAU,GLOBAL,,ELCMDVXX03,,,2033,S4D2,,,,,0.079368
SpecifiedDemandProfile,A_Calibrated_BAU,GLOBAL,,ELCMDVXX03,,,2034,S4D2,,,,,0.079368
SpecifiedDemandProfile,A_Calibrated_BAU,GLOBAL,,ELCMDVXX03,,,2035,S4D2,,,,,0.079368
SpecifiedDemandProfile,A_Calibrated_BAU,GLOBAL,,ELCMDVXX03,,,2036,S4D2,,,,,0.079368
SpecifiedDemandProfile,A_Calibrated_BAU,GLOBAL,,ELCMDVXX03,,,2037,S4D2,,,,,0.079368
SpecifiedDemandProfile,A_Calibrated_BAU,GLOBAL,,ELCMDVXX03,,,2038,S4D2,,,,,0.079368
SpecifiedDemandProfile,A_Calibrated_BAU,GLOBAL,,ELCMDVXX03,,,2039,S4D2,,,,,0.079368
SpecifiedDemandProfile,A_Calibrated_BAU,GLOBAL,,ELCMDVXX03,,,2040,S4D2,,,,,0.079368
SpecifiedDemandProfile,A_Calibrated_BAU,GLOBAL,,ELCMDVXX03,,,2041,S4D2,,,,,0.079368
SpecifiedDemandProfile,A_Calibrated_BAU,GLOBAL,,ELCMDVXX03,,,2042,S4D2,,,,,0.079368
SpecifiedDemandProfile,A_Calibrated_BAU,GLOBAL,,ELCMDVXX03,,,2043,S4D2,,,,,0.079368
SpecifiedDemandProfile,A_Calibrated_BAU,GLOBAL,,ELCMDVXX03,,,2044,S4D2,,,,,0.079368
SpecifiedDemandProfile,A_Calibrated_BAU,GLOBAL,,ELCMDVXX03,,,2045,S4D2,,,,,0.079368
SpecifiedDemandProfile,A_Calibrated_BAU,GLOBAL,,ELCMDVXX03,,,2046,S4D2,,,,,0.079368
SpecifiedDemandProfile,A_Calibrated_BAU,GLOBAL,,ELCMDVXX03,,,2047,S4D2,,,,,0.079368
SpecifiedDemandProfile,A_Calibrated_BAU,GLOBAL,,ELCMDVXX03,,,2048,S4D2,,,,,0.079368
SpecifiedDemandProfile,A_Calibrated_BAU,GLOBAL,,ELCMDVXX03,,,2049,S4D2,,,,,0.079368
SpecifiedDemandProfile,A_Calibrated_BAU,GLOBAL,,ELCMDVXX03,,,2050,S4D2,,,,,0.079368
SpecifiedDemandProfile,A_Calibrated_BAU,GLOBAL,,ELCMDVXX03,,,2023,S4D3,,,,,0.022795
SpecifiedDemandProfile,A_Calibrated_BAU,GLOBAL,,ELCMDVXX03,,,2024,S4D3,,,,,0.022795
SpecifiedDemandProfile,A_Calibrated_BAU,GLOBAL,,ELCMDVXX03,,,2025,S4D3,,,,,0.022795
SpecifiedDemandProfile,A_Calibrated_BAU,GLOBAL,,ELCMDVXX03,,,2026,S4D3,,,,,0.022795
SpecifiedDemandProfile,A_Calibrated_BAU,GLOBAL,,ELCMDVXX03,,,2027,S4D3,,,,,0.022795
SpecifiedDemandProfile,A_Calibrated_BAU,GLOBAL,,ELCMDVXX03,,,2028,S4D3,,,,,0.022795
SpecifiedDemandProfile,A_Calibrated_BAU,GLOBAL,,ELCMDVXX03,,,2029,S4D3,,,,,0.022795
SpecifiedDemandProfile,A_Calibrated_BAU,GLOBAL,,ELCMDVXX03,,,2030,S4D3,,,,,0.022795
SpecifiedDemandProfile,A_Calibrated_BAU,GLOBAL,,ELCMDVXX03,,,2031,S4D3,,,,,0.022795
SpecifiedDemandProfile,A_Calibrated_BAU,GLOBAL,,ELCMDVXX03,,,2032,S4D3,,,,,0.022795
SpecifiedDemandProfile,A_Calibrated_BAU,GLOBAL,,ELCMDVXX03,,,2033,S4D3,,,,,0.022795
SpecifiedDemandProfile,A_Calibrated_BAU,GLOBAL,,ELCMDVXX03,,,2034,S4D3,,,,,0.022795
SpecifiedDemandProfile,A_Calibrated_BAU,GLOBAL,,ELCMDVXX03,,,2035,S4D3,,,,,0.022795
SpecifiedDemandProfile,A_Calibrated_BAU,GLOBAL,,ELCMDVXX03,,,2036,S4D3,,,,,0.022795
SpecifiedDemandProfile,A_Calibrated_BAU,GLOBAL,,ELCMDVXX03,,,2037,S4D3,,,,,0.022795
SpecifiedDemandProfile,A_Calibrated_BAU,GLOBAL,,ELCMDVXX03,,,2038,S4D3,,,,,0.022795
SpecifiedDemandProfile,A_Calibrated_BAU,GLOBAL,,ELCMDVXX03,,,2039,S4D3,,,,,0.022795
SpecifiedDemandProfile,A_Calibrated_BAU,GLOBAL,,ELCMDVXX03,,,2040,S4D3,,,,,0.022795
SpecifiedDemandProfile,A_Calibrated_BAU,GLOBAL,,ELCMDVXX03,,,2041,S4D3,,,,,0.022795
SpecifiedDemandProfile,A_Calibrated_BAU,GLOBAL,,ELCMDVXX03,,,2042,S4D3,,,,,0.022795
SpecifiedDemandProfile,A_Calibrated_BAU,GLOBAL,,ELCMDVXX03,,,2043,S4D3,,,,,0.022795
SpecifiedDemandProfile,A_Calibrated_BAU,GLOBAL,,ELCMDVXX03,,,2044,S4D3,,,,,0.022795
SpecifiedDemandProfile,A_Calibrated_BAU,GLOBAL,,ELCMDVXX03,,,2045,S4D3,,,,,0.022795
SpecifiedDemandProfile,A_Calibrated_BAU,GLOBAL,,ELCMDVXX03,,,2046,S4D3,,,,,0.022795
SpecifiedDemandProfile,A_Calibrated_BAU,GLOBAL,,ELCMDVXX03,,,2047,S4D3,,,,,0.022795
SpecifiedDemandProfile,A_Calibrated_BAU,GLOBAL,,ELCMDVXX03,,,2048,S4D3,,,,,0.022795
SpecifiedDemandProfile,A_Calibrated_BAU,GLOBAL,,ELCMDVXX03,,,2049,S4D3,,,,,0.022795
SpecifiedDemandProfile,A_Calibrated_BAU,GLOBAL,,ELCMDVXX03,,,2050,S4D3,,,,,0.022795
SpecifiedDemandProfile,A_Calibrated_BAU,GLOBAL,,ELCMDVXX03,,,2023,S4D4,,,,,0.014975
SpecifiedDemandProfile,A_Calibrated_BAU,GLOBAL,,ELCMDVXX03,,,2024,S4D4,,,,,0.014975
SpecifiedDemandProfile,A_Calibrated_BAU,GLOBAL,,ELCMDVXX03,,,2025,S4D4,,,,,0.014975
SpecifiedDemandProfile,A_Calibrated_BAU,GLOBAL,,ELCMDVXX03,,,2026,S4D4,,,,,0.014975
SpecifiedDemandProfile,A_Calibrated_BAU,GLOBAL,,ELCMDVXX03,,,2027,S4D4,,,,,0.014975
SpecifiedDemandProfile,A_Calibrated_BAU,GLOBAL,,ELCMDVXX03,,,2028,S4D4,,,,,0.014975
SpecifiedDemandProfile,A_Calibrated_BAU,GLOBAL,,ELCMDVXX03,,,2029,S4D4,,,,,0.014975
SpecifiedDemandProfile,A_Calibrated_BAU,GLOBAL,,ELCMDVXX03,,,2030,S4D4,,,,,0.014975
SpecifiedDemandProfile,A_Calibrated_BAU,GLOBAL,,ELCMDVXX03,,,2031,S4D4,,,,,0.014975
SpecifiedDemandProfile,A_Calibrated_BAU,GLOBAL,,ELCMDVXX03,,,2032,S4D4,,,,,0.014975
SpecifiedDemandProfile,A_Calibrated_BAU,GLOBAL,,ELCMDVXX03,,,2033,S4D4,,,,,0.014975
SpecifiedDemandProfile,A_Calibrated_BAU,GLOBAL,,ELCMDVXX03,,,2034,S4D4,,,,,0.014975
SpecifiedDemandProfile,A_Calibrated_BAU,GLOBAL,,ELCMDVXX03,,,2035,S4D4,,,,,0.014975
SpecifiedDemandProfile,A_Calibrated_BAU,GLOBAL,,ELCMDVXX03,,,2036,S4D4,,,,,0.014975
SpecifiedDemandProfile,A_Calibrated_BAU,GLOBAL,,ELCMDVXX03,,,2037,S4D4,,,,,0.014975
SpecifiedDemandProfile,A_Calibrated_BAU,GLOBAL,,ELCMDVXX03,,,2038,S4D4,,,,,0.014975
SpecifiedDemandProfile,A_Calibrated_BAU,GLOBAL,,ELCMDVXX03,,,2039,S4D4,,,,,0.014975
SpecifiedDemandProfile,A_Calibrated_BAU,GLOBAL,,ELCMDVXX03,,,2040,S4D4,,,,,0.014975
SpecifiedDemandProfile,A_Calibrated_BAU,GLOBAL,,ELCMDVXX03,,,2041,S4D4,,,,,0.014975
SpecifiedDemandProfile,A_Calibrated_BAU,GLOBAL,,ELCMDVXX03,,,2042,S4D4,,,,,0.014975
SpecifiedDemandProfile,A_Calibrated_BAU,GLOBAL,,ELCMDVXX03,,,2043,S4D4,,,,,0.014975
SpecifiedDemandProfile,A_Calibrated_BAU,GLOBAL,,ELCMDVXX03,,,2044,S4D4,,,,,0.014975
SpecifiedDemandProfile,A_Calibrated_BAU,GLOBAL,,ELCMDVXX03,,,2045,S4D4,,,,,0.014975
SpecifiedDemandProfile,A_Calibrated_BAU,GLOBAL,,ELCMDVXX03,,,2046,S4D4,,,,,0.014975
SpecifiedDemandProfile,A_Calibrated_BAU,GLOBAL,,ELCMDVXX03,,,2047,S4D4,,,,,0.014975
SpecifiedDemandProfile,A_Calibrated_BAU,GLOBAL,,ELCMDVXX03,,,2048,S4D4,,,,,0.014975
SpecifiedDemandProfile,A_Calibrated_BAU,GLOBAL,,ELCMDVXX03,,,2049,S4D4,,,,,0.014975
SpecifiedDemandProfile,A_Calibrated_BAU,GLOBAL,,ELCMDVXX03,,,2050,S4D4,,,,,0.014975
SpecifiedDemandProfile,A_Calibrated_BAU,GLOBAL,,ELCMDVXX03,,,2023,S4D5,,,,,0.014809
SpecifiedDemandProfile,A_Calibrated_BAU,GLOBAL,,ELCMDVXX03,,,2024,S4D5,,,,,0.014809
SpecifiedDemandProfile,A_Calibrated_BAU,GLOBAL,,ELCMDVXX03,,,2025,S4D5,,,,,0.014809
SpecifiedDemandProfile,A_Calibrated_BAU,GLOBAL,,ELCMDVXX03,,,2026,S4D5,,,,,0.014809
SpecifiedDemandProfile,A_Calibrated_BAU,GLOBAL,,ELCMDVXX03,,,2027,S4D5,,,,,0.014809
SpecifiedDemandProfile,A_Calibrated_BAU,GLOBAL,,ELCMDVXX03,,,2028,S4D5,,,,,0.014809
SpecifiedDemandProfile,A_Calibrated_BAU,GLOBAL,,ELCMDVXX03,,,2029,S4D5,,,,,0.014809
SpecifiedDemandProfile,A_Calibrated_BAU,GLOBAL,,ELCMDVXX03,,,2030,S4D5,,,,,0.014809
SpecifiedDemandProfile,A_Calibrated_BAU,GLOBAL,,ELCMDVXX03,,,2031,S4D5,,,,,0.014809
SpecifiedDemandProfile,A_Calibrated_BAU,GLOBAL,,ELCMDVXX03,,,2032,S4D5,,,,,0.014809
SpecifiedDemandProfile,A_Calibrated_BAU,GLOBAL,,ELCMDVXX03,,,2033,S4D5,,,,,0.014809
SpecifiedDemandProfile,A_Calibrated_BAU,GLOBAL,,ELCMDVXX03,,,2034,S4D5,,,,,0.014809
SpecifiedDemandProfile,A_Calibrated_BAU,GLOBAL,,ELCMDVXX03,,,2035,S4D5,,,,,0.014809
SpecifiedDemandProfile,A_Calibrated_BAU,GLOBAL,,ELCMDVXX03,,,2036,S4D5,,,,,0.014809
SpecifiedDemandProfile,A_Calibrated_BAU,GLOBAL,,ELCMDVXX03,,,2037,S4D5,,,,,0.014809
SpecifiedDemandProfile,A_Calibrated_BAU,GLOBAL,,ELCMDVXX03,,,2038,S4D5,,,,,0.014809
SpecifiedDemandProfile,A_Calibrated_BAU,GLOBAL,,ELCMDVXX03,,,2039,S4D5,,,,,0.014809
SpecifiedDemandProfile,A_Calibrated_BAU,GLOBAL,,ELCMDVXX03,,,2040,S4D5,,,,,0.014809
SpecifiedDemandProfile,A_Calibrated_BAU,GLOBAL,,ELCMDVXX03,,,2041,S4D5,,,,,0.014809
SpecifiedDemandProfile,A_Calibrated_BAU,GLOBAL,,ELCMDVXX03,,,2042,S4D5,,,,,0.014809
SpecifiedDemandProfile,A_Calibrated_BAU,GLOBAL,,ELCMDVXX03,,,2043,S4D5,,,,,0.014809
SpecifiedDemandProfile,A_Calibrated_BAU,GLOBAL,,ELCMDVXX03,,,2044,S4D5,,,,,0.014809
SpecifiedDemandProfile,A_Calibrated_BAU,GLOBAL,,ELCMDVXX03,,,2045,S4D5,,,,,0.014809
SpecifiedDemandProfile,A_Calibrated_BAU,GLOBAL,,ELCMDVXX03,,,2046,S4D5,,,,,0.014809
SpecifiedDemandProfile,A_Calibrated_BAU,GLOBAL,,ELCMDVXX03,,,2047,S4D5,,,,,0.014809
SpecifiedDemandProfile,A_Calibrated_BAU,GLOBAL,,ELCMDVXX03,,,2048,S4D5,,,,,0.014809
SpecifiedDemandProfile,A_Calibrated_BAU,GLOBAL,,ELCMDVXX03,,,2049,S4D5,,,,,0.014809
SpecifiedDemandProfile,A_Calibrated_BAU,GLOBAL,,ELCMDVXX03,,,2050,S4D5,,,,,0.014809
