REGION,TECHNOLOGY,MODE_OF_OPERATION,YEAR,VALUE
GLOBAL,MINCOABGD,1,2023,6.9
GLOBAL,MINCOABGD,1,2024,5.6
GLOBAL,MINCOABGD,1,2025,4.3
GLOBAL,MINCOABGD,1,2026,4.28
GLOBAL,MINCOABGD,1,2027,4.26
GLOBAL,MINCOABGD,1,2028,4.24
GLOBAL,MINCOABGD,1,2029,4.22
GLOBAL,MINCOABGD,1,2030,4.2
GLOBAL,MINCOABGD,1,2031,4.2
GLOBAL,MINCOABGD,1,2032,4.2
GLOBAL,MINCOABGD,1,2033,4.2
GLOBAL,MINCOABGD,1,2034,4.2
GLOBAL,MINCOABGD,1,2035,4.2
GLOBAL,MINCOABGD,1,2036,4.2
GLOBAL,MINCOABGD,1,2037,4.2
GLOBAL,MINCOABGD,1,2038,4.2
GLOBAL,MINCOABGD,1,2039,4.2
GLOBAL,MINCOABGD,1,2040,4.2
GLOBAL,MINCOABGD,1,2041,4.2
GLOBAL,MINCOABGD,1,2042,4.2
GLOBAL,MINCOABGD,1,2043,4.2
GLOBAL,MINCOABGD,1,2044,4.2
GLOBAL,MINCOABGD,1,2045,4.2
GLOBAL,MINCOABGD,1,2046,4.2
GLOBAL,MINCOABGD,1,2047,4.2
GLOBAL,MINCOABGD,1,2048,4.2
GLOBAL,MINCOABGD,1,2049,4.2
GLOBAL,MINCOABGD,1,2050,4.2
GLOBAL,MINCOABTN,1,2023,6.9
GLOBAL,MINCOABTN,1,2024,5.6
GLOBAL,MINCOABTN,1,2025,4.3
GLOBAL,MINCOABTN,1,2026,4.208
GLOBAL,MINCOABTN,1,2027,4.116
GLOBAL,MINCOABTN,1,2028,4.024
GLOBAL,MINCOABTN,1,2029,3.932
GLOBAL,MINCOABTN,1,2030,3.84
GLOBAL,MINCOABTN,1,2031,3.856
GLOBAL,MINCOABTN,1,2032,3.872
GLOBAL,MINCOABTN,1,2033,3.888
GLOBAL,MINCOABTN,1,2034,3.904
GLOBAL,MINCOABTN,1,2035,3.92
GLOBAL,MINCOABTN,1,2036,3.936
GLOBAL,MINCOABTN,1,2037,3.952
GLOBAL,MINCOABTN,1,2038,3.968
GLOBAL,MINCOABTN,1,2039,3.984
GLOBAL,MINCOABTN,1,2040,4.0
GLOBAL,MINCOABTN,1,2041,4.0
GLOBAL,MINCOABTN,1,2042,4.0
GLOBAL,MINCOABTN,1,2043,4.0
GLOBAL,MINCOABTN,1,2044,4.0
GLOBAL,MINCOABTN,1,2045,4.0
GLOBAL,MINCOABTN,1,2046,4.0
GLOBAL,MINCOABTN,1,2047,4.0
GLOBAL,MINCOABTN,1,2048,4.0
GLOBAL,MINCOABTN,1,2049,4.0
GLOBAL,MINCOABTN,1,2050,4.0
GLOBAL,MINCOAIND,1,2023,2.2
GLOBAL,MINCOAIND,1,2024,2.2
GLOBAL,MINCOAIND,1,2025,2.2
GLOBAL,MINCOAIND,1,2026,2.22
GLOBAL,MINCOAIND,1,2027,2.24
GLOBAL,MINCOAIND,1,2028,2.26
GLOBAL,MINCOAIND,1,2029,2.28
GLOBAL,MINCOAIND,1,2030,2.3
GLOBAL,MINCOAIND,1,2031,2.3
GLOBAL,MINCOAIND,1,2032,2.3
GLOBAL,MINCOAIND,1,2033,2.3
GLOBAL,MINCOAIND,1,2034,2.3
GLOBAL,MINCOAIND,1,2035,2.3
GLOBAL,MINCOAIND,1,2036,2.32
GLOBAL,MINCOAIND,1,2037,2.34
GLOBAL,MINCOAIND,1,2038,2.36
GLOBAL,MINCOAIND,1,2039,2.38
GLOBAL,MINCOAIND,1,2040,2.4
GLOBAL,MINCOAIND,1,2041,2.4
GLOBAL,MINCOAIND,1,2042,2.4
GLOBAL,MINCOAIND,1,2043,2.4
GLOBAL,MINCOAIND,1,2044,2.4
GLOBAL,MINCOAIND,1,2045,2.4
GLOBAL,MINCOAIND,1,2046,2.42
GLOBAL,MINCOAIND,1,2047,2.44
GLOBAL,MINCOAIND,1,2048,2.46
GLOBAL,MINCOAIND,1,2049,2.48
GLOBAL,MINCOAIND,1,2050,2.5
GLOBAL,MINCOAINT,1,2023,7.664
GLOBAL,MINCOAINT,1,2024,7.664
GLOBAL,MINCOAINT,1,2025,7.664
GLOBAL,MINCOAINT,1,2026,7.664
GLOBAL,MINCOAINT,1,2027,7.664
GLOBAL,MINCOAINT,1,2028,7.664
GLOBAL,MINCOAINT,1,2029,7.664
GLOBAL,MINCOAINT,1,2030,7.664
GLOBAL,MINCOAINT,1,2031,7.664
GLOBAL,MINCOAINT,1,2032,7.664
GLOBAL,MINCOAINT,1,2033,7.664
GLOBAL,MINCOAINT,1,2034,7.664
GLOBAL,MINCOAINT,1,2035,7.664
GLOBAL,MINCOAINT,1,2036,7.664
GLOBAL,MINCOAINT,1,2037,7.664
GLOBAL,MINCOAINT,1,2038,7.664
GLOBAL,MINCOAINT,1,2039,7.664
GLOBAL,MINCOAINT,1,2040,7.664
GLOBAL,MINCOAINT,1,2041,7.664
GLOBAL,MINCOAINT,1,2042,7.664
GLOBAL,MINCOAINT,1,2043,7.664
GLOBAL,MINCOAINT,1,2044,7.664
GLOBAL,MINCOAINT,1,2045,7.664
GLOBAL,MINCOAINT,1,2046,7.664
GLOBAL,MINCOAINT,1,2047,7.664
GLOBAL,MINCOAINT,1,2048,7.664
GLOBAL,MINCOAINT,1,2049,7.664
GLOBAL,MINCOAINT,1,2050,7.664
GLOBAL,MINCOALKA,1,2023,6.9
GLOBAL,MINCOALKA,1,2024,5.6
GLOBAL,MINCOALKA,1,2025,4.3
GLOBAL,MINCOALKA,1,2026,4.208
GLOBAL,MINCOALKA,1,2027,4.116
GLOBAL,MINCOALKA,1,2028,4.024
GLOBAL,MINCOALKA,1,2029,3.932
GLOBAL,MINCOALKA,1,2030,3.84
GLOBAL,MINCOALKA,1,2031,3.856
GLOBAL,MINCOALKA,1,2032,3.872
GLOBAL,MINCOALKA,1,2033,3.888
GLOBAL,MINCOALKA,1,2034,3.904
GLOBAL,MINCOALKA,1,2035,3.92
GLOBAL,MINCOALKA,1,2036,3.936
GLOBAL,MINCOALKA,1,2037,3.952
GLOBAL,MINCOALKA,1,2038,3.968
GLOBAL,MINCOALKA,1,2039,3.984
GLOBAL,MINCOALKA,1,2040,4.0
GLOBAL,MINCOALKA,1,2041,4.0
GLOBAL,MINCOALKA,1,2042,4.0
GLOBAL,MINCOALKA,1,2043,4.0
GLOBAL,MINCOALKA,1,2044,4.0
GLOBAL,MINCOALKA,1,2045,4.0
GLOBAL,MINCOALKA,1,2046,4.0
GLOBAL,MINCOALKA,1,2047,4.0
GLOBAL,MINCOALKA,1,2048,4.0
GLOBAL,MINCOALKA,1,2049,4.0
GLOBAL,MINCOALKA,1,2050,4.0
GLOBAL,MINCOAMDV,1,2023,6.9
GLOBAL,MINCOAMDV,1,2024,5.6
GLOBAL,MINCOAMDV,1,2025,4.3
GLOBAL,MINCOAMDV,1,2026,4.208
GLOBAL,MINCOAMDV,1,2027,4.116
GLOBAL,MINCOAMDV,1,2028,4.024
GLOBAL,MINCOAMDV,1,2029,3.932
GLOBAL,MINCOAMDV,1,2030,3.84
GLOBAL,MINCOAMDV,1,2031,3.856
GLOBAL,MINCOAMDV,1,2032,3.872
GLOBAL,MINCOAMDV,1,2033,3.888
GLOBAL,MINCOAMDV,1,2034,3.904
GLOBAL,MINCOAMDV,1,2035,3.92
GLOBAL,MINCOAMDV,1,2036,3.936
GLOBAL,MINCOAMDV,1,2037,3.952
GLOBAL,MINCOAMDV,1,2038,3.968
GLOBAL,MINCOAMDV,1,2039,3.984
GLOBAL,MINCOAMDV,1,2040,4.0
GLOBAL,MINCOAMDV,1,2041,4.0
GLOBAL,MINCOAMDV,1,2042,4.0
GLOBAL,MINCOAMDV,1,2043,4.0
GLOBAL,MINCOAMDV,1,2044,4.0
GLOBAL,MINCOAMDV,1,2045,4.0
GLOBAL,MINCOAMDV,1,2046,4.0
GLOBAL,MINCOAMDV,1,2047,4.0
GLOBAL,MINCOAMDV,1,2048,4.0
GLOBAL,MINCOAMDV,1,2049,4.0
GLOBAL,MINCOAMDV,1,2050,4.0
GLOBAL,MINCOANPL,1,2023,6.9
GLOBAL,MINCOANPL,1,2024,5.6
GLOBAL,MINCOANPL,1,2025,4.3
GLOBAL,MINCOANPL,1,2026,4.208
GLOBAL,MINCOANPL,1,2027,4.116
GLOBAL,MINCOANPL,1,2028,4.024
GLOBAL,MINCOANPL,1,2029,3.932
GLOBAL,MINCOANPL,1,2030,3.84
GLOBAL,MINCOANPL,1,2031,3.856
GLOBAL,MINCOANPL,1,2032,3.872
GLOBAL,MINCOANPL,1,2033,3.888
GLOBAL,MINCOANPL,1,2034,3.904
GLOBAL,MINCOANPL,1,2035,3.92
GLOBAL,MINCOANPL,1,2036,3.936
GLOBAL,MINCOANPL,1,2037,3.952
GLOBAL,MINCOANPL,1,2038,3.968
GLOBAL,MINCOANPL,1,2039,3.984
GLOBAL,MINCOANPL,1,2040,4.0
GLOBAL,MINCOANPL,1,2041,4.0
GLOBAL,MINCOANPL,1,2042,4.0
GLOBAL,MINCOANPL,1,2043,4.0
GLOBAL,MINCOANPL,1,2044,4.0
GLOBAL,MINCOANPL,1,2045,4.0
GLOBAL,MINCOANPL,1,2046,4.0
GLOBAL,MINCOANPL,1,2047,4.0
GLOBAL,MINCOANPL,1,2048,4.0
GLOBAL,MINCOANPL,1,2049,4.0
GLOBAL,MINCOANPL,1,2050,4.0
GLOBAL,MINCOGBGD,1,2023,9.478
GLOBAL,MINCOGBGD,1,2024,9.478
GLOBAL,MINCOGBGD,1,2025,9.478
GLOBAL,MINCOGBGD,1,2026,9.478
GLOBAL,MINCOGBGD,1,2027,9.478
GLOBAL,MINCOGBGD,1,2028,9.478
GLOBAL,MINCOGBGD,1,2029,9.478
GLOBAL,MINCOGBGD,1,2030,9.478
GLOBAL,MINCOGBGD,1,2031,9.478
GLOBAL,MINCOGBGD,1,2032,9.478
GLOBAL,MINCOGBGD,1,2033,9.478
GLOBAL,MINCOGBGD,1,2034,9.478
GLOBAL,MINCOGBGD,1,2035,9.478
GLOBAL,MINCOGBGD,1,2036,9.478
GLOBAL,MINCOGBGD,1,2037,9.478
GLOBAL,MINCOGBGD,1,2038,9.478
GLOBAL,MINCOGBGD,1,2039,9.478
GLOBAL,MINCOGBGD,1,2040,9.478
GLOBAL,MINCOGBGD,1,2041,9.478
GLOBAL,MINCOGBGD,1,2042,9.478
GLOBAL,MINCOGBGD,1,2043,9.478
GLOBAL,MINCOGBGD,1,2044,9.478
GLOBAL,MINCOGBGD,1,2045,9.478
GLOBAL,MINCOGBGD,1,2046,9.478
GLOBAL,MINCOGBGD,1,2047,9.478
GLOBAL,MINCOGBGD,1,2048,9.478
GLOBAL,MINCOGBGD,1,2049,9.478
GLOBAL,MINCOGBGD,1,2050,9.478
GLOBAL,MINCOGBTN,1,2023,9.478
GLOBAL,MINCOGBTN,1,2024,9.478
GLOBAL,MINCOGBTN,1,2025,9.478
GLOBAL,MINCOGBTN,1,2026,9.478
GLOBAL,MINCOGBTN,1,2027,9.478
GLOBAL,MINCOGBTN,1,2028,9.478
GLOBAL,MINCOGBTN,1,2029,9.478
GLOBAL,MINCOGBTN,1,2030,9.478
GLOBAL,MINCOGBTN,1,2031,9.478
GLOBAL,MINCOGBTN,1,2032,9.478
GLOBAL,MINCOGBTN,1,2033,9.478
GLOBAL,MINCOGBTN,1,2034,9.478
GLOBAL,MINCOGBTN,1,2035,9.478
GLOBAL,MINCOGBTN,1,2036,9.478
GLOBAL,MINCOGBTN,1,2037,9.478
GLOBAL,MINCOGBTN,1,2038,9.478
GLOBAL,MINCOGBTN,1,2039,9.478
GLOBAL,MINCOGBTN,1,2040,9.478
GLOBAL,MINCOGBTN,1,2041,9.478
GLOBAL,MINCOGBTN,1,2042,9.478
GLOBAL,MINCOGBTN,1,2043,9.478
GLOBAL,MINCOGBTN,1,2044,9.478
GLOBAL,MINCOGBTN,1,2045,9.478
GLOBAL,MINCOGBTN,1,2046,9.478
GLOBAL,MINCOGBTN,1,2047,9.478
GLOBAL,MINCOGBTN,1,2048,9.478
GLOBAL,MINCOGBTN,1,2049,9.478
GLOBAL,MINCOGBTN,1,2050,9.478
GLOBAL,MINCOGIND,1,2023,9.478
GLOBAL,MINCOGIND,1,2024,9.478
GLOBAL,MINCOGIND,1,2025,9.478
GLOBAL,MINCOGIND,1,2026,9.478
GLOBAL,MINCOGIND,1,2027,9.478
GLOBAL,MINCOGIND,1,2028,9.478
GLOBAL,MINCOGIND,1,2029,9.478
GLOBAL,MINCOGIND,1,2030,9.478
GLOBAL,MINCOGIND,1,2031,9.478
GLOBAL,MINCOGIND,1,2032,9.478
GLOBAL,MINCOGIND,1,2033,9.478
GLOBAL,MINCOGIND,1,2034,9.478
GLOBAL,MINCOGIND,1,2035,9.478
GLOBAL,MINCOGIND,1,2036,9.478
GLOBAL,MINCOGIND,1,2037,9.478
GLOBAL,MINCOGIND,1,2038,9.478
GLOBAL,MINCOGIND,1,2039,9.478
GLOBAL,MINCOGIND,1,2040,9.478
GLOBAL,MINCOGIND,1,2041,9.478
GLOBAL,MINCOGIND,1,2042,9.478
GLOBAL,MINCOGIND,1,2043,9.478
GLOBAL,MINCOGIND,1,2044,9.478
GLOBAL,MINCOGIND,1,2045,9.478
GLOBAL,MINCOGIND,1,2046,9.478
GLOBAL,MINCOGIND,1,2047,9.478
GLOBAL,MINCOGIND,1,2048,9.478
GLOBAL,MINCOGIND,1,2049,9.478
GLOBAL,MINCOGIND,1,2050,9.478
GLOBAL,MINCOGINT,1,2023,12.322
GLOBAL,MINCOGINT,1,2024,12.322
GLOBAL,MINCOGINT,1,2025,12.322
GLOBAL,MINCOGINT,1,2026,12.322
GLOBAL,MINCOGINT,1,2027,12.322
GLOBAL,MINCOGINT,1,2028,12.322
GLOBAL,MINCOGINT,1,2029,12.322
GLOBAL,MINCOGINT,1,2030,12.322
GLOBAL,MINCOGINT,1,2031,12.322
GLOBAL,MINCOGINT,1,2032,12.322
GLOBAL,MINCOGINT,1,2033,12.322
GLOBAL,MINCOGINT,1,2034,12.322
GLOBAL,MINCOGINT,1,2035,12.322
GLOBAL,MINCOGINT,1,2036,12.322
GLOBAL,MINCOGINT,1,2037,12.322
GLOBAL,MINCOGINT,1,2038,12.322
GLOBAL,MINCOGINT,1,2039,12.322
GLOBAL,MINCOGINT,1,2040,12.322
GLOBAL,MINCOGINT,1,2041,12.322
GLOBAL,MINCOGINT,1,2042,12.322
GLOBAL,MINCOGINT,1,2043,12.322
GLOBAL,MINCOGINT,1,2044,12.322
GLOBAL,MINCOGINT,1,2045,12.322
GLOBAL,MINCOGINT,1,2046,12.322
GLOBAL,MINCOGINT,1,2047,12.322
GLOBAL,MINCOGINT,1,2048,12.322
GLOBAL,MINCOGINT,1,2049,12.322
GLOBAL,MINCOGINT,1,2050,12.322
GLOBAL,MINCOGLKA,1,2023,9.478
GLOBAL,MINCOGLKA,1,2024,9.478
GLOBAL,MINCOGLKA,1,2025,9.478
GLOBAL,MINCOGLKA,1,2026,9.478
GLOBAL,MINCOGLKA,1,2027,9.478
GLOBAL,MINCOGLKA,1,2028,9.478
GLOBAL,MINCOGLKA,1,2029,9.478
GLOBAL,MINCOGLKA,1,2030,9.478
GLOBAL,MINCOGLKA,1,2031,9.478
GLOBAL,MINCOGLKA,1,2032,9.478
GLOBAL,MINCOGLKA,1,2033,9.478
GLOBAL,MINCOGLKA,1,2034,9.478
GLOBAL,MINCOGLKA,1,2035,9.478
GLOBAL,MINCOGLKA,1,2036,9.478
GLOBAL,MINCOGLKA,1,2037,9.478
GLOBAL,MINCOGLKA,1,2038,9.478
GLOBAL,MINCOGLKA,1,2039,9.478
GLOBAL,MINCOGLKA,1,2040,9.478
GLOBAL,MINCOGLKA,1,2041,9.478
GLOBAL,MINCOGLKA,1,2042,9.478
GLOBAL,MINCOGLKA,1,2043,9.478
GLOBAL,MINCOGLKA,1,2044,9.478
GLOBAL,MINCOGLKA,1,2045,9.478
GLOBAL,MINCOGLKA,1,2046,9.478
GLOBAL,MINCOGLKA,1,2047,9.478
GLOBAL,MINCOGLKA,1,2048,9.478
GLOBAL,MINCOGLKA,1,2049,9.478
GLOBAL,MINCOGLKA,1,2050,9.478
GLOBAL,MINCOGMDV,1,2023,9.478
GLOBAL,MINCOGMDV,1,2024,9.478
GLOBAL,MINCOGMDV,1,2025,9.478
GLOBAL,MINCOGMDV,1,2026,9.478
GLOBAL,MINCOGMDV,1,2027,9.478
GLOBAL,MINCOGMDV,1,2028,9.478
GLOBAL,MINCOGMDV,1,2029,9.478
GLOBAL,MINCOGMDV,1,2030,9.478
GLOBAL,MINCOGMDV,1,2031,9.478
GLOBAL,MINCOGMDV,1,2032,9.478
GLOBAL,MINCOGMDV,1,2033,9.478
GLOBAL,MINCOGMDV,1,2034,9.478
GLOBAL,MINCOGMDV,1,2035,9.478
GLOBAL,MINCOGMDV,1,2036,9.478
GLOBAL,MINCOGMDV,1,2037,9.478
GLOBAL,MINCOGMDV,1,2038,9.478
GLOBAL,MINCOGMDV,1,2039,9.478
GLOBAL,MINCOGMDV,1,2040,9.478
GLOBAL,MINCOGMDV,1,2041,9.478
GLOBAL,MINCOGMDV,1,2042,9.478
GLOBAL,MINCOGMDV,1,2043,9.478
GLOBAL,MINCOGMDV,1,2044,9.478
GLOBAL,MINCOGMDV,1,2045,9.478
GLOBAL,MINCOGMDV,1,2046,9.478
GLOBAL,MINCOGMDV,1,2047,9.478
GLOBAL,MINCOGMDV,1,2048,9.478
GLOBAL,MINCOGMDV,1,2049,9.478
GLOBAL,MINCOGMDV,1,2050,9.478
GLOBAL,MINCOGNPL,1,2023,9.478
GLOBAL,MINCOGNPL,1,2024,9.478
GLOBAL,MINCOGNPL,1,2025,9.478
GLOBAL,MINCOGNPL,1,2026,9.478
GLOBAL,MINCOGNPL,1,2027,9.478
GLOBAL,MINCOGNPL,1,2028,9.478
GLOBAL,MINCOGNPL,1,2029,9.478
GLOBAL,MINCOGNPL,1,2030,9.478
GLOBAL,MINCOGNPL,1,2031,9.478
GLOBAL,MINCOGNPL,1,2032,9.478
GLOBAL,MINCOGNPL,1,2033,9.478
GLOBAL,MINCOGNPL,1,2034,9.478
GLOBAL,MINCOGNPL,1,2035,9.478
GLOBAL,MINCOGNPL,1,2036,9.478
GLOBAL,MINCOGNPL,1,2037,9.478
GLOBAL,MINCOGNPL,1,2038,9.478
GLOBAL,MINCOGNPL,1,2039,9.478
GLOBAL,MINCOGNPL,1,2040,9.478
GLOBAL,MINCOGNPL,1,2041,9.478
GLOBAL,MINCOGNPL,1,2042,9.478
GLOBAL,MINCOGNPL,1,2043,9.478
GLOBAL,MINCOGNPL,1,2044,9.478
GLOBAL,MINCOGNPL,1,2045,9.478
GLOBAL,MINCOGNPL,1,2046,9.478
GLOBAL,MINCOGNPL,1,2047,9.478
GLOBAL,MINCOGNPL,1,2048,9.478
GLOBAL,MINCOGNPL,1,2049,9.478
GLOBAL,MINCOGNPL,1,2050,9.478
GLOBAL,MINGASBGD,1,2023,5.5
GLOBAL,MINGASBGD,1,2024,5.5
GLOBAL,MINGASBGD,1,2025,5.5
GLOBAL,MINGASBGD,1,2026,5.54
GLOBAL,MINGASBGD,1,2027,5.58
GLOBAL,MINGASBGD,1,2028,5.62
GLOBAL,MINGASBGD,1,2029,5.66
GLOBAL,MINGASBGD,1,2030,5.7
GLOBAL,MINGASBGD,1,2031,5.72
GLOBAL,MINGASBGD,1,2032,5.74
GLOBAL,MINGASBGD,1,2033,5.76
GLOBAL,MINGASBGD,1,2034,5.78
GLOBAL,MINGASBGD,1,2035,5.8
GLOBAL,MINGASBGD,1,2036,5.82
GLOBAL,MINGASBGD,1,2037,5.84
GLOBAL,MINGASBGD,1,2038,5.86
GLOBAL,MINGASBGD,1,2039,5.88
GLOBAL,MINGASBGD,1,2040,5.9
GLOBAL,MINGASBGD,1,2041,5.92
GLOBAL,MINGASBGD,1,2042,5.94
GLOBAL,MINGASBGD,1,2043,5.96
GLOBAL,MINGASBGD,1,2044,5.98
GLOBAL,MINGASBGD,1,2045,6.0
GLOBAL,MINGASBGD,1,2046,6.0
GLOBAL,MINGASBGD,1,2047,6.0
GLOBAL,MINGASBGD,1,2048,6.0
GLOBAL,MINGASBGD,1,2049,6.0
GLOBAL,MINGASBGD,1,2050,6.0
GLOBAL,MINGASBTN,1,2023,13.6
GLOBAL,MINGASBTN,1,2024,12.75
GLOBAL,MINGASBTN,1,2025,11.9
GLOBAL,MINGASBTN,1,2026,11.52
GLOBAL,MINGASBTN,1,2027,11.14
GLOBAL,MINGASBTN,1,2028,10.76
GLOBAL,MINGASBTN,1,2029,10.38
GLOBAL,MINGASBTN,1,2030,10.0
GLOBAL,MINGASBTN,1,2031,10.0
GLOBAL,MINGASBTN,1,2032,10.0
GLOBAL,MINGASBTN,1,2033,10.0
GLOBAL,MINGASBTN,1,2034,10.0
GLOBAL,MINGASBTN,1,2035,10.0
GLOBAL,MINGASBTN,1,2036,10.0
GLOBAL,MINGASBTN,1,2037,10.0
GLOBAL,MINGASBTN,1,2038,10.0
GLOBAL,MINGASBTN,1,2039,10.0
GLOBAL,MINGASBTN,1,2040,10.0
GLOBAL,MINGASBTN,1,2041,10.0
GLOBAL,MINGASBTN,1,2042,10.0
GLOBAL,MINGASBTN,1,2043,10.0
GLOBAL,MINGASBTN,1,2044,10.0
GLOBAL,MINGASBTN,1,2045,10.0
GLOBAL,MINGASBTN,1,2046,10.0
GLOBAL,MINGASBTN,1,2047,10.0
GLOBAL,MINGASBTN,1,2048,10.0
GLOBAL,MINGASBTN,1,2049,10.0
GLOBAL,MINGASBTN,1,2050,10.0
GLOBAL,MINGASIND,1,2023,13.6
GLOBAL,MINGASIND,1,2024,12.75
GLOBAL,MINGASIND,1,2025,11.9
GLOBAL,MINGASIND,1,2026,11.52
GLOBAL,MINGASIND,1,2027,11.14
GLOBAL,MINGASIND,1,2028,10.76
GLOBAL,MINGASIND,1,2029,10.38
GLOBAL,MINGASIND,1,2030,10.0
GLOBAL,MINGASIND,1,2031,10.0
GLOBAL,MINGASIND,1,2032,10.0
GLOBAL,MINGASIND,1,2033,10.0
GLOBAL,MINGASIND,1,2034,10.0
GLOBAL,MINGASIND,1,2035,10.0
GLOBAL,MINGASIND,1,2036,10.0
GLOBAL,MINGASIND,1,2037,10.0
GLOBAL,MINGASIND,1,2038,10.0
GLOBAL,MINGASIND,1,2039,10.0
GLOBAL,MINGASIND,1,2040,10.0
GLOBAL,MINGASIND,1,2041,10.0
GLOBAL,MINGASIND,1,2042,10.0
GLOBAL,MINGASIND,1,2043,10.0
GLOBAL,MINGASIND,1,2044,10.0
GLOBAL,MINGASIND,1,2045,10.0
GLOBAL,MINGASIND,1,2046,10.0
GLOBAL,MINGASIND,1,2047,10.0
GLOBAL,MINGASIND,1,2048,10.0
GLOBAL,MINGASIND,1,2049,10.0
GLOBAL,MINGASIND,1,2050,10.0
GLOBAL,MINGASINT,1,2023,12.322
GLOBAL,MINGASINT,1,2024,12.322
GLOBAL,MINGASINT,1,2025,12.322
GLOBAL,MINGASINT,1,2026,12.322
GLOBAL,MINGASINT,1,2027,12.322
GLOBAL,MINGASINT,1,2028,12.322
GLOBAL,MINGASINT,1,2029,12.322
GLOBAL,MINGASINT,1,2030,12.322
GLOBAL,MINGASINT,1,2031,12.322
GLOBAL,MINGASINT,1,2032,12.322
GLOBAL,MINGASINT,1,2033,12.322
GLOBAL,MINGASINT,1,2034,12.322
GLOBAL,MINGASINT,1,2035,12.322
GLOBAL,MINGASINT,1,2036,12.322
GLOBAL,MINGASINT,1,2037,12.322
GLOBAL,MINGASINT,1,2038,12.322
GLOBAL,MINGASINT,1,2039,12.322
GLOBAL,MINGASINT,1,2040,12.322
GLOBAL,MINGASINT,1,2041,12.322
GLOBAL,MINGASINT,1,2042,12.322
GLOBAL,MINGASINT,1,2043,12.322
GLOBAL,MINGASINT,1,2044,12.322
GLOBAL,MINGASINT,1,2045,12.322
GLOBAL,MINGASINT,1,2046,12.322
GLOBAL,MINGASINT,1,2047,12.322
GLOBAL,MINGASINT,1,2048,12.322
GLOBAL,MINGASINT,1,2049,12.322
GLOBAL,MINGASINT,1,2050,12.322
GLOBAL,MINGASLKA,1,2023,13.6
GLOBAL,MINGASLKA,1,2024,12.75
GLOBAL,MINGASLKA,1,2025,11.9
GLOBAL,MINGASLKA,1,2026,11.52
GLOBAL,MINGASLKA,1,2027,11.14
GLOBAL,MINGASLKA,1,2028,10.76
GLOBAL,MINGASLKA,1,2029,10.38
GLOBAL,MINGASLKA,1,2030,10.0
GLOBAL,MINGASLKA,1,2031,10.0
GLOBAL,MINGASLKA,1,2032,10.0
GLOBAL,MINGASLKA,1,2033,10.0
GLOBAL,MINGASLKA,1,2034,10.0
GLOBAL,MINGASLKA,1,2035,10.0
GLOBAL,MINGASLKA,1,2036,10.0
GLOBAL,MINGASLKA,1,2037,10.0
GLOBAL,MINGASLKA,1,2038,10.0
GLOBAL,MINGASLKA,1,2039,10.0
GLOBAL,MINGASLKA,1,2040,10.0
GLOBAL,MINGASLKA,1,2041,10.0
GLOBAL,MINGASLKA,1,2042,10.0
GLOBAL,MINGASLKA,1,2043,10.0
GLOBAL,MINGASLKA,1,2044,10.0
GLOBAL,MINGASLKA,1,2045,10.0
GLOBAL,MINGASLKA,1,2046,10.0
GLOBAL,MINGASLKA,1,2047,10.0
GLOBAL,MINGASLKA,1,2048,10.0
GLOBAL,MINGASLKA,1,2049,10.0
GLOBAL,MINGASLKA,1,2050,10.0
GLOBAL,MINGASMDV,1,2023,13.6
GLOBAL,MINGASMDV,1,2024,12.75
GLOBAL,MINGASMDV,1,2025,11.9
GLOBAL,MINGASMDV,1,2026,11.52
GLOBAL,MINGASMDV,1,2027,11.14
GLOBAL,MINGASMDV,1,2028,10.76
GLOBAL,MINGASMDV,1,2029,10.38
GLOBAL,MINGASMDV,1,2030,10.0
GLOBAL,MINGASMDV,1,2031,10.0
GLOBAL,MINGASMDV,1,2032,10.0
GLOBAL,MINGASMDV,1,2033,10.0
GLOBAL,MINGASMDV,1,2034,10.0
GLOBAL,MINGASMDV,1,2035,10.0
GLOBAL,MINGASMDV,1,2036,10.0
GLOBAL,MINGASMDV,1,2037,10.0
GLOBAL,MINGASMDV,1,2038,10.0
GLOBAL,MINGASMDV,1,2039,10.0
GLOBAL,MINGASMDV,1,2040,10.0
GLOBAL,MINGASMDV,1,2041,10.0
GLOBAL,MINGASMDV,1,2042,10.0
GLOBAL,MINGASMDV,1,2043,10.0
GLOBAL,MINGASMDV,1,2044,10.0
GLOBAL,MINGASMDV,1,2045,10.0
GLOBAL,MINGASMDV,1,2046,10.0
GLOBAL,MINGASMDV,1,2047,10.0
GLOBAL,MINGASMDV,1,2048,10.0
GLOBAL,MINGASMDV,1,2049,10.0
GLOBAL,MINGASMDV,1,2050,10.0
GLOBAL,MINGASNPL,1,2023,13.6
GLOBAL,MINGASNPL,1,2024,12.75
GLOBAL,MINGASNPL,1,2025,11.9
GLOBAL,MINGASNPL,1,2026,11.52
GLOBAL,MINGASNPL,1,2027,11.14
GLOBAL,MINGASNPL,1,2028,10.76
GLOBAL,MINGASNPL,1,2029,10.38
GLOBAL,MINGASNPL,1,2030,10.0
GLOBAL,MINGASNPL,1,2031,10.0
GLOBAL,MINGASNPL,1,2032,10.0
GLOBAL,MINGASNPL,1,2033,10.0
GLOBAL,MINGASNPL,1,2034,10.0
GLOBAL,MINGASNPL,1,2035,10.0
GLOBAL,MINGASNPL,1,2036,10.0
GLOBAL,MINGASNPL,1,2037,10.0
GLOBAL,MINGASNPL,1,2038,10.0
GLOBAL,MINGASNPL,1,2039,10.0
GLOBAL,MINGASNPL,1,2040,10.0
GLOBAL,MINGASNPL,1,2041,10.0
GLOBAL,MINGASNPL,1,2042,10.0
GLOBAL,MINGASNPL,1,2043,10.0
GLOBAL,MINGASNPL,1,2044,10.0
GLOBAL,MINGASNPL,1,2045,10.0
GLOBAL,MINGASNPL,1,2046,10.0
GLOBAL,MINGASNPL,1,2047,10.0
GLOBAL,MINGASNPL,1,2048,10.0
GLOBAL,MINGASNPL,1,2049,10.0
GLOBAL,MINGASNPL,1,2050,10.0
GLOBAL,MINOILBGD,1,2023,18.0
GLOBAL,MINOILBGD,1,2024,16.4
GLOBAL,MINOILBGD,1,2025,14.8
GLOBAL,MINOILBGD,1,2026,14.64
GLOBAL,MINOILBGD,1,2027,14.48
GLOBAL,MINOILBGD,1,2028,14.32
GLOBAL,MINOILBGD,1,2029,14.16
GLOBAL,MINOILBGD,1,2030,14.0
GLOBAL,MINOILBGD,1,2031,14.0
GLOBAL,MINOILBGD,1,2032,14.0
GLOBAL,MINOILBGD,1,2033,14.0
GLOBAL,MINOILBGD,1,2034,14.0
GLOBAL,MINOILBGD,1,2035,14.0
GLOBAL,MINOILBGD,1,2036,14.0
GLOBAL,MINOILBGD,1,2037,14.0
GLOBAL,MINOILBGD,1,2038,14.0
GLOBAL,MINOILBGD,1,2039,14.0
GLOBAL,MINOILBGD,1,2040,14.0
GLOBAL,MINOILBGD,1,2041,14.0
GLOBAL,MINOILBGD,1,2042,14.0
GLOBAL,MINOILBGD,1,2043,14.0
GLOBAL,MINOILBGD,1,2044,14.0
GLOBAL,MINOILBGD,1,2045,14.0
GLOBAL,MINOILBGD,1,2046,14.0
GLOBAL,MINOILBGD,1,2047,14.0
GLOBAL,MINOILBGD,1,2048,14.0
GLOBAL,MINOILBGD,1,2049,14.0
GLOBAL,MINOILBGD,1,2050,14.0
GLOBAL,MINOILBTN,1,2023,18.0
GLOBAL,MINOILBTN,1,2024,16.4
GLOBAL,MINOILBTN,1,2025,14.8
GLOBAL,MINOILBTN,1,2026,14.64
GLOBAL,MINOILBTN,1,2027,14.48
GLOBAL,MINOILBTN,1,2028,14.32
GLOBAL,MINOILBTN,1,2029,14.16
GLOBAL,MINOILBTN,1,2030,14.0
GLOBAL,MINOILBTN,1,2031,14.0
GLOBAL,MINOILBTN,1,2032,14.0
GLOBAL,MINOILBTN,1,2033,14.0
GLOBAL,MINOILBTN,1,2034,14.0
GLOBAL,MINOILBTN,1,2035,14.0
GLOBAL,MINOILBTN,1,2036,14.0
GLOBAL,MINOILBTN,1,2037,14.0
GLOBAL,MINOILBTN,1,2038,14.0
GLOBAL,MINOILBTN,1,2039,14.0
GLOBAL,MINOILBTN,1,2040,14.0
GLOBAL,MINOILBTN,1,2041,14.0
GLOBAL,MINOILBTN,1,2042,14.0
GLOBAL,MINOILBTN,1,2043,14.0
GLOBAL,MINOILBTN,1,2044,14.0
GLOBAL,MINOILBTN,1,2045,14.0
GLOBAL,MINOILBTN,1,2046,14.0
GLOBAL,MINOILBTN,1,2047,14.0
GLOBAL,MINOILBTN,1,2048,14.0
GLOBAL,MINOILBTN,1,2049,14.0
GLOBAL,MINOILBTN,1,2050,14.0
GLOBAL,MINOILIND,1,2023,13.56
GLOBAL,MINOILIND,1,2024,12.825
GLOBAL,MINOILIND,1,2025,12.09
GLOBAL,MINOILIND,1,2026,12.286
GLOBAL,MINOILIND,1,2027,12.482
GLOBAL,MINOILIND,1,2028,12.678
GLOBAL,MINOILIND,1,2029,12.874
GLOBAL,MINOILIND,1,2030,13.07
GLOBAL,MINOILIND,1,2031,13.07
GLOBAL,MINOILIND,1,2032,13.07
GLOBAL,MINOILIND,1,2033,13.07
GLOBAL,MINOILIND,1,2034,13.07
GLOBAL,MINOILIND,1,2035,13.07
GLOBAL,MINOILIND,1,2036,13.136
GLOBAL,MINOILIND,1,2037,13.202
GLOBAL,MINOILIND,1,2038,13.268
GLOBAL,MINOILIND,1,2039,13.334
GLOBAL,MINOILIND,1,2040,13.4
GLOBAL,MINOILIND,1,2041,13.302
GLOBAL,MINOILIND,1,2042,13.204
GLOBAL,MINOILIND,1,2043,13.106
GLOBAL,MINOILIND,1,2044,13.008
GLOBAL,MINOILIND,1,2045,12.91
GLOBAL,MINOILIND,1,2046,12.812
GLOBAL,MINOILIND,1,2047,12.714
GLOBAL,MINOILIND,1,2048,12.616
GLOBAL,MINOILIND,1,2049,12.518
GLOBAL,MINOILIND,1,2050,12.42
GLOBAL,MINOILINT,1,2023,17.546
GLOBAL,MINOILINT,1,2024,17.546
GLOBAL,MINOILINT,1,2025,17.546
GLOBAL,MINOILINT,1,2026,17.546
GLOBAL,MINOILINT,1,2027,17.546
GLOBAL,MINOILINT,1,2028,17.546
GLOBAL,MINOILINT,1,2029,17.546
GLOBAL,MINOILINT,1,2030,17.546
GLOBAL,MINOILINT,1,2031,17.546
GLOBAL,MINOILINT,1,2032,17.546
GLOBAL,MINOILINT,1,2033,17.546
GLOBAL,MINOILINT,1,2034,17.546
GLOBAL,MINOILINT,1,2035,17.546
GLOBAL,MINOILINT,1,2036,17.546
GLOBAL,MINOILINT,1,2037,17.546
GLOBAL,MINOILINT,1,2038,17.546
GLOBAL,MINOILINT,1,2039,17.546
GLOBAL,MINOILINT,1,2040,17.546
GLOBAL,MINOILINT,1,2041,17.546
GLOBAL,MINOILINT,1,2042,17.546
GLOBAL,MINOILINT,1,2043,17.546
GLOBAL,MINOILINT,1,2044,17.546
GLOBAL,MINOILINT,1,2045,17.546
GLOBAL,MINOILINT,1,2046,17.546
GLOBAL,MINOILINT,1,2047,17.546
GLOBAL,MINOILINT,1,2048,17.546
GLOBAL,MINOILINT,1,2049,17.546
GLOBAL,MINOILINT,1,2050,17.546
GLOBAL,MINOILLKA,1,2023,18.0
GLOBAL,MINOILLKA,1,2024,16.4
GLOBAL,MINOILLKA,1,2025,14.8
GLOBAL,MINOILLKA,1,2026,14.64
GLOBAL,MINOILLKA,1,2027,14.48
GLOBAL,MINOILLKA,1,2028,14.32
GLOBAL,MINOILLKA,1,2029,14.16
GLOBAL,MINOILLKA,1,2030,14.0
GLOBAL,MINOILLKA,1,2031,14.0
GLOBAL,MINOILLKA,1,2032,14.0
GLOBAL,MINOILLKA,1,2033,14.0
GLOBAL,MINOILLKA,1,2034,14.0
GLOBAL,MINOILLKA,1,2035,14.0
GLOBAL,MINOILLKA,1,2036,14.0
GLOBAL,MINOILLKA,1,2037,14.0
GLOBAL,MINOILLKA,1,2038,14.0
GLOBAL,MINOILLKA,1,2039,14.0
GLOBAL,MINOILLKA,1,2040,14.0
GLOBAL,MINOILLKA,1,2041,14.0
GLOBAL,MINOILLKA,1,2042,14.0
GLOBAL,MINOILLKA,1,2043,14.0
GLOBAL,MINOILLKA,1,2044,14.0
GLOBAL,MINOILLKA,1,2045,14.0
GLOBAL,MINOILLKA,1,2046,14.0
GLOBAL,MINOILLKA,1,2047,14.0
GLOBAL,MINOILLKA,1,2048,14.0
GLOBAL,MINOILLKA,1,2049,14.0
GLOBAL,MINOILLKA,1,2050,14.0
GLOBAL,MINOILMDV,1,2023,24.5
GLOBAL,MINOILMDV,1,2024,22.75
GLOBAL,MINOILMDV,1,2025,21.0
GLOBAL,MINOILMDV,1,2026,20.7
GLOBAL,MINOILMDV,1,2027,20.4
GLOBAL,MINOILMDV,1,2028,20.1
GLOBAL,MINOILMDV,1,2029,19.8
GLOBAL,MINOILMDV,1,2030,19.5
GLOBAL,MINOILMDV,1,2031,19.3
GLOBAL,MINOILMDV,1,2032,19.1
GLOBAL,MINOILMDV,1,2033,18.9
GLOBAL,MINOILMDV,1,2034,18.7
GLOBAL,MINOILMDV,1,2035,18.5
GLOBAL,MINOILMDV,1,2036,18.3
GLOBAL,MINOILMDV,1,2037,18.1
GLOBAL,MINOILMDV,1,2038,17.9
GLOBAL,MINOILMDV,1,2039,17.7
GLOBAL,MINOILMDV,1,2040,17.5
GLOBAL,MINOILMDV,1,2041,17.3
GLOBAL,MINOILMDV,1,2042,17.1
GLOBAL,MINOILMDV,1,2043,16.9
GLOBAL,MINOILMDV,1,2044,16.7
GLOBAL,MINOILMDV,1,2045,16.5
GLOBAL,MINOILMDV,1,2046,16.3
GLOBAL,MINOILMDV,1,2047,16.1
GLOBAL,MINOILMDV,1,2048,15.9
GLOBAL,MINOILMDV,1,2049,15.7
GLOBAL,MINOILMDV,1,2050,15.5
GLOBAL,MINOILNPL,1,2023,18.0
GLOBAL,MINOILNPL,1,2024,16.4
GLOBAL,MINOILNPL,1,2025,14.8
GLOBAL,MINOILNPL,1,2026,14.64
GLOBAL,MINOILNPL,1,2027,14.48
GLOBAL,MINOILNPL,1,2028,14.32
GLOBAL,MINOILNPL,1,2029,14.16
GLOBAL,MINOILNPL,1,2030,14.0
GLOBAL,MINOILNPL,1,2031,14.0
GLOBAL,MINOILNPL,1,2032,14.0
GLOBAL,MINOILNPL,1,2033,14.0
GLOBAL,MINOILNPL,1,2034,14.0
GLOBAL,MINOILNPL,1,2035,14.0
GLOBAL,MINOILNPL,1,2036,14.0
GLOBAL,MINOILNPL,1,2037,14.0
GLOBAL,MINOILNPL,1,2038,14.0
GLOBAL,MINOILNPL,1,2039,14.0
GLOBAL,MINOILNPL,1,2040,14.0
GLOBAL,MINOILNPL,1,2041,14.0
GLOBAL,MINOILNPL,1,2042,14.0
GLOBAL,MINOILNPL,1,2043,14.0
GLOBAL,MINOILNPL,1,2044,14.0
GLOBAL,MINOILNPL,1,2045,14.0
GLOBAL,MINOILNPL,1,2046,14.0
GLOBAL,MINOILNPL,1,2047,14.0
GLOBAL,MINOILNPL,1,2048,14.0
GLOBAL,MINOILNPL,1,2049,14.0
GLOBAL,MINOILNPL,1,2050,14.0
GLOBAL,MINOTHBGD,1,2023,13.497
GLOBAL,MINOTHBGD,1,2024,13.497
GLOBAL,MINOTHBGD,1,2025,13.497
GLOBAL,MINOTHBGD,1,2026,13.497
GLOBAL,MINOTHBGD,1,2027,13.497
GLOBAL,MINOTHBGD,1,2028,13.497
GLOBAL,MINOTHBGD,1,2029,13.497
GLOBAL,MINOTHBGD,1,2030,13.497
GLOBAL,MINOTHBGD,1,2031,13.497
GLOBAL,MINOTHBGD,1,2032,13.497
GLOBAL,MINOTHBGD,1,2033,13.497
GLOBAL,MINOTHBGD,1,2034,13.497
GLOBAL,MINOTHBGD,1,2035,13.497
GLOBAL,MINOTHBGD,1,2036,13.497
GLOBAL,MINOTHBGD,1,2037,13.497
GLOBAL,MINOTHBGD,1,2038,13.497
GLOBAL,MINOTHBGD,1,2039,13.497
GLOBAL,MINOTHBGD,1,2040,13.497
GLOBAL,MINOTHBGD,1,2041,13.497
GLOBAL,MINOTHBGD,1,2042,13.497
GLOBAL,MINOTHBGD,1,2043,13.497
GLOBAL,MINOTHBGD,1,2044,13.497
GLOBAL,MINOTHBGD,1,2045,13.497
GLOBAL,MINOTHBGD,1,2046,13.497
GLOBAL,MINOTHBGD,1,2047,13.497
GLOBAL,MINOTHBGD,1,2048,13.497
GLOBAL,MINOTHBGD,1,2049,13.497
GLOBAL,MINOTHBGD,1,2050,13.497
GLOBAL,MINOTHBTN,1,2023,13.497
GLOBAL,MINOTHBTN,1,2024,13.497
GLOBAL,MINOTHBTN,1,2025,13.497
GLOBAL,MINOTHBTN,1,2026,13.497
GLOBAL,MINOTHBTN,1,2027,13.497
GLOBAL,MINOTHBTN,1,2028,13.497
GLOBAL,MINOTHBTN,1,2029,13.497
GLOBAL,MINOTHBTN,1,2030,13.497
GLOBAL,MINOTHBTN,1,2031,13.497
GLOBAL,MINOTHBTN,1,2032,13.497
GLOBAL,MINOTHBTN,1,2033,13.497
GLOBAL,MINOTHBTN,1,2034,13.497
GLOBAL,MINOTHBTN,1,2035,13.497
GLOBAL,MINOTHBTN,1,2036,13.497
GLOBAL,MINOTHBTN,1,2037,13.497
GLOBAL,MINOTHBTN,1,2038,13.497
GLOBAL,MINOTHBTN,1,2039,13.497
GLOBAL,MINOTHBTN,1,2040,13.497
GLOBAL,MINOTHBTN,1,2041,13.497
GLOBAL,MINOTHBTN,1,2042,13.497
GLOBAL,MINOTHBTN,1,2043,13.497
GLOBAL,MINOTHBTN,1,2044,13.497
GLOBAL,MINOTHBTN,1,2045,13.497
GLOBAL,MINOTHBTN,1,2046,13.497
GLOBAL,MINOTHBTN,1,2047,13.497
GLOBAL,MINOTHBTN,1,2048,13.497
GLOBAL,MINOTHBTN,1,2049,13.497
GLOBAL,MINOTHBTN,1,2050,13.497
GLOBAL,MINOTHIND,1,2023,13.497
GLOBAL,MINOTHIND,1,2024,13.497
GLOBAL,MINOTHIND,1,2025,13.497
GLOBAL,MINOTHIND,1,2026,13.497
GLOBAL,MINOTHIND,1,2027,13.497
GLOBAL,MINOTHIND,1,2028,13.497
GLOBAL,MINOTHIND,1,2029,13.497
GLOBAL,MINOTHIND,1,2030,13.497
GLOBAL,MINOTHIND,1,2031,13.497
GLOBAL,MINOTHIND,1,2032,13.497
GLOBAL,MINOTHIND,1,2033,13.497
GLOBAL,MINOTHIND,1,2034,13.497
GLOBAL,MINOTHIND,1,2035,13.497
GLOBAL,MINOTHIND,1,2036,13.497
GLOBAL,MINOTHIND,1,2037,13.497
GLOBAL,MINOTHIND,1,2038,13.497
GLOBAL,MINOTHIND,1,2039,13.497
GLOBAL,MINOTHIND,1,2040,13.497
GLOBAL,MINOTHIND,1,2041,13.497
GLOBAL,MINOTHIND,1,2042,13.497
GLOBAL,MINOTHIND,1,2043,13.497
GLOBAL,MINOTHIND,1,2044,13.497
GLOBAL,MINOTHIND,1,2045,13.497
GLOBAL,MINOTHIND,1,2046,13.497
GLOBAL,MINOTHIND,1,2047,13.497
GLOBAL,MINOTHIND,1,2048,13.497
GLOBAL,MINOTHIND,1,2049,13.497
GLOBAL,MINOTHIND,1,2050,13.497
GLOBAL,MINOTHINT,1,2023,17.546
GLOBAL,MINOTHINT,1,2024,17.546
GLOBAL,MINOTHINT,1,2025,17.546
GLOBAL,MINOTHINT,1,2026,17.546
GLOBAL,MINOTHINT,1,2027,17.546
GLOBAL,MINOTHINT,1,2028,17.546
GLOBAL,MINOTHINT,1,2029,17.546
GLOBAL,MINOTHINT,1,2030,17.546
GLOBAL,MINOTHINT,1,2031,17.546
GLOBAL,MINOTHINT,1,2032,17.546
GLOBAL,MINOTHINT,1,2033,17.546
GLOBAL,MINOTHINT,1,2034,17.546
GLOBAL,MINOTHINT,1,2035,17.546
GLOBAL,MINOTHINT,1,2036,17.546
GLOBAL,MINOTHINT,1,2037,17.546
GLOBAL,MINOTHINT,1,2038,17.546
GLOBAL,MINOTHINT,1,2039,17.546
GLOBAL,MINOTHINT,1,2040,17.546
GLOBAL,MINOTHINT,1,2041,17.546
GLOBAL,MINOTHINT,1,2042,17.546
GLOBAL,MINOTHINT,1,2043,17.546
GLOBAL,MINOTHINT,1,2044,17.546
GLOBAL,MINOTHINT,1,2045,17.546
GLOBAL,MINOTHINT,1,2046,17.546
GLOBAL,MINOTHINT,1,2047,17.546
GLOBAL,MINOTHINT,1,2048,17.546
GLOBAL,MINOTHINT,1,2049,17.546
GLOBAL,MINOTHINT,1,2050,17.546
GLOBAL,MINOTHLKA,1,2023,13.497
GLOBAL,MINOTHLKA,1,2024,13.497
GLOBAL,MINOTHLKA,1,2025,13.497
GLOBAL,MINOTHLKA,1,2026,13.497
GLOBAL,MINOTHLKA,1,2027,13.497
GLOBAL,MINOTHLKA,1,2028,13.497
GLOBAL,MINOTHLKA,1,2029,13.497
GLOBAL,MINOTHLKA,1,2030,13.497
GLOBAL,MINOTHLKA,1,2031,13.497
GLOBAL,MINOTHLKA,1,2032,13.497
GLOBAL,MINOTHLKA,1,2033,13.497
GLOBAL,MINOTHLKA,1,2034,13.497
GLOBAL,MINOTHLKA,1,2035,13.497
GLOBAL,MINOTHLKA,1,2036,13.497
GLOBAL,MINOTHLKA,1,2037,13.497
GLOBAL,MINOTHLKA,1,2038,13.497
GLOBAL,MINOTHLKA,1,2039,13.497
GLOBAL,MINOTHLKA,1,2040,13.497
GLOBAL,MINOTHLKA,1,2041,13.497
GLOBAL,MINOTHLKA,1,2042,13.497
GLOBAL,MINOTHLKA,1,2043,13.497
GLOBAL,MINOTHLKA,1,2044,13.497
GLOBAL,MINOTHLKA,1,2045,13.497
GLOBAL,MINOTHLKA,1,2046,13.497
GLOBAL,MINOTHLKA,1,2047,13.497
GLOBAL,MINOTHLKA,1,2048,13.497
GLOBAL,MINOTHLKA,1,2049,13.497
GLOBAL,MINOTHLKA,1,2050,13.497
GLOBAL,MINOTHMDV,1,2023,13.497
GLOBAL,MINOTHMDV,1,2024,13.497
GLOBAL,MINOTHMDV,1,2025,13.497
GLOBAL,MINOTHMDV,1,2026,13.497
GLOBAL,MINOTHMDV,1,2027,13.497
GLOBAL,MINOTHMDV,1,2028,13.497
GLOBAL,MINOTHMDV,1,2029,13.497
GLOBAL,MINOTHMDV,1,2030,13.497
GLOBAL,MINOTHMDV,1,2031,13.497
GLOBAL,MINOTHMDV,1,2032,13.497
GLOBAL,MINOTHMDV,1,2033,13.497
GLOBAL,MINOTHMDV,1,2034,13.497
GLOBAL,MINOTHMDV,1,2035,13.497
GLOBAL,MINOTHMDV,1,2036,13.497
GLOBAL,MINOTHMDV,1,2037,13.497
GLOBAL,MINOTHMDV,1,2038,13.497
GLOBAL,MINOTHMDV,1,2039,13.497
GLOBAL,MINOTHMDV,1,2040,13.497
GLOBAL,MINOTHMDV,1,2041,13.497
GLOBAL,MINOTHMDV,1,2042,13.497
GLOBAL,MINOTHMDV,1,2043,13.497
GLOBAL,MINOTHMDV,1,2044,13.497
GLOBAL,MINOTHMDV,1,2045,13.497
GLOBAL,MINOTHMDV,1,2046,13.497
GLOBAL,MINOTHMDV,1,2047,13.497
GLOBAL,MINOTHMDV,1,2048,13.497
GLOBAL,MINOTHMDV,1,2049,13.497
GLOBAL,MINOTHMDV,1,2050,13.497
GLOBAL,MINOTHNPL,1,2023,13.497
GLOBAL,MINOTHNPL,1,2024,13.497
GLOBAL,MINOTHNPL,1,2025,13.497
GLOBAL,MINOTHNPL,1,2026,13.497
GLOBAL,MINOTHNPL,1,2027,13.497
GLOBAL,MINOTHNPL,1,2028,13.497
GLOBAL,MINOTHNPL,1,2029,13.497
GLOBAL,MINOTHNPL,1,2030,13.497
GLOBAL,MINOTHNPL,1,2031,13.497
GLOBAL,MINOTHNPL,1,2032,13.497
GLOBAL,MINOTHNPL,1,2033,13.497
GLOBAL,MINOTHNPL,1,2034,13.497
GLOBAL,MINOTHNPL,1,2035,13.497
GLOBAL,MINOTHNPL,1,2036,13.497
GLOBAL,MINOTHNPL,1,2037,13.497
GLOBAL,MINOTHNPL,1,2038,13.497
GLOBAL,MINOTHNPL,1,2039,13.497
GLOBAL,MINOTHNPL,1,2040,13.497
GLOBAL,MINOTHNPL,1,2041,13.497
GLOBAL,MINOTHNPL,1,2042,13.497
GLOBAL,MINOTHNPL,1,2043,13.497
GLOBAL,MINOTHNPL,1,2044,13.497
GLOBAL,MINOTHNPL,1,2045,13.497
GLOBAL,MINOTHNPL,1,2046,13.497
GLOBAL,MINOTHNPL,1,2047,13.497
GLOBAL,MINOTHNPL,1,2048,13.497
GLOBAL,MINOTHNPL,1,2049,13.497
GLOBAL,MINOTHNPL,1,2050,13.497
GLOBAL,MINPETBGD,1,2023,13.497
GLOBAL,MINPETBGD,1,2024,13.497
GLOBAL,MINPETBGD,1,2025,13.497
GLOBAL,MINPETBGD,1,2026,13.497
GLOBAL,MINPETBGD,1,2027,13.497
GLOBAL,MINPETBGD,1,2028,13.497
GLOBAL,MINPETBGD,1,2029,13.497
GLOBAL,MINPETBGD,1,2030,13.497
GLOBAL,MINPETBGD,1,2031,13.497
GLOBAL,MINPETBGD,1,2032,13.497
GLOBAL,MINPETBGD,1,2033,13.497
GLOBAL,MINPETBGD,1,2034,13.497
GLOBAL,MINPETBGD,1,2035,13.497
GLOBAL,MINPETBGD,1,2036,13.497
GLOBAL,MINPETBGD,1,2037,13.497
GLOBAL,MINPETBGD,1,2038,13.497
GLOBAL,MINPETBGD,1,2039,13.497
GLOBAL,MINPETBGD,1,2040,13.497
GLOBAL,MINPETBGD,1,2041,13.497
GLOBAL,MINPETBGD,1,2042,13.497
GLOBAL,MINPETBGD,1,2043,13.497
GLOBAL,MINPETBGD,1,2044,13.497
GLOBAL,MINPETBGD,1,2045,13.497
GLOBAL,MINPETBGD,1,2046,13.497
GLOBAL,MINPETBGD,1,2047,13.497
GLOBAL,MINPETBGD,1,2048,13.497
GLOBAL,MINPETBGD,1,2049,13.497
GLOBAL,MINPETBGD,1,2050,13.497
GLOBAL,MINPETBTN,1,2023,13.497
GLOBAL,MINPETBTN,1,2024,13.497
GLOBAL,MINPETBTN,1,2025,13.497
GLOBAL,MINPETBTN,1,2026,13.497
GLOBAL,MINPETBTN,1,2027,13.497
GLOBAL,MINPETBTN,1,2028,13.497
GLOBAL,MINPETBTN,1,2029,13.497
GLOBAL,MINPETBTN,1,2030,13.497
GLOBAL,MINPETBTN,1,2031,13.497
GLOBAL,MINPETBTN,1,2032,13.497
GLOBAL,MINPETBTN,1,2033,13.497
GLOBAL,MINPETBTN,1,2034,13.497
GLOBAL,MINPETBTN,1,2035,13.497
GLOBAL,MINPETBTN,1,2036,13.497
GLOBAL,MINPETBTN,1,2037,13.497
GLOBAL,MINPETBTN,1,2038,13.497
GLOBAL,MINPETBTN,1,2039,13.497
GLOBAL,MINPETBTN,1,2040,13.497
GLOBAL,MINPETBTN,1,2041,13.497
GLOBAL,MINPETBTN,1,2042,13.497
GLOBAL,MINPETBTN,1,2043,13.497
GLOBAL,MINPETBTN,1,2044,13.497
GLOBAL,MINPETBTN,1,2045,13.497
GLOBAL,MINPETBTN,1,2046,13.497
GLOBAL,MINPETBTN,1,2047,13.497
GLOBAL,MINPETBTN,1,2048,13.497
GLOBAL,MINPETBTN,1,2049,13.497
GLOBAL,MINPETBTN,1,2050,13.497
GLOBAL,MINPETIND,1,2023,13.497
GLOBAL,MINPETIND,1,2024,13.497
GLOBAL,MINPETIND,1,2025,13.497
GLOBAL,MINPETIND,1,2026,13.497
GLOBAL,MINPETIND,1,2027,13.497
GLOBAL,MINPETIND,1,2028,13.497
GLOBAL,MINPETIND,1,2029,13.497
GLOBAL,MINPETIND,1,2030,13.497
GLOBAL,MINPETIND,1,2031,13.497
GLOBAL,MINPETIND,1,2032,13.497
GLOBAL,MINPETIND,1,2033,13.497
GLOBAL,MINPETIND,1,2034,13.497
GLOBAL,MINPETIND,1,2035,13.497
GLOBAL,MINPETIND,1,2036,13.497
GLOBAL,MINPETIND,1,2037,13.497
GLOBAL,MINPETIND,1,2038,13.497
GLOBAL,MINPETIND,1,2039,13.497
GLOBAL,MINPETIND,1,2040,13.497
GLOBAL,MINPETIND,1,2041,13.497
GLOBAL,MINPETIND,1,2042,13.497
GLOBAL,MINPETIND,1,2043,13.497
GLOBAL,MINPETIND,1,2044,13.497
GLOBAL,MINPETIND,1,2045,13.497
GLOBAL,MINPETIND,1,2046,13.497
GLOBAL,MINPETIND,1,2047,13.497
GLOBAL,MINPETIND,1,2048,13.497
GLOBAL,MINPETIND,1,2049,13.497
GLOBAL,MINPETIND,1,2050,13.497
GLOBAL,MINPETINT,1,2023,17.546
GLOBAL,MINPETINT,1,2024,17.546
GLOBAL,MINPETINT,1,2025,17.546
GLOBAL,MINPETINT,1,2026,17.546
GLOBAL,MINPETINT,1,2027,17.546
GLOBAL,MINPETINT,1,2028,17.546
GLOBAL,MINPETINT,1,2029,17.546
GLOBAL,MINPETINT,1,2030,17.546
GLOBAL,MINPETINT,1,2031,17.546
GLOBAL,MINPETINT,1,2032,17.546
GLOBAL,MINPETINT,1,2033,17.546
GLOBAL,MINPETINT,1,2034,17.546
GLOBAL,MINPETINT,1,2035,17.546
GLOBAL,MINPETINT,1,2036,17.546
GLOBAL,MINPETINT,1,2037,17.546
GLOBAL,MINPETINT,1,2038,17.546
GLOBAL,MINPETINT,1,2039,17.546
GLOBAL,MINPETINT,1,2040,17.546
GLOBAL,MINPETINT,1,2041,17.546
GLOBAL,MINPETINT,1,2042,17.546
GLOBAL,MINPETINT,1,2043,17.546
GLOBAL,MINPETINT,1,2044,17.546
GLOBAL,MINPETINT,1,2045,17.546
GLOBAL,MINPETINT,1,2046,17.546
GLOBAL,MINPETINT,1,2047,17.546
GLOBAL,MINPETINT,1,2048,17.546
GLOBAL,MINPETINT,1,2049,17.546
GLOBAL,MINPETINT,1,2050,17.546
GLOBAL,MINPETLKA,1,2023,13.497
GLOBAL,MINPETLKA,1,2024,13.497
GLOBAL,MINPETLKA,1,2025,13.497
GLOBAL,MINPETLKA,1,2026,13.497
GLOBAL,MINPETLKA,1,2027,13.497
GLOBAL,MINPETLKA,1,2028,13.497
GLOBAL,MINPETLKA,1,2029,13.497
GLOBAL,MINPETLKA,1,2030,13.497
GLOBAL,MINPETLKA,1,2031,13.497
GLOBAL,MINPETLKA,1,2032,13.497
GLOBAL,MINPETLKA,1,2033,13.497
GLOBAL,MINPETLKA,1,2034,13.497
GLOBAL,MINPETLKA,1,2035,13.497
GLOBAL,MINPETLKA,1,2036,13.497
GLOBAL,MINPETLKA,1,2037,13.497
GLOBAL,MINPETLKA,1,2038,13.497
GLOBAL,MINPETLKA,1,2039,13.497
GLOBAL,MINPETLKA,1,2040,13.497
GLOBAL,MINPETLKA,1,2041,13.497
GLOBAL,MINPETLKA,1,2042,13.497
GLOBAL,MINPETLKA,1,2043,13.497
GLOBAL,MINPETLKA,1,2044,13.497
GLOBAL,MINPETLKA,1,2045,13.497
GLOBAL,MINPETLKA,1,2046,13.497
GLOBAL,MINPETLKA,1,2047,13.497
GLOBAL,MINPETLKA,1,2048,13.497
GLOBAL,MINPETLKA,1,2049,13.497
GLOBAL,MINPETLKA,1,2050,13.497
GLOBAL,MINPETMDV,1,2023,13.497
GLOBAL,MINPETMDV,1,2024,13.497
GLOBAL,MINPETMDV,1,2025,13.497
GLOBAL,MINPETMDV,1,2026,13.497
GLOBAL,MINPETMDV,1,2027,13.497
GLOBAL,MINPETMDV,1,2028,13.497
GLOBAL,MINPETMDV,1,2029,13.497
GLOBAL,MINPETMDV,1,2030,13.497
GLOBAL,MINPETMDV,1,2031,13.497
GLOBAL,MINPETMDV,1,2032,13.497
GLOBAL,MINPETMDV,1,2033,13.497
GLOBAL,MINPETMDV,1,2034,13.497
GLOBAL,MINPETMDV,1,2035,13.497
GLOBAL,MINPETMDV,1,2036,13.497
GLOBAL,MINPETMDV,1,2037,13.497
GLOBAL,MINPETMDV,1,2038,13.497
GLOBAL,MINPETMDV,1,2039,13.497
GLOBAL,MINPETMDV,1,2040,13.497
GLOBAL,MINPETMDV,1,2041,13.497
GLOBAL,MINPETMDV,1,2042,13.497
GLOBAL,MINPETMDV,1,2043,13.497
GLOBAL,MINPETMDV,1,2044,13.497
GLOBAL,MINPETMDV,1,2045,13.497
GLOBAL,MINPETMDV,1,2046,13.497
GLOBAL,MINPETMDV,1,2047,13.497
GLOBAL,MINPETMDV,1,2048,13.497
GLOBAL,MINPETMDV,1,2049,13.497
GLOBAL,MINPETMDV,1,2050,13.497
GLOBAL,MINPETNPL,1,2023,13.497
GLOBAL,MINPETNPL,1,2024,13.497
GLOBAL,MINPETNPL,1,2025,13.497
GLOBAL,MINPETNPL,1,2026,13.497
GLOBAL,MINPETNPL,1,2027,13.497
GLOBAL,MINPETNPL,1,2028,13.497
GLOBAL,MINPETNPL,1,2029,13.497
GLOBAL,MINPETNPL,1,2030,13.497
GLOBAL,MINPETNPL,1,2031,13.497
GLOBAL,MINPETNPL,1,2032,13.497
GLOBAL,MINPETNPL,1,2033,13.497
GLOBAL,MINPETNPL,1,2034,13.497
GLOBAL,MINPETNPL,1,2035,13.497
GLOBAL,MINPETNPL,1,2036,13.497
GLOBAL,MINPETNPL,1,2037,13.497
GLOBAL,MINPETNPL,1,2038,13.497
GLOBAL,MINPETNPL,1,2039,13.497
GLOBAL,MINPETNPL,1,2040,13.497
GLOBAL,MINPETNPL,1,2041,13.497
GLOBAL,MINPETNPL,1,2042,13.497
GLOBAL,MINPETNPL,1,2043,13.497
GLOBAL,MINPETNPL,1,2044,13.497
GLOBAL,MINPETNPL,1,2045,13.497
GLOBAL,MINPETNPL,1,2046,13.497
GLOBAL,MINPETNPL,1,2047,13.497
GLOBAL,MINPETNPL,1,2048,13.497
GLOBAL,MINPETNPL,1,2049,13.497
GLOBAL,MINPETNPL,1,2050,13.497
GLOBAL,MINURNBGD,1,2023,0.56
GLOBAL,MINURNBGD,1,2024,0.56
GLOBAL,MINURNBGD,1,2025,0.56
GLOBAL,MINURNBGD,1,2026,0.56
GLOBAL,MINURNBGD,1,2027,0.56
GLOBAL,MINURNBGD,1,2028,0.56
GLOBAL,MINURNBGD,1,2029,0.56
GLOBAL,MINURNBGD,1,2030,0.56
GLOBAL,MINURNBGD,1,2031,0.56
GLOBAL,MINURNBGD,1,2032,0.56
GLOBAL,MINURNBGD,1,2033,0.56
GLOBAL,MINURNBGD,1,2034,0.56
GLOBAL,MINURNBGD,1,2035,0.56
GLOBAL,MINURNBGD,1,2036,0.56
GLOBAL,MINURNBGD,1,2037,0.56
GLOBAL,MINURNBGD,1,2038,0.56
GLOBAL,MINURNBGD,1,2039,0.56
GLOBAL,MINURNBGD,1,2040,0.56
GLOBAL,MINURNBGD,1,2041,0.56
GLOBAL,MINURNBGD,1,2042,0.56
GLOBAL,MINURNBGD,1,2043,0.56
GLOBAL,MINURNBGD,1,2044,0.56
GLOBAL,MINURNBGD,1,2045,0.56
GLOBAL,MINURNBGD,1,2046,0.56
GLOBAL,MINURNBGD,1,2047,0.56
GLOBAL,MINURNBGD,1,2048,0.56
GLOBAL,MINURNBGD,1,2049,0.56
GLOBAL,MINURNBGD,1,2050,0.56
GLOBAL,MINURNBTN,1,2023,0.56
GLOBAL,MINURNBTN,1,2024,0.56
GLOBAL,MINURNBTN,1,2025,0.56
GLOBAL,MINURNBTN,1,2026,0.56
GLOBAL,MINURNBTN,1,2027,0.56
GLOBAL,MINURNBTN,1,2028,0.56
GLOBAL,MINURNBTN,1,2029,0.56
GLOBAL,MINURNBTN,1,2030,0.56
GLOBAL,MINURNBTN,1,2031,0.56
GLOBAL,MINURNBTN,1,2032,0.56
GLOBAL,MINURNBTN,1,2033,0.56
GLOBAL,MINURNBTN,1,2034,0.56
GLOBAL,MINURNBTN,1,2035,0.56
GLOBAL,MINURNBTN,1,2036,0.56
GLOBAL,MINURNBTN,1,2037,0.56
GLOBAL,MINURNBTN,1,2038,0.56
GLOBAL,MINURNBTN,1,2039,0.56
GLOBAL,MINURNBTN,1,2040,0.56
GLOBAL,MINURNBTN,1,2041,0.56
GLOBAL,MINURNBTN,1,2042,0.56
GLOBAL,MINURNBTN,1,2043,0.56
GLOBAL,MINURNBTN,1,2044,0.56
GLOBAL,MINURNBTN,1,2045,0.56
GLOBAL,MINURNBTN,1,2046,0.56
GLOBAL,MINURNBTN,1,2047,0.56
GLOBAL,MINURNBTN,1,2048,0.56
GLOBAL,MINURNBTN,1,2049,0.56
GLOBAL,MINURNBTN,1,2050,0.56
GLOBAL,MINURNIND,1,2023,0.56
GLOBAL,MINURNIND,1,2024,0.56
GLOBAL,MINURNIND,1,2025,0.56
GLOBAL,MINURNIND,1,2026,0.56
GLOBAL,MINURNIND,1,2027,0.56
GLOBAL,MINURNIND,1,2028,0.56
GLOBAL,MINURNIND,1,2029,0.56
GLOBAL,MINURNIND,1,2030,0.56
GLOBAL,MINURNIND,1,2031,0.56
GLOBAL,MINURNIND,1,2032,0.56
GLOBAL,MINURNIND,1,2033,0.56
GLOBAL,MINURNIND,1,2034,0.56
GLOBAL,MINURNIND,1,2035,0.56
GLOBAL,MINURNIND,1,2036,0.56
GLOBAL,MINURNIND,1,2037,0.56
GLOBAL,MINURNIND,1,2038,0.56
GLOBAL,MINURNIND,1,2039,0.56
GLOBAL,MINURNIND,1,2040,0.56
GLOBAL,MINURNIND,1,2041,0.56
GLOBAL,MINURNIND,1,2042,0.56
GLOBAL,MINURNIND,1,2043,0.56
GLOBAL,MINURNIND,1,2044,0.56
GLOBAL,MINURNIND,1,2045,0.56
GLOBAL,MINURNIND,1,2046,0.56
GLOBAL,MINURNIND,1,2047,0.56
GLOBAL,MINURNIND,1,2048,0.56
GLOBAL,MINURNIND,1,2049,0.56
GLOBAL,MINURNIND,1,2050,0.56
GLOBAL,MINURNINT,1,2023,2.6
GLOBAL,MINURNINT,1,2024,2.6
GLOBAL,MINURNINT,1,2025,2.6
GLOBAL,MINURNINT,1,2026,2.6
GLOBAL,MINURNINT,1,2027,2.6
GLOBAL,MINURNINT,1,2028,2.6
GLOBAL,MINURNINT,1,2029,2.6
GLOBAL,MINURNINT,1,2030,2.6
GLOBAL,MINURNINT,1,2031,2.6
GLOBAL,MINURNINT,1,2032,2.6
GLOBAL,MINURNINT,1,2033,2.6
GLOBAL,MINURNINT,1,2034,2.6
GLOBAL,MINURNINT,1,2035,2.6
GLOBAL,MINURNINT,1,2036,2.6
GLOBAL,MINURNINT,1,2037,2.6
GLOBAL,MINURNINT,1,2038,2.6
GLOBAL,MINURNINT,1,2039,2.6
GLOBAL,MINURNINT,1,2040,2.6
GLOBAL,MINURNINT,1,2041,2.6
GLOBAL,MINURNINT,1,2042,2.6
GLOBAL,MINURNINT,1,2043,2.6
GLOBAL,MINURNINT,1,2044,2.6
GLOBAL,MINURNINT,1,2045,2.6
GLOBAL,MINURNINT,1,2046,2.6
GLOBAL,MINURNINT,1,2047,2.6
GLOBAL,MINURNINT,1,2048,2.6
GLOBAL,MINURNINT,1,2049,2.6
GLOBAL,MINURNINT,1,2050,2.6
GLOBAL,MINURNLKA,1,2023,0.56
GLOBAL,MINURNLKA,1,2024,0.56
GLOBAL,MINURNLKA,1,2025,0.56
GLOBAL,MINURNLKA,1,2026,0.56
GLOBAL,MINURNLKA,1,2027,0.56
GLOBAL,MINURNLKA,1,2028,0.56
GLOBAL,MINURNLKA,1,2029,0.56
GLOBAL,MINURNLKA,1,2030,0.56
GLOBAL,MINURNLKA,1,2031,0.56
GLOBAL,MINURNLKA,1,2032,0.56
GLOBAL,MINURNLKA,1,2033,0.56
GLOBAL,MINURNLKA,1,2034,0.56
GLOBAL,MINURNLKA,1,2035,0.56
GLOBAL,MINURNLKA,1,2036,0.56
GLOBAL,MINURNLKA,1,2037,0.56
GLOBAL,MINURNLKA,1,2038,0.56
GLOBAL,MINURNLKA,1,2039,0.56
GLOBAL,MINURNLKA,1,2040,0.56
GLOBAL,MINURNLKA,1,2041,0.56
GLOBAL,MINURNLKA,1,2042,0.56
GLOBAL,MINURNLKA,1,2043,0.56
GLOBAL,MINURNLKA,1,2044,0.56
GLOBAL,MINURNLKA,1,2045,0.56
GLOBAL,MINURNLKA,1,2046,0.56
GLOBAL,MINURNLKA,1,2047,0.56
GLOBAL,MINURNLKA,1,2048,0.56
GLOBAL,MINURNLKA,1,2049,0.56
GLOBAL,MINURNLKA,1,2050,0.56
GLOBAL,MINURNMDV,1,2023,0.56
GLOBAL,MINURNMDV,1,2024,0.56
GLOBAL,MINURNMDV,1,2025,0.56
GLOBAL,MINURNMDV,1,2026,0.56
GLOBAL,MINURNMDV,1,2027,0.56
GLOBAL,MINURNMDV,1,2028,0.56
GLOBAL,MINURNMDV,1,2029,0.56
GLOBAL,MINURNMDV,1,2030,0.56
GLOBAL,MINURNMDV,1,2031,0.56
GLOBAL,MINURNMDV,1,2032,0.56
GLOBAL,MINURNMDV,1,2033,0.56
GLOBAL,MINURNMDV,1,2034,0.56
GLOBAL,MINURNMDV,1,2035,0.56
GLOBAL,MINURNMDV,1,2036,0.56
GLOBAL,MINURNMDV,1,2037,0.56
GLOBAL,MINURNMDV,1,2038,0.56
GLOBAL,MINURNMDV,1,2039,0.56
GLOBAL,MINURNMDV,1,2040,0.56
GLOBAL,MINURNMDV,1,2041,0.56
GLOBAL,MINURNMDV,1,2042,0.56
GLOBAL,MINURNMDV,1,2043,0.56
GLOBAL,MINURNMDV,1,2044,0.56
GLOBAL,MINURNMDV,1,2045,0.56
GLOBAL,MINURNMDV,1,2046,0.56
GLOBAL,MINURNMDV,1,2047,0.56
GLOBAL,MINURNMDV,1,2048,0.56
GLOBAL,MINURNMDV,1,2049,0.56
GLOBAL,MINURNMDV,1,2050,0.56
GLOBAL,MINURNNPL,1,2023,0.56
GLOBAL,MINURNNPL,1,2024,0.56
GLOBAL,MINURNNPL,1,2025,0.56
GLOBAL,MINURNNPL,1,2026,0.56
GLOBAL,MINURNNPL,1,2027,0.56
GLOBAL,MINURNNPL,1,2028,0.56
GLOBAL,MINURNNPL,1,2029,0.56
GLOBAL,MINURNNPL,1,2030,0.56
GLOBAL,MINURNNPL,1,2031,0.56
GLOBAL,MINURNNPL,1,2032,0.56
GLOBAL,MINURNNPL,1,2033,0.56
GLOBAL,MINURNNPL,1,2034,0.56
GLOBAL,MINURNNPL,1,2035,0.56
GLOBAL,MINURNNPL,1,2036,0.56
GLOBAL,MINURNNPL,1,2037,0.56
GLOBAL,MINURNNPL,1,2038,0.56
GLOBAL,MINURNNPL,1,2039,0.56
GLOBAL,MINURNNPL,1,2040,0.56
GLOBAL,MINURNNPL,1,2041,0.56
GLOBAL,MINURNNPL,1,2042,0.56
GLOBAL,MINURNNPL,1,2043,0.56
GLOBAL,MINURNNPL,1,2044,0.56
GLOBAL,MINURNNPL,1,2045,0.56
GLOBAL,MINURNNPL,1,2046,0.56
GLOBAL,MINURNNPL,1,2047,0.56
GLOBAL,MINURNNPL,1,2048,0.56
GLOBAL,MINURNNPL,1,2049,0.56
GLOBAL,MINURNNPL,1,2050,0.56
GLOBAL,PWRBCKBGDXX,1,2023,999999.0
GLOBAL,PWRBCKBGDXX,1,2024,999999.0
GLOBAL,PWRBCKBGDXX,1,2025,999999.0
GLOBAL,PWRBCKBGDXX,1,2026,999999.0
GLOBAL,PWRBCKBGDXX,1,2027,999999.0
GLOBAL,PWRBCKBGDXX,1,2028,999999.0
GLOBAL,PWRBCKBGDXX,1,2029,999999.0
GLOBAL,PWRBCKBGDXX,1,2030,999999.0
GLOBAL,PWRBCKBGDXX,1,2031,999999.0
GLOBAL,PWRBCKBGDXX,1,2032,999999.0
GLOBAL,PWRBCKBGDXX,1,2033,999999.0
GLOBAL,PWRBCKBGDXX,1,2034,999999.0
GLOBAL,PWRBCKBGDXX,1,2035,999999.0
GLOBAL,PWRBCKBGDXX,1,2036,999999.0
GLOBAL,PWRBCKBGDXX,1,2037,999999.0
GLOBAL,PWRBCKBGDXX,1,2038,999999.0
GLOBAL,PWRBCKBGDXX,1,2039,999999.0
GLOBAL,PWRBCKBGDXX,1,2040,999999.0
GLOBAL,PWRBCKBGDXX,1,2041,999999.0
GLOBAL,PWRBCKBGDXX,1,2042,999999.0
GLOBAL,PWRBCKBGDXX,1,2043,999999.0
GLOBAL,PWRBCKBGDXX,1,2044,999999.0
GLOBAL,PWRBCKBGDXX,1,2045,999999.0
GLOBAL,PWRBCKBGDXX,1,2046,999999.0
GLOBAL,PWRBCKBGDXX,1,2047,999999.0
GLOBAL,PWRBCKBGDXX,1,2048,999999.0
GLOBAL,PWRBCKBGDXX,1,2049,999999.0
GLOBAL,PWRBCKBGDXX,1,2050,999999.0
GLOBAL,PWRBCKBTNXX,1,2023,999999.0
GLOBAL,PWRBCKBTNXX,1,2024,999999.0
GLOBAL,PWRBCKBTNXX,1,2025,999999.0
GLOBAL,PWRBCKBTNXX,1,2026,999999.0
GLOBAL,PWRBCKBTNXX,1,2027,999999.0
GLOBAL,PWRBCKBTNXX,1,2028,999999.0
GLOBAL,PWRBCKBTNXX,1,2029,999999.0
GLOBAL,PWRBCKBTNXX,1,2030,999999.0
GLOBAL,PWRBCKBTNXX,1,2031,999999.0
GLOBAL,PWRBCKBTNXX,1,2032,999999.0
GLOBAL,PWRBCKBTNXX,1,2033,999999.0
GLOBAL,PWRBCKBTNXX,1,2034,999999.0
GLOBAL,PWRBCKBTNXX,1,2035,999999.0
GLOBAL,PWRBCKBTNXX,1,2036,999999.0
GLOBAL,PWRBCKBTNXX,1,2037,999999.0
GLOBAL,PWRBCKBTNXX,1,2038,999999.0
GLOBAL,PWRBCKBTNXX,1,2039,999999.0
GLOBAL,PWRBCKBTNXX,1,2040,999999.0
GLOBAL,PWRBCKBTNXX,1,2041,999999.0
GLOBAL,PWRBCKBTNXX,1,2042,999999.0
GLOBAL,PWRBCKBTNXX,1,2043,999999.0
GLOBAL,PWRBCKBTNXX,1,2044,999999.0
GLOBAL,PWRBCKBTNXX,1,2045,999999.0
GLOBAL,PWRBCKBTNXX,1,2046,999999.0
GLOBAL,PWRBCKBTNXX,1,2047,999999.0
GLOBAL,PWRBCKBTNXX,1,2048,999999.0
GLOBAL,PWRBCKBTNXX,1,2049,999999.0
GLOBAL,PWRBCKBTNXX,1,2050,999999.0
GLOBAL,PWRBCKINDEA,1,2023,999999.0
GLOBAL,PWRBCKINDEA,1,2024,999999.0
GLOBAL,PWRBCKINDEA,1,2025,999999.0
GLOBAL,PWRBCKINDEA,1,2026,999999.0
GLOBAL,PWRBCKINDEA,1,2027,999999.0
GLOBAL,PWRBCKINDEA,1,2028,999999.0
GLOBAL,PWRBCKINDEA,1,2029,999999.0
GLOBAL,PWRBCKINDEA,1,2030,999999.0
GLOBAL,PWRBCKINDEA,1,2031,999999.0
GLOBAL,PWRBCKINDEA,1,2032,999999.0
GLOBAL,PWRBCKINDEA,1,2033,999999.0
GLOBAL,PWRBCKINDEA,1,2034,999999.0
GLOBAL,PWRBCKINDEA,1,2035,999999.0
GLOBAL,PWRBCKINDEA,1,2036,999999.0
GLOBAL,PWRBCKINDEA,1,2037,999999.0
GLOBAL,PWRBCKINDEA,1,2038,999999.0
GLOBAL,PWRBCKINDEA,1,2039,999999.0
GLOBAL,PWRBCKINDEA,1,2040,999999.0
GLOBAL,PWRBCKINDEA,1,2041,999999.0
GLOBAL,PWRBCKINDEA,1,2042,999999.0
GLOBAL,PWRBCKINDEA,1,2043,999999.0
GLOBAL,PWRBCKINDEA,1,2044,999999.0
GLOBAL,PWRBCKINDEA,1,2045,999999.0
GLOBAL,PWRBCKINDEA,1,2046,999999.0
GLOBAL,PWRBCKINDEA,1,2047,999999.0
GLOBAL,PWRBCKINDEA,1,2048,999999.0
GLOBAL,PWRBCKINDEA,1,2049,999999.0
GLOBAL,PWRBCKINDEA,1,2050,999999.0
GLOBAL,PWRBCKINDNE,1,2023,999999.0
GLOBAL,PWRBCKINDNE,1,2024,999999.0
GLOBAL,PWRBCKINDNE,1,2025,999999.0
GLOBAL,PWRBCKINDNE,1,2026,999999.0
GLOBAL,PWRBCKINDNE,1,2027,999999.0
GLOBAL,PWRBCKINDNE,1,2028,999999.0
GLOBAL,PWRBCKINDNE,1,2029,999999.0
GLOBAL,PWRBCKINDNE,1,2030,999999.0
GLOBAL,PWRBCKINDNE,1,2031,999999.0
GLOBAL,PWRBCKINDNE,1,2032,999999.0
GLOBAL,PWRBCKINDNE,1,2033,999999.0
GLOBAL,PWRBCKINDNE,1,2034,999999.0
GLOBAL,PWRBCKINDNE,1,2035,999999.0
GLOBAL,PWRBCKINDNE,1,2036,999999.0
GLOBAL,PWRBCKINDNE,1,2037,999999.0
GLOBAL,PWRBCKINDNE,1,2038,999999.0
GLOBAL,PWRBCKINDNE,1,2039,999999.0
GLOBAL,PWRBCKINDNE,1,2040,999999.0
GLOBAL,PWRBCKINDNE,1,2041,999999.0
GLOBAL,PWRBCKINDNE,1,2042,999999.0
GLOBAL,PWRBCKINDNE,1,2043,999999.0
GLOBAL,PWRBCKINDNE,1,2044,999999.0
GLOBAL,PWRBCKINDNE,1,2045,999999.0
GLOBAL,PWRBCKINDNE,1,2046,999999.0
GLOBAL,PWRBCKINDNE,1,2047,999999.0
GLOBAL,PWRBCKINDNE,1,2048,999999.0
GLOBAL,PWRBCKINDNE,1,2049,999999.0
GLOBAL,PWRBCKINDNE,1,2050,999999.0
GLOBAL,PWRBCKINDNO,1,2023,999999.0
GLOBAL,PWRBCKINDNO,1,2024,999999.0
GLOBAL,PWRBCKINDNO,1,2025,999999.0
GLOBAL,PWRBCKINDNO,1,2026,999999.0
GLOBAL,PWRBCKINDNO,1,2027,999999.0
GLOBAL,PWRBCKINDNO,1,2028,999999.0
GLOBAL,PWRBCKINDNO,1,2029,999999.0
GLOBAL,PWRBCKINDNO,1,2030,999999.0
GLOBAL,PWRBCKINDNO,1,2031,999999.0
GLOBAL,PWRBCKINDNO,1,2032,999999.0
GLOBAL,PWRBCKINDNO,1,2033,999999.0
GLOBAL,PWRBCKINDNO,1,2034,999999.0
GLOBAL,PWRBCKINDNO,1,2035,999999.0
GLOBAL,PWRBCKINDNO,1,2036,999999.0
GLOBAL,PWRBCKINDNO,1,2037,999999.0
GLOBAL,PWRBCKINDNO,1,2038,999999.0
GLOBAL,PWRBCKINDNO,1,2039,999999.0
GLOBAL,PWRBCKINDNO,1,2040,999999.0
GLOBAL,PWRBCKINDNO,1,2041,999999.0
GLOBAL,PWRBCKINDNO,1,2042,999999.0
GLOBAL,PWRBCKINDNO,1,2043,999999.0
GLOBAL,PWRBCKINDNO,1,2044,999999.0
GLOBAL,PWRBCKINDNO,1,2045,999999.0
GLOBAL,PWRBCKINDNO,1,2046,999999.0
GLOBAL,PWRBCKINDNO,1,2047,999999.0
GLOBAL,PWRBCKINDNO,1,2048,999999.0
GLOBAL,PWRBCKINDNO,1,2049,999999.0
GLOBAL,PWRBCKINDNO,1,2050,999999.0
GLOBAL,PWRBCKINDSO,1,2023,999999.0
GLOBAL,PWRBCKINDSO,1,2024,999999.0
GLOBAL,PWRBCKINDSO,1,2025,999999.0
GLOBAL,PWRBCKINDSO,1,2026,999999.0
GLOBAL,PWRBCKINDSO,1,2027,999999.0
GLOBAL,PWRBCKINDSO,1,2028,999999.0
GLOBAL,PWRBCKINDSO,1,2029,999999.0
GLOBAL,PWRBCKINDSO,1,2030,999999.0
GLOBAL,PWRBCKINDSO,1,2031,999999.0
GLOBAL,PWRBCKINDSO,1,2032,999999.0
GLOBAL,PWRBCKINDSO,1,2033,999999.0
GLOBAL,PWRBCKINDSO,1,2034,999999.0
GLOBAL,PWRBCKINDSO,1,2035,999999.0
GLOBAL,PWRBCKINDSO,1,2036,999999.0
GLOBAL,PWRBCKINDSO,1,2037,999999.0
GLOBAL,PWRBCKINDSO,1,2038,999999.0
GLOBAL,PWRBCKINDSO,1,2039,999999.0
GLOBAL,PWRBCKINDSO,1,2040,999999.0
GLOBAL,PWRBCKINDSO,1,2041,999999.0
GLOBAL,PWRBCKINDSO,1,2042,999999.0
GLOBAL,PWRBCKINDSO,1,2043,999999.0
GLOBAL,PWRBCKINDSO,1,2044,999999.0
GLOBAL,PWRBCKINDSO,1,2045,999999.0
GLOBAL,PWRBCKINDSO,1,2046,999999.0
GLOBAL,PWRBCKINDSO,1,2047,999999.0
GLOBAL,PWRBCKINDSO,1,2048,999999.0
GLOBAL,PWRBCKINDSO,1,2049,999999.0
GLOBAL,PWRBCKINDSO,1,2050,999999.0
GLOBAL,PWRBCKINDWE,1,2023,999999.0
GLOBAL,PWRBCKINDWE,1,2024,999999.0
GLOBAL,PWRBCKINDWE,1,2025,999999.0
GLOBAL,PWRBCKINDWE,1,2026,999999.0
GLOBAL,PWRBCKINDWE,1,2027,999999.0
GLOBAL,PWRBCKINDWE,1,2028,999999.0
GLOBAL,PWRBCKINDWE,1,2029,999999.0
GLOBAL,PWRBCKINDWE,1,2030,999999.0
GLOBAL,PWRBCKINDWE,1,2031,999999.0
GLOBAL,PWRBCKINDWE,1,2032,999999.0
GLOBAL,PWRBCKINDWE,1,2033,999999.0
GLOBAL,PWRBCKINDWE,1,2034,999999.0
GLOBAL,PWRBCKINDWE,1,2035,999999.0
GLOBAL,PWRBCKINDWE,1,2036,999999.0
GLOBAL,PWRBCKINDWE,1,2037,999999.0
GLOBAL,PWRBCKINDWE,1,2038,999999.0
GLOBAL,PWRBCKINDWE,1,2039,999999.0
GLOBAL,PWRBCKINDWE,1,2040,999999.0
GLOBAL,PWRBCKINDWE,1,2041,999999.0
GLOBAL,PWRBCKINDWE,1,2042,999999.0
GLOBAL,PWRBCKINDWE,1,2043,999999.0
GLOBAL,PWRBCKINDWE,1,2044,999999.0
GLOBAL,PWRBCKINDWE,1,2045,999999.0
GLOBAL,PWRBCKINDWE,1,2046,999999.0
GLOBAL,PWRBCKINDWE,1,2047,999999.0
GLOBAL,PWRBCKINDWE,1,2048,999999.0
GLOBAL,PWRBCKINDWE,1,2049,999999.0
GLOBAL,PWRBCKINDWE,1,2050,999999.0
GLOBAL,PWRBCKLKAXX,1,2023,999999.0
GLOBAL,PWRBCKLKAXX,1,2024,999999.0
GLOBAL,PWRBCKLKAXX,1,2025,999999.0
GLOBAL,PWRBCKLKAXX,1,2026,999999.0
GLOBAL,PWRBCKLKAXX,1,2027,999999.0
GLOBAL,PWRBCKLKAXX,1,2028,999999.0
GLOBAL,PWRBCKLKAXX,1,2029,999999.0
GLOBAL,PWRBCKLKAXX,1,2030,999999.0
GLOBAL,PWRBCKLKAXX,1,2031,999999.0
GLOBAL,PWRBCKLKAXX,1,2032,999999.0
GLOBAL,PWRBCKLKAXX,1,2033,999999.0
GLOBAL,PWRBCKLKAXX,1,2034,999999.0
GLOBAL,PWRBCKLKAXX,1,2035,999999.0
GLOBAL,PWRBCKLKAXX,1,2036,999999.0
GLOBAL,PWRBCKLKAXX,1,2037,999999.0
GLOBAL,PWRBCKLKAXX,1,2038,999999.0
GLOBAL,PWRBCKLKAXX,1,2039,999999.0
GLOBAL,PWRBCKLKAXX,1,2040,999999.0
GLOBAL,PWRBCKLKAXX,1,2041,999999.0
GLOBAL,PWRBCKLKAXX,1,2042,999999.0
GLOBAL,PWRBCKLKAXX,1,2043,999999.0
GLOBAL,PWRBCKLKAXX,1,2044,999999.0
GLOBAL,PWRBCKLKAXX,1,2045,999999.0
GLOBAL,PWRBCKLKAXX,1,2046,999999.0
GLOBAL,PWRBCKLKAXX,1,2047,999999.0
GLOBAL,PWRBCKLKAXX,1,2048,999999.0
GLOBAL,PWRBCKLKAXX,1,2049,999999.0
GLOBAL,PWRBCKLKAXX,1,2050,999999.0
GLOBAL,PWRBCKMDVXX,1,2023,999999.0
GLOBAL,PWRBCKMDVXX,1,2024,999999.0
GLOBAL,PWRBCKMDVXX,1,2025,999999.0
GLOBAL,PWRBCKMDVXX,1,2026,999999.0
GLOBAL,PWRBCKMDVXX,1,2027,999999.0
GLOBAL,PWRBCKMDVXX,1,2028,999999.0
GLOBAL,PWRBCKMDVXX,1,2029,999999.0
GLOBAL,PWRBCKMDVXX,1,2030,999999.0
GLOBAL,PWRBCKMDVXX,1,2031,999999.0
GLOBAL,PWRBCKMDVXX,1,2032,999999.0
GLOBAL,PWRBCKMDVXX,1,2033,999999.0
GLOBAL,PWRBCKMDVXX,1,2034,999999.0
GLOBAL,PWRBCKMDVXX,1,2035,999999.0
GLOBAL,PWRBCKMDVXX,1,2036,999999.0
GLOBAL,PWRBCKMDVXX,1,2037,999999.0
GLOBAL,PWRBCKMDVXX,1,2038,999999.0
GLOBAL,PWRBCKMDVXX,1,2039,999999.0
GLOBAL,PWRBCKMDVXX,1,2040,999999.0
GLOBAL,PWRBCKMDVXX,1,2041,999999.0
GLOBAL,PWRBCKMDVXX,1,2042,999999.0
GLOBAL,PWRBCKMDVXX,1,2043,999999.0
GLOBAL,PWRBCKMDVXX,1,2044,999999.0
GLOBAL,PWRBCKMDVXX,1,2045,999999.0
GLOBAL,PWRBCKMDVXX,1,2046,999999.0
GLOBAL,PWRBCKMDVXX,1,2047,999999.0
GLOBAL,PWRBCKMDVXX,1,2048,999999.0
GLOBAL,PWRBCKMDVXX,1,2049,999999.0
GLOBAL,PWRBCKMDVXX,1,2050,999999.0
GLOBAL,PWRBCKNPLXX,1,2023,999999.0
GLOBAL,PWRBCKNPLXX,1,2024,999999.0
GLOBAL,PWRBCKNPLXX,1,2025,999999.0
GLOBAL,PWRBCKNPLXX,1,2026,999999.0
GLOBAL,PWRBCKNPLXX,1,2027,999999.0
GLOBAL,PWRBCKNPLXX,1,2028,999999.0
GLOBAL,PWRBCKNPLXX,1,2029,999999.0
GLOBAL,PWRBCKNPLXX,1,2030,999999.0
GLOBAL,PWRBCKNPLXX,1,2031,999999.0
GLOBAL,PWRBCKNPLXX,1,2032,999999.0
GLOBAL,PWRBCKNPLXX,1,2033,999999.0
GLOBAL,PWRBCKNPLXX,1,2034,999999.0
GLOBAL,PWRBCKNPLXX,1,2035,999999.0
GLOBAL,PWRBCKNPLXX,1,2036,999999.0
GLOBAL,PWRBCKNPLXX,1,2037,999999.0
GLOBAL,PWRBCKNPLXX,1,2038,999999.0
GLOBAL,PWRBCKNPLXX,1,2039,999999.0
GLOBAL,PWRBCKNPLXX,1,2040,999999.0
GLOBAL,PWRBCKNPLXX,1,2041,999999.0
GLOBAL,PWRBCKNPLXX,1,2042,999999.0
GLOBAL,PWRBCKNPLXX,1,2043,999999.0
GLOBAL,PWRBCKNPLXX,1,2044,999999.0
GLOBAL,PWRBCKNPLXX,1,2045,999999.0
GLOBAL,PWRBCKNPLXX,1,2046,999999.0
GLOBAL,PWRBCKNPLXX,1,2047,999999.0
GLOBAL,PWRBCKNPLXX,1,2048,999999.0
GLOBAL,PWRBCKNPLXX,1,2049,999999.0
GLOBAL,PWRBCKNPLXX,1,2050,999999.0
GLOBAL,PWRLDSBGDXX,2,2023,0.0161
GLOBAL,PWRLDSBGDXX,2,2024,0.0161
GLOBAL,PWRLDSBGDXX,2,2025,0.0161
GLOBAL,PWRLDSBGDXX,2,2026,0.0161
GLOBAL,PWRLDSBGDXX,2,2027,0.0161
GLOBAL,PWRLDSBGDXX,2,2028,0.0161
GLOBAL,PWRLDSBGDXX,2,2029,0.0161
GLOBAL,PWRLDSBGDXX,2,2030,0.0161
GLOBAL,PWRLDSBGDXX,2,2031,0.0161
GLOBAL,PWRLDSBGDXX,2,2032,0.0161
GLOBAL,PWRLDSBGDXX,2,2033,0.0161
GLOBAL,PWRLDSBGDXX,2,2034,0.0161
GLOBAL,PWRLDSBGDXX,2,2035,0.0161
GLOBAL,PWRLDSBGDXX,2,2036,0.0161
GLOBAL,PWRLDSBGDXX,2,2037,0.0161
GLOBAL,PWRLDSBGDXX,2,2038,0.0161
GLOBAL,PWRLDSBGDXX,2,2039,0.0161
GLOBAL,PWRLDSBGDXX,2,2040,0.0161
GLOBAL,PWRLDSBGDXX,2,2041,0.0161
GLOBAL,PWRLDSBGDXX,2,2042,0.0161
GLOBAL,PWRLDSBGDXX,2,2043,0.0161
GLOBAL,PWRLDSBGDXX,2,2044,0.0161
GLOBAL,PWRLDSBGDXX,2,2045,0.0161
GLOBAL,PWRLDSBGDXX,2,2046,0.0161
GLOBAL,PWRLDSBGDXX,2,2047,0.0161
GLOBAL,PWRLDSBGDXX,2,2048,0.0161
GLOBAL,PWRLDSBGDXX,2,2049,0.0161
GLOBAL,PWRLDSBGDXX,2,2050,0.0161
GLOBAL,PWRLDSBTNXX,2,2023,0.0161
GLOBAL,PWRLDSBTNXX,2,2024,0.0161
GLOBAL,PWRLDSBTNXX,2,2025,0.0161
GLOBAL,PWRLDSBTNXX,2,2026,0.0161
GLOBAL,PWRLDSBTNXX,2,2027,0.0161
GLOBAL,PWRLDSBTNXX,2,2028,0.0161
GLOBAL,PWRLDSBTNXX,2,2029,0.0161
GLOBAL,PWRLDSBTNXX,2,2030,0.0161
GLOBAL,PWRLDSBTNXX,2,2031,0.0161
GLOBAL,PWRLDSBTNXX,2,2032,0.0161
GLOBAL,PWRLDSBTNXX,2,2033,0.0161
GLOBAL,PWRLDSBTNXX,2,2034,0.0161
GLOBAL,PWRLDSBTNXX,2,2035,0.0161
GLOBAL,PWRLDSBTNXX,2,2036,0.0161
GLOBAL,PWRLDSBTNXX,2,2037,0.0161
GLOBAL,PWRLDSBTNXX,2,2038,0.0161
GLOBAL,PWRLDSBTNXX,2,2039,0.0161
GLOBAL,PWRLDSBTNXX,2,2040,0.0161
GLOBAL,PWRLDSBTNXX,2,2041,0.0161
GLOBAL,PWRLDSBTNXX,2,2042,0.0161
GLOBAL,PWRLDSBTNXX,2,2043,0.0161
GLOBAL,PWRLDSBTNXX,2,2044,0.0161
GLOBAL,PWRLDSBTNXX,2,2045,0.0161
GLOBAL,PWRLDSBTNXX,2,2046,0.0161
GLOBAL,PWRLDSBTNXX,2,2047,0.0161
GLOBAL,PWRLDSBTNXX,2,2048,0.0161
GLOBAL,PWRLDSBTNXX,2,2049,0.0161
GLOBAL,PWRLDSBTNXX,2,2050,0.0161
GLOBAL,PWRLDSINDEA,2,2023,0.0161
GLOBAL,PWRLDSINDEA,2,2024,0.0161
GLOBAL,PWRLDSINDEA,2,2025,0.0161
GLOBAL,PWRLDSINDEA,2,2026,0.0161
GLOBAL,PWRLDSINDEA,2,2027,0.0161
GLOBAL,PWRLDSINDEA,2,2028,0.0161
GLOBAL,PWRLDSINDEA,2,2029,0.0161
GLOBAL,PWRLDSINDEA,2,2030,0.0161
GLOBAL,PWRLDSINDEA,2,2031,0.0161
GLOBAL,PWRLDSINDEA,2,2032,0.0161
GLOBAL,PWRLDSINDEA,2,2033,0.0161
GLOBAL,PWRLDSINDEA,2,2034,0.0161
GLOBAL,PWRLDSINDEA,2,2035,0.0161
GLOBAL,PWRLDSINDEA,2,2036,0.0161
GLOBAL,PWRLDSINDEA,2,2037,0.0161
GLOBAL,PWRLDSINDEA,2,2038,0.0161
GLOBAL,PWRLDSINDEA,2,2039,0.0161
GLOBAL,PWRLDSINDEA,2,2040,0.0161
GLOBAL,PWRLDSINDEA,2,2041,0.0161
GLOBAL,PWRLDSINDEA,2,2042,0.0161
GLOBAL,PWRLDSINDEA,2,2043,0.0161
GLOBAL,PWRLDSINDEA,2,2044,0.0161
GLOBAL,PWRLDSINDEA,2,2045,0.0161
GLOBAL,PWRLDSINDEA,2,2046,0.0161
GLOBAL,PWRLDSINDEA,2,2047,0.0161
GLOBAL,PWRLDSINDEA,2,2048,0.0161
GLOBAL,PWRLDSINDEA,2,2049,0.0161
GLOBAL,PWRLDSINDEA,2,2050,0.0161
GLOBAL,PWRLDSINDNE,2,2023,0.0161
GLOBAL,PWRLDSINDNE,2,2024,0.0161
GLOBAL,PWRLDSINDNE,2,2025,0.0161
GLOBAL,PWRLDSINDNE,2,2026,0.0161
GLOBAL,PWRLDSINDNE,2,2027,0.0161
GLOBAL,PWRLDSINDNE,2,2028,0.0161
GLOBAL,PWRLDSINDNE,2,2029,0.0161
GLOBAL,PWRLDSINDNE,2,2030,0.0161
GLOBAL,PWRLDSINDNE,2,2031,0.0161
GLOBAL,PWRLDSINDNE,2,2032,0.0161
GLOBAL,PWRLDSINDNE,2,2033,0.0161
GLOBAL,PWRLDSINDNE,2,2034,0.0161
GLOBAL,PWRLDSINDNE,2,2035,0.0161
GLOBAL,PWRLDSINDNE,2,2036,0.0161
GLOBAL,PWRLDSINDNE,2,2037,0.0161
GLOBAL,PWRLDSINDNE,2,2038,0.0161
GLOBAL,PWRLDSINDNE,2,2039,0.0161
GLOBAL,PWRLDSINDNE,2,2040,0.0161
GLOBAL,PWRLDSINDNE,2,2041,0.0161
GLOBAL,PWRLDSINDNE,2,2042,0.0161
GLOBAL,PWRLDSINDNE,2,2043,0.0161
GLOBAL,PWRLDSINDNE,2,2044,0.0161
GLOBAL,PWRLDSINDNE,2,2045,0.0161
GLOBAL,PWRLDSINDNE,2,2046,0.0161
GLOBAL,PWRLDSINDNE,2,2047,0.0161
GLOBAL,PWRLDSINDNE,2,2048,0.0161
GLOBAL,PWRLDSINDNE,2,2049,0.0161
GLOBAL,PWRLDSINDNE,2,2050,0.0161
GLOBAL,PWRLDSINDNO,2,2023,0.0161
GLOBAL,PWRLDSINDNO,2,2024,0.0161
GLOBAL,PWRLDSINDNO,2,2025,0.0161
GLOBAL,PWRLDSINDNO,2,2026,0.0161
GLOBAL,PWRLDSINDNO,2,2027,0.0161
GLOBAL,PWRLDSINDNO,2,2028,0.0161
GLOBAL,PWRLDSINDNO,2,2029,0.0161
GLOBAL,PWRLDSINDNO,2,2030,0.0161
GLOBAL,PWRLDSINDNO,2,2031,0.0161
GLOBAL,PWRLDSINDNO,2,2032,0.0161
GLOBAL,PWRLDSINDNO,2,2033,0.0161
GLOBAL,PWRLDSINDNO,2,2034,0.0161
GLOBAL,PWRLDSINDNO,2,2035,0.0161
GLOBAL,PWRLDSINDNO,2,2036,0.0161
GLOBAL,PWRLDSINDNO,2,2037,0.0161
GLOBAL,PWRLDSINDNO,2,2038,0.0161
GLOBAL,PWRLDSINDNO,2,2039,0.0161
GLOBAL,PWRLDSINDNO,2,2040,0.0161
GLOBAL,PWRLDSINDNO,2,2041,0.0161
GLOBAL,PWRLDSINDNO,2,2042,0.0161
GLOBAL,PWRLDSINDNO,2,2043,0.0161
GLOBAL,PWRLDSINDNO,2,2044,0.0161
GLOBAL,PWRLDSINDNO,2,2045,0.0161
GLOBAL,PWRLDSINDNO,2,2046,0.0161
GLOBAL,PWRLDSINDNO,2,2047,0.0161
GLOBAL,PWRLDSINDNO,2,2048,0.0161
GLOBAL,PWRLDSINDNO,2,2049,0.0161
GLOBAL,PWRLDSINDNO,2,2050,0.0161
GLOBAL,PWRLDSINDSO,2,2023,0.0161
GLOBAL,PWRLDSINDSO,2,2024,0.0161
GLOBAL,PWRLDSINDSO,2,2025,0.0161
GLOBAL,PWRLDSINDSO,2,2026,0.0161
GLOBAL,PWRLDSINDSO,2,2027,0.0161
GLOBAL,PWRLDSINDSO,2,2028,0.0161
GLOBAL,PWRLDSINDSO,2,2029,0.0161
GLOBAL,PWRLDSINDSO,2,2030,0.0161
GLOBAL,PWRLDSINDSO,2,2031,0.0161
GLOBAL,PWRLDSINDSO,2,2032,0.0161
GLOBAL,PWRLDSINDSO,2,2033,0.0161
GLOBAL,PWRLDSINDSO,2,2034,0.0161
GLOBAL,PWRLDSINDSO,2,2035,0.0161
GLOBAL,PWRLDSINDSO,2,2036,0.0161
GLOBAL,PWRLDSINDSO,2,2037,0.0161
GLOBAL,PWRLDSINDSO,2,2038,0.0161
GLOBAL,PWRLDSINDSO,2,2039,0.0161
GLOBAL,PWRLDSINDSO,2,2040,0.0161
GLOBAL,PWRLDSINDSO,2,2041,0.0161
GLOBAL,PWRLDSINDSO,2,2042,0.0161
GLOBAL,PWRLDSINDSO,2,2043,0.0161
GLOBAL,PWRLDSINDSO,2,2044,0.0161
GLOBAL,PWRLDSINDSO,2,2045,0.0161
GLOBAL,PWRLDSINDSO,2,2046,0.0161
GLOBAL,PWRLDSINDSO,2,2047,0.0161
GLOBAL,PWRLDSINDSO,2,2048,0.0161
GLOBAL,PWRLDSINDSO,2,2049,0.0161
GLOBAL,PWRLDSINDSO,2,2050,0.0161
GLOBAL,PWRLDSINDWE,2,2023,0.0161
GLOBAL,PWRLDSINDWE,2,2024,0.0161
GLOBAL,PWRLDSINDWE,2,2025,0.0161
GLOBAL,PWRLDSINDWE,2,2026,0.0161
GLOBAL,PWRLDSINDWE,2,2027,0.0161
GLOBAL,PWRLDSINDWE,2,2028,0.0161
GLOBAL,PWRLDSINDWE,2,2029,0.0161
GLOBAL,PWRLDSINDWE,2,2030,0.0161
GLOBAL,PWRLDSINDWE,2,2031,0.0161
GLOBAL,PWRLDSINDWE,2,2032,0.0161
GLOBAL,PWRLDSINDWE,2,2033,0.0161
GLOBAL,PWRLDSINDWE,2,2034,0.0161
GLOBAL,PWRLDSINDWE,2,2035,0.0161
GLOBAL,PWRLDSINDWE,2,2036,0.0161
GLOBAL,PWRLDSINDWE,2,2037,0.0161
GLOBAL,PWRLDSINDWE,2,2038,0.0161
GLOBAL,PWRLDSINDWE,2,2039,0.0161
GLOBAL,PWRLDSINDWE,2,2040,0.0161
GLOBAL,PWRLDSINDWE,2,2041,0.0161
GLOBAL,PWRLDSINDWE,2,2042,0.0161
GLOBAL,PWRLDSINDWE,2,2043,0.0161
GLOBAL,PWRLDSINDWE,2,2044,0.0161
GLOBAL,PWRLDSINDWE,2,2045,0.0161
GLOBAL,PWRLDSINDWE,2,2046,0.0161
GLOBAL,PWRLDSINDWE,2,2047,0.0161
GLOBAL,PWRLDSINDWE,2,2048,0.0161
GLOBAL,PWRLDSINDWE,2,2049,0.0161
GLOBAL,PWRLDSINDWE,2,2050,0.0161
GLOBAL,PWRLDSLKAXX,2,2023,0.0161
GLOBAL,PWRLDSLKAXX,2,2024,0.0161
GLOBAL,PWRLDSLKAXX,2,2025,0.0161
GLOBAL,PWRLDSLKAXX,2,2026,0.0161
GLOBAL,PWRLDSLKAXX,2,2027,0.0161
GLOBAL,PWRLDSLKAXX,2,2028,0.0161
GLOBAL,PWRLDSLKAXX,2,2029,0.0161
GLOBAL,PWRLDSLKAXX,2,2030,0.0161
GLOBAL,PWRLDSLKAXX,2,2031,0.0161
GLOBAL,PWRLDSLKAXX,2,2032,0.0161
GLOBAL,PWRLDSLKAXX,2,2033,0.0161
GLOBAL,PWRLDSLKAXX,2,2034,0.0161
GLOBAL,PWRLDSLKAXX,2,2035,0.0161
GLOBAL,PWRLDSLKAXX,2,2036,0.0161
GLOBAL,PWRLDSLKAXX,2,2037,0.0161
GLOBAL,PWRLDSLKAXX,2,2038,0.0161
GLOBAL,PWRLDSLKAXX,2,2039,0.0161
GLOBAL,PWRLDSLKAXX,2,2040,0.0161
GLOBAL,PWRLDSLKAXX,2,2041,0.0161
GLOBAL,PWRLDSLKAXX,2,2042,0.0161
GLOBAL,PWRLDSLKAXX,2,2043,0.0161
GLOBAL,PWRLDSLKAXX,2,2044,0.0161
GLOBAL,PWRLDSLKAXX,2,2045,0.0161
GLOBAL,PWRLDSLKAXX,2,2046,0.0161
GLOBAL,PWRLDSLKAXX,2,2047,0.0161
GLOBAL,PWRLDSLKAXX,2,2048,0.0161
GLOBAL,PWRLDSLKAXX,2,2049,0.0161
GLOBAL,PWRLDSLKAXX,2,2050,0.0161
GLOBAL,PWRLDSMDVXX,2,2023,0.0161
GLOBAL,PWRLDSMDVXX,2,2024,0.0161
GLOBAL,PWRLDSMDVXX,2,2025,0.0161
GLOBAL,PWRLDSMDVXX,2,2026,0.0161
GLOBAL,PWRLDSMDVXX,2,2027,0.0161
GLOBAL,PWRLDSMDVXX,2,2028,0.0161
GLOBAL,PWRLDSMDVXX,2,2029,0.0161
GLOBAL,PWRLDSMDVXX,2,2030,0.0161
GLOBAL,PWRLDSMDVXX,2,2031,0.0161
GLOBAL,PWRLDSMDVXX,2,2032,0.0161
GLOBAL,PWRLDSMDVXX,2,2033,0.0161
GLOBAL,PWRLDSMDVXX,2,2034,0.0161
GLOBAL,PWRLDSMDVXX,2,2035,0.0161
GLOBAL,PWRLDSMDVXX,2,2036,0.0161
GLOBAL,PWRLDSMDVXX,2,2037,0.0161
GLOBAL,PWRLDSMDVXX,2,2038,0.0161
GLOBAL,PWRLDSMDVXX,2,2039,0.0161
GLOBAL,PWRLDSMDVXX,2,2040,0.0161
GLOBAL,PWRLDSMDVXX,2,2041,0.0161
GLOBAL,PWRLDSMDVXX,2,2042,0.0161
GLOBAL,PWRLDSMDVXX,2,2043,0.0161
GLOBAL,PWRLDSMDVXX,2,2044,0.0161
GLOBAL,PWRLDSMDVXX,2,2045,0.0161
GLOBAL,PWRLDSMDVXX,2,2046,0.0161
GLOBAL,PWRLDSMDVXX,2,2047,0.0161
GLOBAL,PWRLDSMDVXX,2,2048,0.0161
GLOBAL,PWRLDSMDVXX,2,2049,0.0161
GLOBAL,PWRLDSMDVXX,2,2050,0.0161
GLOBAL,PWRLDSNPLXX,2,2023,0.0161
GLOBAL,PWRLDSNPLXX,2,2024,0.0161
GLOBAL,PWRLDSNPLXX,2,2025,0.0161
GLOBAL,PWRLDSNPLXX,2,2026,0.0161
GLOBAL,PWRLDSNPLXX,2,2027,0.0161
GLOBAL,PWRLDSNPLXX,2,2028,0.0161
GLOBAL,PWRLDSNPLXX,2,2029,0.0161
GLOBAL,PWRLDSNPLXX,2,2030,0.0161
GLOBAL,PWRLDSNPLXX,2,2031,0.0161
GLOBAL,PWRLDSNPLXX,2,2032,0.0161
GLOBAL,PWRLDSNPLXX,2,2033,0.0161
GLOBAL,PWRLDSNPLXX,2,2034,0.0161
GLOBAL,PWRLDSNPLXX,2,2035,0.0161
GLOBAL,PWRLDSNPLXX,2,2036,0.0161
GLOBAL,PWRLDSNPLXX,2,2037,0.0161
GLOBAL,PWRLDSNPLXX,2,2038,0.0161
GLOBAL,PWRLDSNPLXX,2,2039,0.0161
GLOBAL,PWRLDSNPLXX,2,2040,0.0161
GLOBAL,PWRLDSNPLXX,2,2041,0.0161
GLOBAL,PWRLDSNPLXX,2,2042,0.0161
GLOBAL,PWRLDSNPLXX,2,2043,0.0161
GLOBAL,PWRLDSNPLXX,2,2044,0.0161
GLOBAL,PWRLDSNPLXX,2,2045,0.0161
GLOBAL,PWRLDSNPLXX,2,2046,0.0161
GLOBAL,PWRLDSNPLXX,2,2047,0.0161
GLOBAL,PWRLDSNPLXX,2,2048,0.0161
GLOBAL,PWRLDSNPLXX,2,2049,0.0161
GLOBAL,PWRLDSNPLXX,2,2050,0.0161
GLOBAL,PWRSDSBGDXX,2,2023,0.0
GLOBAL,PWRSDSBGDXX,2,2024,0.0
GLOBAL,PWRSDSBGDXX,2,2025,0.0
GLOBAL,PWRSDSBGDXX,2,2026,0.0
GLOBAL,PWRSDSBGDXX,2,2027,0.0
GLOBAL,PWRSDSBGDXX,2,2028,0.0
GLOBAL,PWRSDSBGDXX,2,2029,0.0
GLOBAL,PWRSDSBGDXX,2,2030,0.0
GLOBAL,PWRSDSBGDXX,2,2031,0.0
GLOBAL,PWRSDSBGDXX,2,2032,0.0
GLOBAL,PWRSDSBGDXX,2,2033,0.0
GLOBAL,PWRSDSBGDXX,2,2034,0.0
GLOBAL,PWRSDSBGDXX,2,2035,0.0
GLOBAL,PWRSDSBGDXX,2,2036,0.0
GLOBAL,PWRSDSBGDXX,2,2037,0.0
GLOBAL,PWRSDSBGDXX,2,2038,0.0
GLOBAL,PWRSDSBGDXX,2,2039,0.0
GLOBAL,PWRSDSBGDXX,2,2040,0.0
GLOBAL,PWRSDSBGDXX,2,2041,0.0
GLOBAL,PWRSDSBGDXX,2,2042,0.0
GLOBAL,PWRSDSBGDXX,2,2043,0.0
GLOBAL,PWRSDSBGDXX,2,2044,0.0
GLOBAL,PWRSDSBGDXX,2,2045,0.0
GLOBAL,PWRSDSBGDXX,2,2046,0.0
GLOBAL,PWRSDSBGDXX,2,2047,0.0
GLOBAL,PWRSDSBGDXX,2,2048,0.0
GLOBAL,PWRSDSBGDXX,2,2049,0.0
GLOBAL,PWRSDSBGDXX,2,2050,0.0
GLOBAL,PWRSDSBTNXX,2,2023,0.0
GLOBAL,PWRSDSBTNXX,2,2024,0.0
GLOBAL,PWRSDSBTNXX,2,2025,0.0
GLOBAL,PWRSDSBTNXX,2,2026,0.0
GLOBAL,PWRSDSBTNXX,2,2027,0.0
GLOBAL,PWRSDSBTNXX,2,2028,0.0
GLOBAL,PWRSDSBTNXX,2,2029,0.0
GLOBAL,PWRSDSBTNXX,2,2030,0.0
GLOBAL,PWRSDSBTNXX,2,2031,0.0
GLOBAL,PWRSDSBTNXX,2,2032,0.0
GLOBAL,PWRSDSBTNXX,2,2033,0.0
GLOBAL,PWRSDSBTNXX,2,2034,0.0
GLOBAL,PWRSDSBTNXX,2,2035,0.0
GLOBAL,PWRSDSBTNXX,2,2036,0.0
GLOBAL,PWRSDSBTNXX,2,2037,0.0
GLOBAL,PWRSDSBTNXX,2,2038,0.0
GLOBAL,PWRSDSBTNXX,2,2039,0.0
GLOBAL,PWRSDSBTNXX,2,2040,0.0
GLOBAL,PWRSDSBTNXX,2,2041,0.0
GLOBAL,PWRSDSBTNXX,2,2042,0.0
GLOBAL,PWRSDSBTNXX,2,2043,0.0
GLOBAL,PWRSDSBTNXX,2,2044,0.0
GLOBAL,PWRSDSBTNXX,2,2045,0.0
GLOBAL,PWRSDSBTNXX,2,2046,0.0
GLOBAL,PWRSDSBTNXX,2,2047,0.0
GLOBAL,PWRSDSBTNXX,2,2048,0.0
GLOBAL,PWRSDSBTNXX,2,2049,0.0
GLOBAL,PWRSDSBTNXX,2,2050,0.0
GLOBAL,PWRSDSINDEA,2,2023,0.0
GLOBAL,PWRSDSINDEA,2,2024,0.0
GLOBAL,PWRSDSINDEA,2,2025,0.0
GLOBAL,PWRSDSINDEA,2,2026,0.0
GLOBAL,PWRSDSINDEA,2,2027,0.0
GLOBAL,PWRSDSINDEA,2,2028,0.0
GLOBAL,PWRSDSINDEA,2,2029,0.0
GLOBAL,PWRSDSINDEA,2,2030,0.0
GLOBAL,PWRSDSINDEA,2,2031,0.0
GLOBAL,PWRSDSINDEA,2,2032,0.0
GLOBAL,PWRSDSINDEA,2,2033,0.0
GLOBAL,PWRSDSINDEA,2,2034,0.0
GLOBAL,PWRSDSINDEA,2,2035,0.0
GLOBAL,PWRSDSINDEA,2,2036,0.0
GLOBAL,PWRSDSINDEA,2,2037,0.0
GLOBAL,PWRSDSINDEA,2,2038,0.0
GLOBAL,PWRSDSINDEA,2,2039,0.0
GLOBAL,PWRSDSINDEA,2,2040,0.0
GLOBAL,PWRSDSINDEA,2,2041,0.0
GLOBAL,PWRSDSINDEA,2,2042,0.0
GLOBAL,PWRSDSINDEA,2,2043,0.0
GLOBAL,PWRSDSINDEA,2,2044,0.0
GLOBAL,PWRSDSINDEA,2,2045,0.0
GLOBAL,PWRSDSINDEA,2,2046,0.0
GLOBAL,PWRSDSINDEA,2,2047,0.0
GLOBAL,PWRSDSINDEA,2,2048,0.0
GLOBAL,PWRSDSINDEA,2,2049,0.0
GLOBAL,PWRSDSINDEA,2,2050,0.0
GLOBAL,PWRSDSINDNE,2,2023,0.0
GLOBAL,PWRSDSINDNE,2,2024,0.0
GLOBAL,PWRSDSINDNE,2,2025,0.0
GLOBAL,PWRSDSINDNE,2,2026,0.0
GLOBAL,PWRSDSINDNE,2,2027,0.0
GLOBAL,PWRSDSINDNE,2,2028,0.0
GLOBAL,PWRSDSINDNE,2,2029,0.0
GLOBAL,PWRSDSINDNE,2,2030,0.0
GLOBAL,PWRSDSINDNE,2,2031,0.0
GLOBAL,PWRSDSINDNE,2,2032,0.0
GLOBAL,PWRSDSINDNE,2,2033,0.0
GLOBAL,PWRSDSINDNE,2,2034,0.0
GLOBAL,PWRSDSINDNE,2,2035,0.0
GLOBAL,PWRSDSINDNE,2,2036,0.0
GLOBAL,PWRSDSINDNE,2,2037,0.0
GLOBAL,PWRSDSINDNE,2,2038,0.0
GLOBAL,PWRSDSINDNE,2,2039,0.0
GLOBAL,PWRSDSINDNE,2,2040,0.0
GLOBAL,PWRSDSINDNE,2,2041,0.0
GLOBAL,PWRSDSINDNE,2,2042,0.0
GLOBAL,PWRSDSINDNE,2,2043,0.0
GLOBAL,PWRSDSINDNE,2,2044,0.0
GLOBAL,PWRSDSINDNE,2,2045,0.0
GLOBAL,PWRSDSINDNE,2,2046,0.0
GLOBAL,PWRSDSINDNE,2,2047,0.0
GLOBAL,PWRSDSINDNE,2,2048,0.0
GLOBAL,PWRSDSINDNE,2,2049,0.0
GLOBAL,PWRSDSINDNE,2,2050,0.0
GLOBAL,PWRSDSINDNO,2,2023,0.0
GLOBAL,PWRSDSINDNO,2,2024,0.0
GLOBAL,PWRSDSINDNO,2,2025,0.0
GLOBAL,PWRSDSINDNO,2,2026,0.0
GLOBAL,PWRSDSINDNO,2,2027,0.0
GLOBAL,PWRSDSINDNO,2,2028,0.0
GLOBAL,PWRSDSINDNO,2,2029,0.0
GLOBAL,PWRSDSINDNO,2,2030,0.0
GLOBAL,PWRSDSINDNO,2,2031,0.0
GLOBAL,PWRSDSINDNO,2,2032,0.0
GLOBAL,PWRSDSINDNO,2,2033,0.0
GLOBAL,PWRSDSINDNO,2,2034,0.0
GLOBAL,PWRSDSINDNO,2,2035,0.0
GLOBAL,PWRSDSINDNO,2,2036,0.0
GLOBAL,PWRSDSINDNO,2,2037,0.0
GLOBAL,PWRSDSINDNO,2,2038,0.0
GLOBAL,PWRSDSINDNO,2,2039,0.0
GLOBAL,PWRSDSINDNO,2,2040,0.0
GLOBAL,PWRSDSINDNO,2,2041,0.0
GLOBAL,PWRSDSINDNO,2,2042,0.0
GLOBAL,PWRSDSINDNO,2,2043,0.0
GLOBAL,PWRSDSINDNO,2,2044,0.0
GLOBAL,PWRSDSINDNO,2,2045,0.0
GLOBAL,PWRSDSINDNO,2,2046,0.0
GLOBAL,PWRSDSINDNO,2,2047,0.0
GLOBAL,PWRSDSINDNO,2,2048,0.0
GLOBAL,PWRSDSINDNO,2,2049,0.0
GLOBAL,PWRSDSINDNO,2,2050,0.0
GLOBAL,PWRSDSINDSO,2,2023,0.0
GLOBAL,PWRSDSINDSO,2,2024,0.0
GLOBAL,PWRSDSINDSO,2,2025,0.0
GLOBAL,PWRSDSINDSO,2,2026,0.0
GLOBAL,PWRSDSINDSO,2,2027,0.0
GLOBAL,PWRSDSINDSO,2,2028,0.0
GLOBAL,PWRSDSINDSO,2,2029,0.0
GLOBAL,PWRSDSINDSO,2,2030,0.0
GLOBAL,PWRSDSINDSO,2,2031,0.0
GLOBAL,PWRSDSINDSO,2,2032,0.0
GLOBAL,PWRSDSINDSO,2,2033,0.0
GLOBAL,PWRSDSINDSO,2,2034,0.0
GLOBAL,PWRSDSINDSO,2,2035,0.0
GLOBAL,PWRSDSINDSO,2,2036,0.0
GLOBAL,PWRSDSINDSO,2,2037,0.0
GLOBAL,PWRSDSINDSO,2,2038,0.0
GLOBAL,PWRSDSINDSO,2,2039,0.0
GLOBAL,PWRSDSINDSO,2,2040,0.0
GLOBAL,PWRSDSINDSO,2,2041,0.0
GLOBAL,PWRSDSINDSO,2,2042,0.0
GLOBAL,PWRSDSINDSO,2,2043,0.0
GLOBAL,PWRSDSINDSO,2,2044,0.0
GLOBAL,PWRSDSINDSO,2,2045,0.0
GLOBAL,PWRSDSINDSO,2,2046,0.0
GLOBAL,PWRSDSINDSO,2,2047,0.0
GLOBAL,PWRSDSINDSO,2,2048,0.0
GLOBAL,PWRSDSINDSO,2,2049,0.0
GLOBAL,PWRSDSINDSO,2,2050,0.0
GLOBAL,PWRSDSINDWE,2,2023,0.0
GLOBAL,PWRSDSINDWE,2,2024,0.0
GLOBAL,PWRSDSINDWE,2,2025,0.0
GLOBAL,PWRSDSINDWE,2,2026,0.0
GLOBAL,PWRSDSINDWE,2,2027,0.0
GLOBAL,PWRSDSINDWE,2,2028,0.0
GLOBAL,PWRSDSINDWE,2,2029,0.0
GLOBAL,PWRSDSINDWE,2,2030,0.0
GLOBAL,PWRSDSINDWE,2,2031,0.0
GLOBAL,PWRSDSINDWE,2,2032,0.0
GLOBAL,PWRSDSINDWE,2,2033,0.0
GLOBAL,PWRSDSINDWE,2,2034,0.0
GLOBAL,PWRSDSINDWE,2,2035,0.0
GLOBAL,PWRSDSINDWE,2,2036,0.0
GLOBAL,PWRSDSINDWE,2,2037,0.0
GLOBAL,PWRSDSINDWE,2,2038,0.0
GLOBAL,PWRSDSINDWE,2,2039,0.0
GLOBAL,PWRSDSINDWE,2,2040,0.0
GLOBAL,PWRSDSINDWE,2,2041,0.0
GLOBAL,PWRSDSINDWE,2,2042,0.0
GLOBAL,PWRSDSINDWE,2,2043,0.0
GLOBAL,PWRSDSINDWE,2,2044,0.0
GLOBAL,PWRSDSINDWE,2,2045,0.0
GLOBAL,PWRSDSINDWE,2,2046,0.0
GLOBAL,PWRSDSINDWE,2,2047,0.0
GLOBAL,PWRSDSINDWE,2,2048,0.0
GLOBAL,PWRSDSINDWE,2,2049,0.0
GLOBAL,PWRSDSINDWE,2,2050,0.0
GLOBAL,PWRSDSLKAXX,2,2023,0.0
GLOBAL,PWRSDSLKAXX,2,2024,0.0
GLOBAL,PWRSDSLKAXX,2,2025,0.0
GLOBAL,PWRSDSLKAXX,2,2026,0.0
GLOBAL,PWRSDSLKAXX,2,2027,0.0
GLOBAL,PWRSDSLKAXX,2,2028,0.0
GLOBAL,PWRSDSLKAXX,2,2029,0.0
GLOBAL,PWRSDSLKAXX,2,2030,0.0
GLOBAL,PWRSDSLKAXX,2,2031,0.0
GLOBAL,PWRSDSLKAXX,2,2032,0.0
GLOBAL,PWRSDSLKAXX,2,2033,0.0
GLOBAL,PWRSDSLKAXX,2,2034,0.0
GLOBAL,PWRSDSLKAXX,2,2035,0.0
GLOBAL,PWRSDSLKAXX,2,2036,0.0
GLOBAL,PWRSDSLKAXX,2,2037,0.0
GLOBAL,PWRSDSLKAXX,2,2038,0.0
GLOBAL,PWRSDSLKAXX,2,2039,0.0
GLOBAL,PWRSDSLKAXX,2,2040,0.0
GLOBAL,PWRSDSLKAXX,2,2041,0.0
GLOBAL,PWRSDSLKAXX,2,2042,0.0
GLOBAL,PWRSDSLKAXX,2,2043,0.0
GLOBAL,PWRSDSLKAXX,2,2044,0.0
GLOBAL,PWRSDSLKAXX,2,2045,0.0
GLOBAL,PWRSDSLKAXX,2,2046,0.0
GLOBAL,PWRSDSLKAXX,2,2047,0.0
GLOBAL,PWRSDSLKAXX,2,2048,0.0
GLOBAL,PWRSDSLKAXX,2,2049,0.0
GLOBAL,PWRSDSLKAXX,2,2050,0.0
GLOBAL,PWRSDSMDVXX,2,2023,0.0
GLOBAL,PWRSDSMDVXX,2,2024,0.0
GLOBAL,PWRSDSMDVXX,2,2025,0.0
GLOBAL,PWRSDSMDVXX,2,2026,0.0
GLOBAL,PWRSDSMDVXX,2,2027,0.0
GLOBAL,PWRSDSMDVXX,2,2028,0.0
GLOBAL,PWRSDSMDVXX,2,2029,0.0
GLOBAL,PWRSDSMDVXX,2,2030,0.0
GLOBAL,PWRSDSMDVXX,2,2031,0.0
GLOBAL,PWRSDSMDVXX,2,2032,0.0
GLOBAL,PWRSDSMDVXX,2,2033,0.0
GLOBAL,PWRSDSMDVXX,2,2034,0.0
GLOBAL,PWRSDSMDVXX,2,2035,0.0
GLOBAL,PWRSDSMDVXX,2,2036,0.0
GLOBAL,PWRSDSMDVXX,2,2037,0.0
GLOBAL,PWRSDSMDVXX,2,2038,0.0
GLOBAL,PWRSDSMDVXX,2,2039,0.0
GLOBAL,PWRSDSMDVXX,2,2040,0.0
GLOBAL,PWRSDSMDVXX,2,2041,0.0
GLOBAL,PWRSDSMDVXX,2,2042,0.0
GLOBAL,PWRSDSMDVXX,2,2043,0.0
GLOBAL,PWRSDSMDVXX,2,2044,0.0
GLOBAL,PWRSDSMDVXX,2,2045,0.0
GLOBAL,PWRSDSMDVXX,2,2046,0.0
GLOBAL,PWRSDSMDVXX,2,2047,0.0
GLOBAL,PWRSDSMDVXX,2,2048,0.0
GLOBAL,PWRSDSMDVXX,2,2049,0.0
GLOBAL,PWRSDSMDVXX,2,2050,0.0
GLOBAL,PWRSDSNPLXX,2,2023,0.0
GLOBAL,PWRSDSNPLXX,2,2024,0.0
GLOBAL,PWRSDSNPLXX,2,2025,0.0
GLOBAL,PWRSDSNPLXX,2,2026,0.0
GLOBAL,PWRSDSNPLXX,2,2027,0.0
GLOBAL,PWRSDSNPLXX,2,2028,0.0
GLOBAL,PWRSDSNPLXX,2,2029,0.0
GLOBAL,PWRSDSNPLXX,2,2030,0.0
GLOBAL,PWRSDSNPLXX,2,2031,0.0
GLOBAL,PWRSDSNPLXX,2,2032,0.0
GLOBAL,PWRSDSNPLXX,2,2033,0.0
GLOBAL,PWRSDSNPLXX,2,2034,0.0
GLOBAL,PWRSDSNPLXX,2,2035,0.0
GLOBAL,PWRSDSNPLXX,2,2036,0.0
GLOBAL,PWRSDSNPLXX,2,2037,0.0
GLOBAL,PWRSDSNPLXX,2,2038,0.0
GLOBAL,PWRSDSNPLXX,2,2039,0.0
GLOBAL,PWRSDSNPLXX,2,2040,0.0
GLOBAL,PWRSDSNPLXX,2,2041,0.0
GLOBAL,PWRSDSNPLXX,2,2042,0.0
GLOBAL,PWRSDSNPLXX,2,2043,0.0
GLOBAL,PWRSDSNPLXX,2,2044,0.0
GLOBAL,PWRSDSNPLXX,2,2045,0.0
GLOBAL,PWRSDSNPLXX,2,2046,0.0
GLOBAL,PWRSDSNPLXX,2,2047,0.0
GLOBAL,PWRSDSNPLXX,2,2048,0.0
GLOBAL,PWRSDSNPLXX,2,2049,0.0
GLOBAL,PWRSDSNPLXX,2,2050,0.0
GLOBAL,RNWBIOBGDXX,1,2023,4.0
GLOBAL,RNWBIOBGDXX,1,2024,4.0
GLOBAL,RNWBIOBGDXX,1,2025,4.0
GLOBAL,RNWBIOBGDXX,1,2026,4.02
GLOBAL,RNWBIOBGDXX,1,2027,4.04
GLOBAL,RNWBIOBGDXX,1,2028,4.06
GLOBAL,RNWBIOBGDXX,1,2029,4.08
GLOBAL,RNWBIOBGDXX,1,2030,4.1
GLOBAL,RNWBIOBGDXX,1,2031,4.12
GLOBAL,RNWBIOBGDXX,1,2032,4.14
GLOBAL,RNWBIOBGDXX,1,2033,4.16
GLOBAL,RNWBIOBGDXX,1,2034,4.18
GLOBAL,RNWBIOBGDXX,1,2035,4.2
GLOBAL,RNWBIOBGDXX,1,2036,4.22
GLOBAL,RNWBIOBGDXX,1,2037,4.24
GLOBAL,RNWBIOBGDXX,1,2038,4.26
GLOBAL,RNWBIOBGDXX,1,2039,4.28
GLOBAL,RNWBIOBGDXX,1,2040,4.3
GLOBAL,RNWBIOBGDXX,1,2041,4.32
GLOBAL,RNWBIOBGDXX,1,2042,4.34
GLOBAL,RNWBIOBGDXX,1,2043,4.36
GLOBAL,RNWBIOBGDXX,1,2044,4.38
GLOBAL,RNWBIOBGDXX,1,2045,4.4
GLOBAL,RNWBIOBGDXX,1,2046,4.42
GLOBAL,RNWBIOBGDXX,1,2047,4.44
GLOBAL,RNWBIOBGDXX,1,2048,4.46
GLOBAL,RNWBIOBGDXX,1,2049,4.48
GLOBAL,RNWBIOBGDXX,1,2050,4.5
GLOBAL,RNWBIOBTNXX,1,2023,4.0
GLOBAL,RNWBIOBTNXX,1,2024,4.0
GLOBAL,RNWBIOBTNXX,1,2025,4.0
GLOBAL,RNWBIOBTNXX,1,2026,4.02
GLOBAL,RNWBIOBTNXX,1,2027,4.04
GLOBAL,RNWBIOBTNXX,1,2028,4.06
GLOBAL,RNWBIOBTNXX,1,2029,4.08
GLOBAL,RNWBIOBTNXX,1,2030,4.1
GLOBAL,RNWBIOBTNXX,1,2031,4.12
GLOBAL,RNWBIOBTNXX,1,2032,4.14
GLOBAL,RNWBIOBTNXX,1,2033,4.16
GLOBAL,RNWBIOBTNXX,1,2034,4.18
GLOBAL,RNWBIOBTNXX,1,2035,4.2
GLOBAL,RNWBIOBTNXX,1,2036,4.22
GLOBAL,RNWBIOBTNXX,1,2037,4.24
GLOBAL,RNWBIOBTNXX,1,2038,4.26
GLOBAL,RNWBIOBTNXX,1,2039,4.28
GLOBAL,RNWBIOBTNXX,1,2040,4.3
GLOBAL,RNWBIOBTNXX,1,2041,4.32
GLOBAL,RNWBIOBTNXX,1,2042,4.34
GLOBAL,RNWBIOBTNXX,1,2043,4.36
GLOBAL,RNWBIOBTNXX,1,2044,4.38
GLOBAL,RNWBIOBTNXX,1,2045,4.4
GLOBAL,RNWBIOBTNXX,1,2046,4.42
GLOBAL,RNWBIOBTNXX,1,2047,4.44
GLOBAL,RNWBIOBTNXX,1,2048,4.46
GLOBAL,RNWBIOBTNXX,1,2049,4.48
GLOBAL,RNWBIOBTNXX,1,2050,4.5
GLOBAL,RNWBIOINDEA,1,2023,4.0
GLOBAL,RNWBIOINDEA,1,2024,4.0
GLOBAL,RNWBIOINDEA,1,2025,4.0
GLOBAL,RNWBIOINDEA,1,2026,4.02
GLOBAL,RNWBIOINDEA,1,2027,4.04
GLOBAL,RNWBIOINDEA,1,2028,4.06
GLOBAL,RNWBIOINDEA,1,2029,4.08
GLOBAL,RNWBIOINDEA,1,2030,4.1
GLOBAL,RNWBIOINDEA,1,2031,4.12
GLOBAL,RNWBIOINDEA,1,2032,4.14
GLOBAL,RNWBIOINDEA,1,2033,4.16
GLOBAL,RNWBIOINDEA,1,2034,4.18
GLOBAL,RNWBIOINDEA,1,2035,4.2
GLOBAL,RNWBIOINDEA,1,2036,4.22
GLOBAL,RNWBIOINDEA,1,2037,4.24
GLOBAL,RNWBIOINDEA,1,2038,4.26
GLOBAL,RNWBIOINDEA,1,2039,4.28
GLOBAL,RNWBIOINDEA,1,2040,4.3
GLOBAL,RNWBIOINDEA,1,2041,4.32
GLOBAL,RNWBIOINDEA,1,2042,4.34
GLOBAL,RNWBIOINDEA,1,2043,4.36
GLOBAL,RNWBIOINDEA,1,2044,4.38
GLOBAL,RNWBIOINDEA,1,2045,4.4
GLOBAL,RNWBIOINDEA,1,2046,4.42
GLOBAL,RNWBIOINDEA,1,2047,4.44
GLOBAL,RNWBIOINDEA,1,2048,4.46
GLOBAL,RNWBIOINDEA,1,2049,4.48
GLOBAL,RNWBIOINDEA,1,2050,4.5
GLOBAL,RNWBIOINDNE,1,2023,4.0
GLOBAL,RNWBIOINDNE,1,2024,4.0
GLOBAL,RNWBIOINDNE,1,2025,4.0
GLOBAL,RNWBIOINDNE,1,2026,4.02
GLOBAL,RNWBIOINDNE,1,2027,4.04
GLOBAL,RNWBIOINDNE,1,2028,4.06
GLOBAL,RNWBIOINDNE,1,2029,4.08
GLOBAL,RNWBIOINDNE,1,2030,4.1
GLOBAL,RNWBIOINDNE,1,2031,4.12
GLOBAL,RNWBIOINDNE,1,2032,4.14
GLOBAL,RNWBIOINDNE,1,2033,4.16
GLOBAL,RNWBIOINDNE,1,2034,4.18
GLOBAL,RNWBIOINDNE,1,2035,4.2
GLOBAL,RNWBIOINDNE,1,2036,4.22
GLOBAL,RNWBIOINDNE,1,2037,4.24
GLOBAL,RNWBIOINDNE,1,2038,4.26
GLOBAL,RNWBIOINDNE,1,2039,4.28
GLOBAL,RNWBIOINDNE,1,2040,4.3
GLOBAL,RNWBIOINDNE,1,2041,4.32
GLOBAL,RNWBIOINDNE,1,2042,4.34
GLOBAL,RNWBIOINDNE,1,2043,4.36
GLOBAL,RNWBIOINDNE,1,2044,4.38
GLOBAL,RNWBIOINDNE,1,2045,4.4
GLOBAL,RNWBIOINDNE,1,2046,4.42
GLOBAL,RNWBIOINDNE,1,2047,4.44
GLOBAL,RNWBIOINDNE,1,2048,4.46
GLOBAL,RNWBIOINDNE,1,2049,4.48
GLOBAL,RNWBIOINDNE,1,2050,4.5
GLOBAL,RNWBIOINDNO,1,2023,4.0
GLOBAL,RNWBIOINDNO,1,2024,4.0
GLOBAL,RNWBIOINDNO,1,2025,4.0
GLOBAL,RNWBIOINDNO,1,2026,4.02
GLOBAL,RNWBIOINDNO,1,2027,4.04
GLOBAL,RNWBIOINDNO,1,2028,4.06
GLOBAL,RNWBIOINDNO,1,2029,4.08
GLOBAL,RNWBIOINDNO,1,2030,4.1
GLOBAL,RNWBIOINDNO,1,2031,4.12
GLOBAL,RNWBIOINDNO,1,2032,4.14
GLOBAL,RNWBIOINDNO,1,2033,4.16
GLOBAL,RNWBIOINDNO,1,2034,4.18
GLOBAL,RNWBIOINDNO,1,2035,4.2
GLOBAL,RNWBIOINDNO,1,2036,4.22
GLOBAL,RNWBIOINDNO,1,2037,4.24
GLOBAL,RNWBIOINDNO,1,2038,4.26
GLOBAL,RNWBIOINDNO,1,2039,4.28
GLOBAL,RNWBIOINDNO,1,2040,4.3
GLOBAL,RNWBIOINDNO,1,2041,4.32
GLOBAL,RNWBIOINDNO,1,2042,4.34
GLOBAL,RNWBIOINDNO,1,2043,4.36
GLOBAL,RNWBIOINDNO,1,2044,4.38
GLOBAL,RNWBIOINDNO,1,2045,4.4
GLOBAL,RNWBIOINDNO,1,2046,4.42
GLOBAL,RNWBIOINDNO,1,2047,4.44
GLOBAL,RNWBIOINDNO,1,2048,4.46
GLOBAL,RNWBIOINDNO,1,2049,4.48
GLOBAL,RNWBIOINDNO,1,2050,4.5
GLOBAL,RNWBIOINDSO,1,2023,4.0
GLOBAL,RNWBIOINDSO,1,2024,4.0
GLOBAL,RNWBIOINDSO,1,2025,4.0
GLOBAL,RNWBIOINDSO,1,2026,4.02
GLOBAL,RNWBIOINDSO,1,2027,4.04
GLOBAL,RNWBIOINDSO,1,2028,4.06
GLOBAL,RNWBIOINDSO,1,2029,4.08
GLOBAL,RNWBIOINDSO,1,2030,4.1
GLOBAL,RNWBIOINDSO,1,2031,4.12
GLOBAL,RNWBIOINDSO,1,2032,4.14
GLOBAL,RNWBIOINDSO,1,2033,4.16
GLOBAL,RNWBIOINDSO,1,2034,4.18
GLOBAL,RNWBIOINDSO,1,2035,4.2
GLOBAL,RNWBIOINDSO,1,2036,4.22
GLOBAL,RNWBIOINDSO,1,2037,4.24
GLOBAL,RNWBIOINDSO,1,2038,4.26
GLOBAL,RNWBIOINDSO,1,2039,4.28
GLOBAL,RNWBIOINDSO,1,2040,4.3
GLOBAL,RNWBIOINDSO,1,2041,4.32
GLOBAL,RNWBIOINDSO,1,2042,4.34
GLOBAL,RNWBIOINDSO,1,2043,4.36
GLOBAL,RNWBIOINDSO,1,2044,4.38
GLOBAL,RNWBIOINDSO,1,2045,4.4
GLOBAL,RNWBIOINDSO,1,2046,4.42
GLOBAL,RNWBIOINDSO,1,2047,4.44
GLOBAL,RNWBIOINDSO,1,2048,4.46
GLOBAL,RNWBIOINDSO,1,2049,4.48
GLOBAL,RNWBIOINDSO,1,2050,4.5
GLOBAL,RNWBIOINDWE,1,2023,4.0
GLOBAL,RNWBIOINDWE,1,2024,4.0
GLOBAL,RNWBIOINDWE,1,2025,4.0
GLOBAL,RNWBIOINDWE,1,2026,4.02
GLOBAL,RNWBIOINDWE,1,2027,4.04
GLOBAL,RNWBIOINDWE,1,2028,4.06
GLOBAL,RNWBIOINDWE,1,2029,4.08
GLOBAL,RNWBIOINDWE,1,2030,4.1
GLOBAL,RNWBIOINDWE,1,2031,4.12
GLOBAL,RNWBIOINDWE,1,2032,4.14
GLOBAL,RNWBIOINDWE,1,2033,4.16
GLOBAL,RNWBIOINDWE,1,2034,4.18
GLOBAL,RNWBIOINDWE,1,2035,4.2
GLOBAL,RNWBIOINDWE,1,2036,4.22
GLOBAL,RNWBIOINDWE,1,2037,4.24
GLOBAL,RNWBIOINDWE,1,2038,4.26
GLOBAL,RNWBIOINDWE,1,2039,4.28
GLOBAL,RNWBIOINDWE,1,2040,4.3
GLOBAL,RNWBIOINDWE,1,2041,4.32
GLOBAL,RNWBIOINDWE,1,2042,4.34
GLOBAL,RNWBIOINDWE,1,2043,4.36
GLOBAL,RNWBIOINDWE,1,2044,4.38
GLOBAL,RNWBIOINDWE,1,2045,4.4
GLOBAL,RNWBIOINDWE,1,2046,4.42
GLOBAL,RNWBIOINDWE,1,2047,4.44
GLOBAL,RNWBIOINDWE,1,2048,4.46
GLOBAL,RNWBIOINDWE,1,2049,4.48
GLOBAL,RNWBIOINDWE,1,2050,4.5
GLOBAL,RNWBIOLKAXX,1,2023,4.0
GLOBAL,RNWBIOLKAXX,1,2024,4.0
GLOBAL,RNWBIOLKAXX,1,2025,4.0
GLOBAL,RNWBIOLKAXX,1,2026,4.02
GLOBAL,RNWBIOLKAXX,1,2027,4.04
GLOBAL,RNWBIOLKAXX,1,2028,4.06
GLOBAL,RNWBIOLKAXX,1,2029,4.08
GLOBAL,RNWBIOLKAXX,1,2030,4.1
GLOBAL,RNWBIOLKAXX,1,2031,4.12
GLOBAL,RNWBIOLKAXX,1,2032,4.14
GLOBAL,RNWBIOLKAXX,1,2033,4.16
GLOBAL,RNWBIOLKAXX,1,2034,4.18
GLOBAL,RNWBIOLKAXX,1,2035,4.2
GLOBAL,RNWBIOLKAXX,1,2036,4.22
GLOBAL,RNWBIOLKAXX,1,2037,4.24
GLOBAL,RNWBIOLKAXX,1,2038,4.26
GLOBAL,RNWBIOLKAXX,1,2039,4.28
GLOBAL,RNWBIOLKAXX,1,2040,4.3
GLOBAL,RNWBIOLKAXX,1,2041,4.32
GLOBAL,RNWBIOLKAXX,1,2042,4.34
GLOBAL,RNWBIOLKAXX,1,2043,4.36
GLOBAL,RNWBIOLKAXX,1,2044,4.38
GLOBAL,RNWBIOLKAXX,1,2045,4.4
GLOBAL,RNWBIOLKAXX,1,2046,4.42
GLOBAL,RNWBIOLKAXX,1,2047,4.44
GLOBAL,RNWBIOLKAXX,1,2048,4.46
GLOBAL,RNWBIOLKAXX,1,2049,4.48
GLOBAL,RNWBIOLKAXX,1,2050,4.5
GLOBAL,RNWBIOMDVXX,1,2023,4.0
GLOBAL,RNWBIOMDVXX,1,2024,4.0
GLOBAL,RNWBIOMDVXX,1,2025,4.0
GLOBAL,RNWBIOMDVXX,1,2026,4.02
GLOBAL,RNWBIOMDVXX,1,2027,4.04
GLOBAL,RNWBIOMDVXX,1,2028,4.06
GLOBAL,RNWBIOMDVXX,1,2029,4.08
GLOBAL,RNWBIOMDVXX,1,2030,4.1
GLOBAL,RNWBIOMDVXX,1,2031,4.12
GLOBAL,RNWBIOMDVXX,1,2032,4.14
GLOBAL,RNWBIOMDVXX,1,2033,4.16
GLOBAL,RNWBIOMDVXX,1,2034,4.18
GLOBAL,RNWBIOMDVXX,1,2035,4.2
GLOBAL,RNWBIOMDVXX,1,2036,4.22
GLOBAL,RNWBIOMDVXX,1,2037,4.24
GLOBAL,RNWBIOMDVXX,1,2038,4.26
GLOBAL,RNWBIOMDVXX,1,2039,4.28
GLOBAL,RNWBIOMDVXX,1,2040,4.3
GLOBAL,RNWBIOMDVXX,1,2041,4.32
GLOBAL,RNWBIOMDVXX,1,2042,4.34
GLOBAL,RNWBIOMDVXX,1,2043,4.36
GLOBAL,RNWBIOMDVXX,1,2044,4.38
GLOBAL,RNWBIOMDVXX,1,2045,4.4
GLOBAL,RNWBIOMDVXX,1,2046,4.42
GLOBAL,RNWBIOMDVXX,1,2047,4.44
GLOBAL,RNWBIOMDVXX,1,2048,4.46
GLOBAL,RNWBIOMDVXX,1,2049,4.48
GLOBAL,RNWBIOMDVXX,1,2050,4.5
GLOBAL,RNWBIONPLXX,1,2023,4.0
GLOBAL,RNWBIONPLXX,1,2024,4.0
GLOBAL,RNWBIONPLXX,1,2025,4.0
GLOBAL,RNWBIONPLXX,1,2026,4.02
GLOBAL,RNWBIONPLXX,1,2027,4.04
GLOBAL,RNWBIONPLXX,1,2028,4.06
GLOBAL,RNWBIONPLXX,1,2029,4.08
GLOBAL,RNWBIONPLXX,1,2030,4.1
GLOBAL,RNWBIONPLXX,1,2031,4.12
GLOBAL,RNWBIONPLXX,1,2032,4.14
GLOBAL,RNWBIONPLXX,1,2033,4.16
GLOBAL,RNWBIONPLXX,1,2034,4.18
GLOBAL,RNWBIONPLXX,1,2035,4.2
GLOBAL,RNWBIONPLXX,1,2036,4.22
GLOBAL,RNWBIONPLXX,1,2037,4.24
GLOBAL,RNWBIONPLXX,1,2038,4.26
GLOBAL,RNWBIONPLXX,1,2039,4.28
GLOBAL,RNWBIONPLXX,1,2040,4.3
GLOBAL,RNWBIONPLXX,1,2041,4.32
GLOBAL,RNWBIONPLXX,1,2042,4.34
GLOBAL,RNWBIONPLXX,1,2043,4.36
GLOBAL,RNWBIONPLXX,1,2044,4.38
GLOBAL,RNWBIONPLXX,1,2045,4.4
GLOBAL,RNWBIONPLXX,1,2046,4.42
GLOBAL,RNWBIONPLXX,1,2047,4.44
GLOBAL,RNWBIONPLXX,1,2048,4.46
GLOBAL,RNWBIONPLXX,1,2049,4.48
GLOBAL,RNWBIONPLXX,1,2050,4.5
GLOBAL,TRNBGDXXINDEA,1,2023,1.1111
GLOBAL,TRNBGDXXINDEA,1,2024,1.1111
GLOBAL,TRNBGDXXINDEA,1,2025,1.1111
GLOBAL,TRNBGDXXINDEA,1,2026,1.1111
GLOBAL,TRNBGDXXINDEA,1,2027,1.1111
GLOBAL,TRNBGDXXINDEA,1,2028,1.1111
GLOBAL,TRNBGDXXINDEA,1,2029,1.1111
GLOBAL,TRNBGDXXINDEA,1,2030,1.1111
GLOBAL,TRNBGDXXINDEA,1,2031,1.1111
GLOBAL,TRNBGDXXINDEA,1,2032,1.1111
GLOBAL,TRNBGDXXINDEA,1,2033,1.1111
GLOBAL,TRNBGDXXINDEA,1,2034,1.1111
GLOBAL,TRNBGDXXINDEA,1,2035,1.1111
GLOBAL,TRNBGDXXINDEA,1,2036,1.1111
GLOBAL,TRNBGDXXINDEA,1,2037,1.1111
GLOBAL,TRNBGDXXINDEA,1,2038,1.1111
GLOBAL,TRNBGDXXINDEA,1,2039,1.1111
GLOBAL,TRNBGDXXINDEA,1,2040,1.1111
GLOBAL,TRNBGDXXINDEA,1,2041,1.1111
GLOBAL,TRNBGDXXINDEA,1,2042,1.1111
GLOBAL,TRNBGDXXINDEA,1,2043,1.1111
GLOBAL,TRNBGDXXINDEA,1,2044,1.1111
GLOBAL,TRNBGDXXINDEA,1,2045,1.1111
GLOBAL,TRNBGDXXINDEA,1,2046,1.1111
GLOBAL,TRNBGDXXINDEA,1,2047,1.1111
GLOBAL,TRNBGDXXINDEA,1,2048,1.1111
GLOBAL,TRNBGDXXINDEA,1,2049,1.1111
GLOBAL,TRNBGDXXINDEA,1,2050,1.1111
GLOBAL,TRNBGDXXINDEA,2,2023,1.1111
GLOBAL,TRNBGDXXINDEA,2,2024,1.1111
GLOBAL,TRNBGDXXINDEA,2,2025,1.1111
GLOBAL,TRNBGDXXINDEA,2,2026,1.1111
GLOBAL,TRNBGDXXINDEA,2,2027,1.1111
GLOBAL,TRNBGDXXINDEA,2,2028,1.1111
GLOBAL,TRNBGDXXINDEA,2,2029,1.1111
GLOBAL,TRNBGDXXINDEA,2,2030,1.1111
GLOBAL,TRNBGDXXINDEA,2,2031,1.1111
GLOBAL,TRNBGDXXINDEA,2,2032,1.1111
GLOBAL,TRNBGDXXINDEA,2,2033,1.1111
GLOBAL,TRNBGDXXINDEA,2,2034,1.1111
GLOBAL,TRNBGDXXINDEA,2,2035,1.1111
GLOBAL,TRNBGDXXINDEA,2,2036,1.1111
GLOBAL,TRNBGDXXINDEA,2,2037,1.1111
GLOBAL,TRNBGDXXINDEA,2,2038,1.1111
GLOBAL,TRNBGDXXINDEA,2,2039,1.1111
GLOBAL,TRNBGDXXINDEA,2,2040,1.1111
GLOBAL,TRNBGDXXINDEA,2,2041,1.1111
GLOBAL,TRNBGDXXINDEA,2,2042,1.1111
GLOBAL,TRNBGDXXINDEA,2,2043,1.1111
GLOBAL,TRNBGDXXINDEA,2,2044,1.1111
GLOBAL,TRNBGDXXINDEA,2,2045,1.1111
GLOBAL,TRNBGDXXINDEA,2,2046,1.1111
GLOBAL,TRNBGDXXINDEA,2,2047,1.1111
GLOBAL,TRNBGDXXINDEA,2,2048,1.1111
GLOBAL,TRNBGDXXINDEA,2,2049,1.1111
GLOBAL,TRNBGDXXINDEA,2,2050,1.1111
GLOBAL,TRNBGDXXINDNE,1,2023,1.1111
GLOBAL,TRNBGDXXINDNE,1,2024,1.1111
GLOBAL,TRNBGDXXINDNE,1,2025,1.1111
GLOBAL,TRNBGDXXINDNE,1,2026,1.1111
GLOBAL,TRNBGDXXINDNE,1,2027,1.1111
GLOBAL,TRNBGDXXINDNE,1,2028,1.1111
GLOBAL,TRNBGDXXINDNE,1,2029,1.1111
GLOBAL,TRNBGDXXINDNE,1,2030,1.1111
GLOBAL,TRNBGDXXINDNE,1,2031,1.1111
GLOBAL,TRNBGDXXINDNE,1,2032,1.1111
GLOBAL,TRNBGDXXINDNE,1,2033,1.1111
GLOBAL,TRNBGDXXINDNE,1,2034,1.1111
GLOBAL,TRNBGDXXINDNE,1,2035,1.1111
GLOBAL,TRNBGDXXINDNE,1,2036,1.1111
GLOBAL,TRNBGDXXINDNE,1,2037,1.1111
GLOBAL,TRNBGDXXINDNE,1,2038,1.1111
GLOBAL,TRNBGDXXINDNE,1,2039,1.1111
GLOBAL,TRNBGDXXINDNE,1,2040,1.1111
GLOBAL,TRNBGDXXINDNE,1,2041,1.1111
GLOBAL,TRNBGDXXINDNE,1,2042,1.1111
GLOBAL,TRNBGDXXINDNE,1,2043,1.1111
GLOBAL,TRNBGDXXINDNE,1,2044,1.1111
GLOBAL,TRNBGDXXINDNE,1,2045,1.1111
GLOBAL,TRNBGDXXINDNE,1,2046,1.1111
GLOBAL,TRNBGDXXINDNE,1,2047,1.1111
GLOBAL,TRNBGDXXINDNE,1,2048,1.1111
GLOBAL,TRNBGDXXINDNE,1,2049,1.1111
GLOBAL,TRNBGDXXINDNE,1,2050,1.1111
GLOBAL,TRNBGDXXINDNE,2,2023,1.1111
GLOBAL,TRNBGDXXINDNE,2,2024,1.1111
GLOBAL,TRNBGDXXINDNE,2,2025,1.1111
GLOBAL,TRNBGDXXINDNE,2,2026,1.1111
GLOBAL,TRNBGDXXINDNE,2,2027,1.1111
GLOBAL,TRNBGDXXINDNE,2,2028,1.1111
GLOBAL,TRNBGDXXINDNE,2,2029,1.1111
GLOBAL,TRNBGDXXINDNE,2,2030,1.1111
GLOBAL,TRNBGDXXINDNE,2,2031,1.1111
GLOBAL,TRNBGDXXINDNE,2,2032,1.1111
GLOBAL,TRNBGDXXINDNE,2,2033,1.1111
GLOBAL,TRNBGDXXINDNE,2,2034,1.1111
GLOBAL,TRNBGDXXINDNE,2,2035,1.1111
GLOBAL,TRNBGDXXINDNE,2,2036,1.1111
GLOBAL,TRNBGDXXINDNE,2,2037,1.1111
GLOBAL,TRNBGDXXINDNE,2,2038,1.1111
GLOBAL,TRNBGDXXINDNE,2,2039,1.1111
GLOBAL,TRNBGDXXINDNE,2,2040,1.1111
GLOBAL,TRNBGDXXINDNE,2,2041,1.1111
GLOBAL,TRNBGDXXINDNE,2,2042,1.1111
GLOBAL,TRNBGDXXINDNE,2,2043,1.1111
GLOBAL,TRNBGDXXINDNE,2,2044,1.1111
GLOBAL,TRNBGDXXINDNE,2,2045,1.1111
GLOBAL,TRNBGDXXINDNE,2,2046,1.1111
GLOBAL,TRNBGDXXINDNE,2,2047,1.1111
GLOBAL,TRNBGDXXINDNE,2,2048,1.1111
GLOBAL,TRNBGDXXINDNE,2,2049,1.1111
GLOBAL,TRNBGDXXINDNE,2,2050,1.1111
GLOBAL,TRNBTNXXBGDXX,1,2023,1.1111
GLOBAL,TRNBTNXXBGDXX,1,2024,1.1111
GLOBAL,TRNBTNXXBGDXX,1,2025,1.1111
GLOBAL,TRNBTNXXBGDXX,1,2026,1.1111
GLOBAL,TRNBTNXXBGDXX,1,2027,1.1111
GLOBAL,TRNBTNXXBGDXX,1,2028,1.1111
GLOBAL,TRNBTNXXBGDXX,1,2029,1.1111
GLOBAL,TRNBTNXXBGDXX,1,2030,1.1111
GLOBAL,TRNBTNXXBGDXX,1,2031,1.1111
GLOBAL,TRNBTNXXBGDXX,1,2032,1.1111
GLOBAL,TRNBTNXXBGDXX,1,2033,1.1111
GLOBAL,TRNBTNXXBGDXX,1,2034,1.1111
GLOBAL,TRNBTNXXBGDXX,1,2035,1.1111
GLOBAL,TRNBTNXXBGDXX,1,2036,1.1111
GLOBAL,TRNBTNXXBGDXX,1,2037,1.1111
GLOBAL,TRNBTNXXBGDXX,1,2038,1.1111
GLOBAL,TRNBTNXXBGDXX,1,2039,1.1111
GLOBAL,TRNBTNXXBGDXX,1,2040,1.1111
GLOBAL,TRNBTNXXBGDXX,1,2041,1.1111
GLOBAL,TRNBTNXXBGDXX,1,2042,1.1111
GLOBAL,TRNBTNXXBGDXX,1,2043,1.1111
GLOBAL,TRNBTNXXBGDXX,1,2044,1.1111
GLOBAL,TRNBTNXXBGDXX,1,2045,1.1111
GLOBAL,TRNBTNXXBGDXX,1,2046,1.1111
GLOBAL,TRNBTNXXBGDXX,1,2047,1.1111
GLOBAL,TRNBTNXXBGDXX,1,2048,1.1111
GLOBAL,TRNBTNXXBGDXX,1,2049,1.1111
GLOBAL,TRNBTNXXBGDXX,1,2050,1.1111
GLOBAL,TRNBTNXXBGDXX,2,2023,1.1111
GLOBAL,TRNBTNXXBGDXX,2,2024,1.1111
GLOBAL,TRNBTNXXBGDXX,2,2025,1.1111
GLOBAL,TRNBTNXXBGDXX,2,2026,1.1111
GLOBAL,TRNBTNXXBGDXX,2,2027,1.1111
GLOBAL,TRNBTNXXBGDXX,2,2028,1.1111
GLOBAL,TRNBTNXXBGDXX,2,2029,1.1111
GLOBAL,TRNBTNXXBGDXX,2,2030,1.1111
GLOBAL,TRNBTNXXBGDXX,2,2031,1.1111
GLOBAL,TRNBTNXXBGDXX,2,2032,1.1111
GLOBAL,TRNBTNXXBGDXX,2,2033,1.1111
GLOBAL,TRNBTNXXBGDXX,2,2034,1.1111
GLOBAL,TRNBTNXXBGDXX,2,2035,1.1111
GLOBAL,TRNBTNXXBGDXX,2,2036,1.1111
GLOBAL,TRNBTNXXBGDXX,2,2037,1.1111
GLOBAL,TRNBTNXXBGDXX,2,2038,1.1111
GLOBAL,TRNBTNXXBGDXX,2,2039,1.1111
GLOBAL,TRNBTNXXBGDXX,2,2040,1.1111
GLOBAL,TRNBTNXXBGDXX,2,2041,1.1111
GLOBAL,TRNBTNXXBGDXX,2,2042,1.1111
GLOBAL,TRNBTNXXBGDXX,2,2043,1.1111
GLOBAL,TRNBTNXXBGDXX,2,2044,1.1111
GLOBAL,TRNBTNXXBGDXX,2,2045,1.1111
GLOBAL,TRNBTNXXBGDXX,2,2046,1.1111
GLOBAL,TRNBTNXXBGDXX,2,2047,1.1111
GLOBAL,TRNBTNXXBGDXX,2,2048,1.1111
GLOBAL,TRNBTNXXBGDXX,2,2049,1.1111
GLOBAL,TRNBTNXXBGDXX,2,2050,1.1111
GLOBAL,TRNBTNXXINDEA,1,2023,1.1111
GLOBAL,TRNBTNXXINDEA,1,2024,1.1111
GLOBAL,TRNBTNXXINDEA,1,2025,1.1111
GLOBAL,TRNBTNXXINDEA,1,2026,1.1111
GLOBAL,TRNBTNXXINDEA,1,2027,1.1111
GLOBAL,TRNBTNXXINDEA,1,2028,1.1111
GLOBAL,TRNBTNXXINDEA,1,2029,1.1111
GLOBAL,TRNBTNXXINDEA,1,2030,1.1111
GLOBAL,TRNBTNXXINDEA,1,2031,1.1111
GLOBAL,TRNBTNXXINDEA,1,2032,1.1111
GLOBAL,TRNBTNXXINDEA,1,2033,1.1111
GLOBAL,TRNBTNXXINDEA,1,2034,1.1111
GLOBAL,TRNBTNXXINDEA,1,2035,1.1111
GLOBAL,TRNBTNXXINDEA,1,2036,1.1111
GLOBAL,TRNBTNXXINDEA,1,2037,1.1111
GLOBAL,TRNBTNXXINDEA,1,2038,1.1111
GLOBAL,TRNBTNXXINDEA,1,2039,1.1111
GLOBAL,TRNBTNXXINDEA,1,2040,1.1111
GLOBAL,TRNBTNXXINDEA,1,2041,1.1111
GLOBAL,TRNBTNXXINDEA,1,2042,1.1111
GLOBAL,TRNBTNXXINDEA,1,2043,1.1111
GLOBAL,TRNBTNXXINDEA,1,2044,1.1111
GLOBAL,TRNBTNXXINDEA,1,2045,1.1111
GLOBAL,TRNBTNXXINDEA,1,2046,1.1111
GLOBAL,TRNBTNXXINDEA,1,2047,1.1111
GLOBAL,TRNBTNXXINDEA,1,2048,1.1111
GLOBAL,TRNBTNXXINDEA,1,2049,1.1111
GLOBAL,TRNBTNXXINDEA,1,2050,1.1111
GLOBAL,TRNBTNXXINDEA,2,2023,1.1111
GLOBAL,TRNBTNXXINDEA,2,2024,1.1111
GLOBAL,TRNBTNXXINDEA,2,2025,1.1111
GLOBAL,TRNBTNXXINDEA,2,2026,1.1111
GLOBAL,TRNBTNXXINDEA,2,2027,1.1111
GLOBAL,TRNBTNXXINDEA,2,2028,1.1111
GLOBAL,TRNBTNXXINDEA,2,2029,1.1111
GLOBAL,TRNBTNXXINDEA,2,2030,1.1111
GLOBAL,TRNBTNXXINDEA,2,2031,1.1111
GLOBAL,TRNBTNXXINDEA,2,2032,1.1111
GLOBAL,TRNBTNXXINDEA,2,2033,1.1111
GLOBAL,TRNBTNXXINDEA,2,2034,1.1111
GLOBAL,TRNBTNXXINDEA,2,2035,1.1111
GLOBAL,TRNBTNXXINDEA,2,2036,1.1111
GLOBAL,TRNBTNXXINDEA,2,2037,1.1111
GLOBAL,TRNBTNXXINDEA,2,2038,1.1111
GLOBAL,TRNBTNXXINDEA,2,2039,1.1111
GLOBAL,TRNBTNXXINDEA,2,2040,1.1111
GLOBAL,TRNBTNXXINDEA,2,2041,1.1111
GLOBAL,TRNBTNXXINDEA,2,2042,1.1111
GLOBAL,TRNBTNXXINDEA,2,2043,1.1111
GLOBAL,TRNBTNXXINDEA,2,2044,1.1111
GLOBAL,TRNBTNXXINDEA,2,2045,1.1111
GLOBAL,TRNBTNXXINDEA,2,2046,1.1111
GLOBAL,TRNBTNXXINDEA,2,2047,1.1111
GLOBAL,TRNBTNXXINDEA,2,2048,1.1111
GLOBAL,TRNBTNXXINDEA,2,2049,1.1111
GLOBAL,TRNBTNXXINDEA,2,2050,1.1111
GLOBAL,TRNBTNXXINDNE,1,2023,1.1111
GLOBAL,TRNBTNXXINDNE,1,2024,1.1111
GLOBAL,TRNBTNXXINDNE,1,2025,1.1111
GLOBAL,TRNBTNXXINDNE,1,2026,1.1111
GLOBAL,TRNBTNXXINDNE,1,2027,1.1111
GLOBAL,TRNBTNXXINDNE,1,2028,1.1111
GLOBAL,TRNBTNXXINDNE,1,2029,1.1111
GLOBAL,TRNBTNXXINDNE,1,2030,1.1111
GLOBAL,TRNBTNXXINDNE,1,2031,1.1111
GLOBAL,TRNBTNXXINDNE,1,2032,1.1111
GLOBAL,TRNBTNXXINDNE,1,2033,1.1111
GLOBAL,TRNBTNXXINDNE,1,2034,1.1111
GLOBAL,TRNBTNXXINDNE,1,2035,1.1111
GLOBAL,TRNBTNXXINDNE,1,2036,1.1111
GLOBAL,TRNBTNXXINDNE,1,2037,1.1111
GLOBAL,TRNBTNXXINDNE,1,2038,1.1111
GLOBAL,TRNBTNXXINDNE,1,2039,1.1111
GLOBAL,TRNBTNXXINDNE,1,2040,1.1111
GLOBAL,TRNBTNXXINDNE,1,2041,1.1111
GLOBAL,TRNBTNXXINDNE,1,2042,1.1111
GLOBAL,TRNBTNXXINDNE,1,2043,1.1111
GLOBAL,TRNBTNXXINDNE,1,2044,1.1111
GLOBAL,TRNBTNXXINDNE,1,2045,1.1111
GLOBAL,TRNBTNXXINDNE,1,2046,1.1111
GLOBAL,TRNBTNXXINDNE,1,2047,1.1111
GLOBAL,TRNBTNXXINDNE,1,2048,1.1111
GLOBAL,TRNBTNXXINDNE,1,2049,1.1111
GLOBAL,TRNBTNXXINDNE,1,2050,1.1111
GLOBAL,TRNBTNXXINDNE,2,2023,1.1111
GLOBAL,TRNBTNXXINDNE,2,2024,1.1111
GLOBAL,TRNBTNXXINDNE,2,2025,1.1111
GLOBAL,TRNBTNXXINDNE,2,2026,1.1111
GLOBAL,TRNBTNXXINDNE,2,2027,1.1111
GLOBAL,TRNBTNXXINDNE,2,2028,1.1111
GLOBAL,TRNBTNXXINDNE,2,2029,1.1111
GLOBAL,TRNBTNXXINDNE,2,2030,1.1111
GLOBAL,TRNBTNXXINDNE,2,2031,1.1111
GLOBAL,TRNBTNXXINDNE,2,2032,1.1111
GLOBAL,TRNBTNXXINDNE,2,2033,1.1111
GLOBAL,TRNBTNXXINDNE,2,2034,1.1111
GLOBAL,TRNBTNXXINDNE,2,2035,1.1111
GLOBAL,TRNBTNXXINDNE,2,2036,1.1111
GLOBAL,TRNBTNXXINDNE,2,2037,1.1111
GLOBAL,TRNBTNXXINDNE,2,2038,1.1111
GLOBAL,TRNBTNXXINDNE,2,2039,1.1111
GLOBAL,TRNBTNXXINDNE,2,2040,1.1111
GLOBAL,TRNBTNXXINDNE,2,2041,1.1111
GLOBAL,TRNBTNXXINDNE,2,2042,1.1111
GLOBAL,TRNBTNXXINDNE,2,2043,1.1111
GLOBAL,TRNBTNXXINDNE,2,2044,1.1111
GLOBAL,TRNBTNXXINDNE,2,2045,1.1111
GLOBAL,TRNBTNXXINDNE,2,2046,1.1111
GLOBAL,TRNBTNXXINDNE,2,2047,1.1111
GLOBAL,TRNBTNXXINDNE,2,2048,1.1111
GLOBAL,TRNBTNXXINDNE,2,2049,1.1111
GLOBAL,TRNBTNXXINDNE,2,2050,1.1111
GLOBAL,TRNINDEAINDNE,1,2023,1.1111
GLOBAL,TRNINDEAINDNE,1,2024,1.1111
GLOBAL,TRNINDEAINDNE,1,2025,1.1111
GLOBAL,TRNINDEAINDNE,1,2026,1.1111
GLOBAL,TRNINDEAINDNE,1,2027,1.1111
GLOBAL,TRNINDEAINDNE,1,2028,1.1111
GLOBAL,TRNINDEAINDNE,1,2029,1.1111
GLOBAL,TRNINDEAINDNE,1,2030,1.1111
GLOBAL,TRNINDEAINDNE,1,2031,1.1111
GLOBAL,TRNINDEAINDNE,1,2032,1.1111
GLOBAL,TRNINDEAINDNE,1,2033,1.1111
GLOBAL,TRNINDEAINDNE,1,2034,1.1111
GLOBAL,TRNINDEAINDNE,1,2035,1.1111
GLOBAL,TRNINDEAINDNE,1,2036,1.1111
GLOBAL,TRNINDEAINDNE,1,2037,1.1111
GLOBAL,TRNINDEAINDNE,1,2038,1.1111
GLOBAL,TRNINDEAINDNE,1,2039,1.1111
GLOBAL,TRNINDEAINDNE,1,2040,1.1111
GLOBAL,TRNINDEAINDNE,1,2041,1.1111
GLOBAL,TRNINDEAINDNE,1,2042,1.1111
GLOBAL,TRNINDEAINDNE,1,2043,1.1111
GLOBAL,TRNINDEAINDNE,1,2044,1.1111
GLOBAL,TRNINDEAINDNE,1,2045,1.1111
GLOBAL,TRNINDEAINDNE,1,2046,1.1111
GLOBAL,TRNINDEAINDNE,1,2047,1.1111
GLOBAL,TRNINDEAINDNE,1,2048,1.1111
GLOBAL,TRNINDEAINDNE,1,2049,1.1111
GLOBAL,TRNINDEAINDNE,1,2050,1.1111
GLOBAL,TRNINDEAINDNE,2,2023,1.1111
GLOBAL,TRNINDEAINDNE,2,2024,1.1111
GLOBAL,TRNINDEAINDNE,2,2025,1.1111
GLOBAL,TRNINDEAINDNE,2,2026,1.1111
GLOBAL,TRNINDEAINDNE,2,2027,1.1111
GLOBAL,TRNINDEAINDNE,2,2028,1.1111
GLOBAL,TRNINDEAINDNE,2,2029,1.1111
GLOBAL,TRNINDEAINDNE,2,2030,1.1111
GLOBAL,TRNINDEAINDNE,2,2031,1.1111
GLOBAL,TRNINDEAINDNE,2,2032,1.1111
GLOBAL,TRNINDEAINDNE,2,2033,1.1111
GLOBAL,TRNINDEAINDNE,2,2034,1.1111
GLOBAL,TRNINDEAINDNE,2,2035,1.1111
GLOBAL,TRNINDEAINDNE,2,2036,1.1111
GLOBAL,TRNINDEAINDNE,2,2037,1.1111
GLOBAL,TRNINDEAINDNE,2,2038,1.1111
GLOBAL,TRNINDEAINDNE,2,2039,1.1111
GLOBAL,TRNINDEAINDNE,2,2040,1.1111
GLOBAL,TRNINDEAINDNE,2,2041,1.1111
GLOBAL,TRNINDEAINDNE,2,2042,1.1111
GLOBAL,TRNINDEAINDNE,2,2043,1.1111
GLOBAL,TRNINDEAINDNE,2,2044,1.1111
GLOBAL,TRNINDEAINDNE,2,2045,1.1111
GLOBAL,TRNINDEAINDNE,2,2046,1.1111
GLOBAL,TRNINDEAINDNE,2,2047,1.1111
GLOBAL,TRNINDEAINDNE,2,2048,1.1111
GLOBAL,TRNINDEAINDNE,2,2049,1.1111
GLOBAL,TRNINDEAINDNE,2,2050,1.1111
GLOBAL,TRNINDEAINDNO,1,2023,1.1111
GLOBAL,TRNINDEAINDNO,1,2024,1.1111
GLOBAL,TRNINDEAINDNO,1,2025,1.1111
GLOBAL,TRNINDEAINDNO,1,2026,1.1111
GLOBAL,TRNINDEAINDNO,1,2027,1.1111
GLOBAL,TRNINDEAINDNO,1,2028,1.1111
GLOBAL,TRNINDEAINDNO,1,2029,1.1111
GLOBAL,TRNINDEAINDNO,1,2030,1.1111
GLOBAL,TRNINDEAINDNO,1,2031,1.1111
GLOBAL,TRNINDEAINDNO,1,2032,1.1111
GLOBAL,TRNINDEAINDNO,1,2033,1.1111
GLOBAL,TRNINDEAINDNO,1,2034,1.1111
GLOBAL,TRNINDEAINDNO,1,2035,1.1111
GLOBAL,TRNINDEAINDNO,1,2036,1.1111
GLOBAL,TRNINDEAINDNO,1,2037,1.1111
GLOBAL,TRNINDEAINDNO,1,2038,1.1111
GLOBAL,TRNINDEAINDNO,1,2039,1.1111
GLOBAL,TRNINDEAINDNO,1,2040,1.1111
GLOBAL,TRNINDEAINDNO,1,2041,1.1111
GLOBAL,TRNINDEAINDNO,1,2042,1.1111
GLOBAL,TRNINDEAINDNO,1,2043,1.1111
GLOBAL,TRNINDEAINDNO,1,2044,1.1111
GLOBAL,TRNINDEAINDNO,1,2045,1.1111
GLOBAL,TRNINDEAINDNO,1,2046,1.1111
GLOBAL,TRNINDEAINDNO,1,2047,1.1111
GLOBAL,TRNINDEAINDNO,1,2048,1.1111
GLOBAL,TRNINDEAINDNO,1,2049,1.1111
GLOBAL,TRNINDEAINDNO,1,2050,1.1111
GLOBAL,TRNINDEAINDNO,2,2023,1.1111
GLOBAL,TRNINDEAINDNO,2,2024,1.1111
GLOBAL,TRNINDEAINDNO,2,2025,1.1111
GLOBAL,TRNINDEAINDNO,2,2026,1.1111
GLOBAL,TRNINDEAINDNO,2,2027,1.1111
GLOBAL,TRNINDEAINDNO,2,2028,1.1111
GLOBAL,TRNINDEAINDNO,2,2029,1.1111
GLOBAL,TRNINDEAINDNO,2,2030,1.1111
GLOBAL,TRNINDEAINDNO,2,2031,1.1111
GLOBAL,TRNINDEAINDNO,2,2032,1.1111
GLOBAL,TRNINDEAINDNO,2,2033,1.1111
GLOBAL,TRNINDEAINDNO,2,2034,1.1111
GLOBAL,TRNINDEAINDNO,2,2035,1.1111
GLOBAL,TRNINDEAINDNO,2,2036,1.1111
GLOBAL,TRNINDEAINDNO,2,2037,1.1111
GLOBAL,TRNINDEAINDNO,2,2038,1.1111
GLOBAL,TRNINDEAINDNO,2,2039,1.1111
GLOBAL,TRNINDEAINDNO,2,2040,1.1111
GLOBAL,TRNINDEAINDNO,2,2041,1.1111
GLOBAL,TRNINDEAINDNO,2,2042,1.1111
GLOBAL,TRNINDEAINDNO,2,2043,1.1111
GLOBAL,TRNINDEAINDNO,2,2044,1.1111
GLOBAL,TRNINDEAINDNO,2,2045,1.1111
GLOBAL,TRNINDEAINDNO,2,2046,1.1111
GLOBAL,TRNINDEAINDNO,2,2047,1.1111
GLOBAL,TRNINDEAINDNO,2,2048,1.1111
GLOBAL,TRNINDEAINDNO,2,2049,1.1111
GLOBAL,TRNINDEAINDNO,2,2050,1.1111
GLOBAL,TRNINDEAINDSO,1,2023,1.1111
GLOBAL,TRNINDEAINDSO,1,2024,1.1111
GLOBAL,TRNINDEAINDSO,1,2025,1.1111
GLOBAL,TRNINDEAINDSO,1,2026,1.1111
GLOBAL,TRNINDEAINDSO,1,2027,1.1111
GLOBAL,TRNINDEAINDSO,1,2028,1.1111
GLOBAL,TRNINDEAINDSO,1,2029,1.1111
GLOBAL,TRNINDEAINDSO,1,2030,1.1111
GLOBAL,TRNINDEAINDSO,1,2031,1.1111
GLOBAL,TRNINDEAINDSO,1,2032,1.1111
GLOBAL,TRNINDEAINDSO,1,2033,1.1111
GLOBAL,TRNINDEAINDSO,1,2034,1.1111
GLOBAL,TRNINDEAINDSO,1,2035,1.1111
GLOBAL,TRNINDEAINDSO,1,2036,1.1111
GLOBAL,TRNINDEAINDSO,1,2037,1.1111
GLOBAL,TRNINDEAINDSO,1,2038,1.1111
GLOBAL,TRNINDEAINDSO,1,2039,1.1111
GLOBAL,TRNINDEAINDSO,1,2040,1.1111
GLOBAL,TRNINDEAINDSO,1,2041,1.1111
GLOBAL,TRNINDEAINDSO,1,2042,1.1111
GLOBAL,TRNINDEAINDSO,1,2043,1.1111
GLOBAL,TRNINDEAINDSO,1,2044,1.1111
GLOBAL,TRNINDEAINDSO,1,2045,1.1111
GLOBAL,TRNINDEAINDSO,1,2046,1.1111
GLOBAL,TRNINDEAINDSO,1,2047,1.1111
GLOBAL,TRNINDEAINDSO,1,2048,1.1111
GLOBAL,TRNINDEAINDSO,1,2049,1.1111
GLOBAL,TRNINDEAINDSO,1,2050,1.1111
GLOBAL,TRNINDEAINDSO,2,2023,1.1111
GLOBAL,TRNINDEAINDSO,2,2024,1.1111
GLOBAL,TRNINDEAINDSO,2,2025,1.1111
GLOBAL,TRNINDEAINDSO,2,2026,1.1111
GLOBAL,TRNINDEAINDSO,2,2027,1.1111
GLOBAL,TRNINDEAINDSO,2,2028,1.1111
GLOBAL,TRNINDEAINDSO,2,2029,1.1111
GLOBAL,TRNINDEAINDSO,2,2030,1.1111
GLOBAL,TRNINDEAINDSO,2,2031,1.1111
GLOBAL,TRNINDEAINDSO,2,2032,1.1111
GLOBAL,TRNINDEAINDSO,2,2033,1.1111
GLOBAL,TRNINDEAINDSO,2,2034,1.1111
GLOBAL,TRNINDEAINDSO,2,2035,1.1111
GLOBAL,TRNINDEAINDSO,2,2036,1.1111
GLOBAL,TRNINDEAINDSO,2,2037,1.1111
GLOBAL,TRNINDEAINDSO,2,2038,1.1111
GLOBAL,TRNINDEAINDSO,2,2039,1.1111
GLOBAL,TRNINDEAINDSO,2,2040,1.1111
GLOBAL,TRNINDEAINDSO,2,2041,1.1111
GLOBAL,TRNINDEAINDSO,2,2042,1.1111
GLOBAL,TRNINDEAINDSO,2,2043,1.1111
GLOBAL,TRNINDEAINDSO,2,2044,1.1111
GLOBAL,TRNINDEAINDSO,2,2045,1.1111
GLOBAL,TRNINDEAINDSO,2,2046,1.1111
GLOBAL,TRNINDEAINDSO,2,2047,1.1111
GLOBAL,TRNINDEAINDSO,2,2048,1.1111
GLOBAL,TRNINDEAINDSO,2,2049,1.1111
GLOBAL,TRNINDEAINDSO,2,2050,1.1111
GLOBAL,TRNINDEAINDWE,1,2023,1.1111
GLOBAL,TRNINDEAINDWE,1,2024,1.1111
GLOBAL,TRNINDEAINDWE,1,2025,1.1111
GLOBAL,TRNINDEAINDWE,1,2026,1.1111
GLOBAL,TRNINDEAINDWE,1,2027,1.1111
GLOBAL,TRNINDEAINDWE,1,2028,1.1111
GLOBAL,TRNINDEAINDWE,1,2029,1.1111
GLOBAL,TRNINDEAINDWE,1,2030,1.1111
GLOBAL,TRNINDEAINDWE,1,2031,1.1111
GLOBAL,TRNINDEAINDWE,1,2032,1.1111
GLOBAL,TRNINDEAINDWE,1,2033,1.1111
GLOBAL,TRNINDEAINDWE,1,2034,1.1111
GLOBAL,TRNINDEAINDWE,1,2035,1.1111
GLOBAL,TRNINDEAINDWE,1,2036,1.1111
GLOBAL,TRNINDEAINDWE,1,2037,1.1111
GLOBAL,TRNINDEAINDWE,1,2038,1.1111
GLOBAL,TRNINDEAINDWE,1,2039,1.1111
GLOBAL,TRNINDEAINDWE,1,2040,1.1111
GLOBAL,TRNINDEAINDWE,1,2041,1.1111
GLOBAL,TRNINDEAINDWE,1,2042,1.1111
GLOBAL,TRNINDEAINDWE,1,2043,1.1111
GLOBAL,TRNINDEAINDWE,1,2044,1.1111
GLOBAL,TRNINDEAINDWE,1,2045,1.1111
GLOBAL,TRNINDEAINDWE,1,2046,1.1111
GLOBAL,TRNINDEAINDWE,1,2047,1.1111
GLOBAL,TRNINDEAINDWE,1,2048,1.1111
GLOBAL,TRNINDEAINDWE,1,2049,1.1111
GLOBAL,TRNINDEAINDWE,1,2050,1.1111
GLOBAL,TRNINDEAINDWE,2,2023,1.1111
GLOBAL,TRNINDEAINDWE,2,2024,1.1111
GLOBAL,TRNINDEAINDWE,2,2025,1.1111
GLOBAL,TRNINDEAINDWE,2,2026,1.1111
GLOBAL,TRNINDEAINDWE,2,2027,1.1111
GLOBAL,TRNINDEAINDWE,2,2028,1.1111
GLOBAL,TRNINDEAINDWE,2,2029,1.1111
GLOBAL,TRNINDEAINDWE,2,2030,1.1111
GLOBAL,TRNINDEAINDWE,2,2031,1.1111
GLOBAL,TRNINDEAINDWE,2,2032,1.1111
GLOBAL,TRNINDEAINDWE,2,2033,1.1111
GLOBAL,TRNINDEAINDWE,2,2034,1.1111
GLOBAL,TRNINDEAINDWE,2,2035,1.1111
GLOBAL,TRNINDEAINDWE,2,2036,1.1111
GLOBAL,TRNINDEAINDWE,2,2037,1.1111
GLOBAL,TRNINDEAINDWE,2,2038,1.1111
GLOBAL,TRNINDEAINDWE,2,2039,1.1111
GLOBAL,TRNINDEAINDWE,2,2040,1.1111
GLOBAL,TRNINDEAINDWE,2,2041,1.1111
GLOBAL,TRNINDEAINDWE,2,2042,1.1111
GLOBAL,TRNINDEAINDWE,2,2043,1.1111
GLOBAL,TRNINDEAINDWE,2,2044,1.1111
GLOBAL,TRNINDEAINDWE,2,2045,1.1111
GLOBAL,TRNINDEAINDWE,2,2046,1.1111
GLOBAL,TRNINDEAINDWE,2,2047,1.1111
GLOBAL,TRNINDEAINDWE,2,2048,1.1111
GLOBAL,TRNINDEAINDWE,2,2049,1.1111
GLOBAL,TRNINDEAINDWE,2,2050,1.1111
GLOBAL,TRNINDEANPLXX,1,2023,1.1111
GLOBAL,TRNINDEANPLXX,1,2024,1.1111
GLOBAL,TRNINDEANPLXX,1,2025,1.1111
GLOBAL,TRNINDEANPLXX,1,2026,1.1111
GLOBAL,TRNINDEANPLXX,1,2027,1.1111
GLOBAL,TRNINDEANPLXX,1,2028,1.1111
GLOBAL,TRNINDEANPLXX,1,2029,1.1111
GLOBAL,TRNINDEANPLXX,1,2030,1.1111
GLOBAL,TRNINDEANPLXX,1,2031,1.1111
GLOBAL,TRNINDEANPLXX,1,2032,1.1111
GLOBAL,TRNINDEANPLXX,1,2033,1.1111
GLOBAL,TRNINDEANPLXX,1,2034,1.1111
GLOBAL,TRNINDEANPLXX,1,2035,1.1111
GLOBAL,TRNINDEANPLXX,1,2036,1.1111
GLOBAL,TRNINDEANPLXX,1,2037,1.1111
GLOBAL,TRNINDEANPLXX,1,2038,1.1111
GLOBAL,TRNINDEANPLXX,1,2039,1.1111
GLOBAL,TRNINDEANPLXX,1,2040,1.1111
GLOBAL,TRNINDEANPLXX,1,2041,1.1111
GLOBAL,TRNINDEANPLXX,1,2042,1.1111
GLOBAL,TRNINDEANPLXX,1,2043,1.1111
GLOBAL,TRNINDEANPLXX,1,2044,1.1111
GLOBAL,TRNINDEANPLXX,1,2045,1.1111
GLOBAL,TRNINDEANPLXX,1,2046,1.1111
GLOBAL,TRNINDEANPLXX,1,2047,1.1111
GLOBAL,TRNINDEANPLXX,1,2048,1.1111
GLOBAL,TRNINDEANPLXX,1,2049,1.1111
GLOBAL,TRNINDEANPLXX,1,2050,1.1111
GLOBAL,TRNINDEANPLXX,2,2023,1.1111
GLOBAL,TRNINDEANPLXX,2,2024,1.1111
GLOBAL,TRNINDEANPLXX,2,2025,1.1111
GLOBAL,TRNINDEANPLXX,2,2026,1.1111
GLOBAL,TRNINDEANPLXX,2,2027,1.1111
GLOBAL,TRNINDEANPLXX,2,2028,1.1111
GLOBAL,TRNINDEANPLXX,2,2029,1.1111
GLOBAL,TRNINDEANPLXX,2,2030,1.1111
GLOBAL,TRNINDEANPLXX,2,2031,1.1111
GLOBAL,TRNINDEANPLXX,2,2032,1.1111
GLOBAL,TRNINDEANPLXX,2,2033,1.1111
GLOBAL,TRNINDEANPLXX,2,2034,1.1111
GLOBAL,TRNINDEANPLXX,2,2035,1.1111
GLOBAL,TRNINDEANPLXX,2,2036,1.1111
GLOBAL,TRNINDEANPLXX,2,2037,1.1111
GLOBAL,TRNINDEANPLXX,2,2038,1.1111
GLOBAL,TRNINDEANPLXX,2,2039,1.1111
GLOBAL,TRNINDEANPLXX,2,2040,1.1111
GLOBAL,TRNINDEANPLXX,2,2041,1.1111
GLOBAL,TRNINDEANPLXX,2,2042,1.1111
GLOBAL,TRNINDEANPLXX,2,2043,1.1111
GLOBAL,TRNINDEANPLXX,2,2044,1.1111
GLOBAL,TRNINDEANPLXX,2,2045,1.1111
GLOBAL,TRNINDEANPLXX,2,2046,1.1111
GLOBAL,TRNINDEANPLXX,2,2047,1.1111
GLOBAL,TRNINDEANPLXX,2,2048,1.1111
GLOBAL,TRNINDEANPLXX,2,2049,1.1111
GLOBAL,TRNINDEANPLXX,2,2050,1.1111
GLOBAL,TRNINDNEINDNO,1,2023,1.1111
GLOBAL,TRNINDNEINDNO,1,2024,1.1111
GLOBAL,TRNINDNEINDNO,1,2025,1.1111
GLOBAL,TRNINDNEINDNO,1,2026,1.1111
GLOBAL,TRNINDNEINDNO,1,2027,1.1111
GLOBAL,TRNINDNEINDNO,1,2028,1.1111
GLOBAL,TRNINDNEINDNO,1,2029,1.1111
GLOBAL,TRNINDNEINDNO,1,2030,1.1111
GLOBAL,TRNINDNEINDNO,1,2031,1.1111
GLOBAL,TRNINDNEINDNO,1,2032,1.1111
GLOBAL,TRNINDNEINDNO,1,2033,1.1111
GLOBAL,TRNINDNEINDNO,1,2034,1.1111
GLOBAL,TRNINDNEINDNO,1,2035,1.1111
GLOBAL,TRNINDNEINDNO,1,2036,1.1111
GLOBAL,TRNINDNEINDNO,1,2037,1.1111
GLOBAL,TRNINDNEINDNO,1,2038,1.1111
GLOBAL,TRNINDNEINDNO,1,2039,1.1111
GLOBAL,TRNINDNEINDNO,1,2040,1.1111
GLOBAL,TRNINDNEINDNO,1,2041,1.1111
GLOBAL,TRNINDNEINDNO,1,2042,1.1111
GLOBAL,TRNINDNEINDNO,1,2043,1.1111
GLOBAL,TRNINDNEINDNO,1,2044,1.1111
GLOBAL,TRNINDNEINDNO,1,2045,1.1111
GLOBAL,TRNINDNEINDNO,1,2046,1.1111
GLOBAL,TRNINDNEINDNO,1,2047,1.1111
GLOBAL,TRNINDNEINDNO,1,2048,1.1111
GLOBAL,TRNINDNEINDNO,1,2049,1.1111
GLOBAL,TRNINDNEINDNO,1,2050,1.1111
GLOBAL,TRNINDNEINDNO,2,2023,1.1111
GLOBAL,TRNINDNEINDNO,2,2024,1.1111
GLOBAL,TRNINDNEINDNO,2,2025,1.1111
GLOBAL,TRNINDNEINDNO,2,2026,1.1111
GLOBAL,TRNINDNEINDNO,2,2027,1.1111
GLOBAL,TRNINDNEINDNO,2,2028,1.1111
GLOBAL,TRNINDNEINDNO,2,2029,1.1111
GLOBAL,TRNINDNEINDNO,2,2030,1.1111
GLOBAL,TRNINDNEINDNO,2,2031,1.1111
GLOBAL,TRNINDNEINDNO,2,2032,1.1111
GLOBAL,TRNINDNEINDNO,2,2033,1.1111
GLOBAL,TRNINDNEINDNO,2,2034,1.1111
GLOBAL,TRNINDNEINDNO,2,2035,1.1111
GLOBAL,TRNINDNEINDNO,2,2036,1.1111
GLOBAL,TRNINDNEINDNO,2,2037,1.1111
GLOBAL,TRNINDNEINDNO,2,2038,1.1111
GLOBAL,TRNINDNEINDNO,2,2039,1.1111
GLOBAL,TRNINDNEINDNO,2,2040,1.1111
GLOBAL,TRNINDNEINDNO,2,2041,1.1111
GLOBAL,TRNINDNEINDNO,2,2042,1.1111
GLOBAL,TRNINDNEINDNO,2,2043,1.1111
GLOBAL,TRNINDNEINDNO,2,2044,1.1111
GLOBAL,TRNINDNEINDNO,2,2045,1.1111
GLOBAL,TRNINDNEINDNO,2,2046,1.1111
GLOBAL,TRNINDNEINDNO,2,2047,1.1111
GLOBAL,TRNINDNEINDNO,2,2048,1.1111
GLOBAL,TRNINDNEINDNO,2,2049,1.1111
GLOBAL,TRNINDNEINDNO,2,2050,1.1111
GLOBAL,TRNINDNOINDWE,1,2023,1.1111
GLOBAL,TRNINDNOINDWE,1,2024,1.1111
GLOBAL,TRNINDNOINDWE,1,2025,1.1111
GLOBAL,TRNINDNOINDWE,1,2026,1.1111
GLOBAL,TRNINDNOINDWE,1,2027,1.1111
GLOBAL,TRNINDNOINDWE,1,2028,1.1111
GLOBAL,TRNINDNOINDWE,1,2029,1.1111
GLOBAL,TRNINDNOINDWE,1,2030,1.1111
GLOBAL,TRNINDNOINDWE,1,2031,1.1111
GLOBAL,TRNINDNOINDWE,1,2032,1.1111
GLOBAL,TRNINDNOINDWE,1,2033,1.1111
GLOBAL,TRNINDNOINDWE,1,2034,1.1111
GLOBAL,TRNINDNOINDWE,1,2035,1.1111
GLOBAL,TRNINDNOINDWE,1,2036,1.1111
GLOBAL,TRNINDNOINDWE,1,2037,1.1111
GLOBAL,TRNINDNOINDWE,1,2038,1.1111
GLOBAL,TRNINDNOINDWE,1,2039,1.1111
GLOBAL,TRNINDNOINDWE,1,2040,1.1111
GLOBAL,TRNINDNOINDWE,1,2041,1.1111
GLOBAL,TRNINDNOINDWE,1,2042,1.1111
GLOBAL,TRNINDNOINDWE,1,2043,1.1111
GLOBAL,TRNINDNOINDWE,1,2044,1.1111
GLOBAL,TRNINDNOINDWE,1,2045,1.1111
GLOBAL,TRNINDNOINDWE,1,2046,1.1111
GLOBAL,TRNINDNOINDWE,1,2047,1.1111
GLOBAL,TRNINDNOINDWE,1,2048,1.1111
GLOBAL,TRNINDNOINDWE,1,2049,1.1111
GLOBAL,TRNINDNOINDWE,1,2050,1.1111
GLOBAL,TRNINDNOINDWE,2,2023,1.1111
GLOBAL,TRNINDNOINDWE,2,2024,1.1111
GLOBAL,TRNINDNOINDWE,2,2025,1.1111
GLOBAL,TRNINDNOINDWE,2,2026,1.1111
GLOBAL,TRNINDNOINDWE,2,2027,1.1111
GLOBAL,TRNINDNOINDWE,2,2028,1.1111
GLOBAL,TRNINDNOINDWE,2,2029,1.1111
GLOBAL,TRNINDNOINDWE,2,2030,1.1111
GLOBAL,TRNINDNOINDWE,2,2031,1.1111
GLOBAL,TRNINDNOINDWE,2,2032,1.1111
GLOBAL,TRNINDNOINDWE,2,2033,1.1111
GLOBAL,TRNINDNOINDWE,2,2034,1.1111
GLOBAL,TRNINDNOINDWE,2,2035,1.1111
GLOBAL,TRNINDNOINDWE,2,2036,1.1111
GLOBAL,TRNINDNOINDWE,2,2037,1.1111
GLOBAL,TRNINDNOINDWE,2,2038,1.1111
GLOBAL,TRNINDNOINDWE,2,2039,1.1111
GLOBAL,TRNINDNOINDWE,2,2040,1.1111
GLOBAL,TRNINDNOINDWE,2,2041,1.1111
GLOBAL,TRNINDNOINDWE,2,2042,1.1111
GLOBAL,TRNINDNOINDWE,2,2043,1.1111
GLOBAL,TRNINDNOINDWE,2,2044,1.1111
GLOBAL,TRNINDNOINDWE,2,2045,1.1111
GLOBAL,TRNINDNOINDWE,2,2046,1.1111
GLOBAL,TRNINDNOINDWE,2,2047,1.1111
GLOBAL,TRNINDNOINDWE,2,2048,1.1111
GLOBAL,TRNINDNOINDWE,2,2049,1.1111
GLOBAL,TRNINDNOINDWE,2,2050,1.1111
GLOBAL,TRNINDNONPLXX,1,2023,1.1111
GLOBAL,TRNINDNONPLXX,1,2024,1.1111
GLOBAL,TRNINDNONPLXX,1,2025,1.1111
GLOBAL,TRNINDNONPLXX,1,2026,1.1111
GLOBAL,TRNINDNONPLXX,1,2027,1.1111
GLOBAL,TRNINDNONPLXX,1,2028,1.1111
GLOBAL,TRNINDNONPLXX,1,2029,1.1111
GLOBAL,TRNINDNONPLXX,1,2030,1.1111
GLOBAL,TRNINDNONPLXX,1,2031,1.1111
GLOBAL,TRNINDNONPLXX,1,2032,1.1111
GLOBAL,TRNINDNONPLXX,1,2033,1.1111
GLOBAL,TRNINDNONPLXX,1,2034,1.1111
GLOBAL,TRNINDNONPLXX,1,2035,1.1111
GLOBAL,TRNINDNONPLXX,1,2036,1.1111
GLOBAL,TRNINDNONPLXX,1,2037,1.1111
GLOBAL,TRNINDNONPLXX,1,2038,1.1111
GLOBAL,TRNINDNONPLXX,1,2039,1.1111
GLOBAL,TRNINDNONPLXX,1,2040,1.1111
GLOBAL,TRNINDNONPLXX,1,2041,1.1111
GLOBAL,TRNINDNONPLXX,1,2042,1.1111
GLOBAL,TRNINDNONPLXX,1,2043,1.1111
GLOBAL,TRNINDNONPLXX,1,2044,1.1111
GLOBAL,TRNINDNONPLXX,1,2045,1.1111
GLOBAL,TRNINDNONPLXX,1,2046,1.1111
GLOBAL,TRNINDNONPLXX,1,2047,1.1111
GLOBAL,TRNINDNONPLXX,1,2048,1.1111
GLOBAL,TRNINDNONPLXX,1,2049,1.1111
GLOBAL,TRNINDNONPLXX,1,2050,1.1111
GLOBAL,TRNINDNONPLXX,2,2023,1.1111
GLOBAL,TRNINDNONPLXX,2,2024,1.1111
GLOBAL,TRNINDNONPLXX,2,2025,1.1111
GLOBAL,TRNINDNONPLXX,2,2026,1.1111
GLOBAL,TRNINDNONPLXX,2,2027,1.1111
GLOBAL,TRNINDNONPLXX,2,2028,1.1111
GLOBAL,TRNINDNONPLXX,2,2029,1.1111
GLOBAL,TRNINDNONPLXX,2,2030,1.1111
GLOBAL,TRNINDNONPLXX,2,2031,1.1111
GLOBAL,TRNINDNONPLXX,2,2032,1.1111
GLOBAL,TRNINDNONPLXX,2,2033,1.1111
GLOBAL,TRNINDNONPLXX,2,2034,1.1111
GLOBAL,TRNINDNONPLXX,2,2035,1.1111
GLOBAL,TRNINDNONPLXX,2,2036,1.1111
GLOBAL,TRNINDNONPLXX,2,2037,1.1111
GLOBAL,TRNINDNONPLXX,2,2038,1.1111
GLOBAL,TRNINDNONPLXX,2,2039,1.1111
GLOBAL,TRNINDNONPLXX,2,2040,1.1111
GLOBAL,TRNINDNONPLXX,2,2041,1.1111
GLOBAL,TRNINDNONPLXX,2,2042,1.1111
GLOBAL,TRNINDNONPLXX,2,2043,1.1111
GLOBAL,TRNINDNONPLXX,2,2044,1.1111
GLOBAL,TRNINDNONPLXX,2,2045,1.1111
GLOBAL,TRNINDNONPLXX,2,2046,1.1111
GLOBAL,TRNINDNONPLXX,2,2047,1.1111
GLOBAL,TRNINDNONPLXX,2,2048,1.1111
GLOBAL,TRNINDNONPLXX,2,2049,1.1111
GLOBAL,TRNINDNONPLXX,2,2050,1.1111
GLOBAL,TRNINDSOINDWE,1,2023,1.1111
GLOBAL,TRNINDSOINDWE,1,2024,1.1111
GLOBAL,TRNINDSOINDWE,1,2025,1.1111
GLOBAL,TRNINDSOINDWE,1,2026,1.1111
GLOBAL,TRNINDSOINDWE,1,2027,1.1111
GLOBAL,TRNINDSOINDWE,1,2028,1.1111
GLOBAL,TRNINDSOINDWE,1,2029,1.1111
GLOBAL,TRNINDSOINDWE,1,2030,1.1111
GLOBAL,TRNINDSOINDWE,1,2031,1.1111
GLOBAL,TRNINDSOINDWE,1,2032,1.1111
GLOBAL,TRNINDSOINDWE,1,2033,1.1111
GLOBAL,TRNINDSOINDWE,1,2034,1.1111
GLOBAL,TRNINDSOINDWE,1,2035,1.1111
GLOBAL,TRNINDSOINDWE,1,2036,1.1111
GLOBAL,TRNINDSOINDWE,1,2037,1.1111
GLOBAL,TRNINDSOINDWE,1,2038,1.1111
GLOBAL,TRNINDSOINDWE,1,2039,1.1111
GLOBAL,TRNINDSOINDWE,1,2040,1.1111
GLOBAL,TRNINDSOINDWE,1,2041,1.1111
GLOBAL,TRNINDSOINDWE,1,2042,1.1111
GLOBAL,TRNINDSOINDWE,1,2043,1.1111
GLOBAL,TRNINDSOINDWE,1,2044,1.1111
GLOBAL,TRNINDSOINDWE,1,2045,1.1111
GLOBAL,TRNINDSOINDWE,1,2046,1.1111
GLOBAL,TRNINDSOINDWE,1,2047,1.1111
GLOBAL,TRNINDSOINDWE,1,2048,1.1111
GLOBAL,TRNINDSOINDWE,1,2049,1.1111
GLOBAL,TRNINDSOINDWE,1,2050,1.1111
GLOBAL,TRNINDSOINDWE,2,2023,1.1111
GLOBAL,TRNINDSOINDWE,2,2024,1.1111
GLOBAL,TRNINDSOINDWE,2,2025,1.1111
GLOBAL,TRNINDSOINDWE,2,2026,1.1111
GLOBAL,TRNINDSOINDWE,2,2027,1.1111
GLOBAL,TRNINDSOINDWE,2,2028,1.1111
GLOBAL,TRNINDSOINDWE,2,2029,1.1111
GLOBAL,TRNINDSOINDWE,2,2030,1.1111
GLOBAL,TRNINDSOINDWE,2,2031,1.1111
GLOBAL,TRNINDSOINDWE,2,2032,1.1111
GLOBAL,TRNINDSOINDWE,2,2033,1.1111
GLOBAL,TRNINDSOINDWE,2,2034,1.1111
GLOBAL,TRNINDSOINDWE,2,2035,1.1111
GLOBAL,TRNINDSOINDWE,2,2036,1.1111
GLOBAL,TRNINDSOINDWE,2,2037,1.1111
GLOBAL,TRNINDSOINDWE,2,2038,1.1111
GLOBAL,TRNINDSOINDWE,2,2039,1.1111
GLOBAL,TRNINDSOINDWE,2,2040,1.1111
GLOBAL,TRNINDSOINDWE,2,2041,1.1111
GLOBAL,TRNINDSOINDWE,2,2042,1.1111
GLOBAL,TRNINDSOINDWE,2,2043,1.1111
GLOBAL,TRNINDSOINDWE,2,2044,1.1111
GLOBAL,TRNINDSOINDWE,2,2045,1.1111
GLOBAL,TRNINDSOINDWE,2,2046,1.1111
GLOBAL,TRNINDSOINDWE,2,2047,1.1111
GLOBAL,TRNINDSOINDWE,2,2048,1.1111
GLOBAL,TRNINDSOINDWE,2,2049,1.1111
GLOBAL,TRNINDSOINDWE,2,2050,1.1111
GLOBAL,TRNINDSOLKAXX,1,2023,1.1111
GLOBAL,TRNINDSOLKAXX,1,2024,1.1111
GLOBAL,TRNINDSOLKAXX,1,2025,1.1111
GLOBAL,TRNINDSOLKAXX,1,2026,1.1111
GLOBAL,TRNINDSOLKAXX,1,2027,1.1111
GLOBAL,TRNINDSOLKAXX,1,2028,1.1111
GLOBAL,TRNINDSOLKAXX,1,2029,1.1111
GLOBAL,TRNINDSOLKAXX,1,2030,1.1111
GLOBAL,TRNINDSOLKAXX,1,2031,1.1111
GLOBAL,TRNINDSOLKAXX,1,2032,1.1111
GLOBAL,TRNINDSOLKAXX,1,2033,1.1111
GLOBAL,TRNINDSOLKAXX,1,2034,1.1111
GLOBAL,TRNINDSOLKAXX,1,2035,1.1111
GLOBAL,TRNINDSOLKAXX,1,2036,1.1111
GLOBAL,TRNINDSOLKAXX,1,2037,1.1111
GLOBAL,TRNINDSOLKAXX,1,2038,1.1111
GLOBAL,TRNINDSOLKAXX,1,2039,1.1111
GLOBAL,TRNINDSOLKAXX,1,2040,1.1111
GLOBAL,TRNINDSOLKAXX,1,2041,1.1111
GLOBAL,TRNINDSOLKAXX,1,2042,1.1111
GLOBAL,TRNINDSOLKAXX,1,2043,1.1111
GLOBAL,TRNINDSOLKAXX,1,2044,1.1111
GLOBAL,TRNINDSOLKAXX,1,2045,1.1111
GLOBAL,TRNINDSOLKAXX,1,2046,1.1111
GLOBAL,TRNINDSOLKAXX,1,2047,1.1111
GLOBAL,TRNINDSOLKAXX,1,2048,1.1111
GLOBAL,TRNINDSOLKAXX,1,2049,1.1111
GLOBAL,TRNINDSOLKAXX,1,2050,1.1111
GLOBAL,TRNINDSOLKAXX,2,2023,1.1111
GLOBAL,TRNINDSOLKAXX,2,2024,1.1111
GLOBAL,TRNINDSOLKAXX,2,2025,1.1111
GLOBAL,TRNINDSOLKAXX,2,2026,1.1111
GLOBAL,TRNINDSOLKAXX,2,2027,1.1111
GLOBAL,TRNINDSOLKAXX,2,2028,1.1111
GLOBAL,TRNINDSOLKAXX,2,2029,1.1111
GLOBAL,TRNINDSOLKAXX,2,2030,1.1111
GLOBAL,TRNINDSOLKAXX,2,2031,1.1111
GLOBAL,TRNINDSOLKAXX,2,2032,1.1111
GLOBAL,TRNINDSOLKAXX,2,2033,1.1111
GLOBAL,TRNINDSOLKAXX,2,2034,1.1111
GLOBAL,TRNINDSOLKAXX,2,2035,1.1111
GLOBAL,TRNINDSOLKAXX,2,2036,1.1111
GLOBAL,TRNINDSOLKAXX,2,2037,1.1111
GLOBAL,TRNINDSOLKAXX,2,2038,1.1111
GLOBAL,TRNINDSOLKAXX,2,2039,1.1111
GLOBAL,TRNINDSOLKAXX,2,2040,1.1111
GLOBAL,TRNINDSOLKAXX,2,2041,1.1111
GLOBAL,TRNINDSOLKAXX,2,2042,1.1111
GLOBAL,TRNINDSOLKAXX,2,2043,1.1111
GLOBAL,TRNINDSOLKAXX,2,2044,1.1111
GLOBAL,TRNINDSOLKAXX,2,2045,1.1111
GLOBAL,TRNINDSOLKAXX,2,2046,1.1111
GLOBAL,TRNINDSOLKAXX,2,2047,1.1111
GLOBAL,TRNINDSOLKAXX,2,2048,1.1111
GLOBAL,TRNINDSOLKAXX,2,2049,1.1111
GLOBAL,TRNINDSOLKAXX,2,2050,1.1111
GLOBAL,TRNLKAXXMDVXX,1,2023,1.1111
GLOBAL,TRNLKAXXMDVXX,1,2024,1.1111
GLOBAL,TRNLKAXXMDVXX,1,2025,1.1111
GLOBAL,TRNLKAXXMDVXX,1,2026,1.1111
GLOBAL,TRNLKAXXMDVXX,1,2027,1.1111
GLOBAL,TRNLKAXXMDVXX,1,2028,1.1111
GLOBAL,TRNLKAXXMDVXX,1,2029,1.1111
GLOBAL,TRNLKAXXMDVXX,1,2030,1.1111
GLOBAL,TRNLKAXXMDVXX,1,2031,1.1111
GLOBAL,TRNLKAXXMDVXX,1,2032,1.1111
GLOBAL,TRNLKAXXMDVXX,1,2033,1.1111
GLOBAL,TRNLKAXXMDVXX,1,2034,1.1111
GLOBAL,TRNLKAXXMDVXX,1,2035,1.1111
GLOBAL,TRNLKAXXMDVXX,1,2036,1.1111
GLOBAL,TRNLKAXXMDVXX,1,2037,1.1111
GLOBAL,TRNLKAXXMDVXX,1,2038,1.1111
GLOBAL,TRNLKAXXMDVXX,1,2039,1.1111
GLOBAL,TRNLKAXXMDVXX,1,2040,1.1111
GLOBAL,TRNLKAXXMDVXX,1,2041,1.1111
GLOBAL,TRNLKAXXMDVXX,1,2042,1.1111
GLOBAL,TRNLKAXXMDVXX,1,2043,1.1111
GLOBAL,TRNLKAXXMDVXX,1,2044,1.1111
GLOBAL,TRNLKAXXMDVXX,1,2045,1.1111
GLOBAL,TRNLKAXXMDVXX,1,2046,1.1111
GLOBAL,TRNLKAXXMDVXX,1,2047,1.1111
GLOBAL,TRNLKAXXMDVXX,1,2048,1.1111
GLOBAL,TRNLKAXXMDVXX,1,2049,1.1111
GLOBAL,TRNLKAXXMDVXX,1,2050,1.1111
GLOBAL,TRNLKAXXMDVXX,2,2023,1.1111
GLOBAL,TRNLKAXXMDVXX,2,2024,1.1111
GLOBAL,TRNLKAXXMDVXX,2,2025,1.1111
GLOBAL,TRNLKAXXMDVXX,2,2026,1.1111
GLOBAL,TRNLKAXXMDVXX,2,2027,1.1111
GLOBAL,TRNLKAXXMDVXX,2,2028,1.1111
GLOBAL,TRNLKAXXMDVXX,2,2029,1.1111
GLOBAL,TRNLKAXXMDVXX,2,2030,1.1111
GLOBAL,TRNLKAXXMDVXX,2,2031,1.1111
GLOBAL,TRNLKAXXMDVXX,2,2032,1.1111
GLOBAL,TRNLKAXXMDVXX,2,2033,1.1111
GLOBAL,TRNLKAXXMDVXX,2,2034,1.1111
GLOBAL,TRNLKAXXMDVXX,2,2035,1.1111
GLOBAL,TRNLKAXXMDVXX,2,2036,1.1111
GLOBAL,TRNLKAXXMDVXX,2,2037,1.1111
GLOBAL,TRNLKAXXMDVXX,2,2038,1.1111
GLOBAL,TRNLKAXXMDVXX,2,2039,1.1111
GLOBAL,TRNLKAXXMDVXX,2,2040,1.1111
GLOBAL,TRNLKAXXMDVXX,2,2041,1.1111
GLOBAL,TRNLKAXXMDVXX,2,2042,1.1111
GLOBAL,TRNLKAXXMDVXX,2,2043,1.1111
GLOBAL,TRNLKAXXMDVXX,2,2044,1.1111
GLOBAL,TRNLKAXXMDVXX,2,2045,1.1111
GLOBAL,TRNLKAXXMDVXX,2,2046,1.1111
GLOBAL,TRNLKAXXMDVXX,2,2047,1.1111
GLOBAL,TRNLKAXXMDVXX,2,2048,1.1111
GLOBAL,TRNLKAXXMDVXX,2,2049,1.1111
GLOBAL,TRNLKAXXMDVXX,2,2050,1.1111
GLOBAL,TRNMDVXXINDSO,1,2023,1.1111
GLOBAL,TRNMDVXXINDSO,1,2024,1.1111
GLOBAL,TRNMDVXXINDSO,1,2025,1.1111
GLOBAL,TRNMDVXXINDSO,1,2026,1.1111
GLOBAL,TRNMDVXXINDSO,1,2027,1.1111
GLOBAL,TRNMDVXXINDSO,1,2028,1.1111
GLOBAL,TRNMDVXXINDSO,1,2029,1.1111
GLOBAL,TRNMDVXXINDSO,1,2030,1.1111
GLOBAL,TRNMDVXXINDSO,1,2031,1.1111
GLOBAL,TRNMDVXXINDSO,1,2032,1.1111
GLOBAL,TRNMDVXXINDSO,1,2033,1.1111
GLOBAL,TRNMDVXXINDSO,1,2034,1.1111
GLOBAL,TRNMDVXXINDSO,1,2035,1.1111
GLOBAL,TRNMDVXXINDSO,1,2036,1.1111
GLOBAL,TRNMDVXXINDSO,1,2037,1.1111
GLOBAL,TRNMDVXXINDSO,1,2038,1.1111
GLOBAL,TRNMDVXXINDSO,1,2039,1.1111
GLOBAL,TRNMDVXXINDSO,1,2040,1.1111
GLOBAL,TRNMDVXXINDSO,1,2041,1.1111
GLOBAL,TRNMDVXXINDSO,1,2042,1.1111
GLOBAL,TRNMDVXXINDSO,1,2043,1.1111
GLOBAL,TRNMDVXXINDSO,1,2044,1.1111
GLOBAL,TRNMDVXXINDSO,1,2045,1.1111
GLOBAL,TRNMDVXXINDSO,1,2046,1.1111
GLOBAL,TRNMDVXXINDSO,1,2047,1.1111
GLOBAL,TRNMDVXXINDSO,1,2048,1.1111
GLOBAL,TRNMDVXXINDSO,1,2049,1.1111
GLOBAL,TRNMDVXXINDSO,1,2050,1.1111
GLOBAL,TRNMDVXXINDSO,2,2023,1.1111
GLOBAL,TRNMDVXXINDSO,2,2024,1.1111
GLOBAL,TRNMDVXXINDSO,2,2025,1.1111
GLOBAL,TRNMDVXXINDSO,2,2026,1.1111
GLOBAL,TRNMDVXXINDSO,2,2027,1.1111
GLOBAL,TRNMDVXXINDSO,2,2028,1.1111
GLOBAL,TRNMDVXXINDSO,2,2029,1.1111
GLOBAL,TRNMDVXXINDSO,2,2030,1.1111
GLOBAL,TRNMDVXXINDSO,2,2031,1.1111
GLOBAL,TRNMDVXXINDSO,2,2032,1.1111
GLOBAL,TRNMDVXXINDSO,2,2033,1.1111
GLOBAL,TRNMDVXXINDSO,2,2034,1.1111
GLOBAL,TRNMDVXXINDSO,2,2035,1.1111
GLOBAL,TRNMDVXXINDSO,2,2036,1.1111
GLOBAL,TRNMDVXXINDSO,2,2037,1.1111
GLOBAL,TRNMDVXXINDSO,2,2038,1.1111
GLOBAL,TRNMDVXXINDSO,2,2039,1.1111
GLOBAL,TRNMDVXXINDSO,2,2040,1.1111
GLOBAL,TRNMDVXXINDSO,2,2041,1.1111
GLOBAL,TRNMDVXXINDSO,2,2042,1.1111
GLOBAL,TRNMDVXXINDSO,2,2043,1.1111
GLOBAL,TRNMDVXXINDSO,2,2044,1.1111
GLOBAL,TRNMDVXXINDSO,2,2045,1.1111
GLOBAL,TRNMDVXXINDSO,2,2046,1.1111
GLOBAL,TRNMDVXXINDSO,2,2047,1.1111
GLOBAL,TRNMDVXXINDSO,2,2048,1.1111
GLOBAL,TRNMDVXXINDSO,2,2049,1.1111
GLOBAL,TRNMDVXXINDSO,2,2050,1.1111
GLOBAL,TRNNPLXXBGDXX,1,2023,1.1111
GLOBAL,TRNNPLXXBGDXX,1,2024,1.1111
GLOBAL,TRNNPLXXBGDXX,1,2025,1.1111
GLOBAL,TRNNPLXXBGDXX,1,2026,1.1111
GLOBAL,TRNNPLXXBGDXX,1,2027,1.1111
GLOBAL,TRNNPLXXBGDXX,1,2028,1.1111
GLOBAL,TRNNPLXXBGDXX,1,2029,1.1111
GLOBAL,TRNNPLXXBGDXX,1,2030,1.1111
GLOBAL,TRNNPLXXBGDXX,1,2031,1.1111
GLOBAL,TRNNPLXXBGDXX,1,2032,1.1111
GLOBAL,TRNNPLXXBGDXX,1,2033,1.1111
GLOBAL,TRNNPLXXBGDXX,1,2034,1.1111
GLOBAL,TRNNPLXXBGDXX,1,2035,1.1111
GLOBAL,TRNNPLXXBGDXX,1,2036,1.1111
GLOBAL,TRNNPLXXBGDXX,1,2037,1.1111
GLOBAL,TRNNPLXXBGDXX,1,2038,1.1111
GLOBAL,TRNNPLXXBGDXX,1,2039,1.1111
GLOBAL,TRNNPLXXBGDXX,1,2040,1.1111
GLOBAL,TRNNPLXXBGDXX,1,2041,1.1111
GLOBAL,TRNNPLXXBGDXX,1,2042,1.1111
GLOBAL,TRNNPLXXBGDXX,1,2043,1.1111
GLOBAL,TRNNPLXXBGDXX,1,2044,1.1111
GLOBAL,TRNNPLXXBGDXX,1,2045,1.1111
GLOBAL,TRNNPLXXBGDXX,1,2046,1.1111
GLOBAL,TRNNPLXXBGDXX,1,2047,1.1111
GLOBAL,TRNNPLXXBGDXX,1,2048,1.1111
GLOBAL,TRNNPLXXBGDXX,1,2049,1.1111
GLOBAL,TRNNPLXXBGDXX,1,2050,1.1111
GLOBAL,TRNNPLXXBGDXX,2,2023,1.1111
GLOBAL,TRNNPLXXBGDXX,2,2024,1.1111
GLOBAL,TRNNPLXXBGDXX,2,2025,1.1111
GLOBAL,TRNNPLXXBGDXX,2,2026,1.1111
GLOBAL,TRNNPLXXBGDXX,2,2027,1.1111
GLOBAL,TRNNPLXXBGDXX,2,2028,1.1111
GLOBAL,TRNNPLXXBGDXX,2,2029,1.1111
GLOBAL,TRNNPLXXBGDXX,2,2030,1.1111
GLOBAL,TRNNPLXXBGDXX,2,2031,1.1111
GLOBAL,TRNNPLXXBGDXX,2,2032,1.1111
GLOBAL,TRNNPLXXBGDXX,2,2033,1.1111
GLOBAL,TRNNPLXXBGDXX,2,2034,1.1111
GLOBAL,TRNNPLXXBGDXX,2,2035,1.1111
GLOBAL,TRNNPLXXBGDXX,2,2036,1.1111
GLOBAL,TRNNPLXXBGDXX,2,2037,1.1111
GLOBAL,TRNNPLXXBGDXX,2,2038,1.1111
GLOBAL,TRNNPLXXBGDXX,2,2039,1.1111
GLOBAL,TRNNPLXXBGDXX,2,2040,1.1111
GLOBAL,TRNNPLXXBGDXX,2,2041,1.1111
GLOBAL,TRNNPLXXBGDXX,2,2042,1.1111
GLOBAL,TRNNPLXXBGDXX,2,2043,1.1111
GLOBAL,TRNNPLXXBGDXX,2,2044,1.1111
GLOBAL,TRNNPLXXBGDXX,2,2045,1.1111
GLOBAL,TRNNPLXXBGDXX,2,2046,1.1111
GLOBAL,TRNNPLXXBGDXX,2,2047,1.1111
GLOBAL,TRNNPLXXBGDXX,2,2048,1.1111
GLOBAL,TRNNPLXXBGDXX,2,2049,1.1111
GLOBAL,TRNNPLXXBGDXX,2,2050,1.1111
