PARAMETER,Scenario,REGION,TECHNOLOGY,FUEL,EMISSION,MODE_OF_OPERATION,YEAR,TIMESLICE,SEASON,DAYTYPE,DAILYTIMEBRACKET,STORAGE,Value
TotalAnnualMaxCapacity,BAU,GLOBAL,PWRCSPINDEA,,,,2023,,,,,,0.0
TotalAnnualMaxCapacity,BAU,GLOBAL,PWRCSPINDEA,,,,2024,,,,,,0.0
TotalAnnualMaxCapacity,BAU,GLOBAL,PWRCSPINDEA,,,,2025,,,,,,0.0
TotalAnnualMaxCapacity,BAU,GLOBAL,PWRCSPINDEA,,,,2026,,,,,,0.0
TotalAnnualMaxCapacity,BAU,GLOBAL,PWRCSPINDEA,,,,2027,,,,,,0.0
TotalAnnualMaxCapacity,BAU,GLOBAL,PWRCSPINDEA,,,,2028,,,,,,0.0
TotalAnnualMaxCapacity,BAU,GLOBAL,PWRCSPINDEA,,,,2029,,,,,,0.0
TotalAnnualMaxCapacity,BAU,GLOBAL,PWRCSPINDEA,,,,2030,,,,,,0.0
TotalAnnualMaxCapacity,BAU,GLOBAL,PWRCSPINDEA,,,,2031,,,,,,0.0
TotalAnnualMaxCapacity,BAU,GLOBAL,PWRCSPINDEA,,,,2032,,,,,,0.0
TotalAnnualMaxCapacity,BAU,GLOBAL,PWRCSPINDEA,,,,2033,,,,,,0.0
TotalAnnualMaxCapacity,BAU,GLOBAL,PWRCSPINDEA,,,,2034,,,,,,0.0
TotalAnnualMaxCapacity,BAU,GLOBAL,PWRCSPINDEA,,,,2035,,,,,,0.0
TotalAnnualMaxCapacity,BAU,GLOBAL,PWRCSPINDEA,,,,2036,,,,,,0.0
TotalAnnualMaxCapacity,BAU,GLOBAL,PWRCSPINDEA,,,,2037,,,,,,0.0
TotalAnnualMaxCapacity,BAU,GLOBAL,PWRCSPINDEA,,,,2038,,,,,,0.0
TotalAnnualMaxCapacity,BAU,GLOBAL,PWRCSPINDEA,,,,2039,,,,,,0.0
TotalAnnualMaxCapacity,BAU,GLOBAL,PWRCSPINDEA,,,,2040,,,,,,0.0
TotalAnnualMaxCapacity,BAU,GLOBAL,PWRCSPINDEA,,,,2041,,,,,,0.0
TotalAnnualMaxCapacity,BAU,GLOBAL,PWRCSPINDEA,,,,2042,,,,,,0.0
TotalAnnualMaxCapacity,BAU,GLOBAL,PWRCSPINDEA,,,,2043,,,,,,0.0
TotalAnnualMaxCapacity,BAU,GLOBAL,PWRCSPINDEA,,,,2044,,,,,,0.0
TotalAnnualMaxCapacity,BAU,GLOBAL,PWRCSPINDEA,,,,2045,,,,,,0.0
TotalAnnualMaxCapacity,BAU,GLOBAL,PWRCSPINDEA,,,,2046,,,,,,0.0
TotalAnnualMaxCapacity,BAU,GLOBAL,PWRCSPINDEA,,,,2047,,,,,,0.0
TotalAnnualMaxCapacity,BAU,GLOBAL,PWRCSPINDEA,,,,2048,,,,,,0.0
TotalAnnualMaxCapacity,BAU,GLOBAL,PWRCSPINDEA,,,,2049,,,,,,0.0
TotalAnnualMaxCapacity,BAU,GLOBAL,PWRCSPINDEA,,,,2050,,,,,,0.0
TotalAnnualMaxCapacity,BAU,GLOBAL,PWRCSPINDNE,,,,2023,,,,,,0.0
TotalAnnualMaxCapacity,BAU,GLOBAL,PWRCSPINDNE,,,,2024,,,,,,0.0
TotalAnnualMaxCapacity,BAU,GLOBAL,PWRCSPINDNE,,,,2025,,,,,,0.0
TotalAnnualMaxCapacity,BAU,GLOBAL,PWRCSPINDNE,,,,2026,,,,,,0.0
TotalAnnualMaxCapacity,BAU,GLOBAL,PWRCSPINDNE,,,,2027,,,,,,0.0
TotalAnnualMaxCapacity,BAU,GLOBAL,PWRCSPINDNE,,,,2028,,,,,,0.0
TotalAnnualMaxCapacity,BAU,GLOBAL,PWRCSPINDNE,,,,2029,,,,,,0.0
TotalAnnualMaxCapacity,BAU,GLOBAL,PWRCSPINDNE,,,,2030,,,,,,0.0
TotalAnnualMaxCapacity,BAU,GLOBAL,PWRCSPINDNE,,,,2031,,,,,,0.0
TotalAnnualMaxCapacity,BAU,GLOBAL,PWRCSPINDNE,,,,2032,,,,,,0.0
TotalAnnualMaxCapacity,BAU,GLOBAL,PWRCSPINDNE,,,,2033,,,,,,0.0
TotalAnnualMaxCapacity,BAU,GLOBAL,PWRCSPINDNE,,,,2034,,,,,,0.0
TotalAnnualMaxCapacity,BAU,GLOBAL,PWRCSPINDNE,,,,2035,,,,,,0.0
TotalAnnualMaxCapacity,BAU,GLOBAL,PWRCSPINDNE,,,,2036,,,,,,0.0
TotalAnnualMaxCapacity,BAU,GLOBAL,PWRCSPINDNE,,,,2037,,,,,,0.0
TotalAnnualMaxCapacity,BAU,GLOBAL,PWRCSPINDNE,,,,2038,,,,,,0.0
TotalAnnualMaxCapacity,BAU,GLOBAL,PWRCSPINDNE,,,,2039,,,,,,0.0
TotalAnnualMaxCapacity,BAU,GLOBAL,PWRCSPINDNE,,,,2040,,,,,,0.0
TotalAnnualMaxCapacity,BAU,GLOBAL,PWRCSPINDNE,,,,2041,,,,,,0.0
TotalAnnualMaxCapacity,BAU,GLOBAL,PWRCSPINDNE,,,,2042,,,,,,0.0
TotalAnnualMaxCapacity,BAU,GLOBAL,PWRCSPINDNE,,,,2043,,,,,,0.0
TotalAnnualMaxCapacity,BAU,GLOBAL,PWRCSPINDNE,,,,2044,,,,,,0.0
TotalAnnualMaxCapacity,BAU,GLOBAL,PWRCSPINDNE,,,,2045,,,,,,0.0
TotalAnnualMaxCapacity,BAU,GLOBAL,PWRCSPINDNE,,,,2046,,,,,,0.0
TotalAnnualMaxCapacity,BAU,GLOBAL,PWRCSPINDNE,,,,2047,,,,,,0.0
TotalAnnualMaxCapacity,BAU,GLOBAL,PWRCSPINDNE,,,,2048,,,,,,0.0
TotalAnnualMaxCapacity,BAU,GLOBAL,PWRCSPINDNE,,,,2049,,,,,,0.0
TotalAnnualMaxCapacity,BAU,GLOBAL,PWRCSPINDNE,,,,2050,,,,,,0.0
TotalAnnualMaxCapacity,BAU,GLOBAL,PWRCSPINDNO,,,,2023,,,,,,191.3557
TotalAnnualMaxCapacity,BAU,GLOBAL,PWRCSPINDNO,,,,2024,,,,,,191.3557
TotalAnnualMaxCapacity,BAU,GLOBAL,PWRCSPINDNO,,,,2025,,,,,,191.3557
TotalAnnualMaxCapacity,BAU,GLOBAL,PWRCSPINDNO,,,,2026,,,,,,191.3557
TotalAnnualMaxCapacity,BAU,GLOBAL,PWRCSPINDNO,,,,2027,,,,,,191.3557
TotalAnnualMaxCapacity,BAU,GLOBAL,PWRCSPINDNO,,,,2028,,,,,,191.3557
TotalAnnualMaxCapacity,BAU,GLOBAL,PWRCSPINDNO,,,,2029,,,,,,191.3557
TotalAnnualMaxCapacity,BAU,GLOBAL,PWRCSPINDNO,,,,2030,,,,,,191.3557
TotalAnnualMaxCapacity,BAU,GLOBAL,PWRCSPINDNO,,,,2031,,,,,,191.3557
TotalAnnualMaxCapacity,BAU,GLOBAL,PWRCSPINDNO,,,,2032,,,,,,191.3557
TotalAnnualMaxCapacity,BAU,GLOBAL,PWRCSPINDNO,,,,2033,,,,,,191.3557
TotalAnnualMaxCapacity,BAU,GLOBAL,PWRCSPINDNO,,,,2034,,,,,,191.3557
TotalAnnualMaxCapacity,BAU,GLOBAL,PWRCSPINDNO,,,,2035,,,,,,191.3557
TotalAnnualMaxCapacity,BAU,GLOBAL,PWRCSPINDNO,,,,2036,,,,,,191.3557
TotalAnnualMaxCapacity,BAU,GLOBAL,PWRCSPINDNO,,,,2037,,,,,,191.3557
TotalAnnualMaxCapacity,BAU,GLOBAL,PWRCSPINDNO,,,,2038,,,,,,191.3557
TotalAnnualMaxCapacity,BAU,GLOBAL,PWRCSPINDNO,,,,2039,,,,,,191.3557
TotalAnnualMaxCapacity,BAU,GLOBAL,PWRCSPINDNO,,,,2040,,,,,,191.3557
TotalAnnualMaxCapacity,BAU,GLOBAL,PWRCSPINDNO,,,,2041,,,,,,191.3557
TotalAnnualMaxCapacity,BAU,GLOBAL,PWRCSPINDNO,,,,2042,,,,,,191.3557
TotalAnnualMaxCapacity,BAU,GLOBAL,PWRCSPINDNO,,,,2043,,,,,,191.3557
TotalAnnualMaxCapacity,BAU,GLOBAL,PWRCSPINDNO,,,,2044,,,,,,191.3557
TotalAnnualMaxCapacity,BAU,GLOBAL,PWRCSPINDNO,,,,2045,,,,,,191.3557
TotalAnnualMaxCapacity,BAU,GLOBAL,PWRCSPINDNO,,,,2046,,,,,,191.3557
TotalAnnualMaxCapacity,BAU,GLOBAL,PWRCSPINDNO,,,,2047,,,,,,191.3557
TotalAnnualMaxCapacity,BAU,GLOBAL,PWRCSPINDNO,,,,2048,,,,,,191.3557
TotalAnnualMaxCapacity,BAU,GLOBAL,PWRCSPINDNO,,,,2049,,,,,,191.3557
TotalAnnualMaxCapacity,BAU,GLOBAL,PWRCSPINDNO,,,,2050,,,,,,191.3557
TotalAnnualMaxCapacity,BAU,GLOBAL,PWRCSPINDSO,,,,2023,,,,,,120.3002
TotalAnnualMaxCapacity,BAU,GLOBAL,PWRCSPINDSO,,,,2024,,,,,,120.3002
TotalAnnualMaxCapacity,BAU,GLOBAL,PWRCSPINDSO,,,,2025,,,,,,120.3002
TotalAnnualMaxCapacity,BAU,GLOBAL,PWRCSPINDSO,,,,2026,,,,,,120.3002
TotalAnnualMaxCapacity,BAU,GLOBAL,PWRCSPINDSO,,,,2027,,,,,,120.3002
TotalAnnualMaxCapacity,BAU,GLOBAL,PWRCSPINDSO,,,,2028,,,,,,120.3002
TotalAnnualMaxCapacity,BAU,GLOBAL,PWRCSPINDSO,,,,2029,,,,,,120.3002
TotalAnnualMaxCapacity,BAU,GLOBAL,PWRCSPINDSO,,,,2030,,,,,,120.3002
TotalAnnualMaxCapacity,BAU,GLOBAL,PWRCSPINDSO,,,,2031,,,,,,120.3002
TotalAnnualMaxCapacity,BAU,GLOBAL,PWRCSPINDSO,,,,2032,,,,,,120.3002
TotalAnnualMaxCapacity,BAU,GLOBAL,PWRCSPINDSO,,,,2033,,,,,,120.3002
TotalAnnualMaxCapacity,BAU,GLOBAL,PWRCSPINDSO,,,,2034,,,,,,120.3002
TotalAnnualMaxCapacity,BAU,GLOBAL,PWRCSPINDSO,,,,2035,,,,,,120.3002
TotalAnnualMaxCapacity,BAU,GLOBAL,PWRCSPINDSO,,,,2036,,,,,,120.3002
TotalAnnualMaxCapacity,BAU,GLOBAL,PWRCSPINDSO,,,,2037,,,,,,120.3002
TotalAnnualMaxCapacity,BAU,GLOBAL,PWRCSPINDSO,,,,2038,,,,,,120.3002
TotalAnnualMaxCapacity,BAU,GLOBAL,PWRCSPINDSO,,,,2039,,,,,,120.3002
TotalAnnualMaxCapacity,BAU,GLOBAL,PWRCSPINDSO,,,,2040,,,,,,120.3002
TotalAnnualMaxCapacity,BAU,GLOBAL,PWRCSPINDSO,,,,2041,,,,,,120.3002
TotalAnnualMaxCapacity,BAU,GLOBAL,PWRCSPINDSO,,,,2042,,,,,,120.3002
TotalAnnualMaxCapacity,BAU,GLOBAL,PWRCSPINDSO,,,,2043,,,,,,120.3002
TotalAnnualMaxCapacity,BAU,GLOBAL,PWRCSPINDSO,,,,2044,,,,,,120.3002
TotalAnnualMaxCapacity,BAU,GLOBAL,PWRCSPINDSO,,,,2045,,,,,,120.3002
TotalAnnualMaxCapacity,BAU,GLOBAL,PWRCSPINDSO,,,,2046,,,,,,120.3002
TotalAnnualMaxCapacity,BAU,GLOBAL,PWRCSPINDSO,,,,2047,,,,,,120.3002
TotalAnnualMaxCapacity,BAU,GLOBAL,PWRCSPINDSO,,,,2048,,,,,,120.3002
TotalAnnualMaxCapacity,BAU,GLOBAL,PWRCSPINDSO,,,,2049,,,,,,120.3002
TotalAnnualMaxCapacity,BAU,GLOBAL,PWRCSPINDSO,,,,2050,,,,,,120.3002
TotalAnnualMaxCapacity,BAU,GLOBAL,PWRCSPINDWE,,,,2023,,,,,,0.0
TotalAnnualMaxCapacity,BAU,GLOBAL,PWRCSPINDWE,,,,2024,,,,,,0.0
TotalAnnualMaxCapacity,BAU,GLOBAL,PWRCSPINDWE,,,,2025,,,,,,0.0
TotalAnnualMaxCapacity,BAU,GLOBAL,PWRCSPINDWE,,,,2026,,,,,,0.0
TotalAnnualMaxCapacity,BAU,GLOBAL,PWRCSPINDWE,,,,2027,,,,,,0.0
TotalAnnualMaxCapacity,BAU,GLOBAL,PWRCSPINDWE,,,,2028,,,,,,0.0
TotalAnnualMaxCapacity,BAU,GLOBAL,PWRCSPINDWE,,,,2029,,,,,,0.0
TotalAnnualMaxCapacity,BAU,GLOBAL,PWRCSPINDWE,,,,2030,,,,,,0.0
TotalAnnualMaxCapacity,BAU,GLOBAL,PWRCSPINDWE,,,,2031,,,,,,0.0
TotalAnnualMaxCapacity,BAU,GLOBAL,PWRCSPINDWE,,,,2032,,,,,,0.0
TotalAnnualMaxCapacity,BAU,GLOBAL,PWRCSPINDWE,,,,2033,,,,,,0.0
TotalAnnualMaxCapacity,BAU,GLOBAL,PWRCSPINDWE,,,,2034,,,,,,0.0
TotalAnnualMaxCapacity,BAU,GLOBAL,PWRCSPINDWE,,,,2035,,,,,,0.0
TotalAnnualMaxCapacity,BAU,GLOBAL,PWRCSPINDWE,,,,2036,,,,,,0.0
TotalAnnualMaxCapacity,BAU,GLOBAL,PWRCSPINDWE,,,,2037,,,,,,0.0
TotalAnnualMaxCapacity,BAU,GLOBAL,PWRCSPINDWE,,,,2038,,,,,,0.0
TotalAnnualMaxCapacity,BAU,GLOBAL,PWRCSPINDWE,,,,2039,,,,,,0.0
TotalAnnualMaxCapacity,BAU,GLOBAL,PWRCSPINDWE,,,,2040,,,,,,0.0
TotalAnnualMaxCapacity,BAU,GLOBAL,PWRCSPINDWE,,,,2041,,,,,,0.0
TotalAnnualMaxCapacity,BAU,GLOBAL,PWRCSPINDWE,,,,2042,,,,,,0.0
TotalAnnualMaxCapacity,BAU,GLOBAL,PWRCSPINDWE,,,,2043,,,,,,0.0
TotalAnnualMaxCapacity,BAU,GLOBAL,PWRCSPINDWE,,,,2044,,,,,,0.0
TotalAnnualMaxCapacity,BAU,GLOBAL,PWRCSPINDWE,,,,2045,,,,,,0.0
TotalAnnualMaxCapacity,BAU,GLOBAL,PWRCSPINDWE,,,,2046,,,,,,0.0
TotalAnnualMaxCapacity,BAU,GLOBAL,PWRCSPINDWE,,,,2047,,,,,,0.0
TotalAnnualMaxCapacity,BAU,GLOBAL,PWRCSPINDWE,,,,2048,,,,,,0.0
TotalAnnualMaxCapacity,BAU,GLOBAL,PWRCSPINDWE,,,,2049,,,,,,0.0
TotalAnnualMaxCapacity,BAU,GLOBAL,PWRCSPINDWE,,,,2050,,,,,,0.0
TotalAnnualMaxCapacity,BAU,GLOBAL,PWRHYDBGDXX,,,,2023,,,,,,0.8302
TotalAnnualMaxCapacity,BAU,GLOBAL,PWRHYDBGDXX,,,,2024,,,,,,0.8302
TotalAnnualMaxCapacity,BAU,GLOBAL,PWRHYDBGDXX,,,,2025,,,,,,0.8302
TotalAnnualMaxCapacity,BAU,GLOBAL,PWRHYDBGDXX,,,,2026,,,,,,0.8302
TotalAnnualMaxCapacity,BAU,GLOBAL,PWRHYDBGDXX,,,,2027,,,,,,0.8302
TotalAnnualMaxCapacity,BAU,GLOBAL,PWRHYDBGDXX,,,,2028,,,,,,0.8302
TotalAnnualMaxCapacity,BAU,GLOBAL,PWRHYDBGDXX,,,,2029,,,,,,0.8302
TotalAnnualMaxCapacity,BAU,GLOBAL,PWRHYDBGDXX,,,,2030,,,,,,0.8302
TotalAnnualMaxCapacity,BAU,GLOBAL,PWRHYDBGDXX,,,,2031,,,,,,0.8302
TotalAnnualMaxCapacity,BAU,GLOBAL,PWRHYDBGDXX,,,,2032,,,,,,0.8302
TotalAnnualMaxCapacity,BAU,GLOBAL,PWRHYDBGDXX,,,,2033,,,,,,0.8302
TotalAnnualMaxCapacity,BAU,GLOBAL,PWRHYDBGDXX,,,,2034,,,,,,0.8302
TotalAnnualMaxCapacity,BAU,GLOBAL,PWRHYDBGDXX,,,,2035,,,,,,0.8302
TotalAnnualMaxCapacity,BAU,GLOBAL,PWRHYDBGDXX,,,,2036,,,,,,0.8302
TotalAnnualMaxCapacity,BAU,GLOBAL,PWRHYDBGDXX,,,,2037,,,,,,0.8302
TotalAnnualMaxCapacity,BAU,GLOBAL,PWRHYDBGDXX,,,,2038,,,,,,0.8302
TotalAnnualMaxCapacity,BAU,GLOBAL,PWRHYDBGDXX,,,,2039,,,,,,0.8302
TotalAnnualMaxCapacity,BAU,GLOBAL,PWRHYDBGDXX,,,,2040,,,,,,0.8302
TotalAnnualMaxCapacity,BAU,GLOBAL,PWRHYDBGDXX,,,,2041,,,,,,0.8302
TotalAnnualMaxCapacity,BAU,GLOBAL,PWRHYDBGDXX,,,,2042,,,,,,0.8302
TotalAnnualMaxCapacity,BAU,GLOBAL,PWRHYDBGDXX,,,,2043,,,,,,0.8302
TotalAnnualMaxCapacity,BAU,GLOBAL,PWRHYDBGDXX,,,,2044,,,,,,0.8302
TotalAnnualMaxCapacity,BAU,GLOBAL,PWRHYDBGDXX,,,,2045,,,,,,0.8302
TotalAnnualMaxCapacity,BAU,GLOBAL,PWRHYDBGDXX,,,,2046,,,,,,0.8302
TotalAnnualMaxCapacity,BAU,GLOBAL,PWRHYDBGDXX,,,,2047,,,,,,0.8302
TotalAnnualMaxCapacity,BAU,GLOBAL,PWRHYDBGDXX,,,,2048,,,,,,0.8302
TotalAnnualMaxCapacity,BAU,GLOBAL,PWRHYDBGDXX,,,,2049,,,,,,0.8302
TotalAnnualMaxCapacity,BAU,GLOBAL,PWRHYDBGDXX,,,,2050,,,,,,0.8302
TotalAnnualMaxCapacity,BAU,GLOBAL,PWRHYDBTNXX,,,,2023,,,,,,30.4902
TotalAnnualMaxCapacity,BAU,GLOBAL,PWRHYDBTNXX,,,,2024,,,,,,30.4902
TotalAnnualMaxCapacity,BAU,GLOBAL,PWRHYDBTNXX,,,,2025,,,,,,30.4902
TotalAnnualMaxCapacity,BAU,GLOBAL,PWRHYDBTNXX,,,,2026,,,,,,30.4902
TotalAnnualMaxCapacity,BAU,GLOBAL,PWRHYDBTNXX,,,,2027,,,,,,30.4902
TotalAnnualMaxCapacity,BAU,GLOBAL,PWRHYDBTNXX,,,,2028,,,,,,30.4902
TotalAnnualMaxCapacity,BAU,GLOBAL,PWRHYDBTNXX,,,,2029,,,,,,30.4902
TotalAnnualMaxCapacity,BAU,GLOBAL,PWRHYDBTNXX,,,,2030,,,,,,30.4902
TotalAnnualMaxCapacity,BAU,GLOBAL,PWRHYDBTNXX,,,,2031,,,,,,30.4902
TotalAnnualMaxCapacity,BAU,GLOBAL,PWRHYDBTNXX,,,,2032,,,,,,30.4902
TotalAnnualMaxCapacity,BAU,GLOBAL,PWRHYDBTNXX,,,,2033,,,,,,30.4902
TotalAnnualMaxCapacity,BAU,GLOBAL,PWRHYDBTNXX,,,,2034,,,,,,30.4902
TotalAnnualMaxCapacity,BAU,GLOBAL,PWRHYDBTNXX,,,,2035,,,,,,30.4902
TotalAnnualMaxCapacity,BAU,GLOBAL,PWRHYDBTNXX,,,,2036,,,,,,30.4902
TotalAnnualMaxCapacity,BAU,GLOBAL,PWRHYDBTNXX,,,,2037,,,,,,30.4902
TotalAnnualMaxCapacity,BAU,GLOBAL,PWRHYDBTNXX,,,,2038,,,,,,30.4902
TotalAnnualMaxCapacity,BAU,GLOBAL,PWRHYDBTNXX,,,,2039,,,,,,30.4902
TotalAnnualMaxCapacity,BAU,GLOBAL,PWRHYDBTNXX,,,,2040,,,,,,30.4902
TotalAnnualMaxCapacity,BAU,GLOBAL,PWRHYDBTNXX,,,,2041,,,,,,30.4902
TotalAnnualMaxCapacity,BAU,GLOBAL,PWRHYDBTNXX,,,,2042,,,,,,30.4902
TotalAnnualMaxCapacity,BAU,GLOBAL,PWRHYDBTNXX,,,,2043,,,,,,30.4902
TotalAnnualMaxCapacity,BAU,GLOBAL,PWRHYDBTNXX,,,,2044,,,,,,30.4902
TotalAnnualMaxCapacity,BAU,GLOBAL,PWRHYDBTNXX,,,,2045,,,,,,30.4902
TotalAnnualMaxCapacity,BAU,GLOBAL,PWRHYDBTNXX,,,,2046,,,,,,30.4902
TotalAnnualMaxCapacity,BAU,GLOBAL,PWRHYDBTNXX,,,,2047,,,,,,30.4902
TotalAnnualMaxCapacity,BAU,GLOBAL,PWRHYDBTNXX,,,,2048,,,,,,30.4902
TotalAnnualMaxCapacity,BAU,GLOBAL,PWRHYDBTNXX,,,,2049,,,,,,30.4902
TotalAnnualMaxCapacity,BAU,GLOBAL,PWRHYDBTNXX,,,,2050,,,,,,30.4902
TotalAnnualMaxCapacity,BAU,GLOBAL,PWRHYDINDEA,,,,2023,,,,,,25.9922
TotalAnnualMaxCapacity,BAU,GLOBAL,PWRHYDINDEA,,,,2024,,,,,,25.9922
TotalAnnualMaxCapacity,BAU,GLOBAL,PWRHYDINDEA,,,,2025,,,,,,25.9922
TotalAnnualMaxCapacity,BAU,GLOBAL,PWRHYDINDEA,,,,2026,,,,,,25.9922
TotalAnnualMaxCapacity,BAU,GLOBAL,PWRHYDINDEA,,,,2027,,,,,,25.9922
TotalAnnualMaxCapacity,BAU,GLOBAL,PWRHYDINDEA,,,,2028,,,,,,25.9922
TotalAnnualMaxCapacity,BAU,GLOBAL,PWRHYDINDEA,,,,2029,,,,,,25.9922
TotalAnnualMaxCapacity,BAU,GLOBAL,PWRHYDINDEA,,,,2030,,,,,,25.9922
TotalAnnualMaxCapacity,BAU,GLOBAL,PWRHYDINDEA,,,,2031,,,,,,25.9922
TotalAnnualMaxCapacity,BAU,GLOBAL,PWRHYDINDEA,,,,2032,,,,,,25.9922
TotalAnnualMaxCapacity,BAU,GLOBAL,PWRHYDINDEA,,,,2033,,,,,,25.9922
TotalAnnualMaxCapacity,BAU,GLOBAL,PWRHYDINDEA,,,,2034,,,,,,25.9922
TotalAnnualMaxCapacity,BAU,GLOBAL,PWRHYDINDEA,,,,2035,,,,,,25.9922
TotalAnnualMaxCapacity,BAU,GLOBAL,PWRHYDINDEA,,,,2036,,,,,,25.9922
TotalAnnualMaxCapacity,BAU,GLOBAL,PWRHYDINDEA,,,,2037,,,,,,25.9922
TotalAnnualMaxCapacity,BAU,GLOBAL,PWRHYDINDEA,,,,2038,,,,,,25.9922
TotalAnnualMaxCapacity,BAU,GLOBAL,PWRHYDINDEA,,,,2039,,,,,,25.9922
TotalAnnualMaxCapacity,BAU,GLOBAL,PWRHYDINDEA,,,,2040,,,,,,25.9922
TotalAnnualMaxCapacity,BAU,GLOBAL,PWRHYDINDEA,,,,2041,,,,,,25.9922
TotalAnnualMaxCapacity,BAU,GLOBAL,PWRHYDINDEA,,,,2042,,,,,,25.9922
TotalAnnualMaxCapacity,BAU,GLOBAL,PWRHYDINDEA,,,,2043,,,,,,25.9922
TotalAnnualMaxCapacity,BAU,GLOBAL,PWRHYDINDEA,,,,2044,,,,,,25.9922
TotalAnnualMaxCapacity,BAU,GLOBAL,PWRHYDINDEA,,,,2045,,,,,,25.9922
TotalAnnualMaxCapacity,BAU,GLOBAL,PWRHYDINDEA,,,,2046,,,,,,25.9922
TotalAnnualMaxCapacity,BAU,GLOBAL,PWRHYDINDEA,,,,2047,,,,,,25.9922
TotalAnnualMaxCapacity,BAU,GLOBAL,PWRHYDINDEA,,,,2048,,,,,,25.9922
TotalAnnualMaxCapacity,BAU,GLOBAL,PWRHYDINDEA,,,,2049,,,,,,25.9922
TotalAnnualMaxCapacity,BAU,GLOBAL,PWRHYDINDEA,,,,2050,,,,,,25.9922
TotalAnnualMaxCapacity,BAU,GLOBAL,PWRHYDINDNE,,,,2023,,,,,,202.6312
TotalAnnualMaxCapacity,BAU,GLOBAL,PWRHYDINDNE,,,,2024,,,,,,202.6312
TotalAnnualMaxCapacity,BAU,GLOBAL,PWRHYDINDNE,,,,2025,,,,,,202.6312
TotalAnnualMaxCapacity,BAU,GLOBAL,PWRHYDINDNE,,,,2026,,,,,,202.6312
TotalAnnualMaxCapacity,BAU,GLOBAL,PWRHYDINDNE,,,,2027,,,,,,202.6312
TotalAnnualMaxCapacity,BAU,GLOBAL,PWRHYDINDNE,,,,2028,,,,,,202.6312
TotalAnnualMaxCapacity,BAU,GLOBAL,PWRHYDINDNE,,,,2029,,,,,,202.6312
TotalAnnualMaxCapacity,BAU,GLOBAL,PWRHYDINDNE,,,,2030,,,,,,202.6312
TotalAnnualMaxCapacity,BAU,GLOBAL,PWRHYDINDNE,,,,2031,,,,,,202.6312
TotalAnnualMaxCapacity,BAU,GLOBAL,PWRHYDINDNE,,,,2032,,,,,,202.6312
TotalAnnualMaxCapacity,BAU,GLOBAL,PWRHYDINDNE,,,,2033,,,,,,202.6312
TotalAnnualMaxCapacity,BAU,GLOBAL,PWRHYDINDNE,,,,2034,,,,,,202.6312
TotalAnnualMaxCapacity,BAU,GLOBAL,PWRHYDINDNE,,,,2035,,,,,,202.6312
TotalAnnualMaxCapacity,BAU,GLOBAL,PWRHYDINDNE,,,,2036,,,,,,202.6312
TotalAnnualMaxCapacity,BAU,GLOBAL,PWRHYDINDNE,,,,2037,,,,,,202.6312
TotalAnnualMaxCapacity,BAU,GLOBAL,PWRHYDINDNE,,,,2038,,,,,,202.6312
TotalAnnualMaxCapacity,BAU,GLOBAL,PWRHYDINDNE,,,,2039,,,,,,202.6312
TotalAnnualMaxCapacity,BAU,GLOBAL,PWRHYDINDNE,,,,2040,,,,,,202.6312
TotalAnnualMaxCapacity,BAU,GLOBAL,PWRHYDINDNE,,,,2041,,,,,,202.6312
TotalAnnualMaxCapacity,BAU,GLOBAL,PWRHYDINDNE,,,,2042,,,,,,202.6312
TotalAnnualMaxCapacity,BAU,GLOBAL,PWRHYDINDNE,,,,2043,,,,,,202.6312
TotalAnnualMaxCapacity,BAU,GLOBAL,PWRHYDINDNE,,,,2044,,,,,,202.6312
TotalAnnualMaxCapacity,BAU,GLOBAL,PWRHYDINDNE,,,,2045,,,,,,202.6312
TotalAnnualMaxCapacity,BAU,GLOBAL,PWRHYDINDNE,,,,2046,,,,,,202.6312
TotalAnnualMaxCapacity,BAU,GLOBAL,PWRHYDINDNE,,,,2047,,,,,,202.6312
TotalAnnualMaxCapacity,BAU,GLOBAL,PWRHYDINDNE,,,,2048,,,,,,202.6312
TotalAnnualMaxCapacity,BAU,GLOBAL,PWRHYDINDNE,,,,2049,,,,,,202.6312
TotalAnnualMaxCapacity,BAU,GLOBAL,PWRHYDINDNE,,,,2050,,,,,,202.6312
TotalAnnualMaxCapacity,BAU,GLOBAL,PWRHYDINDNO,,,,2023,,,,,,183.8822
TotalAnnualMaxCapacity,BAU,GLOBAL,PWRHYDINDNO,,,,2024,,,,,,183.8822
TotalAnnualMaxCapacity,BAU,GLOBAL,PWRHYDINDNO,,,,2025,,,,,,183.8822
TotalAnnualMaxCapacity,BAU,GLOBAL,PWRHYDINDNO,,,,2026,,,,,,183.8822
TotalAnnualMaxCapacity,BAU,GLOBAL,PWRHYDINDNO,,,,2027,,,,,,183.8822
TotalAnnualMaxCapacity,BAU,GLOBAL,PWRHYDINDNO,,,,2028,,,,,,183.8822
TotalAnnualMaxCapacity,BAU,GLOBAL,PWRHYDINDNO,,,,2029,,,,,,183.8822
TotalAnnualMaxCapacity,BAU,GLOBAL,PWRHYDINDNO,,,,2030,,,,,,183.8822
TotalAnnualMaxCapacity,BAU,GLOBAL,PWRHYDINDNO,,,,2031,,,,,,183.8822
TotalAnnualMaxCapacity,BAU,GLOBAL,PWRHYDINDNO,,,,2032,,,,,,183.8822
TotalAnnualMaxCapacity,BAU,GLOBAL,PWRHYDINDNO,,,,2033,,,,,,183.8822
TotalAnnualMaxCapacity,BAU,GLOBAL,PWRHYDINDNO,,,,2034,,,,,,183.8822
TotalAnnualMaxCapacity,BAU,GLOBAL,PWRHYDINDNO,,,,2035,,,,,,183.8822
TotalAnnualMaxCapacity,BAU,GLOBAL,PWRHYDINDNO,,,,2036,,,,,,183.8822
TotalAnnualMaxCapacity,BAU,GLOBAL,PWRHYDINDNO,,,,2037,,,,,,183.8822
TotalAnnualMaxCapacity,BAU,GLOBAL,PWRHYDINDNO,,,,2038,,,,,,183.8822
TotalAnnualMaxCapacity,BAU,GLOBAL,PWRHYDINDNO,,,,2039,,,,,,183.8822
TotalAnnualMaxCapacity,BAU,GLOBAL,PWRHYDINDNO,,,,2040,,,,,,183.8822
TotalAnnualMaxCapacity,BAU,GLOBAL,PWRHYDINDNO,,,,2041,,,,,,183.8822
TotalAnnualMaxCapacity,BAU,GLOBAL,PWRHYDINDNO,,,,2042,,,,,,183.8822
TotalAnnualMaxCapacity,BAU,GLOBAL,PWRHYDINDNO,,,,2043,,,,,,183.8822
TotalAnnualMaxCapacity,BAU,GLOBAL,PWRHYDINDNO,,,,2044,,,,,,183.8822
TotalAnnualMaxCapacity,BAU,GLOBAL,PWRHYDINDNO,,,,2045,,,,,,183.8822
TotalAnnualMaxCapacity,BAU,GLOBAL,PWRHYDINDNO,,,,2046,,,,,,183.8822
TotalAnnualMaxCapacity,BAU,GLOBAL,PWRHYDINDNO,,,,2047,,,,,,183.8822
TotalAnnualMaxCapacity,BAU,GLOBAL,PWRHYDINDNO,,,,2048,,,,,,183.8822
TotalAnnualMaxCapacity,BAU,GLOBAL,PWRHYDINDNO,,,,2049,,,,,,183.8822
TotalAnnualMaxCapacity,BAU,GLOBAL,PWRHYDINDNO,,,,2050,,,,,,183.8822
TotalAnnualMaxCapacity,BAU,GLOBAL,PWRHYDINDSO,,,,2023,,,,,,34.7552
TotalAnnualMaxCapacity,BAU,GLOBAL,PWRHYDINDSO,,,,2024,,,,,,34.7552
TotalAnnualMaxCapacity,BAU,GLOBAL,PWRHYDINDSO,,,,2025,,,,,,34.7552
TotalAnnualMaxCapacity,BAU,GLOBAL,PWRHYDINDSO,,,,2026,,,,,,34.7552
TotalAnnualMaxCapacity,BAU,GLOBAL,PWRHYDINDSO,,,,2027,,,,,,34.7552
TotalAnnualMaxCapacity,BAU,GLOBAL,PWRHYDINDSO,,,,2028,,,,,,34.7552
TotalAnnualMaxCapacity,BAU,GLOBAL,PWRHYDINDSO,,,,2029,,,,,,34.7552
TotalAnnualMaxCapacity,BAU,GLOBAL,PWRHYDINDSO,,,,2030,,,,,,34.7552
TotalAnnualMaxCapacity,BAU,GLOBAL,PWRHYDINDSO,,,,2031,,,,,,34.7552
TotalAnnualMaxCapacity,BAU,GLOBAL,PWRHYDINDSO,,,,2032,,,,,,34.7552
TotalAnnualMaxCapacity,BAU,GLOBAL,PWRHYDINDSO,,,,2033,,,,,,34.7552
TotalAnnualMaxCapacity,BAU,GLOBAL,PWRHYDINDSO,,,,2034,,,,,,34.7552
TotalAnnualMaxCapacity,BAU,GLOBAL,PWRHYDINDSO,,,,2035,,,,,,34.7552
TotalAnnualMaxCapacity,BAU,GLOBAL,PWRHYDINDSO,,,,2036,,,,,,34.7552
TotalAnnualMaxCapacity,BAU,GLOBAL,PWRHYDINDSO,,,,2037,,,,,,34.7552
TotalAnnualMaxCapacity,BAU,GLOBAL,PWRHYDINDSO,,,,2038,,,,,,34.7552
TotalAnnualMaxCapacity,BAU,GLOBAL,PWRHYDINDSO,,,,2039,,,,,,34.7552
TotalAnnualMaxCapacity,BAU,GLOBAL,PWRHYDINDSO,,,,2040,,,,,,34.7552
TotalAnnualMaxCapacity,BAU,GLOBAL,PWRHYDINDSO,,,,2041,,,,,,34.7552
TotalAnnualMaxCapacity,BAU,GLOBAL,PWRHYDINDSO,,,,2042,,,,,,34.7552
TotalAnnualMaxCapacity,BAU,GLOBAL,PWRHYDINDSO,,,,2043,,,,,,34.7552
TotalAnnualMaxCapacity,BAU,GLOBAL,PWRHYDINDSO,,,,2044,,,,,,34.7552
TotalAnnualMaxCapacity,BAU,GLOBAL,PWRHYDINDSO,,,,2045,,,,,,34.7552
TotalAnnualMaxCapacity,BAU,GLOBAL,PWRHYDINDSO,,,,2046,,,,,,34.7552
TotalAnnualMaxCapacity,BAU,GLOBAL,PWRHYDINDSO,,,,2047,,,,,,34.7552
TotalAnnualMaxCapacity,BAU,GLOBAL,PWRHYDINDSO,,,,2048,,,,,,34.7552
TotalAnnualMaxCapacity,BAU,GLOBAL,PWRHYDINDSO,,,,2049,,,,,,34.7552
TotalAnnualMaxCapacity,BAU,GLOBAL,PWRHYDINDSO,,,,2050,,,,,,34.7552
TotalAnnualMaxCapacity,BAU,GLOBAL,PWRHYDINDWE,,,,2023,,,,,,31.5352
TotalAnnualMaxCapacity,BAU,GLOBAL,PWRHYDINDWE,,,,2024,,,,,,31.5352
TotalAnnualMaxCapacity,BAU,GLOBAL,PWRHYDINDWE,,,,2025,,,,,,31.5352
TotalAnnualMaxCapacity,BAU,GLOBAL,PWRHYDINDWE,,,,2026,,,,,,31.5352
TotalAnnualMaxCapacity,BAU,GLOBAL,PWRHYDINDWE,,,,2027,,,,,,31.5352
TotalAnnualMaxCapacity,BAU,GLOBAL,PWRHYDINDWE,,,,2028,,,,,,31.5352
TotalAnnualMaxCapacity,BAU,GLOBAL,PWRHYDINDWE,,,,2029,,,,,,31.5352
TotalAnnualMaxCapacity,BAU,GLOBAL,PWRHYDINDWE,,,,2030,,,,,,31.5352
TotalAnnualMaxCapacity,BAU,GLOBAL,PWRHYDINDWE,,,,2031,,,,,,31.5352
TotalAnnualMaxCapacity,BAU,GLOBAL,PWRHYDINDWE,,,,2032,,,,,,31.5352
TotalAnnualMaxCapacity,BAU,GLOBAL,PWRHYDINDWE,,,,2033,,,,,,31.5352
TotalAnnualMaxCapacity,BAU,GLOBAL,PWRHYDINDWE,,,,2034,,,,,,31.5352
TotalAnnualMaxCapacity,BAU,GLOBAL,PWRHYDINDWE,,,,2035,,,,,,31.5352
TotalAnnualMaxCapacity,BAU,GLOBAL,PWRHYDINDWE,,,,2036,,,,,,31.5352
TotalAnnualMaxCapacity,BAU,GLOBAL,PWRHYDINDWE,,,,2037,,,,,,31.5352
TotalAnnualMaxCapacity,BAU,GLOBAL,PWRHYDINDWE,,,,2038,,,,,,31.5352
TotalAnnualMaxCapacity,BAU,GLOBAL,PWRHYDINDWE,,,,2039,,,,,,31.5352
TotalAnnualMaxCapacity,BAU,GLOBAL,PWRHYDINDWE,,,,2040,,,,,,31.5352
TotalAnnualMaxCapacity,BAU,GLOBAL,PWRHYDINDWE,,,,2041,,,,,,31.5352
TotalAnnualMaxCapacity,BAU,GLOBAL,PWRHYDINDWE,,,,2042,,,,,,31.5352
TotalAnnualMaxCapacity,BAU,GLOBAL,PWRHYDINDWE,,,,2043,,,,,,31.5352
TotalAnnualMaxCapacity,BAU,GLOBAL,PWRHYDINDWE,,,,2044,,,,,,31.5352
TotalAnnualMaxCapacity,BAU,GLOBAL,PWRHYDINDWE,,,,2045,,,,,,31.5352
TotalAnnualMaxCapacity,BAU,GLOBAL,PWRHYDINDWE,,,,2046,,,,,,31.5352
TotalAnnualMaxCapacity,BAU,GLOBAL,PWRHYDINDWE,,,,2047,,,,,,31.5352
TotalAnnualMaxCapacity,BAU,GLOBAL,PWRHYDINDWE,,,,2048,,,,,,31.5352
TotalAnnualMaxCapacity,BAU,GLOBAL,PWRHYDINDWE,,,,2049,,,,,,31.5352
TotalAnnualMaxCapacity,BAU,GLOBAL,PWRHYDINDWE,,,,2050,,,,,,31.5352
TotalAnnualMaxCapacity,BAU,GLOBAL,PWRHYDLKAXX,,,,2023,,,,,,2.1005
TotalAnnualMaxCapacity,BAU,GLOBAL,PWRHYDLKAXX,,,,2024,,,,,,2.1005
TotalAnnualMaxCapacity,BAU,GLOBAL,PWRHYDLKAXX,,,,2025,,,,,,2.1005
TotalAnnualMaxCapacity,BAU,GLOBAL,PWRHYDLKAXX,,,,2026,,,,,,2.1005
TotalAnnualMaxCapacity,BAU,GLOBAL,PWRHYDLKAXX,,,,2027,,,,,,2.1005
TotalAnnualMaxCapacity,BAU,GLOBAL,PWRHYDLKAXX,,,,2028,,,,,,2.1005
TotalAnnualMaxCapacity,BAU,GLOBAL,PWRHYDLKAXX,,,,2029,,,,,,2.1005
TotalAnnualMaxCapacity,BAU,GLOBAL,PWRHYDLKAXX,,,,2030,,,,,,2.1005
TotalAnnualMaxCapacity,BAU,GLOBAL,PWRHYDLKAXX,,,,2031,,,,,,2.1005
TotalAnnualMaxCapacity,BAU,GLOBAL,PWRHYDLKAXX,,,,2032,,,,,,2.1005
TotalAnnualMaxCapacity,BAU,GLOBAL,PWRHYDLKAXX,,,,2033,,,,,,2.1005
TotalAnnualMaxCapacity,BAU,GLOBAL,PWRHYDLKAXX,,,,2034,,,,,,2.5704
TotalAnnualMaxCapacity,BAU,GLOBAL,PWRHYDLKAXX,,,,2035,,,,,,2.5704
TotalAnnualMaxCapacity,BAU,GLOBAL,PWRHYDLKAXX,,,,2036,,,,,,2.5704
TotalAnnualMaxCapacity,BAU,GLOBAL,PWRHYDLKAXX,,,,2037,,,,,,2.5704
TotalAnnualMaxCapacity,BAU,GLOBAL,PWRHYDLKAXX,,,,2038,,,,,,2.5704
TotalAnnualMaxCapacity,BAU,GLOBAL,PWRHYDLKAXX,,,,2039,,,,,,2.5704
TotalAnnualMaxCapacity,BAU,GLOBAL,PWRHYDLKAXX,,,,2040,,,,,,2.5704
TotalAnnualMaxCapacity,BAU,GLOBAL,PWRHYDLKAXX,,,,2041,,,,,,2.5704
TotalAnnualMaxCapacity,BAU,GLOBAL,PWRHYDLKAXX,,,,2042,,,,,,2.5704
TotalAnnualMaxCapacity,BAU,GLOBAL,PWRHYDLKAXX,,,,2043,,,,,,2.5704
TotalAnnualMaxCapacity,BAU,GLOBAL,PWRHYDLKAXX,,,,2044,,,,,,2.5704
TotalAnnualMaxCapacity,BAU,GLOBAL,PWRHYDLKAXX,,,,2045,,,,,,2.5704
TotalAnnualMaxCapacity,BAU,GLOBAL,PWRHYDLKAXX,,,,2046,,,,,,2.5704
TotalAnnualMaxCapacity,BAU,GLOBAL,PWRHYDLKAXX,,,,2047,,,,,,2.5704
TotalAnnualMaxCapacity,BAU,GLOBAL,PWRHYDLKAXX,,,,2048,,,,,,2.5704
TotalAnnualMaxCapacity,BAU,GLOBAL,PWRHYDLKAXX,,,,2049,,,,,,2.5704
TotalAnnualMaxCapacity,BAU,GLOBAL,PWRHYDLKAXX,,,,2050,,,,,,2.5704
TotalAnnualMaxCapacity,BAU,GLOBAL,PWRHYDNPLXX,,,,2023,,,,,,39.7532
TotalAnnualMaxCapacity,BAU,GLOBAL,PWRHYDNPLXX,,,,2024,,,,,,39.7532
TotalAnnualMaxCapacity,BAU,GLOBAL,PWRHYDNPLXX,,,,2025,,,,,,39.7532
TotalAnnualMaxCapacity,BAU,GLOBAL,PWRHYDNPLXX,,,,2026,,,,,,39.7532
TotalAnnualMaxCapacity,BAU,GLOBAL,PWRHYDNPLXX,,,,2027,,,,,,39.7532
TotalAnnualMaxCapacity,BAU,GLOBAL,PWRHYDNPLXX,,,,2028,,,,,,39.7532
TotalAnnualMaxCapacity,BAU,GLOBAL,PWRHYDNPLXX,,,,2029,,,,,,39.7532
TotalAnnualMaxCapacity,BAU,GLOBAL,PWRHYDNPLXX,,,,2030,,,,,,39.7532
TotalAnnualMaxCapacity,BAU,GLOBAL,PWRHYDNPLXX,,,,2031,,,,,,39.7532
TotalAnnualMaxCapacity,BAU,GLOBAL,PWRHYDNPLXX,,,,2032,,,,,,39.7532
TotalAnnualMaxCapacity,BAU,GLOBAL,PWRHYDNPLXX,,,,2033,,,,,,39.7532
TotalAnnualMaxCapacity,BAU,GLOBAL,PWRHYDNPLXX,,,,2034,,,,,,39.7532
TotalAnnualMaxCapacity,BAU,GLOBAL,PWRHYDNPLXX,,,,2035,,,,,,39.7532
TotalAnnualMaxCapacity,BAU,GLOBAL,PWRHYDNPLXX,,,,2036,,,,,,39.7532
TotalAnnualMaxCapacity,BAU,GLOBAL,PWRHYDNPLXX,,,,2037,,,,,,39.7532
TotalAnnualMaxCapacity,BAU,GLOBAL,PWRHYDNPLXX,,,,2038,,,,,,39.7532
TotalAnnualMaxCapacity,BAU,GLOBAL,PWRHYDNPLXX,,,,2039,,,,,,39.7532
TotalAnnualMaxCapacity,BAU,GLOBAL,PWRHYDNPLXX,,,,2040,,,,,,39.7532
TotalAnnualMaxCapacity,BAU,GLOBAL,PWRHYDNPLXX,,,,2041,,,,,,39.7532
TotalAnnualMaxCapacity,BAU,GLOBAL,PWRHYDNPLXX,,,,2042,,,,,,39.7532
TotalAnnualMaxCapacity,BAU,GLOBAL,PWRHYDNPLXX,,,,2043,,,,,,39.7532
TotalAnnualMaxCapacity,BAU,GLOBAL,PWRHYDNPLXX,,,,2044,,,,,,39.7532
TotalAnnualMaxCapacity,BAU,GLOBAL,PWRHYDNPLXX,,,,2045,,,,,,39.7532
TotalAnnualMaxCapacity,BAU,GLOBAL,PWRHYDNPLXX,,,,2046,,,,,,39.7532
TotalAnnualMaxCapacity,BAU,GLOBAL,PWRHYDNPLXX,,,,2047,,,,,,39.7532
TotalAnnualMaxCapacity,BAU,GLOBAL,PWRHYDNPLXX,,,,2048,,,,,,39.7532
TotalAnnualMaxCapacity,BAU,GLOBAL,PWRHYDNPLXX,,,,2049,,,,,,39.7532
TotalAnnualMaxCapacity,BAU,GLOBAL,PWRHYDNPLXX,,,,2050,,,,,,39.7532
TotalAnnualMaxCapacity,BAU,GLOBAL,PWRSPVBGDXX,,,,2023,,,,,,365.6702
TotalAnnualMaxCapacity,BAU,GLOBAL,PWRSPVBGDXX,,,,2024,,,,,,365.6702
TotalAnnualMaxCapacity,BAU,GLOBAL,PWRSPVBGDXX,,,,2025,,,,,,365.6702
TotalAnnualMaxCapacity,BAU,GLOBAL,PWRSPVBGDXX,,,,2026,,,,,,365.6702
TotalAnnualMaxCapacity,BAU,GLOBAL,PWRSPVBGDXX,,,,2027,,,,,,365.6702
TotalAnnualMaxCapacity,BAU,GLOBAL,PWRSPVBGDXX,,,,2028,,,,,,365.6702
TotalAnnualMaxCapacity,BAU,GLOBAL,PWRSPVBGDXX,,,,2029,,,,,,365.6702
TotalAnnualMaxCapacity,BAU,GLOBAL,PWRSPVBGDXX,,,,2030,,,,,,365.6702
TotalAnnualMaxCapacity,BAU,GLOBAL,PWRSPVBGDXX,,,,2031,,,,,,365.6702
TotalAnnualMaxCapacity,BAU,GLOBAL,PWRSPVBGDXX,,,,2032,,,,,,365.6702
TotalAnnualMaxCapacity,BAU,GLOBAL,PWRSPVBGDXX,,,,2033,,,,,,365.6702
TotalAnnualMaxCapacity,BAU,GLOBAL,PWRSPVBGDXX,,,,2034,,,,,,365.6702
TotalAnnualMaxCapacity,BAU,GLOBAL,PWRSPVBGDXX,,,,2035,,,,,,365.6702
TotalAnnualMaxCapacity,BAU,GLOBAL,PWRSPVBGDXX,,,,2036,,,,,,365.6702
TotalAnnualMaxCapacity,BAU,GLOBAL,PWRSPVBGDXX,,,,2037,,,,,,365.6702
TotalAnnualMaxCapacity,BAU,GLOBAL,PWRSPVBGDXX,,,,2038,,,,,,365.6702
TotalAnnualMaxCapacity,BAU,GLOBAL,PWRSPVBGDXX,,,,2039,,,,,,365.6702
TotalAnnualMaxCapacity,BAU,GLOBAL,PWRSPVBGDXX,,,,2040,,,,,,365.6702
TotalAnnualMaxCapacity,BAU,GLOBAL,PWRSPVBGDXX,,,,2041,,,,,,365.6702
TotalAnnualMaxCapacity,BAU,GLOBAL,PWRSPVBGDXX,,,,2042,,,,,,365.6702
TotalAnnualMaxCapacity,BAU,GLOBAL,PWRSPVBGDXX,,,,2043,,,,,,365.6702
TotalAnnualMaxCapacity,BAU,GLOBAL,PWRSPVBGDXX,,,,2044,,,,,,365.6702
TotalAnnualMaxCapacity,BAU,GLOBAL,PWRSPVBGDXX,,,,2045,,,,,,365.6702
TotalAnnualMaxCapacity,BAU,GLOBAL,PWRSPVBGDXX,,,,2046,,,,,,365.6702
TotalAnnualMaxCapacity,BAU,GLOBAL,PWRSPVBGDXX,,,,2047,,,,,,365.6702
TotalAnnualMaxCapacity,BAU,GLOBAL,PWRSPVBGDXX,,,,2048,,,,,,365.6702
TotalAnnualMaxCapacity,BAU,GLOBAL,PWRSPVBGDXX,,,,2049,,,,,,365.6702
TotalAnnualMaxCapacity,BAU,GLOBAL,PWRSPVBGDXX,,,,2050,,,,,,365.6702
TotalAnnualMaxCapacity,BAU,GLOBAL,PWRSPVBTNXX,,,,2023,,,,,,1.8102
TotalAnnualMaxCapacity,BAU,GLOBAL,PWRSPVBTNXX,,,,2024,,,,,,1.8102
TotalAnnualMaxCapacity,BAU,GLOBAL,PWRSPVBTNXX,,,,2025,,,,,,1.8102
TotalAnnualMaxCapacity,BAU,GLOBAL,PWRSPVBTNXX,,,,2026,,,,,,1.8102
TotalAnnualMaxCapacity,BAU,GLOBAL,PWRSPVBTNXX,,,,2027,,,,,,1.8102
TotalAnnualMaxCapacity,BAU,GLOBAL,PWRSPVBTNXX,,,,2028,,,,,,1.8102
TotalAnnualMaxCapacity,BAU,GLOBAL,PWRSPVBTNXX,,,,2029,,,,,,1.8102
TotalAnnualMaxCapacity,BAU,GLOBAL,PWRSPVBTNXX,,,,2030,,,,,,1.8102
TotalAnnualMaxCapacity,BAU,GLOBAL,PWRSPVBTNXX,,,,2031,,,,,,1.8102
TotalAnnualMaxCapacity,BAU,GLOBAL,PWRSPVBTNXX,,,,2032,,,,,,1.8102
TotalAnnualMaxCapacity,BAU,GLOBAL,PWRSPVBTNXX,,,,2033,,,,,,1.8102
TotalAnnualMaxCapacity,BAU,GLOBAL,PWRSPVBTNXX,,,,2034,,,,,,1.8102
TotalAnnualMaxCapacity,BAU,GLOBAL,PWRSPVBTNXX,,,,2035,,,,,,1.8102
TotalAnnualMaxCapacity,BAU,GLOBAL,PWRSPVBTNXX,,,,2036,,,,,,1.8102
TotalAnnualMaxCapacity,BAU,GLOBAL,PWRSPVBTNXX,,,,2037,,,,,,1.8102
TotalAnnualMaxCapacity,BAU,GLOBAL,PWRSPVBTNXX,,,,2038,,,,,,1.8102
TotalAnnualMaxCapacity,BAU,GLOBAL,PWRSPVBTNXX,,,,2039,,,,,,1.8102
TotalAnnualMaxCapacity,BAU,GLOBAL,PWRSPVBTNXX,,,,2040,,,,,,1.8102
TotalAnnualMaxCapacity,BAU,GLOBAL,PWRSPVBTNXX,,,,2041,,,,,,1.8102
TotalAnnualMaxCapacity,BAU,GLOBAL,PWRSPVBTNXX,,,,2042,,,,,,1.8102
TotalAnnualMaxCapacity,BAU,GLOBAL,PWRSPVBTNXX,,,,2043,,,,,,1.8102
TotalAnnualMaxCapacity,BAU,GLOBAL,PWRSPVBTNXX,,,,2044,,,,,,1.8102
TotalAnnualMaxCapacity,BAU,GLOBAL,PWRSPVBTNXX,,,,2045,,,,,,1.8102
TotalAnnualMaxCapacity,BAU,GLOBAL,PWRSPVBTNXX,,,,2046,,,,,,1.8102
TotalAnnualMaxCapacity,BAU,GLOBAL,PWRSPVBTNXX,,,,2047,,,,,,1.8102
TotalAnnualMaxCapacity,BAU,GLOBAL,PWRSPVBTNXX,,,,2048,,,,,,1.8102
TotalAnnualMaxCapacity,BAU,GLOBAL,PWRSPVBTNXX,,,,2049,,,,,,1.8102
TotalAnnualMaxCapacity,BAU,GLOBAL,PWRSPVBTNXX,,,,2050,,,,,,1.8102
TotalAnnualMaxCapacity,BAU,GLOBAL,PWRSPVINDEA,,,,2023,,,,,,496.2512
TotalAnnualMaxCapacity,BAU,GLOBAL,PWRSPVINDEA,,,,2024,,,,,,496.2512
TotalAnnualMaxCapacity,BAU,GLOBAL,PWRSPVINDEA,,,,2025,,,,,,496.2512
TotalAnnualMaxCapacity,BAU,GLOBAL,PWRSPVINDEA,,,,2026,,,,,,496.2512
TotalAnnualMaxCapacity,BAU,GLOBAL,PWRSPVINDEA,,,,2027,,,,,,496.2512
TotalAnnualMaxCapacity,BAU,GLOBAL,PWRSPVINDEA,,,,2028,,,,,,496.2512
TotalAnnualMaxCapacity,BAU,GLOBAL,PWRSPVINDEA,,,,2029,,,,,,496.2512
TotalAnnualMaxCapacity,BAU,GLOBAL,PWRSPVINDEA,,,,2030,,,,,,496.2512
TotalAnnualMaxCapacity,BAU,GLOBAL,PWRSPVINDEA,,,,2031,,,,,,496.2512
TotalAnnualMaxCapacity,BAU,GLOBAL,PWRSPVINDEA,,,,2032,,,,,,496.2512
TotalAnnualMaxCapacity,BAU,GLOBAL,PWRSPVINDEA,,,,2033,,,,,,496.2512
TotalAnnualMaxCapacity,BAU,GLOBAL,PWRSPVINDEA,,,,2034,,,,,,496.2512
TotalAnnualMaxCapacity,BAU,GLOBAL,PWRSPVINDEA,,,,2035,,,,,,496.2512
TotalAnnualMaxCapacity,BAU,GLOBAL,PWRSPVINDEA,,,,2036,,,,,,496.2512
TotalAnnualMaxCapacity,BAU,GLOBAL,PWRSPVINDEA,,,,2037,,,,,,496.2512
TotalAnnualMaxCapacity,BAU,GLOBAL,PWRSPVINDEA,,,,2038,,,,,,496.2512
TotalAnnualMaxCapacity,BAU,GLOBAL,PWRSPVINDEA,,,,2039,,,,,,496.2512
TotalAnnualMaxCapacity,BAU,GLOBAL,PWRSPVINDEA,,,,2040,,,,,,496.2512
TotalAnnualMaxCapacity,BAU,GLOBAL,PWRSPVINDEA,,,,2041,,,,,,496.2512
TotalAnnualMaxCapacity,BAU,GLOBAL,PWRSPVINDEA,,,,2042,,,,,,496.2512
TotalAnnualMaxCapacity,BAU,GLOBAL,PWRSPVINDEA,,,,2043,,,,,,496.2512
TotalAnnualMaxCapacity,BAU,GLOBAL,PWRSPVINDEA,,,,2044,,,,,,496.2512
TotalAnnualMaxCapacity,BAU,GLOBAL,PWRSPVINDEA,,,,2045,,,,,,496.2512
TotalAnnualMaxCapacity,BAU,GLOBAL,PWRSPVINDEA,,,,2046,,,,,,496.2512
TotalAnnualMaxCapacity,BAU,GLOBAL,PWRSPVINDEA,,,,2047,,,,,,496.2512
TotalAnnualMaxCapacity,BAU,GLOBAL,PWRSPVINDEA,,,,2048,,,,,,496.2512
TotalAnnualMaxCapacity,BAU,GLOBAL,PWRSPVINDEA,,,,2049,,,,,,496.2512
TotalAnnualMaxCapacity,BAU,GLOBAL,PWRSPVINDEA,,,,2050,,,,,,496.2512
TotalAnnualMaxCapacity,BAU,GLOBAL,PWRSPVINDNE,,,,2023,,,,,,100.1672
TotalAnnualMaxCapacity,BAU,GLOBAL,PWRSPVINDNE,,,,2024,,,,,,100.1672
TotalAnnualMaxCapacity,BAU,GLOBAL,PWRSPVINDNE,,,,2025,,,,,,100.1672
TotalAnnualMaxCapacity,BAU,GLOBAL,PWRSPVINDNE,,,,2026,,,,,,100.1672
TotalAnnualMaxCapacity,BAU,GLOBAL,PWRSPVINDNE,,,,2027,,,,,,100.1672
TotalAnnualMaxCapacity,BAU,GLOBAL,PWRSPVINDNE,,,,2028,,,,,,100.1672
TotalAnnualMaxCapacity,BAU,GLOBAL,PWRSPVINDNE,,,,2029,,,,,,100.1672
TotalAnnualMaxCapacity,BAU,GLOBAL,PWRSPVINDNE,,,,2030,,,,,,100.1672
TotalAnnualMaxCapacity,BAU,GLOBAL,PWRSPVINDNE,,,,2031,,,,,,100.1672
TotalAnnualMaxCapacity,BAU,GLOBAL,PWRSPVINDNE,,,,2032,,,,,,100.1672
TotalAnnualMaxCapacity,BAU,GLOBAL,PWRSPVINDNE,,,,2033,,,,,,100.1672
TotalAnnualMaxCapacity,BAU,GLOBAL,PWRSPVINDNE,,,,2034,,,,,,100.1672
TotalAnnualMaxCapacity,BAU,GLOBAL,PWRSPVINDNE,,,,2035,,,,,,100.1672
TotalAnnualMaxCapacity,BAU,GLOBAL,PWRSPVINDNE,,,,2036,,,,,,100.1672
TotalAnnualMaxCapacity,BAU,GLOBAL,PWRSPVINDNE,,,,2037,,,,,,100.1672
TotalAnnualMaxCapacity,BAU,GLOBAL,PWRSPVINDNE,,,,2038,,,,,,100.1672
TotalAnnualMaxCapacity,BAU,GLOBAL,PWRSPVINDNE,,,,2039,,,,,,100.1672
TotalAnnualMaxCapacity,BAU,GLOBAL,PWRSPVINDNE,,,,2040,,,,,,100.1672
TotalAnnualMaxCapacity,BAU,GLOBAL,PWRSPVINDNE,,,,2041,,,,,,100.1672
TotalAnnualMaxCapacity,BAU,GLOBAL,PWRSPVINDNE,,,,2042,,,,,,100.1672
TotalAnnualMaxCapacity,BAU,GLOBAL,PWRSPVINDNE,,,,2043,,,,,,100.1672
TotalAnnualMaxCapacity,BAU,GLOBAL,PWRSPVINDNE,,,,2044,,,,,,100.1672
TotalAnnualMaxCapacity,BAU,GLOBAL,PWRSPVINDNE,,,,2045,,,,,,100.1672
TotalAnnualMaxCapacity,BAU,GLOBAL,PWRSPVINDNE,,,,2046,,,,,,100.1672
TotalAnnualMaxCapacity,BAU,GLOBAL,PWRSPVINDNE,,,,2047,,,,,,100.1672
TotalAnnualMaxCapacity,BAU,GLOBAL,PWRSPVINDNE,,,,2048,,,,,,100.1672
TotalAnnualMaxCapacity,BAU,GLOBAL,PWRSPVINDNE,,,,2049,,,,,,100.1672
TotalAnnualMaxCapacity,BAU,GLOBAL,PWRSPVINDNE,,,,2050,,,,,,100.1672
TotalAnnualMaxCapacity,BAU,GLOBAL,PWRCCSBGDXX,,,,2023,,,,,,0.0
TotalAnnualMaxCapacity,BAU,GLOBAL,PWRCCSBGDXX,,,,2024,,,,,,0.0
TotalAnnualMaxCapacity,BAU,GLOBAL,PWRCCSBGDXX,,,,2025,,,,,,0.0
TotalAnnualMaxCapacity,BAU,GLOBAL,PWRCCSBGDXX,,,,2026,,,,,,0.0
TotalAnnualMaxCapacity,BAU,GLOBAL,PWRCCSBGDXX,,,,2027,,,,,,0.0
TotalAnnualMaxCapacity,BAU,GLOBAL,PWRCCSBGDXX,,,,2028,,,,,,0.0
TotalAnnualMaxCapacity,BAU,GLOBAL,PWRCCSBGDXX,,,,2029,,,,,,0.0
TotalAnnualMaxCapacity,BAU,GLOBAL,PWRCCSBGDXX,,,,2030,,,,,,0.0
TotalAnnualMaxCapacity,BAU,GLOBAL,PWRCCSBGDXX,,,,2031,,,,,,0.0
TotalAnnualMaxCapacity,BAU,GLOBAL,PWRCCSBGDXX,,,,2032,,,,,,0.0
TotalAnnualMaxCapacity,BAU,GLOBAL,PWRCCSBGDXX,,,,2033,,,,,,0.0
TotalAnnualMaxCapacity,BAU,GLOBAL,PWRCCSBGDXX,,,,2034,,,,,,0.0
TotalAnnualMaxCapacity,BAU,GLOBAL,PWRCCSBGDXX,,,,2035,,,,,,0.0
TotalAnnualMaxCapacity,BAU,GLOBAL,PWRCCSBGDXX,,,,2036,,,,,,0.0
TotalAnnualMaxCapacity,BAU,GLOBAL,PWRCCSBGDXX,,,,2037,,,,,,0.0
TotalAnnualMaxCapacity,BAU,GLOBAL,PWRCCSBGDXX,,,,2038,,,,,,0.0
TotalAnnualMaxCapacity,BAU,GLOBAL,PWRCCSBGDXX,,,,2039,,,,,,0.0
TotalAnnualMaxCapacity,BAU,GLOBAL,PWRCCSBGDXX,,,,2040,,,,,,0.0
TotalAnnualMaxCapacity,BAU,GLOBAL,PWRCCSBGDXX,,,,2041,,,,,,0.0
TotalAnnualMaxCapacity,BAU,GLOBAL,PWRCCSBGDXX,,,,2042,,,,,,0.0
TotalAnnualMaxCapacity,BAU,GLOBAL,PWRCCSBGDXX,,,,2043,,,,,,0.0
TotalAnnualMaxCapacity,BAU,GLOBAL,PWRCCSBGDXX,,,,2044,,,,,,0.0
TotalAnnualMaxCapacity,BAU,GLOBAL,PWRCCSBGDXX,,,,2045,,,,,,0.0
TotalAnnualMaxCapacity,BAU,GLOBAL,PWRCCSBGDXX,,,,2046,,,,,,0.0
TotalAnnualMaxCapacity,BAU,GLOBAL,PWRCCSBGDXX,,,,2047,,,,,,0.0
TotalAnnualMaxCapacity,BAU,GLOBAL,PWRCCSBGDXX,,,,2048,,,,,,0.0
TotalAnnualMaxCapacity,BAU,GLOBAL,PWRCCSBGDXX,,,,2049,,,,,,0.0
TotalAnnualMaxCapacity,BAU,GLOBAL,PWRCCSBGDXX,,,,2050,,,,,,0.0
TotalAnnualMaxCapacity,BAU,GLOBAL,PWRSPVINDNO,,,,2023,,,,,,1330.7072
TotalAnnualMaxCapacity,BAU,GLOBAL,PWRSPVINDNO,,,,2024,,,,,,1330.7072
TotalAnnualMaxCapacity,BAU,GLOBAL,PWRSPVINDNO,,,,2025,,,,,,1330.7072
TotalAnnualMaxCapacity,BAU,GLOBAL,PWRSPVINDNO,,,,2026,,,,,,1330.7072
TotalAnnualMaxCapacity,BAU,GLOBAL,PWRSPVINDNO,,,,2027,,,,,,1330.7072
TotalAnnualMaxCapacity,BAU,GLOBAL,PWRSPVINDNO,,,,2028,,,,,,1330.7072
TotalAnnualMaxCapacity,BAU,GLOBAL,PWRSPVINDNO,,,,2029,,,,,,1330.7072
TotalAnnualMaxCapacity,BAU,GLOBAL,PWRSPVINDNO,,,,2030,,,,,,1330.7072
TotalAnnualMaxCapacity,BAU,GLOBAL,PWRSPVINDNO,,,,2031,,,,,,1330.7072
TotalAnnualMaxCapacity,BAU,GLOBAL,PWRSPVINDNO,,,,2032,,,,,,1330.7072
TotalAnnualMaxCapacity,BAU,GLOBAL,PWRSPVINDNO,,,,2033,,,,,,1330.7072
TotalAnnualMaxCapacity,BAU,GLOBAL,PWRSPVINDNO,,,,2034,,,,,,1330.7072
TotalAnnualMaxCapacity,BAU,GLOBAL,PWRSPVINDNO,,,,2035,,,,,,1330.7072
TotalAnnualMaxCapacity,BAU,GLOBAL,PWRSPVINDNO,,,,2036,,,,,,1330.7072
TotalAnnualMaxCapacity,BAU,GLOBAL,PWRSPVINDNO,,,,2037,,,,,,1330.7072
TotalAnnualMaxCapacity,BAU,GLOBAL,PWRSPVINDNO,,,,2038,,,,,,1330.7072
TotalAnnualMaxCapacity,BAU,GLOBAL,PWRSPVINDNO,,,,2039,,,,,,1330.7072
TotalAnnualMaxCapacity,BAU,GLOBAL,PWRSPVINDNO,,,,2040,,,,,,1330.7072
TotalAnnualMaxCapacity,BAU,GLOBAL,PWRSPVINDNO,,,,2041,,,,,,1330.7072
TotalAnnualMaxCapacity,BAU,GLOBAL,PWRSPVINDNO,,,,2042,,,,,,1330.7072
TotalAnnualMaxCapacity,BAU,GLOBAL,PWRSPVINDNO,,,,2043,,,,,,1330.7072
TotalAnnualMaxCapacity,BAU,GLOBAL,PWRSPVINDNO,,,,2044,,,,,,1330.7072
TotalAnnualMaxCapacity,BAU,GLOBAL,PWRSPVINDNO,,,,2045,,,,,,1330.7072
TotalAnnualMaxCapacity,BAU,GLOBAL,PWRSPVINDNO,,,,2046,,,,,,1330.7072
TotalAnnualMaxCapacity,BAU,GLOBAL,PWRSPVINDNO,,,,2047,,,,,,1330.7072
TotalAnnualMaxCapacity,BAU,GLOBAL,PWRSPVINDNO,,,,2048,,,,,,1330.7072
TotalAnnualMaxCapacity,BAU,GLOBAL,PWRSPVINDNO,,,,2049,,,,,,1330.7072
TotalAnnualMaxCapacity,BAU,GLOBAL,PWRSPVINDNO,,,,2050,,,,,,1330.7072
TotalAnnualMaxCapacity,BAU,GLOBAL,PWRCCSINDEA,,,,2023,,,,,,0.0
TotalAnnualMaxCapacity,BAU,GLOBAL,PWRCCSINDEA,,,,2024,,,,,,0.0
TotalAnnualMaxCapacity,BAU,GLOBAL,PWRCCSINDEA,,,,2025,,,,,,0.0
TotalAnnualMaxCapacity,BAU,GLOBAL,PWRCCSINDEA,,,,2026,,,,,,0.0
TotalAnnualMaxCapacity,BAU,GLOBAL,PWRCCSINDEA,,,,2027,,,,,,0.0
TotalAnnualMaxCapacity,BAU,GLOBAL,PWRCCSINDEA,,,,2028,,,,,,0.0
TotalAnnualMaxCapacity,BAU,GLOBAL,PWRCCSINDEA,,,,2029,,,,,,0.0
TotalAnnualMaxCapacity,BAU,GLOBAL,PWRCCSINDEA,,,,2030,,,,,,0.0
TotalAnnualMaxCapacity,BAU,GLOBAL,PWRCCSINDEA,,,,2031,,,,,,0.0
TotalAnnualMaxCapacity,BAU,GLOBAL,PWRCCSINDEA,,,,2032,,,,,,0.0
TotalAnnualMaxCapacity,BAU,GLOBAL,PWRCCSINDEA,,,,2033,,,,,,0.0
TotalAnnualMaxCapacity,BAU,GLOBAL,PWRCCSINDEA,,,,2034,,,,,,0.0
TotalAnnualMaxCapacity,BAU,GLOBAL,PWRCCSINDEA,,,,2035,,,,,,0.0
TotalAnnualMaxCapacity,BAU,GLOBAL,PWRCCSINDEA,,,,2036,,,,,,0.0
TotalAnnualMaxCapacity,BAU,GLOBAL,PWRCCSINDEA,,,,2037,,,,,,0.0
TotalAnnualMaxCapacity,BAU,GLOBAL,PWRCCSINDEA,,,,2038,,,,,,0.0
TotalAnnualMaxCapacity,BAU,GLOBAL,PWRCCSINDEA,,,,2039,,,,,,0.0
TotalAnnualMaxCapacity,BAU,GLOBAL,PWRCCSINDEA,,,,2040,,,,,,0.0
TotalAnnualMaxCapacity,BAU,GLOBAL,PWRCCSINDEA,,,,2041,,,,,,0.0
TotalAnnualMaxCapacity,BAU,GLOBAL,PWRCCSINDEA,,,,2042,,,,,,0.0
TotalAnnualMaxCapacity,BAU,GLOBAL,PWRCCSINDEA,,,,2043,,,,,,0.0
TotalAnnualMaxCapacity,BAU,GLOBAL,PWRCCSINDEA,,,,2044,,,,,,0.0
TotalAnnualMaxCapacity,BAU,GLOBAL,PWRCCSINDEA,,,,2045,,,,,,0.0
TotalAnnualMaxCapacity,BAU,GLOBAL,PWRCCSINDEA,,,,2046,,,,,,0.0
TotalAnnualMaxCapacity,BAU,GLOBAL,PWRCCSINDEA,,,,2047,,,,,,0.0
TotalAnnualMaxCapacity,BAU,GLOBAL,PWRCCSINDEA,,,,2048,,,,,,0.0
TotalAnnualMaxCapacity,BAU,GLOBAL,PWRCCSINDEA,,,,2049,,,,,,0.0
TotalAnnualMaxCapacity,BAU,GLOBAL,PWRCCSINDEA,,,,2050,,,,,,0.0
TotalAnnualMaxCapacity,BAU,GLOBAL,PWRSPVINDSO,,,,2023,,,,,,806.0962
TotalAnnualMaxCapacity,BAU,GLOBAL,PWRSPVINDSO,,,,2024,,,,,,806.0962
TotalAnnualMaxCapacity,BAU,GLOBAL,PWRSPVINDSO,,,,2025,,,,,,806.0962
TotalAnnualMaxCapacity,BAU,GLOBAL,PWRSPVINDSO,,,,2026,,,,,,806.0962
TotalAnnualMaxCapacity,BAU,GLOBAL,PWRSPVINDSO,,,,2027,,,,,,806.0962
TotalAnnualMaxCapacity,BAU,GLOBAL,PWRSPVINDSO,,,,2028,,,,,,806.0962
TotalAnnualMaxCapacity,BAU,GLOBAL,PWRSPVINDSO,,,,2029,,,,,,806.0962
TotalAnnualMaxCapacity,BAU,GLOBAL,PWRSPVINDSO,,,,2030,,,,,,806.0962
TotalAnnualMaxCapacity,BAU,GLOBAL,PWRSPVINDSO,,,,2031,,,,,,806.0962
TotalAnnualMaxCapacity,BAU,GLOBAL,PWRSPVINDSO,,,,2032,,,,,,806.0962
TotalAnnualMaxCapacity,BAU,GLOBAL,PWRSPVINDSO,,,,2033,,,,,,806.0962
TotalAnnualMaxCapacity,BAU,GLOBAL,PWRSPVINDSO,,,,2034,,,,,,806.0962
TotalAnnualMaxCapacity,BAU,GLOBAL,PWRSPVINDSO,,,,2035,,,,,,806.0962
TotalAnnualMaxCapacity,BAU,GLOBAL,PWRSPVINDSO,,,,2036,,,,,,806.0962
TotalAnnualMaxCapacity,BAU,GLOBAL,PWRSPVINDSO,,,,2037,,,,,,806.0962
TotalAnnualMaxCapacity,BAU,GLOBAL,PWRSPVINDSO,,,,2038,,,,,,806.0962
TotalAnnualMaxCapacity,BAU,GLOBAL,PWRSPVINDSO,,,,2039,,,,,,806.0962
TotalAnnualMaxCapacity,BAU,GLOBAL,PWRSPVINDSO,,,,2040,,,,,,806.0962
TotalAnnualMaxCapacity,BAU,GLOBAL,PWRSPVINDSO,,,,2041,,,,,,806.0962
TotalAnnualMaxCapacity,BAU,GLOBAL,PWRSPVINDSO,,,,2042,,,,,,806.0962
TotalAnnualMaxCapacity,BAU,GLOBAL,PWRSPVINDSO,,,,2043,,,,,,806.0962
TotalAnnualMaxCapacity,BAU,GLOBAL,PWRSPVINDSO,,,,2044,,,,,,806.0962
TotalAnnualMaxCapacity,BAU,GLOBAL,PWRSPVINDSO,,,,2045,,,,,,806.0962
TotalAnnualMaxCapacity,BAU,GLOBAL,PWRSPVINDSO,,,,2046,,,,,,806.0962
TotalAnnualMaxCapacity,BAU,GLOBAL,PWRSPVINDSO,,,,2047,,,,,,806.0962
TotalAnnualMaxCapacity,BAU,GLOBAL,PWRSPVINDSO,,,,2048,,,,,,806.0962
TotalAnnualMaxCapacity,BAU,GLOBAL,PWRSPVINDSO,,,,2049,,,,,,806.0962
TotalAnnualMaxCapacity,BAU,GLOBAL,PWRSPVINDSO,,,,2050,,,,,,806.0962
TotalAnnualMaxCapacity,BAU,GLOBAL,PWRCCSINDNE,,,,2023,,,,,,0.0
TotalAnnualMaxCapacity,BAU,GLOBAL,PWRCCSINDNE,,,,2024,,,,,,0.0
TotalAnnualMaxCapacity,BAU,GLOBAL,PWRCCSINDNE,,,,2025,,,,,,0.0
TotalAnnualMaxCapacity,BAU,GLOBAL,PWRCCSINDNE,,,,2026,,,,,,0.0
TotalAnnualMaxCapacity,BAU,GLOBAL,PWRCCSINDNE,,,,2027,,,,,,0.0
TotalAnnualMaxCapacity,BAU,GLOBAL,PWRCCSINDNE,,,,2028,,,,,,0.0
TotalAnnualMaxCapacity,BAU,GLOBAL,PWRCCSINDNE,,,,2029,,,,,,0.0
TotalAnnualMaxCapacity,BAU,GLOBAL,PWRCCSINDNE,,,,2030,,,,,,0.0
TotalAnnualMaxCapacity,BAU,GLOBAL,PWRCCSINDNE,,,,2031,,,,,,0.0
TotalAnnualMaxCapacity,BAU,GLOBAL,PWRCCSINDNE,,,,2032,,,,,,0.0
TotalAnnualMaxCapacity,BAU,GLOBAL,PWRCCSINDNE,,,,2033,,,,,,0.0
TotalAnnualMaxCapacity,BAU,GLOBAL,PWRCCSINDNE,,,,2034,,,,,,0.0
TotalAnnualMaxCapacity,BAU,GLOBAL,PWRCCSINDNE,,,,2035,,,,,,0.0
TotalAnnualMaxCapacity,BAU,GLOBAL,PWRCCSINDNE,,,,2036,,,,,,0.0
TotalAnnualMaxCapacity,BAU,GLOBAL,PWRCCSINDNE,,,,2037,,,,,,0.0
TotalAnnualMaxCapacity,BAU,GLOBAL,PWRCCSINDNE,,,,2038,,,,,,0.0
TotalAnnualMaxCapacity,BAU,GLOBAL,PWRCCSINDNE,,,,2039,,,,,,0.0
TotalAnnualMaxCapacity,BAU,GLOBAL,PWRCCSINDNE,,,,2040,,,,,,0.0
TotalAnnualMaxCapacity,BAU,GLOBAL,PWRCCSINDNE,,,,2041,,,,,,0.0
TotalAnnualMaxCapacity,BAU,GLOBAL,PWRCCSINDNE,,,,2042,,,,,,0.0
TotalAnnualMaxCapacity,BAU,GLOBAL,PWRCCSINDNE,,,,2043,,,,,,0.0
TotalAnnualMaxCapacity,BAU,GLOBAL,PWRCCSINDNE,,,,2044,,,,,,0.0
TotalAnnualMaxCapacity,BAU,GLOBAL,PWRCCSINDNE,,,,2045,,,,,,0.0
TotalAnnualMaxCapacity,BAU,GLOBAL,PWRCCSINDNE,,,,2046,,,,,,0.0
TotalAnnualMaxCapacity,BAU,GLOBAL,PWRCCSINDNE,,,,2047,,,,,,0.0
TotalAnnualMaxCapacity,BAU,GLOBAL,PWRCCSINDNE,,,,2048,,,,,,0.0
TotalAnnualMaxCapacity,BAU,GLOBAL,PWRCCSINDNE,,,,2049,,,,,,0.0
TotalAnnualMaxCapacity,BAU,GLOBAL,PWRCCSINDNE,,,,2050,,,,,,0.0
TotalAnnualMaxCapacity,BAU,GLOBAL,PWRSPVINDWE,,,,2023,,,,,,1281.7732
TotalAnnualMaxCapacity,BAU,GLOBAL,PWRSPVINDWE,,,,2024,,,,,,1281.7732
TotalAnnualMaxCapacity,BAU,GLOBAL,PWRSPVINDWE,,,,2025,,,,,,1281.7732
TotalAnnualMaxCapacity,BAU,GLOBAL,PWRSPVINDWE,,,,2026,,,,,,1281.7732
TotalAnnualMaxCapacity,BAU,GLOBAL,PWRSPVINDWE,,,,2027,,,,,,1281.7732
TotalAnnualMaxCapacity,BAU,GLOBAL,PWRSPVINDWE,,,,2028,,,,,,1281.7732
TotalAnnualMaxCapacity,BAU,GLOBAL,PWRSPVINDWE,,,,2029,,,,,,1281.7732
TotalAnnualMaxCapacity,BAU,GLOBAL,PWRSPVINDWE,,,,2030,,,,,,1281.7732
TotalAnnualMaxCapacity,BAU,GLOBAL,PWRSPVINDWE,,,,2031,,,,,,1281.7732
TotalAnnualMaxCapacity,BAU,GLOBAL,PWRSPVINDWE,,,,2032,,,,,,1281.7732
TotalAnnualMaxCapacity,BAU,GLOBAL,PWRSPVINDWE,,,,2033,,,,,,1281.7732
TotalAnnualMaxCapacity,BAU,GLOBAL,PWRSPVINDWE,,,,2034,,,,,,1281.7732
TotalAnnualMaxCapacity,BAU,GLOBAL,PWRSPVINDWE,,,,2035,,,,,,1281.7732
TotalAnnualMaxCapacity,BAU,GLOBAL,PWRSPVINDWE,,,,2036,,,,,,1281.7732
TotalAnnualMaxCapacity,BAU,GLOBAL,PWRSPVINDWE,,,,2037,,,,,,1281.7732
TotalAnnualMaxCapacity,BAU,GLOBAL,PWRSPVINDWE,,,,2038,,,,,,1281.7732
TotalAnnualMaxCapacity,BAU,GLOBAL,PWRSPVINDWE,,,,2039,,,,,,1281.7732
TotalAnnualMaxCapacity,BAU,GLOBAL,PWRSPVINDWE,,,,2040,,,,,,1281.7732
TotalAnnualMaxCapacity,BAU,GLOBAL,PWRSPVINDWE,,,,2041,,,,,,1281.7732
TotalAnnualMaxCapacity,BAU,GLOBAL,PWRSPVINDWE,,,,2042,,,,,,1281.7732
TotalAnnualMaxCapacity,BAU,GLOBAL,PWRSPVINDWE,,,,2043,,,,,,1281.7732
TotalAnnualMaxCapacity,BAU,GLOBAL,PWRSPVINDWE,,,,2044,,,,,,1281.7732
TotalAnnualMaxCapacity,BAU,GLOBAL,PWRSPVINDWE,,,,2045,,,,,,1281.7732
TotalAnnualMaxCapacity,BAU,GLOBAL,PWRSPVINDWE,,,,2046,,,,,,1281.7732
TotalAnnualMaxCapacity,BAU,GLOBAL,PWRSPVINDWE,,,,2047,,,,,,1281.7732
TotalAnnualMaxCapacity,BAU,GLOBAL,PWRSPVINDWE,,,,2048,,,,,,1281.7732
TotalAnnualMaxCapacity,BAU,GLOBAL,PWRSPVINDWE,,,,2049,,,,,,1281.7732
TotalAnnualMaxCapacity,BAU,GLOBAL,PWRSPVINDWE,,,,2050,,,,,,1281.7732
TotalAnnualMaxCapacity,BAU,GLOBAL,PWRSPVLKAXX,,,,2023,,,,,,248.4202
TotalAnnualMaxCapacity,BAU,GLOBAL,PWRSPVLKAXX,,,,2024,,,,,,248.4202
TotalAnnualMaxCapacity,BAU,GLOBAL,PWRSPVLKAXX,,,,2025,,,,,,248.4202
TotalAnnualMaxCapacity,BAU,GLOBAL,PWRSPVLKAXX,,,,2026,,,,,,248.4202
TotalAnnualMaxCapacity,BAU,GLOBAL,PWRSPVLKAXX,,,,2027,,,,,,248.4202
TotalAnnualMaxCapacity,BAU,GLOBAL,PWRSPVLKAXX,,,,2028,,,,,,248.4202
TotalAnnualMaxCapacity,BAU,GLOBAL,PWRSPVLKAXX,,,,2029,,,,,,248.4202
TotalAnnualMaxCapacity,BAU,GLOBAL,PWRSPVLKAXX,,,,2030,,,,,,248.4202
TotalAnnualMaxCapacity,BAU,GLOBAL,PWRSPVLKAXX,,,,2031,,,,,,248.4202
TotalAnnualMaxCapacity,BAU,GLOBAL,PWRSPVLKAXX,,,,2032,,,,,,248.4202
TotalAnnualMaxCapacity,BAU,GLOBAL,PWRSPVLKAXX,,,,2033,,,,,,248.4202
TotalAnnualMaxCapacity,BAU,GLOBAL,PWRSPVLKAXX,,,,2034,,,,,,248.4202
TotalAnnualMaxCapacity,BAU,GLOBAL,PWRSPVLKAXX,,,,2035,,,,,,248.4202
TotalAnnualMaxCapacity,BAU,GLOBAL,PWRSPVLKAXX,,,,2036,,,,,,248.4202
TotalAnnualMaxCapacity,BAU,GLOBAL,PWRSPVLKAXX,,,,2037,,,,,,248.4202
TotalAnnualMaxCapacity,BAU,GLOBAL,PWRSPVLKAXX,,,,2038,,,,,,248.4202
TotalAnnualMaxCapacity,BAU,GLOBAL,PWRSPVLKAXX,,,,2039,,,,,,248.4202
TotalAnnualMaxCapacity,BAU,GLOBAL,PWRSPVLKAXX,,,,2040,,,,,,248.4202
TotalAnnualMaxCapacity,BAU,GLOBAL,PWRSPVLKAXX,,,,2041,,,,,,248.4202
TotalAnnualMaxCapacity,BAU,GLOBAL,PWRSPVLKAXX,,,,2042,,,,,,248.4202
TotalAnnualMaxCapacity,BAU,GLOBAL,PWRSPVLKAXX,,,,2043,,,,,,248.4202
TotalAnnualMaxCapacity,BAU,GLOBAL,PWRSPVLKAXX,,,,2044,,,,,,248.4202
TotalAnnualMaxCapacity,BAU,GLOBAL,PWRSPVLKAXX,,,,2045,,,,,,248.4202
TotalAnnualMaxCapacity,BAU,GLOBAL,PWRSPVLKAXX,,,,2046,,,,,,248.4202
TotalAnnualMaxCapacity,BAU,GLOBAL,PWRSPVLKAXX,,,,2047,,,,,,248.4202
TotalAnnualMaxCapacity,BAU,GLOBAL,PWRSPVLKAXX,,,,2048,,,,,,248.4202
TotalAnnualMaxCapacity,BAU,GLOBAL,PWRSPVLKAXX,,,,2049,,,,,,248.4202
TotalAnnualMaxCapacity,BAU,GLOBAL,PWRSPVLKAXX,,,,2050,,,,,,248.4202
TotalAnnualMaxCapacity,BAU,GLOBAL,PWRCCSINDNO,,,,2023,,,,,,0.0
TotalAnnualMaxCapacity,BAU,GLOBAL,PWRCCSINDNO,,,,2024,,,,,,0.0
TotalAnnualMaxCapacity,BAU,GLOBAL,PWRCCSINDNO,,,,2025,,,,,,0.0
TotalAnnualMaxCapacity,BAU,GLOBAL,PWRCCSINDNO,,,,2026,,,,,,0.0
TotalAnnualMaxCapacity,BAU,GLOBAL,PWRCCSINDNO,,,,2027,,,,,,0.0
TotalAnnualMaxCapacity,BAU,GLOBAL,PWRCCSINDNO,,,,2028,,,,,,0.0
TotalAnnualMaxCapacity,BAU,GLOBAL,PWRCCSINDNO,,,,2029,,,,,,0.0
TotalAnnualMaxCapacity,BAU,GLOBAL,PWRCCSINDNO,,,,2030,,,,,,0.0
TotalAnnualMaxCapacity,BAU,GLOBAL,PWRCCSINDNO,,,,2031,,,,,,0.0
TotalAnnualMaxCapacity,BAU,GLOBAL,PWRCCSINDNO,,,,2032,,,,,,0.0
TotalAnnualMaxCapacity,BAU,GLOBAL,PWRCCSINDNO,,,,2033,,,,,,0.0
TotalAnnualMaxCapacity,BAU,GLOBAL,PWRCCSINDNO,,,,2034,,,,,,0.0
TotalAnnualMaxCapacity,BAU,GLOBAL,PWRCCSINDNO,,,,2035,,,,,,0.0
TotalAnnualMaxCapacity,BAU,GLOBAL,PWRCCSINDNO,,,,2036,,,,,,0.0
TotalAnnualMaxCapacity,BAU,GLOBAL,PWRCCSINDNO,,,,2037,,,,,,0.0
TotalAnnualMaxCapacity,BAU,GLOBAL,PWRCCSINDNO,,,,2038,,,,,,0.0
TotalAnnualMaxCapacity,BAU,GLOBAL,PWRCCSINDNO,,,,2039,,,,,,0.0
TotalAnnualMaxCapacity,BAU,GLOBAL,PWRCCSINDNO,,,,2040,,,,,,0.0
TotalAnnualMaxCapacity,BAU,GLOBAL,PWRCCSINDNO,,,,2041,,,,,,0.0
TotalAnnualMaxCapacity,BAU,GLOBAL,PWRCCSINDNO,,,,2042,,,,,,0.0
TotalAnnualMaxCapacity,BAU,GLOBAL,PWRCCSINDNO,,,,2043,,,,,,0.0
TotalAnnualMaxCapacity,BAU,GLOBAL,PWRCCSINDNO,,,,2044,,,,,,0.0
TotalAnnualMaxCapacity,BAU,GLOBAL,PWRCCSINDNO,,,,2045,,,,,,0.0
TotalAnnualMaxCapacity,BAU,GLOBAL,PWRCCSINDNO,,,,2046,,,,,,0.0
TotalAnnualMaxCapacity,BAU,GLOBAL,PWRCCSINDNO,,,,2047,,,,,,0.0
TotalAnnualMaxCapacity,BAU,GLOBAL,PWRCCSINDNO,,,,2048,,,,,,0.0
TotalAnnualMaxCapacity,BAU,GLOBAL,PWRCCSINDNO,,,,2049,,,,,,0.0
TotalAnnualMaxCapacity,BAU,GLOBAL,PWRCCSINDNO,,,,2050,,,,,,0.0
TotalAnnualMaxCapacity,BAU,GLOBAL,PWRCCSINDSO,,,,2023,,,,,,0.0
TotalAnnualMaxCapacity,BAU,GLOBAL,PWRCCSINDSO,,,,2024,,,,,,0.0
TotalAnnualMaxCapacity,BAU,GLOBAL,PWRCCSINDSO,,,,2025,,,,,,0.0
TotalAnnualMaxCapacity,BAU,GLOBAL,PWRCCSINDSO,,,,2026,,,,,,0.0
TotalAnnualMaxCapacity,BAU,GLOBAL,PWRCCSINDSO,,,,2027,,,,,,0.0
TotalAnnualMaxCapacity,BAU,GLOBAL,PWRCCSINDSO,,,,2028,,,,,,0.0
TotalAnnualMaxCapacity,BAU,GLOBAL,PWRCCSINDSO,,,,2029,,,,,,0.0
TotalAnnualMaxCapacity,BAU,GLOBAL,PWRCCSINDSO,,,,2030,,,,,,0.0
TotalAnnualMaxCapacity,BAU,GLOBAL,PWRCCSINDSO,,,,2031,,,,,,0.0
TotalAnnualMaxCapacity,BAU,GLOBAL,PWRCCSINDSO,,,,2032,,,,,,0.0
TotalAnnualMaxCapacity,BAU,GLOBAL,PWRCCSINDSO,,,,2033,,,,,,0.0
TotalAnnualMaxCapacity,BAU,GLOBAL,PWRCCSINDSO,,,,2034,,,,,,0.0
TotalAnnualMaxCapacity,BAU,GLOBAL,PWRCCSINDSO,,,,2035,,,,,,0.0
TotalAnnualMaxCapacity,BAU,GLOBAL,PWRCCSINDSO,,,,2036,,,,,,0.0
TotalAnnualMaxCapacity,BAU,GLOBAL,PWRCCSINDSO,,,,2037,,,,,,0.0
TotalAnnualMaxCapacity,BAU,GLOBAL,PWRCCSINDSO,,,,2038,,,,,,0.0
TotalAnnualMaxCapacity,BAU,GLOBAL,PWRCCSINDSO,,,,2039,,,,,,0.0
TotalAnnualMaxCapacity,BAU,GLOBAL,PWRCCSINDSO,,,,2040,,,,,,0.0
TotalAnnualMaxCapacity,BAU,GLOBAL,PWRCCSINDSO,,,,2041,,,,,,0.0
TotalAnnualMaxCapacity,BAU,GLOBAL,PWRCCSINDSO,,,,2042,,,,,,0.0
TotalAnnualMaxCapacity,BAU,GLOBAL,PWRCCSINDSO,,,,2043,,,,,,0.0
TotalAnnualMaxCapacity,BAU,GLOBAL,PWRCCSINDSO,,,,2044,,,,,,0.0
TotalAnnualMaxCapacity,BAU,GLOBAL,PWRCCSINDSO,,,,2045,,,,,,0.0
TotalAnnualMaxCapacity,BAU,GLOBAL,PWRCCSINDSO,,,,2046,,,,,,0.0
TotalAnnualMaxCapacity,BAU,GLOBAL,PWRCCSINDSO,,,,2047,,,,,,0.0
TotalAnnualMaxCapacity,BAU,GLOBAL,PWRCCSINDSO,,,,2048,,,,,,0.0
TotalAnnualMaxCapacity,BAU,GLOBAL,PWRCCSINDSO,,,,2049,,,,,,0.0
TotalAnnualMaxCapacity,BAU,GLOBAL,PWRCCSINDSO,,,,2050,,,,,,0.0
TotalAnnualMaxCapacity,BAU,GLOBAL,PWRSPVMDVXX,,,,2023,,,,,,248.4202
TotalAnnualMaxCapacity,BAU,GLOBAL,PWRSPVMDVXX,,,,2024,,,,,,248.4202
TotalAnnualMaxCapacity,BAU,GLOBAL,PWRSPVMDVXX,,,,2025,,,,,,248.4202
TotalAnnualMaxCapacity,BAU,GLOBAL,PWRSPVMDVXX,,,,2026,,,,,,248.4202
TotalAnnualMaxCapacity,BAU,GLOBAL,PWRSPVMDVXX,,,,2027,,,,,,248.4202
TotalAnnualMaxCapacity,BAU,GLOBAL,PWRSPVMDVXX,,,,2028,,,,,,248.4202
TotalAnnualMaxCapacity,BAU,GLOBAL,PWRSPVMDVXX,,,,2029,,,,,,248.4202
TotalAnnualMaxCapacity,BAU,GLOBAL,PWRSPVMDVXX,,,,2030,,,,,,248.4202
TotalAnnualMaxCapacity,BAU,GLOBAL,PWRSPVMDVXX,,,,2031,,,,,,248.4202
TotalAnnualMaxCapacity,BAU,GLOBAL,PWRSPVMDVXX,,,,2032,,,,,,248.4202
TotalAnnualMaxCapacity,BAU,GLOBAL,PWRSPVMDVXX,,,,2033,,,,,,248.4202
TotalAnnualMaxCapacity,BAU,GLOBAL,PWRSPVMDVXX,,,,2034,,,,,,248.4202
TotalAnnualMaxCapacity,BAU,GLOBAL,PWRSPVMDVXX,,,,2035,,,,,,248.4202
TotalAnnualMaxCapacity,BAU,GLOBAL,PWRSPVMDVXX,,,,2036,,,,,,248.4202
TotalAnnualMaxCapacity,BAU,GLOBAL,PWRSPVMDVXX,,,,2037,,,,,,248.4202
TotalAnnualMaxCapacity,BAU,GLOBAL,PWRSPVMDVXX,,,,2038,,,,,,248.4202
TotalAnnualMaxCapacity,BAU,GLOBAL,PWRSPVMDVXX,,,,2039,,,,,,248.4202
TotalAnnualMaxCapacity,BAU,GLOBAL,PWRSPVMDVXX,,,,2040,,,,,,248.4202
TotalAnnualMaxCapacity,BAU,GLOBAL,PWRSPVMDVXX,,,,2041,,,,,,248.4202
TotalAnnualMaxCapacity,BAU,GLOBAL,PWRSPVMDVXX,,,,2042,,,,,,248.4202
TotalAnnualMaxCapacity,BAU,GLOBAL,PWRSPVMDVXX,,,,2043,,,,,,248.4202
TotalAnnualMaxCapacity,BAU,GLOBAL,PWRSPVMDVXX,,,,2044,,,,,,248.4202
TotalAnnualMaxCapacity,BAU,GLOBAL,PWRSPVMDVXX,,,,2045,,,,,,248.4202
TotalAnnualMaxCapacity,BAU,GLOBAL,PWRSPVMDVXX,,,,2046,,,,,,248.4202
TotalAnnualMaxCapacity,BAU,GLOBAL,PWRSPVMDVXX,,,,2047,,,,,,248.4202
TotalAnnualMaxCapacity,BAU,GLOBAL,PWRSPVMDVXX,,,,2048,,,,,,248.4202
TotalAnnualMaxCapacity,BAU,GLOBAL,PWRSPVMDVXX,,,,2049,,,,,,248.4202
TotalAnnualMaxCapacity,BAU,GLOBAL,PWRSPVMDVXX,,,,2050,,,,,,248.4202
TotalAnnualMaxCapacity,BAU,GLOBAL,PWRSPVNPLXX,,,,2023,,,,,,145.9322
TotalAnnualMaxCapacity,BAU,GLOBAL,PWRSPVNPLXX,,,,2024,,,,,,145.9322
TotalAnnualMaxCapacity,BAU,GLOBAL,PWRSPVNPLXX,,,,2025,,,,,,145.9322
TotalAnnualMaxCapacity,BAU,GLOBAL,PWRSPVNPLXX,,,,2026,,,,,,145.9322
TotalAnnualMaxCapacity,BAU,GLOBAL,PWRSPVNPLXX,,,,2027,,,,,,145.9322
TotalAnnualMaxCapacity,BAU,GLOBAL,PWRSPVNPLXX,,,,2028,,,,,,145.9322
TotalAnnualMaxCapacity,BAU,GLOBAL,PWRSPVNPLXX,,,,2029,,,,,,145.9322
TotalAnnualMaxCapacity,BAU,GLOBAL,PWRSPVNPLXX,,,,2030,,,,,,145.9322
TotalAnnualMaxCapacity,BAU,GLOBAL,PWRSPVNPLXX,,,,2031,,,,,,145.9322
TotalAnnualMaxCapacity,BAU,GLOBAL,PWRSPVNPLXX,,,,2032,,,,,,145.9322
TotalAnnualMaxCapacity,BAU,GLOBAL,PWRSPVNPLXX,,,,2033,,,,,,145.9322
TotalAnnualMaxCapacity,BAU,GLOBAL,PWRSPVNPLXX,,,,2034,,,,,,145.9322
TotalAnnualMaxCapacity,BAU,GLOBAL,PWRSPVNPLXX,,,,2035,,,,,,145.9322
TotalAnnualMaxCapacity,BAU,GLOBAL,PWRSPVNPLXX,,,,2036,,,,,,145.9322
TotalAnnualMaxCapacity,BAU,GLOBAL,PWRSPVNPLXX,,,,2037,,,,,,145.9322
TotalAnnualMaxCapacity,BAU,GLOBAL,PWRSPVNPLXX,,,,2038,,,,,,145.9322
TotalAnnualMaxCapacity,BAU,GLOBAL,PWRSPVNPLXX,,,,2039,,,,,,145.9322
TotalAnnualMaxCapacity,BAU,GLOBAL,PWRSPVNPLXX,,,,2040,,,,,,145.9322
TotalAnnualMaxCapacity,BAU,GLOBAL,PWRSPVNPLXX,,,,2041,,,,,,145.9322
TotalAnnualMaxCapacity,BAU,GLOBAL,PWRSPVNPLXX,,,,2042,,,,,,145.9322
TotalAnnualMaxCapacity,BAU,GLOBAL,PWRSPVNPLXX,,,,2043,,,,,,145.9322
TotalAnnualMaxCapacity,BAU,GLOBAL,PWRSPVNPLXX,,,,2044,,,,,,145.9322
TotalAnnualMaxCapacity,BAU,GLOBAL,PWRSPVNPLXX,,,,2045,,,,,,145.9322
TotalAnnualMaxCapacity,BAU,GLOBAL,PWRSPVNPLXX,,,,2046,,,,,,145.9322
TotalAnnualMaxCapacity,BAU,GLOBAL,PWRSPVNPLXX,,,,2047,,,,,,145.9322
TotalAnnualMaxCapacity,BAU,GLOBAL,PWRSPVNPLXX,,,,2048,,,,,,145.9322
TotalAnnualMaxCapacity,BAU,GLOBAL,PWRSPVNPLXX,,,,2049,,,,,,145.9322
TotalAnnualMaxCapacity,BAU,GLOBAL,PWRSPVNPLXX,,,,2050,,,,,,145.9322
TotalAnnualMaxCapacity,BAU,GLOBAL,PWRCCSINDWE,,,,2023,,,,,,0.0
TotalAnnualMaxCapacity,BAU,GLOBAL,PWRCCSINDWE,,,,2024,,,,,,0.0
TotalAnnualMaxCapacity,BAU,GLOBAL,PWRCCSINDWE,,,,2025,,,,,,0.0
TotalAnnualMaxCapacity,BAU,GLOBAL,PWRCCSINDWE,,,,2026,,,,,,0.0
TotalAnnualMaxCapacity,BAU,GLOBAL,PWRCCSINDWE,,,,2027,,,,,,0.0
TotalAnnualMaxCapacity,BAU,GLOBAL,PWRCCSINDWE,,,,2028,,,,,,0.0
TotalAnnualMaxCapacity,BAU,GLOBAL,PWRCCSINDWE,,,,2029,,,,,,0.0
TotalAnnualMaxCapacity,BAU,GLOBAL,PWRCCSINDWE,,,,2030,,,,,,0.0
TotalAnnualMaxCapacity,BAU,GLOBAL,PWRCCSINDWE,,,,2031,,,,,,0.0
TotalAnnualMaxCapacity,BAU,GLOBAL,PWRCCSINDWE,,,,2032,,,,,,0.0
TotalAnnualMaxCapacity,BAU,GLOBAL,PWRCCSINDWE,,,,2033,,,,,,0.0
TotalAnnualMaxCapacity,BAU,GLOBAL,PWRCCSINDWE,,,,2034,,,,,,0.0
TotalAnnualMaxCapacity,BAU,GLOBAL,PWRCCSINDWE,,,,2035,,,,,,0.0
TotalAnnualMaxCapacity,BAU,GLOBAL,PWRCCSINDWE,,,,2036,,,,,,0.0
TotalAnnualMaxCapacity,BAU,GLOBAL,PWRCCSINDWE,,,,2037,,,,,,0.0
TotalAnnualMaxCapacity,BAU,GLOBAL,PWRCCSINDWE,,,,2038,,,,,,0.0
TotalAnnualMaxCapacity,BAU,GLOBAL,PWRCCSINDWE,,,,2039,,,,,,0.0
TotalAnnualMaxCapacity,BAU,GLOBAL,PWRCCSINDWE,,,,2040,,,,,,0.0
TotalAnnualMaxCapacity,BAU,GLOBAL,PWRCCSINDWE,,,,2041,,,,,,0.0
TotalAnnualMaxCapacity,BAU,GLOBAL,PWRCCSINDWE,,,,2042,,,,,,0.0
TotalAnnualMaxCapacity,BAU,GLOBAL,PWRCCSINDWE,,,,2043,,,,,,0.0
TotalAnnualMaxCapacity,BAU,GLOBAL,PWRCCSINDWE,,,,2044,,,,,,0.0
TotalAnnualMaxCapacity,BAU,GLOBAL,PWRCCSINDWE,,,,2045,,,,,,0.0
TotalAnnualMaxCapacity,BAU,GLOBAL,PWRCCSINDWE,,,,2046,,,,,,0.0
TotalAnnualMaxCapacity,BAU,GLOBAL,PWRCCSINDWE,,,,2047,,,,,,0.0
TotalAnnualMaxCapacity,BAU,GLOBAL,PWRCCSINDWE,,,,2048,,,,,,0.0
TotalAnnualMaxCapacity,BAU,GLOBAL,PWRCCSINDWE,,,,2049,,,,,,0.0
TotalAnnualMaxCapacity,BAU,GLOBAL,PWRCCSINDWE,,,,2050,,,,,,0.0
TotalAnnualMaxCapacity,BAU,GLOBAL,PWRWOFINDEA,,,,2023,,,,,,0.0
TotalAnnualMaxCapacity,BAU,GLOBAL,PWRWOFINDEA,,,,2024,,,,,,0.0
TotalAnnualMaxCapacity,BAU,GLOBAL,PWRWOFINDEA,,,,2025,,,,,,0.0
TotalAnnualMaxCapacity,BAU,GLOBAL,PWRWOFINDEA,,,,2026,,,,,,0.0
TotalAnnualMaxCapacity,BAU,GLOBAL,PWRWOFINDEA,,,,2027,,,,,,0.0
TotalAnnualMaxCapacity,BAU,GLOBAL,PWRWOFINDEA,,,,2028,,,,,,0.0
TotalAnnualMaxCapacity,BAU,GLOBAL,PWRWOFINDEA,,,,2029,,,,,,0.0
TotalAnnualMaxCapacity,BAU,GLOBAL,PWRWOFINDEA,,,,2030,,,,,,0.0
TotalAnnualMaxCapacity,BAU,GLOBAL,PWRWOFINDEA,,,,2031,,,,,,0.0
TotalAnnualMaxCapacity,BAU,GLOBAL,PWRWOFINDEA,,,,2032,,,,,,0.0
TotalAnnualMaxCapacity,BAU,GLOBAL,PWRWOFINDEA,,,,2033,,,,,,0.0
TotalAnnualMaxCapacity,BAU,GLOBAL,PWRWOFINDEA,,,,2034,,,,,,0.0
TotalAnnualMaxCapacity,BAU,GLOBAL,PWRWOFINDEA,,,,2035,,,,,,0.0
TotalAnnualMaxCapacity,BAU,GLOBAL,PWRWOFINDEA,,,,2036,,,,,,0.0
TotalAnnualMaxCapacity,BAU,GLOBAL,PWRWOFINDEA,,,,2037,,,,,,0.0
TotalAnnualMaxCapacity,BAU,GLOBAL,PWRWOFINDEA,,,,2038,,,,,,0.0
TotalAnnualMaxCapacity,BAU,GLOBAL,PWRWOFINDEA,,,,2039,,,,,,0.0
TotalAnnualMaxCapacity,BAU,GLOBAL,PWRWOFINDEA,,,,2040,,,,,,0.0
TotalAnnualMaxCapacity,BAU,GLOBAL,PWRWOFINDEA,,,,2041,,,,,,0.0
TotalAnnualMaxCapacity,BAU,GLOBAL,PWRWOFINDEA,,,,2042,,,,,,0.0
TotalAnnualMaxCapacity,BAU,GLOBAL,PWRWOFINDEA,,,,2043,,,,,,0.0
TotalAnnualMaxCapacity,BAU,GLOBAL,PWRWOFINDEA,,,,2044,,,,,,0.0
TotalAnnualMaxCapacity,BAU,GLOBAL,PWRWOFINDEA,,,,2045,,,,,,0.0
TotalAnnualMaxCapacity,BAU,GLOBAL,PWRWOFINDEA,,,,2046,,,,,,0.0
TotalAnnualMaxCapacity,BAU,GLOBAL,PWRWOFINDEA,,,,2047,,,,,,0.0
TotalAnnualMaxCapacity,BAU,GLOBAL,PWRWOFINDEA,,,,2048,,,,,,0.0
TotalAnnualMaxCapacity,BAU,GLOBAL,PWRWOFINDEA,,,,2049,,,,,,0.0
TotalAnnualMaxCapacity,BAU,GLOBAL,PWRWOFINDEA,,,,2050,,,,,,0.0
TotalAnnualMaxCapacity,BAU,GLOBAL,PWRWOFINDSO,,,,2023,,,,,,0.0
TotalAnnualMaxCapacity,BAU,GLOBAL,PWRWOFINDSO,,,,2024,,,,,,0.0
TotalAnnualMaxCapacity,BAU,GLOBAL,PWRWOFINDSO,,,,2025,,,,,,0.0
TotalAnnualMaxCapacity,BAU,GLOBAL,PWRWOFINDSO,,,,2026,,,,,,0.0
TotalAnnualMaxCapacity,BAU,GLOBAL,PWRWOFINDSO,,,,2027,,,,,,0.0
TotalAnnualMaxCapacity,BAU,GLOBAL,PWRWOFINDSO,,,,2028,,,,,,0.0
TotalAnnualMaxCapacity,BAU,GLOBAL,PWRWOFINDSO,,,,2029,,,,,,0.0
TotalAnnualMaxCapacity,BAU,GLOBAL,PWRWOFINDSO,,,,2030,,,,,,0.0
TotalAnnualMaxCapacity,BAU,GLOBAL,PWRWOFINDSO,,,,2031,,,,,,0.0
TotalAnnualMaxCapacity,BAU,GLOBAL,PWRWOFINDSO,,,,2032,,,,,,0.0
TotalAnnualMaxCapacity,BAU,GLOBAL,PWRWOFINDSO,,,,2033,,,,,,0.0
TotalAnnualMaxCapacity,BAU,GLOBAL,PWRWOFINDSO,,,,2034,,,,,,0.0
TotalAnnualMaxCapacity,BAU,GLOBAL,PWRWOFINDSO,,,,2035,,,,,,0.0
TotalAnnualMaxCapacity,BAU,GLOBAL,PWRWOFINDSO,,,,2036,,,,,,0.0
TotalAnnualMaxCapacity,BAU,GLOBAL,PWRWOFINDSO,,,,2037,,,,,,0.0
TotalAnnualMaxCapacity,BAU,GLOBAL,PWRWOFINDSO,,,,2038,,,,,,0.0
TotalAnnualMaxCapacity,BAU,GLOBAL,PWRWOFINDSO,,,,2039,,,,,,0.0
TotalAnnualMaxCapacity,BAU,GLOBAL,PWRWOFINDSO,,,,2040,,,,,,0.0
TotalAnnualMaxCapacity,BAU,GLOBAL,PWRWOFINDSO,,,,2041,,,,,,0.0
TotalAnnualMaxCapacity,BAU,GLOBAL,PWRWOFINDSO,,,,2042,,,,,,0.0
TotalAnnualMaxCapacity,BAU,GLOBAL,PWRWOFINDSO,,,,2043,,,,,,0.0
TotalAnnualMaxCapacity,BAU,GLOBAL,PWRWOFINDSO,,,,2044,,,,,,0.0
TotalAnnualMaxCapacity,BAU,GLOBAL,PWRWOFINDSO,,,,2045,,,,,,0.0
TotalAnnualMaxCapacity,BAU,GLOBAL,PWRWOFINDSO,,,,2046,,,,,,0.0
TotalAnnualMaxCapacity,BAU,GLOBAL,PWRWOFINDSO,,,,2047,,,,,,0.0
TotalAnnualMaxCapacity,BAU,GLOBAL,PWRWOFINDSO,,,,2048,,,,,,0.0
TotalAnnualMaxCapacity,BAU,GLOBAL,PWRWOFINDSO,,,,2049,,,,,,0.0
TotalAnnualMaxCapacity,BAU,GLOBAL,PWRWOFINDSO,,,,2050,,,,,,0.0
TotalAnnualMaxCapacity,BAU,GLOBAL,PWRWOFINDWE,,,,2023,,,,,,0.0
TotalAnnualMaxCapacity,BAU,GLOBAL,PWRWOFINDWE,,,,2024,,,,,,0.0
TotalAnnualMaxCapacity,BAU,GLOBAL,PWRWOFINDWE,,,,2025,,,,,,0.0
TotalAnnualMaxCapacity,BAU,GLOBAL,PWRWOFINDWE,,,,2026,,,,,,0.0
TotalAnnualMaxCapacity,BAU,GLOBAL,PWRWOFINDWE,,,,2027,,,,,,0.0
TotalAnnualMaxCapacity,BAU,GLOBAL,PWRWOFINDWE,,,,2028,,,,,,0.0
TotalAnnualMaxCapacity,BAU,GLOBAL,PWRWOFINDWE,,,,2029,,,,,,0.0
TotalAnnualMaxCapacity,BAU,GLOBAL,PWRWOFINDWE,,,,2030,,,,,,0.0
TotalAnnualMaxCapacity,BAU,GLOBAL,PWRWOFINDWE,,,,2031,,,,,,0.0
TotalAnnualMaxCapacity,BAU,GLOBAL,PWRWOFINDWE,,,,2032,,,,,,0.0
TotalAnnualMaxCapacity,BAU,GLOBAL,PWRWOFINDWE,,,,2033,,,,,,0.0
TotalAnnualMaxCapacity,BAU,GLOBAL,PWRWOFINDWE,,,,2034,,,,,,0.0
TotalAnnualMaxCapacity,BAU,GLOBAL,PWRWOFINDWE,,,,2035,,,,,,0.0
TotalAnnualMaxCapacity,BAU,GLOBAL,PWRWOFINDWE,,,,2036,,,,,,0.0
TotalAnnualMaxCapacity,BAU,GLOBAL,PWRWOFINDWE,,,,2037,,,,,,0.0
TotalAnnualMaxCapacity,BAU,GLOBAL,PWRWOFINDWE,,,,2038,,,,,,0.0
TotalAnnualMaxCapacity,BAU,GLOBAL,PWRWOFINDWE,,,,2039,,,,,,0.0
TotalAnnualMaxCapacity,BAU,GLOBAL,PWRWOFINDWE,,,,2040,,,,,,0.0
TotalAnnualMaxCapacity,BAU,GLOBAL,PWRWOFINDWE,,,,2041,,,,,,0.0
TotalAnnualMaxCapacity,BAU,GLOBAL,PWRWOFINDWE,,,,2042,,,,,,0.0
TotalAnnualMaxCapacity,BAU,GLOBAL,PWRWOFINDWE,,,,2043,,,,,,0.0
TotalAnnualMaxCapacity,BAU,GLOBAL,PWRWOFINDWE,,,,2044,,,,,,0.0
TotalAnnualMaxCapacity,BAU,GLOBAL,PWRWOFINDWE,,,,2045,,,,,,0.0
TotalAnnualMaxCapacity,BAU,GLOBAL,PWRWOFINDWE,,,,2046,,,,,,0.0
TotalAnnualMaxCapacity,BAU,GLOBAL,PWRWOFINDWE,,,,2047,,,,,,0.0
TotalAnnualMaxCapacity,BAU,GLOBAL,PWRWOFINDWE,,,,2048,,,,,,0.0
TotalAnnualMaxCapacity,BAU,GLOBAL,PWRWOFINDWE,,,,2049,,,,,,0.0
TotalAnnualMaxCapacity,BAU,GLOBAL,PWRWOFINDWE,,,,2050,,,,,,0.0
TotalAnnualMaxCapacity,BAU,GLOBAL,PWRWOFLKAXX,,,,2023,,,,,,0.0
TotalAnnualMaxCapacity,BAU,GLOBAL,PWRWOFLKAXX,,,,2024,,,,,,0.0
TotalAnnualMaxCapacity,BAU,GLOBAL,PWRWOFLKAXX,,,,2025,,,,,,0.0
TotalAnnualMaxCapacity,BAU,GLOBAL,PWRWOFLKAXX,,,,2026,,,,,,0.0
TotalAnnualMaxCapacity,BAU,GLOBAL,PWRWOFLKAXX,,,,2027,,,,,,0.0
TotalAnnualMaxCapacity,BAU,GLOBAL,PWRWOFLKAXX,,,,2028,,,,,,0.0
TotalAnnualMaxCapacity,BAU,GLOBAL,PWRWOFLKAXX,,,,2029,,,,,,0.0
TotalAnnualMaxCapacity,BAU,GLOBAL,PWRWOFLKAXX,,,,2030,,,,,,0.0
TotalAnnualMaxCapacity,BAU,GLOBAL,PWRWOFLKAXX,,,,2031,,,,,,0.0
TotalAnnualMaxCapacity,BAU,GLOBAL,PWRWOFLKAXX,,,,2032,,,,,,0.0
TotalAnnualMaxCapacity,BAU,GLOBAL,PWRWOFLKAXX,,,,2033,,,,,,0.0
TotalAnnualMaxCapacity,BAU,GLOBAL,PWRWOFLKAXX,,,,2034,,,,,,0.0
TotalAnnualMaxCapacity,BAU,GLOBAL,PWRWOFLKAXX,,,,2035,,,,,,0.0
TotalAnnualMaxCapacity,BAU,GLOBAL,PWRWOFLKAXX,,,,2036,,,,,,0.0
TotalAnnualMaxCapacity,BAU,GLOBAL,PWRWOFLKAXX,,,,2037,,,,,,0.0
TotalAnnualMaxCapacity,BAU,GLOBAL,PWRWOFLKAXX,,,,2038,,,,,,0.0
TotalAnnualMaxCapacity,BAU,GLOBAL,PWRWOFLKAXX,,,,2039,,,,,,0.0
TotalAnnualMaxCapacity,BAU,GLOBAL,PWRWOFLKAXX,,,,2040,,,,,,0.0
TotalAnnualMaxCapacity,BAU,GLOBAL,PWRWOFLKAXX,,,,2041,,,,,,0.0
TotalAnnualMaxCapacity,BAU,GLOBAL,PWRWOFLKAXX,,,,2042,,,,,,0.0
TotalAnnualMaxCapacity,BAU,GLOBAL,PWRWOFLKAXX,,,,2043,,,,,,0.0
TotalAnnualMaxCapacity,BAU,GLOBAL,PWRWOFLKAXX,,,,2044,,,,,,0.0
TotalAnnualMaxCapacity,BAU,GLOBAL,PWRWOFLKAXX,,,,2045,,,,,,0.0
TotalAnnualMaxCapacity,BAU,GLOBAL,PWRWOFLKAXX,,,,2046,,,,,,0.0
TotalAnnualMaxCapacity,BAU,GLOBAL,PWRWOFLKAXX,,,,2047,,,,,,0.0
TotalAnnualMaxCapacity,BAU,GLOBAL,PWRWOFLKAXX,,,,2048,,,,,,0.0
TotalAnnualMaxCapacity,BAU,GLOBAL,PWRWOFLKAXX,,,,2049,,,,,,0.0
TotalAnnualMaxCapacity,BAU,GLOBAL,PWRWOFLKAXX,,,,2050,,,,,,0.0
TotalAnnualMaxCapacity,BAU,GLOBAL,PWRWONBGDXX,,,,2023,,,,,,148.3002
TotalAnnualMaxCapacity,BAU,GLOBAL,PWRWONBGDXX,,,,2024,,,,,,148.3002
TotalAnnualMaxCapacity,BAU,GLOBAL,PWRWONBGDXX,,,,2025,,,,,,148.3002
TotalAnnualMaxCapacity,BAU,GLOBAL,PWRWONBGDXX,,,,2026,,,,,,148.3002
TotalAnnualMaxCapacity,BAU,GLOBAL,PWRWONBGDXX,,,,2027,,,,,,148.3002
TotalAnnualMaxCapacity,BAU,GLOBAL,PWRWONBGDXX,,,,2028,,,,,,148.3002
TotalAnnualMaxCapacity,BAU,GLOBAL,PWRWONBGDXX,,,,2029,,,,,,148.3002
TotalAnnualMaxCapacity,BAU,GLOBAL,PWRWONBGDXX,,,,2030,,,,,,148.3002
TotalAnnualMaxCapacity,BAU,GLOBAL,PWRWONBGDXX,,,,2031,,,,,,148.3002
TotalAnnualMaxCapacity,BAU,GLOBAL,PWRWONBGDXX,,,,2032,,,,,,148.3002
TotalAnnualMaxCapacity,BAU,GLOBAL,PWRWONBGDXX,,,,2033,,,,,,148.3002
TotalAnnualMaxCapacity,BAU,GLOBAL,PWRWONBGDXX,,,,2034,,,,,,148.3002
TotalAnnualMaxCapacity,BAU,GLOBAL,PWRWONBGDXX,,,,2035,,,,,,148.3002
TotalAnnualMaxCapacity,BAU,GLOBAL,PWRWONBGDXX,,,,2036,,,,,,148.3002
TotalAnnualMaxCapacity,BAU,GLOBAL,PWRWONBGDXX,,,,2037,,,,,,148.3002
TotalAnnualMaxCapacity,BAU,GLOBAL,PWRWONBGDXX,,,,2038,,,,,,148.3002
TotalAnnualMaxCapacity,BAU,GLOBAL,PWRWONBGDXX,,,,2039,,,,,,148.3002
TotalAnnualMaxCapacity,BAU,GLOBAL,PWRWONBGDXX,,,,2040,,,,,,148.3002
TotalAnnualMaxCapacity,BAU,GLOBAL,PWRWONBGDXX,,,,2041,,,,,,148.3002
TotalAnnualMaxCapacity,BAU,GLOBAL,PWRWONBGDXX,,,,2042,,,,,,148.3002
TotalAnnualMaxCapacity,BAU,GLOBAL,PWRWONBGDXX,,,,2043,,,,,,148.3002
TotalAnnualMaxCapacity,BAU,GLOBAL,PWRWONBGDXX,,,,2044,,,,,,148.3002
TotalAnnualMaxCapacity,BAU,GLOBAL,PWRWONBGDXX,,,,2045,,,,,,148.3002
TotalAnnualMaxCapacity,BAU,GLOBAL,PWRWONBGDXX,,,,2046,,,,,,148.3002
TotalAnnualMaxCapacity,BAU,GLOBAL,PWRWONBGDXX,,,,2047,,,,,,148.3002
TotalAnnualMaxCapacity,BAU,GLOBAL,PWRWONBGDXX,,,,2048,,,,,,148.3002
TotalAnnualMaxCapacity,BAU,GLOBAL,PWRWONBGDXX,,,,2049,,,,,,148.3002
TotalAnnualMaxCapacity,BAU,GLOBAL,PWRWONBGDXX,,,,2050,,,,,,148.3002
TotalAnnualMaxCapacity,BAU,GLOBAL,PWRWONBTNXX,,,,2023,,,,,,61.9702
TotalAnnualMaxCapacity,BAU,GLOBAL,PWRWONBTNXX,,,,2024,,,,,,61.9702
TotalAnnualMaxCapacity,BAU,GLOBAL,PWRWONBTNXX,,,,2025,,,,,,61.9702
TotalAnnualMaxCapacity,BAU,GLOBAL,PWRWONBTNXX,,,,2026,,,,,,61.9702
TotalAnnualMaxCapacity,BAU,GLOBAL,PWRWONBTNXX,,,,2027,,,,,,61.9702
TotalAnnualMaxCapacity,BAU,GLOBAL,PWRWONBTNXX,,,,2028,,,,,,61.9702
TotalAnnualMaxCapacity,BAU,GLOBAL,PWRWONBTNXX,,,,2029,,,,,,61.9702
TotalAnnualMaxCapacity,BAU,GLOBAL,PWRWONBTNXX,,,,2030,,,,,,61.9702
TotalAnnualMaxCapacity,BAU,GLOBAL,PWRWONBTNXX,,,,2031,,,,,,61.9702
TotalAnnualMaxCapacity,BAU,GLOBAL,PWRWONBTNXX,,,,2032,,,,,,61.9702
TotalAnnualMaxCapacity,BAU,GLOBAL,PWRWONBTNXX,,,,2033,,,,,,61.9702
TotalAnnualMaxCapacity,BAU,GLOBAL,PWRWONBTNXX,,,,2034,,,,,,61.9702
TotalAnnualMaxCapacity,BAU,GLOBAL,PWRWONBTNXX,,,,2035,,,,,,61.9702
TotalAnnualMaxCapacity,BAU,GLOBAL,PWRWONBTNXX,,,,2036,,,,,,61.9702
TotalAnnualMaxCapacity,BAU,GLOBAL,PWRWONBTNXX,,,,2037,,,,,,61.9702
TotalAnnualMaxCapacity,BAU,GLOBAL,PWRWONBTNXX,,,,2038,,,,,,61.9702
TotalAnnualMaxCapacity,BAU,GLOBAL,PWRWONBTNXX,,,,2039,,,,,,61.9702
TotalAnnualMaxCapacity,BAU,GLOBAL,PWRWONBTNXX,,,,2040,,,,,,61.9702
TotalAnnualMaxCapacity,BAU,GLOBAL,PWRWONBTNXX,,,,2041,,,,,,61.9702
TotalAnnualMaxCapacity,BAU,GLOBAL,PWRWONBTNXX,,,,2042,,,,,,61.9702
TotalAnnualMaxCapacity,BAU,GLOBAL,PWRWONBTNXX,,,,2043,,,,,,61.9702
TotalAnnualMaxCapacity,BAU,GLOBAL,PWRWONBTNXX,,,,2044,,,,,,61.9702
TotalAnnualMaxCapacity,BAU,GLOBAL,PWRWONBTNXX,,,,2045,,,,,,61.9702
TotalAnnualMaxCapacity,BAU,GLOBAL,PWRWONBTNXX,,,,2046,,,,,,61.9702
TotalAnnualMaxCapacity,BAU,GLOBAL,PWRWONBTNXX,,,,2047,,,,,,61.9702
TotalAnnualMaxCapacity,BAU,GLOBAL,PWRWONBTNXX,,,,2048,,,,,,61.9702
TotalAnnualMaxCapacity,BAU,GLOBAL,PWRWONBTNXX,,,,2049,,,,,,61.9702
TotalAnnualMaxCapacity,BAU,GLOBAL,PWRWONBTNXX,,,,2050,,,,,,61.9702
TotalAnnualMaxCapacity,BAU,GLOBAL,PWRWONINDEA,,,,2023,,,,,,0.0
TotalAnnualMaxCapacity,BAU,GLOBAL,PWRWONINDEA,,,,2024,,,,,,0.0
TotalAnnualMaxCapacity,BAU,GLOBAL,PWRWONINDEA,,,,2025,,,,,,0.0
TotalAnnualMaxCapacity,BAU,GLOBAL,PWRWONINDEA,,,,2026,,,,,,0.0
TotalAnnualMaxCapacity,BAU,GLOBAL,PWRWONINDEA,,,,2027,,,,,,0.0
TotalAnnualMaxCapacity,BAU,GLOBAL,PWRWONINDEA,,,,2028,,,,,,0.0
TotalAnnualMaxCapacity,BAU,GLOBAL,PWRWONINDEA,,,,2029,,,,,,0.0
TotalAnnualMaxCapacity,BAU,GLOBAL,PWRWONINDEA,,,,2030,,,,,,0.0
TotalAnnualMaxCapacity,BAU,GLOBAL,PWRWONINDEA,,,,2031,,,,,,0.0
TotalAnnualMaxCapacity,BAU,GLOBAL,PWRWONINDEA,,,,2032,,,,,,0.0
TotalAnnualMaxCapacity,BAU,GLOBAL,PWRWONINDEA,,,,2033,,,,,,0.0
TotalAnnualMaxCapacity,BAU,GLOBAL,PWRWONINDEA,,,,2034,,,,,,0.0
TotalAnnualMaxCapacity,BAU,GLOBAL,PWRWONINDEA,,,,2035,,,,,,0.0
TotalAnnualMaxCapacity,BAU,GLOBAL,PWRWONINDEA,,,,2036,,,,,,0.0
TotalAnnualMaxCapacity,BAU,GLOBAL,PWRWONINDEA,,,,2037,,,,,,0.0
TotalAnnualMaxCapacity,BAU,GLOBAL,PWRWONINDEA,,,,2038,,,,,,0.0
TotalAnnualMaxCapacity,BAU,GLOBAL,PWRWONINDEA,,,,2039,,,,,,0.0
TotalAnnualMaxCapacity,BAU,GLOBAL,PWRWONINDEA,,,,2040,,,,,,0.0
TotalAnnualMaxCapacity,BAU,GLOBAL,PWRWONINDEA,,,,2041,,,,,,0.0
TotalAnnualMaxCapacity,BAU,GLOBAL,PWRWONINDEA,,,,2042,,,,,,0.0
TotalAnnualMaxCapacity,BAU,GLOBAL,PWRWONINDEA,,,,2043,,,,,,0.0
TotalAnnualMaxCapacity,BAU,GLOBAL,PWRWONINDEA,,,,2044,,,,,,0.0
TotalAnnualMaxCapacity,BAU,GLOBAL,PWRWONINDEA,,,,2045,,,,,,0.0
TotalAnnualMaxCapacity,BAU,GLOBAL,PWRWONINDEA,,,,2046,,,,,,0.0
TotalAnnualMaxCapacity,BAU,GLOBAL,PWRWONINDEA,,,,2047,,,,,,0.0
TotalAnnualMaxCapacity,BAU,GLOBAL,PWRWONINDEA,,,,2048,,,,,,0.0
TotalAnnualMaxCapacity,BAU,GLOBAL,PWRWONINDEA,,,,2049,,,,,,0.0
TotalAnnualMaxCapacity,BAU,GLOBAL,PWRWONINDEA,,,,2050,,,,,,0.0
TotalAnnualMaxCapacity,BAU,GLOBAL,PWRCOGBGDXX,,,,2023,,,,,,0.0
TotalAnnualMaxCapacity,BAU,GLOBAL,PWRCOGBGDXX,,,,2024,,,,,,0.0
TotalAnnualMaxCapacity,BAU,GLOBAL,PWRCOGBGDXX,,,,2025,,,,,,0.0
TotalAnnualMaxCapacity,BAU,GLOBAL,PWRCOGBGDXX,,,,2026,,,,,,0.0
TotalAnnualMaxCapacity,BAU,GLOBAL,PWRCOGBGDXX,,,,2027,,,,,,0.0
TotalAnnualMaxCapacity,BAU,GLOBAL,PWRCOGBGDXX,,,,2028,,,,,,0.0
TotalAnnualMaxCapacity,BAU,GLOBAL,PWRCOGBGDXX,,,,2029,,,,,,0.0
TotalAnnualMaxCapacity,BAU,GLOBAL,PWRCOGBGDXX,,,,2030,,,,,,0.0
TotalAnnualMaxCapacity,BAU,GLOBAL,PWRCOGBGDXX,,,,2031,,,,,,0.0
TotalAnnualMaxCapacity,BAU,GLOBAL,PWRCOGBGDXX,,,,2032,,,,,,0.0
TotalAnnualMaxCapacity,BAU,GLOBAL,PWRCOGBGDXX,,,,2033,,,,,,0.0
TotalAnnualMaxCapacity,BAU,GLOBAL,PWRCOGBGDXX,,,,2034,,,,,,0.0
TotalAnnualMaxCapacity,BAU,GLOBAL,PWRCOGBGDXX,,,,2035,,,,,,0.0
TotalAnnualMaxCapacity,BAU,GLOBAL,PWRCOGBGDXX,,,,2036,,,,,,0.0
TotalAnnualMaxCapacity,BAU,GLOBAL,PWRCOGBGDXX,,,,2037,,,,,,0.0
TotalAnnualMaxCapacity,BAU,GLOBAL,PWRCOGBGDXX,,,,2038,,,,,,0.0
TotalAnnualMaxCapacity,BAU,GLOBAL,PWRCOGBGDXX,,,,2039,,,,,,0.0
TotalAnnualMaxCapacity,BAU,GLOBAL,PWRCOGBGDXX,,,,2040,,,,,,0.0
TotalAnnualMaxCapacity,BAU,GLOBAL,PWRCOGBGDXX,,,,2041,,,,,,0.0
TotalAnnualMaxCapacity,BAU,GLOBAL,PWRCOGBGDXX,,,,2042,,,,,,0.0
TotalAnnualMaxCapacity,BAU,GLOBAL,PWRCOGBGDXX,,,,2043,,,,,,0.0
TotalAnnualMaxCapacity,BAU,GLOBAL,PWRCOGBGDXX,,,,2044,,,,,,0.0
TotalAnnualMaxCapacity,BAU,GLOBAL,PWRCOGBGDXX,,,,2045,,,,,,0.0
TotalAnnualMaxCapacity,BAU,GLOBAL,PWRCOGBGDXX,,,,2046,,,,,,0.0
TotalAnnualMaxCapacity,BAU,GLOBAL,PWRCOGBGDXX,,,,2047,,,,,,0.0
TotalAnnualMaxCapacity,BAU,GLOBAL,PWRCOGBGDXX,,,,2048,,,,,,0.0
TotalAnnualMaxCapacity,BAU,GLOBAL,PWRCOGBGDXX,,,,2049,,,,,,0.0
TotalAnnualMaxCapacity,BAU,GLOBAL,PWRCOGBGDXX,,,,2050,,,,,,0.0
TotalAnnualMaxCapacity,BAU,GLOBAL,PWRWONINDNE,,,,2023,,,,,,0.0
TotalAnnualMaxCapacity,BAU,GLOBAL,PWRWONINDNE,,,,2024,,,,,,0.0
TotalAnnualMaxCapacity,BAU,GLOBAL,PWRWONINDNE,,,,2025,,,,,,0.0
TotalAnnualMaxCapacity,BAU,GLOBAL,PWRWONINDNE,,,,2026,,,,,,0.0
TotalAnnualMaxCapacity,BAU,GLOBAL,PWRWONINDNE,,,,2027,,,,,,0.0
TotalAnnualMaxCapacity,BAU,GLOBAL,PWRWONINDNE,,,,2028,,,,,,0.0
TotalAnnualMaxCapacity,BAU,GLOBAL,PWRWONINDNE,,,,2029,,,,,,0.0
TotalAnnualMaxCapacity,BAU,GLOBAL,PWRWONINDNE,,,,2030,,,,,,0.0
TotalAnnualMaxCapacity,BAU,GLOBAL,PWRWONINDNE,,,,2031,,,,,,0.0
TotalAnnualMaxCapacity,BAU,GLOBAL,PWRWONINDNE,,,,2032,,,,,,0.0
TotalAnnualMaxCapacity,BAU,GLOBAL,PWRWONINDNE,,,,2033,,,,,,0.0
TotalAnnualMaxCapacity,BAU,GLOBAL,PWRWONINDNE,,,,2034,,,,,,0.0
TotalAnnualMaxCapacity,BAU,GLOBAL,PWRWONINDNE,,,,2035,,,,,,0.0
TotalAnnualMaxCapacity,BAU,GLOBAL,PWRWONINDNE,,,,2036,,,,,,0.0
TotalAnnualMaxCapacity,BAU,GLOBAL,PWRWONINDNE,,,,2037,,,,,,0.0
TotalAnnualMaxCapacity,BAU,GLOBAL,PWRWONINDNE,,,,2038,,,,,,0.0
TotalAnnualMaxCapacity,BAU,GLOBAL,PWRWONINDNE,,,,2039,,,,,,0.0
TotalAnnualMaxCapacity,BAU,GLOBAL,PWRWONINDNE,,,,2040,,,,,,0.0
TotalAnnualMaxCapacity,BAU,GLOBAL,PWRWONINDNE,,,,2041,,,,,,0.0
TotalAnnualMaxCapacity,BAU,GLOBAL,PWRWONINDNE,,,,2042,,,,,,0.0
TotalAnnualMaxCapacity,BAU,GLOBAL,PWRWONINDNE,,,,2043,,,,,,0.0
TotalAnnualMaxCapacity,BAU,GLOBAL,PWRWONINDNE,,,,2044,,,,,,0.0
TotalAnnualMaxCapacity,BAU,GLOBAL,PWRWONINDNE,,,,2045,,,,,,0.0
TotalAnnualMaxCapacity,BAU,GLOBAL,PWRWONINDNE,,,,2046,,,,,,0.0
TotalAnnualMaxCapacity,BAU,GLOBAL,PWRWONINDNE,,,,2047,,,,,,0.0
TotalAnnualMaxCapacity,BAU,GLOBAL,PWRWONINDNE,,,,2048,,,,,,0.0
TotalAnnualMaxCapacity,BAU,GLOBAL,PWRWONINDNE,,,,2049,,,,,,0.0
TotalAnnualMaxCapacity,BAU,GLOBAL,PWRWONINDNE,,,,2050,,,,,,0.0
TotalAnnualMaxCapacity,BAU,GLOBAL,PWRWONINDNO,,,,2023,,,,,,1860.0442
TotalAnnualMaxCapacity,BAU,GLOBAL,PWRWONINDNO,,,,2024,,,,,,1860.0442
TotalAnnualMaxCapacity,BAU,GLOBAL,PWRWONINDNO,,,,2025,,,,,,1860.0442
TotalAnnualMaxCapacity,BAU,GLOBAL,PWRWONINDNO,,,,2026,,,,,,1860.0442
TotalAnnualMaxCapacity,BAU,GLOBAL,PWRWONINDNO,,,,2027,,,,,,1860.0442
TotalAnnualMaxCapacity,BAU,GLOBAL,PWRWONINDNO,,,,2028,,,,,,1860.0442
TotalAnnualMaxCapacity,BAU,GLOBAL,PWRWONINDNO,,,,2029,,,,,,1860.0442
TotalAnnualMaxCapacity,BAU,GLOBAL,PWRWONINDNO,,,,2030,,,,,,1860.0442
TotalAnnualMaxCapacity,BAU,GLOBAL,PWRWONINDNO,,,,2031,,,,,,1860.0442
TotalAnnualMaxCapacity,BAU,GLOBAL,PWRWONINDNO,,,,2032,,,,,,1860.0442
TotalAnnualMaxCapacity,BAU,GLOBAL,PWRWONINDNO,,,,2033,,,,,,1860.0442
TotalAnnualMaxCapacity,BAU,GLOBAL,PWRWONINDNO,,,,2034,,,,,,1860.0442
TotalAnnualMaxCapacity,BAU,GLOBAL,PWRWONINDNO,,,,2035,,,,,,1860.0442
TotalAnnualMaxCapacity,BAU,GLOBAL,PWRWONINDNO,,,,2036,,,,,,1860.0442
TotalAnnualMaxCapacity,BAU,GLOBAL,PWRWONINDNO,,,,2037,,,,,,1860.0442
TotalAnnualMaxCapacity,BAU,GLOBAL,PWRWONINDNO,,,,2038,,,,,,1860.0442
TotalAnnualMaxCapacity,BAU,GLOBAL,PWRWONINDNO,,,,2039,,,,,,1860.0442
TotalAnnualMaxCapacity,BAU,GLOBAL,PWRWONINDNO,,,,2040,,,,,,1860.0442
TotalAnnualMaxCapacity,BAU,GLOBAL,PWRWONINDNO,,,,2041,,,,,,1860.0442
TotalAnnualMaxCapacity,BAU,GLOBAL,PWRWONINDNO,,,,2042,,,,,,1860.0442
TotalAnnualMaxCapacity,BAU,GLOBAL,PWRWONINDNO,,,,2043,,,,,,1860.0442
TotalAnnualMaxCapacity,BAU,GLOBAL,PWRWONINDNO,,,,2044,,,,,,1860.0442
TotalAnnualMaxCapacity,BAU,GLOBAL,PWRWONINDNO,,,,2045,,,,,,1860.0442
TotalAnnualMaxCapacity,BAU,GLOBAL,PWRWONINDNO,,,,2046,,,,,,1860.0442
TotalAnnualMaxCapacity,BAU,GLOBAL,PWRWONINDNO,,,,2047,,,,,,1860.0442
TotalAnnualMaxCapacity,BAU,GLOBAL,PWRWONINDNO,,,,2048,,,,,,1860.0442
TotalAnnualMaxCapacity,BAU,GLOBAL,PWRWONINDNO,,,,2049,,,,,,1860.0442
TotalAnnualMaxCapacity,BAU,GLOBAL,PWRWONINDNO,,,,2050,,,,,,1860.0442
TotalAnnualMaxCapacity,BAU,GLOBAL,PWRCOGINDEA,,,,2023,,,,,,0.0
TotalAnnualMaxCapacity,BAU,GLOBAL,PWRCOGINDEA,,,,2024,,,,,,0.0
TotalAnnualMaxCapacity,BAU,GLOBAL,PWRCOGINDEA,,,,2025,,,,,,0.0
TotalAnnualMaxCapacity,BAU,GLOBAL,PWRCOGINDEA,,,,2026,,,,,,0.0
TotalAnnualMaxCapacity,BAU,GLOBAL,PWRCOGINDEA,,,,2027,,,,,,0.0
TotalAnnualMaxCapacity,BAU,GLOBAL,PWRCOGINDEA,,,,2028,,,,,,0.0
TotalAnnualMaxCapacity,BAU,GLOBAL,PWRCOGINDEA,,,,2029,,,,,,0.0
TotalAnnualMaxCapacity,BAU,GLOBAL,PWRCOGINDEA,,,,2030,,,,,,0.0
TotalAnnualMaxCapacity,BAU,GLOBAL,PWRCOGINDEA,,,,2031,,,,,,0.0
TotalAnnualMaxCapacity,BAU,GLOBAL,PWRCOGINDEA,,,,2032,,,,,,0.0
TotalAnnualMaxCapacity,BAU,GLOBAL,PWRCOGINDEA,,,,2033,,,,,,0.0
TotalAnnualMaxCapacity,BAU,GLOBAL,PWRCOGINDEA,,,,2034,,,,,,0.0
TotalAnnualMaxCapacity,BAU,GLOBAL,PWRCOGINDEA,,,,2035,,,,,,0.0
TotalAnnualMaxCapacity,BAU,GLOBAL,PWRCOGINDEA,,,,2036,,,,,,0.0
TotalAnnualMaxCapacity,BAU,GLOBAL,PWRCOGINDEA,,,,2037,,,,,,0.0
TotalAnnualMaxCapacity,BAU,GLOBAL,PWRCOGINDEA,,,,2038,,,,,,0.0
TotalAnnualMaxCapacity,BAU,GLOBAL,PWRCOGINDEA,,,,2039,,,,,,0.0
TotalAnnualMaxCapacity,BAU,GLOBAL,PWRCOGINDEA,,,,2040,,,,,,0.0
TotalAnnualMaxCapacity,BAU,GLOBAL,PWRCOGINDEA,,,,2041,,,,,,0.0
TotalAnnualMaxCapacity,BAU,GLOBAL,PWRCOGINDEA,,,,2042,,,,,,0.0
TotalAnnualMaxCapacity,BAU,GLOBAL,PWRCOGINDEA,,,,2043,,,,,,0.0
TotalAnnualMaxCapacity,BAU,GLOBAL,PWRCOGINDEA,,,,2044,,,,,,0.0
TotalAnnualMaxCapacity,BAU,GLOBAL,PWRCOGINDEA,,,,2045,,,,,,0.0
TotalAnnualMaxCapacity,BAU,GLOBAL,PWRCOGINDEA,,,,2046,,,,,,0.0
TotalAnnualMaxCapacity,BAU,GLOBAL,PWRCOGINDEA,,,,2047,,,,,,0.0
TotalAnnualMaxCapacity,BAU,GLOBAL,PWRCOGINDEA,,,,2048,,,,,,0.0
TotalAnnualMaxCapacity,BAU,GLOBAL,PWRCOGINDEA,,,,2049,,,,,,0.0
TotalAnnualMaxCapacity,BAU,GLOBAL,PWRCOGINDEA,,,,2050,,,,,,0.0
TotalAnnualMaxCapacity,BAU,GLOBAL,PWRWONINDSO,,,,2023,,,,,,1278.4234
TotalAnnualMaxCapacity,BAU,GLOBAL,PWRWONINDSO,,,,2024,,,,,,1278.4234
TotalAnnualMaxCapacity,BAU,GLOBAL,PWRWONINDSO,,,,2025,,,,,,1278.4234
TotalAnnualMaxCapacity,BAU,GLOBAL,PWRWONINDSO,,,,2026,,,,,,1278.4234
TotalAnnualMaxCapacity,BAU,GLOBAL,PWRWONINDSO,,,,2027,,,,,,1278.4234
TotalAnnualMaxCapacity,BAU,GLOBAL,PWRWONINDSO,,,,2028,,,,,,1278.4234
TotalAnnualMaxCapacity,BAU,GLOBAL,PWRWONINDSO,,,,2029,,,,,,1278.4234
TotalAnnualMaxCapacity,BAU,GLOBAL,PWRWONINDSO,,,,2030,,,,,,1278.4234
TotalAnnualMaxCapacity,BAU,GLOBAL,PWRWONINDSO,,,,2031,,,,,,1278.4234
TotalAnnualMaxCapacity,BAU,GLOBAL,PWRWONINDSO,,,,2032,,,,,,1278.4234
TotalAnnualMaxCapacity,BAU,GLOBAL,PWRWONINDSO,,,,2033,,,,,,1278.4234
TotalAnnualMaxCapacity,BAU,GLOBAL,PWRWONINDSO,,,,2034,,,,,,1278.4234
TotalAnnualMaxCapacity,BAU,GLOBAL,PWRWONINDSO,,,,2035,,,,,,1278.4234
TotalAnnualMaxCapacity,BAU,GLOBAL,PWRWONINDSO,,,,2036,,,,,,1278.4234
TotalAnnualMaxCapacity,BAU,GLOBAL,PWRWONINDSO,,,,2037,,,,,,1278.4234
TotalAnnualMaxCapacity,BAU,GLOBAL,PWRWONINDSO,,,,2038,,,,,,1278.4234
TotalAnnualMaxCapacity,BAU,GLOBAL,PWRWONINDSO,,,,2039,,,,,,1278.4234
TotalAnnualMaxCapacity,BAU,GLOBAL,PWRWONINDSO,,,,2040,,,,,,1278.4234
TotalAnnualMaxCapacity,BAU,GLOBAL,PWRWONINDSO,,,,2041,,,,,,1278.4234
TotalAnnualMaxCapacity,BAU,GLOBAL,PWRWONINDSO,,,,2042,,,,,,1278.4234
TotalAnnualMaxCapacity,BAU,GLOBAL,PWRWONINDSO,,,,2043,,,,,,1278.4234
TotalAnnualMaxCapacity,BAU,GLOBAL,PWRWONINDSO,,,,2044,,,,,,1278.4234
TotalAnnualMaxCapacity,BAU,GLOBAL,PWRWONINDSO,,,,2045,,,,,,1278.4234
TotalAnnualMaxCapacity,BAU,GLOBAL,PWRWONINDSO,,,,2046,,,,,,1278.4234
TotalAnnualMaxCapacity,BAU,GLOBAL,PWRWONINDSO,,,,2047,,,,,,1278.4234
TotalAnnualMaxCapacity,BAU,GLOBAL,PWRWONINDSO,,,,2048,,,,,,1278.4234
TotalAnnualMaxCapacity,BAU,GLOBAL,PWRWONINDSO,,,,2049,,,,,,1278.4234
TotalAnnualMaxCapacity,BAU,GLOBAL,PWRWONINDSO,,,,2050,,,,,,1278.4234
TotalAnnualMaxCapacity,BAU,GLOBAL,PWRCOGINDNE,,,,2023,,,,,,0.0
TotalAnnualMaxCapacity,BAU,GLOBAL,PWRCOGINDNE,,,,2024,,,,,,0.0
TotalAnnualMaxCapacity,BAU,GLOBAL,PWRCOGINDNE,,,,2025,,,,,,0.0
TotalAnnualMaxCapacity,BAU,GLOBAL,PWRCOGINDNE,,,,2026,,,,,,0.0
TotalAnnualMaxCapacity,BAU,GLOBAL,PWRCOGINDNE,,,,2027,,,,,,0.0
TotalAnnualMaxCapacity,BAU,GLOBAL,PWRCOGINDNE,,,,2028,,,,,,0.0
TotalAnnualMaxCapacity,BAU,GLOBAL,PWRCOGINDNE,,,,2029,,,,,,0.0
TotalAnnualMaxCapacity,BAU,GLOBAL,PWRCOGINDNE,,,,2030,,,,,,0.0
TotalAnnualMaxCapacity,BAU,GLOBAL,PWRCOGINDNE,,,,2031,,,,,,0.0
TotalAnnualMaxCapacity,BAU,GLOBAL,PWRCOGINDNE,,,,2032,,,,,,0.0
TotalAnnualMaxCapacity,BAU,GLOBAL,PWRCOGINDNE,,,,2033,,,,,,0.0
TotalAnnualMaxCapacity,BAU,GLOBAL,PWRCOGINDNE,,,,2034,,,,,,0.0
TotalAnnualMaxCapacity,BAU,GLOBAL,PWRCOGINDNE,,,,2035,,,,,,0.0
TotalAnnualMaxCapacity,BAU,GLOBAL,PWRCOGINDNE,,,,2036,,,,,,0.0
TotalAnnualMaxCapacity,BAU,GLOBAL,PWRCOGINDNE,,,,2037,,,,,,0.0
TotalAnnualMaxCapacity,BAU,GLOBAL,PWRCOGINDNE,,,,2038,,,,,,0.0
TotalAnnualMaxCapacity,BAU,GLOBAL,PWRCOGINDNE,,,,2039,,,,,,0.0
TotalAnnualMaxCapacity,BAU,GLOBAL,PWRCOGINDNE,,,,2040,,,,,,0.0
TotalAnnualMaxCapacity,BAU,GLOBAL,PWRCOGINDNE,,,,2041,,,,,,0.0
TotalAnnualMaxCapacity,BAU,GLOBAL,PWRCOGINDNE,,,,2042,,,,,,0.0
TotalAnnualMaxCapacity,BAU,GLOBAL,PWRCOGINDNE,,,,2043,,,,,,0.0
TotalAnnualMaxCapacity,BAU,GLOBAL,PWRCOGINDNE,,,,2044,,,,,,0.0
TotalAnnualMaxCapacity,BAU,GLOBAL,PWRCOGINDNE,,,,2045,,,,,,0.0
TotalAnnualMaxCapacity,BAU,GLOBAL,PWRCOGINDNE,,,,2046,,,,,,0.0
TotalAnnualMaxCapacity,BAU,GLOBAL,PWRCOGINDNE,,,,2047,,,,,,0.0
TotalAnnualMaxCapacity,BAU,GLOBAL,PWRCOGINDNE,,,,2048,,,,,,0.0
TotalAnnualMaxCapacity,BAU,GLOBAL,PWRCOGINDNE,,,,2049,,,,,,0.0
TotalAnnualMaxCapacity,BAU,GLOBAL,PWRCOGINDNE,,,,2050,,,,,,0.0
TotalAnnualMaxCapacity,BAU,GLOBAL,PWRWONINDWE,,,,2023,,,,,,2036.9868
TotalAnnualMaxCapacity,BAU,GLOBAL,PWRWONINDWE,,,,2024,,,,,,2036.9868
TotalAnnualMaxCapacity,BAU,GLOBAL,PWRWONINDWE,,,,2025,,,,,,2036.9868
TotalAnnualMaxCapacity,BAU,GLOBAL,PWRWONINDWE,,,,2026,,,,,,2036.9868
TotalAnnualMaxCapacity,BAU,GLOBAL,PWRWONINDWE,,,,2027,,,,,,2036.9868
TotalAnnualMaxCapacity,BAU,GLOBAL,PWRWONINDWE,,,,2028,,,,,,2036.9868
TotalAnnualMaxCapacity,BAU,GLOBAL,PWRWONINDWE,,,,2029,,,,,,2036.9868
TotalAnnualMaxCapacity,BAU,GLOBAL,PWRWONINDWE,,,,2030,,,,,,2036.9868
TotalAnnualMaxCapacity,BAU,GLOBAL,PWRWONINDWE,,,,2031,,,,,,2036.9868
TotalAnnualMaxCapacity,BAU,GLOBAL,PWRWONINDWE,,,,2032,,,,,,2036.9868
TotalAnnualMaxCapacity,BAU,GLOBAL,PWRWONINDWE,,,,2033,,,,,,2036.9868
TotalAnnualMaxCapacity,BAU,GLOBAL,PWRWONINDWE,,,,2034,,,,,,2036.9868
TotalAnnualMaxCapacity,BAU,GLOBAL,PWRWONINDWE,,,,2035,,,,,,2036.9868
TotalAnnualMaxCapacity,BAU,GLOBAL,PWRWONINDWE,,,,2036,,,,,,2036.9868
TotalAnnualMaxCapacity,BAU,GLOBAL,PWRWONINDWE,,,,2037,,,,,,2036.9868
TotalAnnualMaxCapacity,BAU,GLOBAL,PWRWONINDWE,,,,2038,,,,,,2036.9868
TotalAnnualMaxCapacity,BAU,GLOBAL,PWRWONINDWE,,,,2039,,,,,,2036.9868
TotalAnnualMaxCapacity,BAU,GLOBAL,PWRWONINDWE,,,,2040,,,,,,2036.9868
TotalAnnualMaxCapacity,BAU,GLOBAL,PWRWONINDWE,,,,2041,,,,,,2036.9868
TotalAnnualMaxCapacity,BAU,GLOBAL,PWRWONINDWE,,,,2042,,,,,,2036.9868
TotalAnnualMaxCapacity,BAU,GLOBAL,PWRWONINDWE,,,,2043,,,,,,2036.9868
TotalAnnualMaxCapacity,BAU,GLOBAL,PWRWONINDWE,,,,2044,,,,,,2036.9868
TotalAnnualMaxCapacity,BAU,GLOBAL,PWRWONINDWE,,,,2045,,,,,,2036.9868
TotalAnnualMaxCapacity,BAU,GLOBAL,PWRWONINDWE,,,,2046,,,,,,2036.9868
TotalAnnualMaxCapacity,BAU,GLOBAL,PWRWONINDWE,,,,2047,,,,,,2036.9868
TotalAnnualMaxCapacity,BAU,GLOBAL,PWRWONINDWE,,,,2048,,,,,,2036.9868
TotalAnnualMaxCapacity,BAU,GLOBAL,PWRWONINDWE,,,,2049,,,,,,2036.9868
TotalAnnualMaxCapacity,BAU,GLOBAL,PWRWONINDWE,,,,2050,,,,,,2036.9868
TotalAnnualMaxCapacity,BAU,GLOBAL,PWRCOGINDNO,,,,2023,,,,,,0.0
TotalAnnualMaxCapacity,BAU,GLOBAL,PWRCOGINDNO,,,,2024,,,,,,0.0
TotalAnnualMaxCapacity,BAU,GLOBAL,PWRCOGINDNO,,,,2025,,,,,,0.0
TotalAnnualMaxCapacity,BAU,GLOBAL,PWRCOGINDNO,,,,2026,,,,,,0.0
TotalAnnualMaxCapacity,BAU,GLOBAL,PWRCOGINDNO,,,,2027,,,,,,0.0
TotalAnnualMaxCapacity,BAU,GLOBAL,PWRCOGINDNO,,,,2028,,,,,,0.0
TotalAnnualMaxCapacity,BAU,GLOBAL,PWRCOGINDNO,,,,2029,,,,,,0.0
TotalAnnualMaxCapacity,BAU,GLOBAL,PWRCOGINDNO,,,,2030,,,,,,0.0
TotalAnnualMaxCapacity,BAU,GLOBAL,PWRCOGINDNO,,,,2031,,,,,,0.0
TotalAnnualMaxCapacity,BAU,GLOBAL,PWRCOGINDNO,,,,2032,,,,,,0.0
TotalAnnualMaxCapacity,BAU,GLOBAL,PWRCOGINDNO,,,,2033,,,,,,0.0
TotalAnnualMaxCapacity,BAU,GLOBAL,PWRCOGINDNO,,,,2034,,,,,,0.0
TotalAnnualMaxCapacity,BAU,GLOBAL,PWRCOGINDNO,,,,2035,,,,,,0.0
TotalAnnualMaxCapacity,BAU,GLOBAL,PWRCOGINDNO,,,,2036,,,,,,0.0
TotalAnnualMaxCapacity,BAU,GLOBAL,PWRCOGINDNO,,,,2037,,,,,,0.0
TotalAnnualMaxCapacity,BAU,GLOBAL,PWRCOGINDNO,,,,2038,,,,,,0.0
TotalAnnualMaxCapacity,BAU,GLOBAL,PWRCOGINDNO,,,,2039,,,,,,0.0
TotalAnnualMaxCapacity,BAU,GLOBAL,PWRCOGINDNO,,,,2040,,,,,,0.0
TotalAnnualMaxCapacity,BAU,GLOBAL,PWRCOGINDNO,,,,2041,,,,,,0.0
TotalAnnualMaxCapacity,BAU,GLOBAL,PWRCOGINDNO,,,,2042,,,,,,0.0
TotalAnnualMaxCapacity,BAU,GLOBAL,PWRCOGINDNO,,,,2043,,,,,,0.0
TotalAnnualMaxCapacity,BAU,GLOBAL,PWRCOGINDNO,,,,2044,,,,,,0.0
TotalAnnualMaxCapacity,BAU,GLOBAL,PWRCOGINDNO,,,,2045,,,,,,0.0
TotalAnnualMaxCapacity,BAU,GLOBAL,PWRCOGINDNO,,,,2046,,,,,,0.0
TotalAnnualMaxCapacity,BAU,GLOBAL,PWRCOGINDNO,,,,2047,,,,,,0.0
TotalAnnualMaxCapacity,BAU,GLOBAL,PWRCOGINDNO,,,,2048,,,,,,0.0
TotalAnnualMaxCapacity,BAU,GLOBAL,PWRCOGINDNO,,,,2049,,,,,,0.0
TotalAnnualMaxCapacity,BAU,GLOBAL,PWRCOGINDNO,,,,2050,,,,,,0.0
TotalAnnualMaxCapacity,BAU,GLOBAL,PWRWONLKAXX,,,,2023,,,,,,57.1312
TotalAnnualMaxCapacity,BAU,GLOBAL,PWRWONLKAXX,,,,2024,,,,,,57.1312
TotalAnnualMaxCapacity,BAU,GLOBAL,PWRWONLKAXX,,,,2025,,,,,,57.1312
TotalAnnualMaxCapacity,BAU,GLOBAL,PWRWONLKAXX,,,,2026,,,,,,57.1312
TotalAnnualMaxCapacity,BAU,GLOBAL,PWRWONLKAXX,,,,2027,,,,,,57.1312
TotalAnnualMaxCapacity,BAU,GLOBAL,PWRWONLKAXX,,,,2028,,,,,,57.1312
TotalAnnualMaxCapacity,BAU,GLOBAL,PWRWONLKAXX,,,,2029,,,,,,57.1312
TotalAnnualMaxCapacity,BAU,GLOBAL,PWRWONLKAXX,,,,2030,,,,,,57.1312
TotalAnnualMaxCapacity,BAU,GLOBAL,PWRWONLKAXX,,,,2031,,,,,,57.1312
TotalAnnualMaxCapacity,BAU,GLOBAL,PWRWONLKAXX,,,,2032,,,,,,57.1312
TotalAnnualMaxCapacity,BAU,GLOBAL,PWRWONLKAXX,,,,2033,,,,,,57.1312
TotalAnnualMaxCapacity,BAU,GLOBAL,PWRWONLKAXX,,,,2034,,,,,,57.1312
TotalAnnualMaxCapacity,BAU,GLOBAL,PWRWONLKAXX,,,,2035,,,,,,57.1312
TotalAnnualMaxCapacity,BAU,GLOBAL,PWRWONLKAXX,,,,2036,,,,,,57.1312
TotalAnnualMaxCapacity,BAU,GLOBAL,PWRWONLKAXX,,,,2037,,,,,,57.1312
TotalAnnualMaxCapacity,BAU,GLOBAL,PWRWONLKAXX,,,,2038,,,,,,57.1312
TotalAnnualMaxCapacity,BAU,GLOBAL,PWRWONLKAXX,,,,2039,,,,,,57.1312
TotalAnnualMaxCapacity,BAU,GLOBAL,PWRWONLKAXX,,,,2040,,,,,,57.1312
TotalAnnualMaxCapacity,BAU,GLOBAL,PWRWONLKAXX,,,,2041,,,,,,57.1312
TotalAnnualMaxCapacity,BAU,GLOBAL,PWRWONLKAXX,,,,2042,,,,,,57.1312
TotalAnnualMaxCapacity,BAU,GLOBAL,PWRWONLKAXX,,,,2043,,,,,,57.1312
TotalAnnualMaxCapacity,BAU,GLOBAL,PWRWONLKAXX,,,,2044,,,,,,57.1312
TotalAnnualMaxCapacity,BAU,GLOBAL,PWRWONLKAXX,,,,2045,,,,,,57.1312
TotalAnnualMaxCapacity,BAU,GLOBAL,PWRWONLKAXX,,,,2046,,,,,,57.1312
TotalAnnualMaxCapacity,BAU,GLOBAL,PWRWONLKAXX,,,,2047,,,,,,57.1312
TotalAnnualMaxCapacity,BAU,GLOBAL,PWRWONLKAXX,,,,2048,,,,,,57.1312
TotalAnnualMaxCapacity,BAU,GLOBAL,PWRWONLKAXX,,,,2049,,,,,,57.1312
TotalAnnualMaxCapacity,BAU,GLOBAL,PWRWONLKAXX,,,,2050,,,,,,57.1312
TotalAnnualMaxCapacity,BAU,GLOBAL,PWRCOGINDSO,,,,2023,,,,,,0.0
TotalAnnualMaxCapacity,BAU,GLOBAL,PWRCOGINDSO,,,,2024,,,,,,0.0
TotalAnnualMaxCapacity,BAU,GLOBAL,PWRCOGINDSO,,,,2025,,,,,,0.0
TotalAnnualMaxCapacity,BAU,GLOBAL,PWRCOGINDSO,,,,2026,,,,,,0.0
TotalAnnualMaxCapacity,BAU,GLOBAL,PWRCOGINDSO,,,,2027,,,,,,0.0
TotalAnnualMaxCapacity,BAU,GLOBAL,PWRCOGINDSO,,,,2028,,,,,,0.0
TotalAnnualMaxCapacity,BAU,GLOBAL,PWRCOGINDSO,,,,2029,,,,,,0.0
TotalAnnualMaxCapacity,BAU,GLOBAL,PWRCOGINDSO,,,,2030,,,,,,0.0
TotalAnnualMaxCapacity,BAU,GLOBAL,PWRCOGINDSO,,,,2031,,,,,,0.0
TotalAnnualMaxCapacity,BAU,GLOBAL,PWRCOGINDSO,,,,2032,,,,,,0.0
TotalAnnualMaxCapacity,BAU,GLOBAL,PWRCOGINDSO,,,,2033,,,,,,0.0
TotalAnnualMaxCapacity,BAU,GLOBAL,PWRCOGINDSO,,,,2034,,,,,,0.0
TotalAnnualMaxCapacity,BAU,GLOBAL,PWRCOGINDSO,,,,2035,,,,,,0.0
TotalAnnualMaxCapacity,BAU,GLOBAL,PWRCOGINDSO,,,,2036,,,,,,0.0
TotalAnnualMaxCapacity,BAU,GLOBAL,PWRCOGINDSO,,,,2037,,,,,,0.0
TotalAnnualMaxCapacity,BAU,GLOBAL,PWRCOGINDSO,,,,2038,,,,,,0.0
TotalAnnualMaxCapacity,BAU,GLOBAL,PWRCOGINDSO,,,,2039,,,,,,0.0
TotalAnnualMaxCapacity,BAU,GLOBAL,PWRCOGINDSO,,,,2040,,,,,,0.0
TotalAnnualMaxCapacity,BAU,GLOBAL,PWRCOGINDSO,,,,2041,,,,,,0.0
TotalAnnualMaxCapacity,BAU,GLOBAL,PWRCOGINDSO,,,,2042,,,,,,0.0
TotalAnnualMaxCapacity,BAU,GLOBAL,PWRCOGINDSO,,,,2043,,,,,,0.0
TotalAnnualMaxCapacity,BAU,GLOBAL,PWRCOGINDSO,,,,2044,,,,,,0.0
TotalAnnualMaxCapacity,BAU,GLOBAL,PWRCOGINDSO,,,,2045,,,,,,0.0
TotalAnnualMaxCapacity,BAU,GLOBAL,PWRCOGINDSO,,,,2046,,,,,,0.0
TotalAnnualMaxCapacity,BAU,GLOBAL,PWRCOGINDSO,,,,2047,,,,,,0.0
TotalAnnualMaxCapacity,BAU,GLOBAL,PWRCOGINDSO,,,,2048,,,,,,0.0
TotalAnnualMaxCapacity,BAU,GLOBAL,PWRCOGINDSO,,,,2049,,,,,,0.0
TotalAnnualMaxCapacity,BAU,GLOBAL,PWRCOGINDSO,,,,2050,,,,,,0.0
TotalAnnualMaxCapacity,BAU,GLOBAL,PWRCOGINDWE,,,,2023,,,,,,0.0
TotalAnnualMaxCapacity,BAU,GLOBAL,PWRCOGINDWE,,,,2024,,,,,,0.0
TotalAnnualMaxCapacity,BAU,GLOBAL,PWRCOGINDWE,,,,2025,,,,,,0.0
TotalAnnualMaxCapacity,BAU,GLOBAL,PWRCOGINDWE,,,,2026,,,,,,0.0
TotalAnnualMaxCapacity,BAU,GLOBAL,PWRCOGINDWE,,,,2027,,,,,,0.0
TotalAnnualMaxCapacity,BAU,GLOBAL,PWRCOGINDWE,,,,2028,,,,,,0.0
TotalAnnualMaxCapacity,BAU,GLOBAL,PWRCOGINDWE,,,,2029,,,,,,0.0
TotalAnnualMaxCapacity,BAU,GLOBAL,PWRCOGINDWE,,,,2030,,,,,,0.0
TotalAnnualMaxCapacity,BAU,GLOBAL,PWRCOGINDWE,,,,2031,,,,,,0.0
TotalAnnualMaxCapacity,BAU,GLOBAL,PWRCOGINDWE,,,,2032,,,,,,0.0
TotalAnnualMaxCapacity,BAU,GLOBAL,PWRCOGINDWE,,,,2033,,,,,,0.0
TotalAnnualMaxCapacity,BAU,GLOBAL,PWRCOGINDWE,,,,2034,,,,,,0.0
TotalAnnualMaxCapacity,BAU,GLOBAL,PWRCOGINDWE,,,,2035,,,,,,0.0
TotalAnnualMaxCapacity,BAU,GLOBAL,PWRCOGINDWE,,,,2036,,,,,,0.0
TotalAnnualMaxCapacity,BAU,GLOBAL,PWRCOGINDWE,,,,2037,,,,,,0.0
TotalAnnualMaxCapacity,BAU,GLOBAL,PWRCOGINDWE,,,,2038,,,,,,0.0
TotalAnnualMaxCapacity,BAU,GLOBAL,PWRCOGINDWE,,,,2039,,,,,,0.0
TotalAnnualMaxCapacity,BAU,GLOBAL,PWRCOGINDWE,,,,2040,,,,,,0.0
TotalAnnualMaxCapacity,BAU,GLOBAL,PWRCOGINDWE,,,,2041,,,,,,0.0
TotalAnnualMaxCapacity,BAU,GLOBAL,PWRCOGINDWE,,,,2042,,,,,,0.0
TotalAnnualMaxCapacity,BAU,GLOBAL,PWRCOGINDWE,,,,2043,,,,,,0.0
TotalAnnualMaxCapacity,BAU,GLOBAL,PWRCOGINDWE,,,,2044,,,,,,0.0
TotalAnnualMaxCapacity,BAU,GLOBAL,PWRCOGINDWE,,,,2045,,,,,,0.0
TotalAnnualMaxCapacity,BAU,GLOBAL,PWRCOGINDWE,,,,2046,,,,,,0.0
TotalAnnualMaxCapacity,BAU,GLOBAL,PWRCOGINDWE,,,,2047,,,,,,0.0
TotalAnnualMaxCapacity,BAU,GLOBAL,PWRCOGINDWE,,,,2048,,,,,,0.0
TotalAnnualMaxCapacity,BAU,GLOBAL,PWRCOGINDWE,,,,2049,,,,,,0.0
TotalAnnualMaxCapacity,BAU,GLOBAL,PWRCOGINDWE,,,,2050,,,,,,0.0
TotalAnnualMaxCapacity,BAU,GLOBAL,PWRWONNPLXX,,,,2023,,,,,,0.0
TotalAnnualMaxCapacity,BAU,GLOBAL,PWRWONNPLXX,,,,2024,,,,,,0.0
TotalAnnualMaxCapacity,BAU,GLOBAL,PWRWONNPLXX,,,,2025,,,,,,0.0
TotalAnnualMaxCapacity,BAU,GLOBAL,PWRWONNPLXX,,,,2026,,,,,,0.0
TotalAnnualMaxCapacity,BAU,GLOBAL,PWRWONNPLXX,,,,2027,,,,,,0.0
TotalAnnualMaxCapacity,BAU,GLOBAL,PWRWONNPLXX,,,,2028,,,,,,0.0
TotalAnnualMaxCapacity,BAU,GLOBAL,PWRWONNPLXX,,,,2029,,,,,,0.0
TotalAnnualMaxCapacity,BAU,GLOBAL,PWRWONNPLXX,,,,2030,,,,,,0.0
TotalAnnualMaxCapacity,BAU,GLOBAL,PWRWONNPLXX,,,,2031,,,,,,0.0
TotalAnnualMaxCapacity,BAU,GLOBAL,PWRWONNPLXX,,,,2032,,,,,,0.0
TotalAnnualMaxCapacity,BAU,GLOBAL,PWRWONNPLXX,,,,2033,,,,,,0.0
TotalAnnualMaxCapacity,BAU,GLOBAL,PWRWONNPLXX,,,,2034,,,,,,0.0
TotalAnnualMaxCapacity,BAU,GLOBAL,PWRWONNPLXX,,,,2035,,,,,,0.0
TotalAnnualMaxCapacity,BAU,GLOBAL,PWRWONNPLXX,,,,2036,,,,,,0.0
TotalAnnualMaxCapacity,BAU,GLOBAL,PWRWONNPLXX,,,,2037,,,,,,0.0
TotalAnnualMaxCapacity,BAU,GLOBAL,PWRWONNPLXX,,,,2038,,,,,,0.0
TotalAnnualMaxCapacity,BAU,GLOBAL,PWRWONNPLXX,,,,2039,,,,,,0.0
TotalAnnualMaxCapacity,BAU,GLOBAL,PWRWONNPLXX,,,,2040,,,,,,0.0
TotalAnnualMaxCapacity,BAU,GLOBAL,PWRWONNPLXX,,,,2041,,,,,,0.0
TotalAnnualMaxCapacity,BAU,GLOBAL,PWRWONNPLXX,,,,2042,,,,,,0.0
TotalAnnualMaxCapacity,BAU,GLOBAL,PWRWONNPLXX,,,,2043,,,,,,0.0
TotalAnnualMaxCapacity,BAU,GLOBAL,PWRWONNPLXX,,,,2044,,,,,,0.0
TotalAnnualMaxCapacity,BAU,GLOBAL,PWRWONNPLXX,,,,2045,,,,,,0.0
TotalAnnualMaxCapacity,BAU,GLOBAL,PWRWONNPLXX,,,,2046,,,,,,0.0
TotalAnnualMaxCapacity,BAU,GLOBAL,PWRWONNPLXX,,,,2047,,,,,,0.0
TotalAnnualMaxCapacity,BAU,GLOBAL,PWRWONNPLXX,,,,2048,,,,,,0.0
TotalAnnualMaxCapacity,BAU,GLOBAL,PWRWONNPLXX,,,,2049,,,,,,0.0
TotalAnnualMaxCapacity,BAU,GLOBAL,PWRWONNPLXX,,,,2050,,,,,,0.0
TotalAnnualMaxCapacity,BAU,GLOBAL,PWRCOGLKAXX,,,,2023,,,,,,0.0
TotalAnnualMaxCapacity,BAU,GLOBAL,PWRCOGLKAXX,,,,2024,,,,,,0.0
TotalAnnualMaxCapacity,BAU,GLOBAL,PWRCOGLKAXX,,,,2025,,,,,,0.0
TotalAnnualMaxCapacity,BAU,GLOBAL,PWRCOGLKAXX,,,,2026,,,,,,0.0
TotalAnnualMaxCapacity,BAU,GLOBAL,PWRCOGLKAXX,,,,2027,,,,,,0.0
TotalAnnualMaxCapacity,BAU,GLOBAL,PWRCOGLKAXX,,,,2028,,,,,,0.0
TotalAnnualMaxCapacity,BAU,GLOBAL,PWRCOGLKAXX,,,,2029,,,,,,0.0
TotalAnnualMaxCapacity,BAU,GLOBAL,PWRCOGLKAXX,,,,2030,,,,,,0.0
TotalAnnualMaxCapacity,BAU,GLOBAL,PWRCOGLKAXX,,,,2031,,,,,,0.0
TotalAnnualMaxCapacity,BAU,GLOBAL,PWRCOGLKAXX,,,,2032,,,,,,0.0
TotalAnnualMaxCapacity,BAU,GLOBAL,PWRCOGLKAXX,,,,2033,,,,,,0.0
TotalAnnualMaxCapacity,BAU,GLOBAL,PWRCOGLKAXX,,,,2034,,,,,,0.0
TotalAnnualMaxCapacity,BAU,GLOBAL,PWRCOGLKAXX,,,,2035,,,,,,0.0
TotalAnnualMaxCapacity,BAU,GLOBAL,PWRCOGLKAXX,,,,2036,,,,,,0.0
TotalAnnualMaxCapacity,BAU,GLOBAL,PWRCOGLKAXX,,,,2037,,,,,,0.0
TotalAnnualMaxCapacity,BAU,GLOBAL,PWRCOGLKAXX,,,,2038,,,,,,0.0
TotalAnnualMaxCapacity,BAU,GLOBAL,PWRCOGLKAXX,,,,2039,,,,,,0.0
TotalAnnualMaxCapacity,BAU,GLOBAL,PWRCOGLKAXX,,,,2040,,,,,,0.0
TotalAnnualMaxCapacity,BAU,GLOBAL,PWRCOGLKAXX,,,,2041,,,,,,0.0
TotalAnnualMaxCapacity,BAU,GLOBAL,PWRCOGLKAXX,,,,2042,,,,,,0.0
TotalAnnualMaxCapacity,BAU,GLOBAL,PWRCOGLKAXX,,,,2043,,,,,,0.0
TotalAnnualMaxCapacity,BAU,GLOBAL,PWRCOGLKAXX,,,,2044,,,,,,0.0
TotalAnnualMaxCapacity,BAU,GLOBAL,PWRCOGLKAXX,,,,2045,,,,,,0.0
TotalAnnualMaxCapacity,BAU,GLOBAL,PWRCOGLKAXX,,,,2046,,,,,,0.0
TotalAnnualMaxCapacity,BAU,GLOBAL,PWRCOGLKAXX,,,,2047,,,,,,0.0
TotalAnnualMaxCapacity,BAU,GLOBAL,PWRCOGLKAXX,,,,2048,,,,,,0.0
TotalAnnualMaxCapacity,BAU,GLOBAL,PWRCOGLKAXX,,,,2049,,,,,,0.0
TotalAnnualMaxCapacity,BAU,GLOBAL,PWRCOGLKAXX,,,,2050,,,,,,0.0
TotalAnnualMaxCapacity,BAU,GLOBAL,PWRBCKBGDXX,,,,2023,,,,,,0.0
TotalAnnualMaxCapacity,BAU,GLOBAL,PWRBCKBGDXX,,,,2024,,,,,,0.0
TotalAnnualMaxCapacity,BAU,GLOBAL,PWRBCKBGDXX,,,,2025,,,,,,0.0
TotalAnnualMaxCapacity,BAU,GLOBAL,PWRBCKBGDXX,,,,2026,,,,,,0.0
TotalAnnualMaxCapacity,BAU,GLOBAL,PWRBCKBGDXX,,,,2027,,,,,,0.0
TotalAnnualMaxCapacity,BAU,GLOBAL,PWRBCKBGDXX,,,,2028,,,,,,0.0
TotalAnnualMaxCapacity,BAU,GLOBAL,PWRBCKBGDXX,,,,2029,,,,,,0.0
TotalAnnualMaxCapacity,BAU,GLOBAL,PWRBCKBGDXX,,,,2030,,,,,,0.0
TotalAnnualMaxCapacity,BAU,GLOBAL,PWRBCKBGDXX,,,,2031,,,,,,0.0
TotalAnnualMaxCapacity,BAU,GLOBAL,PWRBCKBGDXX,,,,2032,,,,,,0.0
TotalAnnualMaxCapacity,BAU,GLOBAL,PWRBCKBGDXX,,,,2033,,,,,,0.0
TotalAnnualMaxCapacity,BAU,GLOBAL,PWRBCKBGDXX,,,,2034,,,,,,0.0
TotalAnnualMaxCapacity,BAU,GLOBAL,PWRBCKBGDXX,,,,2035,,,,,,0.0
TotalAnnualMaxCapacity,BAU,GLOBAL,PWRBCKBGDXX,,,,2036,,,,,,0.0
TotalAnnualMaxCapacity,BAU,GLOBAL,PWRBCKBGDXX,,,,2037,,,,,,0.0
TotalAnnualMaxCapacity,BAU,GLOBAL,PWRBCKBGDXX,,,,2038,,,,,,0.0
TotalAnnualMaxCapacity,BAU,GLOBAL,PWRBCKBGDXX,,,,2039,,,,,,0.0
TotalAnnualMaxCapacity,BAU,GLOBAL,PWRBCKBGDXX,,,,2040,,,,,,0.0
TotalAnnualMaxCapacity,BAU,GLOBAL,PWRBCKBGDXX,,,,2041,,,,,,0.0
TotalAnnualMaxCapacity,BAU,GLOBAL,PWRBCKBGDXX,,,,2042,,,,,,0.0
TotalAnnualMaxCapacity,BAU,GLOBAL,PWRBCKBGDXX,,,,2043,,,,,,0.0
TotalAnnualMaxCapacity,BAU,GLOBAL,PWRBCKBGDXX,,,,2044,,,,,,0.0
TotalAnnualMaxCapacity,BAU,GLOBAL,PWRBCKBGDXX,,,,2045,,,,,,0.0
TotalAnnualMaxCapacity,BAU,GLOBAL,PWRBCKBGDXX,,,,2046,,,,,,0.0
TotalAnnualMaxCapacity,BAU,GLOBAL,PWRBCKBGDXX,,,,2047,,,,,,0.0
TotalAnnualMaxCapacity,BAU,GLOBAL,PWRBCKBGDXX,,,,2048,,,,,,0.0
TotalAnnualMaxCapacity,BAU,GLOBAL,PWRBCKBGDXX,,,,2049,,,,,,0.0
TotalAnnualMaxCapacity,BAU,GLOBAL,PWRBCKBGDXX,,,,2050,,,,,,0.0
TotalAnnualMaxCapacity,BAU,GLOBAL,PWRBCKBTNXX,,,,2023,,,,,,0.0
TotalAnnualMaxCapacity,BAU,GLOBAL,PWRBCKBTNXX,,,,2024,,,,,,0.0
TotalAnnualMaxCapacity,BAU,GLOBAL,PWRBCKBTNXX,,,,2025,,,,,,0.0
TotalAnnualMaxCapacity,BAU,GLOBAL,PWRBCKBTNXX,,,,2026,,,,,,0.0
TotalAnnualMaxCapacity,BAU,GLOBAL,PWRBCKBTNXX,,,,2027,,,,,,0.0
TotalAnnualMaxCapacity,BAU,GLOBAL,PWRBCKBTNXX,,,,2028,,,,,,0.0
TotalAnnualMaxCapacity,BAU,GLOBAL,PWRBCKBTNXX,,,,2029,,,,,,0.0
TotalAnnualMaxCapacity,BAU,GLOBAL,PWRBCKBTNXX,,,,2030,,,,,,0.0
TotalAnnualMaxCapacity,BAU,GLOBAL,PWRBCKBTNXX,,,,2031,,,,,,0.0
TotalAnnualMaxCapacity,BAU,GLOBAL,PWRBCKBTNXX,,,,2032,,,,,,0.0
TotalAnnualMaxCapacity,BAU,GLOBAL,PWRBCKBTNXX,,,,2033,,,,,,0.0
TotalAnnualMaxCapacity,BAU,GLOBAL,PWRBCKBTNXX,,,,2034,,,,,,0.0
TotalAnnualMaxCapacity,BAU,GLOBAL,PWRBCKBTNXX,,,,2035,,,,,,0.0
TotalAnnualMaxCapacity,BAU,GLOBAL,PWRBCKBTNXX,,,,2036,,,,,,0.0
TotalAnnualMaxCapacity,BAU,GLOBAL,PWRBCKBTNXX,,,,2037,,,,,,0.0
TotalAnnualMaxCapacity,BAU,GLOBAL,PWRBCKBTNXX,,,,2038,,,,,,0.0
TotalAnnualMaxCapacity,BAU,GLOBAL,PWRBCKBTNXX,,,,2039,,,,,,0.0
TotalAnnualMaxCapacity,BAU,GLOBAL,PWRBCKBTNXX,,,,2040,,,,,,0.0
TotalAnnualMaxCapacity,BAU,GLOBAL,PWRBCKBTNXX,,,,2041,,,,,,0.0
TotalAnnualMaxCapacity,BAU,GLOBAL,PWRBCKBTNXX,,,,2042,,,,,,0.0
TotalAnnualMaxCapacity,BAU,GLOBAL,PWRBCKBTNXX,,,,2043,,,,,,0.0
TotalAnnualMaxCapacity,BAU,GLOBAL,PWRBCKBTNXX,,,,2044,,,,,,0.0
TotalAnnualMaxCapacity,BAU,GLOBAL,PWRBCKBTNXX,,,,2045,,,,,,0.0
TotalAnnualMaxCapacity,BAU,GLOBAL,PWRBCKBTNXX,,,,2046,,,,,,0.0
TotalAnnualMaxCapacity,BAU,GLOBAL,PWRBCKBTNXX,,,,2047,,,,,,0.0
TotalAnnualMaxCapacity,BAU,GLOBAL,PWRBCKBTNXX,,,,2048,,,,,,0.0
TotalAnnualMaxCapacity,BAU,GLOBAL,PWRBCKBTNXX,,,,2049,,,,,,0.0
TotalAnnualMaxCapacity,BAU,GLOBAL,PWRBCKBTNXX,,,,2050,,,,,,0.0
TotalAnnualMaxCapacity,BAU,GLOBAL,PWRBCKINDEA,,,,2023,,,,,,0.0
TotalAnnualMaxCapacity,BAU,GLOBAL,PWRBCKINDEA,,,,2024,,,,,,0.0
TotalAnnualMaxCapacity,BAU,GLOBAL,PWRBCKINDEA,,,,2025,,,,,,0.0
TotalAnnualMaxCapacity,BAU,GLOBAL,PWRBCKINDEA,,,,2026,,,,,,0.0
TotalAnnualMaxCapacity,BAU,GLOBAL,PWRBCKINDEA,,,,2027,,,,,,0.0
TotalAnnualMaxCapacity,BAU,GLOBAL,PWRBCKINDEA,,,,2028,,,,,,0.0
TotalAnnualMaxCapacity,BAU,GLOBAL,PWRBCKINDEA,,,,2029,,,,,,0.0
TotalAnnualMaxCapacity,BAU,GLOBAL,PWRBCKINDEA,,,,2030,,,,,,0.0
TotalAnnualMaxCapacity,BAU,GLOBAL,PWRBCKINDEA,,,,2031,,,,,,0.0
TotalAnnualMaxCapacity,BAU,GLOBAL,PWRBCKINDEA,,,,2032,,,,,,0.0
TotalAnnualMaxCapacity,BAU,GLOBAL,PWRBCKINDEA,,,,2033,,,,,,0.0
TotalAnnualMaxCapacity,BAU,GLOBAL,PWRBCKINDEA,,,,2034,,,,,,0.0
TotalAnnualMaxCapacity,BAU,GLOBAL,PWRBCKINDEA,,,,2035,,,,,,0.0
TotalAnnualMaxCapacity,BAU,GLOBAL,PWRBCKINDEA,,,,2036,,,,,,0.0
TotalAnnualMaxCapacity,BAU,GLOBAL,PWRBCKINDEA,,,,2037,,,,,,0.0
TotalAnnualMaxCapacity,BAU,GLOBAL,PWRBCKINDEA,,,,2038,,,,,,0.0
TotalAnnualMaxCapacity,BAU,GLOBAL,PWRBCKINDEA,,,,2039,,,,,,0.0
TotalAnnualMaxCapacity,BAU,GLOBAL,PWRBCKINDEA,,,,2040,,,,,,0.0
TotalAnnualMaxCapacity,BAU,GLOBAL,PWRBCKINDEA,,,,2041,,,,,,0.0
TotalAnnualMaxCapacity,BAU,GLOBAL,PWRBCKINDEA,,,,2042,,,,,,0.0
TotalAnnualMaxCapacity,BAU,GLOBAL,PWRBCKINDEA,,,,2043,,,,,,0.0
TotalAnnualMaxCapacity,BAU,GLOBAL,PWRBCKINDEA,,,,2044,,,,,,0.0
TotalAnnualMaxCapacity,BAU,GLOBAL,PWRBCKINDEA,,,,2045,,,,,,0.0
TotalAnnualMaxCapacity,BAU,GLOBAL,PWRBCKINDEA,,,,2046,,,,,,0.0
TotalAnnualMaxCapacity,BAU,GLOBAL,PWRBCKINDEA,,,,2047,,,,,,0.0
TotalAnnualMaxCapacity,BAU,GLOBAL,PWRBCKINDEA,,,,2048,,,,,,0.0
TotalAnnualMaxCapacity,BAU,GLOBAL,PWRBCKINDEA,,,,2049,,,,,,0.0
TotalAnnualMaxCapacity,BAU,GLOBAL,PWRBCKINDEA,,,,2050,,,,,,0.0
TotalAnnualMaxCapacity,BAU,GLOBAL,PWRBCKINDNE,,,,2023,,,,,,0.0
TotalAnnualMaxCapacity,BAU,GLOBAL,PWRBCKINDNE,,,,2024,,,,,,0.0
TotalAnnualMaxCapacity,BAU,GLOBAL,PWRBCKINDNE,,,,2025,,,,,,0.0
TotalAnnualMaxCapacity,BAU,GLOBAL,PWRBCKINDNE,,,,2026,,,,,,0.0
TotalAnnualMaxCapacity,BAU,GLOBAL,PWRBCKINDNE,,,,2027,,,,,,0.0
TotalAnnualMaxCapacity,BAU,GLOBAL,PWRBCKINDNE,,,,2028,,,,,,0.0
TotalAnnualMaxCapacity,BAU,GLOBAL,PWRBCKINDNE,,,,2029,,,,,,0.0
TotalAnnualMaxCapacity,BAU,GLOBAL,PWRBCKINDNE,,,,2030,,,,,,0.0
TotalAnnualMaxCapacity,BAU,GLOBAL,PWRBCKINDNE,,,,2031,,,,,,0.0
TotalAnnualMaxCapacity,BAU,GLOBAL,PWRBCKINDNE,,,,2032,,,,,,0.0
TotalAnnualMaxCapacity,BAU,GLOBAL,PWRBCKINDNE,,,,2033,,,,,,0.0
TotalAnnualMaxCapacity,BAU,GLOBAL,PWRBCKINDNE,,,,2034,,,,,,0.0
TotalAnnualMaxCapacity,BAU,GLOBAL,PWRBCKINDNE,,,,2035,,,,,,0.0
TotalAnnualMaxCapacity,BAU,GLOBAL,PWRBCKINDNE,,,,2036,,,,,,0.0
TotalAnnualMaxCapacity,BAU,GLOBAL,PWRBCKINDNE,,,,2037,,,,,,0.0
TotalAnnualMaxCapacity,BAU,GLOBAL,PWRBCKINDNE,,,,2038,,,,,,0.0
TotalAnnualMaxCapacity,BAU,GLOBAL,PWRBCKINDNE,,,,2039,,,,,,0.0
TotalAnnualMaxCapacity,BAU,GLOBAL,PWRBCKINDNE,,,,2040,,,,,,0.0
TotalAnnualMaxCapacity,BAU,GLOBAL,PWRBCKINDNE,,,,2041,,,,,,0.0
TotalAnnualMaxCapacity,BAU,GLOBAL,PWRBCKINDNE,,,,2042,,,,,,0.0
TotalAnnualMaxCapacity,BAU,GLOBAL,PWRBCKINDNE,,,,2043,,,,,,0.0
TotalAnnualMaxCapacity,BAU,GLOBAL,PWRBCKINDNE,,,,2044,,,,,,0.0
TotalAnnualMaxCapacity,BAU,GLOBAL,PWRBCKINDNE,,,,2045,,,,,,0.0
TotalAnnualMaxCapacity,BAU,GLOBAL,PWRBCKINDNE,,,,2046,,,,,,0.0
TotalAnnualMaxCapacity,BAU,GLOBAL,PWRBCKINDNE,,,,2047,,,,,,0.0
TotalAnnualMaxCapacity,BAU,GLOBAL,PWRBCKINDNE,,,,2048,,,,,,0.0
TotalAnnualMaxCapacity,BAU,GLOBAL,PWRBCKINDNE,,,,2049,,,,,,0.0
TotalAnnualMaxCapacity,BAU,GLOBAL,PWRBCKINDNE,,,,2050,,,,,,0.0
TotalAnnualMaxCapacity,BAU,GLOBAL,PWRBCKINDNO,,,,2023,,,,,,0.0
TotalAnnualMaxCapacity,BAU,GLOBAL,PWRBCKINDNO,,,,2024,,,,,,0.0
TotalAnnualMaxCapacity,BAU,GLOBAL,PWRBCKINDNO,,,,2025,,,,,,0.0
TotalAnnualMaxCapacity,BAU,GLOBAL,PWRBCKINDNO,,,,2026,,,,,,0.0
TotalAnnualMaxCapacity,BAU,GLOBAL,PWRBCKINDNO,,,,2027,,,,,,0.0
TotalAnnualMaxCapacity,BAU,GLOBAL,PWRBCKINDNO,,,,2028,,,,,,0.0
TotalAnnualMaxCapacity,BAU,GLOBAL,PWRBCKINDNO,,,,2029,,,,,,0.0
TotalAnnualMaxCapacity,BAU,GLOBAL,PWRBCKINDNO,,,,2030,,,,,,0.0
TotalAnnualMaxCapacity,BAU,GLOBAL,PWRBCKINDNO,,,,2031,,,,,,0.0
TotalAnnualMaxCapacity,BAU,GLOBAL,PWRBCKINDNO,,,,2032,,,,,,0.0
TotalAnnualMaxCapacity,BAU,GLOBAL,PWRBCKINDNO,,,,2033,,,,,,0.0
TotalAnnualMaxCapacity,BAU,GLOBAL,PWRBCKINDNO,,,,2034,,,,,,0.0
TotalAnnualMaxCapacity,BAU,GLOBAL,PWRBCKINDNO,,,,2035,,,,,,0.0
TotalAnnualMaxCapacity,BAU,GLOBAL,PWRBCKINDNO,,,,2036,,,,,,0.0
TotalAnnualMaxCapacity,BAU,GLOBAL,PWRBCKINDNO,,,,2037,,,,,,0.0
TotalAnnualMaxCapacity,BAU,GLOBAL,PWRBCKINDNO,,,,2038,,,,,,0.0
TotalAnnualMaxCapacity,BAU,GLOBAL,PWRBCKINDNO,,,,2039,,,,,,0.0
TotalAnnualMaxCapacity,BAU,GLOBAL,PWRBCKINDNO,,,,2040,,,,,,0.0
TotalAnnualMaxCapacity,BAU,GLOBAL,PWRBCKINDNO,,,,2041,,,,,,0.0
TotalAnnualMaxCapacity,BAU,GLOBAL,PWRBCKINDNO,,,,2042,,,,,,0.0
TotalAnnualMaxCapacity,BAU,GLOBAL,PWRBCKINDNO,,,,2043,,,,,,0.0
TotalAnnualMaxCapacity,BAU,GLOBAL,PWRBCKINDNO,,,,2044,,,,,,0.0
TotalAnnualMaxCapacity,BAU,GLOBAL,PWRBCKINDNO,,,,2045,,,,,,0.0
TotalAnnualMaxCapacity,BAU,GLOBAL,PWRBCKINDNO,,,,2046,,,,,,0.0
TotalAnnualMaxCapacity,BAU,GLOBAL,PWRBCKINDNO,,,,2047,,,,,,0.0
TotalAnnualMaxCapacity,BAU,GLOBAL,PWRBCKINDNO,,,,2048,,,,,,0.0
TotalAnnualMaxCapacity,BAU,GLOBAL,PWRBCKINDNO,,,,2049,,,,,,0.0
TotalAnnualMaxCapacity,BAU,GLOBAL,PWRBCKINDNO,,,,2050,,,,,,0.0
TotalAnnualMaxCapacity,BAU,GLOBAL,PWRBCKINDSO,,,,2023,,,,,,0.0
TotalAnnualMaxCapacity,BAU,GLOBAL,PWRBCKINDSO,,,,2024,,,,,,0.0
TotalAnnualMaxCapacity,BAU,GLOBAL,PWRBCKINDSO,,,,2025,,,,,,0.0
TotalAnnualMaxCapacity,BAU,GLOBAL,PWRBCKINDSO,,,,2026,,,,,,0.0
TotalAnnualMaxCapacity,BAU,GLOBAL,PWRBCKINDSO,,,,2027,,,,,,0.0
TotalAnnualMaxCapacity,BAU,GLOBAL,PWRBCKINDSO,,,,2028,,,,,,0.0
TotalAnnualMaxCapacity,BAU,GLOBAL,PWRBCKINDSO,,,,2029,,,,,,0.0
TotalAnnualMaxCapacity,BAU,GLOBAL,PWRBCKINDSO,,,,2030,,,,,,0.0
TotalAnnualMaxCapacity,BAU,GLOBAL,PWRBCKINDSO,,,,2031,,,,,,0.0
TotalAnnualMaxCapacity,BAU,GLOBAL,PWRBCKINDSO,,,,2032,,,,,,0.0
TotalAnnualMaxCapacity,BAU,GLOBAL,PWRBCKINDSO,,,,2033,,,,,,0.0
TotalAnnualMaxCapacity,BAU,GLOBAL,PWRBCKINDSO,,,,2034,,,,,,0.0
TotalAnnualMaxCapacity,BAU,GLOBAL,PWRBCKINDSO,,,,2035,,,,,,0.0
TotalAnnualMaxCapacity,BAU,GLOBAL,PWRBCKINDSO,,,,2036,,,,,,0.0
TotalAnnualMaxCapacity,BAU,GLOBAL,PWRBCKINDSO,,,,2037,,,,,,0.0
TotalAnnualMaxCapacity,BAU,GLOBAL,PWRBCKINDSO,,,,2038,,,,,,0.0
TotalAnnualMaxCapacity,BAU,GLOBAL,PWRBCKINDSO,,,,2039,,,,,,0.0
TotalAnnualMaxCapacity,BAU,GLOBAL,PWRBCKINDSO,,,,2040,,,,,,0.0
TotalAnnualMaxCapacity,BAU,GLOBAL,PWRBCKINDSO,,,,2041,,,,,,0.0
TotalAnnualMaxCapacity,BAU,GLOBAL,PWRBCKINDSO,,,,2042,,,,,,0.0
TotalAnnualMaxCapacity,BAU,GLOBAL,PWRBCKINDSO,,,,2043,,,,,,0.0
TotalAnnualMaxCapacity,BAU,GLOBAL,PWRBCKINDSO,,,,2044,,,,,,0.0
TotalAnnualMaxCapacity,BAU,GLOBAL,PWRBCKINDSO,,,,2045,,,,,,0.0
TotalAnnualMaxCapacity,BAU,GLOBAL,PWRBCKINDSO,,,,2046,,,,,,0.0
TotalAnnualMaxCapacity,BAU,GLOBAL,PWRBCKINDSO,,,,2047,,,,,,0.0
TotalAnnualMaxCapacity,BAU,GLOBAL,PWRBCKINDSO,,,,2048,,,,,,0.0
TotalAnnualMaxCapacity,BAU,GLOBAL,PWRBCKINDSO,,,,2049,,,,,,0.0
TotalAnnualMaxCapacity,BAU,GLOBAL,PWRBCKINDSO,,,,2050,,,,,,0.0
TotalAnnualMaxCapacity,BAU,GLOBAL,PWRBCKINDWE,,,,2023,,,,,,0.0
TotalAnnualMaxCapacity,BAU,GLOBAL,PWRBCKINDWE,,,,2024,,,,,,0.0
TotalAnnualMaxCapacity,BAU,GLOBAL,PWRBCKINDWE,,,,2025,,,,,,0.0
TotalAnnualMaxCapacity,BAU,GLOBAL,PWRBCKINDWE,,,,2026,,,,,,0.0
TotalAnnualMaxCapacity,BAU,GLOBAL,PWRBCKINDWE,,,,2027,,,,,,0.0
TotalAnnualMaxCapacity,BAU,GLOBAL,PWRBCKINDWE,,,,2028,,,,,,0.0
TotalAnnualMaxCapacity,BAU,GLOBAL,PWRBCKINDWE,,,,2029,,,,,,0.0
TotalAnnualMaxCapacity,BAU,GLOBAL,PWRBCKINDWE,,,,2030,,,,,,0.0
TotalAnnualMaxCapacity,BAU,GLOBAL,PWRBCKINDWE,,,,2031,,,,,,0.0
TotalAnnualMaxCapacity,BAU,GLOBAL,PWRBCKINDWE,,,,2032,,,,,,0.0
TotalAnnualMaxCapacity,BAU,GLOBAL,PWRBCKINDWE,,,,2033,,,,,,0.0
TotalAnnualMaxCapacity,BAU,GLOBAL,PWRBCKINDWE,,,,2034,,,,,,0.0
TotalAnnualMaxCapacity,BAU,GLOBAL,PWRBCKINDWE,,,,2035,,,,,,0.0
TotalAnnualMaxCapacity,BAU,GLOBAL,PWRBCKINDWE,,,,2036,,,,,,0.0
TotalAnnualMaxCapacity,BAU,GLOBAL,PWRBCKINDWE,,,,2037,,,,,,0.0
TotalAnnualMaxCapacity,BAU,GLOBAL,PWRBCKINDWE,,,,2038,,,,,,0.0
TotalAnnualMaxCapacity,BAU,GLOBAL,PWRBCKINDWE,,,,2039,,,,,,0.0
TotalAnnualMaxCapacity,BAU,GLOBAL,PWRBCKINDWE,,,,2040,,,,,,0.0
TotalAnnualMaxCapacity,BAU,GLOBAL,PWRBCKINDWE,,,,2041,,,,,,0.0
TotalAnnualMaxCapacity,BAU,GLOBAL,PWRBCKINDWE,,,,2042,,,,,,0.0
TotalAnnualMaxCapacity,BAU,GLOBAL,PWRBCKINDWE,,,,2043,,,,,,0.0
TotalAnnualMaxCapacity,BAU,GLOBAL,PWRBCKINDWE,,,,2044,,,,,,0.0
TotalAnnualMaxCapacity,BAU,GLOBAL,PWRBCKINDWE,,,,2045,,,,,,0.0
TotalAnnualMaxCapacity,BAU,GLOBAL,PWRBCKINDWE,,,,2046,,,,,,0.0
TotalAnnualMaxCapacity,BAU,GLOBAL,PWRBCKINDWE,,,,2047,,,,,,0.0
TotalAnnualMaxCapacity,BAU,GLOBAL,PWRBCKINDWE,,,,2048,,,,,,0.0
TotalAnnualMaxCapacity,BAU,GLOBAL,PWRBCKINDWE,,,,2049,,,,,,0.0
TotalAnnualMaxCapacity,BAU,GLOBAL,PWRBCKINDWE,,,,2050,,,,,,0.0
TotalAnnualMaxCapacity,BAU,GLOBAL,PWRBCKLKAXX,,,,2023,,,,,,0.0
TotalAnnualMaxCapacity,BAU,GLOBAL,PWRBCKLKAXX,,,,2024,,,,,,0.0
TotalAnnualMaxCapacity,BAU,GLOBAL,PWRBCKLKAXX,,,,2025,,,,,,0.0
TotalAnnualMaxCapacity,BAU,GLOBAL,PWRBCKLKAXX,,,,2026,,,,,,0.0
TotalAnnualMaxCapacity,BAU,GLOBAL,PWRBCKLKAXX,,,,2027,,,,,,0.0
TotalAnnualMaxCapacity,BAU,GLOBAL,PWRBCKLKAXX,,,,2028,,,,,,0.0
TotalAnnualMaxCapacity,BAU,GLOBAL,PWRBCKLKAXX,,,,2029,,,,,,0.0
TotalAnnualMaxCapacity,BAU,GLOBAL,PWRBCKLKAXX,,,,2030,,,,,,0.0
TotalAnnualMaxCapacity,BAU,GLOBAL,PWRBCKLKAXX,,,,2031,,,,,,0.0
TotalAnnualMaxCapacity,BAU,GLOBAL,PWRBCKLKAXX,,,,2032,,,,,,0.0
TotalAnnualMaxCapacity,BAU,GLOBAL,PWRBCKLKAXX,,,,2033,,,,,,0.0
TotalAnnualMaxCapacity,BAU,GLOBAL,PWRBCKLKAXX,,,,2034,,,,,,0.0
TotalAnnualMaxCapacity,BAU,GLOBAL,PWRBCKLKAXX,,,,2035,,,,,,0.0
TotalAnnualMaxCapacity,BAU,GLOBAL,PWRBCKLKAXX,,,,2036,,,,,,0.0
TotalAnnualMaxCapacity,BAU,GLOBAL,PWRBCKLKAXX,,,,2037,,,,,,0.0
TotalAnnualMaxCapacity,BAU,GLOBAL,PWRBCKLKAXX,,,,2038,,,,,,0.0
TotalAnnualMaxCapacity,BAU,GLOBAL,PWRBCKLKAXX,,,,2039,,,,,,0.0
TotalAnnualMaxCapacity,BAU,GLOBAL,PWRBCKLKAXX,,,,2040,,,,,,0.0
TotalAnnualMaxCapacity,BAU,GLOBAL,PWRBCKLKAXX,,,,2041,,,,,,0.0
TotalAnnualMaxCapacity,BAU,GLOBAL,PWRBCKLKAXX,,,,2042,,,,,,0.0
TotalAnnualMaxCapacity,BAU,GLOBAL,PWRBCKLKAXX,,,,2043,,,,,,0.0
TotalAnnualMaxCapacity,BAU,GLOBAL,PWRBCKLKAXX,,,,2044,,,,,,0.0
TotalAnnualMaxCapacity,BAU,GLOBAL,PWRBCKLKAXX,,,,2045,,,,,,0.0
TotalAnnualMaxCapacity,BAU,GLOBAL,PWRBCKLKAXX,,,,2046,,,,,,0.0
TotalAnnualMaxCapacity,BAU,GLOBAL,PWRBCKLKAXX,,,,2047,,,,,,0.0
TotalAnnualMaxCapacity,BAU,GLOBAL,PWRBCKLKAXX,,,,2048,,,,,,0.0
TotalAnnualMaxCapacity,BAU,GLOBAL,PWRBCKLKAXX,,,,2049,,,,,,0.0
TotalAnnualMaxCapacity,BAU,GLOBAL,PWRBCKLKAXX,,,,2050,,,,,,0.0
TotalAnnualMaxCapacity,BAU,GLOBAL,PWRBCKMDVXX,,,,2023,,,,,,0.0
TotalAnnualMaxCapacity,BAU,GLOBAL,PWRBCKMDVXX,,,,2024,,,,,,0.0
TotalAnnualMaxCapacity,BAU,GLOBAL,PWRBCKMDVXX,,,,2025,,,,,,0.0
TotalAnnualMaxCapacity,BAU,GLOBAL,PWRBCKMDVXX,,,,2026,,,,,,0.0
TotalAnnualMaxCapacity,BAU,GLOBAL,PWRBCKMDVXX,,,,2027,,,,,,0.0
TotalAnnualMaxCapacity,BAU,GLOBAL,PWRBCKMDVXX,,,,2028,,,,,,0.0
TotalAnnualMaxCapacity,BAU,GLOBAL,PWRBCKMDVXX,,,,2029,,,,,,0.0
TotalAnnualMaxCapacity,BAU,GLOBAL,PWRBCKMDVXX,,,,2030,,,,,,0.0
TotalAnnualMaxCapacity,BAU,GLOBAL,PWRBCKMDVXX,,,,2031,,,,,,0.0
TotalAnnualMaxCapacity,BAU,GLOBAL,PWRBCKMDVXX,,,,2032,,,,,,0.0
TotalAnnualMaxCapacity,BAU,GLOBAL,PWRBCKMDVXX,,,,2033,,,,,,0.0
TotalAnnualMaxCapacity,BAU,GLOBAL,PWRBCKMDVXX,,,,2034,,,,,,0.0
TotalAnnualMaxCapacity,BAU,GLOBAL,PWRBCKMDVXX,,,,2035,,,,,,0.0
TotalAnnualMaxCapacity,BAU,GLOBAL,PWRBCKMDVXX,,,,2036,,,,,,0.0
TotalAnnualMaxCapacity,BAU,GLOBAL,PWRBCKMDVXX,,,,2037,,,,,,0.0
TotalAnnualMaxCapacity,BAU,GLOBAL,PWRBCKMDVXX,,,,2038,,,,,,0.0
TotalAnnualMaxCapacity,BAU,GLOBAL,PWRBCKMDVXX,,,,2039,,,,,,0.0
TotalAnnualMaxCapacity,BAU,GLOBAL,PWRBCKMDVXX,,,,2040,,,,,,0.0
TotalAnnualMaxCapacity,BAU,GLOBAL,PWRBCKMDVXX,,,,2041,,,,,,0.0
TotalAnnualMaxCapacity,BAU,GLOBAL,PWRBCKMDVXX,,,,2042,,,,,,0.0
TotalAnnualMaxCapacity,BAU,GLOBAL,PWRBCKMDVXX,,,,2043,,,,,,0.0
TotalAnnualMaxCapacity,BAU,GLOBAL,PWRBCKMDVXX,,,,2044,,,,,,0.0
TotalAnnualMaxCapacity,BAU,GLOBAL,PWRBCKMDVXX,,,,2045,,,,,,0.0
TotalAnnualMaxCapacity,BAU,GLOBAL,PWRBCKMDVXX,,,,2046,,,,,,0.0
TotalAnnualMaxCapacity,BAU,GLOBAL,PWRBCKMDVXX,,,,2047,,,,,,0.0
TotalAnnualMaxCapacity,BAU,GLOBAL,PWRBCKMDVXX,,,,2048,,,,,,0.0
TotalAnnualMaxCapacity,BAU,GLOBAL,PWRBCKMDVXX,,,,2049,,,,,,0.0
TotalAnnualMaxCapacity,BAU,GLOBAL,PWRBCKMDVXX,,,,2050,,,,,,0.0
TotalAnnualMaxCapacity,BAU,GLOBAL,PWRBCKNPLXX,,,,2023,,,,,,0.0
TotalAnnualMaxCapacity,BAU,GLOBAL,PWRBCKNPLXX,,,,2024,,,,,,0.0
TotalAnnualMaxCapacity,BAU,GLOBAL,PWRBCKNPLXX,,,,2025,,,,,,0.0
TotalAnnualMaxCapacity,BAU,GLOBAL,PWRBCKNPLXX,,,,2026,,,,,,0.0
TotalAnnualMaxCapacity,BAU,GLOBAL,PWRBCKNPLXX,,,,2027,,,,,,0.0
TotalAnnualMaxCapacity,BAU,GLOBAL,PWRBCKNPLXX,,,,2028,,,,,,0.0
TotalAnnualMaxCapacity,BAU,GLOBAL,PWRBCKNPLXX,,,,2029,,,,,,0.0
TotalAnnualMaxCapacity,BAU,GLOBAL,PWRBCKNPLXX,,,,2030,,,,,,0.0
TotalAnnualMaxCapacity,BAU,GLOBAL,PWRBCKNPLXX,,,,2031,,,,,,0.0
TotalAnnualMaxCapacity,BAU,GLOBAL,PWRBCKNPLXX,,,,2032,,,,,,0.0
TotalAnnualMaxCapacity,BAU,GLOBAL,PWRBCKNPLXX,,,,2033,,,,,,0.0
TotalAnnualMaxCapacity,BAU,GLOBAL,PWRBCKNPLXX,,,,2034,,,,,,0.0
TotalAnnualMaxCapacity,BAU,GLOBAL,PWRBCKNPLXX,,,,2035,,,,,,0.0
TotalAnnualMaxCapacity,BAU,GLOBAL,PWRBCKNPLXX,,,,2036,,,,,,0.0
TotalAnnualMaxCapacity,BAU,GLOBAL,PWRBCKNPLXX,,,,2037,,,,,,0.0
TotalAnnualMaxCapacity,BAU,GLOBAL,PWRBCKNPLXX,,,,2038,,,,,,0.0
TotalAnnualMaxCapacity,BAU,GLOBAL,PWRBCKNPLXX,,,,2039,,,,,,0.0
TotalAnnualMaxCapacity,BAU,GLOBAL,PWRBCKNPLXX,,,,2040,,,,,,0.0
TotalAnnualMaxCapacity,BAU,GLOBAL,PWRBCKNPLXX,,,,2041,,,,,,0.0
TotalAnnualMaxCapacity,BAU,GLOBAL,PWRBCKNPLXX,,,,2042,,,,,,0.0
TotalAnnualMaxCapacity,BAU,GLOBAL,PWRBCKNPLXX,,,,2043,,,,,,0.0
TotalAnnualMaxCapacity,BAU,GLOBAL,PWRBCKNPLXX,,,,2044,,,,,,0.0
TotalAnnualMaxCapacity,BAU,GLOBAL,PWRBCKNPLXX,,,,2045,,,,,,0.0
TotalAnnualMaxCapacity,BAU,GLOBAL,PWRBCKNPLXX,,,,2046,,,,,,0.0
TotalAnnualMaxCapacity,BAU,GLOBAL,PWRBCKNPLXX,,,,2047,,,,,,0.0
TotalAnnualMaxCapacity,BAU,GLOBAL,PWRBCKNPLXX,,,,2048,,,,,,0.0
TotalAnnualMaxCapacity,BAU,GLOBAL,PWRBCKNPLXX,,,,2049,,,,,,0.0
TotalAnnualMaxCapacity,BAU,GLOBAL,PWRBCKNPLXX,,,,2050,,,,,,0.0
TotalAnnualMaxCapacity,BAU,GLOBAL,PWRLDSBGDXX,,,,2023,,,,,,0.0
TotalAnnualMaxCapacity,BAU,GLOBAL,PWRLDSBGDXX,,,,2024,,,,,,0.0
TotalAnnualMaxCapacity,BAU,GLOBAL,PWRLDSBGDXX,,,,2025,,,,,,0.0
TotalAnnualMaxCapacity,BAU,GLOBAL,PWRLDSBGDXX,,,,2026,,,,,,0.0
TotalAnnualMaxCapacity,BAU,GLOBAL,PWRLDSBGDXX,,,,2027,,,,,,0.0
TotalAnnualMaxCapacity,BAU,GLOBAL,PWRLDSBGDXX,,,,2028,,,,,,0.0
TotalAnnualMaxCapacity,BAU,GLOBAL,PWRLDSBGDXX,,,,2029,,,,,,0.0
TotalAnnualMaxCapacity,BAU,GLOBAL,PWRLDSBGDXX,,,,2030,,,,,,0.0
TotalAnnualMaxCapacity,BAU,GLOBAL,PWRLDSBGDXX,,,,2031,,,,,,0.0
TotalAnnualMaxCapacity,BAU,GLOBAL,PWRLDSBGDXX,,,,2032,,,,,,0.0
TotalAnnualMaxCapacity,BAU,GLOBAL,PWRLDSBGDXX,,,,2033,,,,,,0.0
TotalAnnualMaxCapacity,BAU,GLOBAL,PWRLDSBGDXX,,,,2034,,,,,,0.0
TotalAnnualMaxCapacity,BAU,GLOBAL,PWRLDSBGDXX,,,,2035,,,,,,0.0
TotalAnnualMaxCapacity,BAU,GLOBAL,PWRLDSBGDXX,,,,2036,,,,,,0.0
TotalAnnualMaxCapacity,BAU,GLOBAL,PWRLDSBGDXX,,,,2037,,,,,,0.0
TotalAnnualMaxCapacity,BAU,GLOBAL,PWRLDSBGDXX,,,,2038,,,,,,0.0
TotalAnnualMaxCapacity,BAU,GLOBAL,PWRLDSBGDXX,,,,2039,,,,,,0.0
TotalAnnualMaxCapacity,BAU,GLOBAL,PWRLDSBGDXX,,,,2040,,,,,,0.0
TotalAnnualMaxCapacity,BAU,GLOBAL,PWRLDSBGDXX,,,,2041,,,,,,0.0
TotalAnnualMaxCapacity,BAU,GLOBAL,PWRLDSBGDXX,,,,2042,,,,,,0.0
TotalAnnualMaxCapacity,BAU,GLOBAL,PWRLDSBGDXX,,,,2043,,,,,,0.0
TotalAnnualMaxCapacity,BAU,GLOBAL,PWRLDSBGDXX,,,,2044,,,,,,0.0
TotalAnnualMaxCapacity,BAU,GLOBAL,PWRLDSBGDXX,,,,2045,,,,,,0.0
TotalAnnualMaxCapacity,BAU,GLOBAL,PWRLDSBGDXX,,,,2046,,,,,,0.0
TotalAnnualMaxCapacity,BAU,GLOBAL,PWRLDSBGDXX,,,,2047,,,,,,0.0
TotalAnnualMaxCapacity,BAU,GLOBAL,PWRLDSBGDXX,,,,2048,,,,,,0.0
TotalAnnualMaxCapacity,BAU,GLOBAL,PWRLDSBGDXX,,,,2049,,,,,,0.0
TotalAnnualMaxCapacity,BAU,GLOBAL,PWRLDSBGDXX,,,,2050,,,,,,0.0
TotalAnnualMaxCapacity,BAU,GLOBAL,PWRLDSBTNXX,,,,2023,,,,,,0.0
TotalAnnualMaxCapacity,BAU,GLOBAL,PWRLDSBTNXX,,,,2024,,,,,,0.0
TotalAnnualMaxCapacity,BAU,GLOBAL,PWRLDSBTNXX,,,,2025,,,,,,0.0
TotalAnnualMaxCapacity,BAU,GLOBAL,PWRLDSBTNXX,,,,2026,,,,,,0.0
TotalAnnualMaxCapacity,BAU,GLOBAL,PWRLDSBTNXX,,,,2027,,,,,,0.0
TotalAnnualMaxCapacity,BAU,GLOBAL,PWRLDSBTNXX,,,,2028,,,,,,0.0
TotalAnnualMaxCapacity,BAU,GLOBAL,PWRLDSBTNXX,,,,2029,,,,,,0.0
TotalAnnualMaxCapacity,BAU,GLOBAL,PWRLDSBTNXX,,,,2030,,,,,,0.0
TotalAnnualMaxCapacity,BAU,GLOBAL,PWRLDSBTNXX,,,,2031,,,,,,0.0
TotalAnnualMaxCapacity,BAU,GLOBAL,PWRLDSBTNXX,,,,2032,,,,,,0.0
TotalAnnualMaxCapacity,BAU,GLOBAL,PWRLDSBTNXX,,,,2033,,,,,,0.0
TotalAnnualMaxCapacity,BAU,GLOBAL,PWRLDSBTNXX,,,,2034,,,,,,0.0
TotalAnnualMaxCapacity,BAU,GLOBAL,PWRLDSBTNXX,,,,2035,,,,,,0.0
TotalAnnualMaxCapacity,BAU,GLOBAL,PWRLDSBTNXX,,,,2036,,,,,,0.0
TotalAnnualMaxCapacity,BAU,GLOBAL,PWRLDSBTNXX,,,,2037,,,,,,0.0
TotalAnnualMaxCapacity,BAU,GLOBAL,PWRLDSBTNXX,,,,2038,,,,,,0.0
TotalAnnualMaxCapacity,BAU,GLOBAL,PWRLDSBTNXX,,,,2039,,,,,,0.0
TotalAnnualMaxCapacity,BAU,GLOBAL,PWRLDSBTNXX,,,,2040,,,,,,0.0
TotalAnnualMaxCapacity,BAU,GLOBAL,PWRLDSBTNXX,,,,2041,,,,,,0.0
TotalAnnualMaxCapacity,BAU,GLOBAL,PWRLDSBTNXX,,,,2042,,,,,,0.0
TotalAnnualMaxCapacity,BAU,GLOBAL,PWRLDSBTNXX,,,,2043,,,,,,0.0
TotalAnnualMaxCapacity,BAU,GLOBAL,PWRLDSBTNXX,,,,2044,,,,,,0.0
TotalAnnualMaxCapacity,BAU,GLOBAL,PWRLDSBTNXX,,,,2045,,,,,,0.0
TotalAnnualMaxCapacity,BAU,GLOBAL,PWRLDSBTNXX,,,,2046,,,,,,0.0
TotalAnnualMaxCapacity,BAU,GLOBAL,PWRLDSBTNXX,,,,2047,,,,,,0.0
TotalAnnualMaxCapacity,BAU,GLOBAL,PWRLDSBTNXX,,,,2048,,,,,,0.0
TotalAnnualMaxCapacity,BAU,GLOBAL,PWRLDSBTNXX,,,,2049,,,,,,0.0
TotalAnnualMaxCapacity,BAU,GLOBAL,PWRLDSBTNXX,,,,2050,,,,,,0.0
TotalAnnualMaxCapacity,BAU,GLOBAL,PWRLDSINDEA,,,,2023,,,,,,0.0
TotalAnnualMaxCapacity,BAU,GLOBAL,PWRLDSINDEA,,,,2024,,,,,,0.0
TotalAnnualMaxCapacity,BAU,GLOBAL,PWRLDSINDEA,,,,2025,,,,,,0.0
TotalAnnualMaxCapacity,BAU,GLOBAL,PWRLDSINDEA,,,,2026,,,,,,0.0
TotalAnnualMaxCapacity,BAU,GLOBAL,PWRLDSINDEA,,,,2027,,,,,,0.0
TotalAnnualMaxCapacity,BAU,GLOBAL,PWRLDSINDEA,,,,2028,,,,,,0.0
TotalAnnualMaxCapacity,BAU,GLOBAL,PWRLDSINDEA,,,,2029,,,,,,0.0
TotalAnnualMaxCapacity,BAU,GLOBAL,PWRLDSINDEA,,,,2030,,,,,,0.0
TotalAnnualMaxCapacity,BAU,GLOBAL,PWRLDSINDEA,,,,2031,,,,,,0.0
TotalAnnualMaxCapacity,BAU,GLOBAL,PWRLDSINDEA,,,,2032,,,,,,0.0
TotalAnnualMaxCapacity,BAU,GLOBAL,PWRLDSINDEA,,,,2033,,,,,,0.0
TotalAnnualMaxCapacity,BAU,GLOBAL,PWRLDSINDEA,,,,2034,,,,,,0.0
TotalAnnualMaxCapacity,BAU,GLOBAL,PWRLDSINDEA,,,,2035,,,,,,0.0
TotalAnnualMaxCapacity,BAU,GLOBAL,PWRLDSINDEA,,,,2036,,,,,,0.0
TotalAnnualMaxCapacity,BAU,GLOBAL,PWRLDSINDEA,,,,2037,,,,,,0.0
TotalAnnualMaxCapacity,BAU,GLOBAL,PWRLDSINDEA,,,,2038,,,,,,0.0
TotalAnnualMaxCapacity,BAU,GLOBAL,PWRLDSINDEA,,,,2039,,,,,,0.0
TotalAnnualMaxCapacity,BAU,GLOBAL,PWRLDSINDEA,,,,2040,,,,,,0.0
TotalAnnualMaxCapacity,BAU,GLOBAL,PWRLDSINDEA,,,,2041,,,,,,0.0
TotalAnnualMaxCapacity,BAU,GLOBAL,PWRLDSINDEA,,,,2042,,,,,,0.0
TotalAnnualMaxCapacity,BAU,GLOBAL,PWRLDSINDEA,,,,2043,,,,,,0.0
TotalAnnualMaxCapacity,BAU,GLOBAL,PWRLDSINDEA,,,,2044,,,,,,0.0
TotalAnnualMaxCapacity,BAU,GLOBAL,PWRLDSINDEA,,,,2045,,,,,,0.0
TotalAnnualMaxCapacity,BAU,GLOBAL,PWRLDSINDEA,,,,2046,,,,,,0.0
TotalAnnualMaxCapacity,BAU,GLOBAL,PWRLDSINDEA,,,,2047,,,,,,0.0
TotalAnnualMaxCapacity,BAU,GLOBAL,PWRLDSINDEA,,,,2048,,,,,,0.0
TotalAnnualMaxCapacity,BAU,GLOBAL,PWRLDSINDEA,,,,2049,,,,,,0.0
TotalAnnualMaxCapacity,BAU,GLOBAL,PWRLDSINDEA,,,,2050,,,,,,0.0
TotalAnnualMaxCapacity,BAU,GLOBAL,PWRLDSINDNE,,,,2023,,,,,,0.0
TotalAnnualMaxCapacity,BAU,GLOBAL,PWRLDSINDNE,,,,2024,,,,,,0.0
TotalAnnualMaxCapacity,BAU,GLOBAL,PWRLDSINDNE,,,,2025,,,,,,0.0
TotalAnnualMaxCapacity,BAU,GLOBAL,PWRLDSINDNE,,,,2026,,,,,,0.0
TotalAnnualMaxCapacity,BAU,GLOBAL,PWRLDSINDNE,,,,2027,,,,,,0.0
TotalAnnualMaxCapacity,BAU,GLOBAL,PWRLDSINDNE,,,,2028,,,,,,0.0
TotalAnnualMaxCapacity,BAU,GLOBAL,PWRLDSINDNE,,,,2029,,,,,,0.0
TotalAnnualMaxCapacity,BAU,GLOBAL,PWRLDSINDNE,,,,2030,,,,,,0.0
TotalAnnualMaxCapacity,BAU,GLOBAL,PWRLDSINDNE,,,,2031,,,,,,0.0
TotalAnnualMaxCapacity,BAU,GLOBAL,PWRLDSINDNE,,,,2032,,,,,,0.0
TotalAnnualMaxCapacity,BAU,GLOBAL,PWRLDSINDNE,,,,2033,,,,,,0.0
TotalAnnualMaxCapacity,BAU,GLOBAL,PWRLDSINDNE,,,,2034,,,,,,0.0
TotalAnnualMaxCapacity,BAU,GLOBAL,PWRLDSINDNE,,,,2035,,,,,,0.0
TotalAnnualMaxCapacity,BAU,GLOBAL,PWRLDSINDNE,,,,2036,,,,,,0.0
TotalAnnualMaxCapacity,BAU,GLOBAL,PWRLDSINDNE,,,,2037,,,,,,0.0
TotalAnnualMaxCapacity,BAU,GLOBAL,PWRLDSINDNE,,,,2038,,,,,,0.0
TotalAnnualMaxCapacity,BAU,GLOBAL,PWRLDSINDNE,,,,2039,,,,,,0.0
TotalAnnualMaxCapacity,BAU,GLOBAL,PWRLDSINDNE,,,,2040,,,,,,0.0
TotalAnnualMaxCapacity,BAU,GLOBAL,PWRLDSINDNE,,,,2041,,,,,,0.0
TotalAnnualMaxCapacity,BAU,GLOBAL,PWRLDSINDNE,,,,2042,,,,,,0.0
TotalAnnualMaxCapacity,BAU,GLOBAL,PWRLDSINDNE,,,,2043,,,,,,0.0
TotalAnnualMaxCapacity,BAU,GLOBAL,PWRLDSINDNE,,,,2044,,,,,,0.0
TotalAnnualMaxCapacity,BAU,GLOBAL,PWRLDSINDNE,,,,2045,,,,,,0.0
TotalAnnualMaxCapacity,BAU,GLOBAL,PWRLDSINDNE,,,,2046,,,,,,0.0
TotalAnnualMaxCapacity,BAU,GLOBAL,PWRLDSINDNE,,,,2047,,,,,,0.0
TotalAnnualMaxCapacity,BAU,GLOBAL,PWRLDSINDNE,,,,2048,,,,,,0.0
TotalAnnualMaxCapacity,BAU,GLOBAL,PWRLDSINDNE,,,,2049,,,,,,0.0
TotalAnnualMaxCapacity,BAU,GLOBAL,PWRLDSINDNE,,,,2050,,,,,,0.0
TotalAnnualMaxCapacity,BAU,GLOBAL,PWRLDSINDNO,,,,2023,,,,,,0.0
TotalAnnualMaxCapacity,BAU,GLOBAL,PWRLDSINDNO,,,,2024,,,,,,0.0
TotalAnnualMaxCapacity,BAU,GLOBAL,PWRLDSINDNO,,,,2025,,,,,,0.0
TotalAnnualMaxCapacity,BAU,GLOBAL,PWRLDSINDNO,,,,2026,,,,,,0.0
TotalAnnualMaxCapacity,BAU,GLOBAL,PWRLDSINDNO,,,,2027,,,,,,0.0
TotalAnnualMaxCapacity,BAU,GLOBAL,PWRLDSINDNO,,,,2028,,,,,,0.0
TotalAnnualMaxCapacity,BAU,GLOBAL,PWRLDSINDNO,,,,2029,,,,,,0.0
TotalAnnualMaxCapacity,BAU,GLOBAL,PWRLDSINDNO,,,,2030,,,,,,0.0
TotalAnnualMaxCapacity,BAU,GLOBAL,PWRLDSINDNO,,,,2031,,,,,,0.0
TotalAnnualMaxCapacity,BAU,GLOBAL,PWRLDSINDNO,,,,2032,,,,,,0.0
TotalAnnualMaxCapacity,BAU,GLOBAL,PWRLDSINDNO,,,,2033,,,,,,0.0
TotalAnnualMaxCapacity,BAU,GLOBAL,PWRLDSINDNO,,,,2034,,,,,,0.0
TotalAnnualMaxCapacity,BAU,GLOBAL,PWRLDSINDNO,,,,2035,,,,,,0.0
TotalAnnualMaxCapacity,BAU,GLOBAL,PWRLDSINDNO,,,,2036,,,,,,0.0
TotalAnnualMaxCapacity,BAU,GLOBAL,PWRLDSINDNO,,,,2037,,,,,,0.0
TotalAnnualMaxCapacity,BAU,GLOBAL,PWRLDSINDNO,,,,2038,,,,,,0.0
TotalAnnualMaxCapacity,BAU,GLOBAL,PWRLDSINDNO,,,,2039,,,,,,0.0
TotalAnnualMaxCapacity,BAU,GLOBAL,PWRLDSINDNO,,,,2040,,,,,,0.0
TotalAnnualMaxCapacity,BAU,GLOBAL,PWRLDSINDNO,,,,2041,,,,,,0.0
TotalAnnualMaxCapacity,BAU,GLOBAL,PWRLDSINDNO,,,,2042,,,,,,0.0
TotalAnnualMaxCapacity,BAU,GLOBAL,PWRLDSINDNO,,,,2043,,,,,,0.0
TotalAnnualMaxCapacity,BAU,GLOBAL,PWRLDSINDNO,,,,2044,,,,,,0.0
TotalAnnualMaxCapacity,BAU,GLOBAL,PWRLDSINDNO,,,,2045,,,,,,0.0
TotalAnnualMaxCapacity,BAU,GLOBAL,PWRLDSINDNO,,,,2046,,,,,,0.0
TotalAnnualMaxCapacity,BAU,GLOBAL,PWRLDSINDNO,,,,2047,,,,,,0.0
TotalAnnualMaxCapacity,BAU,GLOBAL,PWRLDSINDNO,,,,2048,,,,,,0.0
TotalAnnualMaxCapacity,BAU,GLOBAL,PWRLDSINDNO,,,,2049,,,,,,0.0
TotalAnnualMaxCapacity,BAU,GLOBAL,PWRLDSINDNO,,,,2050,,,,,,0.0
TotalAnnualMaxCapacity,BAU,GLOBAL,PWRLDSINDSO,,,,2023,,,,,,0.0
TotalAnnualMaxCapacity,BAU,GLOBAL,PWRLDSINDSO,,,,2024,,,,,,0.0
TotalAnnualMaxCapacity,BAU,GLOBAL,PWRLDSINDSO,,,,2025,,,,,,0.0
TotalAnnualMaxCapacity,BAU,GLOBAL,PWRLDSINDSO,,,,2026,,,,,,0.0
TotalAnnualMaxCapacity,BAU,GLOBAL,PWRLDSINDSO,,,,2027,,,,,,0.0
TotalAnnualMaxCapacity,BAU,GLOBAL,PWRLDSINDSO,,,,2028,,,,,,0.0
TotalAnnualMaxCapacity,BAU,GLOBAL,PWRLDSINDSO,,,,2029,,,,,,0.0
TotalAnnualMaxCapacity,BAU,GLOBAL,PWRLDSINDSO,,,,2030,,,,,,0.0
TotalAnnualMaxCapacity,BAU,GLOBAL,PWRLDSINDSO,,,,2031,,,,,,0.0
TotalAnnualMaxCapacity,BAU,GLOBAL,PWRLDSINDSO,,,,2032,,,,,,0.0
TotalAnnualMaxCapacity,BAU,GLOBAL,PWRLDSINDSO,,,,2033,,,,,,0.0
TotalAnnualMaxCapacity,BAU,GLOBAL,PWRLDSINDSO,,,,2034,,,,,,0.0
TotalAnnualMaxCapacity,BAU,GLOBAL,PWRLDSINDSO,,,,2035,,,,,,0.0
TotalAnnualMaxCapacity,BAU,GLOBAL,PWRLDSINDSO,,,,2036,,,,,,0.0
TotalAnnualMaxCapacity,BAU,GLOBAL,PWRLDSINDSO,,,,2037,,,,,,0.0
TotalAnnualMaxCapacity,BAU,GLOBAL,PWRLDSINDSO,,,,2038,,,,,,0.0
TotalAnnualMaxCapacity,BAU,GLOBAL,PWRLDSINDSO,,,,2039,,,,,,0.0
TotalAnnualMaxCapacity,BAU,GLOBAL,PWRLDSINDSO,,,,2040,,,,,,0.0
TotalAnnualMaxCapacity,BAU,GLOBAL,PWRLDSINDSO,,,,2041,,,,,,0.0
TotalAnnualMaxCapacity,BAU,GLOBAL,PWRLDSINDSO,,,,2042,,,,,,0.0
TotalAnnualMaxCapacity,BAU,GLOBAL,PWRLDSINDSO,,,,2043,,,,,,0.0
TotalAnnualMaxCapacity,BAU,GLOBAL,PWRLDSINDSO,,,,2044,,,,,,0.0
TotalAnnualMaxCapacity,BAU,GLOBAL,PWRLDSINDSO,,,,2045,,,,,,0.0
TotalAnnualMaxCapacity,BAU,GLOBAL,PWRLDSINDSO,,,,2046,,,,,,0.0
TotalAnnualMaxCapacity,BAU,GLOBAL,PWRLDSINDSO,,,,2047,,,,,,0.0
TotalAnnualMaxCapacity,BAU,GLOBAL,PWRLDSINDSO,,,,2048,,,,,,0.0
TotalAnnualMaxCapacity,BAU,GLOBAL,PWRLDSINDSO,,,,2049,,,,,,0.0
TotalAnnualMaxCapacity,BAU,GLOBAL,PWRLDSINDSO,,,,2050,,,,,,0.0
TotalAnnualMaxCapacity,BAU,GLOBAL,PWRLDSINDWE,,,,2023,,,,,,0.0
TotalAnnualMaxCapacity,BAU,GLOBAL,PWRLDSINDWE,,,,2024,,,,,,0.0
TotalAnnualMaxCapacity,BAU,GLOBAL,PWRLDSINDWE,,,,2025,,,,,,0.0
TotalAnnualMaxCapacity,BAU,GLOBAL,PWRLDSINDWE,,,,2026,,,,,,0.0
TotalAnnualMaxCapacity,BAU,GLOBAL,PWRLDSINDWE,,,,2027,,,,,,0.0
TotalAnnualMaxCapacity,BAU,GLOBAL,PWRLDSINDWE,,,,2028,,,,,,0.0
TotalAnnualMaxCapacity,BAU,GLOBAL,PWRLDSINDWE,,,,2029,,,,,,0.0
TotalAnnualMaxCapacity,BAU,GLOBAL,PWRLDSINDWE,,,,2030,,,,,,0.0
TotalAnnualMaxCapacity,BAU,GLOBAL,PWRLDSINDWE,,,,2031,,,,,,0.0
TotalAnnualMaxCapacity,BAU,GLOBAL,PWRLDSINDWE,,,,2032,,,,,,0.0
TotalAnnualMaxCapacity,BAU,GLOBAL,PWRLDSINDWE,,,,2033,,,,,,0.0
TotalAnnualMaxCapacity,BAU,GLOBAL,PWRLDSINDWE,,,,2034,,,,,,0.0
TotalAnnualMaxCapacity,BAU,GLOBAL,PWRLDSINDWE,,,,2035,,,,,,0.0
TotalAnnualMaxCapacity,BAU,GLOBAL,PWRLDSINDWE,,,,2036,,,,,,0.0
TotalAnnualMaxCapacity,BAU,GLOBAL,PWRLDSINDWE,,,,2037,,,,,,0.0
TotalAnnualMaxCapacity,BAU,GLOBAL,PWRLDSINDWE,,,,2038,,,,,,0.0
TotalAnnualMaxCapacity,BAU,GLOBAL,PWRLDSINDWE,,,,2039,,,,,,0.0
TotalAnnualMaxCapacity,BAU,GLOBAL,PWRLDSINDWE,,,,2040,,,,,,0.0
TotalAnnualMaxCapacity,BAU,GLOBAL,PWRLDSINDWE,,,,2041,,,,,,0.0
TotalAnnualMaxCapacity,BAU,GLOBAL,PWRLDSINDWE,,,,2042,,,,,,0.0
TotalAnnualMaxCapacity,BAU,GLOBAL,PWRLDSINDWE,,,,2043,,,,,,0.0
TotalAnnualMaxCapacity,BAU,GLOBAL,PWRLDSINDWE,,,,2044,,,,,,0.0
TotalAnnualMaxCapacity,BAU,GLOBAL,PWRLDSINDWE,,,,2045,,,,,,0.0
TotalAnnualMaxCapacity,BAU,GLOBAL,PWRLDSINDWE,,,,2046,,,,,,0.0
TotalAnnualMaxCapacity,BAU,GLOBAL,PWRLDSINDWE,,,,2047,,,,,,0.0
TotalAnnualMaxCapacity,BAU,GLOBAL,PWRLDSINDWE,,,,2048,,,,,,0.0
TotalAnnualMaxCapacity,BAU,GLOBAL,PWRLDSINDWE,,,,2049,,,,,,0.0
TotalAnnualMaxCapacity,BAU,GLOBAL,PWRLDSINDWE,,,,2050,,,,,,0.0
TotalAnnualMaxCapacity,BAU,GLOBAL,PWRLDSLKAXX,,,,2023,,,,,,0.0
TotalAnnualMaxCapacity,BAU,GLOBAL,PWRLDSLKAXX,,,,2024,,,,,,0.0
TotalAnnualMaxCapacity,BAU,GLOBAL,PWRLDSLKAXX,,,,2025,,,,,,0.0
TotalAnnualMaxCapacity,BAU,GLOBAL,PWRLDSLKAXX,,,,2026,,,,,,0.0
TotalAnnualMaxCapacity,BAU,GLOBAL,PWRLDSLKAXX,,,,2027,,,,,,0.0
TotalAnnualMaxCapacity,BAU,GLOBAL,PWRLDSLKAXX,,,,2028,,,,,,0.0
TotalAnnualMaxCapacity,BAU,GLOBAL,PWRLDSLKAXX,,,,2029,,,,,,0.0
TotalAnnualMaxCapacity,BAU,GLOBAL,PWRLDSLKAXX,,,,2030,,,,,,0.0
TotalAnnualMaxCapacity,BAU,GLOBAL,PWRLDSLKAXX,,,,2031,,,,,,0.0
TotalAnnualMaxCapacity,BAU,GLOBAL,PWRLDSLKAXX,,,,2032,,,,,,0.0
TotalAnnualMaxCapacity,BAU,GLOBAL,PWRLDSLKAXX,,,,2033,,,,,,0.0
TotalAnnualMaxCapacity,BAU,GLOBAL,PWRLDSLKAXX,,,,2034,,,,,,0.0
TotalAnnualMaxCapacity,BAU,GLOBAL,PWRLDSLKAXX,,,,2035,,,,,,0.0
TotalAnnualMaxCapacity,BAU,GLOBAL,PWRLDSLKAXX,,,,2036,,,,,,0.0
TotalAnnualMaxCapacity,BAU,GLOBAL,PWRLDSLKAXX,,,,2037,,,,,,0.0
TotalAnnualMaxCapacity,BAU,GLOBAL,PWRLDSLKAXX,,,,2038,,,,,,0.0
TotalAnnualMaxCapacity,BAU,GLOBAL,PWRLDSLKAXX,,,,2039,,,,,,0.0
TotalAnnualMaxCapacity,BAU,GLOBAL,PWRLDSLKAXX,,,,2040,,,,,,0.0
TotalAnnualMaxCapacity,BAU,GLOBAL,PWRLDSLKAXX,,,,2041,,,,,,0.0
TotalAnnualMaxCapacity,BAU,GLOBAL,PWRLDSLKAXX,,,,2042,,,,,,0.0
TotalAnnualMaxCapacity,BAU,GLOBAL,PWRLDSLKAXX,,,,2043,,,,,,0.0
TotalAnnualMaxCapacity,BAU,GLOBAL,PWRLDSLKAXX,,,,2044,,,,,,0.0
TotalAnnualMaxCapacity,BAU,GLOBAL,PWRLDSLKAXX,,,,2045,,,,,,0.0
TotalAnnualMaxCapacity,BAU,GLOBAL,PWRLDSLKAXX,,,,2046,,,,,,0.0
TotalAnnualMaxCapacity,BAU,GLOBAL,PWRLDSLKAXX,,,,2047,,,,,,0.0
TotalAnnualMaxCapacity,BAU,GLOBAL,PWRLDSLKAXX,,,,2048,,,,,,0.0
TotalAnnualMaxCapacity,BAU,GLOBAL,PWRLDSLKAXX,,,,2049,,,,,,0.0
TotalAnnualMaxCapacity,BAU,GLOBAL,PWRLDSLKAXX,,,,2050,,,,,,0.0
TotalAnnualMaxCapacity,BAU,GLOBAL,PWRLDSMDVXX,,,,2023,,,,,,0.0
TotalAnnualMaxCapacity,BAU,GLOBAL,PWRLDSMDVXX,,,,2024,,,,,,0.0
TotalAnnualMaxCapacity,BAU,GLOBAL,PWRLDSMDVXX,,,,2025,,,,,,0.0
TotalAnnualMaxCapacity,BAU,GLOBAL,PWRLDSMDVXX,,,,2026,,,,,,0.0
TotalAnnualMaxCapacity,BAU,GLOBAL,PWRLDSMDVXX,,,,2027,,,,,,0.0
TotalAnnualMaxCapacity,BAU,GLOBAL,PWRLDSMDVXX,,,,2028,,,,,,0.0
TotalAnnualMaxCapacity,BAU,GLOBAL,PWRLDSMDVXX,,,,2029,,,,,,0.0
TotalAnnualMaxCapacity,BAU,GLOBAL,PWRLDSMDVXX,,,,2030,,,,,,0.0
TotalAnnualMaxCapacity,BAU,GLOBAL,PWRLDSMDVXX,,,,2031,,,,,,0.0
TotalAnnualMaxCapacity,BAU,GLOBAL,PWRLDSMDVXX,,,,2032,,,,,,0.0
TotalAnnualMaxCapacity,BAU,GLOBAL,PWRLDSMDVXX,,,,2033,,,,,,0.0
TotalAnnualMaxCapacity,BAU,GLOBAL,PWRLDSMDVXX,,,,2034,,,,,,0.0
TotalAnnualMaxCapacity,BAU,GLOBAL,PWRLDSMDVXX,,,,2035,,,,,,0.0
TotalAnnualMaxCapacity,BAU,GLOBAL,PWRLDSMDVXX,,,,2036,,,,,,0.0
TotalAnnualMaxCapacity,BAU,GLOBAL,PWRLDSMDVXX,,,,2037,,,,,,0.0
TotalAnnualMaxCapacity,BAU,GLOBAL,PWRLDSMDVXX,,,,2038,,,,,,0.0
TotalAnnualMaxCapacity,BAU,GLOBAL,PWRLDSMDVXX,,,,2039,,,,,,0.0
TotalAnnualMaxCapacity,BAU,GLOBAL,PWRLDSMDVXX,,,,2040,,,,,,0.0
TotalAnnualMaxCapacity,BAU,GLOBAL,PWRLDSMDVXX,,,,2041,,,,,,0.0
TotalAnnualMaxCapacity,BAU,GLOBAL,PWRLDSMDVXX,,,,2042,,,,,,0.0
TotalAnnualMaxCapacity,BAU,GLOBAL,PWRLDSMDVXX,,,,2043,,,,,,0.0
TotalAnnualMaxCapacity,BAU,GLOBAL,PWRLDSMDVXX,,,,2044,,,,,,0.0
TotalAnnualMaxCapacity,BAU,GLOBAL,PWRLDSMDVXX,,,,2045,,,,,,0.0
TotalAnnualMaxCapacity,BAU,GLOBAL,PWRLDSMDVXX,,,,2046,,,,,,0.0
TotalAnnualMaxCapacity,BAU,GLOBAL,PWRLDSMDVXX,,,,2047,,,,,,0.0
TotalAnnualMaxCapacity,BAU,GLOBAL,PWRLDSMDVXX,,,,2048,,,,,,0.0
TotalAnnualMaxCapacity,BAU,GLOBAL,PWRLDSMDVXX,,,,2049,,,,,,0.0
TotalAnnualMaxCapacity,BAU,GLOBAL,PWRLDSMDVXX,,,,2050,,,,,,0.0
TotalAnnualMaxCapacity,BAU,GLOBAL,PWRLDSNPLXX,,,,2023,,,,,,0.0
TotalAnnualMaxCapacity,BAU,GLOBAL,PWRLDSNPLXX,,,,2024,,,,,,0.0
TotalAnnualMaxCapacity,BAU,GLOBAL,PWRLDSNPLXX,,,,2025,,,,,,0.0
TotalAnnualMaxCapacity,BAU,GLOBAL,PWRLDSNPLXX,,,,2026,,,,,,0.0
TotalAnnualMaxCapacity,BAU,GLOBAL,PWRLDSNPLXX,,,,2027,,,,,,0.0
TotalAnnualMaxCapacity,BAU,GLOBAL,PWRLDSNPLXX,,,,2028,,,,,,0.0
TotalAnnualMaxCapacity,BAU,GLOBAL,PWRLDSNPLXX,,,,2029,,,,,,0.0
TotalAnnualMaxCapacity,BAU,GLOBAL,PWRLDSNPLXX,,,,2030,,,,,,0.0
TotalAnnualMaxCapacity,BAU,GLOBAL,PWRLDSNPLXX,,,,2031,,,,,,0.0
TotalAnnualMaxCapacity,BAU,GLOBAL,PWRLDSNPLXX,,,,2032,,,,,,0.0
TotalAnnualMaxCapacity,BAU,GLOBAL,PWRLDSNPLXX,,,,2033,,,,,,0.0
TotalAnnualMaxCapacity,BAU,GLOBAL,PWRLDSNPLXX,,,,2034,,,,,,0.0
TotalAnnualMaxCapacity,BAU,GLOBAL,PWRLDSNPLXX,,,,2035,,,,,,0.0
TotalAnnualMaxCapacity,BAU,GLOBAL,PWRLDSNPLXX,,,,2036,,,,,,0.0
TotalAnnualMaxCapacity,BAU,GLOBAL,PWRLDSNPLXX,,,,2037,,,,,,0.0
TotalAnnualMaxCapacity,BAU,GLOBAL,PWRLDSNPLXX,,,,2038,,,,,,0.0
TotalAnnualMaxCapacity,BAU,GLOBAL,PWRLDSNPLXX,,,,2039,,,,,,0.0
TotalAnnualMaxCapacity,BAU,GLOBAL,PWRLDSNPLXX,,,,2040,,,,,,0.0
TotalAnnualMaxCapacity,BAU,GLOBAL,PWRLDSNPLXX,,,,2041,,,,,,0.0
TotalAnnualMaxCapacity,BAU,GLOBAL,PWRLDSNPLXX,,,,2042,,,,,,0.0
TotalAnnualMaxCapacity,BAU,GLOBAL,PWRLDSNPLXX,,,,2043,,,,,,0.0
TotalAnnualMaxCapacity,BAU,GLOBAL,PWRLDSNPLXX,,,,2044,,,,,,0.0
TotalAnnualMaxCapacity,BAU,GLOBAL,PWRLDSNPLXX,,,,2045,,,,,,0.0
TotalAnnualMaxCapacity,BAU,GLOBAL,PWRLDSNPLXX,,,,2046,,,,,,0.0
TotalAnnualMaxCapacity,BAU,GLOBAL,PWRLDSNPLXX,,,,2047,,,,,,0.0
TotalAnnualMaxCapacity,BAU,GLOBAL,PWRLDSNPLXX,,,,2048,,,,,,0.0
TotalAnnualMaxCapacity,BAU,GLOBAL,PWRLDSNPLXX,,,,2049,,,,,,0.0
TotalAnnualMaxCapacity,BAU,GLOBAL,PWRLDSNPLXX,,,,2050,,,,,,0.0
TotalAnnualMaxCapacity,BAU,GLOBAL,PWROILINDEA,,,,2023,,,,,,0.0
TotalAnnualMaxCapacity,BAU,GLOBAL,PWROILINDEA,,,,2024,,,,,,0.0
TotalAnnualMaxCapacity,BAU,GLOBAL,PWROILINDEA,,,,2025,,,,,,0.0
TotalAnnualMaxCapacity,BAU,GLOBAL,PWROILINDEA,,,,2026,,,,,,0.0
TotalAnnualMaxCapacity,BAU,GLOBAL,PWROILINDEA,,,,2027,,,,,,0.0
TotalAnnualMaxCapacity,BAU,GLOBAL,PWROILINDEA,,,,2028,,,,,,0.0
TotalAnnualMaxCapacity,BAU,GLOBAL,PWROILINDEA,,,,2029,,,,,,0.0
TotalAnnualMaxCapacity,BAU,GLOBAL,PWROILINDEA,,,,2030,,,,,,0.0
TotalAnnualMaxCapacity,BAU,GLOBAL,PWROILINDEA,,,,2031,,,,,,0.0
TotalAnnualMaxCapacity,BAU,GLOBAL,PWROILINDEA,,,,2032,,,,,,0.0
TotalAnnualMaxCapacity,BAU,GLOBAL,PWROILINDEA,,,,2033,,,,,,0.0
TotalAnnualMaxCapacity,BAU,GLOBAL,PWROILINDEA,,,,2034,,,,,,0.0
TotalAnnualMaxCapacity,BAU,GLOBAL,PWROILINDEA,,,,2035,,,,,,0.0
TotalAnnualMaxCapacity,BAU,GLOBAL,PWROILINDEA,,,,2036,,,,,,0.0
TotalAnnualMaxCapacity,BAU,GLOBAL,PWROILINDEA,,,,2037,,,,,,0.0
TotalAnnualMaxCapacity,BAU,GLOBAL,PWROILINDEA,,,,2038,,,,,,0.0
TotalAnnualMaxCapacity,BAU,GLOBAL,PWROILINDEA,,,,2039,,,,,,0.0
TotalAnnualMaxCapacity,BAU,GLOBAL,PWROILINDEA,,,,2040,,,,,,0.0
TotalAnnualMaxCapacity,BAU,GLOBAL,PWROILINDEA,,,,2041,,,,,,0.0
TotalAnnualMaxCapacity,BAU,GLOBAL,PWROILINDEA,,,,2042,,,,,,0.0
TotalAnnualMaxCapacity,BAU,GLOBAL,PWROILINDEA,,,,2043,,,,,,0.0
TotalAnnualMaxCapacity,BAU,GLOBAL,PWROILINDEA,,,,2044,,,,,,0.0
TotalAnnualMaxCapacity,BAU,GLOBAL,PWROILINDEA,,,,2045,,,,,,0.0
TotalAnnualMaxCapacity,BAU,GLOBAL,PWROILINDEA,,,,2046,,,,,,0.0
TotalAnnualMaxCapacity,BAU,GLOBAL,PWROILINDEA,,,,2047,,,,,,0.0
TotalAnnualMaxCapacity,BAU,GLOBAL,PWROILINDEA,,,,2048,,,,,,0.0
TotalAnnualMaxCapacity,BAU,GLOBAL,PWROILINDEA,,,,2049,,,,,,0.0
TotalAnnualMaxCapacity,BAU,GLOBAL,PWROILINDEA,,,,2050,,,,,,0.0
TotalAnnualMaxCapacity,BAU,GLOBAL,PWRSDSBGDXX,,,,2023,,,,,,0.0
TotalAnnualMaxCapacity,BAU,GLOBAL,PWRSDSBGDXX,,,,2024,,,,,,0.0
TotalAnnualMaxCapacity,BAU,GLOBAL,PWRSDSBGDXX,,,,2025,,,,,,0.0
TotalAnnualMaxCapacity,BAU,GLOBAL,PWRSDSBGDXX,,,,2026,,,,,,0.0
TotalAnnualMaxCapacity,BAU,GLOBAL,PWRSDSBGDXX,,,,2027,,,,,,0.0
TotalAnnualMaxCapacity,BAU,GLOBAL,PWRSDSBGDXX,,,,2028,,,,,,0.0
TotalAnnualMaxCapacity,BAU,GLOBAL,PWRSDSBGDXX,,,,2029,,,,,,0.0
TotalAnnualMaxCapacity,BAU,GLOBAL,PWRSDSBGDXX,,,,2030,,,,,,0.0
TotalAnnualMaxCapacity,BAU,GLOBAL,PWRSDSBGDXX,,,,2031,,,,,,0.0
TotalAnnualMaxCapacity,BAU,GLOBAL,PWRSDSBGDXX,,,,2032,,,,,,0.0
TotalAnnualMaxCapacity,BAU,GLOBAL,PWRSDSBGDXX,,,,2033,,,,,,0.0
TotalAnnualMaxCapacity,BAU,GLOBAL,PWRSDSBGDXX,,,,2034,,,,,,0.0
TotalAnnualMaxCapacity,BAU,GLOBAL,PWRSDSBGDXX,,,,2035,,,,,,0.0
TotalAnnualMaxCapacity,BAU,GLOBAL,PWRSDSBGDXX,,,,2036,,,,,,0.0
TotalAnnualMaxCapacity,BAU,GLOBAL,PWRSDSBGDXX,,,,2037,,,,,,0.0
TotalAnnualMaxCapacity,BAU,GLOBAL,PWRSDSBGDXX,,,,2038,,,,,,0.0
TotalAnnualMaxCapacity,BAU,GLOBAL,PWRSDSBGDXX,,,,2039,,,,,,0.0
TotalAnnualMaxCapacity,BAU,GLOBAL,PWRSDSBGDXX,,,,2040,,,,,,0.0
TotalAnnualMaxCapacity,BAU,GLOBAL,PWRSDSBGDXX,,,,2041,,,,,,0.0
TotalAnnualMaxCapacity,BAU,GLOBAL,PWRSDSBGDXX,,,,2042,,,,,,0.0
TotalAnnualMaxCapacity,BAU,GLOBAL,PWRSDSBGDXX,,,,2043,,,,,,0.0
TotalAnnualMaxCapacity,BAU,GLOBAL,PWRSDSBGDXX,,,,2044,,,,,,0.0
TotalAnnualMaxCapacity,BAU,GLOBAL,PWRSDSBGDXX,,,,2045,,,,,,0.0
TotalAnnualMaxCapacity,BAU,GLOBAL,PWRSDSBGDXX,,,,2046,,,,,,0.0
TotalAnnualMaxCapacity,BAU,GLOBAL,PWRSDSBGDXX,,,,2047,,,,,,0.0
TotalAnnualMaxCapacity,BAU,GLOBAL,PWRSDSBGDXX,,,,2048,,,,,,0.0
TotalAnnualMaxCapacity,BAU,GLOBAL,PWRSDSBGDXX,,,,2049,,,,,,0.0
TotalAnnualMaxCapacity,BAU,GLOBAL,PWRSDSBGDXX,,,,2050,,,,,,0.0
TotalAnnualMaxCapacity,BAU,GLOBAL,PWRSDSBTNXX,,,,2023,,,,,,0.0
TotalAnnualMaxCapacity,BAU,GLOBAL,PWRSDSBTNXX,,,,2024,,,,,,0.0
TotalAnnualMaxCapacity,BAU,GLOBAL,PWRSDSBTNXX,,,,2025,,,,,,0.0
TotalAnnualMaxCapacity,BAU,GLOBAL,PWRSDSBTNXX,,,,2026,,,,,,0.0
TotalAnnualMaxCapacity,BAU,GLOBAL,PWRSDSBTNXX,,,,2027,,,,,,0.0
TotalAnnualMaxCapacity,BAU,GLOBAL,PWRSDSBTNXX,,,,2028,,,,,,0.0
TotalAnnualMaxCapacity,BAU,GLOBAL,PWRSDSBTNXX,,,,2029,,,,,,0.0
TotalAnnualMaxCapacity,BAU,GLOBAL,PWRSDSBTNXX,,,,2030,,,,,,0.0
TotalAnnualMaxCapacity,BAU,GLOBAL,PWRSDSBTNXX,,,,2031,,,,,,0.0
TotalAnnualMaxCapacity,BAU,GLOBAL,PWRSDSBTNXX,,,,2032,,,,,,0.0
TotalAnnualMaxCapacity,BAU,GLOBAL,PWRSDSBTNXX,,,,2033,,,,,,0.0
TotalAnnualMaxCapacity,BAU,GLOBAL,PWRSDSBTNXX,,,,2034,,,,,,0.0
TotalAnnualMaxCapacity,BAU,GLOBAL,PWRSDSBTNXX,,,,2035,,,,,,0.0
TotalAnnualMaxCapacity,BAU,GLOBAL,PWRSDSBTNXX,,,,2036,,,,,,0.0
TotalAnnualMaxCapacity,BAU,GLOBAL,PWRSDSBTNXX,,,,2037,,,,,,0.0
TotalAnnualMaxCapacity,BAU,GLOBAL,PWRSDSBTNXX,,,,2038,,,,,,0.0
TotalAnnualMaxCapacity,BAU,GLOBAL,PWRSDSBTNXX,,,,2039,,,,,,0.0
TotalAnnualMaxCapacity,BAU,GLOBAL,PWRSDSBTNXX,,,,2040,,,,,,0.0
TotalAnnualMaxCapacity,BAU,GLOBAL,PWRSDSBTNXX,,,,2041,,,,,,0.0
TotalAnnualMaxCapacity,BAU,GLOBAL,PWRSDSBTNXX,,,,2042,,,,,,0.0
TotalAnnualMaxCapacity,BAU,GLOBAL,PWRSDSBTNXX,,,,2043,,,,,,0.0
TotalAnnualMaxCapacity,BAU,GLOBAL,PWRSDSBTNXX,,,,2044,,,,,,0.0
TotalAnnualMaxCapacity,BAU,GLOBAL,PWRSDSBTNXX,,,,2045,,,,,,0.0
TotalAnnualMaxCapacity,BAU,GLOBAL,PWRSDSBTNXX,,,,2046,,,,,,0.0
TotalAnnualMaxCapacity,BAU,GLOBAL,PWRSDSBTNXX,,,,2047,,,,,,0.0
TotalAnnualMaxCapacity,BAU,GLOBAL,PWRSDSBTNXX,,,,2048,,,,,,0.0
TotalAnnualMaxCapacity,BAU,GLOBAL,PWRSDSBTNXX,,,,2049,,,,,,0.0
TotalAnnualMaxCapacity,BAU,GLOBAL,PWRSDSBTNXX,,,,2050,,,,,,0.0
TotalAnnualMaxCapacity,BAU,GLOBAL,PWRSDSINDEA,,,,2023,,,,,,0.0
TotalAnnualMaxCapacity,BAU,GLOBAL,PWRSDSINDEA,,,,2024,,,,,,0.0
TotalAnnualMaxCapacity,BAU,GLOBAL,PWRSDSINDEA,,,,2025,,,,,,0.0
TotalAnnualMaxCapacity,BAU,GLOBAL,PWRSDSINDEA,,,,2026,,,,,,0.0
TotalAnnualMaxCapacity,BAU,GLOBAL,PWRSDSINDEA,,,,2027,,,,,,0.0
TotalAnnualMaxCapacity,BAU,GLOBAL,PWRSDSINDEA,,,,2028,,,,,,0.0
TotalAnnualMaxCapacity,BAU,GLOBAL,PWRSDSINDEA,,,,2029,,,,,,0.0
TotalAnnualMaxCapacity,BAU,GLOBAL,PWRSDSINDEA,,,,2030,,,,,,0.0
TotalAnnualMaxCapacity,BAU,GLOBAL,PWRSDSINDEA,,,,2031,,,,,,0.0
TotalAnnualMaxCapacity,BAU,GLOBAL,PWRSDSINDEA,,,,2032,,,,,,0.0
TotalAnnualMaxCapacity,BAU,GLOBAL,PWRSDSINDEA,,,,2033,,,,,,0.0
TotalAnnualMaxCapacity,BAU,GLOBAL,PWRSDSINDEA,,,,2034,,,,,,0.0
TotalAnnualMaxCapacity,BAU,GLOBAL,PWRSDSINDEA,,,,2035,,,,,,0.0
TotalAnnualMaxCapacity,BAU,GLOBAL,PWRSDSINDEA,,,,2036,,,,,,0.0
TotalAnnualMaxCapacity,BAU,GLOBAL,PWRSDSINDEA,,,,2037,,,,,,0.0
TotalAnnualMaxCapacity,BAU,GLOBAL,PWRSDSINDEA,,,,2038,,,,,,0.0
TotalAnnualMaxCapacity,BAU,GLOBAL,PWRSDSINDEA,,,,2039,,,,,,0.0
TotalAnnualMaxCapacity,BAU,GLOBAL,PWRSDSINDEA,,,,2040,,,,,,0.0
TotalAnnualMaxCapacity,BAU,GLOBAL,PWRSDSINDEA,,,,2041,,,,,,0.0
TotalAnnualMaxCapacity,BAU,GLOBAL,PWRSDSINDEA,,,,2042,,,,,,0.0
TotalAnnualMaxCapacity,BAU,GLOBAL,PWRSDSINDEA,,,,2043,,,,,,0.0
TotalAnnualMaxCapacity,BAU,GLOBAL,PWRSDSINDEA,,,,2044,,,,,,0.0
TotalAnnualMaxCapacity,BAU,GLOBAL,PWRSDSINDEA,,,,2045,,,,,,0.0
TotalAnnualMaxCapacity,BAU,GLOBAL,PWRSDSINDEA,,,,2046,,,,,,0.0
TotalAnnualMaxCapacity,BAU,GLOBAL,PWRSDSINDEA,,,,2047,,,,,,0.0
TotalAnnualMaxCapacity,BAU,GLOBAL,PWRSDSINDEA,,,,2048,,,,,,0.0
TotalAnnualMaxCapacity,BAU,GLOBAL,PWRSDSINDEA,,,,2049,,,,,,0.0
TotalAnnualMaxCapacity,BAU,GLOBAL,PWRSDSINDEA,,,,2050,,,,,,0.0
TotalAnnualMaxCapacity,BAU,GLOBAL,PWROILINDNO,,,,2023,,,,,,0.0
TotalAnnualMaxCapacity,BAU,GLOBAL,PWROILINDNO,,,,2024,,,,,,0.0
TotalAnnualMaxCapacity,BAU,GLOBAL,PWROILINDNO,,,,2025,,,,,,0.0
TotalAnnualMaxCapacity,BAU,GLOBAL,PWROILINDNO,,,,2026,,,,,,0.0
TotalAnnualMaxCapacity,BAU,GLOBAL,PWROILINDNO,,,,2027,,,,,,0.0
TotalAnnualMaxCapacity,BAU,GLOBAL,PWROILINDNO,,,,2028,,,,,,0.0
TotalAnnualMaxCapacity,BAU,GLOBAL,PWROILINDNO,,,,2029,,,,,,0.0
TotalAnnualMaxCapacity,BAU,GLOBAL,PWROILINDNO,,,,2030,,,,,,0.0
TotalAnnualMaxCapacity,BAU,GLOBAL,PWROILINDNO,,,,2031,,,,,,0.0
TotalAnnualMaxCapacity,BAU,GLOBAL,PWROILINDNO,,,,2032,,,,,,0.0
TotalAnnualMaxCapacity,BAU,GLOBAL,PWROILINDNO,,,,2033,,,,,,0.0
TotalAnnualMaxCapacity,BAU,GLOBAL,PWROILINDNO,,,,2034,,,,,,0.0
TotalAnnualMaxCapacity,BAU,GLOBAL,PWROILINDNO,,,,2035,,,,,,0.0
TotalAnnualMaxCapacity,BAU,GLOBAL,PWROILINDNO,,,,2036,,,,,,0.0
TotalAnnualMaxCapacity,BAU,GLOBAL,PWROILINDNO,,,,2037,,,,,,0.0
TotalAnnualMaxCapacity,BAU,GLOBAL,PWROILINDNO,,,,2038,,,,,,0.0
TotalAnnualMaxCapacity,BAU,GLOBAL,PWROILINDNO,,,,2039,,,,,,0.0
TotalAnnualMaxCapacity,BAU,GLOBAL,PWROILINDNO,,,,2040,,,,,,0.0
TotalAnnualMaxCapacity,BAU,GLOBAL,PWROILINDNO,,,,2041,,,,,,0.0
TotalAnnualMaxCapacity,BAU,GLOBAL,PWROILINDNO,,,,2042,,,,,,0.0
TotalAnnualMaxCapacity,BAU,GLOBAL,PWROILINDNO,,,,2043,,,,,,0.0
TotalAnnualMaxCapacity,BAU,GLOBAL,PWROILINDNO,,,,2044,,,,,,0.0
TotalAnnualMaxCapacity,BAU,GLOBAL,PWROILINDNO,,,,2045,,,,,,0.0
TotalAnnualMaxCapacity,BAU,GLOBAL,PWROILINDNO,,,,2046,,,,,,0.0
TotalAnnualMaxCapacity,BAU,GLOBAL,PWROILINDNO,,,,2047,,,,,,0.0
TotalAnnualMaxCapacity,BAU,GLOBAL,PWROILINDNO,,,,2048,,,,,,0.0
TotalAnnualMaxCapacity,BAU,GLOBAL,PWROILINDNO,,,,2049,,,,,,0.0
TotalAnnualMaxCapacity,BAU,GLOBAL,PWROILINDNO,,,,2050,,,,,,0.0
TotalAnnualMaxCapacity,BAU,GLOBAL,PWRSDSINDNE,,,,2023,,,,,,0.0
TotalAnnualMaxCapacity,BAU,GLOBAL,PWRSDSINDNE,,,,2024,,,,,,0.0
TotalAnnualMaxCapacity,BAU,GLOBAL,PWRSDSINDNE,,,,2025,,,,,,0.0
TotalAnnualMaxCapacity,BAU,GLOBAL,PWRSDSINDNE,,,,2026,,,,,,0.0
TotalAnnualMaxCapacity,BAU,GLOBAL,PWRSDSINDNE,,,,2027,,,,,,0.0
TotalAnnualMaxCapacity,BAU,GLOBAL,PWRSDSINDNE,,,,2028,,,,,,0.0
TotalAnnualMaxCapacity,BAU,GLOBAL,PWRSDSINDNE,,,,2029,,,,,,0.0
TotalAnnualMaxCapacity,BAU,GLOBAL,PWRSDSINDNE,,,,2030,,,,,,0.0
TotalAnnualMaxCapacity,BAU,GLOBAL,PWRSDSINDNE,,,,2031,,,,,,0.0
TotalAnnualMaxCapacity,BAU,GLOBAL,PWRSDSINDNE,,,,2032,,,,,,0.0
TotalAnnualMaxCapacity,BAU,GLOBAL,PWRSDSINDNE,,,,2033,,,,,,0.0
TotalAnnualMaxCapacity,BAU,GLOBAL,PWRSDSINDNE,,,,2034,,,,,,0.0
TotalAnnualMaxCapacity,BAU,GLOBAL,PWRSDSINDNE,,,,2035,,,,,,0.0
TotalAnnualMaxCapacity,BAU,GLOBAL,PWRSDSINDNE,,,,2036,,,,,,0.0
TotalAnnualMaxCapacity,BAU,GLOBAL,PWRSDSINDNE,,,,2037,,,,,,0.0
TotalAnnualMaxCapacity,BAU,GLOBAL,PWRSDSINDNE,,,,2038,,,,,,0.0
TotalAnnualMaxCapacity,BAU,GLOBAL,PWRSDSINDNE,,,,2039,,,,,,0.0
TotalAnnualMaxCapacity,BAU,GLOBAL,PWRSDSINDNE,,,,2040,,,,,,0.0
TotalAnnualMaxCapacity,BAU,GLOBAL,PWRSDSINDNE,,,,2041,,,,,,0.0
TotalAnnualMaxCapacity,BAU,GLOBAL,PWRSDSINDNE,,,,2042,,,,,,0.0
TotalAnnualMaxCapacity,BAU,GLOBAL,PWRSDSINDNE,,,,2043,,,,,,0.0
TotalAnnualMaxCapacity,BAU,GLOBAL,PWRSDSINDNE,,,,2044,,,,,,0.0
TotalAnnualMaxCapacity,BAU,GLOBAL,PWRSDSINDNE,,,,2045,,,,,,0.0
TotalAnnualMaxCapacity,BAU,GLOBAL,PWRSDSINDNE,,,,2046,,,,,,0.0
TotalAnnualMaxCapacity,BAU,GLOBAL,PWRSDSINDNE,,,,2047,,,,,,0.0
TotalAnnualMaxCapacity,BAU,GLOBAL,PWRSDSINDNE,,,,2048,,,,,,0.0
TotalAnnualMaxCapacity,BAU,GLOBAL,PWRSDSINDNE,,,,2049,,,,,,0.0
TotalAnnualMaxCapacity,BAU,GLOBAL,PWRSDSINDNE,,,,2050,,,,,,0.0
TotalAnnualMaxCapacity,BAU,GLOBAL,PWROILINDWE,,,,2023,,,,,,0.0
TotalAnnualMaxCapacity,BAU,GLOBAL,PWROILINDWE,,,,2024,,,,,,0.0
TotalAnnualMaxCapacity,BAU,GLOBAL,PWROILINDWE,,,,2025,,,,,,0.0
TotalAnnualMaxCapacity,BAU,GLOBAL,PWROILINDWE,,,,2026,,,,,,0.0
TotalAnnualMaxCapacity,BAU,GLOBAL,PWROILINDWE,,,,2027,,,,,,0.0
TotalAnnualMaxCapacity,BAU,GLOBAL,PWROILINDWE,,,,2028,,,,,,0.0
TotalAnnualMaxCapacity,BAU,GLOBAL,PWROILINDWE,,,,2029,,,,,,0.0
TotalAnnualMaxCapacity,BAU,GLOBAL,PWROILINDWE,,,,2030,,,,,,0.0
TotalAnnualMaxCapacity,BAU,GLOBAL,PWROILINDWE,,,,2031,,,,,,0.0
TotalAnnualMaxCapacity,BAU,GLOBAL,PWROILINDWE,,,,2032,,,,,,0.0
TotalAnnualMaxCapacity,BAU,GLOBAL,PWROILINDWE,,,,2033,,,,,,0.0
TotalAnnualMaxCapacity,BAU,GLOBAL,PWROILINDWE,,,,2034,,,,,,0.0
TotalAnnualMaxCapacity,BAU,GLOBAL,PWROILINDWE,,,,2035,,,,,,0.0
TotalAnnualMaxCapacity,BAU,GLOBAL,PWROILINDWE,,,,2036,,,,,,0.0
TotalAnnualMaxCapacity,BAU,GLOBAL,PWROILINDWE,,,,2037,,,,,,0.0
TotalAnnualMaxCapacity,BAU,GLOBAL,PWROILINDWE,,,,2038,,,,,,0.0
TotalAnnualMaxCapacity,BAU,GLOBAL,PWROILINDWE,,,,2039,,,,,,0.0
TotalAnnualMaxCapacity,BAU,GLOBAL,PWROILINDWE,,,,2040,,,,,,0.0
TotalAnnualMaxCapacity,BAU,GLOBAL,PWROILINDWE,,,,2041,,,,,,0.0
TotalAnnualMaxCapacity,BAU,GLOBAL,PWROILINDWE,,,,2042,,,,,,0.0
TotalAnnualMaxCapacity,BAU,GLOBAL,PWROILINDWE,,,,2043,,,,,,0.0
TotalAnnualMaxCapacity,BAU,GLOBAL,PWROILINDWE,,,,2044,,,,,,0.0
TotalAnnualMaxCapacity,BAU,GLOBAL,PWROILINDWE,,,,2045,,,,,,0.0
TotalAnnualMaxCapacity,BAU,GLOBAL,PWROILINDWE,,,,2046,,,,,,0.0
TotalAnnualMaxCapacity,BAU,GLOBAL,PWROILINDWE,,,,2047,,,,,,0.0
TotalAnnualMaxCapacity,BAU,GLOBAL,PWROILINDWE,,,,2048,,,,,,0.0
TotalAnnualMaxCapacity,BAU,GLOBAL,PWROILINDWE,,,,2049,,,,,,0.0
TotalAnnualMaxCapacity,BAU,GLOBAL,PWROILINDWE,,,,2050,,,,,,0.0
TotalAnnualMaxCapacity,BAU,GLOBAL,PWRSDSINDNO,,,,2023,,,,,,0.0
TotalAnnualMaxCapacity,BAU,GLOBAL,PWRSDSINDNO,,,,2024,,,,,,0.0
TotalAnnualMaxCapacity,BAU,GLOBAL,PWRSDSINDNO,,,,2025,,,,,,0.0
TotalAnnualMaxCapacity,BAU,GLOBAL,PWRSDSINDNO,,,,2026,,,,,,0.0
TotalAnnualMaxCapacity,BAU,GLOBAL,PWRSDSINDNO,,,,2027,,,,,,0.0
TotalAnnualMaxCapacity,BAU,GLOBAL,PWRSDSINDNO,,,,2028,,,,,,0.0
TotalAnnualMaxCapacity,BAU,GLOBAL,PWRSDSINDNO,,,,2029,,,,,,0.0
TotalAnnualMaxCapacity,BAU,GLOBAL,PWRSDSINDNO,,,,2030,,,,,,0.0
TotalAnnualMaxCapacity,BAU,GLOBAL,PWRSDSINDNO,,,,2031,,,,,,0.0
TotalAnnualMaxCapacity,BAU,GLOBAL,PWRSDSINDNO,,,,2032,,,,,,0.0
TotalAnnualMaxCapacity,BAU,GLOBAL,PWRSDSINDNO,,,,2033,,,,,,0.0
TotalAnnualMaxCapacity,BAU,GLOBAL,PWRSDSINDNO,,,,2034,,,,,,0.0
TotalAnnualMaxCapacity,BAU,GLOBAL,PWRSDSINDNO,,,,2035,,,,,,0.0
TotalAnnualMaxCapacity,BAU,GLOBAL,PWRSDSINDNO,,,,2036,,,,,,0.0
TotalAnnualMaxCapacity,BAU,GLOBAL,PWRSDSINDNO,,,,2037,,,,,,0.0
TotalAnnualMaxCapacity,BAU,GLOBAL,PWRSDSINDNO,,,,2038,,,,,,0.0
TotalAnnualMaxCapacity,BAU,GLOBAL,PWRSDSINDNO,,,,2039,,,,,,0.0
TotalAnnualMaxCapacity,BAU,GLOBAL,PWRSDSINDNO,,,,2040,,,,,,0.0
TotalAnnualMaxCapacity,BAU,GLOBAL,PWRSDSINDNO,,,,2041,,,,,,0.0
TotalAnnualMaxCapacity,BAU,GLOBAL,PWRSDSINDNO,,,,2042,,,,,,0.0
TotalAnnualMaxCapacity,BAU,GLOBAL,PWRSDSINDNO,,,,2043,,,,,,0.0
TotalAnnualMaxCapacity,BAU,GLOBAL,PWRSDSINDNO,,,,2044,,,,,,0.0
TotalAnnualMaxCapacity,BAU,GLOBAL,PWRSDSINDNO,,,,2045,,,,,,0.0
TotalAnnualMaxCapacity,BAU,GLOBAL,PWRSDSINDNO,,,,2046,,,,,,0.0
TotalAnnualMaxCapacity,BAU,GLOBAL,PWRSDSINDNO,,,,2047,,,,,,0.0
TotalAnnualMaxCapacity,BAU,GLOBAL,PWRSDSINDNO,,,,2048,,,,,,0.0
TotalAnnualMaxCapacity,BAU,GLOBAL,PWRSDSINDNO,,,,2049,,,,,,0.0
TotalAnnualMaxCapacity,BAU,GLOBAL,PWRSDSINDNO,,,,2050,,,,,,0.0
TotalAnnualMaxCapacity,BAU,GLOBAL,PWRSDSINDSO,,,,2023,,,,,,0.0
TotalAnnualMaxCapacity,BAU,GLOBAL,PWRSDSINDSO,,,,2024,,,,,,0.0
TotalAnnualMaxCapacity,BAU,GLOBAL,PWRSDSINDSO,,,,2025,,,,,,0.0
TotalAnnualMaxCapacity,BAU,GLOBAL,PWRSDSINDSO,,,,2026,,,,,,0.0
TotalAnnualMaxCapacity,BAU,GLOBAL,PWRSDSINDSO,,,,2027,,,,,,0.0
TotalAnnualMaxCapacity,BAU,GLOBAL,PWRSDSINDSO,,,,2028,,,,,,0.0
TotalAnnualMaxCapacity,BAU,GLOBAL,PWRSDSINDSO,,,,2029,,,,,,0.0
TotalAnnualMaxCapacity,BAU,GLOBAL,PWRSDSINDSO,,,,2030,,,,,,0.0
TotalAnnualMaxCapacity,BAU,GLOBAL,PWRSDSINDSO,,,,2031,,,,,,0.0
TotalAnnualMaxCapacity,BAU,GLOBAL,PWRSDSINDSO,,,,2032,,,,,,0.0
TotalAnnualMaxCapacity,BAU,GLOBAL,PWRSDSINDSO,,,,2033,,,,,,0.0
TotalAnnualMaxCapacity,BAU,GLOBAL,PWRSDSINDSO,,,,2034,,,,,,0.0
TotalAnnualMaxCapacity,BAU,GLOBAL,PWRSDSINDSO,,,,2035,,,,,,0.0
TotalAnnualMaxCapacity,BAU,GLOBAL,PWRSDSINDSO,,,,2036,,,,,,0.0
TotalAnnualMaxCapacity,BAU,GLOBAL,PWRSDSINDSO,,,,2037,,,,,,0.0
TotalAnnualMaxCapacity,BAU,GLOBAL,PWRSDSINDSO,,,,2038,,,,,,0.0
TotalAnnualMaxCapacity,BAU,GLOBAL,PWRSDSINDSO,,,,2039,,,,,,0.0
TotalAnnualMaxCapacity,BAU,GLOBAL,PWRSDSINDSO,,,,2040,,,,,,0.0
TotalAnnualMaxCapacity,BAU,GLOBAL,PWRSDSINDSO,,,,2041,,,,,,0.0
TotalAnnualMaxCapacity,BAU,GLOBAL,PWRSDSINDSO,,,,2042,,,,,,0.0
TotalAnnualMaxCapacity,BAU,GLOBAL,PWRSDSINDSO,,,,2043,,,,,,0.0
TotalAnnualMaxCapacity,BAU,GLOBAL,PWRSDSINDSO,,,,2044,,,,,,0.0
TotalAnnualMaxCapacity,BAU,GLOBAL,PWRSDSINDSO,,,,2045,,,,,,0.0
TotalAnnualMaxCapacity,BAU,GLOBAL,PWRSDSINDSO,,,,2046,,,,,,0.0
TotalAnnualMaxCapacity,BAU,GLOBAL,PWRSDSINDSO,,,,2047,,,,,,0.0
TotalAnnualMaxCapacity,BAU,GLOBAL,PWRSDSINDSO,,,,2048,,,,,,0.0
TotalAnnualMaxCapacity,BAU,GLOBAL,PWRSDSINDSO,,,,2049,,,,,,0.0
TotalAnnualMaxCapacity,BAU,GLOBAL,PWRSDSINDSO,,,,2050,,,,,,0.0
TotalAnnualMaxCapacity,BAU,GLOBAL,PWRSDSINDWE,,,,2023,,,,,,0.0
TotalAnnualMaxCapacity,BAU,GLOBAL,PWRSDSINDWE,,,,2024,,,,,,0.0
TotalAnnualMaxCapacity,BAU,GLOBAL,PWRSDSINDWE,,,,2025,,,,,,0.0
TotalAnnualMaxCapacity,BAU,GLOBAL,PWRSDSINDWE,,,,2026,,,,,,0.0
TotalAnnualMaxCapacity,BAU,GLOBAL,PWRSDSINDWE,,,,2027,,,,,,0.0
TotalAnnualMaxCapacity,BAU,GLOBAL,PWRSDSINDWE,,,,2028,,,,,,0.0
TotalAnnualMaxCapacity,BAU,GLOBAL,PWRSDSINDWE,,,,2029,,,,,,0.0
TotalAnnualMaxCapacity,BAU,GLOBAL,PWRSDSINDWE,,,,2030,,,,,,0.0
TotalAnnualMaxCapacity,BAU,GLOBAL,PWRSDSINDWE,,,,2031,,,,,,0.0
TotalAnnualMaxCapacity,BAU,GLOBAL,PWRSDSINDWE,,,,2032,,,,,,0.0
TotalAnnualMaxCapacity,BAU,GLOBAL,PWRSDSINDWE,,,,2033,,,,,,0.0
TotalAnnualMaxCapacity,BAU,GLOBAL,PWRSDSINDWE,,,,2034,,,,,,0.0
TotalAnnualMaxCapacity,BAU,GLOBAL,PWRSDSINDWE,,,,2035,,,,,,0.0
TotalAnnualMaxCapacity,BAU,GLOBAL,PWRSDSINDWE,,,,2036,,,,,,0.0
TotalAnnualMaxCapacity,BAU,GLOBAL,PWRSDSINDWE,,,,2037,,,,,,0.0
TotalAnnualMaxCapacity,BAU,GLOBAL,PWRSDSINDWE,,,,2038,,,,,,0.0
TotalAnnualMaxCapacity,BAU,GLOBAL,PWRSDSINDWE,,,,2039,,,,,,0.0
TotalAnnualMaxCapacity,BAU,GLOBAL,PWRSDSINDWE,,,,2040,,,,,,0.0
TotalAnnualMaxCapacity,BAU,GLOBAL,PWRSDSINDWE,,,,2041,,,,,,0.0
TotalAnnualMaxCapacity,BAU,GLOBAL,PWRSDSINDWE,,,,2042,,,,,,0.0
TotalAnnualMaxCapacity,BAU,GLOBAL,PWRSDSINDWE,,,,2043,,,,,,0.0
TotalAnnualMaxCapacity,BAU,GLOBAL,PWRSDSINDWE,,,,2044,,,,,,0.0
TotalAnnualMaxCapacity,BAU,GLOBAL,PWRSDSINDWE,,,,2045,,,,,,0.0
TotalAnnualMaxCapacity,BAU,GLOBAL,PWRSDSINDWE,,,,2046,,,,,,0.0
TotalAnnualMaxCapacity,BAU,GLOBAL,PWRSDSINDWE,,,,2047,,,,,,0.0
TotalAnnualMaxCapacity,BAU,GLOBAL,PWRSDSINDWE,,,,2048,,,,,,0.0
TotalAnnualMaxCapacity,BAU,GLOBAL,PWRSDSINDWE,,,,2049,,,,,,0.0
TotalAnnualMaxCapacity,BAU,GLOBAL,PWRSDSINDWE,,,,2050,,,,,,0.0
TotalAnnualMaxCapacity,BAU,GLOBAL,PWROTHBGDXX,,,,2023,,,,,,0.0
TotalAnnualMaxCapacity,BAU,GLOBAL,PWROTHBGDXX,,,,2024,,,,,,0.0
TotalAnnualMaxCapacity,BAU,GLOBAL,PWROTHBGDXX,,,,2025,,,,,,0.0
TotalAnnualMaxCapacity,BAU,GLOBAL,PWROTHBGDXX,,,,2026,,,,,,0.0
TotalAnnualMaxCapacity,BAU,GLOBAL,PWROTHBGDXX,,,,2027,,,,,,0.0
TotalAnnualMaxCapacity,BAU,GLOBAL,PWROTHBGDXX,,,,2028,,,,,,0.0
TotalAnnualMaxCapacity,BAU,GLOBAL,PWROTHBGDXX,,,,2029,,,,,,0.0
TotalAnnualMaxCapacity,BAU,GLOBAL,PWROTHBGDXX,,,,2030,,,,,,0.0
TotalAnnualMaxCapacity,BAU,GLOBAL,PWROTHBGDXX,,,,2031,,,,,,0.0
TotalAnnualMaxCapacity,BAU,GLOBAL,PWROTHBGDXX,,,,2032,,,,,,0.0
TotalAnnualMaxCapacity,BAU,GLOBAL,PWROTHBGDXX,,,,2033,,,,,,0.0
TotalAnnualMaxCapacity,BAU,GLOBAL,PWROTHBGDXX,,,,2034,,,,,,0.0
TotalAnnualMaxCapacity,BAU,GLOBAL,PWROTHBGDXX,,,,2035,,,,,,0.0
TotalAnnualMaxCapacity,BAU,GLOBAL,PWROTHBGDXX,,,,2036,,,,,,0.0
TotalAnnualMaxCapacity,BAU,GLOBAL,PWROTHBGDXX,,,,2037,,,,,,0.0
TotalAnnualMaxCapacity,BAU,GLOBAL,PWROTHBGDXX,,,,2038,,,,,,0.0
TotalAnnualMaxCapacity,BAU,GLOBAL,PWROTHBGDXX,,,,2039,,,,,,0.0
TotalAnnualMaxCapacity,BAU,GLOBAL,PWROTHBGDXX,,,,2040,,,,,,0.0
TotalAnnualMaxCapacity,BAU,GLOBAL,PWROTHBGDXX,,,,2041,,,,,,0.0
TotalAnnualMaxCapacity,BAU,GLOBAL,PWROTHBGDXX,,,,2042,,,,,,0.0
TotalAnnualMaxCapacity,BAU,GLOBAL,PWROTHBGDXX,,,,2043,,,,,,0.0
TotalAnnualMaxCapacity,BAU,GLOBAL,PWROTHBGDXX,,,,2044,,,,,,0.0
TotalAnnualMaxCapacity,BAU,GLOBAL,PWROTHBGDXX,,,,2045,,,,,,0.0
TotalAnnualMaxCapacity,BAU,GLOBAL,PWROTHBGDXX,,,,2046,,,,,,0.0
TotalAnnualMaxCapacity,BAU,GLOBAL,PWROTHBGDXX,,,,2047,,,,,,0.0
TotalAnnualMaxCapacity,BAU,GLOBAL,PWROTHBGDXX,,,,2048,,,,,,0.0
TotalAnnualMaxCapacity,BAU,GLOBAL,PWROTHBGDXX,,,,2049,,,,,,0.0
TotalAnnualMaxCapacity,BAU,GLOBAL,PWROTHBGDXX,,,,2050,,,,,,0.0
TotalAnnualMaxCapacity,BAU,GLOBAL,PWROTHBTNXX,,,,2023,,,,,,0.0
TotalAnnualMaxCapacity,BAU,GLOBAL,PWROTHBTNXX,,,,2024,,,,,,0.0
TotalAnnualMaxCapacity,BAU,GLOBAL,PWROTHBTNXX,,,,2025,,,,,,0.0
TotalAnnualMaxCapacity,BAU,GLOBAL,PWROTHBTNXX,,,,2026,,,,,,0.0
TotalAnnualMaxCapacity,BAU,GLOBAL,PWROTHBTNXX,,,,2027,,,,,,0.0
TotalAnnualMaxCapacity,BAU,GLOBAL,PWROTHBTNXX,,,,2028,,,,,,0.0
TotalAnnualMaxCapacity,BAU,GLOBAL,PWROTHBTNXX,,,,2029,,,,,,0.0
TotalAnnualMaxCapacity,BAU,GLOBAL,PWROTHBTNXX,,,,2030,,,,,,0.0
TotalAnnualMaxCapacity,BAU,GLOBAL,PWROTHBTNXX,,,,2031,,,,,,0.0
TotalAnnualMaxCapacity,BAU,GLOBAL,PWROTHBTNXX,,,,2032,,,,,,0.0
TotalAnnualMaxCapacity,BAU,GLOBAL,PWROTHBTNXX,,,,2033,,,,,,0.0
TotalAnnualMaxCapacity,BAU,GLOBAL,PWROTHBTNXX,,,,2034,,,,,,0.0
TotalAnnualMaxCapacity,BAU,GLOBAL,PWROTHBTNXX,,,,2035,,,,,,0.0
TotalAnnualMaxCapacity,BAU,GLOBAL,PWROTHBTNXX,,,,2036,,,,,,0.0
TotalAnnualMaxCapacity,BAU,GLOBAL,PWROTHBTNXX,,,,2037,,,,,,0.0
TotalAnnualMaxCapacity,BAU,GLOBAL,PWROTHBTNXX,,,,2038,,,,,,0.0
TotalAnnualMaxCapacity,BAU,GLOBAL,PWROTHBTNXX,,,,2039,,,,,,0.0
TotalAnnualMaxCapacity,BAU,GLOBAL,PWROTHBTNXX,,,,2040,,,,,,0.0
TotalAnnualMaxCapacity,BAU,GLOBAL,PWROTHBTNXX,,,,2041,,,,,,0.0
TotalAnnualMaxCapacity,BAU,GLOBAL,PWROTHBTNXX,,,,2042,,,,,,0.0
TotalAnnualMaxCapacity,BAU,GLOBAL,PWROTHBTNXX,,,,2043,,,,,,0.0
TotalAnnualMaxCapacity,BAU,GLOBAL,PWROTHBTNXX,,,,2044,,,,,,0.0
TotalAnnualMaxCapacity,BAU,GLOBAL,PWROTHBTNXX,,,,2045,,,,,,0.0
TotalAnnualMaxCapacity,BAU,GLOBAL,PWROTHBTNXX,,,,2046,,,,,,0.0
TotalAnnualMaxCapacity,BAU,GLOBAL,PWROTHBTNXX,,,,2047,,,,,,0.0
TotalAnnualMaxCapacity,BAU,GLOBAL,PWROTHBTNXX,,,,2048,,,,,,0.0
TotalAnnualMaxCapacity,BAU,GLOBAL,PWROTHBTNXX,,,,2049,,,,,,0.0
TotalAnnualMaxCapacity,BAU,GLOBAL,PWROTHBTNXX,,,,2050,,,,,,0.0
TotalAnnualMaxCapacity,BAU,GLOBAL,PWRSDSMDVXX,,,,2023,,,,,,0.0
TotalAnnualMaxCapacity,BAU,GLOBAL,PWRSDSMDVXX,,,,2024,,,,,,0.0
TotalAnnualMaxCapacity,BAU,GLOBAL,PWRSDSMDVXX,,,,2025,,,,,,0.0
TotalAnnualMaxCapacity,BAU,GLOBAL,PWRSDSMDVXX,,,,2026,,,,,,0.0
TotalAnnualMaxCapacity,BAU,GLOBAL,PWRSDSMDVXX,,,,2027,,,,,,0.0
TotalAnnualMaxCapacity,BAU,GLOBAL,PWRSDSMDVXX,,,,2028,,,,,,0.0
TotalAnnualMaxCapacity,BAU,GLOBAL,PWRSDSMDVXX,,,,2029,,,,,,0.0
TotalAnnualMaxCapacity,BAU,GLOBAL,PWRSDSMDVXX,,,,2030,,,,,,0.0
TotalAnnualMaxCapacity,BAU,GLOBAL,PWRSDSMDVXX,,,,2031,,,,,,0.0
TotalAnnualMaxCapacity,BAU,GLOBAL,PWRSDSMDVXX,,,,2032,,,,,,0.0
TotalAnnualMaxCapacity,BAU,GLOBAL,PWRSDSMDVXX,,,,2033,,,,,,0.0
TotalAnnualMaxCapacity,BAU,GLOBAL,PWRSDSMDVXX,,,,2034,,,,,,0.0
TotalAnnualMaxCapacity,BAU,GLOBAL,PWRSDSMDVXX,,,,2035,,,,,,0.0
TotalAnnualMaxCapacity,BAU,GLOBAL,PWRSDSMDVXX,,,,2036,,,,,,0.0
TotalAnnualMaxCapacity,BAU,GLOBAL,PWRSDSMDVXX,,,,2037,,,,,,0.0
TotalAnnualMaxCapacity,BAU,GLOBAL,PWRSDSMDVXX,,,,2038,,,,,,0.0
TotalAnnualMaxCapacity,BAU,GLOBAL,PWRSDSMDVXX,,,,2039,,,,,,0.0
TotalAnnualMaxCapacity,BAU,GLOBAL,PWRSDSMDVXX,,,,2040,,,,,,0.0
TotalAnnualMaxCapacity,BAU,GLOBAL,PWRSDSMDVXX,,,,2041,,,,,,0.0
TotalAnnualMaxCapacity,BAU,GLOBAL,PWRSDSMDVXX,,,,2042,,,,,,0.0
TotalAnnualMaxCapacity,BAU,GLOBAL,PWRSDSMDVXX,,,,2043,,,,,,0.0
TotalAnnualMaxCapacity,BAU,GLOBAL,PWRSDSMDVXX,,,,2044,,,,,,0.0
TotalAnnualMaxCapacity,BAU,GLOBAL,PWRSDSMDVXX,,,,2045,,,,,,0.0
TotalAnnualMaxCapacity,BAU,GLOBAL,PWRSDSMDVXX,,,,2046,,,,,,0.0
TotalAnnualMaxCapacity,BAU,GLOBAL,PWRSDSMDVXX,,,,2047,,,,,,0.0
TotalAnnualMaxCapacity,BAU,GLOBAL,PWRSDSMDVXX,,,,2048,,,,,,0.0
TotalAnnualMaxCapacity,BAU,GLOBAL,PWRSDSMDVXX,,,,2049,,,,,,0.0
TotalAnnualMaxCapacity,BAU,GLOBAL,PWRSDSMDVXX,,,,2050,,,,,,0.0
TotalAnnualMaxCapacity,BAU,GLOBAL,PWROTHINDEA,,,,2023,,,,,,0.0
TotalAnnualMaxCapacity,BAU,GLOBAL,PWROTHINDEA,,,,2024,,,,,,0.0
TotalAnnualMaxCapacity,BAU,GLOBAL,PWROTHINDEA,,,,2025,,,,,,0.0
TotalAnnualMaxCapacity,BAU,GLOBAL,PWROTHINDEA,,,,2026,,,,,,0.0
TotalAnnualMaxCapacity,BAU,GLOBAL,PWROTHINDEA,,,,2027,,,,,,0.0
TotalAnnualMaxCapacity,BAU,GLOBAL,PWROTHINDEA,,,,2028,,,,,,0.0
TotalAnnualMaxCapacity,BAU,GLOBAL,PWROTHINDEA,,,,2029,,,,,,0.0
TotalAnnualMaxCapacity,BAU,GLOBAL,PWROTHINDEA,,,,2030,,,,,,0.0
TotalAnnualMaxCapacity,BAU,GLOBAL,PWROTHINDEA,,,,2031,,,,,,0.0
TotalAnnualMaxCapacity,BAU,GLOBAL,PWROTHINDEA,,,,2032,,,,,,0.0
TotalAnnualMaxCapacity,BAU,GLOBAL,PWROTHINDEA,,,,2033,,,,,,0.0
TotalAnnualMaxCapacity,BAU,GLOBAL,PWROTHINDEA,,,,2034,,,,,,0.0
TotalAnnualMaxCapacity,BAU,GLOBAL,PWROTHINDEA,,,,2035,,,,,,0.0
TotalAnnualMaxCapacity,BAU,GLOBAL,PWROTHINDEA,,,,2036,,,,,,0.0
TotalAnnualMaxCapacity,BAU,GLOBAL,PWROTHINDEA,,,,2037,,,,,,0.0
TotalAnnualMaxCapacity,BAU,GLOBAL,PWROTHINDEA,,,,2038,,,,,,0.0
TotalAnnualMaxCapacity,BAU,GLOBAL,PWROTHINDEA,,,,2039,,,,,,0.0
TotalAnnualMaxCapacity,BAU,GLOBAL,PWROTHINDEA,,,,2040,,,,,,0.0
TotalAnnualMaxCapacity,BAU,GLOBAL,PWROTHINDEA,,,,2041,,,,,,0.0
TotalAnnualMaxCapacity,BAU,GLOBAL,PWROTHINDEA,,,,2042,,,,,,0.0
TotalAnnualMaxCapacity,BAU,GLOBAL,PWROTHINDEA,,,,2043,,,,,,0.0
TotalAnnualMaxCapacity,BAU,GLOBAL,PWROTHINDEA,,,,2044,,,,,,0.0
TotalAnnualMaxCapacity,BAU,GLOBAL,PWROTHINDEA,,,,2045,,,,,,0.0
TotalAnnualMaxCapacity,BAU,GLOBAL,PWROTHINDEA,,,,2046,,,,,,0.0
TotalAnnualMaxCapacity,BAU,GLOBAL,PWROTHINDEA,,,,2047,,,,,,0.0
TotalAnnualMaxCapacity,BAU,GLOBAL,PWROTHINDEA,,,,2048,,,,,,0.0
TotalAnnualMaxCapacity,BAU,GLOBAL,PWROTHINDEA,,,,2049,,,,,,0.0
TotalAnnualMaxCapacity,BAU,GLOBAL,PWROTHINDEA,,,,2050,,,,,,0.0
TotalAnnualMaxCapacity,BAU,GLOBAL,PWRSDSNPLXX,,,,2023,,,,,,0.0
TotalAnnualMaxCapacity,BAU,GLOBAL,PWRSDSNPLXX,,,,2024,,,,,,0.0
TotalAnnualMaxCapacity,BAU,GLOBAL,PWRSDSNPLXX,,,,2025,,,,,,0.0
TotalAnnualMaxCapacity,BAU,GLOBAL,PWRSDSNPLXX,,,,2026,,,,,,0.0
TotalAnnualMaxCapacity,BAU,GLOBAL,PWRSDSNPLXX,,,,2027,,,,,,0.0
TotalAnnualMaxCapacity,BAU,GLOBAL,PWRSDSNPLXX,,,,2028,,,,,,0.0
TotalAnnualMaxCapacity,BAU,GLOBAL,PWRSDSNPLXX,,,,2029,,,,,,0.0
TotalAnnualMaxCapacity,BAU,GLOBAL,PWRSDSNPLXX,,,,2030,,,,,,0.0
TotalAnnualMaxCapacity,BAU,GLOBAL,PWRSDSNPLXX,,,,2031,,,,,,0.0
TotalAnnualMaxCapacity,BAU,GLOBAL,PWRSDSNPLXX,,,,2032,,,,,,0.0
TotalAnnualMaxCapacity,BAU,GLOBAL,PWRSDSNPLXX,,,,2033,,,,,,0.0
TotalAnnualMaxCapacity,BAU,GLOBAL,PWRSDSNPLXX,,,,2034,,,,,,0.0
TotalAnnualMaxCapacity,BAU,GLOBAL,PWRSDSNPLXX,,,,2035,,,,,,0.0
TotalAnnualMaxCapacity,BAU,GLOBAL,PWRSDSNPLXX,,,,2036,,,,,,0.0
TotalAnnualMaxCapacity,BAU,GLOBAL,PWRSDSNPLXX,,,,2037,,,,,,0.0
TotalAnnualMaxCapacity,BAU,GLOBAL,PWRSDSNPLXX,,,,2038,,,,,,0.0
TotalAnnualMaxCapacity,BAU,GLOBAL,PWRSDSNPLXX,,,,2039,,,,,,0.0
TotalAnnualMaxCapacity,BAU,GLOBAL,PWRSDSNPLXX,,,,2040,,,,,,0.0
TotalAnnualMaxCapacity,BAU,GLOBAL,PWRSDSNPLXX,,,,2041,,,,,,0.0
TotalAnnualMaxCapacity,BAU,GLOBAL,PWRSDSNPLXX,,,,2042,,,,,,0.0
TotalAnnualMaxCapacity,BAU,GLOBAL,PWRSDSNPLXX,,,,2043,,,,,,0.0
TotalAnnualMaxCapacity,BAU,GLOBAL,PWRSDSNPLXX,,,,2044,,,,,,0.0
TotalAnnualMaxCapacity,BAU,GLOBAL,PWRSDSNPLXX,,,,2045,,,,,,0.0
TotalAnnualMaxCapacity,BAU,GLOBAL,PWRSDSNPLXX,,,,2046,,,,,,0.0
TotalAnnualMaxCapacity,BAU,GLOBAL,PWRSDSNPLXX,,,,2047,,,,,,0.0
TotalAnnualMaxCapacity,BAU,GLOBAL,PWRSDSNPLXX,,,,2048,,,,,,0.0
TotalAnnualMaxCapacity,BAU,GLOBAL,PWRSDSNPLXX,,,,2049,,,,,,0.0
TotalAnnualMaxCapacity,BAU,GLOBAL,PWRSDSNPLXX,,,,2050,,,,,,0.0
TotalAnnualMaxCapacity,BAU,GLOBAL,PWROTHINDNE,,,,2023,,,,,,0.0
TotalAnnualMaxCapacity,BAU,GLOBAL,PWROTHINDNE,,,,2024,,,,,,0.0
TotalAnnualMaxCapacity,BAU,GLOBAL,PWROTHINDNE,,,,2025,,,,,,0.0
TotalAnnualMaxCapacity,BAU,GLOBAL,PWROTHINDNE,,,,2026,,,,,,0.0
TotalAnnualMaxCapacity,BAU,GLOBAL,PWROTHINDNE,,,,2027,,,,,,0.0
TotalAnnualMaxCapacity,BAU,GLOBAL,PWROTHINDNE,,,,2028,,,,,,0.0
TotalAnnualMaxCapacity,BAU,GLOBAL,PWROTHINDNE,,,,2029,,,,,,0.0
TotalAnnualMaxCapacity,BAU,GLOBAL,PWROTHINDNE,,,,2030,,,,,,0.0
TotalAnnualMaxCapacity,BAU,GLOBAL,PWROTHINDNE,,,,2031,,,,,,0.0
TotalAnnualMaxCapacity,BAU,GLOBAL,PWROTHINDNE,,,,2032,,,,,,0.0
TotalAnnualMaxCapacity,BAU,GLOBAL,PWROTHINDNE,,,,2033,,,,,,0.0
TotalAnnualMaxCapacity,BAU,GLOBAL,PWROTHINDNE,,,,2034,,,,,,0.0
TotalAnnualMaxCapacity,BAU,GLOBAL,PWROTHINDNE,,,,2035,,,,,,0.0
TotalAnnualMaxCapacity,BAU,GLOBAL,PWROTHINDNE,,,,2036,,,,,,0.0
TotalAnnualMaxCapacity,BAU,GLOBAL,PWROTHINDNE,,,,2037,,,,,,0.0
TotalAnnualMaxCapacity,BAU,GLOBAL,PWROTHINDNE,,,,2038,,,,,,0.0
TotalAnnualMaxCapacity,BAU,GLOBAL,PWROTHINDNE,,,,2039,,,,,,0.0
TotalAnnualMaxCapacity,BAU,GLOBAL,PWROTHINDNE,,,,2040,,,,,,0.0
TotalAnnualMaxCapacity,BAU,GLOBAL,PWROTHINDNE,,,,2041,,,,,,0.0
TotalAnnualMaxCapacity,BAU,GLOBAL,PWROTHINDNE,,,,2042,,,,,,0.0
TotalAnnualMaxCapacity,BAU,GLOBAL,PWROTHINDNE,,,,2043,,,,,,0.0
TotalAnnualMaxCapacity,BAU,GLOBAL,PWROTHINDNE,,,,2044,,,,,,0.0
TotalAnnualMaxCapacity,BAU,GLOBAL,PWROTHINDNE,,,,2045,,,,,,0.0
TotalAnnualMaxCapacity,BAU,GLOBAL,PWROTHINDNE,,,,2046,,,,,,0.0
TotalAnnualMaxCapacity,BAU,GLOBAL,PWROTHINDNE,,,,2047,,,,,,0.0
TotalAnnualMaxCapacity,BAU,GLOBAL,PWROTHINDNE,,,,2048,,,,,,0.0
TotalAnnualMaxCapacity,BAU,GLOBAL,PWROTHINDNE,,,,2049,,,,,,0.0
TotalAnnualMaxCapacity,BAU,GLOBAL,PWROTHINDNE,,,,2050,,,,,,0.0
TotalAnnualMaxCapacity,BAU,GLOBAL,PWROTHINDNO,,,,2023,,,,,,0.0
TotalAnnualMaxCapacity,BAU,GLOBAL,PWROTHINDNO,,,,2024,,,,,,0.0
TotalAnnualMaxCapacity,BAU,GLOBAL,PWROTHINDNO,,,,2025,,,,,,0.0
TotalAnnualMaxCapacity,BAU,GLOBAL,PWROTHINDNO,,,,2026,,,,,,0.0
TotalAnnualMaxCapacity,BAU,GLOBAL,PWROTHINDNO,,,,2027,,,,,,0.0
TotalAnnualMaxCapacity,BAU,GLOBAL,PWROTHINDNO,,,,2028,,,,,,0.0
TotalAnnualMaxCapacity,BAU,GLOBAL,PWROTHINDNO,,,,2029,,,,,,0.0
TotalAnnualMaxCapacity,BAU,GLOBAL,PWROTHINDNO,,,,2030,,,,,,0.0
TotalAnnualMaxCapacity,BAU,GLOBAL,PWROTHINDNO,,,,2031,,,,,,0.0
TotalAnnualMaxCapacity,BAU,GLOBAL,PWROTHINDNO,,,,2032,,,,,,0.0
TotalAnnualMaxCapacity,BAU,GLOBAL,PWROTHINDNO,,,,2033,,,,,,0.0
TotalAnnualMaxCapacity,BAU,GLOBAL,PWROTHINDNO,,,,2034,,,,,,0.0
TotalAnnualMaxCapacity,BAU,GLOBAL,PWROTHINDNO,,,,2035,,,,,,0.0
TotalAnnualMaxCapacity,BAU,GLOBAL,PWROTHINDNO,,,,2036,,,,,,0.0
TotalAnnualMaxCapacity,BAU,GLOBAL,PWROTHINDNO,,,,2037,,,,,,0.0
TotalAnnualMaxCapacity,BAU,GLOBAL,PWROTHINDNO,,,,2038,,,,,,0.0
TotalAnnualMaxCapacity,BAU,GLOBAL,PWROTHINDNO,,,,2039,,,,,,0.0
TotalAnnualMaxCapacity,BAU,GLOBAL,PWROTHINDNO,,,,2040,,,,,,0.0
TotalAnnualMaxCapacity,BAU,GLOBAL,PWROTHINDNO,,,,2041,,,,,,0.0
TotalAnnualMaxCapacity,BAU,GLOBAL,PWROTHINDNO,,,,2042,,,,,,0.0
TotalAnnualMaxCapacity,BAU,GLOBAL,PWROTHINDNO,,,,2043,,,,,,0.0
TotalAnnualMaxCapacity,BAU,GLOBAL,PWROTHINDNO,,,,2044,,,,,,0.0
TotalAnnualMaxCapacity,BAU,GLOBAL,PWROTHINDNO,,,,2045,,,,,,0.0
TotalAnnualMaxCapacity,BAU,GLOBAL,PWROTHINDNO,,,,2046,,,,,,0.0
TotalAnnualMaxCapacity,BAU,GLOBAL,PWROTHINDNO,,,,2047,,,,,,0.0
TotalAnnualMaxCapacity,BAU,GLOBAL,PWROTHINDNO,,,,2048,,,,,,0.0
TotalAnnualMaxCapacity,BAU,GLOBAL,PWROTHINDNO,,,,2049,,,,,,0.0
TotalAnnualMaxCapacity,BAU,GLOBAL,PWROTHINDNO,,,,2050,,,,,,0.0
TotalAnnualMaxCapacity,BAU,GLOBAL,PWROTHINDSO,,,,2023,,,,,,0.0
TotalAnnualMaxCapacity,BAU,GLOBAL,PWROTHINDSO,,,,2024,,,,,,0.0
TotalAnnualMaxCapacity,BAU,GLOBAL,PWROTHINDSO,,,,2025,,,,,,0.0
TotalAnnualMaxCapacity,BAU,GLOBAL,PWROTHINDSO,,,,2026,,,,,,0.0
TotalAnnualMaxCapacity,BAU,GLOBAL,PWROTHINDSO,,,,2027,,,,,,0.0
TotalAnnualMaxCapacity,BAU,GLOBAL,PWROTHINDSO,,,,2028,,,,,,0.0
TotalAnnualMaxCapacity,BAU,GLOBAL,PWROTHINDSO,,,,2029,,,,,,0.0
TotalAnnualMaxCapacity,BAU,GLOBAL,PWROTHINDSO,,,,2030,,,,,,0.0
TotalAnnualMaxCapacity,BAU,GLOBAL,PWROTHINDSO,,,,2031,,,,,,0.0
TotalAnnualMaxCapacity,BAU,GLOBAL,PWROTHINDSO,,,,2032,,,,,,0.0
TotalAnnualMaxCapacity,BAU,GLOBAL,PWROTHINDSO,,,,2033,,,,,,0.0
TotalAnnualMaxCapacity,BAU,GLOBAL,PWROTHINDSO,,,,2034,,,,,,0.0
TotalAnnualMaxCapacity,BAU,GLOBAL,PWROTHINDSO,,,,2035,,,,,,0.0
TotalAnnualMaxCapacity,BAU,GLOBAL,PWROTHINDSO,,,,2036,,,,,,0.0
TotalAnnualMaxCapacity,BAU,GLOBAL,PWROTHINDSO,,,,2037,,,,,,0.0
TotalAnnualMaxCapacity,BAU,GLOBAL,PWROTHINDSO,,,,2038,,,,,,0.0
TotalAnnualMaxCapacity,BAU,GLOBAL,PWROTHINDSO,,,,2039,,,,,,0.0
TotalAnnualMaxCapacity,BAU,GLOBAL,PWROTHINDSO,,,,2040,,,,,,0.0
TotalAnnualMaxCapacity,BAU,GLOBAL,PWROTHINDSO,,,,2041,,,,,,0.0
TotalAnnualMaxCapacity,BAU,GLOBAL,PWROTHINDSO,,,,2042,,,,,,0.0
TotalAnnualMaxCapacity,BAU,GLOBAL,PWROTHINDSO,,,,2043,,,,,,0.0
TotalAnnualMaxCapacity,BAU,GLOBAL,PWROTHINDSO,,,,2044,,,,,,0.0
TotalAnnualMaxCapacity,BAU,GLOBAL,PWROTHINDSO,,,,2045,,,,,,0.0
TotalAnnualMaxCapacity,BAU,GLOBAL,PWROTHINDSO,,,,2046,,,,,,0.0
TotalAnnualMaxCapacity,BAU,GLOBAL,PWROTHINDSO,,,,2047,,,,,,0.0
TotalAnnualMaxCapacity,BAU,GLOBAL,PWROTHINDSO,,,,2048,,,,,,0.0
TotalAnnualMaxCapacity,BAU,GLOBAL,PWROTHINDSO,,,,2049,,,,,,0.0
TotalAnnualMaxCapacity,BAU,GLOBAL,PWROTHINDSO,,,,2050,,,,,,0.0
TotalAnnualMaxCapacity,BAU,GLOBAL,PWROTHINDWE,,,,2023,,,,,,0.0
TotalAnnualMaxCapacity,BAU,GLOBAL,PWROTHINDWE,,,,2024,,,,,,0.0
TotalAnnualMaxCapacity,BAU,GLOBAL,PWROTHINDWE,,,,2025,,,,,,0.0
TotalAnnualMaxCapacity,BAU,GLOBAL,PWROTHINDWE,,,,2026,,,,,,0.0
TotalAnnualMaxCapacity,BAU,GLOBAL,PWROTHINDWE,,,,2027,,,,,,0.0
TotalAnnualMaxCapacity,BAU,GLOBAL,PWROTHINDWE,,,,2028,,,,,,0.0
TotalAnnualMaxCapacity,BAU,GLOBAL,PWROTHINDWE,,,,2029,,,,,,0.0
TotalAnnualMaxCapacity,BAU,GLOBAL,PWROTHINDWE,,,,2030,,,,,,0.0
TotalAnnualMaxCapacity,BAU,GLOBAL,PWROTHINDWE,,,,2031,,,,,,0.0
TotalAnnualMaxCapacity,BAU,GLOBAL,PWROTHINDWE,,,,2032,,,,,,0.0
TotalAnnualMaxCapacity,BAU,GLOBAL,PWROTHINDWE,,,,2033,,,,,,0.0
TotalAnnualMaxCapacity,BAU,GLOBAL,PWROTHINDWE,,,,2034,,,,,,0.0
TotalAnnualMaxCapacity,BAU,GLOBAL,PWROTHINDWE,,,,2035,,,,,,0.0
TotalAnnualMaxCapacity,BAU,GLOBAL,PWROTHINDWE,,,,2036,,,,,,0.0
TotalAnnualMaxCapacity,BAU,GLOBAL,PWROTHINDWE,,,,2037,,,,,,0.0
TotalAnnualMaxCapacity,BAU,GLOBAL,PWROTHINDWE,,,,2038,,,,,,0.0
TotalAnnualMaxCapacity,BAU,GLOBAL,PWROTHINDWE,,,,2039,,,,,,0.0
TotalAnnualMaxCapacity,BAU,GLOBAL,PWROTHINDWE,,,,2040,,,,,,0.0
TotalAnnualMaxCapacity,BAU,GLOBAL,PWROTHINDWE,,,,2041,,,,,,0.0
TotalAnnualMaxCapacity,BAU,GLOBAL,PWROTHINDWE,,,,2042,,,,,,0.0
TotalAnnualMaxCapacity,BAU,GLOBAL,PWROTHINDWE,,,,2043,,,,,,0.0
TotalAnnualMaxCapacity,BAU,GLOBAL,PWROTHINDWE,,,,2044,,,,,,0.0
TotalAnnualMaxCapacity,BAU,GLOBAL,PWROTHINDWE,,,,2045,,,,,,0.0
TotalAnnualMaxCapacity,BAU,GLOBAL,PWROTHINDWE,,,,2046,,,,,,0.0
TotalAnnualMaxCapacity,BAU,GLOBAL,PWROTHINDWE,,,,2047,,,,,,0.0
TotalAnnualMaxCapacity,BAU,GLOBAL,PWROTHINDWE,,,,2048,,,,,,0.0
TotalAnnualMaxCapacity,BAU,GLOBAL,PWROTHINDWE,,,,2049,,,,,,0.0
TotalAnnualMaxCapacity,BAU,GLOBAL,PWROTHINDWE,,,,2050,,,,,,0.0
TotalAnnualMaxCapacity,BAU,GLOBAL,PWROTHLKAXX,,,,2023,,,,,,0.0
TotalAnnualMaxCapacity,BAU,GLOBAL,PWROTHLKAXX,,,,2024,,,,,,0.0
TotalAnnualMaxCapacity,BAU,GLOBAL,PWROTHLKAXX,,,,2025,,,,,,0.0
TotalAnnualMaxCapacity,BAU,GLOBAL,PWROTHLKAXX,,,,2026,,,,,,0.0
TotalAnnualMaxCapacity,BAU,GLOBAL,PWROTHLKAXX,,,,2027,,,,,,0.0
TotalAnnualMaxCapacity,BAU,GLOBAL,PWROTHLKAXX,,,,2028,,,,,,0.0
TotalAnnualMaxCapacity,BAU,GLOBAL,PWROTHLKAXX,,,,2029,,,,,,0.0
TotalAnnualMaxCapacity,BAU,GLOBAL,PWROTHLKAXX,,,,2030,,,,,,0.0
TotalAnnualMaxCapacity,BAU,GLOBAL,PWROTHLKAXX,,,,2031,,,,,,0.0
TotalAnnualMaxCapacity,BAU,GLOBAL,PWROTHLKAXX,,,,2032,,,,,,0.0
TotalAnnualMaxCapacity,BAU,GLOBAL,PWROTHLKAXX,,,,2033,,,,,,0.0
TotalAnnualMaxCapacity,BAU,GLOBAL,PWROTHLKAXX,,,,2034,,,,,,0.0
TotalAnnualMaxCapacity,BAU,GLOBAL,PWROTHLKAXX,,,,2035,,,,,,0.0
TotalAnnualMaxCapacity,BAU,GLOBAL,PWROTHLKAXX,,,,2036,,,,,,0.0
TotalAnnualMaxCapacity,BAU,GLOBAL,PWROTHLKAXX,,,,2037,,,,,,0.0
TotalAnnualMaxCapacity,BAU,GLOBAL,PWROTHLKAXX,,,,2038,,,,,,0.0
TotalAnnualMaxCapacity,BAU,GLOBAL,PWROTHLKAXX,,,,2039,,,,,,0.0
TotalAnnualMaxCapacity,BAU,GLOBAL,PWROTHLKAXX,,,,2040,,,,,,0.0
TotalAnnualMaxCapacity,BAU,GLOBAL,PWROTHLKAXX,,,,2041,,,,,,0.0
TotalAnnualMaxCapacity,BAU,GLOBAL,PWROTHLKAXX,,,,2042,,,,,,0.0
TotalAnnualMaxCapacity,BAU,GLOBAL,PWROTHLKAXX,,,,2043,,,,,,0.0
TotalAnnualMaxCapacity,BAU,GLOBAL,PWROTHLKAXX,,,,2044,,,,,,0.0
TotalAnnualMaxCapacity,BAU,GLOBAL,PWROTHLKAXX,,,,2045,,,,,,0.0
TotalAnnualMaxCapacity,BAU,GLOBAL,PWROTHLKAXX,,,,2046,,,,,,0.0
TotalAnnualMaxCapacity,BAU,GLOBAL,PWROTHLKAXX,,,,2047,,,,,,0.0
TotalAnnualMaxCapacity,BAU,GLOBAL,PWROTHLKAXX,,,,2048,,,,,,0.0
TotalAnnualMaxCapacity,BAU,GLOBAL,PWROTHLKAXX,,,,2049,,,,,,0.0
TotalAnnualMaxCapacity,BAU,GLOBAL,PWROTHLKAXX,,,,2050,,,,,,0.0
TotalAnnualMaxCapacity,BAU,GLOBAL,PWROTHMDVXX,,,,2023,,,,,,0.0
TotalAnnualMaxCapacity,BAU,GLOBAL,PWROTHMDVXX,,,,2024,,,,,,0.0
TotalAnnualMaxCapacity,BAU,GLOBAL,PWROTHMDVXX,,,,2025,,,,,,0.0
TotalAnnualMaxCapacity,BAU,GLOBAL,PWROTHMDVXX,,,,2026,,,,,,0.0
TotalAnnualMaxCapacity,BAU,GLOBAL,PWROTHMDVXX,,,,2027,,,,,,0.0
TotalAnnualMaxCapacity,BAU,GLOBAL,PWROTHMDVXX,,,,2028,,,,,,0.0
TotalAnnualMaxCapacity,BAU,GLOBAL,PWROTHMDVXX,,,,2029,,,,,,0.0
TotalAnnualMaxCapacity,BAU,GLOBAL,PWROTHMDVXX,,,,2030,,,,,,0.0
TotalAnnualMaxCapacity,BAU,GLOBAL,PWROTHMDVXX,,,,2031,,,,,,0.0
TotalAnnualMaxCapacity,BAU,GLOBAL,PWROTHMDVXX,,,,2032,,,,,,0.0
TotalAnnualMaxCapacity,BAU,GLOBAL,PWROTHMDVXX,,,,2033,,,,,,0.0
TotalAnnualMaxCapacity,BAU,GLOBAL,PWROTHMDVXX,,,,2034,,,,,,0.0
TotalAnnualMaxCapacity,BAU,GLOBAL,PWROTHMDVXX,,,,2035,,,,,,0.0
TotalAnnualMaxCapacity,BAU,GLOBAL,PWROTHMDVXX,,,,2036,,,,,,0.0
TotalAnnualMaxCapacity,BAU,GLOBAL,PWROTHMDVXX,,,,2037,,,,,,0.0
TotalAnnualMaxCapacity,BAU,GLOBAL,PWROTHMDVXX,,,,2038,,,,,,0.0
TotalAnnualMaxCapacity,BAU,GLOBAL,PWROTHMDVXX,,,,2039,,,,,,0.0
TotalAnnualMaxCapacity,BAU,GLOBAL,PWROTHMDVXX,,,,2040,,,,,,0.0
TotalAnnualMaxCapacity,BAU,GLOBAL,PWROTHMDVXX,,,,2041,,,,,,0.0
TotalAnnualMaxCapacity,BAU,GLOBAL,PWROTHMDVXX,,,,2042,,,,,,0.0
TotalAnnualMaxCapacity,BAU,GLOBAL,PWROTHMDVXX,,,,2043,,,,,,0.0
TotalAnnualMaxCapacity,BAU,GLOBAL,PWROTHMDVXX,,,,2044,,,,,,0.0
TotalAnnualMaxCapacity,BAU,GLOBAL,PWROTHMDVXX,,,,2045,,,,,,0.0
TotalAnnualMaxCapacity,BAU,GLOBAL,PWROTHMDVXX,,,,2046,,,,,,0.0
TotalAnnualMaxCapacity,BAU,GLOBAL,PWROTHMDVXX,,,,2047,,,,,,0.0
TotalAnnualMaxCapacity,BAU,GLOBAL,PWROTHMDVXX,,,,2048,,,,,,0.0
TotalAnnualMaxCapacity,BAU,GLOBAL,PWROTHMDVXX,,,,2049,,,,,,0.0
TotalAnnualMaxCapacity,BAU,GLOBAL,PWROTHMDVXX,,,,2050,,,,,,0.0
TotalAnnualMaxCapacity,BAU,GLOBAL,PWROTHNPLXX,,,,2023,,,,,,0.0
TotalAnnualMaxCapacity,BAU,GLOBAL,PWROTHNPLXX,,,,2024,,,,,,0.0
TotalAnnualMaxCapacity,BAU,GLOBAL,PWROTHNPLXX,,,,2025,,,,,,0.0
TotalAnnualMaxCapacity,BAU,GLOBAL,PWROTHNPLXX,,,,2026,,,,,,0.0
TotalAnnualMaxCapacity,BAU,GLOBAL,PWROTHNPLXX,,,,2027,,,,,,0.0
TotalAnnualMaxCapacity,BAU,GLOBAL,PWROTHNPLXX,,,,2028,,,,,,0.0
TotalAnnualMaxCapacity,BAU,GLOBAL,PWROTHNPLXX,,,,2029,,,,,,0.0
TotalAnnualMaxCapacity,BAU,GLOBAL,PWROTHNPLXX,,,,2030,,,,,,0.0
TotalAnnualMaxCapacity,BAU,GLOBAL,PWROTHNPLXX,,,,2031,,,,,,0.0
TotalAnnualMaxCapacity,BAU,GLOBAL,PWROTHNPLXX,,,,2032,,,,,,0.0
TotalAnnualMaxCapacity,BAU,GLOBAL,PWROTHNPLXX,,,,2033,,,,,,0.0
TotalAnnualMaxCapacity,BAU,GLOBAL,PWROTHNPLXX,,,,2034,,,,,,0.0
TotalAnnualMaxCapacity,BAU,GLOBAL,PWROTHNPLXX,,,,2035,,,,,,0.0
TotalAnnualMaxCapacity,BAU,GLOBAL,PWROTHNPLXX,,,,2036,,,,,,0.0
TotalAnnualMaxCapacity,BAU,GLOBAL,PWROTHNPLXX,,,,2037,,,,,,0.0
TotalAnnualMaxCapacity,BAU,GLOBAL,PWROTHNPLXX,,,,2038,,,,,,0.0
TotalAnnualMaxCapacity,BAU,GLOBAL,PWROTHNPLXX,,,,2039,,,,,,0.0
TotalAnnualMaxCapacity,BAU,GLOBAL,PWROTHNPLXX,,,,2040,,,,,,0.0
TotalAnnualMaxCapacity,BAU,GLOBAL,PWROTHNPLXX,,,,2041,,,,,,0.0
TotalAnnualMaxCapacity,BAU,GLOBAL,PWROTHNPLXX,,,,2042,,,,,,0.0
TotalAnnualMaxCapacity,BAU,GLOBAL,PWROTHNPLXX,,,,2043,,,,,,0.0
TotalAnnualMaxCapacity,BAU,GLOBAL,PWROTHNPLXX,,,,2044,,,,,,0.0
TotalAnnualMaxCapacity,BAU,GLOBAL,PWROTHNPLXX,,,,2045,,,,,,0.0
TotalAnnualMaxCapacity,BAU,GLOBAL,PWROTHNPLXX,,,,2046,,,,,,0.0
TotalAnnualMaxCapacity,BAU,GLOBAL,PWROTHNPLXX,,,,2047,,,,,,0.0
TotalAnnualMaxCapacity,BAU,GLOBAL,PWROTHNPLXX,,,,2048,,,,,,0.0
TotalAnnualMaxCapacity,BAU,GLOBAL,PWROTHNPLXX,,,,2049,,,,,,0.0
TotalAnnualMaxCapacity,BAU,GLOBAL,PWROTHNPLXX,,,,2050,,,,,,0.0
TotalAnnualMaxCapacity,BAU,GLOBAL,PWRPETBTNXX,,,,2023,,,,,,0.0
TotalAnnualMaxCapacity,BAU,GLOBAL,PWRPETBTNXX,,,,2024,,,,,,0.0
TotalAnnualMaxCapacity,BAU,GLOBAL,PWRPETBTNXX,,,,2025,,,,,,0.0
TotalAnnualMaxCapacity,BAU,GLOBAL,PWRPETBTNXX,,,,2026,,,,,,0.0
TotalAnnualMaxCapacity,BAU,GLOBAL,PWRPETBTNXX,,,,2027,,,,,,0.0
TotalAnnualMaxCapacity,BAU,GLOBAL,PWRPETBTNXX,,,,2028,,,,,,0.0
TotalAnnualMaxCapacity,BAU,GLOBAL,PWRPETBTNXX,,,,2029,,,,,,0.0
TotalAnnualMaxCapacity,BAU,GLOBAL,PWRPETBTNXX,,,,2030,,,,,,0.0
TotalAnnualMaxCapacity,BAU,GLOBAL,PWRPETBTNXX,,,,2031,,,,,,0.0
TotalAnnualMaxCapacity,BAU,GLOBAL,PWRPETBTNXX,,,,2032,,,,,,0.0
TotalAnnualMaxCapacity,BAU,GLOBAL,PWRPETBTNXX,,,,2033,,,,,,0.0
TotalAnnualMaxCapacity,BAU,GLOBAL,PWRPETBTNXX,,,,2034,,,,,,0.0
TotalAnnualMaxCapacity,BAU,GLOBAL,PWRPETBTNXX,,,,2035,,,,,,0.0
TotalAnnualMaxCapacity,BAU,GLOBAL,PWRPETBTNXX,,,,2036,,,,,,0.0
TotalAnnualMaxCapacity,BAU,GLOBAL,PWRPETBTNXX,,,,2037,,,,,,0.0
TotalAnnualMaxCapacity,BAU,GLOBAL,PWRPETBTNXX,,,,2038,,,,,,0.0
TotalAnnualMaxCapacity,BAU,GLOBAL,PWRPETBTNXX,,,,2039,,,,,,0.0
TotalAnnualMaxCapacity,BAU,GLOBAL,PWRPETBTNXX,,,,2040,,,,,,0.0
TotalAnnualMaxCapacity,BAU,GLOBAL,PWRPETBTNXX,,,,2041,,,,,,0.0
TotalAnnualMaxCapacity,BAU,GLOBAL,PWRPETBTNXX,,,,2042,,,,,,0.0
TotalAnnualMaxCapacity,BAU,GLOBAL,PWRPETBTNXX,,,,2043,,,,,,0.0
TotalAnnualMaxCapacity,BAU,GLOBAL,PWRPETBTNXX,,,,2044,,,,,,0.0
TotalAnnualMaxCapacity,BAU,GLOBAL,PWRPETBTNXX,,,,2045,,,,,,0.0
TotalAnnualMaxCapacity,BAU,GLOBAL,PWRPETBTNXX,,,,2046,,,,,,0.0
TotalAnnualMaxCapacity,BAU,GLOBAL,PWRPETBTNXX,,,,2047,,,,,,0.0
TotalAnnualMaxCapacity,BAU,GLOBAL,PWRPETBTNXX,,,,2048,,,,,,0.0
TotalAnnualMaxCapacity,BAU,GLOBAL,PWRPETBTNXX,,,,2049,,,,,,0.0
TotalAnnualMaxCapacity,BAU,GLOBAL,PWRPETBTNXX,,,,2050,,,,,,0.0
TotalAnnualMaxCapacity,BAU,GLOBAL,PWRPETINDEA,,,,2023,,,,,,0.0
TotalAnnualMaxCapacity,BAU,GLOBAL,PWRPETINDEA,,,,2024,,,,,,0.0
TotalAnnualMaxCapacity,BAU,GLOBAL,PWRPETINDEA,,,,2025,,,,,,0.0
TotalAnnualMaxCapacity,BAU,GLOBAL,PWRPETINDEA,,,,2026,,,,,,0.0
TotalAnnualMaxCapacity,BAU,GLOBAL,PWRPETINDEA,,,,2027,,,,,,0.0
TotalAnnualMaxCapacity,BAU,GLOBAL,PWRPETINDEA,,,,2028,,,,,,0.0
TotalAnnualMaxCapacity,BAU,GLOBAL,PWRPETINDEA,,,,2029,,,,,,0.0
TotalAnnualMaxCapacity,BAU,GLOBAL,PWRPETINDEA,,,,2030,,,,,,0.0
TotalAnnualMaxCapacity,BAU,GLOBAL,PWRPETINDEA,,,,2031,,,,,,0.0
TotalAnnualMaxCapacity,BAU,GLOBAL,PWRPETINDEA,,,,2032,,,,,,0.0
TotalAnnualMaxCapacity,BAU,GLOBAL,PWRPETINDEA,,,,2033,,,,,,0.0
TotalAnnualMaxCapacity,BAU,GLOBAL,PWRPETINDEA,,,,2034,,,,,,0.0
TotalAnnualMaxCapacity,BAU,GLOBAL,PWRPETINDEA,,,,2035,,,,,,0.0
TotalAnnualMaxCapacity,BAU,GLOBAL,PWRPETINDEA,,,,2036,,,,,,0.0
TotalAnnualMaxCapacity,BAU,GLOBAL,PWRPETINDEA,,,,2037,,,,,,0.0
TotalAnnualMaxCapacity,BAU,GLOBAL,PWRPETINDEA,,,,2038,,,,,,0.0
TotalAnnualMaxCapacity,BAU,GLOBAL,PWRPETINDEA,,,,2039,,,,,,0.0
TotalAnnualMaxCapacity,BAU,GLOBAL,PWRPETINDEA,,,,2040,,,,,,0.0
TotalAnnualMaxCapacity,BAU,GLOBAL,PWRPETINDEA,,,,2041,,,,,,0.0
TotalAnnualMaxCapacity,BAU,GLOBAL,PWRPETINDEA,,,,2042,,,,,,0.0
TotalAnnualMaxCapacity,BAU,GLOBAL,PWRPETINDEA,,,,2043,,,,,,0.0
TotalAnnualMaxCapacity,BAU,GLOBAL,PWRPETINDEA,,,,2044,,,,,,0.0
TotalAnnualMaxCapacity,BAU,GLOBAL,PWRPETINDEA,,,,2045,,,,,,0.0
TotalAnnualMaxCapacity,BAU,GLOBAL,PWRPETINDEA,,,,2046,,,,,,0.0
TotalAnnualMaxCapacity,BAU,GLOBAL,PWRPETINDEA,,,,2047,,,,,,0.0
TotalAnnualMaxCapacity,BAU,GLOBAL,PWRPETINDEA,,,,2048,,,,,,0.0
TotalAnnualMaxCapacity,BAU,GLOBAL,PWRPETINDEA,,,,2049,,,,,,0.0
TotalAnnualMaxCapacity,BAU,GLOBAL,PWRPETINDEA,,,,2050,,,,,,0.0
TotalAnnualMaxCapacity,BAU,GLOBAL,PWRPETINDNE,,,,2023,,,,,,0.0
TotalAnnualMaxCapacity,BAU,GLOBAL,PWRPETINDNE,,,,2024,,,,,,0.0
TotalAnnualMaxCapacity,BAU,GLOBAL,PWRPETINDNE,,,,2025,,,,,,0.0
TotalAnnualMaxCapacity,BAU,GLOBAL,PWRPETINDNE,,,,2026,,,,,,0.0
TotalAnnualMaxCapacity,BAU,GLOBAL,PWRPETINDNE,,,,2027,,,,,,0.0
TotalAnnualMaxCapacity,BAU,GLOBAL,PWRPETINDNE,,,,2028,,,,,,0.0
TotalAnnualMaxCapacity,BAU,GLOBAL,PWRPETINDNE,,,,2029,,,,,,0.0
TotalAnnualMaxCapacity,BAU,GLOBAL,PWRPETINDNE,,,,2030,,,,,,0.0
TotalAnnualMaxCapacity,BAU,GLOBAL,PWRPETINDNE,,,,2031,,,,,,0.0
TotalAnnualMaxCapacity,BAU,GLOBAL,PWRPETINDNE,,,,2032,,,,,,0.0
TotalAnnualMaxCapacity,BAU,GLOBAL,PWRPETINDNE,,,,2033,,,,,,0.0
TotalAnnualMaxCapacity,BAU,GLOBAL,PWRPETINDNE,,,,2034,,,,,,0.0
TotalAnnualMaxCapacity,BAU,GLOBAL,PWRPETINDNE,,,,2035,,,,,,0.0
TotalAnnualMaxCapacity,BAU,GLOBAL,PWRPETINDNE,,,,2036,,,,,,0.0
TotalAnnualMaxCapacity,BAU,GLOBAL,PWRPETINDNE,,,,2037,,,,,,0.0
TotalAnnualMaxCapacity,BAU,GLOBAL,PWRPETINDNE,,,,2038,,,,,,0.0
TotalAnnualMaxCapacity,BAU,GLOBAL,PWRPETINDNE,,,,2039,,,,,,0.0
TotalAnnualMaxCapacity,BAU,GLOBAL,PWRPETINDNE,,,,2040,,,,,,0.0
TotalAnnualMaxCapacity,BAU,GLOBAL,PWRPETINDNE,,,,2041,,,,,,0.0
TotalAnnualMaxCapacity,BAU,GLOBAL,PWRPETINDNE,,,,2042,,,,,,0.0
TotalAnnualMaxCapacity,BAU,GLOBAL,PWRPETINDNE,,,,2043,,,,,,0.0
TotalAnnualMaxCapacity,BAU,GLOBAL,PWRPETINDNE,,,,2044,,,,,,0.0
TotalAnnualMaxCapacity,BAU,GLOBAL,PWRPETINDNE,,,,2045,,,,,,0.0
TotalAnnualMaxCapacity,BAU,GLOBAL,PWRPETINDNE,,,,2046,,,,,,0.0
TotalAnnualMaxCapacity,BAU,GLOBAL,PWRPETINDNE,,,,2047,,,,,,0.0
TotalAnnualMaxCapacity,BAU,GLOBAL,PWRPETINDNE,,,,2048,,,,,,0.0
TotalAnnualMaxCapacity,BAU,GLOBAL,PWRPETINDNE,,,,2049,,,,,,0.0
TotalAnnualMaxCapacity,BAU,GLOBAL,PWRPETINDNE,,,,2050,,,,,,0.0
TotalAnnualMaxCapacity,BAU,GLOBAL,PWRPETINDNO,,,,2023,,,,,,0.0
TotalAnnualMaxCapacity,BAU,GLOBAL,PWRPETINDNO,,,,2024,,,,,,0.0
TotalAnnualMaxCapacity,BAU,GLOBAL,PWRPETINDNO,,,,2025,,,,,,0.0
TotalAnnualMaxCapacity,BAU,GLOBAL,PWRPETINDNO,,,,2026,,,,,,0.0
TotalAnnualMaxCapacity,BAU,GLOBAL,PWRPETINDNO,,,,2027,,,,,,0.0
TotalAnnualMaxCapacity,BAU,GLOBAL,PWRPETINDNO,,,,2028,,,,,,0.0
TotalAnnualMaxCapacity,BAU,GLOBAL,PWRPETINDNO,,,,2029,,,,,,0.0
TotalAnnualMaxCapacity,BAU,GLOBAL,PWRPETINDNO,,,,2030,,,,,,0.0
TotalAnnualMaxCapacity,BAU,GLOBAL,PWRPETINDNO,,,,2031,,,,,,0.0
TotalAnnualMaxCapacity,BAU,GLOBAL,PWRPETINDNO,,,,2032,,,,,,0.0
TotalAnnualMaxCapacity,BAU,GLOBAL,PWRPETINDNO,,,,2033,,,,,,0.0
TotalAnnualMaxCapacity,BAU,GLOBAL,PWRPETINDNO,,,,2034,,,,,,0.0
TotalAnnualMaxCapacity,BAU,GLOBAL,PWRPETINDNO,,,,2035,,,,,,0.0
TotalAnnualMaxCapacity,BAU,GLOBAL,PWRPETINDNO,,,,2036,,,,,,0.0
TotalAnnualMaxCapacity,BAU,GLOBAL,PWRPETINDNO,,,,2037,,,,,,0.0
TotalAnnualMaxCapacity,BAU,GLOBAL,PWRPETINDNO,,,,2038,,,,,,0.0
TotalAnnualMaxCapacity,BAU,GLOBAL,PWRPETINDNO,,,,2039,,,,,,0.0
TotalAnnualMaxCapacity,BAU,GLOBAL,PWRPETINDNO,,,,2040,,,,,,0.0
TotalAnnualMaxCapacity,BAU,GLOBAL,PWRPETINDNO,,,,2041,,,,,,0.0
TotalAnnualMaxCapacity,BAU,GLOBAL,PWRPETINDNO,,,,2042,,,,,,0.0
TotalAnnualMaxCapacity,BAU,GLOBAL,PWRPETINDNO,,,,2043,,,,,,0.0
TotalAnnualMaxCapacity,BAU,GLOBAL,PWRPETINDNO,,,,2044,,,,,,0.0
TotalAnnualMaxCapacity,BAU,GLOBAL,PWRPETINDNO,,,,2045,,,,,,0.0
TotalAnnualMaxCapacity,BAU,GLOBAL,PWRPETINDNO,,,,2046,,,,,,0.0
TotalAnnualMaxCapacity,BAU,GLOBAL,PWRPETINDNO,,,,2047,,,,,,0.0
TotalAnnualMaxCapacity,BAU,GLOBAL,PWRPETINDNO,,,,2048,,,,,,0.0
TotalAnnualMaxCapacity,BAU,GLOBAL,PWRPETINDNO,,,,2049,,,,,,0.0
TotalAnnualMaxCapacity,BAU,GLOBAL,PWRPETINDNO,,,,2050,,,,,,0.0
TotalAnnualMaxCapacity,BAU,GLOBAL,PWRPETINDSO,,,,2023,,,,,,0.0
TotalAnnualMaxCapacity,BAU,GLOBAL,PWRPETINDSO,,,,2024,,,,,,0.0
TotalAnnualMaxCapacity,BAU,GLOBAL,PWRPETINDSO,,,,2025,,,,,,0.0
TotalAnnualMaxCapacity,BAU,GLOBAL,PWRPETINDSO,,,,2026,,,,,,0.0
TotalAnnualMaxCapacity,BAU,GLOBAL,PWRPETINDSO,,,,2027,,,,,,0.0
TotalAnnualMaxCapacity,BAU,GLOBAL,PWRPETINDSO,,,,2028,,,,,,0.0
TotalAnnualMaxCapacity,BAU,GLOBAL,PWRPETINDSO,,,,2029,,,,,,0.0
TotalAnnualMaxCapacity,BAU,GLOBAL,PWRPETINDSO,,,,2030,,,,,,0.0
TotalAnnualMaxCapacity,BAU,GLOBAL,PWRPETINDSO,,,,2031,,,,,,0.0
TotalAnnualMaxCapacity,BAU,GLOBAL,PWRPETINDSO,,,,2032,,,,,,0.0
TotalAnnualMaxCapacity,BAU,GLOBAL,PWRPETINDSO,,,,2033,,,,,,0.0
TotalAnnualMaxCapacity,BAU,GLOBAL,PWRPETINDSO,,,,2034,,,,,,0.0
TotalAnnualMaxCapacity,BAU,GLOBAL,PWRPETINDSO,,,,2035,,,,,,0.0
TotalAnnualMaxCapacity,BAU,GLOBAL,PWRPETINDSO,,,,2036,,,,,,0.0
TotalAnnualMaxCapacity,BAU,GLOBAL,PWRPETINDSO,,,,2037,,,,,,0.0
TotalAnnualMaxCapacity,BAU,GLOBAL,PWRPETINDSO,,,,2038,,,,,,0.0
TotalAnnualMaxCapacity,BAU,GLOBAL,PWRPETINDSO,,,,2039,,,,,,0.0
TotalAnnualMaxCapacity,BAU,GLOBAL,PWRPETINDSO,,,,2040,,,,,,0.0
TotalAnnualMaxCapacity,BAU,GLOBAL,PWRPETINDSO,,,,2041,,,,,,0.0
TotalAnnualMaxCapacity,BAU,GLOBAL,PWRPETINDSO,,,,2042,,,,,,0.0
TotalAnnualMaxCapacity,BAU,GLOBAL,PWRPETINDSO,,,,2043,,,,,,0.0
TotalAnnualMaxCapacity,BAU,GLOBAL,PWRPETINDSO,,,,2044,,,,,,0.0
TotalAnnualMaxCapacity,BAU,GLOBAL,PWRPETINDSO,,,,2045,,,,,,0.0
TotalAnnualMaxCapacity,BAU,GLOBAL,PWRPETINDSO,,,,2046,,,,,,0.0
TotalAnnualMaxCapacity,BAU,GLOBAL,PWRPETINDSO,,,,2047,,,,,,0.0
TotalAnnualMaxCapacity,BAU,GLOBAL,PWRPETINDSO,,,,2048,,,,,,0.0
TotalAnnualMaxCapacity,BAU,GLOBAL,PWRPETINDSO,,,,2049,,,,,,0.0
TotalAnnualMaxCapacity,BAU,GLOBAL,PWRPETINDSO,,,,2050,,,,,,0.0
TotalAnnualMaxCapacity,BAU,GLOBAL,PWRPETINDWE,,,,2023,,,,,,0.0
TotalAnnualMaxCapacity,BAU,GLOBAL,PWRPETINDWE,,,,2024,,,,,,0.0
TotalAnnualMaxCapacity,BAU,GLOBAL,PWRPETINDWE,,,,2025,,,,,,0.0
TotalAnnualMaxCapacity,BAU,GLOBAL,PWRPETINDWE,,,,2026,,,,,,0.0
TotalAnnualMaxCapacity,BAU,GLOBAL,PWRPETINDWE,,,,2027,,,,,,0.0
TotalAnnualMaxCapacity,BAU,GLOBAL,PWRPETINDWE,,,,2028,,,,,,0.0
TotalAnnualMaxCapacity,BAU,GLOBAL,PWRPETINDWE,,,,2029,,,,,,0.0
TotalAnnualMaxCapacity,BAU,GLOBAL,PWRPETINDWE,,,,2030,,,,,,0.0
TotalAnnualMaxCapacity,BAU,GLOBAL,PWRPETINDWE,,,,2031,,,,,,0.0
TotalAnnualMaxCapacity,BAU,GLOBAL,PWRPETINDWE,,,,2032,,,,,,0.0
TotalAnnualMaxCapacity,BAU,GLOBAL,PWRPETINDWE,,,,2033,,,,,,0.0
TotalAnnualMaxCapacity,BAU,GLOBAL,PWRPETINDWE,,,,2034,,,,,,0.0
TotalAnnualMaxCapacity,BAU,GLOBAL,PWRPETINDWE,,,,2035,,,,,,0.0
TotalAnnualMaxCapacity,BAU,GLOBAL,PWRPETINDWE,,,,2036,,,,,,0.0
TotalAnnualMaxCapacity,BAU,GLOBAL,PWRPETINDWE,,,,2037,,,,,,0.0
TotalAnnualMaxCapacity,BAU,GLOBAL,PWRPETINDWE,,,,2038,,,,,,0.0
TotalAnnualMaxCapacity,BAU,GLOBAL,PWRPETINDWE,,,,2039,,,,,,0.0
TotalAnnualMaxCapacity,BAU,GLOBAL,PWRPETINDWE,,,,2040,,,,,,0.0
TotalAnnualMaxCapacity,BAU,GLOBAL,PWRPETINDWE,,,,2041,,,,,,0.0
TotalAnnualMaxCapacity,BAU,GLOBAL,PWRPETINDWE,,,,2042,,,,,,0.0
TotalAnnualMaxCapacity,BAU,GLOBAL,PWRPETINDWE,,,,2043,,,,,,0.0
TotalAnnualMaxCapacity,BAU,GLOBAL,PWRPETINDWE,,,,2044,,,,,,0.0
TotalAnnualMaxCapacity,BAU,GLOBAL,PWRPETINDWE,,,,2045,,,,,,0.0
TotalAnnualMaxCapacity,BAU,GLOBAL,PWRPETINDWE,,,,2046,,,,,,0.0
TotalAnnualMaxCapacity,BAU,GLOBAL,PWRPETINDWE,,,,2047,,,,,,0.0
TotalAnnualMaxCapacity,BAU,GLOBAL,PWRPETINDWE,,,,2048,,,,,,0.0
TotalAnnualMaxCapacity,BAU,GLOBAL,PWRPETINDWE,,,,2049,,,,,,0.0
TotalAnnualMaxCapacity,BAU,GLOBAL,PWRPETINDWE,,,,2050,,,,,,0.0
TotalAnnualMaxCapacity,BAU,GLOBAL,PWRPETLKAXX,,,,2023,,,,,,0.0
TotalAnnualMaxCapacity,BAU,GLOBAL,PWRPETLKAXX,,,,2024,,,,,,0.0
TotalAnnualMaxCapacity,BAU,GLOBAL,PWRPETLKAXX,,,,2025,,,,,,0.0
TotalAnnualMaxCapacity,BAU,GLOBAL,PWRPETLKAXX,,,,2026,,,,,,0.0
TotalAnnualMaxCapacity,BAU,GLOBAL,PWRPETLKAXX,,,,2027,,,,,,0.0
TotalAnnualMaxCapacity,BAU,GLOBAL,PWRPETLKAXX,,,,2028,,,,,,0.0
TotalAnnualMaxCapacity,BAU,GLOBAL,PWRPETLKAXX,,,,2029,,,,,,0.0
TotalAnnualMaxCapacity,BAU,GLOBAL,PWRPETLKAXX,,,,2030,,,,,,0.0
TotalAnnualMaxCapacity,BAU,GLOBAL,PWRPETLKAXX,,,,2031,,,,,,0.0
TotalAnnualMaxCapacity,BAU,GLOBAL,PWRPETLKAXX,,,,2032,,,,,,0.0
TotalAnnualMaxCapacity,BAU,GLOBAL,PWRPETLKAXX,,,,2033,,,,,,0.0
TotalAnnualMaxCapacity,BAU,GLOBAL,PWRPETLKAXX,,,,2034,,,,,,0.0
TotalAnnualMaxCapacity,BAU,GLOBAL,PWRPETLKAXX,,,,2035,,,,,,0.0
TotalAnnualMaxCapacity,BAU,GLOBAL,PWRPETLKAXX,,,,2036,,,,,,0.0
TotalAnnualMaxCapacity,BAU,GLOBAL,PWRPETLKAXX,,,,2037,,,,,,0.0
TotalAnnualMaxCapacity,BAU,GLOBAL,PWRPETLKAXX,,,,2038,,,,,,0.0
TotalAnnualMaxCapacity,BAU,GLOBAL,PWRPETLKAXX,,,,2039,,,,,,0.0
TotalAnnualMaxCapacity,BAU,GLOBAL,PWRPETLKAXX,,,,2040,,,,,,0.0
TotalAnnualMaxCapacity,BAU,GLOBAL,PWRPETLKAXX,,,,2041,,,,,,0.0
TotalAnnualMaxCapacity,BAU,GLOBAL,PWRPETLKAXX,,,,2042,,,,,,0.0
TotalAnnualMaxCapacity,BAU,GLOBAL,PWRPETLKAXX,,,,2043,,,,,,0.0
TotalAnnualMaxCapacity,BAU,GLOBAL,PWRPETLKAXX,,,,2044,,,,,,0.0
TotalAnnualMaxCapacity,BAU,GLOBAL,PWRPETLKAXX,,,,2045,,,,,,0.0
TotalAnnualMaxCapacity,BAU,GLOBAL,PWRPETLKAXX,,,,2046,,,,,,0.0
TotalAnnualMaxCapacity,BAU,GLOBAL,PWRPETLKAXX,,,,2047,,,,,,0.0
TotalAnnualMaxCapacity,BAU,GLOBAL,PWRPETLKAXX,,,,2048,,,,,,0.0
TotalAnnualMaxCapacity,BAU,GLOBAL,PWRPETLKAXX,,,,2049,,,,,,0.0
TotalAnnualMaxCapacity,BAU,GLOBAL,PWRPETLKAXX,,,,2050,,,,,,0.0
TotalAnnualMaxCapacity,BAU,GLOBAL,PWRPETMDVXX,,,,2023,,,,,,0.0
TotalAnnualMaxCapacity,BAU,GLOBAL,PWRPETMDVXX,,,,2024,,,,,,0.0
TotalAnnualMaxCapacity,BAU,GLOBAL,PWRPETMDVXX,,,,2025,,,,,,0.0
TotalAnnualMaxCapacity,BAU,GLOBAL,PWRPETMDVXX,,,,2026,,,,,,0.0
TotalAnnualMaxCapacity,BAU,GLOBAL,PWRPETMDVXX,,,,2027,,,,,,0.0
TotalAnnualMaxCapacity,BAU,GLOBAL,PWRPETMDVXX,,,,2028,,,,,,0.0
TotalAnnualMaxCapacity,BAU,GLOBAL,PWRPETMDVXX,,,,2029,,,,,,0.0
TotalAnnualMaxCapacity,BAU,GLOBAL,PWRPETMDVXX,,,,2030,,,,,,0.0
TotalAnnualMaxCapacity,BAU,GLOBAL,PWRPETMDVXX,,,,2031,,,,,,0.0
TotalAnnualMaxCapacity,BAU,GLOBAL,PWRPETMDVXX,,,,2032,,,,,,0.0
TotalAnnualMaxCapacity,BAU,GLOBAL,PWRPETMDVXX,,,,2033,,,,,,0.0
TotalAnnualMaxCapacity,BAU,GLOBAL,PWRPETMDVXX,,,,2034,,,,,,0.0
TotalAnnualMaxCapacity,BAU,GLOBAL,PWRPETMDVXX,,,,2035,,,,,,0.0
TotalAnnualMaxCapacity,BAU,GLOBAL,PWRPETMDVXX,,,,2036,,,,,,0.0
TotalAnnualMaxCapacity,BAU,GLOBAL,PWRPETMDVXX,,,,2037,,,,,,0.0
TotalAnnualMaxCapacity,BAU,GLOBAL,PWRPETMDVXX,,,,2038,,,,,,0.0
TotalAnnualMaxCapacity,BAU,GLOBAL,PWRPETMDVXX,,,,2039,,,,,,0.0
TotalAnnualMaxCapacity,BAU,GLOBAL,PWRPETMDVXX,,,,2040,,,,,,0.0
TotalAnnualMaxCapacity,BAU,GLOBAL,PWRPETMDVXX,,,,2041,,,,,,0.0
TotalAnnualMaxCapacity,BAU,GLOBAL,PWRPETMDVXX,,,,2042,,,,,,0.0
TotalAnnualMaxCapacity,BAU,GLOBAL,PWRPETMDVXX,,,,2043,,,,,,0.0
TotalAnnualMaxCapacity,BAU,GLOBAL,PWRPETMDVXX,,,,2044,,,,,,0.0
TotalAnnualMaxCapacity,BAU,GLOBAL,PWRPETMDVXX,,,,2045,,,,,,0.0
TotalAnnualMaxCapacity,BAU,GLOBAL,PWRPETMDVXX,,,,2046,,,,,,0.0
TotalAnnualMaxCapacity,BAU,GLOBAL,PWRPETMDVXX,,,,2047,,,,,,0.0
TotalAnnualMaxCapacity,BAU,GLOBAL,PWRPETMDVXX,,,,2048,,,,,,0.0
TotalAnnualMaxCapacity,BAU,GLOBAL,PWRPETMDVXX,,,,2049,,,,,,0.0
TotalAnnualMaxCapacity,BAU,GLOBAL,PWRPETMDVXX,,,,2050,,,,,,0.0
TotalAnnualMaxCapacity,BAU,GLOBAL,PWRPETNPLXX,,,,2023,,,,,,0.0
TotalAnnualMaxCapacity,BAU,GLOBAL,PWRPETNPLXX,,,,2024,,,,,,0.0
TotalAnnualMaxCapacity,BAU,GLOBAL,PWRPETNPLXX,,,,2025,,,,,,0.0
TotalAnnualMaxCapacity,BAU,GLOBAL,PWRPETNPLXX,,,,2026,,,,,,0.0
TotalAnnualMaxCapacity,BAU,GLOBAL,PWRPETNPLXX,,,,2027,,,,,,0.0
TotalAnnualMaxCapacity,BAU,GLOBAL,PWRPETNPLXX,,,,2028,,,,,,0.0
TotalAnnualMaxCapacity,BAU,GLOBAL,PWRPETNPLXX,,,,2029,,,,,,0.0
TotalAnnualMaxCapacity,BAU,GLOBAL,PWRPETNPLXX,,,,2030,,,,,,0.0
TotalAnnualMaxCapacity,BAU,GLOBAL,PWRPETNPLXX,,,,2031,,,,,,0.0
TotalAnnualMaxCapacity,BAU,GLOBAL,PWRPETNPLXX,,,,2032,,,,,,0.0
TotalAnnualMaxCapacity,BAU,GLOBAL,PWRPETNPLXX,,,,2033,,,,,,0.0
TotalAnnualMaxCapacity,BAU,GLOBAL,PWRPETNPLXX,,,,2034,,,,,,0.0
TotalAnnualMaxCapacity,BAU,GLOBAL,PWRPETNPLXX,,,,2035,,,,,,0.0
TotalAnnualMaxCapacity,BAU,GLOBAL,PWRPETNPLXX,,,,2036,,,,,,0.0
TotalAnnualMaxCapacity,BAU,GLOBAL,PWRPETNPLXX,,,,2037,,,,,,0.0
TotalAnnualMaxCapacity,BAU,GLOBAL,PWRPETNPLXX,,,,2038,,,,,,0.0
TotalAnnualMaxCapacity,BAU,GLOBAL,PWRPETNPLXX,,,,2039,,,,,,0.0
TotalAnnualMaxCapacity,BAU,GLOBAL,PWRPETNPLXX,,,,2040,,,,,,0.0
TotalAnnualMaxCapacity,BAU,GLOBAL,PWRPETNPLXX,,,,2041,,,,,,0.0
TotalAnnualMaxCapacity,BAU,GLOBAL,PWRPETNPLXX,,,,2042,,,,,,0.0
TotalAnnualMaxCapacity,BAU,GLOBAL,PWRPETNPLXX,,,,2043,,,,,,0.0
TotalAnnualMaxCapacity,BAU,GLOBAL,PWRPETNPLXX,,,,2044,,,,,,0.0
TotalAnnualMaxCapacity,BAU,GLOBAL,PWRPETNPLXX,,,,2045,,,,,,0.0
TotalAnnualMaxCapacity,BAU,GLOBAL,PWRPETNPLXX,,,,2046,,,,,,0.0
TotalAnnualMaxCapacity,BAU,GLOBAL,PWRPETNPLXX,,,,2047,,,,,,0.0
TotalAnnualMaxCapacity,BAU,GLOBAL,PWRPETNPLXX,,,,2048,,,,,,0.0
TotalAnnualMaxCapacity,BAU,GLOBAL,PWRPETNPLXX,,,,2049,,,,,,0.0
TotalAnnualMaxCapacity,BAU,GLOBAL,PWRPETNPLXX,,,,2050,,,,,,0.0
TotalAnnualMaxCapacity,BAU,GLOBAL,PWRURNINDEA,,,,2023,,,,,,0.0
TotalAnnualMaxCapacity,BAU,GLOBAL,PWRURNINDEA,,,,2024,,,,,,0.0
TotalAnnualMaxCapacity,BAU,GLOBAL,PWRURNINDEA,,,,2025,,,,,,0.0
TotalAnnualMaxCapacity,BAU,GLOBAL,PWRURNINDEA,,,,2026,,,,,,0.0
TotalAnnualMaxCapacity,BAU,GLOBAL,PWRURNINDEA,,,,2027,,,,,,0.0
TotalAnnualMaxCapacity,BAU,GLOBAL,PWRURNINDEA,,,,2028,,,,,,0.0
TotalAnnualMaxCapacity,BAU,GLOBAL,PWRURNINDEA,,,,2029,,,,,,0.0
TotalAnnualMaxCapacity,BAU,GLOBAL,PWRURNINDEA,,,,2030,,,,,,0.0
TotalAnnualMaxCapacity,BAU,GLOBAL,PWRURNINDEA,,,,2031,,,,,,0.0
TotalAnnualMaxCapacity,BAU,GLOBAL,PWRURNINDEA,,,,2032,,,,,,0.0
TotalAnnualMaxCapacity,BAU,GLOBAL,PWRURNINDEA,,,,2033,,,,,,0.0
TotalAnnualMaxCapacity,BAU,GLOBAL,PWRURNINDEA,,,,2034,,,,,,0.0
TotalAnnualMaxCapacity,BAU,GLOBAL,PWRURNINDEA,,,,2035,,,,,,0.0
TotalAnnualMaxCapacity,BAU,GLOBAL,PWRURNINDEA,,,,2036,,,,,,0.0
TotalAnnualMaxCapacity,BAU,GLOBAL,PWRURNINDEA,,,,2037,,,,,,0.0
TotalAnnualMaxCapacity,BAU,GLOBAL,PWRURNINDEA,,,,2038,,,,,,0.0
TotalAnnualMaxCapacity,BAU,GLOBAL,PWRURNINDEA,,,,2039,,,,,,0.0
TotalAnnualMaxCapacity,BAU,GLOBAL,PWRURNINDEA,,,,2040,,,,,,0.0
TotalAnnualMaxCapacity,BAU,GLOBAL,PWRURNINDEA,,,,2041,,,,,,0.0
TotalAnnualMaxCapacity,BAU,GLOBAL,PWRURNINDEA,,,,2042,,,,,,0.0
TotalAnnualMaxCapacity,BAU,GLOBAL,PWRURNINDEA,,,,2043,,,,,,0.0
TotalAnnualMaxCapacity,BAU,GLOBAL,PWRURNINDEA,,,,2044,,,,,,0.0
TotalAnnualMaxCapacity,BAU,GLOBAL,PWRURNINDEA,,,,2045,,,,,,0.0
TotalAnnualMaxCapacity,BAU,GLOBAL,PWRURNINDEA,,,,2046,,,,,,0.0
TotalAnnualMaxCapacity,BAU,GLOBAL,PWRURNINDEA,,,,2047,,,,,,0.0
TotalAnnualMaxCapacity,BAU,GLOBAL,PWRURNINDEA,,,,2048,,,,,,0.0
TotalAnnualMaxCapacity,BAU,GLOBAL,PWRURNINDEA,,,,2049,,,,,,0.0
TotalAnnualMaxCapacity,BAU,GLOBAL,PWRURNINDEA,,,,2050,,,,,,0.0
TotalAnnualMaxCapacity,BAU,GLOBAL,PWRURNINDNE,,,,2023,,,,,,0.0
TotalAnnualMaxCapacity,BAU,GLOBAL,PWRURNINDNE,,,,2024,,,,,,0.0
TotalAnnualMaxCapacity,BAU,GLOBAL,PWRURNINDNE,,,,2025,,,,,,0.0
TotalAnnualMaxCapacity,BAU,GLOBAL,PWRURNINDNE,,,,2026,,,,,,0.0
TotalAnnualMaxCapacity,BAU,GLOBAL,PWRURNINDNE,,,,2027,,,,,,0.0
TotalAnnualMaxCapacity,BAU,GLOBAL,PWRURNINDNE,,,,2028,,,,,,0.0
TotalAnnualMaxCapacity,BAU,GLOBAL,PWRURNINDNE,,,,2029,,,,,,0.0
TotalAnnualMaxCapacity,BAU,GLOBAL,PWRURNINDNE,,,,2030,,,,,,0.0
TotalAnnualMaxCapacity,BAU,GLOBAL,PWRURNINDNE,,,,2031,,,,,,0.0
TotalAnnualMaxCapacity,BAU,GLOBAL,PWRURNINDNE,,,,2032,,,,,,0.0
TotalAnnualMaxCapacity,BAU,GLOBAL,PWRURNINDNE,,,,2033,,,,,,0.0
TotalAnnualMaxCapacity,BAU,GLOBAL,PWRURNINDNE,,,,2034,,,,,,0.0
TotalAnnualMaxCapacity,BAU,GLOBAL,PWRURNINDNE,,,,2035,,,,,,0.0
TotalAnnualMaxCapacity,BAU,GLOBAL,PWRURNINDNE,,,,2036,,,,,,0.0
TotalAnnualMaxCapacity,BAU,GLOBAL,PWRURNINDNE,,,,2037,,,,,,0.0
TotalAnnualMaxCapacity,BAU,GLOBAL,PWRURNINDNE,,,,2038,,,,,,0.0
TotalAnnualMaxCapacity,BAU,GLOBAL,PWRURNINDNE,,,,2039,,,,,,0.0
TotalAnnualMaxCapacity,BAU,GLOBAL,PWRURNINDNE,,,,2040,,,,,,0.0
TotalAnnualMaxCapacity,BAU,GLOBAL,PWRURNINDNE,,,,2041,,,,,,0.0
TotalAnnualMaxCapacity,BAU,GLOBAL,PWRURNINDNE,,,,2042,,,,,,0.0
TotalAnnualMaxCapacity,BAU,GLOBAL,PWRURNINDNE,,,,2043,,,,,,0.0
TotalAnnualMaxCapacity,BAU,GLOBAL,PWRURNINDNE,,,,2044,,,,,,0.0
TotalAnnualMaxCapacity,BAU,GLOBAL,PWRURNINDNE,,,,2045,,,,,,0.0
TotalAnnualMaxCapacity,BAU,GLOBAL,PWRURNINDNE,,,,2046,,,,,,0.0
TotalAnnualMaxCapacity,BAU,GLOBAL,PWRURNINDNE,,,,2047,,,,,,0.0
TotalAnnualMaxCapacity,BAU,GLOBAL,PWRURNINDNE,,,,2048,,,,,,0.0
TotalAnnualMaxCapacity,BAU,GLOBAL,PWRURNINDNE,,,,2049,,,,,,0.0
TotalAnnualMaxCapacity,BAU,GLOBAL,PWRURNINDNE,,,,2050,,,,,,0.0
TotalAnnualMaxCapacity,BAU,GLOBAL,PWRWASBGDXX,,,,2023,,,,,,0.0
TotalAnnualMaxCapacity,BAU,GLOBAL,PWRWASBGDXX,,,,2024,,,,,,0.0
TotalAnnualMaxCapacity,BAU,GLOBAL,PWRWASBGDXX,,,,2025,,,,,,0.0
TotalAnnualMaxCapacity,BAU,GLOBAL,PWRWASBGDXX,,,,2026,,,,,,0.0
TotalAnnualMaxCapacity,BAU,GLOBAL,PWRWASBGDXX,,,,2027,,,,,,0.0
TotalAnnualMaxCapacity,BAU,GLOBAL,PWRWASBGDXX,,,,2028,,,,,,0.0
TotalAnnualMaxCapacity,BAU,GLOBAL,PWRWASBGDXX,,,,2029,,,,,,0.0
TotalAnnualMaxCapacity,BAU,GLOBAL,PWRWASBGDXX,,,,2030,,,,,,0.0
TotalAnnualMaxCapacity,BAU,GLOBAL,PWRWASBGDXX,,,,2031,,,,,,0.0
TotalAnnualMaxCapacity,BAU,GLOBAL,PWRWASBGDXX,,,,2032,,,,,,0.0
TotalAnnualMaxCapacity,BAU,GLOBAL,PWRWASBGDXX,,,,2033,,,,,,0.0
TotalAnnualMaxCapacity,BAU,GLOBAL,PWRWASBGDXX,,,,2034,,,,,,0.0
TotalAnnualMaxCapacity,BAU,GLOBAL,PWRWASBGDXX,,,,2035,,,,,,0.0
TotalAnnualMaxCapacity,BAU,GLOBAL,PWRWASBGDXX,,,,2036,,,,,,0.0
TotalAnnualMaxCapacity,BAU,GLOBAL,PWRWASBGDXX,,,,2037,,,,,,0.0
TotalAnnualMaxCapacity,BAU,GLOBAL,PWRWASBGDXX,,,,2038,,,,,,0.0
TotalAnnualMaxCapacity,BAU,GLOBAL,PWRWASBGDXX,,,,2039,,,,,,0.0
TotalAnnualMaxCapacity,BAU,GLOBAL,PWRWASBGDXX,,,,2040,,,,,,0.0
TotalAnnualMaxCapacity,BAU,GLOBAL,PWRWASBGDXX,,,,2041,,,,,,0.0
TotalAnnualMaxCapacity,BAU,GLOBAL,PWRWASBGDXX,,,,2042,,,,,,0.0
TotalAnnualMaxCapacity,BAU,GLOBAL,PWRWASBGDXX,,,,2043,,,,,,0.0
TotalAnnualMaxCapacity,BAU,GLOBAL,PWRWASBGDXX,,,,2044,,,,,,0.0
TotalAnnualMaxCapacity,BAU,GLOBAL,PWRWASBGDXX,,,,2045,,,,,,0.0
TotalAnnualMaxCapacity,BAU,GLOBAL,PWRWASBGDXX,,,,2046,,,,,,0.0
TotalAnnualMaxCapacity,BAU,GLOBAL,PWRWASBGDXX,,,,2047,,,,,,0.0
TotalAnnualMaxCapacity,BAU,GLOBAL,PWRWASBGDXX,,,,2048,,,,,,0.0
TotalAnnualMaxCapacity,BAU,GLOBAL,PWRWASBGDXX,,,,2049,,,,,,0.0
TotalAnnualMaxCapacity,BAU,GLOBAL,PWRWASBGDXX,,,,2050,,,,,,0.0
TotalAnnualMaxCapacity,BAU,GLOBAL,PWRWASINDNE,,,,2023,,,,,,0.0
TotalAnnualMaxCapacity,BAU,GLOBAL,PWRWASINDNE,,,,2024,,,,,,0.0
TotalAnnualMaxCapacity,BAU,GLOBAL,PWRWASINDNE,,,,2025,,,,,,0.0
TotalAnnualMaxCapacity,BAU,GLOBAL,PWRWASINDNE,,,,2026,,,,,,0.0
TotalAnnualMaxCapacity,BAU,GLOBAL,PWRWASINDNE,,,,2027,,,,,,0.0
TotalAnnualMaxCapacity,BAU,GLOBAL,PWRWASINDNE,,,,2028,,,,,,0.0
TotalAnnualMaxCapacity,BAU,GLOBAL,PWRWASINDNE,,,,2029,,,,,,0.0
TotalAnnualMaxCapacity,BAU,GLOBAL,PWRWASINDNE,,,,2030,,,,,,0.0
TotalAnnualMaxCapacity,BAU,GLOBAL,PWRWASINDNE,,,,2031,,,,,,0.0
TotalAnnualMaxCapacity,BAU,GLOBAL,PWRWASINDNE,,,,2032,,,,,,0.0
TotalAnnualMaxCapacity,BAU,GLOBAL,PWRWASINDNE,,,,2033,,,,,,0.0
TotalAnnualMaxCapacity,BAU,GLOBAL,PWRWASINDNE,,,,2034,,,,,,0.0
TotalAnnualMaxCapacity,BAU,GLOBAL,PWRWASINDNE,,,,2035,,,,,,0.0
TotalAnnualMaxCapacity,BAU,GLOBAL,PWRWASINDNE,,,,2036,,,,,,0.0
TotalAnnualMaxCapacity,BAU,GLOBAL,PWRWASINDNE,,,,2037,,,,,,0.0
TotalAnnualMaxCapacity,BAU,GLOBAL,PWRWASINDNE,,,,2038,,,,,,0.0
TotalAnnualMaxCapacity,BAU,GLOBAL,PWRWASINDNE,,,,2039,,,,,,0.0
TotalAnnualMaxCapacity,BAU,GLOBAL,PWRWASINDNE,,,,2040,,,,,,0.0
TotalAnnualMaxCapacity,BAU,GLOBAL,PWRWASINDNE,,,,2041,,,,,,0.0
TotalAnnualMaxCapacity,BAU,GLOBAL,PWRWASINDNE,,,,2042,,,,,,0.0
TotalAnnualMaxCapacity,BAU,GLOBAL,PWRWASINDNE,,,,2043,,,,,,0.0
TotalAnnualMaxCapacity,BAU,GLOBAL,PWRWASINDNE,,,,2044,,,,,,0.0
TotalAnnualMaxCapacity,BAU,GLOBAL,PWRWASINDNE,,,,2045,,,,,,0.0
TotalAnnualMaxCapacity,BAU,GLOBAL,PWRWASINDNE,,,,2046,,,,,,0.0
TotalAnnualMaxCapacity,BAU,GLOBAL,PWRWASINDNE,,,,2047,,,,,,0.0
TotalAnnualMaxCapacity,BAU,GLOBAL,PWRWASINDNE,,,,2048,,,,,,0.0
TotalAnnualMaxCapacity,BAU,GLOBAL,PWRWASINDNE,,,,2049,,,,,,0.0
TotalAnnualMaxCapacity,BAU,GLOBAL,PWRWASINDNE,,,,2050,,,,,,0.0
TotalAnnualMaxCapacity,BAU,GLOBAL,PWRWASNPLXX,,,,2023,,,,,,0.0
TotalAnnualMaxCapacity,BAU,GLOBAL,PWRWASNPLXX,,,,2024,,,,,,0.0
TotalAnnualMaxCapacity,BAU,GLOBAL,PWRWASNPLXX,,,,2025,,,,,,0.0
TotalAnnualMaxCapacity,BAU,GLOBAL,PWRWASNPLXX,,,,2026,,,,,,0.0
TotalAnnualMaxCapacity,BAU,GLOBAL,PWRWASNPLXX,,,,2027,,,,,,0.0
TotalAnnualMaxCapacity,BAU,GLOBAL,PWRWASNPLXX,,,,2028,,,,,,0.0
TotalAnnualMaxCapacity,BAU,GLOBAL,PWRWASNPLXX,,,,2029,,,,,,0.0
TotalAnnualMaxCapacity,BAU,GLOBAL,PWRWASNPLXX,,,,2030,,,,,,0.0
TotalAnnualMaxCapacity,BAU,GLOBAL,PWRWASNPLXX,,,,2031,,,,,,0.0
TotalAnnualMaxCapacity,BAU,GLOBAL,PWRWASNPLXX,,,,2032,,,,,,0.0
TotalAnnualMaxCapacity,BAU,GLOBAL,PWRWASNPLXX,,,,2033,,,,,,0.0
TotalAnnualMaxCapacity,BAU,GLOBAL,PWRWASNPLXX,,,,2034,,,,,,0.0
TotalAnnualMaxCapacity,BAU,GLOBAL,PWRWASNPLXX,,,,2035,,,,,,0.0
TotalAnnualMaxCapacity,BAU,GLOBAL,PWRWASNPLXX,,,,2036,,,,,,0.0
TotalAnnualMaxCapacity,BAU,GLOBAL,PWRWASNPLXX,,,,2037,,,,,,0.0
TotalAnnualMaxCapacity,BAU,GLOBAL,PWRWASNPLXX,,,,2038,,,,,,0.0
TotalAnnualMaxCapacity,BAU,GLOBAL,PWRWASNPLXX,,,,2039,,,,,,0.0
TotalAnnualMaxCapacity,BAU,GLOBAL,PWRWASNPLXX,,,,2040,,,,,,0.0
TotalAnnualMaxCapacity,BAU,GLOBAL,PWRWASNPLXX,,,,2041,,,,,,0.0
TotalAnnualMaxCapacity,BAU,GLOBAL,PWRWASNPLXX,,,,2042,,,,,,0.0
TotalAnnualMaxCapacity,BAU,GLOBAL,PWRWASNPLXX,,,,2043,,,,,,0.0
TotalAnnualMaxCapacity,BAU,GLOBAL,PWRWASNPLXX,,,,2044,,,,,,0.0
TotalAnnualMaxCapacity,BAU,GLOBAL,PWRWASNPLXX,,,,2045,,,,,,0.0
TotalAnnualMaxCapacity,BAU,GLOBAL,PWRWASNPLXX,,,,2046,,,,,,0.0
TotalAnnualMaxCapacity,BAU,GLOBAL,PWRWASNPLXX,,,,2047,,,,,,0.0
TotalAnnualMaxCapacity,BAU,GLOBAL,PWRWASNPLXX,,,,2048,,,,,,0.0
TotalAnnualMaxCapacity,BAU,GLOBAL,PWRWASNPLXX,,,,2049,,,,,,0.0
TotalAnnualMaxCapacity,BAU,GLOBAL,PWRWASNPLXX,,,,2050,,,,,,0.0
TotalAnnualMaxCapacity,BAU,GLOBAL,PWRWOFBGDXX,,,,2023,,,,,,0.0
TotalAnnualMaxCapacity,BAU,GLOBAL,PWRWOFBGDXX,,,,2024,,,,,,0.0
TotalAnnualMaxCapacity,BAU,GLOBAL,PWRWOFBGDXX,,,,2025,,,,,,0.0
TotalAnnualMaxCapacity,BAU,GLOBAL,PWRWOFBGDXX,,,,2026,,,,,,0.0
TotalAnnualMaxCapacity,BAU,GLOBAL,PWRWOFBGDXX,,,,2027,,,,,,0.0
TotalAnnualMaxCapacity,BAU,GLOBAL,PWRWOFBGDXX,,,,2028,,,,,,0.0
TotalAnnualMaxCapacity,BAU,GLOBAL,PWRWOFBGDXX,,,,2029,,,,,,0.0
TotalAnnualMaxCapacity,BAU,GLOBAL,PWRWOFBGDXX,,,,2030,,,,,,0.0
TotalAnnualMaxCapacity,BAU,GLOBAL,PWRWOFBGDXX,,,,2031,,,,,,0.0
TotalAnnualMaxCapacity,BAU,GLOBAL,PWRWOFBGDXX,,,,2032,,,,,,0.0
TotalAnnualMaxCapacity,BAU,GLOBAL,PWRWOFBGDXX,,,,2033,,,,,,0.0
TotalAnnualMaxCapacity,BAU,GLOBAL,PWRWOFBGDXX,,,,2034,,,,,,0.0
TotalAnnualMaxCapacity,BAU,GLOBAL,PWRWOFBGDXX,,,,2035,,,,,,0.0
TotalAnnualMaxCapacity,BAU,GLOBAL,PWRWOFBGDXX,,,,2036,,,,,,0.0
TotalAnnualMaxCapacity,BAU,GLOBAL,PWRWOFBGDXX,,,,2037,,,,,,0.0
TotalAnnualMaxCapacity,BAU,GLOBAL,PWRWOFBGDXX,,,,2038,,,,,,0.0
TotalAnnualMaxCapacity,BAU,GLOBAL,PWRWOFBGDXX,,,,2039,,,,,,0.0
TotalAnnualMaxCapacity,BAU,GLOBAL,PWRWOFBGDXX,,,,2040,,,,,,0.0
TotalAnnualMaxCapacity,BAU,GLOBAL,PWRWOFBGDXX,,,,2041,,,,,,0.0
TotalAnnualMaxCapacity,BAU,GLOBAL,PWRWOFBGDXX,,,,2042,,,,,,0.0
TotalAnnualMaxCapacity,BAU,GLOBAL,PWRWOFBGDXX,,,,2043,,,,,,0.0
TotalAnnualMaxCapacity,BAU,GLOBAL,PWRWOFBGDXX,,,,2044,,,,,,0.0
TotalAnnualMaxCapacity,BAU,GLOBAL,PWRWOFBGDXX,,,,2045,,,,,,0.0
TotalAnnualMaxCapacity,BAU,GLOBAL,PWRWOFBGDXX,,,,2046,,,,,,0.0
TotalAnnualMaxCapacity,BAU,GLOBAL,PWRWOFBGDXX,,,,2047,,,,,,0.0
TotalAnnualMaxCapacity,BAU,GLOBAL,PWRWOFBGDXX,,,,2048,,,,,,0.0
TotalAnnualMaxCapacity,BAU,GLOBAL,PWRWOFBGDXX,,,,2049,,,,,,0.0
TotalAnnualMaxCapacity,BAU,GLOBAL,PWRWOFBGDXX,,,,2050,,,,,,0.0
TotalAnnualMaxCapacity,BAU,GLOBAL,PWRWOFINDNE,,,,2023,,,,,,0.0
TotalAnnualMaxCapacity,BAU,GLOBAL,PWRWOFINDNE,,,,2024,,,,,,0.0
TotalAnnualMaxCapacity,BAU,GLOBAL,PWRWOFINDNE,,,,2025,,,,,,0.0
TotalAnnualMaxCapacity,BAU,GLOBAL,PWRWOFINDNE,,,,2026,,,,,,0.0
TotalAnnualMaxCapacity,BAU,GLOBAL,PWRWOFINDNE,,,,2027,,,,,,0.0
TotalAnnualMaxCapacity,BAU,GLOBAL,PWRWOFINDNE,,,,2028,,,,,,0.0
TotalAnnualMaxCapacity,BAU,GLOBAL,PWRWOFINDNE,,,,2029,,,,,,0.0
TotalAnnualMaxCapacity,BAU,GLOBAL,PWRWOFINDNE,,,,2030,,,,,,0.0
TotalAnnualMaxCapacity,BAU,GLOBAL,PWRWOFINDNE,,,,2031,,,,,,0.0
TotalAnnualMaxCapacity,BAU,GLOBAL,PWRWOFINDNE,,,,2032,,,,,,0.0
TotalAnnualMaxCapacity,BAU,GLOBAL,PWRWOFINDNE,,,,2033,,,,,,0.0
TotalAnnualMaxCapacity,BAU,GLOBAL,PWRWOFINDNE,,,,2034,,,,,,0.0
TotalAnnualMaxCapacity,BAU,GLOBAL,PWRWOFINDNE,,,,2035,,,,,,0.0
TotalAnnualMaxCapacity,BAU,GLOBAL,PWRWOFINDNE,,,,2036,,,,,,0.0
TotalAnnualMaxCapacity,BAU,GLOBAL,PWRWOFINDNE,,,,2037,,,,,,0.0
TotalAnnualMaxCapacity,BAU,GLOBAL,PWRWOFINDNE,,,,2038,,,,,,0.0
TotalAnnualMaxCapacity,BAU,GLOBAL,PWRWOFINDNE,,,,2039,,,,,,0.0
TotalAnnualMaxCapacity,BAU,GLOBAL,PWRWOFINDNE,,,,2040,,,,,,0.0
TotalAnnualMaxCapacity,BAU,GLOBAL,PWRWOFINDNE,,,,2041,,,,,,0.0
TotalAnnualMaxCapacity,BAU,GLOBAL,PWRWOFINDNE,,,,2042,,,,,,0.0
TotalAnnualMaxCapacity,BAU,GLOBAL,PWRWOFINDNE,,,,2043,,,,,,0.0
TotalAnnualMaxCapacity,BAU,GLOBAL,PWRWOFINDNE,,,,2044,,,,,,0.0
TotalAnnualMaxCapacity,BAU,GLOBAL,PWRWOFINDNE,,,,2045,,,,,,0.0
TotalAnnualMaxCapacity,BAU,GLOBAL,PWRWOFINDNE,,,,2046,,,,,,0.0
TotalAnnualMaxCapacity,BAU,GLOBAL,PWRWOFINDNE,,,,2047,,,,,,0.0
TotalAnnualMaxCapacity,BAU,GLOBAL,PWRWOFINDNE,,,,2048,,,,,,0.0
TotalAnnualMaxCapacity,BAU,GLOBAL,PWRWOFINDNE,,,,2049,,,,,,0.0
TotalAnnualMaxCapacity,BAU,GLOBAL,PWRWOFINDNE,,,,2050,,,,,,0.0
TotalAnnualMaxCapacity,BAU,GLOBAL,PWRWOFINDNO,,,,2023,,,,,,0.0
TotalAnnualMaxCapacity,BAU,GLOBAL,PWRWOFINDNO,,,,2024,,,,,,0.0
TotalAnnualMaxCapacity,BAU,GLOBAL,PWRWOFINDNO,,,,2025,,,,,,0.0
TotalAnnualMaxCapacity,BAU,GLOBAL,PWRWOFINDNO,,,,2026,,,,,,0.0
TotalAnnualMaxCapacity,BAU,GLOBAL,PWRWOFINDNO,,,,2027,,,,,,0.0
TotalAnnualMaxCapacity,BAU,GLOBAL,PWRWOFINDNO,,,,2028,,,,,,0.0
TotalAnnualMaxCapacity,BAU,GLOBAL,PWRWOFINDNO,,,,2029,,,,,,0.0
TotalAnnualMaxCapacity,BAU,GLOBAL,PWRWOFINDNO,,,,2030,,,,,,0.0
TotalAnnualMaxCapacity,BAU,GLOBAL,PWRWOFINDNO,,,,2031,,,,,,0.0
TotalAnnualMaxCapacity,BAU,GLOBAL,PWRWOFINDNO,,,,2032,,,,,,0.0
TotalAnnualMaxCapacity,BAU,GLOBAL,PWRWOFINDNO,,,,2033,,,,,,0.0
TotalAnnualMaxCapacity,BAU,GLOBAL,PWRWOFINDNO,,,,2034,,,,,,0.0
TotalAnnualMaxCapacity,BAU,GLOBAL,PWRWOFINDNO,,,,2035,,,,,,0.0
TotalAnnualMaxCapacity,BAU,GLOBAL,PWRWOFINDNO,,,,2036,,,,,,0.0
TotalAnnualMaxCapacity,BAU,GLOBAL,PWRWOFINDNO,,,,2037,,,,,,0.0
TotalAnnualMaxCapacity,BAU,GLOBAL,PWRWOFINDNO,,,,2038,,,,,,0.0
TotalAnnualMaxCapacity,BAU,GLOBAL,PWRWOFINDNO,,,,2039,,,,,,0.0
TotalAnnualMaxCapacity,BAU,GLOBAL,PWRWOFINDNO,,,,2040,,,,,,0.0
TotalAnnualMaxCapacity,BAU,GLOBAL,PWRWOFINDNO,,,,2041,,,,,,0.0
TotalAnnualMaxCapacity,BAU,GLOBAL,PWRWOFINDNO,,,,2042,,,,,,0.0
TotalAnnualMaxCapacity,BAU,GLOBAL,PWRWOFINDNO,,,,2043,,,,,,0.0
TotalAnnualMaxCapacity,BAU,GLOBAL,PWRWOFINDNO,,,,2044,,,,,,0.0
TotalAnnualMaxCapacity,BAU,GLOBAL,PWRWOFINDNO,,,,2045,,,,,,0.0
TotalAnnualMaxCapacity,BAU,GLOBAL,PWRWOFINDNO,,,,2046,,,,,,0.0
TotalAnnualMaxCapacity,BAU,GLOBAL,PWRWOFINDNO,,,,2047,,,,,,0.0
TotalAnnualMaxCapacity,BAU,GLOBAL,PWRWOFINDNO,,,,2048,,,,,,0.0
TotalAnnualMaxCapacity,BAU,GLOBAL,PWRWOFINDNO,,,,2049,,,,,,0.0
TotalAnnualMaxCapacity,BAU,GLOBAL,PWRWOFINDNO,,,,2050,,,,,,0.0
TotalAnnualMaxCapacity,BAU,GLOBAL,PWRGEOINDNO,,,,2023,,,,,,0.0
TotalAnnualMaxCapacity,BAU,GLOBAL,PWRGEOINDNO,,,,2024,,,,,,0.0
TotalAnnualMaxCapacity,BAU,GLOBAL,PWRGEOINDNO,,,,2025,,,,,,0.0
TotalAnnualMaxCapacity,BAU,GLOBAL,PWRGEOINDNO,,,,2026,,,,,,0.0
TotalAnnualMaxCapacity,BAU,GLOBAL,PWRGEOINDNO,,,,2027,,,,,,0.0
TotalAnnualMaxCapacity,BAU,GLOBAL,PWRGEOINDNO,,,,2028,,,,,,0.0
TotalAnnualMaxCapacity,BAU,GLOBAL,PWRGEOINDNO,,,,2029,,,,,,0.0
TotalAnnualMaxCapacity,BAU,GLOBAL,PWRGEOINDNO,,,,2030,,,,,,0.0
TotalAnnualMaxCapacity,BAU,GLOBAL,PWRGEOINDNO,,,,2031,,,,,,0.0
TotalAnnualMaxCapacity,BAU,GLOBAL,PWRGEOINDNO,,,,2032,,,,,,0.0
TotalAnnualMaxCapacity,BAU,GLOBAL,PWRGEOINDNO,,,,2033,,,,,,0.0
TotalAnnualMaxCapacity,BAU,GLOBAL,PWRGEOINDNO,,,,2034,,,,,,0.0
TotalAnnualMaxCapacity,BAU,GLOBAL,PWRGEOINDNO,,,,2035,,,,,,0.0
TotalAnnualMaxCapacity,BAU,GLOBAL,PWRGEOINDNO,,,,2036,,,,,,0.0
TotalAnnualMaxCapacity,BAU,GLOBAL,PWRGEOINDNO,,,,2037,,,,,,0.0
TotalAnnualMaxCapacity,BAU,GLOBAL,PWRGEOINDNO,,,,2038,,,,,,0.0
TotalAnnualMaxCapacity,BAU,GLOBAL,PWRGEOINDNO,,,,2039,,,,,,0.0
TotalAnnualMaxCapacity,BAU,GLOBAL,PWRGEOINDNO,,,,2040,,,,,,0.0
TotalAnnualMaxCapacity,BAU,GLOBAL,PWRGEOINDNO,,,,2041,,,,,,0.0
TotalAnnualMaxCapacity,BAU,GLOBAL,PWRGEOINDNO,,,,2042,,,,,,0.0
TotalAnnualMaxCapacity,BAU,GLOBAL,PWRGEOINDNO,,,,2043,,,,,,0.0
TotalAnnualMaxCapacity,BAU,GLOBAL,PWRGEOINDNO,,,,2044,,,,,,0.0
TotalAnnualMaxCapacity,BAU,GLOBAL,PWRGEOINDNO,,,,2045,,,,,,0.0
TotalAnnualMaxCapacity,BAU,GLOBAL,PWRGEOINDNO,,,,2046,,,,,,0.0
TotalAnnualMaxCapacity,BAU,GLOBAL,PWRGEOINDNO,,,,2047,,,,,,0.0
TotalAnnualMaxCapacity,BAU,GLOBAL,PWRGEOINDNO,,,,2048,,,,,,0.0
TotalAnnualMaxCapacity,BAU,GLOBAL,PWRGEOINDNO,,,,2049,,,,,,0.0
TotalAnnualMaxCapacity,BAU,GLOBAL,PWRGEOINDNO,,,,2050,,,,,,0.0
TotalAnnualMaxCapacity,BAU,GLOBAL,PWRNGSBGDXX,,,,2023,,,,,,
TotalAnnualMaxCapacity,BAU,GLOBAL,PWRNGSBGDXX,,,,2024,,,,,,
TotalAnnualMaxCapacity,BAU,GLOBAL,PWRNGSBGDXX,,,,2025,,,,,,
TotalAnnualMaxCapacity,BAU,GLOBAL,PWRNGSBGDXX,,,,2026,,,,,,
TotalAnnualMaxCapacity,BAU,GLOBAL,PWRNGSBGDXX,,,,2027,,,,,,
TotalAnnualMaxCapacity,BAU,GLOBAL,PWRNGSBGDXX,,,,2028,,,,,,
TotalAnnualMaxCapacity,BAU,GLOBAL,PWRNGSBGDXX,,,,2029,,,,,,
TotalAnnualMaxCapacity,BAU,GLOBAL,PWRNGSBGDXX,,,,2030,,,,,,
TotalAnnualMaxCapacity,BAU,GLOBAL,PWRNGSBGDXX,,,,2031,,,,,,
TotalAnnualMaxCapacity,BAU,GLOBAL,PWRNGSBGDXX,,,,2032,,,,,,
TotalAnnualMaxCapacity,BAU,GLOBAL,PWRNGSBGDXX,,,,2033,,,,,,
TotalAnnualMaxCapacity,BAU,GLOBAL,PWRNGSBGDXX,,,,2034,,,,,,
TotalAnnualMaxCapacity,BAU,GLOBAL,PWRNGSBGDXX,,,,2035,,,,,,
TotalAnnualMaxCapacity,BAU,GLOBAL,PWRNGSBGDXX,,,,2036,,,,,,
TotalAnnualMaxCapacity,BAU,GLOBAL,PWRNGSBGDXX,,,,2037,,,,,,
TotalAnnualMaxCapacity,BAU,GLOBAL,PWRNGSBGDXX,,,,2038,,,,,,
TotalAnnualMaxCapacity,BAU,GLOBAL,PWRNGSBGDXX,,,,2039,,,,,,
TotalAnnualMaxCapacity,BAU,GLOBAL,PWRNGSBGDXX,,,,2040,,,,,,
TotalAnnualMaxCapacity,BAU,GLOBAL,PWRNGSBGDXX,,,,2041,,,,,,
TotalAnnualMaxCapacity,BAU,GLOBAL,PWRNGSBGDXX,,,,2042,,,,,,
TotalAnnualMaxCapacity,BAU,GLOBAL,PWRNGSBGDXX,,,,2043,,,,,,
TotalAnnualMaxCapacity,BAU,GLOBAL,PWRNGSBGDXX,,,,2044,,,,,,
TotalAnnualMaxCapacity,BAU,GLOBAL,PWRNGSBGDXX,,,,2045,,,,,,
TotalAnnualMaxCapacity,BAU,GLOBAL,PWRNGSBGDXX,,,,2046,,,,,,
TotalAnnualMaxCapacity,BAU,GLOBAL,PWRNGSBGDXX,,,,2047,,,,,,
TotalAnnualMaxCapacity,BAU,GLOBAL,PWRNGSBGDXX,,,,2048,,,,,,
TotalAnnualMaxCapacity,BAU,GLOBAL,PWRNGSBGDXX,,,,2049,,,,,,
TotalAnnualMaxCapacity,BAU,GLOBAL,PWRNGSBGDXX,,,,2050,,,,,,
TotalAnnualMaxCapacity,BAU,GLOBAL,PWRNGSMDVXX,,,,2023,,,,,,0.0
TotalAnnualMaxCapacity,BAU,GLOBAL,PWRNGSMDVXX,,,,2024,,,,,,0.0
TotalAnnualMaxCapacity,BAU,GLOBAL,PWRNGSMDVXX,,,,2025,,,,,,0.0
TotalAnnualMaxCapacity,BAU,GLOBAL,PWRNGSMDVXX,,,,2026,,,,,,0.0
TotalAnnualMaxCapacity,BAU,GLOBAL,PWRNGSMDVXX,,,,2027,,,,,,0.0
TotalAnnualMaxCapacity,BAU,GLOBAL,PWRNGSMDVXX,,,,2028,,,,,,0.0
TotalAnnualMaxCapacity,BAU,GLOBAL,PWRNGSMDVXX,,,,2029,,,,,,0.0
TotalAnnualMaxCapacity,BAU,GLOBAL,PWRNGSMDVXX,,,,2030,,,,,,0.0
TotalAnnualMaxCapacity,BAU,GLOBAL,PWRNGSMDVXX,,,,2031,,,,,,0.0
TotalAnnualMaxCapacity,BAU,GLOBAL,PWRNGSMDVXX,,,,2032,,,,,,0.0
TotalAnnualMaxCapacity,BAU,GLOBAL,PWRNGSMDVXX,,,,2033,,,,,,0.0
TotalAnnualMaxCapacity,BAU,GLOBAL,PWRNGSMDVXX,,,,2034,,,,,,0.0
TotalAnnualMaxCapacity,BAU,GLOBAL,PWRNGSMDVXX,,,,2035,,,,,,0.0
TotalAnnualMaxCapacity,BAU,GLOBAL,PWRNGSMDVXX,,,,2036,,,,,,0.0
TotalAnnualMaxCapacity,BAU,GLOBAL,PWRNGSMDVXX,,,,2037,,,,,,0.0
TotalAnnualMaxCapacity,BAU,GLOBAL,PWRNGSMDVXX,,,,2038,,,,,,0.0
TotalAnnualMaxCapacity,BAU,GLOBAL,PWRNGSMDVXX,,,,2039,,,,,,0.0
TotalAnnualMaxCapacity,BAU,GLOBAL,PWRNGSMDVXX,,,,2040,,,,,,0.0
TotalAnnualMaxCapacity,BAU,GLOBAL,PWRNGSMDVXX,,,,2041,,,,,,0.0
TotalAnnualMaxCapacity,BAU,GLOBAL,PWRNGSMDVXX,,,,2042,,,,,,0.0
TotalAnnualMaxCapacity,BAU,GLOBAL,PWRNGSMDVXX,,,,2043,,,,,,0.0
TotalAnnualMaxCapacity,BAU,GLOBAL,PWRNGSMDVXX,,,,2044,,,,,,0.0
TotalAnnualMaxCapacity,BAU,GLOBAL,PWRNGSMDVXX,,,,2045,,,,,,0.0
TotalAnnualMaxCapacity,BAU,GLOBAL,PWRNGSMDVXX,,,,2046,,,,,,0.0
TotalAnnualMaxCapacity,BAU,GLOBAL,PWRNGSMDVXX,,,,2047,,,,,,0.0
TotalAnnualMaxCapacity,BAU,GLOBAL,PWRNGSMDVXX,,,,2048,,,,,,0.0
TotalAnnualMaxCapacity,BAU,GLOBAL,PWRNGSMDVXX,,,,2049,,,,,,0.0
TotalAnnualMaxCapacity,BAU,GLOBAL,PWRNGSMDVXX,,,,2050,,,,,,0.0
TotalAnnualMaxCapacity,BAU,GLOBAL,PWROILMDVXX,,,,2023,,,,,,
TotalAnnualMaxCapacity,BAU,GLOBAL,PWROILMDVXX,,,,2024,,,,,,
TotalAnnualMaxCapacity,BAU,GLOBAL,PWROILMDVXX,,,,2025,,,,,,
TotalAnnualMaxCapacity,BAU,GLOBAL,PWROILMDVXX,,,,2026,,,,,,
TotalAnnualMaxCapacity,BAU,GLOBAL,PWROILMDVXX,,,,2027,,,,,,
TotalAnnualMaxCapacity,BAU,GLOBAL,PWROILMDVXX,,,,2028,,,,,,
TotalAnnualMaxCapacity,BAU,GLOBAL,PWROILMDVXX,,,,2029,,,,,,
TotalAnnualMaxCapacity,BAU,GLOBAL,PWROILMDVXX,,,,2030,,,,,,
TotalAnnualMaxCapacity,BAU,GLOBAL,PWROILMDVXX,,,,2031,,,,,,
TotalAnnualMaxCapacity,BAU,GLOBAL,PWROILMDVXX,,,,2032,,,,,,
TotalAnnualMaxCapacity,BAU,GLOBAL,PWROILMDVXX,,,,2033,,,,,,
TotalAnnualMaxCapacity,BAU,GLOBAL,PWROILMDVXX,,,,2034,,,,,,
TotalAnnualMaxCapacity,BAU,GLOBAL,PWROILMDVXX,,,,2035,,,,,,
TotalAnnualMaxCapacity,BAU,GLOBAL,PWROILMDVXX,,,,2036,,,,,,
TotalAnnualMaxCapacity,BAU,GLOBAL,PWROILMDVXX,,,,2037,,,,,,
TotalAnnualMaxCapacity,BAU,GLOBAL,PWROILMDVXX,,,,2038,,,,,,
TotalAnnualMaxCapacity,BAU,GLOBAL,PWROILMDVXX,,,,2039,,,,,,
TotalAnnualMaxCapacity,BAU,GLOBAL,PWROILMDVXX,,,,2040,,,,,,
TotalAnnualMaxCapacity,BAU,GLOBAL,PWROILMDVXX,,,,2041,,,,,,
TotalAnnualMaxCapacity,BAU,GLOBAL,PWROILMDVXX,,,,2042,,,,,,
TotalAnnualMaxCapacity,BAU,GLOBAL,PWROILMDVXX,,,,2043,,,,,,
TotalAnnualMaxCapacity,BAU,GLOBAL,PWROILMDVXX,,,,2044,,,,,,
TotalAnnualMaxCapacity,BAU,GLOBAL,PWROILMDVXX,,,,2045,,,,,,
TotalAnnualMaxCapacity,BAU,GLOBAL,PWROILMDVXX,,,,2046,,,,,,
TotalAnnualMaxCapacity,BAU,GLOBAL,PWROILMDVXX,,,,2047,,,,,,
TotalAnnualMaxCapacity,BAU,GLOBAL,PWROILMDVXX,,,,2048,,,,,,
TotalAnnualMaxCapacity,BAU,GLOBAL,PWROILMDVXX,,,,2049,,,,,,
TotalAnnualMaxCapacity,BAU,GLOBAL,PWROILMDVXX,,,,2050,,,,,,
TotalAnnualMaxCapacity,BAU,GLOBAL,PWROILNPLXX,,,,2023,,,,,,
TotalAnnualMaxCapacity,BAU,GLOBAL,PWROILNPLXX,,,,2024,,,,,,
TotalAnnualMaxCapacity,BAU,GLOBAL,PWROILNPLXX,,,,2025,,,,,,
TotalAnnualMaxCapacity,BAU,GLOBAL,PWROILNPLXX,,,,2026,,,,,,
TotalAnnualMaxCapacity,BAU,GLOBAL,PWROILNPLXX,,,,2027,,,,,,
TotalAnnualMaxCapacity,BAU,GLOBAL,PWROILNPLXX,,,,2028,,,,,,
TotalAnnualMaxCapacity,BAU,GLOBAL,PWROILNPLXX,,,,2029,,,,,,
TotalAnnualMaxCapacity,BAU,GLOBAL,PWROILNPLXX,,,,2030,,,,,,
TotalAnnualMaxCapacity,BAU,GLOBAL,PWROILNPLXX,,,,2031,,,,,,
TotalAnnualMaxCapacity,BAU,GLOBAL,PWROILNPLXX,,,,2032,,,,,,
TotalAnnualMaxCapacity,BAU,GLOBAL,PWROILNPLXX,,,,2033,,,,,,
TotalAnnualMaxCapacity,BAU,GLOBAL,PWROILNPLXX,,,,2034,,,,,,
TotalAnnualMaxCapacity,BAU,GLOBAL,PWROILNPLXX,,,,2035,,,,,,
TotalAnnualMaxCapacity,BAU,GLOBAL,PWROILNPLXX,,,,2036,,,,,,
TotalAnnualMaxCapacity,BAU,GLOBAL,PWROILNPLXX,,,,2037,,,,,,
TotalAnnualMaxCapacity,BAU,GLOBAL,PWROILNPLXX,,,,2038,,,,,,
TotalAnnualMaxCapacity,BAU,GLOBAL,PWROILNPLXX,,,,2039,,,,,,
TotalAnnualMaxCapacity,BAU,GLOBAL,PWROILNPLXX,,,,2040,,,,,,
TotalAnnualMaxCapacity,BAU,GLOBAL,PWROILNPLXX,,,,2041,,,,,,
TotalAnnualMaxCapacity,BAU,GLOBAL,PWROILNPLXX,,,,2042,,,,,,
TotalAnnualMaxCapacity,BAU,GLOBAL,PWROILNPLXX,,,,2043,,,,,,
TotalAnnualMaxCapacity,BAU,GLOBAL,PWROILNPLXX,,,,2044,,,,,,
TotalAnnualMaxCapacity,BAU,GLOBAL,PWROILNPLXX,,,,2045,,,,,,
TotalAnnualMaxCapacity,BAU,GLOBAL,PWROILNPLXX,,,,2046,,,,,,
TotalAnnualMaxCapacity,BAU,GLOBAL,PWROILNPLXX,,,,2047,,,,,,
TotalAnnualMaxCapacity,BAU,GLOBAL,PWROILNPLXX,,,,2048,,,,,,
TotalAnnualMaxCapacity,BAU,GLOBAL,PWROILNPLXX,,,,2049,,,,,,
TotalAnnualMaxCapacity,BAU,GLOBAL,PWROILNPLXX,,,,2050,,,,,,
TotalAnnualMaxCapacity,BAU,GLOBAL,PWRSHPINDEA,,,,2023,,,,,,25.9922
TotalAnnualMaxCapacity,BAU,GLOBAL,PWRSHPINDEA,,,,2024,,,,,,25.9922
TotalAnnualMaxCapacity,BAU,GLOBAL,PWRSHPINDEA,,,,2025,,,,,,25.9922
TotalAnnualMaxCapacity,BAU,GLOBAL,PWRSHPINDEA,,,,2026,,,,,,25.9922
TotalAnnualMaxCapacity,BAU,GLOBAL,PWRSHPINDEA,,,,2027,,,,,,25.9922
TotalAnnualMaxCapacity,BAU,GLOBAL,PWRSHPINDEA,,,,2028,,,,,,25.9922
TotalAnnualMaxCapacity,BAU,GLOBAL,PWRSHPINDEA,,,,2029,,,,,,25.9922
TotalAnnualMaxCapacity,BAU,GLOBAL,PWRSHPINDEA,,,,2030,,,,,,25.9922
TotalAnnualMaxCapacity,BAU,GLOBAL,PWRSHPINDEA,,,,2031,,,,,,25.9922
TotalAnnualMaxCapacity,BAU,GLOBAL,PWRSHPINDEA,,,,2032,,,,,,25.9922
TotalAnnualMaxCapacity,BAU,GLOBAL,PWRSHPINDEA,,,,2033,,,,,,25.9922
TotalAnnualMaxCapacity,BAU,GLOBAL,PWRSHPINDEA,,,,2034,,,,,,25.9922
TotalAnnualMaxCapacity,BAU,GLOBAL,PWRSHPINDEA,,,,2035,,,,,,25.9922
TotalAnnualMaxCapacity,BAU,GLOBAL,PWRSHPINDEA,,,,2036,,,,,,25.9922
TotalAnnualMaxCapacity,BAU,GLOBAL,PWRSHPINDEA,,,,2037,,,,,,25.9922
TotalAnnualMaxCapacity,BAU,GLOBAL,PWRSHPINDEA,,,,2038,,,,,,25.9922
TotalAnnualMaxCapacity,BAU,GLOBAL,PWRSHPINDEA,,,,2039,,,,,,25.9922
TotalAnnualMaxCapacity,BAU,GLOBAL,PWRSHPINDEA,,,,2040,,,,,,25.9922
TotalAnnualMaxCapacity,BAU,GLOBAL,PWRSHPINDEA,,,,2041,,,,,,25.9922
TotalAnnualMaxCapacity,BAU,GLOBAL,PWRSHPINDEA,,,,2042,,,,,,25.9922
TotalAnnualMaxCapacity,BAU,GLOBAL,PWRSHPINDEA,,,,2043,,,,,,25.9922
TotalAnnualMaxCapacity,BAU,GLOBAL,PWRSHPINDEA,,,,2044,,,,,,25.9922
TotalAnnualMaxCapacity,BAU,GLOBAL,PWRSHPINDEA,,,,2045,,,,,,25.9922
TotalAnnualMaxCapacity,BAU,GLOBAL,PWRSHPINDEA,,,,2046,,,,,,25.9922
TotalAnnualMaxCapacity,BAU,GLOBAL,PWRSHPINDEA,,,,2047,,,,,,25.9922
TotalAnnualMaxCapacity,BAU,GLOBAL,PWRSHPINDEA,,,,2048,,,,,,25.9922
TotalAnnualMaxCapacity,BAU,GLOBAL,PWRSHPINDEA,,,,2049,,,,,,25.9922
TotalAnnualMaxCapacity,BAU,GLOBAL,PWRSHPINDEA,,,,2050,,,,,,25.9922
TotalAnnualMaxCapacity,BAU,GLOBAL,PWRSHPINDNE,,,,2023,,,,,,202.6312
TotalAnnualMaxCapacity,BAU,GLOBAL,PWRSHPINDNE,,,,2024,,,,,,202.6312
TotalAnnualMaxCapacity,BAU,GLOBAL,PWRSHPINDNE,,,,2025,,,,,,202.6312
TotalAnnualMaxCapacity,BAU,GLOBAL,PWRSHPINDNE,,,,2026,,,,,,202.6312
TotalAnnualMaxCapacity,BAU,GLOBAL,PWRSHPINDNE,,,,2027,,,,,,202.6312
TotalAnnualMaxCapacity,BAU,GLOBAL,PWRSHPINDNE,,,,2028,,,,,,202.6312
TotalAnnualMaxCapacity,BAU,GLOBAL,PWRSHPINDNE,,,,2029,,,,,,202.6312
TotalAnnualMaxCapacity,BAU,GLOBAL,PWRSHPINDNE,,,,2030,,,,,,202.6312
TotalAnnualMaxCapacity,BAU,GLOBAL,PWRSHPINDNE,,,,2031,,,,,,202.6312
TotalAnnualMaxCapacity,BAU,GLOBAL,PWRSHPINDNE,,,,2032,,,,,,202.6312
TotalAnnualMaxCapacity,BAU,GLOBAL,PWRSHPINDNE,,,,2033,,,,,,202.6312
TotalAnnualMaxCapacity,BAU,GLOBAL,PWRSHPINDNE,,,,2034,,,,,,202.6312
TotalAnnualMaxCapacity,BAU,GLOBAL,PWRSHPINDNE,,,,2035,,,,,,202.6312
TotalAnnualMaxCapacity,BAU,GLOBAL,PWRSHPINDNE,,,,2036,,,,,,202.6312
TotalAnnualMaxCapacity,BAU,GLOBAL,PWRSHPINDNE,,,,2037,,,,,,202.6312
TotalAnnualMaxCapacity,BAU,GLOBAL,PWRSHPINDNE,,,,2038,,,,,,202.6312
TotalAnnualMaxCapacity,BAU,GLOBAL,PWRSHPINDNE,,,,2039,,,,,,202.6312
TotalAnnualMaxCapacity,BAU,GLOBAL,PWRSHPINDNE,,,,2040,,,,,,202.6312
TotalAnnualMaxCapacity,BAU,GLOBAL,PWRSHPINDNE,,,,2041,,,,,,202.6312
TotalAnnualMaxCapacity,BAU,GLOBAL,PWRSHPINDNE,,,,2042,,,,,,202.6312
TotalAnnualMaxCapacity,BAU,GLOBAL,PWRSHPINDNE,,,,2043,,,,,,202.6312
TotalAnnualMaxCapacity,BAU,GLOBAL,PWRSHPINDNE,,,,2044,,,,,,202.6312
TotalAnnualMaxCapacity,BAU,GLOBAL,PWRSHPINDNE,,,,2045,,,,,,202.6312
TotalAnnualMaxCapacity,BAU,GLOBAL,PWRSHPINDNE,,,,2046,,,,,,202.6312
TotalAnnualMaxCapacity,BAU,GLOBAL,PWRSHPINDNE,,,,2047,,,,,,202.6312
TotalAnnualMaxCapacity,BAU,GLOBAL,PWRSHPINDNE,,,,2048,,,,,,202.6312
TotalAnnualMaxCapacity,BAU,GLOBAL,PWRSHPINDNE,,,,2049,,,,,,202.6312
TotalAnnualMaxCapacity,BAU,GLOBAL,PWRSHPINDNE,,,,2050,,,,,,202.6312
TotalAnnualMaxCapacity,BAU,GLOBAL,PWRSHPINDNO,,,,2023,,,,,,183.8822
TotalAnnualMaxCapacity,BAU,GLOBAL,PWRSHPINDNO,,,,2024,,,,,,183.8822
TotalAnnualMaxCapacity,BAU,GLOBAL,PWRSHPINDNO,,,,2025,,,,,,183.8822
TotalAnnualMaxCapacity,BAU,GLOBAL,PWRSHPINDNO,,,,2026,,,,,,183.8822
TotalAnnualMaxCapacity,BAU,GLOBAL,PWRSHPINDNO,,,,2027,,,,,,183.8822
TotalAnnualMaxCapacity,BAU,GLOBAL,PWRSHPINDNO,,,,2028,,,,,,183.8822
TotalAnnualMaxCapacity,BAU,GLOBAL,PWRSHPINDNO,,,,2029,,,,,,183.8822
TotalAnnualMaxCapacity,BAU,GLOBAL,PWRSHPINDNO,,,,2030,,,,,,183.8822
TotalAnnualMaxCapacity,BAU,GLOBAL,PWRSHPINDNO,,,,2031,,,,,,183.8822
TotalAnnualMaxCapacity,BAU,GLOBAL,PWRSHPINDNO,,,,2032,,,,,,183.8822
TotalAnnualMaxCapacity,BAU,GLOBAL,PWRSHPINDNO,,,,2033,,,,,,183.8822
TotalAnnualMaxCapacity,BAU,GLOBAL,PWRSHPINDNO,,,,2034,,,,,,183.8822
TotalAnnualMaxCapacity,BAU,GLOBAL,PWRSHPINDNO,,,,2035,,,,,,183.8822
TotalAnnualMaxCapacity,BAU,GLOBAL,PWRSHPINDNO,,,,2036,,,,,,183.8822
TotalAnnualMaxCapacity,BAU,GLOBAL,PWRSHPINDNO,,,,2037,,,,,,183.8822
TotalAnnualMaxCapacity,BAU,GLOBAL,PWRSHPINDNO,,,,2038,,,,,,183.8822
TotalAnnualMaxCapacity,BAU,GLOBAL,PWRSHPINDNO,,,,2039,,,,,,183.8822
TotalAnnualMaxCapacity,BAU,GLOBAL,PWRSHPINDNO,,,,2040,,,,,,183.8822
TotalAnnualMaxCapacity,BAU,GLOBAL,PWRSHPINDNO,,,,2041,,,,,,183.8822
TotalAnnualMaxCapacity,BAU,GLOBAL,PWRSHPINDNO,,,,2042,,,,,,183.8822
TotalAnnualMaxCapacity,BAU,GLOBAL,PWRSHPINDNO,,,,2043,,,,,,183.8822
TotalAnnualMaxCapacity,BAU,GLOBAL,PWRSHPINDNO,,,,2044,,,,,,183.8822
TotalAnnualMaxCapacity,BAU,GLOBAL,PWRSHPINDNO,,,,2045,,,,,,183.8822
TotalAnnualMaxCapacity,BAU,GLOBAL,PWRSHPINDNO,,,,2046,,,,,,183.8822
TotalAnnualMaxCapacity,BAU,GLOBAL,PWRSHPINDNO,,,,2047,,,,,,183.8822
TotalAnnualMaxCapacity,BAU,GLOBAL,PWRSHPINDNO,,,,2048,,,,,,183.8822
TotalAnnualMaxCapacity,BAU,GLOBAL,PWRSHPINDNO,,,,2049,,,,,,183.8822
TotalAnnualMaxCapacity,BAU,GLOBAL,PWRSHPINDNO,,,,2050,,,,,,183.8822
TotalAnnualMaxCapacity,BAU,GLOBAL,PWRSHPINDSO,,,,2023,,,,,,34.7552
TotalAnnualMaxCapacity,BAU,GLOBAL,PWRSHPINDSO,,,,2024,,,,,,34.7552
TotalAnnualMaxCapacity,BAU,GLOBAL,PWRSHPINDSO,,,,2025,,,,,,34.7552
TotalAnnualMaxCapacity,BAU,GLOBAL,PWRSHPINDSO,,,,2026,,,,,,34.7552
TotalAnnualMaxCapacity,BAU,GLOBAL,PWRSHPINDSO,,,,2027,,,,,,34.7552
TotalAnnualMaxCapacity,BAU,GLOBAL,PWRSHPINDSO,,,,2028,,,,,,34.7552
TotalAnnualMaxCapacity,BAU,GLOBAL,PWRSHPINDSO,,,,2029,,,,,,34.7552
TotalAnnualMaxCapacity,BAU,GLOBAL,PWRSHPINDSO,,,,2030,,,,,,34.7552
TotalAnnualMaxCapacity,BAU,GLOBAL,PWRSHPINDSO,,,,2031,,,,,,34.7552
TotalAnnualMaxCapacity,BAU,GLOBAL,PWRSHPINDSO,,,,2032,,,,,,34.7552
TotalAnnualMaxCapacity,BAU,GLOBAL,PWRSHPINDSO,,,,2033,,,,,,34.7552
TotalAnnualMaxCapacity,BAU,GLOBAL,PWRSHPINDSO,,,,2034,,,,,,34.7552
TotalAnnualMaxCapacity,BAU,GLOBAL,PWRSHPINDSO,,,,2035,,,,,,34.7552
TotalAnnualMaxCapacity,BAU,GLOBAL,PWRSHPINDSO,,,,2036,,,,,,34.7552
TotalAnnualMaxCapacity,BAU,GLOBAL,PWRSHPINDSO,,,,2037,,,,,,34.7552
TotalAnnualMaxCapacity,BAU,GLOBAL,PWRSHPINDSO,,,,2038,,,,,,34.7552
TotalAnnualMaxCapacity,BAU,GLOBAL,PWRSHPINDSO,,,,2039,,,,,,34.7552
TotalAnnualMaxCapacity,BAU,GLOBAL,PWRSHPINDSO,,,,2040,,,,,,34.7552
TotalAnnualMaxCapacity,BAU,GLOBAL,PWRSHPINDSO,,,,2041,,,,,,34.7552
TotalAnnualMaxCapacity,BAU,GLOBAL,PWRSHPINDSO,,,,2042,,,,,,34.7552
TotalAnnualMaxCapacity,BAU,GLOBAL,PWRSHPINDSO,,,,2043,,,,,,34.7552
TotalAnnualMaxCapacity,BAU,GLOBAL,PWRSHPINDSO,,,,2044,,,,,,34.7552
TotalAnnualMaxCapacity,BAU,GLOBAL,PWRSHPINDSO,,,,2045,,,,,,34.7552
TotalAnnualMaxCapacity,BAU,GLOBAL,PWRSHPINDSO,,,,2046,,,,,,34.7552
TotalAnnualMaxCapacity,BAU,GLOBAL,PWRSHPINDSO,,,,2047,,,,,,34.7552
TotalAnnualMaxCapacity,BAU,GLOBAL,PWRSHPINDSO,,,,2048,,,,,,34.7552
TotalAnnualMaxCapacity,BAU,GLOBAL,PWRSHPINDSO,,,,2049,,,,,,34.7552
TotalAnnualMaxCapacity,BAU,GLOBAL,PWRSHPINDSO,,,,2050,,,,,,34.7552
TotalAnnualMaxCapacity,BAU,GLOBAL,PWRSHPINDWE,,,,2023,,,,,,31.5352
TotalAnnualMaxCapacity,BAU,GLOBAL,PWRSHPINDWE,,,,2024,,,,,,31.5352
TotalAnnualMaxCapacity,BAU,GLOBAL,PWRSHPINDWE,,,,2025,,,,,,31.5352
TotalAnnualMaxCapacity,BAU,GLOBAL,PWRSHPINDWE,,,,2026,,,,,,31.5352
TotalAnnualMaxCapacity,BAU,GLOBAL,PWRSHPINDWE,,,,2027,,,,,,31.5352
TotalAnnualMaxCapacity,BAU,GLOBAL,PWRSHPINDWE,,,,2028,,,,,,31.5352
TotalAnnualMaxCapacity,BAU,GLOBAL,PWRSHPINDWE,,,,2029,,,,,,31.5352
TotalAnnualMaxCapacity,BAU,GLOBAL,PWRSHPINDWE,,,,2030,,,,,,31.5352
TotalAnnualMaxCapacity,BAU,GLOBAL,PWRSHPINDWE,,,,2031,,,,,,31.5352
TotalAnnualMaxCapacity,BAU,GLOBAL,PWRSHPINDWE,,,,2032,,,,,,31.5352
TotalAnnualMaxCapacity,BAU,GLOBAL,PWRSHPINDWE,,,,2033,,,,,,31.5352
TotalAnnualMaxCapacity,BAU,GLOBAL,PWRSHPINDWE,,,,2034,,,,,,31.5352
TotalAnnualMaxCapacity,BAU,GLOBAL,PWRSHPINDWE,,,,2035,,,,,,31.5352
TotalAnnualMaxCapacity,BAU,GLOBAL,PWRSHPINDWE,,,,2036,,,,,,31.5352
TotalAnnualMaxCapacity,BAU,GLOBAL,PWRSHPINDWE,,,,2037,,,,,,31.5352
TotalAnnualMaxCapacity,BAU,GLOBAL,PWRSHPINDWE,,,,2038,,,,,,31.5352
TotalAnnualMaxCapacity,BAU,GLOBAL,PWRSHPINDWE,,,,2039,,,,,,31.5352
TotalAnnualMaxCapacity,BAU,GLOBAL,PWRSHPINDWE,,,,2040,,,,,,31.5352
TotalAnnualMaxCapacity,BAU,GLOBAL,PWRSHPINDWE,,,,2041,,,,,,31.5352
TotalAnnualMaxCapacity,BAU,GLOBAL,PWRSHPINDWE,,,,2042,,,,,,31.5352
TotalAnnualMaxCapacity,BAU,GLOBAL,PWRSHPINDWE,,,,2043,,,,,,31.5352
TotalAnnualMaxCapacity,BAU,GLOBAL,PWRSHPINDWE,,,,2044,,,,,,31.5352
TotalAnnualMaxCapacity,BAU,GLOBAL,PWRSHPINDWE,,,,2045,,,,,,31.5352
TotalAnnualMaxCapacity,BAU,GLOBAL,PWRSHPINDWE,,,,2046,,,,,,31.5352
TotalAnnualMaxCapacity,BAU,GLOBAL,PWRSHPINDWE,,,,2047,,,,,,31.5352
TotalAnnualMaxCapacity,BAU,GLOBAL,PWRSHPINDWE,,,,2048,,,,,,31.5352
TotalAnnualMaxCapacity,BAU,GLOBAL,PWRSHPINDWE,,,,2049,,,,,,31.5352
TotalAnnualMaxCapacity,BAU,GLOBAL,PWRSHPINDWE,,,,2050,,,,,,31.5352
TotalAnnualMaxCapacity,BAU,GLOBAL,PWRWOFMDVXX,,,,2023,,,,,,0.0
TotalAnnualMaxCapacity,BAU,GLOBAL,PWRWOFMDVXX,,,,2024,,,,,,0.0
TotalAnnualMaxCapacity,BAU,GLOBAL,PWRWOFMDVXX,,,,2025,,,,,,0.0
TotalAnnualMaxCapacity,BAU,GLOBAL,PWRWOFMDVXX,,,,2026,,,,,,0.0
TotalAnnualMaxCapacity,BAU,GLOBAL,PWRWOFMDVXX,,,,2027,,,,,,0.0
TotalAnnualMaxCapacity,BAU,GLOBAL,PWRWOFMDVXX,,,,2028,,,,,,0.0
TotalAnnualMaxCapacity,BAU,GLOBAL,PWRWOFMDVXX,,,,2029,,,,,,0.0
TotalAnnualMaxCapacity,BAU,GLOBAL,PWRWOFMDVXX,,,,2030,,,,,,0.0
TotalAnnualMaxCapacity,BAU,GLOBAL,PWRWOFMDVXX,,,,2031,,,,,,0.0
TotalAnnualMaxCapacity,BAU,GLOBAL,PWRWOFMDVXX,,,,2032,,,,,,0.0
TotalAnnualMaxCapacity,BAU,GLOBAL,PWRWOFMDVXX,,,,2033,,,,,,0.0
TotalAnnualMaxCapacity,BAU,GLOBAL,PWRWOFMDVXX,,,,2034,,,,,,0.0
TotalAnnualMaxCapacity,BAU,GLOBAL,PWRWOFMDVXX,,,,2035,,,,,,0.0
TotalAnnualMaxCapacity,BAU,GLOBAL,PWRWOFMDVXX,,,,2036,,,,,,0.0
TotalAnnualMaxCapacity,BAU,GLOBAL,PWRWOFMDVXX,,,,2037,,,,,,0.0
TotalAnnualMaxCapacity,BAU,GLOBAL,PWRWOFMDVXX,,,,2038,,,,,,0.0
TotalAnnualMaxCapacity,BAU,GLOBAL,PWRWOFMDVXX,,,,2039,,,,,,0.0
TotalAnnualMaxCapacity,BAU,GLOBAL,PWRWOFMDVXX,,,,2040,,,,,,0.0
TotalAnnualMaxCapacity,BAU,GLOBAL,PWRWOFMDVXX,,,,2041,,,,,,0.0
TotalAnnualMaxCapacity,BAU,GLOBAL,PWRWOFMDVXX,,,,2042,,,,,,0.0
TotalAnnualMaxCapacity,BAU,GLOBAL,PWRWOFMDVXX,,,,2043,,,,,,0.0
TotalAnnualMaxCapacity,BAU,GLOBAL,PWRWOFMDVXX,,,,2044,,,,,,0.0
TotalAnnualMaxCapacity,BAU,GLOBAL,PWRWOFMDVXX,,,,2045,,,,,,0.0
TotalAnnualMaxCapacity,BAU,GLOBAL,PWRWOFMDVXX,,,,2046,,,,,,0.0
TotalAnnualMaxCapacity,BAU,GLOBAL,PWRWOFMDVXX,,,,2047,,,,,,0.0
TotalAnnualMaxCapacity,BAU,GLOBAL,PWRWOFMDVXX,,,,2048,,,,,,0.0
TotalAnnualMaxCapacity,BAU,GLOBAL,PWRWOFMDVXX,,,,2049,,,,,,0.0
TotalAnnualMaxCapacity,BAU,GLOBAL,PWRWOFMDVXX,,,,2050,,,,,,0.0
TotalAnnualMaxCapacity,BAU,GLOBAL,PWRWONMDVXX,,,,2023,,,,,,148.3002
TotalAnnualMaxCapacity,BAU,GLOBAL,PWRWONMDVXX,,,,2024,,,,,,148.3002
TotalAnnualMaxCapacity,BAU,GLOBAL,PWRWONMDVXX,,,,2025,,,,,,148.3002
TotalAnnualMaxCapacity,BAU,GLOBAL,PWRWONMDVXX,,,,2026,,,,,,148.3002
TotalAnnualMaxCapacity,BAU,GLOBAL,PWRWONMDVXX,,,,2027,,,,,,148.3002
TotalAnnualMaxCapacity,BAU,GLOBAL,PWRWONMDVXX,,,,2028,,,,,,148.3002
TotalAnnualMaxCapacity,BAU,GLOBAL,PWRWONMDVXX,,,,2029,,,,,,148.3002
TotalAnnualMaxCapacity,BAU,GLOBAL,PWRWONMDVXX,,,,2030,,,,,,148.3002
TotalAnnualMaxCapacity,BAU,GLOBAL,PWRWONMDVXX,,,,2031,,,,,,148.3002
TotalAnnualMaxCapacity,BAU,GLOBAL,PWRWONMDVXX,,,,2032,,,,,,148.3002
TotalAnnualMaxCapacity,BAU,GLOBAL,PWRWONMDVXX,,,,2033,,,,,,148.3002
TotalAnnualMaxCapacity,BAU,GLOBAL,PWRWONMDVXX,,,,2034,,,,,,148.3002
TotalAnnualMaxCapacity,BAU,GLOBAL,PWRWONMDVXX,,,,2035,,,,,,148.3002
TotalAnnualMaxCapacity,BAU,GLOBAL,PWRWONMDVXX,,,,2036,,,,,,148.3002
TotalAnnualMaxCapacity,BAU,GLOBAL,PWRWONMDVXX,,,,2037,,,,,,148.3002
TotalAnnualMaxCapacity,BAU,GLOBAL,PWRWONMDVXX,,,,2038,,,,,,148.3002
TotalAnnualMaxCapacity,BAU,GLOBAL,PWRWONMDVXX,,,,2039,,,,,,148.3002
TotalAnnualMaxCapacity,BAU,GLOBAL,PWRWONMDVXX,,,,2040,,,,,,148.3002
TotalAnnualMaxCapacity,BAU,GLOBAL,PWRWONMDVXX,,,,2041,,,,,,148.3002
TotalAnnualMaxCapacity,BAU,GLOBAL,PWRWONMDVXX,,,,2042,,,,,,148.3002
TotalAnnualMaxCapacity,BAU,GLOBAL,PWRWONMDVXX,,,,2043,,,,,,148.3002
TotalAnnualMaxCapacity,BAU,GLOBAL,PWRWONMDVXX,,,,2044,,,,,,148.3002
TotalAnnualMaxCapacity,BAU,GLOBAL,PWRWONMDVXX,,,,2045,,,,,,148.3002
TotalAnnualMaxCapacity,BAU,GLOBAL,PWRWONMDVXX,,,,2046,,,,,,148.3002
TotalAnnualMaxCapacity,BAU,GLOBAL,PWRWONMDVXX,,,,2047,,,,,,148.3002
TotalAnnualMaxCapacity,BAU,GLOBAL,PWRWONMDVXX,,,,2048,,,,,,148.3002
TotalAnnualMaxCapacity,BAU,GLOBAL,PWRWONMDVXX,,,,2049,,,,,,148.3002
TotalAnnualMaxCapacity,BAU,GLOBAL,PWRWONMDVXX,,,,2050,,,,,,148.3002
TotalAnnualMaxCapacity,BAU,GLOBAL,TRNBTNXXINDNE,,,,2023,,,,,,0.11
TotalAnnualMaxCapacity,BAU,GLOBAL,TRNBTNXXINDNE,,,,2024,,,,,,0.11
TotalAnnualMaxCapacity,BAU,GLOBAL,TRNBTNXXINDNE,,,,2025,,,,,,0.11
TotalAnnualMaxCapacity,BAU,GLOBAL,TRNBTNXXINDNE,,,,2026,,,,,,0.11
TotalAnnualMaxCapacity,BAU,GLOBAL,TRNBTNXXINDNE,,,,2027,,,,,,0.11
TotalAnnualMaxCapacity,BAU,GLOBAL,TRNBTNXXINDNE,,,,2028,,,,,,0.11
TotalAnnualMaxCapacity,BAU,GLOBAL,TRNBTNXXINDNE,,,,2029,,,,,,0.11
TotalAnnualMaxCapacity,BAU,GLOBAL,TRNBTNXXINDNE,,,,2030,,,,,,0.11
TotalAnnualMaxCapacity,BAU,GLOBAL,TRNBTNXXINDNE,,,,2031,,,,,,0.11
TotalAnnualMaxCapacity,BAU,GLOBAL,TRNBTNXXINDNE,,,,2032,,,,,,0.11
TotalAnnualMaxCapacity,BAU,GLOBAL,TRNBTNXXINDNE,,,,2033,,,,,,0.11
TotalAnnualMaxCapacity,BAU,GLOBAL,TRNBTNXXINDNE,,,,2034,,,,,,0.11
TotalAnnualMaxCapacity,BAU,GLOBAL,TRNBTNXXINDNE,,,,2035,,,,,,0.11
TotalAnnualMaxCapacity,BAU,GLOBAL,TRNBTNXXINDNE,,,,2036,,,,,,0.11
TotalAnnualMaxCapacity,BAU,GLOBAL,TRNBTNXXINDNE,,,,2037,,,,,,0.11
TotalAnnualMaxCapacity,BAU,GLOBAL,TRNBTNXXINDNE,,,,2038,,,,,,0.11
TotalAnnualMaxCapacity,BAU,GLOBAL,TRNBTNXXINDNE,,,,2039,,,,,,0.11
TotalAnnualMaxCapacity,BAU,GLOBAL,TRNBTNXXINDNE,,,,2040,,,,,,0.11
TotalAnnualMaxCapacity,BAU,GLOBAL,TRNBTNXXINDNE,,,,2041,,,,,,0.11
TotalAnnualMaxCapacity,BAU,GLOBAL,TRNBTNXXINDNE,,,,2042,,,,,,0.11
TotalAnnualMaxCapacity,BAU,GLOBAL,TRNBTNXXINDNE,,,,2043,,,,,,0.11
TotalAnnualMaxCapacity,BAU,GLOBAL,TRNBTNXXINDNE,,,,2044,,,,,,0.11
TotalAnnualMaxCapacity,BAU,GLOBAL,TRNBTNXXINDNE,,,,2045,,,,,,0.11
TotalAnnualMaxCapacity,BAU,GLOBAL,TRNBTNXXINDNE,,,,2046,,,,,,0.11
TotalAnnualMaxCapacity,BAU,GLOBAL,TRNBTNXXINDNE,,,,2047,,,,,,0.11
TotalAnnualMaxCapacity,BAU,GLOBAL,TRNBTNXXINDNE,,,,2048,,,,,,0.11
TotalAnnualMaxCapacity,BAU,GLOBAL,TRNBTNXXINDNE,,,,2049,,,,,,0.11
TotalAnnualMaxCapacity,BAU,GLOBAL,TRNBTNXXINDNE,,,,2050,,,,,,0.11
TotalAnnualMaxCapacity,BAU,GLOBAL,TRNMDVXXINDSO,,,,2023,,,,,,0.0
TotalAnnualMaxCapacity,BAU,GLOBAL,TRNMDVXXINDSO,,,,2024,,,,,,0.0
TotalAnnualMaxCapacity,BAU,GLOBAL,TRNMDVXXINDSO,,,,2025,,,,,,0.0
TotalAnnualMaxCapacity,BAU,GLOBAL,TRNMDVXXINDSO,,,,2026,,,,,,0.0
TotalAnnualMaxCapacity,BAU,GLOBAL,TRNMDVXXINDSO,,,,2027,,,,,,0.0
TotalAnnualMaxCapacity,BAU,GLOBAL,TRNMDVXXINDSO,,,,2028,,,,,,0.0
TotalAnnualMaxCapacity,BAU,GLOBAL,TRNMDVXXINDSO,,,,2029,,,,,,0.0
TotalAnnualMaxCapacity,BAU,GLOBAL,TRNMDVXXINDSO,,,,2030,,,,,,0.0
TotalAnnualMaxCapacity,BAU,GLOBAL,TRNMDVXXINDSO,,,,2031,,,,,,0.0
TotalAnnualMaxCapacity,BAU,GLOBAL,TRNMDVXXINDSO,,,,2032,,,,,,0.0
TotalAnnualMaxCapacity,BAU,GLOBAL,TRNMDVXXINDSO,,,,2033,,,,,,0.0
TotalAnnualMaxCapacity,BAU,GLOBAL,TRNMDVXXINDSO,,,,2034,,,,,,0.0
TotalAnnualMaxCapacity,BAU,GLOBAL,TRNMDVXXINDSO,,,,2035,,,,,,0.0
TotalAnnualMaxCapacity,BAU,GLOBAL,TRNMDVXXINDSO,,,,2036,,,,,,0.0
TotalAnnualMaxCapacity,BAU,GLOBAL,TRNMDVXXINDSO,,,,2037,,,,,,0.0
TotalAnnualMaxCapacity,BAU,GLOBAL,TRNMDVXXINDSO,,,,2038,,,,,,0.0
TotalAnnualMaxCapacity,BAU,GLOBAL,TRNMDVXXINDSO,,,,2039,,,,,,0.0
TotalAnnualMaxCapacity,BAU,GLOBAL,TRNMDVXXINDSO,,,,2040,,,,,,0.0
TotalAnnualMaxCapacity,BAU,GLOBAL,TRNMDVXXINDSO,,,,2041,,,,,,0.0
TotalAnnualMaxCapacity,BAU,GLOBAL,TRNMDVXXINDSO,,,,2042,,,,,,0.0
TotalAnnualMaxCapacity,BAU,GLOBAL,TRNMDVXXINDSO,,,,2043,,,,,,0.0
TotalAnnualMaxCapacity,BAU,GLOBAL,TRNMDVXXINDSO,,,,2044,,,,,,0.0
TotalAnnualMaxCapacity,BAU,GLOBAL,TRNMDVXXINDSO,,,,2045,,,,,,0.0
TotalAnnualMaxCapacity,BAU,GLOBAL,TRNMDVXXINDSO,,,,2046,,,,,,0.0
TotalAnnualMaxCapacity,BAU,GLOBAL,TRNMDVXXINDSO,,,,2047,,,,,,0.0
TotalAnnualMaxCapacity,BAU,GLOBAL,TRNMDVXXINDSO,,,,2048,,,,,,0.0
TotalAnnualMaxCapacity,BAU,GLOBAL,TRNMDVXXINDSO,,,,2049,,,,,,0.0
TotalAnnualMaxCapacity,BAU,GLOBAL,TRNMDVXXINDSO,,,,2050,,,,,,0.0
