"source_rule_id","parameter","ordered_parameter_indices","region","technology","semantic_technology_group","canonical_country","year","required_root_present","required_root_value","required_root_state","verified_physical_unit","verified_compiled_unit","root_scenarios_with_actual_change","authority_classification","authority_lineage_class"
"PWR_MIN_PIN::TotalAnnualMaxCapacity::GLOBAL::MINCOABGD::2023","TotalAnnualMaxCapacity","[""REGION"",""TECHNOLOGY"",""YEAR""]","GLOBAL","MINCOABGD","MIN:COA","BGD","2023","true","9999","POSITIVE","native_supply_capacity_unit","native_supply_capacity_unit","A_Calibrated_BAU;B_Optimised_VRE;C_Target_VRE","BENCHMARK_SUPPORTED","ACCEPTED_WS4_BASE_YEAR_PIN_2023_2026"
"PWR_MIN_PIN::TotalAnnualMaxCapacity::GLOBAL::MINCOABGD::2024","TotalAnnualMaxCapacity","[""REGION"",""TECHNOLOGY"",""YEAR""]","GLOBAL","MINCOABGD","MIN:COA","BGD","2024","true","9999","POSITIVE","native_supply_capacity_unit","native_supply_capacity_unit","A_Calibrated_BAU;B_Optimised_VRE;C_Target_VRE","BENCHMARK_SUPPORTED","ACCEPTED_WS4_BASE_YEAR_PIN_2023_2026"
"PWR_MIN_PIN::TotalAnnualMaxCapacity::GLOBAL::MINCOABGD::2025","TotalAnnualMaxCapacity","[""REGION"",""TECHNOLOGY"",""YEAR""]","GLOBAL","MINCOABGD","MIN:COA","BGD","2025","true","9999","POSITIVE","native_supply_capacity_unit","native_supply_capacity_unit","A_Calibrated_BAU;B_Optimised_VRE;C_Target_VRE","BENCHMARK_SUPPORTED","ACCEPTED_WS4_BASE_YEAR_PIN_2023_2026"
"PWR_MIN_PIN::TotalAnnualMaxCapacity::GLOBAL::MINCOABGD::2026","TotalAnnualMaxCapacity","[""REGION"",""TECHNOLOGY"",""YEAR""]","GLOBAL","MINCOABGD","MIN:COA","BGD","2026","true","9999","POSITIVE","native_supply_capacity_unit","native_supply_capacity_unit","A_Calibrated_BAU;B_Optimised_VRE;C_Target_VRE","BENCHMARK_SUPPORTED","ACCEPTED_WS4_BASE_YEAR_PIN_2023_2026"
"PWR_MIN_PIN::TotalAnnualMaxCapacity::GLOBAL::MINCOAIND::2023","TotalAnnualMaxCapacity","[""REGION"",""TECHNOLOGY"",""YEAR""]","GLOBAL","MINCOAIND","MIN:COA","IND","2023","true","9999","POSITIVE","native_supply_capacity_unit","native_supply_capacity_unit","A_Calibrated_BAU;B_Optimised_VRE;C_Target_VRE","BENCHMARK_SUPPORTED","ACCEPTED_WS4_BASE_YEAR_PIN_2023_2026"
"PWR_MIN_PIN::TotalAnnualMaxCapacity::GLOBAL::MINCOAIND::2024","TotalAnnualMaxCapacity","[""REGION"",""TECHNOLOGY"",""YEAR""]","GLOBAL","MINCOAIND","MIN:COA","IND","2024","true","9999","POSITIVE","native_supply_capacity_unit","native_supply_capacity_unit","A_Calibrated_BAU;B_Optimised_VRE;C_Target_VRE","BENCHMARK_SUPPORTED","ACCEPTED_WS4_BASE_YEAR_PIN_2023_2026"
"PWR_MIN_PIN::TotalAnnualMaxCapacity::GLOBAL::MINCOAIND::2025","TotalAnnualMaxCapacity","[""REGION"",""TECHNOLOGY"",""YEAR""]","GLOBAL","MINCOAIND","MIN:COA","IND","2025","true","9999","POSITIVE","native_supply_capacity_unit","native_supply_capacity_unit","A_Calibrated_BAU;B_Optimised_VRE;C_Target_VRE","BENCHMARK_SUPPORTED","ACCEPTED_WS4_BASE_YEAR_PIN_2023_2026"
"PWR_MIN_PIN::TotalAnnualMaxCapacity::GLOBAL::MINCOAIND::2026","TotalAnnualMaxCapacity","[""REGION"",""TECHNOLOGY"",""YEAR""]","GLOBAL","MINCOAIND","MIN:COA","IND","2026","true","9999","POSITIVE","native_supply_capacity_unit","native_supply_capacity_unit","A_Calibrated_BAU;B_Optimised_VRE;C_Target_VRE","BENCHMARK_SUPPORTED","ACCEPTED_WS4_BASE_YEAR_PIN_2023_2026"
"PWR_MIN_PIN::TotalAnnualMaxCapacity::GLOBAL::MINCOGBGD::2023","TotalAnnualMaxCapacity","[""REGION"",""TECHNOLOGY"",""YEAR""]","GLOBAL","MINCOGBGD","MIN:COG","BGD","2023","true","9999","POSITIVE","native_supply_capacity_unit","native_supply_capacity_unit","A_Calibrated_BAU;B_Optimised_VRE;C_Target_VRE","BENCHMARK_SUPPORTED","ACCEPTED_WS4_BASE_YEAR_PIN_2023_2026"
"PWR_MIN_PIN::TotalAnnualMaxCapacity::GLOBAL::MINCOGBGD::2024","TotalAnnualMaxCapacity","[""REGION"",""TECHNOLOGY"",""YEAR""]","GLOBAL","MINCOGBGD","MIN:COG","BGD","2024","true","9999","POSITIVE","native_supply_capacity_unit","native_supply_capacity_unit","A_Calibrated_BAU;B_Optimised_VRE;C_Target_VRE","BENCHMARK_SUPPORTED","ACCEPTED_WS4_BASE_YEAR_PIN_2023_2026"
"PWR_MIN_PIN::TotalAnnualMaxCapacity::GLOBAL::MINCOGBGD::2025","TotalAnnualMaxCapacity","[""REGION"",""TECHNOLOGY"",""YEAR""]","GLOBAL","MINCOGBGD","MIN:COG","BGD","2025","true","9999","POSITIVE","native_supply_capacity_unit","native_supply_capacity_unit","A_Calibrated_BAU;B_Optimised_VRE;C_Target_VRE","BENCHMARK_SUPPORTED","ACCEPTED_WS4_BASE_YEAR_PIN_2023_2026"
"PWR_MIN_PIN::TotalAnnualMaxCapacity::GLOBAL::MINCOGBGD::2026","TotalAnnualMaxCapacity","[""REGION"",""TECHNOLOGY"",""YEAR""]","GLOBAL","MINCOGBGD","MIN:COG","BGD","2026","true","9999","POSITIVE","native_supply_capacity_unit","native_supply_capacity_unit","A_Calibrated_BAU;B_Optimised_VRE;C_Target_VRE","BENCHMARK_SUPPORTED","ACCEPTED_WS4_BASE_YEAR_PIN_2023_2026"
"PWR_MIN_PIN::TotalAnnualMaxCapacity::GLOBAL::MINCOGIND::2023","TotalAnnualMaxCapacity","[""REGION"",""TECHNOLOGY"",""YEAR""]","GLOBAL","MINCOGIND","MIN:COG","IND","2023","true","9999","POSITIVE","native_supply_capacity_unit","native_supply_capacity_unit","A_Calibrated_BAU;B_Optimised_VRE;C_Target_VRE","BENCHMARK_SUPPORTED","ACCEPTED_WS4_BASE_YEAR_PIN_2023_2026"
"PWR_MIN_PIN::TotalAnnualMaxCapacity::GLOBAL::MINCOGIND::2024","TotalAnnualMaxCapacity","[""REGION"",""TECHNOLOGY"",""YEAR""]","GLOBAL","MINCOGIND","MIN:COG","IND","2024","true","9999","POSITIVE","native_supply_capacity_unit","native_supply_capacity_unit","A_Calibrated_BAU;B_Optimised_VRE;C_Target_VRE","BENCHMARK_SUPPORTED","ACCEPTED_WS4_BASE_YEAR_PIN_2023_2026"
"PWR_MIN_PIN::TotalAnnualMaxCapacity::GLOBAL::MINCOGIND::2025","TotalAnnualMaxCapacity","[""REGION"",""TECHNOLOGY"",""YEAR""]","GLOBAL","MINCOGIND","MIN:COG","IND","2025","true","9999","POSITIVE","native_supply_capacity_unit","native_supply_capacity_unit","A_Calibrated_BAU;B_Optimised_VRE;C_Target_VRE","BENCHMARK_SUPPORTED","ACCEPTED_WS4_BASE_YEAR_PIN_2023_2026"
"PWR_MIN_PIN::TotalAnnualMaxCapacity::GLOBAL::MINCOGIND::2026","TotalAnnualMaxCapacity","[""REGION"",""TECHNOLOGY"",""YEAR""]","GLOBAL","MINCOGIND","MIN:COG","IND","2026","true","9999","POSITIVE","native_supply_capacity_unit","native_supply_capacity_unit","A_Calibrated_BAU;B_Optimised_VRE;C_Target_VRE","BENCHMARK_SUPPORTED","ACCEPTED_WS4_BASE_YEAR_PIN_2023_2026"
"PWR_MIN_PIN::TotalAnnualMaxCapacity::GLOBAL::MINGASBGD::2023","TotalAnnualMaxCapacity","[""REGION"",""TECHNOLOGY"",""YEAR""]","GLOBAL","MINGASBGD","MIN:GAS","BGD","2023","true","9999","POSITIVE","native_supply_capacity_unit","native_supply_capacity_unit","A_Calibrated_BAU;B_Optimised_VRE;C_Target_VRE","BENCHMARK_SUPPORTED","ACCEPTED_WS4_BASE_YEAR_PIN_2023_2026"
"PWR_MIN_PIN::TotalAnnualMaxCapacity::GLOBAL::MINGASBGD::2024","TotalAnnualMaxCapacity","[""REGION"",""TECHNOLOGY"",""YEAR""]","GLOBAL","MINGASBGD","MIN:GAS","BGD","2024","true","9999","POSITIVE","native_supply_capacity_unit","native_supply_capacity_unit","A_Calibrated_BAU;B_Optimised_VRE;C_Target_VRE","BENCHMARK_SUPPORTED","ACCEPTED_WS4_BASE_YEAR_PIN_2023_2026"
"PWR_MIN_PIN::TotalAnnualMaxCapacity::GLOBAL::MINGASBGD::2025","TotalAnnualMaxCapacity","[""REGION"",""TECHNOLOGY"",""YEAR""]","GLOBAL","MINGASBGD","MIN:GAS","BGD","2025","true","9999","POSITIVE","native_supply_capacity_unit","native_supply_capacity_unit","A_Calibrated_BAU;B_Optimised_VRE;C_Target_VRE","BENCHMARK_SUPPORTED","ACCEPTED_WS4_BASE_YEAR_PIN_2023_2026"
"PWR_MIN_PIN::TotalAnnualMaxCapacity::GLOBAL::MINGASBGD::2026","TotalAnnualMaxCapacity","[""REGION"",""TECHNOLOGY"",""YEAR""]","GLOBAL","MINGASBGD","MIN:GAS","BGD","2026","true","9999","POSITIVE","native_supply_capacity_unit","native_supply_capacity_unit","A_Calibrated_BAU;B_Optimised_VRE;C_Target_VRE","BENCHMARK_SUPPORTED","ACCEPTED_WS4_BASE_YEAR_PIN_2023_2026"
"PWR_MIN_PIN::TotalAnnualMaxCapacity::GLOBAL::MINGASIND::2023","TotalAnnualMaxCapacity","[""REGION"",""TECHNOLOGY"",""YEAR""]","GLOBAL","MINGASIND","MIN:GAS","IND","2023","true","9999","POSITIVE","native_supply_capacity_unit","native_supply_capacity_unit","A_Calibrated_BAU;B_Optimised_VRE;C_Target_VRE","BENCHMARK_SUPPORTED","ACCEPTED_WS4_BASE_YEAR_PIN_2023_2026"
"PWR_MIN_PIN::TotalAnnualMaxCapacity::GLOBAL::MINGASIND::2024","TotalAnnualMaxCapacity","[""REGION"",""TECHNOLOGY"",""YEAR""]","GLOBAL","MINGASIND","MIN:GAS","IND","2024","true","9999","POSITIVE","native_supply_capacity_unit","native_supply_capacity_unit","A_Calibrated_BAU;B_Optimised_VRE;C_Target_VRE","BENCHMARK_SUPPORTED","ACCEPTED_WS4_BASE_YEAR_PIN_2023_2026"
"PWR_MIN_PIN::TotalAnnualMaxCapacity::GLOBAL::MINGASIND::2025","TotalAnnualMaxCapacity","[""REGION"",""TECHNOLOGY"",""YEAR""]","GLOBAL","MINGASIND","MIN:GAS","IND","2025","true","9999","POSITIVE","native_supply_capacity_unit","native_supply_capacity_unit","A_Calibrated_BAU;B_Optimised_VRE;C_Target_VRE","BENCHMARK_SUPPORTED","ACCEPTED_WS4_BASE_YEAR_PIN_2023_2026"
"PWR_MIN_PIN::TotalAnnualMaxCapacity::GLOBAL::MINGASIND::2026","TotalAnnualMaxCapacity","[""REGION"",""TECHNOLOGY"",""YEAR""]","GLOBAL","MINGASIND","MIN:GAS","IND","2026","true","9999","POSITIVE","native_supply_capacity_unit","native_supply_capacity_unit","A_Calibrated_BAU;B_Optimised_VRE;C_Target_VRE","BENCHMARK_SUPPORTED","ACCEPTED_WS4_BASE_YEAR_PIN_2023_2026"
"PWR_MIN_PIN::TotalAnnualMaxCapacity::GLOBAL::MINOILBGD::2023","TotalAnnualMaxCapacity","[""REGION"",""TECHNOLOGY"",""YEAR""]","GLOBAL","MINOILBGD","MIN:OIL","BGD","2023","true","9999","POSITIVE","native_supply_capacity_unit","native_supply_capacity_unit","A_Calibrated_BAU;B_Optimised_VRE;C_Target_VRE","BENCHMARK_SUPPORTED","ACCEPTED_WS4_BASE_YEAR_PIN_2023_2026"
"PWR_MIN_PIN::TotalAnnualMaxCapacity::GLOBAL::MINOILBGD::2024","TotalAnnualMaxCapacity","[""REGION"",""TECHNOLOGY"",""YEAR""]","GLOBAL","MINOILBGD","MIN:OIL","BGD","2024","true","9999","POSITIVE","native_supply_capacity_unit","native_supply_capacity_unit","A_Calibrated_BAU;B_Optimised_VRE;C_Target_VRE","BENCHMARK_SUPPORTED","ACCEPTED_WS4_BASE_YEAR_PIN_2023_2026"
"PWR_MIN_PIN::TotalAnnualMaxCapacity::GLOBAL::MINOILBGD::2025","TotalAnnualMaxCapacity","[""REGION"",""TECHNOLOGY"",""YEAR""]","GLOBAL","MINOILBGD","MIN:OIL","BGD","2025","true","9999","POSITIVE","native_supply_capacity_unit","native_supply_capacity_unit","A_Calibrated_BAU;B_Optimised_VRE;C_Target_VRE","BENCHMARK_SUPPORTED","ACCEPTED_WS4_BASE_YEAR_PIN_2023_2026"
"PWR_MIN_PIN::TotalAnnualMaxCapacity::GLOBAL::MINOILBGD::2026","TotalAnnualMaxCapacity","[""REGION"",""TECHNOLOGY"",""YEAR""]","GLOBAL","MINOILBGD","MIN:OIL","BGD","2026","true","9999","POSITIVE","native_supply_capacity_unit","native_supply_capacity_unit","A_Calibrated_BAU;B_Optimised_VRE;C_Target_VRE","BENCHMARK_SUPPORTED","ACCEPTED_WS4_BASE_YEAR_PIN_2023_2026"
"PWR_MIN_PIN::TotalAnnualMaxCapacity::GLOBAL::MINOILIND::2023","TotalAnnualMaxCapacity","[""REGION"",""TECHNOLOGY"",""YEAR""]","GLOBAL","MINOILIND","MIN:OIL","IND","2023","true","9999","POSITIVE","native_supply_capacity_unit","native_supply_capacity_unit","A_Calibrated_BAU;B_Optimised_VRE;C_Target_VRE","BENCHMARK_SUPPORTED","ACCEPTED_WS4_BASE_YEAR_PIN_2023_2026"
"PWR_MIN_PIN::TotalAnnualMaxCapacity::GLOBAL::MINOILIND::2024","TotalAnnualMaxCapacity","[""REGION"",""TECHNOLOGY"",""YEAR""]","GLOBAL","MINOILIND","MIN:OIL","IND","2024","true","9999","POSITIVE","native_supply_capacity_unit","native_supply_capacity_unit","A_Calibrated_BAU;B_Optimised_VRE;C_Target_VRE","BENCHMARK_SUPPORTED","ACCEPTED_WS4_BASE_YEAR_PIN_2023_2026"
"PWR_MIN_PIN::TotalAnnualMaxCapacity::GLOBAL::MINOILIND::2025","TotalAnnualMaxCapacity","[""REGION"",""TECHNOLOGY"",""YEAR""]","GLOBAL","MINOILIND","MIN:OIL","IND","2025","true","9999","POSITIVE","native_supply_capacity_unit","native_supply_capacity_unit","A_Calibrated_BAU;B_Optimised_VRE;C_Target_VRE","BENCHMARK_SUPPORTED","ACCEPTED_WS4_BASE_YEAR_PIN_2023_2026"
"PWR_MIN_PIN::TotalAnnualMaxCapacity::GLOBAL::MINOILIND::2026","TotalAnnualMaxCapacity","[""REGION"",""TECHNOLOGY"",""YEAR""]","GLOBAL","MINOILIND","MIN:OIL","IND","2026","true","9999","POSITIVE","native_supply_capacity_unit","native_supply_capacity_unit","A_Calibrated_BAU;B_Optimised_VRE;C_Target_VRE","BENCHMARK_SUPPORTED","ACCEPTED_WS4_BASE_YEAR_PIN_2023_2026"
"PWR_MIN_PIN::TotalAnnualMaxCapacity::GLOBAL::MINOTHBGD::2023","TotalAnnualMaxCapacity","[""REGION"",""TECHNOLOGY"",""YEAR""]","GLOBAL","MINOTHBGD","MIN:OTH","BGD","2023","true","9999","POSITIVE","native_supply_capacity_unit","native_supply_capacity_unit","A_Calibrated_BAU;B_Optimised_VRE;C_Target_VRE","BENCHMARK_SUPPORTED","ACCEPTED_WS4_BASE_YEAR_PIN_2023_2026"
"PWR_MIN_PIN::TotalAnnualMaxCapacity::GLOBAL::MINOTHBGD::2024","TotalAnnualMaxCapacity","[""REGION"",""TECHNOLOGY"",""YEAR""]","GLOBAL","MINOTHBGD","MIN:OTH","BGD","2024","true","9999","POSITIVE","native_supply_capacity_unit","native_supply_capacity_unit","A_Calibrated_BAU;B_Optimised_VRE;C_Target_VRE","BENCHMARK_SUPPORTED","ACCEPTED_WS4_BASE_YEAR_PIN_2023_2026"
"PWR_MIN_PIN::TotalAnnualMaxCapacity::GLOBAL::MINOTHBGD::2025","TotalAnnualMaxCapacity","[""REGION"",""TECHNOLOGY"",""YEAR""]","GLOBAL","MINOTHBGD","MIN:OTH","BGD","2025","true","9999","POSITIVE","native_supply_capacity_unit","native_supply_capacity_unit","A_Calibrated_BAU;B_Optimised_VRE;C_Target_VRE","BENCHMARK_SUPPORTED","ACCEPTED_WS4_BASE_YEAR_PIN_2023_2026"
"PWR_MIN_PIN::TotalAnnualMaxCapacity::GLOBAL::MINOTHBGD::2026","TotalAnnualMaxCapacity","[""REGION"",""TECHNOLOGY"",""YEAR""]","GLOBAL","MINOTHBGD","MIN:OTH","BGD","2026","true","9999","POSITIVE","native_supply_capacity_unit","native_supply_capacity_unit","A_Calibrated_BAU;B_Optimised_VRE;C_Target_VRE","BENCHMARK_SUPPORTED","ACCEPTED_WS4_BASE_YEAR_PIN_2023_2026"
"PWR_MIN_PIN::TotalAnnualMaxCapacity::GLOBAL::MINOTHIND::2023","TotalAnnualMaxCapacity","[""REGION"",""TECHNOLOGY"",""YEAR""]","GLOBAL","MINOTHIND","MIN:OTH","IND","2023","true","9999","POSITIVE","native_supply_capacity_unit","native_supply_capacity_unit","A_Calibrated_BAU;B_Optimised_VRE;C_Target_VRE","BENCHMARK_SUPPORTED","ACCEPTED_WS4_BASE_YEAR_PIN_2023_2026"
"PWR_MIN_PIN::TotalAnnualMaxCapacity::GLOBAL::MINOTHIND::2024","TotalAnnualMaxCapacity","[""REGION"",""TECHNOLOGY"",""YEAR""]","GLOBAL","MINOTHIND","MIN:OTH","IND","2024","true","9999","POSITIVE","native_supply_capacity_unit","native_supply_capacity_unit","A_Calibrated_BAU;B_Optimised_VRE;C_Target_VRE","BENCHMARK_SUPPORTED","ACCEPTED_WS4_BASE_YEAR_PIN_2023_2026"
"PWR_MIN_PIN::TotalAnnualMaxCapacity::GLOBAL::MINOTHIND::2025","TotalAnnualMaxCapacity","[""REGION"",""TECHNOLOGY"",""YEAR""]","GLOBAL","MINOTHIND","MIN:OTH","IND","2025","true","9999","POSITIVE","native_supply_capacity_unit","native_supply_capacity_unit","A_Calibrated_BAU;B_Optimised_VRE;C_Target_VRE","BENCHMARK_SUPPORTED","ACCEPTED_WS4_BASE_YEAR_PIN_2023_2026"
"PWR_MIN_PIN::TotalAnnualMaxCapacity::GLOBAL::MINOTHIND::2026","TotalAnnualMaxCapacity","[""REGION"",""TECHNOLOGY"",""YEAR""]","GLOBAL","MINOTHIND","MIN:OTH","IND","2026","true","9999","POSITIVE","native_supply_capacity_unit","native_supply_capacity_unit","A_Calibrated_BAU;B_Optimised_VRE;C_Target_VRE","BENCHMARK_SUPPORTED","ACCEPTED_WS4_BASE_YEAR_PIN_2023_2026"
"PWR_MIN_PIN::TotalAnnualMaxCapacity::GLOBAL::MINPETBGD::2023","TotalAnnualMaxCapacity","[""REGION"",""TECHNOLOGY"",""YEAR""]","GLOBAL","MINPETBGD","MIN:PET","BGD","2023","true","9999","POSITIVE","native_supply_capacity_unit","native_supply_capacity_unit","A_Calibrated_BAU;B_Optimised_VRE;C_Target_VRE","BENCHMARK_SUPPORTED","ACCEPTED_WS4_BASE_YEAR_PIN_2023_2026"
"PWR_MIN_PIN::TotalAnnualMaxCapacity::GLOBAL::MINPETBGD::2024","TotalAnnualMaxCapacity","[""REGION"",""TECHNOLOGY"",""YEAR""]","GLOBAL","MINPETBGD","MIN:PET","BGD","2024","true","9999","POSITIVE","native_supply_capacity_unit","native_supply_capacity_unit","A_Calibrated_BAU;B_Optimised_VRE;C_Target_VRE","BENCHMARK_SUPPORTED","ACCEPTED_WS4_BASE_YEAR_PIN_2023_2026"
"PWR_MIN_PIN::TotalAnnualMaxCapacity::GLOBAL::MINPETBGD::2025","TotalAnnualMaxCapacity","[""REGION"",""TECHNOLOGY"",""YEAR""]","GLOBAL","MINPETBGD","MIN:PET","BGD","2025","true","9999","POSITIVE","native_supply_capacity_unit","native_supply_capacity_unit","A_Calibrated_BAU;B_Optimised_VRE;C_Target_VRE","BENCHMARK_SUPPORTED","ACCEPTED_WS4_BASE_YEAR_PIN_2023_2026"
"PWR_MIN_PIN::TotalAnnualMaxCapacity::GLOBAL::MINPETBGD::2026","TotalAnnualMaxCapacity","[""REGION"",""TECHNOLOGY"",""YEAR""]","GLOBAL","MINPETBGD","MIN:PET","BGD","2026","true","9999","POSITIVE","native_supply_capacity_unit","native_supply_capacity_unit","A_Calibrated_BAU;B_Optimised_VRE;C_Target_VRE","BENCHMARK_SUPPORTED","ACCEPTED_WS4_BASE_YEAR_PIN_2023_2026"
"PWR_MIN_PIN::TotalAnnualMaxCapacity::GLOBAL::MINPETIND::2023","TotalAnnualMaxCapacity","[""REGION"",""TECHNOLOGY"",""YEAR""]","GLOBAL","MINPETIND","MIN:PET","IND","2023","true","9999","POSITIVE","native_supply_capacity_unit","native_supply_capacity_unit","A_Calibrated_BAU;B_Optimised_VRE;C_Target_VRE","BENCHMARK_SUPPORTED","ACCEPTED_WS4_BASE_YEAR_PIN_2023_2026"
"PWR_MIN_PIN::TotalAnnualMaxCapacity::GLOBAL::MINPETIND::2024","TotalAnnualMaxCapacity","[""REGION"",""TECHNOLOGY"",""YEAR""]","GLOBAL","MINPETIND","MIN:PET","IND","2024","true","9999","POSITIVE","native_supply_capacity_unit","native_supply_capacity_unit","A_Calibrated_BAU;B_Optimised_VRE;C_Target_VRE","BENCHMARK_SUPPORTED","ACCEPTED_WS4_BASE_YEAR_PIN_2023_2026"
"PWR_MIN_PIN::TotalAnnualMaxCapacity::GLOBAL::MINPETIND::2025","TotalAnnualMaxCapacity","[""REGION"",""TECHNOLOGY"",""YEAR""]","GLOBAL","MINPETIND","MIN:PET","IND","2025","true","9999","POSITIVE","native_supply_capacity_unit","native_supply_capacity_unit","A_Calibrated_BAU;B_Optimised_VRE;C_Target_VRE","BENCHMARK_SUPPORTED","ACCEPTED_WS4_BASE_YEAR_PIN_2023_2026"
"PWR_MIN_PIN::TotalAnnualMaxCapacity::GLOBAL::MINPETIND::2026","TotalAnnualMaxCapacity","[""REGION"",""TECHNOLOGY"",""YEAR""]","GLOBAL","MINPETIND","MIN:PET","IND","2026","true","9999","POSITIVE","native_supply_capacity_unit","native_supply_capacity_unit","A_Calibrated_BAU;B_Optimised_VRE;C_Target_VRE","BENCHMARK_SUPPORTED","ACCEPTED_WS4_BASE_YEAR_PIN_2023_2026"
"PWR_MIN_PIN::TotalAnnualMaxCapacity::GLOBAL::MINURNBGD::2023","TotalAnnualMaxCapacity","[""REGION"",""TECHNOLOGY"",""YEAR""]","GLOBAL","MINURNBGD","MIN:URN","BGD","2023","true","9999","POSITIVE","native_supply_capacity_unit","native_supply_capacity_unit","A_Calibrated_BAU;B_Optimised_VRE;C_Target_VRE","BENCHMARK_SUPPORTED","ACCEPTED_WS4_BASE_YEAR_PIN_2023_2026"
"PWR_MIN_PIN::TotalAnnualMaxCapacity::GLOBAL::MINURNBGD::2024","TotalAnnualMaxCapacity","[""REGION"",""TECHNOLOGY"",""YEAR""]","GLOBAL","MINURNBGD","MIN:URN","BGD","2024","true","9999","POSITIVE","native_supply_capacity_unit","native_supply_capacity_unit","A_Calibrated_BAU;B_Optimised_VRE;C_Target_VRE","BENCHMARK_SUPPORTED","ACCEPTED_WS4_BASE_YEAR_PIN_2023_2026"
"PWR_MIN_PIN::TotalAnnualMaxCapacity::GLOBAL::MINURNBGD::2025","TotalAnnualMaxCapacity","[""REGION"",""TECHNOLOGY"",""YEAR""]","GLOBAL","MINURNBGD","MIN:URN","BGD","2025","true","9999","POSITIVE","native_supply_capacity_unit","native_supply_capacity_unit","A_Calibrated_BAU;B_Optimised_VRE;C_Target_VRE","BENCHMARK_SUPPORTED","ACCEPTED_WS4_BASE_YEAR_PIN_2023_2026"
"PWR_MIN_PIN::TotalAnnualMaxCapacity::GLOBAL::MINURNBGD::2026","TotalAnnualMaxCapacity","[""REGION"",""TECHNOLOGY"",""YEAR""]","GLOBAL","MINURNBGD","MIN:URN","BGD","2026","true","9999","POSITIVE","native_supply_capacity_unit","native_supply_capacity_unit","A_Calibrated_BAU;B_Optimised_VRE;C_Target_VRE","BENCHMARK_SUPPORTED","ACCEPTED_WS4_BASE_YEAR_PIN_2023_2026"
"PWR_MIN_PIN::TotalAnnualMaxCapacity::GLOBAL::MINURNIND::2023","TotalAnnualMaxCapacity","[""REGION"",""TECHNOLOGY"",""YEAR""]","GLOBAL","MINURNIND","MIN:URN","IND","2023","true","9999","POSITIVE","native_supply_capacity_unit","native_supply_capacity_unit","A_Calibrated_BAU;B_Optimised_VRE;C_Target_VRE","BENCHMARK_SUPPORTED","ACCEPTED_WS4_BASE_YEAR_PIN_2023_2026"
"PWR_MIN_PIN::TotalAnnualMaxCapacity::GLOBAL::MINURNIND::2024","TotalAnnualMaxCapacity","[""REGION"",""TECHNOLOGY"",""YEAR""]","GLOBAL","MINURNIND","MIN:URN","IND","2024","true","9999","POSITIVE","native_supply_capacity_unit","native_supply_capacity_unit","A_Calibrated_BAU;B_Optimised_VRE;C_Target_VRE","BENCHMARK_SUPPORTED","ACCEPTED_WS4_BASE_YEAR_PIN_2023_2026"
"PWR_MIN_PIN::TotalAnnualMaxCapacity::GLOBAL::MINURNIND::2025","TotalAnnualMaxCapacity","[""REGION"",""TECHNOLOGY"",""YEAR""]","GLOBAL","MINURNIND","MIN:URN","IND","2025","true","9999","POSITIVE","native_supply_capacity_unit","native_supply_capacity_unit","A_Calibrated_BAU;B_Optimised_VRE;C_Target_VRE","BENCHMARK_SUPPORTED","ACCEPTED_WS4_BASE_YEAR_PIN_2023_2026"
"PWR_MIN_PIN::TotalAnnualMaxCapacity::GLOBAL::MINURNIND::2026","TotalAnnualMaxCapacity","[""REGION"",""TECHNOLOGY"",""YEAR""]","GLOBAL","MINURNIND","MIN:URN","IND","2026","true","9999","POSITIVE","native_supply_capacity_unit","native_supply_capacity_unit","A_Calibrated_BAU;B_Optimised_VRE;C_Target_VRE","BENCHMARK_SUPPORTED","ACCEPTED_WS4_BASE_YEAR_PIN_2023_2026"
"PWR_MIN_PIN::TotalAnnualMaxCapacity::GLOBAL::PWRBIOBGDXX::2023","TotalAnnualMaxCapacity","[""REGION"",""TECHNOLOGY"",""YEAR""]","GLOBAL","PWRBIOBGDXX","PWR:BIO","BGD","2023","true","9999","POSITIVE","GW","GW","A_Calibrated_BAU;B_Optimised_VRE;C_Target_VRE","BENCHMARK_SUPPORTED","ACCEPTED_WS4_BASE_YEAR_PIN_2023_2026"
"PWR_MIN_PIN::TotalAnnualMaxCapacity::GLOBAL::PWRBIOBGDXX::2024","TotalAnnualMaxCapacity","[""REGION"",""TECHNOLOGY"",""YEAR""]","GLOBAL","PWRBIOBGDXX","PWR:BIO","BGD","2024","true","9999","POSITIVE","GW","GW","A_Calibrated_BAU;B_Optimised_VRE;C_Target_VRE","BENCHMARK_SUPPORTED","ACCEPTED_WS4_BASE_YEAR_PIN_2023_2026"
"PWR_MIN_PIN::TotalAnnualMaxCapacity::GLOBAL::PWRBIOBGDXX::2025","TotalAnnualMaxCapacity","[""REGION"",""TECHNOLOGY"",""YEAR""]","GLOBAL","PWRBIOBGDXX","PWR:BIO","BGD","2025","true","9999","POSITIVE","GW","GW","A_Calibrated_BAU;B_Optimised_VRE;C_Target_VRE","BENCHMARK_SUPPORTED","ACCEPTED_WS4_BASE_YEAR_PIN_2023_2026"
"PWR_MIN_PIN::TotalAnnualMaxCapacity::GLOBAL::PWRBIOBGDXX::2026","TotalAnnualMaxCapacity","[""REGION"",""TECHNOLOGY"",""YEAR""]","GLOBAL","PWRBIOBGDXX","PWR:BIO","BGD","2026","true","9999","POSITIVE","GW","GW","A_Calibrated_BAU;B_Optimised_VRE;C_Target_VRE","BENCHMARK_SUPPORTED","ACCEPTED_WS4_BASE_YEAR_PIN_2023_2026"
"PWR_MIN_PIN::TotalAnnualMaxCapacity::GLOBAL::PWRBIOINDEA::2023","TotalAnnualMaxCapacity","[""REGION"",""TECHNOLOGY"",""YEAR""]","GLOBAL","PWRBIOINDEA","PWR:BIO","IND","2023","true","9999","POSITIVE","GW","GW","A_Calibrated_BAU;B_Optimised_VRE;C_Target_VRE","BENCHMARK_SUPPORTED","ACCEPTED_WS4_BASE_YEAR_PIN_2023_2026"
"PWR_MIN_PIN::TotalAnnualMaxCapacity::GLOBAL::PWRBIOINDEA::2024","TotalAnnualMaxCapacity","[""REGION"",""TECHNOLOGY"",""YEAR""]","GLOBAL","PWRBIOINDEA","PWR:BIO","IND","2024","true","9999","POSITIVE","GW","GW","A_Calibrated_BAU;B_Optimised_VRE;C_Target_VRE","BENCHMARK_SUPPORTED","ACCEPTED_WS4_BASE_YEAR_PIN_2023_2026"
"PWR_MIN_PIN::TotalAnnualMaxCapacity::GLOBAL::PWRBIOINDEA::2025","TotalAnnualMaxCapacity","[""REGION"",""TECHNOLOGY"",""YEAR""]","GLOBAL","PWRBIOINDEA","PWR:BIO","IND","2025","true","9999","POSITIVE","GW","GW","A_Calibrated_BAU;B_Optimised_VRE;C_Target_VRE","BENCHMARK_SUPPORTED","ACCEPTED_WS4_BASE_YEAR_PIN_2023_2026"
"PWR_MIN_PIN::TotalAnnualMaxCapacity::GLOBAL::PWRBIOINDEA::2026","TotalAnnualMaxCapacity","[""REGION"",""TECHNOLOGY"",""YEAR""]","GLOBAL","PWRBIOINDEA","PWR:BIO","IND","2026","true","9999","POSITIVE","GW","GW","A_Calibrated_BAU;B_Optimised_VRE;C_Target_VRE","BENCHMARK_SUPPORTED","ACCEPTED_WS4_BASE_YEAR_PIN_2023_2026"
"PWR_MIN_PIN::TotalAnnualMaxCapacity::GLOBAL::PWRCCSBGDXX::2023","TotalAnnualMaxCapacity","[""REGION"",""TECHNOLOGY"",""YEAR""]","GLOBAL","PWRCCSBGDXX","PWR:CCS","BGD","2023","true","9999","POSITIVE","GW","GW","A_Calibrated_BAU;B_Optimised_VRE;C_Target_VRE","BENCHMARK_SUPPORTED","ACCEPTED_WS4_BASE_YEAR_PIN_2023_2026"
"PWR_MIN_PIN::TotalAnnualMaxCapacity::GLOBAL::PWRCCSBGDXX::2024","TotalAnnualMaxCapacity","[""REGION"",""TECHNOLOGY"",""YEAR""]","GLOBAL","PWRCCSBGDXX","PWR:CCS","BGD","2024","true","9999","POSITIVE","GW","GW","A_Calibrated_BAU;B_Optimised_VRE;C_Target_VRE","BENCHMARK_SUPPORTED","ACCEPTED_WS4_BASE_YEAR_PIN_2023_2026"
"PWR_MIN_PIN::TotalAnnualMaxCapacity::GLOBAL::PWRCCSBGDXX::2025","TotalAnnualMaxCapacity","[""REGION"",""TECHNOLOGY"",""YEAR""]","GLOBAL","PWRCCSBGDXX","PWR:CCS","BGD","2025","true","9999","POSITIVE","GW","GW","A_Calibrated_BAU;B_Optimised_VRE;C_Target_VRE","BENCHMARK_SUPPORTED","ACCEPTED_WS4_BASE_YEAR_PIN_2023_2026"
"PWR_MIN_PIN::TotalAnnualMaxCapacity::GLOBAL::PWRCCSBGDXX::2026","TotalAnnualMaxCapacity","[""REGION"",""TECHNOLOGY"",""YEAR""]","GLOBAL","PWRCCSBGDXX","PWR:CCS","BGD","2026","true","9999","POSITIVE","GW","GW","A_Calibrated_BAU;B_Optimised_VRE;C_Target_VRE","BENCHMARK_SUPPORTED","ACCEPTED_WS4_BASE_YEAR_PIN_2023_2026"
"PWR_MIN_PIN::TotalAnnualMaxCapacity::GLOBAL::PWRCCSINDEA::2023","TotalAnnualMaxCapacity","[""REGION"",""TECHNOLOGY"",""YEAR""]","GLOBAL","PWRCCSINDEA","PWR:CCS","IND","2023","true","9999","POSITIVE","GW","GW","A_Calibrated_BAU;B_Optimised_VRE;C_Target_VRE","BENCHMARK_SUPPORTED","ACCEPTED_WS4_BASE_YEAR_PIN_2023_2026"
"PWR_MIN_PIN::TotalAnnualMaxCapacity::GLOBAL::PWRCCSINDEA::2024","TotalAnnualMaxCapacity","[""REGION"",""TECHNOLOGY"",""YEAR""]","GLOBAL","PWRCCSINDEA","PWR:CCS","IND","2024","true","9999","POSITIVE","GW","GW","A_Calibrated_BAU;B_Optimised_VRE;C_Target_VRE","BENCHMARK_SUPPORTED","ACCEPTED_WS4_BASE_YEAR_PIN_2023_2026"
"PWR_MIN_PIN::TotalAnnualMaxCapacity::GLOBAL::PWRCCSINDEA::2025","TotalAnnualMaxCapacity","[""REGION"",""TECHNOLOGY"",""YEAR""]","GLOBAL","PWRCCSINDEA","PWR:CCS","IND","2025","true","9999","POSITIVE","GW","GW","A_Calibrated_BAU;B_Optimised_VRE;C_Target_VRE","BENCHMARK_SUPPORTED","ACCEPTED_WS4_BASE_YEAR_PIN_2023_2026"
"PWR_MIN_PIN::TotalAnnualMaxCapacity::GLOBAL::PWRCCSINDEA::2026","TotalAnnualMaxCapacity","[""REGION"",""TECHNOLOGY"",""YEAR""]","GLOBAL","PWRCCSINDEA","PWR:CCS","IND","2026","true","9999","POSITIVE","GW","GW","A_Calibrated_BAU;B_Optimised_VRE;C_Target_VRE","BENCHMARK_SUPPORTED","ACCEPTED_WS4_BASE_YEAR_PIN_2023_2026"
"PWR_MIN_PIN::TotalAnnualMaxCapacity::GLOBAL::PWRCOABGDXX::2023","TotalAnnualMaxCapacity","[""REGION"",""TECHNOLOGY"",""YEAR""]","GLOBAL","PWRCOABGDXX","PWR:COA","BGD","2023","true","9999","POSITIVE","GW","GW","A_Calibrated_BAU;B_Optimised_VRE;C_Target_VRE","BENCHMARK_SUPPORTED","ACCEPTED_WS4_BASE_YEAR_PIN_2023_2026"
"PWR_MIN_PIN::TotalAnnualMaxCapacity::GLOBAL::PWRCOABGDXX::2024","TotalAnnualMaxCapacity","[""REGION"",""TECHNOLOGY"",""YEAR""]","GLOBAL","PWRCOABGDXX","PWR:COA","BGD","2024","true","9999","POSITIVE","GW","GW","A_Calibrated_BAU;B_Optimised_VRE;C_Target_VRE","BENCHMARK_SUPPORTED","ACCEPTED_WS4_BASE_YEAR_PIN_2023_2026"
"PWR_MIN_PIN::TotalAnnualMaxCapacity::GLOBAL::PWRCOABGDXX::2025","TotalAnnualMaxCapacity","[""REGION"",""TECHNOLOGY"",""YEAR""]","GLOBAL","PWRCOABGDXX","PWR:COA","BGD","2025","true","9999","POSITIVE","GW","GW","A_Calibrated_BAU;B_Optimised_VRE;C_Target_VRE","BENCHMARK_SUPPORTED","ACCEPTED_WS4_BASE_YEAR_PIN_2023_2026"
"PWR_MIN_PIN::TotalAnnualMaxCapacity::GLOBAL::PWRCOABGDXX::2026","TotalAnnualMaxCapacity","[""REGION"",""TECHNOLOGY"",""YEAR""]","GLOBAL","PWRCOABGDXX","PWR:COA","BGD","2026","true","9999","POSITIVE","GW","GW","A_Calibrated_BAU;B_Optimised_VRE;C_Target_VRE","BENCHMARK_SUPPORTED","ACCEPTED_WS4_BASE_YEAR_PIN_2023_2026"
"PWR_MIN_PIN::TotalAnnualMaxCapacity::GLOBAL::PWRCOAINDEA::2023","TotalAnnualMaxCapacity","[""REGION"",""TECHNOLOGY"",""YEAR""]","GLOBAL","PWRCOAINDEA","PWR:COA","IND","2023","true","9999","POSITIVE","GW","GW","A_Calibrated_BAU;B_Optimised_VRE;C_Target_VRE","BENCHMARK_SUPPORTED","ACCEPTED_WS4_BASE_YEAR_PIN_2023_2026"
"PWR_MIN_PIN::TotalAnnualMaxCapacity::GLOBAL::PWRCOAINDEA::2024","TotalAnnualMaxCapacity","[""REGION"",""TECHNOLOGY"",""YEAR""]","GLOBAL","PWRCOAINDEA","PWR:COA","IND","2024","true","9999","POSITIVE","GW","GW","A_Calibrated_BAU;B_Optimised_VRE;C_Target_VRE","BENCHMARK_SUPPORTED","ACCEPTED_WS4_BASE_YEAR_PIN_2023_2026"
"PWR_MIN_PIN::TotalAnnualMaxCapacity::GLOBAL::PWRCOAINDEA::2025","TotalAnnualMaxCapacity","[""REGION"",""TECHNOLOGY"",""YEAR""]","GLOBAL","PWRCOAINDEA","PWR:COA","IND","2025","true","9999","POSITIVE","GW","GW","A_Calibrated_BAU;B_Optimised_VRE;C_Target_VRE","BENCHMARK_SUPPORTED","ACCEPTED_WS4_BASE_YEAR_PIN_2023_2026"
"PWR_MIN_PIN::TotalAnnualMaxCapacity::GLOBAL::PWRCOAINDEA::2026","TotalAnnualMaxCapacity","[""REGION"",""TECHNOLOGY"",""YEAR""]","GLOBAL","PWRCOAINDEA","PWR:COA","IND","2026","true","9999","POSITIVE","GW","GW","A_Calibrated_BAU;B_Optimised_VRE;C_Target_VRE","BENCHMARK_SUPPORTED","ACCEPTED_WS4_BASE_YEAR_PIN_2023_2026"
"PWR_MIN_PIN::TotalAnnualMaxCapacity::GLOBAL::PWRCOGBGDXX::2023","TotalAnnualMaxCapacity","[""REGION"",""TECHNOLOGY"",""YEAR""]","GLOBAL","PWRCOGBGDXX","PWR:COG","BGD","2023","true","9999","POSITIVE","GW","GW","A_Calibrated_BAU;B_Optimised_VRE;C_Target_VRE","BENCHMARK_SUPPORTED","ACCEPTED_WS4_BASE_YEAR_PIN_2023_2026"
"PWR_MIN_PIN::TotalAnnualMaxCapacity::GLOBAL::PWRCOGBGDXX::2024","TotalAnnualMaxCapacity","[""REGION"",""TECHNOLOGY"",""YEAR""]","GLOBAL","PWRCOGBGDXX","PWR:COG","BGD","2024","true","9999","POSITIVE","GW","GW","A_Calibrated_BAU;B_Optimised_VRE;C_Target_VRE","BENCHMARK_SUPPORTED","ACCEPTED_WS4_BASE_YEAR_PIN_2023_2026"
"PWR_MIN_PIN::TotalAnnualMaxCapacity::GLOBAL::PWRCOGBGDXX::2025","TotalAnnualMaxCapacity","[""REGION"",""TECHNOLOGY"",""YEAR""]","GLOBAL","PWRCOGBGDXX","PWR:COG","BGD","2025","true","9999","POSITIVE","GW","GW","A_Calibrated_BAU;B_Optimised_VRE;C_Target_VRE","BENCHMARK_SUPPORTED","ACCEPTED_WS4_BASE_YEAR_PIN_2023_2026"
"PWR_MIN_PIN::TotalAnnualMaxCapacity::GLOBAL::PWRCOGBGDXX::2026","TotalAnnualMaxCapacity","[""REGION"",""TECHNOLOGY"",""YEAR""]","GLOBAL","PWRCOGBGDXX","PWR:COG","BGD","2026","true","9999","POSITIVE","GW","GW","A_Calibrated_BAU;B_Optimised_VRE;C_Target_VRE","BENCHMARK_SUPPORTED","ACCEPTED_WS4_BASE_YEAR_PIN_2023_2026"
"PWR_MIN_PIN::TotalAnnualMaxCapacity::GLOBAL::PWRCOGINDEA::2023","TotalAnnualMaxCapacity","[""REGION"",""TECHNOLOGY"",""YEAR""]","GLOBAL","PWRCOGINDEA","PWR:COG","IND","2023","true","9999","POSITIVE","GW","GW","A_Calibrated_BAU;B_Optimised_VRE;C_Target_VRE","BENCHMARK_SUPPORTED","ACCEPTED_WS4_BASE_YEAR_PIN_2023_2026"
"PWR_MIN_PIN::TotalAnnualMaxCapacity::GLOBAL::PWRCOGINDEA::2024","TotalAnnualMaxCapacity","[""REGION"",""TECHNOLOGY"",""YEAR""]","GLOBAL","PWRCOGINDEA","PWR:COG","IND","2024","true","9999","POSITIVE","GW","GW","A_Calibrated_BAU;B_Optimised_VRE;C_Target_VRE","BENCHMARK_SUPPORTED","ACCEPTED_WS4_BASE_YEAR_PIN_2023_2026"
"PWR_MIN_PIN::TotalAnnualMaxCapacity::GLOBAL::PWRCOGINDEA::2025","TotalAnnualMaxCapacity","[""REGION"",""TECHNOLOGY"",""YEAR""]","GLOBAL","PWRCOGINDEA","PWR:COG","IND","2025","true","9999","POSITIVE","GW","GW","A_Calibrated_BAU;B_Optimised_VRE;C_Target_VRE","BENCHMARK_SUPPORTED","ACCEPTED_WS4_BASE_YEAR_PIN_2023_2026"
"PWR_MIN_PIN::TotalAnnualMaxCapacity::GLOBAL::PWRCOGINDEA::2026","TotalAnnualMaxCapacity","[""REGION"",""TECHNOLOGY"",""YEAR""]","GLOBAL","PWRCOGINDEA","PWR:COG","IND","2026","true","9999","POSITIVE","GW","GW","A_Calibrated_BAU;B_Optimised_VRE;C_Target_VRE","BENCHMARK_SUPPORTED","ACCEPTED_WS4_BASE_YEAR_PIN_2023_2026"
"PWR_MIN_PIN::TotalAnnualMaxCapacity::GLOBAL::PWRCSPINDEA::2023","TotalAnnualMaxCapacity","[""REGION"",""TECHNOLOGY"",""YEAR""]","GLOBAL","PWRCSPINDEA","PWR:CSP","IND","2023","true","9999","POSITIVE","GW","GW","A_Calibrated_BAU;B_Optimised_VRE;C_Target_VRE","BENCHMARK_SUPPORTED","ACCEPTED_WS4_BASE_YEAR_PIN_2023_2026"
"PWR_MIN_PIN::TotalAnnualMaxCapacity::GLOBAL::PWRCSPINDEA::2024","TotalAnnualMaxCapacity","[""REGION"",""TECHNOLOGY"",""YEAR""]","GLOBAL","PWRCSPINDEA","PWR:CSP","IND","2024","true","9999","POSITIVE","GW","GW","A_Calibrated_BAU;B_Optimised_VRE;C_Target_VRE","BENCHMARK_SUPPORTED","ACCEPTED_WS4_BASE_YEAR_PIN_2023_2026"
"PWR_MIN_PIN::TotalAnnualMaxCapacity::GLOBAL::PWRCSPINDEA::2025","TotalAnnualMaxCapacity","[""REGION"",""TECHNOLOGY"",""YEAR""]","GLOBAL","PWRCSPINDEA","PWR:CSP","IND","2025","true","9999","POSITIVE","GW","GW","A_Calibrated_BAU;B_Optimised_VRE;C_Target_VRE","BENCHMARK_SUPPORTED","ACCEPTED_WS4_BASE_YEAR_PIN_2023_2026"
"PWR_MIN_PIN::TotalAnnualMaxCapacity::GLOBAL::PWRCSPINDEA::2026","TotalAnnualMaxCapacity","[""REGION"",""TECHNOLOGY"",""YEAR""]","GLOBAL","PWRCSPINDEA","PWR:CSP","IND","2026","true","9999","POSITIVE","GW","GW","A_Calibrated_BAU;B_Optimised_VRE;C_Target_VRE","BENCHMARK_SUPPORTED","ACCEPTED_WS4_BASE_YEAR_PIN_2023_2026"
"PWR_MIN_PIN::TotalAnnualMaxCapacity::GLOBAL::PWRHYDBGDXX::2023","TotalAnnualMaxCapacity","[""REGION"",""TECHNOLOGY"",""YEAR""]","GLOBAL","PWRHYDBGDXX","PWR:HYD","BGD","2023","true","9999","POSITIVE","GW","GW","A_Calibrated_BAU;B_Optimised_VRE;C_Target_VRE","BENCHMARK_SUPPORTED","ACCEPTED_WS4_BASE_YEAR_PIN_2023_2026"
"PWR_MIN_PIN::TotalAnnualMaxCapacity::GLOBAL::PWRHYDBGDXX::2024","TotalAnnualMaxCapacity","[""REGION"",""TECHNOLOGY"",""YEAR""]","GLOBAL","PWRHYDBGDXX","PWR:HYD","BGD","2024","true","9999","POSITIVE","GW","GW","A_Calibrated_BAU;B_Optimised_VRE;C_Target_VRE","BENCHMARK_SUPPORTED","ACCEPTED_WS4_BASE_YEAR_PIN_2023_2026"
"PWR_MIN_PIN::TotalAnnualMaxCapacity::GLOBAL::PWRHYDBGDXX::2025","TotalAnnualMaxCapacity","[""REGION"",""TECHNOLOGY"",""YEAR""]","GLOBAL","PWRHYDBGDXX","PWR:HYD","BGD","2025","true","9999","POSITIVE","GW","GW","A_Calibrated_BAU;B_Optimised_VRE;C_Target_VRE","BENCHMARK_SUPPORTED","ACCEPTED_WS4_BASE_YEAR_PIN_2023_2026"
"PWR_MIN_PIN::TotalAnnualMaxCapacity::GLOBAL::PWRHYDBGDXX::2026","TotalAnnualMaxCapacity","[""REGION"",""TECHNOLOGY"",""YEAR""]","GLOBAL","PWRHYDBGDXX","PWR:HYD","BGD","2026","true","9999","POSITIVE","GW","GW","A_Calibrated_BAU;B_Optimised_VRE;C_Target_VRE","BENCHMARK_SUPPORTED","ACCEPTED_WS4_BASE_YEAR_PIN_2023_2026"
"PWR_MIN_PIN::TotalAnnualMaxCapacity::GLOBAL::PWRHYDINDEA::2023","TotalAnnualMaxCapacity","[""REGION"",""TECHNOLOGY"",""YEAR""]","GLOBAL","PWRHYDINDEA","PWR:HYD","IND","2023","true","9999","POSITIVE","GW","GW","A_Calibrated_BAU;B_Optimised_VRE;C_Target_VRE","BENCHMARK_SUPPORTED","ACCEPTED_WS4_BASE_YEAR_PIN_2023_2026"
"PWR_MIN_PIN::TotalAnnualMaxCapacity::GLOBAL::PWRHYDINDEA::2024","TotalAnnualMaxCapacity","[""REGION"",""TECHNOLOGY"",""YEAR""]","GLOBAL","PWRHYDINDEA","PWR:HYD","IND","2024","true","9999","POSITIVE","GW","GW","A_Calibrated_BAU;B_Optimised_VRE;C_Target_VRE","BENCHMARK_SUPPORTED","ACCEPTED_WS4_BASE_YEAR_PIN_2023_2026"
"PWR_MIN_PIN::TotalAnnualMaxCapacity::GLOBAL::PWRHYDINDEA::2025","TotalAnnualMaxCapacity","[""REGION"",""TECHNOLOGY"",""YEAR""]","GLOBAL","PWRHYDINDEA","PWR:HYD","IND","2025","true","9999","POSITIVE","GW","GW","A_Calibrated_BAU;B_Optimised_VRE;C_Target_VRE","BENCHMARK_SUPPORTED","ACCEPTED_WS4_BASE_YEAR_PIN_2023_2026"
"PWR_MIN_PIN::TotalAnnualMaxCapacity::GLOBAL::PWRHYDINDEA::2026","TotalAnnualMaxCapacity","[""REGION"",""TECHNOLOGY"",""YEAR""]","GLOBAL","PWRHYDINDEA","PWR:HYD","IND","2026","true","9999","POSITIVE","GW","GW","A_Calibrated_BAU;B_Optimised_VRE;C_Target_VRE","BENCHMARK_SUPPORTED","ACCEPTED_WS4_BASE_YEAR_PIN_2023_2026"
"PWR_MIN_PIN::TotalAnnualMaxCapacity::GLOBAL::PWRNGSBGDXX::2023","TotalAnnualMaxCapacity","[""REGION"",""TECHNOLOGY"",""YEAR""]","GLOBAL","PWRNGSBGDXX","PWR:NGS","BGD","2023","true","9999","POSITIVE","GW","GW","A_Calibrated_BAU;B_Optimised_VRE;C_Target_VRE","BENCHMARK_SUPPORTED","ACCEPTED_WS4_BASE_YEAR_PIN_2023_2026"
"PWR_MIN_PIN::TotalAnnualMaxCapacity::GLOBAL::PWRNGSBGDXX::2024","TotalAnnualMaxCapacity","[""REGION"",""TECHNOLOGY"",""YEAR""]","GLOBAL","PWRNGSBGDXX","PWR:NGS","BGD","2024","true","9999","POSITIVE","GW","GW","A_Calibrated_BAU;B_Optimised_VRE;C_Target_VRE","BENCHMARK_SUPPORTED","ACCEPTED_WS4_BASE_YEAR_PIN_2023_2026"
"PWR_MIN_PIN::TotalAnnualMaxCapacity::GLOBAL::PWRNGSBGDXX::2025","TotalAnnualMaxCapacity","[""REGION"",""TECHNOLOGY"",""YEAR""]","GLOBAL","PWRNGSBGDXX","PWR:NGS","BGD","2025","true","9999","POSITIVE","GW","GW","A_Calibrated_BAU;B_Optimised_VRE;C_Target_VRE","BENCHMARK_SUPPORTED","ACCEPTED_WS4_BASE_YEAR_PIN_2023_2026"
"PWR_MIN_PIN::TotalAnnualMaxCapacity::GLOBAL::PWRNGSBGDXX::2026","TotalAnnualMaxCapacity","[""REGION"",""TECHNOLOGY"",""YEAR""]","GLOBAL","PWRNGSBGDXX","PWR:NGS","BGD","2026","true","9999","POSITIVE","GW","GW","A_Calibrated_BAU;B_Optimised_VRE;C_Target_VRE","BENCHMARK_SUPPORTED","ACCEPTED_WS4_BASE_YEAR_PIN_2023_2026"
"PWR_MIN_PIN::TotalAnnualMaxCapacity::GLOBAL::PWRNGSINDEA::2023","TotalAnnualMaxCapacity","[""REGION"",""TECHNOLOGY"",""YEAR""]","GLOBAL","PWRNGSINDEA","PWR:NGS","IND","2023","true","9999","POSITIVE","GW","GW","A_Calibrated_BAU;B_Optimised_VRE;C_Target_VRE","BENCHMARK_SUPPORTED","ACCEPTED_WS4_BASE_YEAR_PIN_2023_2026"
"PWR_MIN_PIN::TotalAnnualMaxCapacity::GLOBAL::PWRNGSINDEA::2024","TotalAnnualMaxCapacity","[""REGION"",""TECHNOLOGY"",""YEAR""]","GLOBAL","PWRNGSINDEA","PWR:NGS","IND","2024","true","9999","POSITIVE","GW","GW","A_Calibrated_BAU;B_Optimised_VRE;C_Target_VRE","BENCHMARK_SUPPORTED","ACCEPTED_WS4_BASE_YEAR_PIN_2023_2026"
"PWR_MIN_PIN::TotalAnnualMaxCapacity::GLOBAL::PWRNGSINDEA::2025","TotalAnnualMaxCapacity","[""REGION"",""TECHNOLOGY"",""YEAR""]","GLOBAL","PWRNGSINDEA","PWR:NGS","IND","2025","true","9999","POSITIVE","GW","GW","A_Calibrated_BAU;B_Optimised_VRE;C_Target_VRE","BENCHMARK_SUPPORTED","ACCEPTED_WS4_BASE_YEAR_PIN_2023_2026"
"PWR_MIN_PIN::TotalAnnualMaxCapacity::GLOBAL::PWRNGSINDEA::2026","TotalAnnualMaxCapacity","[""REGION"",""TECHNOLOGY"",""YEAR""]","GLOBAL","PWRNGSINDEA","PWR:NGS","IND","2026","true","9999","POSITIVE","GW","GW","A_Calibrated_BAU;B_Optimised_VRE;C_Target_VRE","BENCHMARK_SUPPORTED","ACCEPTED_WS4_BASE_YEAR_PIN_2023_2026"
"PWR_MIN_PIN::TotalAnnualMaxCapacity::GLOBAL::PWROILBGDXX::2023","TotalAnnualMaxCapacity","[""REGION"",""TECHNOLOGY"",""YEAR""]","GLOBAL","PWROILBGDXX","PWR:OIL","BGD","2023","true","9999","POSITIVE","GW","GW","A_Calibrated_BAU;B_Optimised_VRE;C_Target_VRE","BENCHMARK_SUPPORTED","ACCEPTED_WS4_BASE_YEAR_PIN_2023_2026"
"PWR_MIN_PIN::TotalAnnualMaxCapacity::GLOBAL::PWROILBGDXX::2024","TotalAnnualMaxCapacity","[""REGION"",""TECHNOLOGY"",""YEAR""]","GLOBAL","PWROILBGDXX","PWR:OIL","BGD","2024","true","9999","POSITIVE","GW","GW","A_Calibrated_BAU;B_Optimised_VRE;C_Target_VRE","BENCHMARK_SUPPORTED","ACCEPTED_WS4_BASE_YEAR_PIN_2023_2026"
"PWR_MIN_PIN::TotalAnnualMaxCapacity::GLOBAL::PWROILBGDXX::2025","TotalAnnualMaxCapacity","[""REGION"",""TECHNOLOGY"",""YEAR""]","GLOBAL","PWROILBGDXX","PWR:OIL","BGD","2025","true","9999","POSITIVE","GW","GW","A_Calibrated_BAU;B_Optimised_VRE;C_Target_VRE","BENCHMARK_SUPPORTED","ACCEPTED_WS4_BASE_YEAR_PIN_2023_2026"
"PWR_MIN_PIN::TotalAnnualMaxCapacity::GLOBAL::PWROILBGDXX::2026","TotalAnnualMaxCapacity","[""REGION"",""TECHNOLOGY"",""YEAR""]","GLOBAL","PWROILBGDXX","PWR:OIL","BGD","2026","true","9999","POSITIVE","GW","GW","A_Calibrated_BAU;B_Optimised_VRE;C_Target_VRE","BENCHMARK_SUPPORTED","ACCEPTED_WS4_BASE_YEAR_PIN_2023_2026"
"PWR_MIN_PIN::TotalAnnualMaxCapacity::GLOBAL::PWROILINDEA::2023","TotalAnnualMaxCapacity","[""REGION"",""TECHNOLOGY"",""YEAR""]","GLOBAL","PWROILINDEA","PWR:OIL","IND","2023","true","9999","POSITIVE","GW","GW","A_Calibrated_BAU;B_Optimised_VRE;C_Target_VRE","BENCHMARK_SUPPORTED","ACCEPTED_WS4_BASE_YEAR_PIN_2023_2026"
"PWR_MIN_PIN::TotalAnnualMaxCapacity::GLOBAL::PWROILINDEA::2024","TotalAnnualMaxCapacity","[""REGION"",""TECHNOLOGY"",""YEAR""]","GLOBAL","PWROILINDEA","PWR:OIL","IND","2024","true","9999","POSITIVE","GW","GW","A_Calibrated_BAU;B_Optimised_VRE;C_Target_VRE","BENCHMARK_SUPPORTED","ACCEPTED_WS4_BASE_YEAR_PIN_2023_2026"
"PWR_MIN_PIN::TotalAnnualMaxCapacity::GLOBAL::PWROILINDEA::2025","TotalAnnualMaxCapacity","[""REGION"",""TECHNOLOGY"",""YEAR""]","GLOBAL","PWROILINDEA","PWR:OIL","IND","2025","true","9999","POSITIVE","GW","GW","A_Calibrated_BAU;B_Optimised_VRE;C_Target_VRE","BENCHMARK_SUPPORTED","ACCEPTED_WS4_BASE_YEAR_PIN_2023_2026"
"PWR_MIN_PIN::TotalAnnualMaxCapacity::GLOBAL::PWROILINDEA::2026","TotalAnnualMaxCapacity","[""REGION"",""TECHNOLOGY"",""YEAR""]","GLOBAL","PWROILINDEA","PWR:OIL","IND","2026","true","9999","POSITIVE","GW","GW","A_Calibrated_BAU;B_Optimised_VRE;C_Target_VRE","BENCHMARK_SUPPORTED","ACCEPTED_WS4_BASE_YEAR_PIN_2023_2026"
"PWR_MIN_PIN::TotalAnnualMaxCapacity::GLOBAL::PWROTHBGDXX::2023","TotalAnnualMaxCapacity","[""REGION"",""TECHNOLOGY"",""YEAR""]","GLOBAL","PWROTHBGDXX","PWR:OTH","BGD","2023","true","9999","POSITIVE","GW","GW","A_Calibrated_BAU;B_Optimised_VRE;C_Target_VRE","BENCHMARK_SUPPORTED","ACCEPTED_WS4_BASE_YEAR_PIN_2023_2026"
"PWR_MIN_PIN::TotalAnnualMaxCapacity::GLOBAL::PWROTHBGDXX::2024","TotalAnnualMaxCapacity","[""REGION"",""TECHNOLOGY"",""YEAR""]","GLOBAL","PWROTHBGDXX","PWR:OTH","BGD","2024","true","9999","POSITIVE","GW","GW","A_Calibrated_BAU;B_Optimised_VRE;C_Target_VRE","BENCHMARK_SUPPORTED","ACCEPTED_WS4_BASE_YEAR_PIN_2023_2026"
"PWR_MIN_PIN::TotalAnnualMaxCapacity::GLOBAL::PWROTHBGDXX::2025","TotalAnnualMaxCapacity","[""REGION"",""TECHNOLOGY"",""YEAR""]","GLOBAL","PWROTHBGDXX","PWR:OTH","BGD","2025","true","9999","POSITIVE","GW","GW","A_Calibrated_BAU;B_Optimised_VRE;C_Target_VRE","BENCHMARK_SUPPORTED","ACCEPTED_WS4_BASE_YEAR_PIN_2023_2026"
"PWR_MIN_PIN::TotalAnnualMaxCapacity::GLOBAL::PWROTHBGDXX::2026","TotalAnnualMaxCapacity","[""REGION"",""TECHNOLOGY"",""YEAR""]","GLOBAL","PWROTHBGDXX","PWR:OTH","BGD","2026","true","9999","POSITIVE","GW","GW","A_Calibrated_BAU;B_Optimised_VRE;C_Target_VRE","BENCHMARK_SUPPORTED","ACCEPTED_WS4_BASE_YEAR_PIN_2023_2026"
"PWR_MIN_PIN::TotalAnnualMaxCapacity::GLOBAL::PWROTHINDEA::2023","TotalAnnualMaxCapacity","[""REGION"",""TECHNOLOGY"",""YEAR""]","GLOBAL","PWROTHINDEA","PWR:OTH","IND","2023","true","9999","POSITIVE","GW","GW","A_Calibrated_BAU;B_Optimised_VRE;C_Target_VRE","BENCHMARK_SUPPORTED","ACCEPTED_WS4_BASE_YEAR_PIN_2023_2026"
"PWR_MIN_PIN::TotalAnnualMaxCapacity::GLOBAL::PWROTHINDEA::2024","TotalAnnualMaxCapacity","[""REGION"",""TECHNOLOGY"",""YEAR""]","GLOBAL","PWROTHINDEA","PWR:OTH","IND","2024","true","9999","POSITIVE","GW","GW","A_Calibrated_BAU;B_Optimised_VRE;C_Target_VRE","BENCHMARK_SUPPORTED","ACCEPTED_WS4_BASE_YEAR_PIN_2023_2026"
"PWR_MIN_PIN::TotalAnnualMaxCapacity::GLOBAL::PWROTHINDEA::2025","TotalAnnualMaxCapacity","[""REGION"",""TECHNOLOGY"",""YEAR""]","GLOBAL","PWROTHINDEA","PWR:OTH","IND","2025","true","9999","POSITIVE","GW","GW","A_Calibrated_BAU;B_Optimised_VRE;C_Target_VRE","BENCHMARK_SUPPORTED","ACCEPTED_WS4_BASE_YEAR_PIN_2023_2026"
"PWR_MIN_PIN::TotalAnnualMaxCapacity::GLOBAL::PWROTHINDEA::2026","TotalAnnualMaxCapacity","[""REGION"",""TECHNOLOGY"",""YEAR""]","GLOBAL","PWROTHINDEA","PWR:OTH","IND","2026","true","9999","POSITIVE","GW","GW","A_Calibrated_BAU;B_Optimised_VRE;C_Target_VRE","BENCHMARK_SUPPORTED","ACCEPTED_WS4_BASE_YEAR_PIN_2023_2026"
"PWR_MIN_PIN::TotalAnnualMaxCapacity::GLOBAL::PWRPETBGDXX::2023","TotalAnnualMaxCapacity","[""REGION"",""TECHNOLOGY"",""YEAR""]","GLOBAL","PWRPETBGDXX","PWR:PET","BGD","2023","true","9999","POSITIVE","GW","GW","A_Calibrated_BAU;B_Optimised_VRE;C_Target_VRE","BENCHMARK_SUPPORTED","ACCEPTED_WS4_BASE_YEAR_PIN_2023_2026"
"PWR_MIN_PIN::TotalAnnualMaxCapacity::GLOBAL::PWRPETBGDXX::2024","TotalAnnualMaxCapacity","[""REGION"",""TECHNOLOGY"",""YEAR""]","GLOBAL","PWRPETBGDXX","PWR:PET","BGD","2024","true","9999","POSITIVE","GW","GW","A_Calibrated_BAU;B_Optimised_VRE;C_Target_VRE","BENCHMARK_SUPPORTED","ACCEPTED_WS4_BASE_YEAR_PIN_2023_2026"
"PWR_MIN_PIN::TotalAnnualMaxCapacity::GLOBAL::PWRPETBGDXX::2025","TotalAnnualMaxCapacity","[""REGION"",""TECHNOLOGY"",""YEAR""]","GLOBAL","PWRPETBGDXX","PWR:PET","BGD","2025","true","9999","POSITIVE","GW","GW","A_Calibrated_BAU;B_Optimised_VRE;C_Target_VRE","BENCHMARK_SUPPORTED","ACCEPTED_WS4_BASE_YEAR_PIN_2023_2026"
"PWR_MIN_PIN::TotalAnnualMaxCapacity::GLOBAL::PWRPETBGDXX::2026","TotalAnnualMaxCapacity","[""REGION"",""TECHNOLOGY"",""YEAR""]","GLOBAL","PWRPETBGDXX","PWR:PET","BGD","2026","true","9999","POSITIVE","GW","GW","A_Calibrated_BAU;B_Optimised_VRE;C_Target_VRE","BENCHMARK_SUPPORTED","ACCEPTED_WS4_BASE_YEAR_PIN_2023_2026"
"PWR_MIN_PIN::TotalAnnualMaxCapacity::GLOBAL::PWRPETINDEA::2023","TotalAnnualMaxCapacity","[""REGION"",""TECHNOLOGY"",""YEAR""]","GLOBAL","PWRPETINDEA","PWR:PET","IND","2023","true","9999","POSITIVE","GW","GW","A_Calibrated_BAU;B_Optimised_VRE;C_Target_VRE","BENCHMARK_SUPPORTED","ACCEPTED_WS4_BASE_YEAR_PIN_2023_2026"
"PWR_MIN_PIN::TotalAnnualMaxCapacity::GLOBAL::PWRPETINDEA::2024","TotalAnnualMaxCapacity","[""REGION"",""TECHNOLOGY"",""YEAR""]","GLOBAL","PWRPETINDEA","PWR:PET","IND","2024","true","9999","POSITIVE","GW","GW","A_Calibrated_BAU;B_Optimised_VRE;C_Target_VRE","BENCHMARK_SUPPORTED","ACCEPTED_WS4_BASE_YEAR_PIN_2023_2026"
"PWR_MIN_PIN::TotalAnnualMaxCapacity::GLOBAL::PWRPETINDEA::2025","TotalAnnualMaxCapacity","[""REGION"",""TECHNOLOGY"",""YEAR""]","GLOBAL","PWRPETINDEA","PWR:PET","IND","2025","true","9999","POSITIVE","GW","GW","A_Calibrated_BAU;B_Optimised_VRE;C_Target_VRE","BENCHMARK_SUPPORTED","ACCEPTED_WS4_BASE_YEAR_PIN_2023_2026"
"PWR_MIN_PIN::TotalAnnualMaxCapacity::GLOBAL::PWRPETINDEA::2026","TotalAnnualMaxCapacity","[""REGION"",""TECHNOLOGY"",""YEAR""]","GLOBAL","PWRPETINDEA","PWR:PET","IND","2026","true","9999","POSITIVE","GW","GW","A_Calibrated_BAU;B_Optimised_VRE;C_Target_VRE","BENCHMARK_SUPPORTED","ACCEPTED_WS4_BASE_YEAR_PIN_2023_2026"
"PWR_MIN_PIN::TotalAnnualMaxCapacity::GLOBAL::PWRSHPINDEA::2023","TotalAnnualMaxCapacity","[""REGION"",""TECHNOLOGY"",""YEAR""]","GLOBAL","PWRSHPINDEA","PWR:SHP","IND","2023","true","9999","POSITIVE","GW","GW","A_Calibrated_BAU;B_Optimised_VRE;C_Target_VRE","BENCHMARK_SUPPORTED","ACCEPTED_WS4_BASE_YEAR_PIN_2023_2026"
"PWR_MIN_PIN::TotalAnnualMaxCapacity::GLOBAL::PWRSHPINDEA::2024","TotalAnnualMaxCapacity","[""REGION"",""TECHNOLOGY"",""YEAR""]","GLOBAL","PWRSHPINDEA","PWR:SHP","IND","2024","true","9999","POSITIVE","GW","GW","A_Calibrated_BAU;B_Optimised_VRE;C_Target_VRE","BENCHMARK_SUPPORTED","ACCEPTED_WS4_BASE_YEAR_PIN_2023_2026"
"PWR_MIN_PIN::TotalAnnualMaxCapacity::GLOBAL::PWRSHPINDEA::2025","TotalAnnualMaxCapacity","[""REGION"",""TECHNOLOGY"",""YEAR""]","GLOBAL","PWRSHPINDEA","PWR:SHP","IND","2025","true","9999","POSITIVE","GW","GW","A_Calibrated_BAU;B_Optimised_VRE;C_Target_VRE","BENCHMARK_SUPPORTED","ACCEPTED_WS4_BASE_YEAR_PIN_2023_2026"
"PWR_MIN_PIN::TotalAnnualMaxCapacity::GLOBAL::PWRSHPINDEA::2026","TotalAnnualMaxCapacity","[""REGION"",""TECHNOLOGY"",""YEAR""]","GLOBAL","PWRSHPINDEA","PWR:SHP","IND","2026","true","9999","POSITIVE","GW","GW","A_Calibrated_BAU;B_Optimised_VRE;C_Target_VRE","BENCHMARK_SUPPORTED","ACCEPTED_WS4_BASE_YEAR_PIN_2023_2026"
"PWR_MIN_PIN::TotalAnnualMaxCapacity::GLOBAL::PWRSPVBGDXX::2023","TotalAnnualMaxCapacity","[""REGION"",""TECHNOLOGY"",""YEAR""]","GLOBAL","PWRSPVBGDXX","PWR:SPV","BGD","2023","true","9999","POSITIVE","GW","GW","A_Calibrated_BAU;B_Optimised_VRE;C_Target_VRE","BENCHMARK_SUPPORTED","ACCEPTED_WS4_BASE_YEAR_PIN_2023_2026"
"PWR_MIN_PIN::TotalAnnualMaxCapacity::GLOBAL::PWRSPVBGDXX::2024","TotalAnnualMaxCapacity","[""REGION"",""TECHNOLOGY"",""YEAR""]","GLOBAL","PWRSPVBGDXX","PWR:SPV","BGD","2024","true","9999","POSITIVE","GW","GW","A_Calibrated_BAU;B_Optimised_VRE;C_Target_VRE","BENCHMARK_SUPPORTED","ACCEPTED_WS4_BASE_YEAR_PIN_2023_2026"
"PWR_MIN_PIN::TotalAnnualMaxCapacity::GLOBAL::PWRSPVBGDXX::2025","TotalAnnualMaxCapacity","[""REGION"",""TECHNOLOGY"",""YEAR""]","GLOBAL","PWRSPVBGDXX","PWR:SPV","BGD","2025","true","9999","POSITIVE","GW","GW","A_Calibrated_BAU;B_Optimised_VRE;C_Target_VRE","BENCHMARK_SUPPORTED","ACCEPTED_WS4_BASE_YEAR_PIN_2023_2026"
"PWR_MIN_PIN::TotalAnnualMaxCapacity::GLOBAL::PWRSPVBGDXX::2026","TotalAnnualMaxCapacity","[""REGION"",""TECHNOLOGY"",""YEAR""]","GLOBAL","PWRSPVBGDXX","PWR:SPV","BGD","2026","true","9999","POSITIVE","GW","GW","A_Calibrated_BAU;B_Optimised_VRE;C_Target_VRE","BENCHMARK_SUPPORTED","ACCEPTED_WS4_BASE_YEAR_PIN_2023_2026"
"PWR_MIN_PIN::TotalAnnualMaxCapacity::GLOBAL::PWRSPVINDEA::2023","TotalAnnualMaxCapacity","[""REGION"",""TECHNOLOGY"",""YEAR""]","GLOBAL","PWRSPVINDEA","PWR:SPV","IND","2023","true","9999","POSITIVE","GW","GW","A_Calibrated_BAU;B_Optimised_VRE;C_Target_VRE","BENCHMARK_SUPPORTED","ACCEPTED_WS4_BASE_YEAR_PIN_2023_2026"
"PWR_MIN_PIN::TotalAnnualMaxCapacity::GLOBAL::PWRSPVINDEA::2024","TotalAnnualMaxCapacity","[""REGION"",""TECHNOLOGY"",""YEAR""]","GLOBAL","PWRSPVINDEA","PWR:SPV","IND","2024","true","9999","POSITIVE","GW","GW","A_Calibrated_BAU;B_Optimised_VRE;C_Target_VRE","BENCHMARK_SUPPORTED","ACCEPTED_WS4_BASE_YEAR_PIN_2023_2026"
"PWR_MIN_PIN::TotalAnnualMaxCapacity::GLOBAL::PWRSPVINDEA::2025","TotalAnnualMaxCapacity","[""REGION"",""TECHNOLOGY"",""YEAR""]","GLOBAL","PWRSPVINDEA","PWR:SPV","IND","2025","true","9999","POSITIVE","GW","GW","A_Calibrated_BAU;B_Optimised_VRE;C_Target_VRE","BENCHMARK_SUPPORTED","ACCEPTED_WS4_BASE_YEAR_PIN_2023_2026"
"PWR_MIN_PIN::TotalAnnualMaxCapacity::GLOBAL::PWRSPVINDEA::2026","TotalAnnualMaxCapacity","[""REGION"",""TECHNOLOGY"",""YEAR""]","GLOBAL","PWRSPVINDEA","PWR:SPV","IND","2026","true","9999","POSITIVE","GW","GW","A_Calibrated_BAU;B_Optimised_VRE;C_Target_VRE","BENCHMARK_SUPPORTED","ACCEPTED_WS4_BASE_YEAR_PIN_2023_2026"
"PWR_MIN_PIN::TotalAnnualMaxCapacity::GLOBAL::PWRURNBGDXX::2023","TotalAnnualMaxCapacity","[""REGION"",""TECHNOLOGY"",""YEAR""]","GLOBAL","PWRURNBGDXX","PWR:URN","BGD","2023","true","9999","POSITIVE","GW","GW","A_Calibrated_BAU;B_Optimised_VRE;C_Target_VRE","BENCHMARK_SUPPORTED","ACCEPTED_WS4_BASE_YEAR_PIN_2023_2026"
"PWR_MIN_PIN::TotalAnnualMaxCapacity::GLOBAL::PWRURNBGDXX::2024","TotalAnnualMaxCapacity","[""REGION"",""TECHNOLOGY"",""YEAR""]","GLOBAL","PWRURNBGDXX","PWR:URN","BGD","2024","true","9999","POSITIVE","GW","GW","A_Calibrated_BAU;B_Optimised_VRE;C_Target_VRE","BENCHMARK_SUPPORTED","ACCEPTED_WS4_BASE_YEAR_PIN_2023_2026"
"PWR_MIN_PIN::TotalAnnualMaxCapacity::GLOBAL::PWRURNBGDXX::2025","TotalAnnualMaxCapacity","[""REGION"",""TECHNOLOGY"",""YEAR""]","GLOBAL","PWRURNBGDXX","PWR:URN","BGD","2025","true","9999","POSITIVE","GW","GW","A_Calibrated_BAU;B_Optimised_VRE;C_Target_VRE","BENCHMARK_SUPPORTED","ACCEPTED_WS4_BASE_YEAR_PIN_2023_2026"
"PWR_MIN_PIN::TotalAnnualMaxCapacity::GLOBAL::PWRURNBGDXX::2026","TotalAnnualMaxCapacity","[""REGION"",""TECHNOLOGY"",""YEAR""]","GLOBAL","PWRURNBGDXX","PWR:URN","BGD","2026","true","9999","POSITIVE","GW","GW","A_Calibrated_BAU;B_Optimised_VRE;C_Target_VRE","BENCHMARK_SUPPORTED","ACCEPTED_WS4_BASE_YEAR_PIN_2023_2026"
"PWR_MIN_PIN::TotalAnnualMaxCapacity::GLOBAL::PWRURNINDEA::2023","TotalAnnualMaxCapacity","[""REGION"",""TECHNOLOGY"",""YEAR""]","GLOBAL","PWRURNINDEA","PWR:URN","IND","2023","true","9999","POSITIVE","GW","GW","A_Calibrated_BAU;B_Optimised_VRE;C_Target_VRE","BENCHMARK_SUPPORTED","ACCEPTED_WS4_BASE_YEAR_PIN_2023_2026"
"PWR_MIN_PIN::TotalAnnualMaxCapacity::GLOBAL::PWRURNINDEA::2024","TotalAnnualMaxCapacity","[""REGION"",""TECHNOLOGY"",""YEAR""]","GLOBAL","PWRURNINDEA","PWR:URN","IND","2024","true","9999","POSITIVE","GW","GW","A_Calibrated_BAU;B_Optimised_VRE;C_Target_VRE","BENCHMARK_SUPPORTED","ACCEPTED_WS4_BASE_YEAR_PIN_2023_2026"
"PWR_MIN_PIN::TotalAnnualMaxCapacity::GLOBAL::PWRURNINDEA::2025","TotalAnnualMaxCapacity","[""REGION"",""TECHNOLOGY"",""YEAR""]","GLOBAL","PWRURNINDEA","PWR:URN","IND","2025","true","9999","POSITIVE","GW","GW","A_Calibrated_BAU;B_Optimised_VRE;C_Target_VRE","BENCHMARK_SUPPORTED","ACCEPTED_WS4_BASE_YEAR_PIN_2023_2026"
"PWR_MIN_PIN::TotalAnnualMaxCapacity::GLOBAL::PWRURNINDEA::2026","TotalAnnualMaxCapacity","[""REGION"",""TECHNOLOGY"",""YEAR""]","GLOBAL","PWRURNINDEA","PWR:URN","IND","2026","true","9999","POSITIVE","GW","GW","A_Calibrated_BAU;B_Optimised_VRE;C_Target_VRE","BENCHMARK_SUPPORTED","ACCEPTED_WS4_BASE_YEAR_PIN_2023_2026"
"PWR_MIN_PIN::TotalAnnualMaxCapacity::GLOBAL::PWRWASBGDXX::2023","TotalAnnualMaxCapacity","[""REGION"",""TECHNOLOGY"",""YEAR""]","GLOBAL","PWRWASBGDXX","PWR:WAS","BGD","2023","true","9999","POSITIVE","GW","GW","A_Calibrated_BAU;B_Optimised_VRE;C_Target_VRE","BENCHMARK_SUPPORTED","ACCEPTED_WS4_BASE_YEAR_PIN_2023_2026"
"PWR_MIN_PIN::TotalAnnualMaxCapacity::GLOBAL::PWRWASBGDXX::2024","TotalAnnualMaxCapacity","[""REGION"",""TECHNOLOGY"",""YEAR""]","GLOBAL","PWRWASBGDXX","PWR:WAS","BGD","2024","true","9999","POSITIVE","GW","GW","A_Calibrated_BAU;B_Optimised_VRE;C_Target_VRE","BENCHMARK_SUPPORTED","ACCEPTED_WS4_BASE_YEAR_PIN_2023_2026"
"PWR_MIN_PIN::TotalAnnualMaxCapacity::GLOBAL::PWRWASBGDXX::2025","TotalAnnualMaxCapacity","[""REGION"",""TECHNOLOGY"",""YEAR""]","GLOBAL","PWRWASBGDXX","PWR:WAS","BGD","2025","true","9999","POSITIVE","GW","GW","A_Calibrated_BAU;B_Optimised_VRE;C_Target_VRE","BENCHMARK_SUPPORTED","ACCEPTED_WS4_BASE_YEAR_PIN_2023_2026"
"PWR_MIN_PIN::TotalAnnualMaxCapacity::GLOBAL::PWRWASBGDXX::2026","TotalAnnualMaxCapacity","[""REGION"",""TECHNOLOGY"",""YEAR""]","GLOBAL","PWRWASBGDXX","PWR:WAS","BGD","2026","true","9999","POSITIVE","GW","GW","A_Calibrated_BAU;B_Optimised_VRE;C_Target_VRE","BENCHMARK_SUPPORTED","ACCEPTED_WS4_BASE_YEAR_PIN_2023_2026"
"PWR_MIN_PIN::TotalAnnualMaxCapacity::GLOBAL::PWRWASINDEA::2023","TotalAnnualMaxCapacity","[""REGION"",""TECHNOLOGY"",""YEAR""]","GLOBAL","PWRWASINDEA","PWR:WAS","IND","2023","true","9999","POSITIVE","GW","GW","A_Calibrated_BAU;B_Optimised_VRE;C_Target_VRE","BENCHMARK_SUPPORTED","ACCEPTED_WS4_BASE_YEAR_PIN_2023_2026"
"PWR_MIN_PIN::TotalAnnualMaxCapacity::GLOBAL::PWRWASINDEA::2024","TotalAnnualMaxCapacity","[""REGION"",""TECHNOLOGY"",""YEAR""]","GLOBAL","PWRWASINDEA","PWR:WAS","IND","2024","true","9999","POSITIVE","GW","GW","A_Calibrated_BAU;B_Optimised_VRE;C_Target_VRE","BENCHMARK_SUPPORTED","ACCEPTED_WS4_BASE_YEAR_PIN_2023_2026"
"PWR_MIN_PIN::TotalAnnualMaxCapacity::GLOBAL::PWRWASINDEA::2025","TotalAnnualMaxCapacity","[""REGION"",""TECHNOLOGY"",""YEAR""]","GLOBAL","PWRWASINDEA","PWR:WAS","IND","2025","true","9999","POSITIVE","GW","GW","A_Calibrated_BAU;B_Optimised_VRE;C_Target_VRE","BENCHMARK_SUPPORTED","ACCEPTED_WS4_BASE_YEAR_PIN_2023_2026"
"PWR_MIN_PIN::TotalAnnualMaxCapacity::GLOBAL::PWRWASINDEA::2026","TotalAnnualMaxCapacity","[""REGION"",""TECHNOLOGY"",""YEAR""]","GLOBAL","PWRWASINDEA","PWR:WAS","IND","2026","true","9999","POSITIVE","GW","GW","A_Calibrated_BAU;B_Optimised_VRE;C_Target_VRE","BENCHMARK_SUPPORTED","ACCEPTED_WS4_BASE_YEAR_PIN_2023_2026"
"PWR_MIN_PIN::TotalAnnualMaxCapacity::GLOBAL::PWRWOFBGDXX::2023","TotalAnnualMaxCapacity","[""REGION"",""TECHNOLOGY"",""YEAR""]","GLOBAL","PWRWOFBGDXX","PWR:WOF","BGD","2023","true","9999","POSITIVE","GW","GW","A_Calibrated_BAU;B_Optimised_VRE;C_Target_VRE","BENCHMARK_SUPPORTED","ACCEPTED_WS4_BASE_YEAR_PIN_2023_2026"
"PWR_MIN_PIN::TotalAnnualMaxCapacity::GLOBAL::PWRWOFBGDXX::2024","TotalAnnualMaxCapacity","[""REGION"",""TECHNOLOGY"",""YEAR""]","GLOBAL","PWRWOFBGDXX","PWR:WOF","BGD","2024","true","9999","POSITIVE","GW","GW","A_Calibrated_BAU;B_Optimised_VRE;C_Target_VRE","BENCHMARK_SUPPORTED","ACCEPTED_WS4_BASE_YEAR_PIN_2023_2026"
"PWR_MIN_PIN::TotalAnnualMaxCapacity::GLOBAL::PWRWOFBGDXX::2025","TotalAnnualMaxCapacity","[""REGION"",""TECHNOLOGY"",""YEAR""]","GLOBAL","PWRWOFBGDXX","PWR:WOF","BGD","2025","true","9999","POSITIVE","GW","GW","A_Calibrated_BAU;B_Optimised_VRE;C_Target_VRE","BENCHMARK_SUPPORTED","ACCEPTED_WS4_BASE_YEAR_PIN_2023_2026"
"PWR_MIN_PIN::TotalAnnualMaxCapacity::GLOBAL::PWRWOFBGDXX::2026","TotalAnnualMaxCapacity","[""REGION"",""TECHNOLOGY"",""YEAR""]","GLOBAL","PWRWOFBGDXX","PWR:WOF","BGD","2026","true","9999","POSITIVE","GW","GW","A_Calibrated_BAU;B_Optimised_VRE;C_Target_VRE","BENCHMARK_SUPPORTED","ACCEPTED_WS4_BASE_YEAR_PIN_2023_2026"
"PWR_MIN_PIN::TotalAnnualMaxCapacity::GLOBAL::PWRWOFINDEA::2023","TotalAnnualMaxCapacity","[""REGION"",""TECHNOLOGY"",""YEAR""]","GLOBAL","PWRWOFINDEA","PWR:WOF","IND","2023","true","9999","POSITIVE","GW","GW","A_Calibrated_BAU;B_Optimised_VRE;C_Target_VRE","BENCHMARK_SUPPORTED","ACCEPTED_WS4_BASE_YEAR_PIN_2023_2026"
"PWR_MIN_PIN::TotalAnnualMaxCapacity::GLOBAL::PWRWOFINDEA::2024","TotalAnnualMaxCapacity","[""REGION"",""TECHNOLOGY"",""YEAR""]","GLOBAL","PWRWOFINDEA","PWR:WOF","IND","2024","true","9999","POSITIVE","GW","GW","A_Calibrated_BAU;B_Optimised_VRE;C_Target_VRE","BENCHMARK_SUPPORTED","ACCEPTED_WS4_BASE_YEAR_PIN_2023_2026"
"PWR_MIN_PIN::TotalAnnualMaxCapacity::GLOBAL::PWRWOFINDEA::2025","TotalAnnualMaxCapacity","[""REGION"",""TECHNOLOGY"",""YEAR""]","GLOBAL","PWRWOFINDEA","PWR:WOF","IND","2025","true","9999","POSITIVE","GW","GW","A_Calibrated_BAU;B_Optimised_VRE;C_Target_VRE","BENCHMARK_SUPPORTED","ACCEPTED_WS4_BASE_YEAR_PIN_2023_2026"
"PWR_MIN_PIN::TotalAnnualMaxCapacity::GLOBAL::PWRWOFINDEA::2026","TotalAnnualMaxCapacity","[""REGION"",""TECHNOLOGY"",""YEAR""]","GLOBAL","PWRWOFINDEA","PWR:WOF","IND","2026","true","9999","POSITIVE","GW","GW","A_Calibrated_BAU;B_Optimised_VRE;C_Target_VRE","BENCHMARK_SUPPORTED","ACCEPTED_WS4_BASE_YEAR_PIN_2023_2026"
"PWR_MIN_PIN::TotalAnnualMaxCapacity::GLOBAL::PWRWONBGDXX::2023","TotalAnnualMaxCapacity","[""REGION"",""TECHNOLOGY"",""YEAR""]","GLOBAL","PWRWONBGDXX","PWR:WON","BGD","2023","true","9999","POSITIVE","GW","GW","A_Calibrated_BAU;B_Optimised_VRE;C_Target_VRE","BENCHMARK_SUPPORTED","ACCEPTED_WS4_BASE_YEAR_PIN_2023_2026"
"PWR_MIN_PIN::TotalAnnualMaxCapacity::GLOBAL::PWRWONBGDXX::2024","TotalAnnualMaxCapacity","[""REGION"",""TECHNOLOGY"",""YEAR""]","GLOBAL","PWRWONBGDXX","PWR:WON","BGD","2024","true","9999","POSITIVE","GW","GW","A_Calibrated_BAU;B_Optimised_VRE;C_Target_VRE","BENCHMARK_SUPPORTED","ACCEPTED_WS4_BASE_YEAR_PIN_2023_2026"
"PWR_MIN_PIN::TotalAnnualMaxCapacity::GLOBAL::PWRWONBGDXX::2025","TotalAnnualMaxCapacity","[""REGION"",""TECHNOLOGY"",""YEAR""]","GLOBAL","PWRWONBGDXX","PWR:WON","BGD","2025","true","9999","POSITIVE","GW","GW","A_Calibrated_BAU;B_Optimised_VRE;C_Target_VRE","BENCHMARK_SUPPORTED","ACCEPTED_WS4_BASE_YEAR_PIN_2023_2026"
"PWR_MIN_PIN::TotalAnnualMaxCapacity::GLOBAL::PWRWONBGDXX::2026","TotalAnnualMaxCapacity","[""REGION"",""TECHNOLOGY"",""YEAR""]","GLOBAL","PWRWONBGDXX","PWR:WON","BGD","2026","true","9999","POSITIVE","GW","GW","A_Calibrated_BAU;B_Optimised_VRE;C_Target_VRE","BENCHMARK_SUPPORTED","ACCEPTED_WS4_BASE_YEAR_PIN_2023_2026"
"PWR_MIN_PIN::TotalAnnualMaxCapacity::GLOBAL::PWRWONINDEA::2023","TotalAnnualMaxCapacity","[""REGION"",""TECHNOLOGY"",""YEAR""]","GLOBAL","PWRWONINDEA","PWR:WON","IND","2023","true","9999","POSITIVE","GW","GW","A_Calibrated_BAU;B_Optimised_VRE;C_Target_VRE","BENCHMARK_SUPPORTED","ACCEPTED_WS4_BASE_YEAR_PIN_2023_2026"
"PWR_MIN_PIN::TotalAnnualMaxCapacity::GLOBAL::PWRWONINDEA::2024","TotalAnnualMaxCapacity","[""REGION"",""TECHNOLOGY"",""YEAR""]","GLOBAL","PWRWONINDEA","PWR:WON","IND","2024","true","9999","POSITIVE","GW","GW","A_Calibrated_BAU;B_Optimised_VRE;C_Target_VRE","BENCHMARK_SUPPORTED","ACCEPTED_WS4_BASE_YEAR_PIN_2023_2026"
"PWR_MIN_PIN::TotalAnnualMaxCapacity::GLOBAL::PWRWONINDEA::2025","TotalAnnualMaxCapacity","[""REGION"",""TECHNOLOGY"",""YEAR""]","GLOBAL","PWRWONINDEA","PWR:WON","IND","2025","true","9999","POSITIVE","GW","GW","A_Calibrated_BAU;B_Optimised_VRE;C_Target_VRE","BENCHMARK_SUPPORTED","ACCEPTED_WS4_BASE_YEAR_PIN_2023_2026"
"PWR_MIN_PIN::TotalAnnualMaxCapacity::GLOBAL::PWRWONINDEA::2026","TotalAnnualMaxCapacity","[""REGION"",""TECHNOLOGY"",""YEAR""]","GLOBAL","PWRWONINDEA","PWR:WON","IND","2026","true","9999","POSITIVE","GW","GW","A_Calibrated_BAU;B_Optimised_VRE;C_Target_VRE","BENCHMARK_SUPPORTED","ACCEPTED_WS4_BASE_YEAR_PIN_2023_2026"
"PWR_MIN_PIN::TotalAnnualMaxCapacityInvestment::GLOBAL::MINCOABGD::2023","TotalAnnualMaxCapacityInvestment","[""REGION"",""TECHNOLOGY"",""YEAR""]","GLOBAL","MINCOABGD","MIN:COA","BGD","2023","true","0","ZERO","native_supply_capacity_unit","native_supply_capacity_unit","A_Calibrated_BAU;B_Optimised_VRE;C_Target_VRE","BENCHMARK_SUPPORTED","ACCEPTED_WS4_BASE_YEAR_PIN_2023_2026"
"PWR_MIN_PIN::TotalAnnualMaxCapacityInvestment::GLOBAL::MINCOABGD::2024","TotalAnnualMaxCapacityInvestment","[""REGION"",""TECHNOLOGY"",""YEAR""]","GLOBAL","MINCOABGD","MIN:COA","BGD","2024","true","0","ZERO","native_supply_capacity_unit","native_supply_capacity_unit","A_Calibrated_BAU;B_Optimised_VRE;C_Target_VRE","BENCHMARK_SUPPORTED","ACCEPTED_WS4_BASE_YEAR_PIN_2023_2026"
"PWR_MIN_PIN::TotalAnnualMaxCapacityInvestment::GLOBAL::MINCOABGD::2025","TotalAnnualMaxCapacityInvestment","[""REGION"",""TECHNOLOGY"",""YEAR""]","GLOBAL","MINCOABGD","MIN:COA","BGD","2025","true","0","ZERO","native_supply_capacity_unit","native_supply_capacity_unit","A_Calibrated_BAU;B_Optimised_VRE;C_Target_VRE","BENCHMARK_SUPPORTED","ACCEPTED_WS4_BASE_YEAR_PIN_2023_2026"
"PWR_MIN_PIN::TotalAnnualMaxCapacityInvestment::GLOBAL::MINCOABGD::2026","TotalAnnualMaxCapacityInvestment","[""REGION"",""TECHNOLOGY"",""YEAR""]","GLOBAL","MINCOABGD","MIN:COA","BGD","2026","true","0","ZERO","native_supply_capacity_unit","native_supply_capacity_unit","A_Calibrated_BAU;B_Optimised_VRE;C_Target_VRE","BENCHMARK_SUPPORTED","ACCEPTED_WS4_BASE_YEAR_PIN_2023_2026"
"PWR_MIN_PIN::TotalAnnualMaxCapacityInvestment::GLOBAL::MINCOAIND::2023","TotalAnnualMaxCapacityInvestment","[""REGION"",""TECHNOLOGY"",""YEAR""]","GLOBAL","MINCOAIND","MIN:COA","IND","2023","true","0","ZERO","native_supply_capacity_unit","native_supply_capacity_unit","A_Calibrated_BAU;B_Optimised_VRE;C_Target_VRE","BENCHMARK_SUPPORTED","ACCEPTED_WS4_BASE_YEAR_PIN_2023_2026"
"PWR_MIN_PIN::TotalAnnualMaxCapacityInvestment::GLOBAL::MINCOAIND::2024","TotalAnnualMaxCapacityInvestment","[""REGION"",""TECHNOLOGY"",""YEAR""]","GLOBAL","MINCOAIND","MIN:COA","IND","2024","true","0","ZERO","native_supply_capacity_unit","native_supply_capacity_unit","A_Calibrated_BAU;B_Optimised_VRE;C_Target_VRE","BENCHMARK_SUPPORTED","ACCEPTED_WS4_BASE_YEAR_PIN_2023_2026"
"PWR_MIN_PIN::TotalAnnualMaxCapacityInvestment::GLOBAL::MINCOAIND::2025","TotalAnnualMaxCapacityInvestment","[""REGION"",""TECHNOLOGY"",""YEAR""]","GLOBAL","MINCOAIND","MIN:COA","IND","2025","true","0","ZERO","native_supply_capacity_unit","native_supply_capacity_unit","A_Calibrated_BAU;B_Optimised_VRE;C_Target_VRE","BENCHMARK_SUPPORTED","ACCEPTED_WS4_BASE_YEAR_PIN_2023_2026"
"PWR_MIN_PIN::TotalAnnualMaxCapacityInvestment::GLOBAL::MINCOAIND::2026","TotalAnnualMaxCapacityInvestment","[""REGION"",""TECHNOLOGY"",""YEAR""]","GLOBAL","MINCOAIND","MIN:COA","IND","2026","true","0","ZERO","native_supply_capacity_unit","native_supply_capacity_unit","A_Calibrated_BAU;B_Optimised_VRE;C_Target_VRE","BENCHMARK_SUPPORTED","ACCEPTED_WS4_BASE_YEAR_PIN_2023_2026"
"PWR_MIN_PIN::TotalAnnualMaxCapacityInvestment::GLOBAL::MINCOGBGD::2023","TotalAnnualMaxCapacityInvestment","[""REGION"",""TECHNOLOGY"",""YEAR""]","GLOBAL","MINCOGBGD","MIN:COG","BGD","2023","true","0","ZERO","native_supply_capacity_unit","native_supply_capacity_unit","A_Calibrated_BAU;B_Optimised_VRE;C_Target_VRE","BENCHMARK_SUPPORTED","ACCEPTED_WS4_BASE_YEAR_PIN_2023_2026"
"PWR_MIN_PIN::TotalAnnualMaxCapacityInvestment::GLOBAL::MINCOGBGD::2024","TotalAnnualMaxCapacityInvestment","[""REGION"",""TECHNOLOGY"",""YEAR""]","GLOBAL","MINCOGBGD","MIN:COG","BGD","2024","true","0","ZERO","native_supply_capacity_unit","native_supply_capacity_unit","A_Calibrated_BAU;B_Optimised_VRE;C_Target_VRE","BENCHMARK_SUPPORTED","ACCEPTED_WS4_BASE_YEAR_PIN_2023_2026"
"PWR_MIN_PIN::TotalAnnualMaxCapacityInvestment::GLOBAL::MINCOGBGD::2025","TotalAnnualMaxCapacityInvestment","[""REGION"",""TECHNOLOGY"",""YEAR""]","GLOBAL","MINCOGBGD","MIN:COG","BGD","2025","true","0","ZERO","native_supply_capacity_unit","native_supply_capacity_unit","A_Calibrated_BAU;B_Optimised_VRE;C_Target_VRE","BENCHMARK_SUPPORTED","ACCEPTED_WS4_BASE_YEAR_PIN_2023_2026"
"PWR_MIN_PIN::TotalAnnualMaxCapacityInvestment::GLOBAL::MINCOGBGD::2026","TotalAnnualMaxCapacityInvestment","[""REGION"",""TECHNOLOGY"",""YEAR""]","GLOBAL","MINCOGBGD","MIN:COG","BGD","2026","true","0","ZERO","native_supply_capacity_unit","native_supply_capacity_unit","A_Calibrated_BAU;B_Optimised_VRE;C_Target_VRE","BENCHMARK_SUPPORTED","ACCEPTED_WS4_BASE_YEAR_PIN_2023_2026"
"PWR_MIN_PIN::TotalAnnualMaxCapacityInvestment::GLOBAL::MINCOGIND::2023","TotalAnnualMaxCapacityInvestment","[""REGION"",""TECHNOLOGY"",""YEAR""]","GLOBAL","MINCOGIND","MIN:COG","IND","2023","true","0","ZERO","native_supply_capacity_unit","native_supply_capacity_unit","A_Calibrated_BAU;B_Optimised_VRE;C_Target_VRE","BENCHMARK_SUPPORTED","ACCEPTED_WS4_BASE_YEAR_PIN_2023_2026"
"PWR_MIN_PIN::TotalAnnualMaxCapacityInvestment::GLOBAL::MINCOGIND::2024","TotalAnnualMaxCapacityInvestment","[""REGION"",""TECHNOLOGY"",""YEAR""]","GLOBAL","MINCOGIND","MIN:COG","IND","2024","true","0","ZERO","native_supply_capacity_unit","native_supply_capacity_unit","A_Calibrated_BAU;B_Optimised_VRE;C_Target_VRE","BENCHMARK_SUPPORTED","ACCEPTED_WS4_BASE_YEAR_PIN_2023_2026"
"PWR_MIN_PIN::TotalAnnualMaxCapacityInvestment::GLOBAL::MINCOGIND::2025","TotalAnnualMaxCapacityInvestment","[""REGION"",""TECHNOLOGY"",""YEAR""]","GLOBAL","MINCOGIND","MIN:COG","IND","2025","true","0","ZERO","native_supply_capacity_unit","native_supply_capacity_unit","A_Calibrated_BAU;B_Optimised_VRE;C_Target_VRE","BENCHMARK_SUPPORTED","ACCEPTED_WS4_BASE_YEAR_PIN_2023_2026"
"PWR_MIN_PIN::TotalAnnualMaxCapacityInvestment::GLOBAL::MINCOGIND::2026","TotalAnnualMaxCapacityInvestment","[""REGION"",""TECHNOLOGY"",""YEAR""]","GLOBAL","MINCOGIND","MIN:COG","IND","2026","true","0","ZERO","native_supply_capacity_unit","native_supply_capacity_unit","A_Calibrated_BAU;B_Optimised_VRE;C_Target_VRE","BENCHMARK_SUPPORTED","ACCEPTED_WS4_BASE_YEAR_PIN_2023_2026"
"PWR_MIN_PIN::TotalAnnualMaxCapacityInvestment::GLOBAL::MINGASBGD::2023","TotalAnnualMaxCapacityInvestment","[""REGION"",""TECHNOLOGY"",""YEAR""]","GLOBAL","MINGASBGD","MIN:GAS","BGD","2023","true","0","ZERO","native_supply_capacity_unit","native_supply_capacity_unit","A_Calibrated_BAU;B_Optimised_VRE;C_Target_VRE","BENCHMARK_SUPPORTED","ACCEPTED_WS4_BASE_YEAR_PIN_2023_2026"
"PWR_MIN_PIN::TotalAnnualMaxCapacityInvestment::GLOBAL::MINGASBGD::2024","TotalAnnualMaxCapacityInvestment","[""REGION"",""TECHNOLOGY"",""YEAR""]","GLOBAL","MINGASBGD","MIN:GAS","BGD","2024","true","0","ZERO","native_supply_capacity_unit","native_supply_capacity_unit","A_Calibrated_BAU;B_Optimised_VRE;C_Target_VRE","BENCHMARK_SUPPORTED","ACCEPTED_WS4_BASE_YEAR_PIN_2023_2026"
"PWR_MIN_PIN::TotalAnnualMaxCapacityInvestment::GLOBAL::MINGASBGD::2025","TotalAnnualMaxCapacityInvestment","[""REGION"",""TECHNOLOGY"",""YEAR""]","GLOBAL","MINGASBGD","MIN:GAS","BGD","2025","true","0","ZERO","native_supply_capacity_unit","native_supply_capacity_unit","A_Calibrated_BAU;B_Optimised_VRE;C_Target_VRE","BENCHMARK_SUPPORTED","ACCEPTED_WS4_BASE_YEAR_PIN_2023_2026"
"PWR_MIN_PIN::TotalAnnualMaxCapacityInvestment::GLOBAL::MINGASBGD::2026","TotalAnnualMaxCapacityInvestment","[""REGION"",""TECHNOLOGY"",""YEAR""]","GLOBAL","MINGASBGD","MIN:GAS","BGD","2026","true","0","ZERO","native_supply_capacity_unit","native_supply_capacity_unit","A_Calibrated_BAU;B_Optimised_VRE;C_Target_VRE","BENCHMARK_SUPPORTED","ACCEPTED_WS4_BASE_YEAR_PIN_2023_2026"
"PWR_MIN_PIN::TotalAnnualMaxCapacityInvestment::GLOBAL::MINGASIND::2023","TotalAnnualMaxCapacityInvestment","[""REGION"",""TECHNOLOGY"",""YEAR""]","GLOBAL","MINGASIND","MIN:GAS","IND","2023","true","0","ZERO","native_supply_capacity_unit","native_supply_capacity_unit","A_Calibrated_BAU;B_Optimised_VRE;C_Target_VRE","BENCHMARK_SUPPORTED","ACCEPTED_WS4_BASE_YEAR_PIN_2023_2026"
"PWR_MIN_PIN::TotalAnnualMaxCapacityInvestment::GLOBAL::MINGASIND::2024","TotalAnnualMaxCapacityInvestment","[""REGION"",""TECHNOLOGY"",""YEAR""]","GLOBAL","MINGASIND","MIN:GAS","IND","2024","true","0","ZERO","native_supply_capacity_unit","native_supply_capacity_unit","A_Calibrated_BAU;B_Optimised_VRE;C_Target_VRE","BENCHMARK_SUPPORTED","ACCEPTED_WS4_BASE_YEAR_PIN_2023_2026"
"PWR_MIN_PIN::TotalAnnualMaxCapacityInvestment::GLOBAL::MINGASIND::2025","TotalAnnualMaxCapacityInvestment","[""REGION"",""TECHNOLOGY"",""YEAR""]","GLOBAL","MINGASIND","MIN:GAS","IND","2025","true","0","ZERO","native_supply_capacity_unit","native_supply_capacity_unit","A_Calibrated_BAU;B_Optimised_VRE;C_Target_VRE","BENCHMARK_SUPPORTED","ACCEPTED_WS4_BASE_YEAR_PIN_2023_2026"
"PWR_MIN_PIN::TotalAnnualMaxCapacityInvestment::GLOBAL::MINGASIND::2026","TotalAnnualMaxCapacityInvestment","[""REGION"",""TECHNOLOGY"",""YEAR""]","GLOBAL","MINGASIND","MIN:GAS","IND","2026","true","0","ZERO","native_supply_capacity_unit","native_supply_capacity_unit","A_Calibrated_BAU;B_Optimised_VRE;C_Target_VRE","BENCHMARK_SUPPORTED","ACCEPTED_WS4_BASE_YEAR_PIN_2023_2026"
"PWR_MIN_PIN::TotalAnnualMaxCapacityInvestment::GLOBAL::MINOILBGD::2023","TotalAnnualMaxCapacityInvestment","[""REGION"",""TECHNOLOGY"",""YEAR""]","GLOBAL","MINOILBGD","MIN:OIL","BGD","2023","true","0","ZERO","native_supply_capacity_unit","native_supply_capacity_unit","A_Calibrated_BAU;B_Optimised_VRE;C_Target_VRE","BENCHMARK_SUPPORTED","ACCEPTED_WS4_BASE_YEAR_PIN_2023_2026"
"PWR_MIN_PIN::TotalAnnualMaxCapacityInvestment::GLOBAL::MINOILBGD::2024","TotalAnnualMaxCapacityInvestment","[""REGION"",""TECHNOLOGY"",""YEAR""]","GLOBAL","MINOILBGD","MIN:OIL","BGD","2024","true","0","ZERO","native_supply_capacity_unit","native_supply_capacity_unit","A_Calibrated_BAU;B_Optimised_VRE;C_Target_VRE","BENCHMARK_SUPPORTED","ACCEPTED_WS4_BASE_YEAR_PIN_2023_2026"
"PWR_MIN_PIN::TotalAnnualMaxCapacityInvestment::GLOBAL::MINOILBGD::2025","TotalAnnualMaxCapacityInvestment","[""REGION"",""TECHNOLOGY"",""YEAR""]","GLOBAL","MINOILBGD","MIN:OIL","BGD","2025","true","0","ZERO","native_supply_capacity_unit","native_supply_capacity_unit","A_Calibrated_BAU;B_Optimised_VRE;C_Target_VRE","BENCHMARK_SUPPORTED","ACCEPTED_WS4_BASE_YEAR_PIN_2023_2026"
"PWR_MIN_PIN::TotalAnnualMaxCapacityInvestment::GLOBAL::MINOILBGD::2026","TotalAnnualMaxCapacityInvestment","[""REGION"",""TECHNOLOGY"",""YEAR""]","GLOBAL","MINOILBGD","MIN:OIL","BGD","2026","true","0","ZERO","native_supply_capacity_unit","native_supply_capacity_unit","A_Calibrated_BAU;B_Optimised_VRE;C_Target_VRE","BENCHMARK_SUPPORTED","ACCEPTED_WS4_BASE_YEAR_PIN_2023_2026"
"PWR_MIN_PIN::TotalAnnualMaxCapacityInvestment::GLOBAL::MINOILIND::2023","TotalAnnualMaxCapacityInvestment","[""REGION"",""TECHNOLOGY"",""YEAR""]","GLOBAL","MINOILIND","MIN:OIL","IND","2023","true","0","ZERO","native_supply_capacity_unit","native_supply_capacity_unit","A_Calibrated_BAU;B_Optimised_VRE;C_Target_VRE","BENCHMARK_SUPPORTED","ACCEPTED_WS4_BASE_YEAR_PIN_2023_2026"
"PWR_MIN_PIN::TotalAnnualMaxCapacityInvestment::GLOBAL::MINOILIND::2024","TotalAnnualMaxCapacityInvestment","[""REGION"",""TECHNOLOGY"",""YEAR""]","GLOBAL","MINOILIND","MIN:OIL","IND","2024","true","0","ZERO","native_supply_capacity_unit","native_supply_capacity_unit","A_Calibrated_BAU;B_Optimised_VRE;C_Target_VRE","BENCHMARK_SUPPORTED","ACCEPTED_WS4_BASE_YEAR_PIN_2023_2026"
"PWR_MIN_PIN::TotalAnnualMaxCapacityInvestment::GLOBAL::MINOILIND::2025","TotalAnnualMaxCapacityInvestment","[""REGION"",""TECHNOLOGY"",""YEAR""]","GLOBAL","MINOILIND","MIN:OIL","IND","2025","true","0","ZERO","native_supply_capacity_unit","native_supply_capacity_unit","A_Calibrated_BAU;B_Optimised_VRE;C_Target_VRE","BENCHMARK_SUPPORTED","ACCEPTED_WS4_BASE_YEAR_PIN_2023_2026"
"PWR_MIN_PIN::TotalAnnualMaxCapacityInvestment::GLOBAL::MINOILIND::2026","TotalAnnualMaxCapacityInvestment","[""REGION"",""TECHNOLOGY"",""YEAR""]","GLOBAL","MINOILIND","MIN:OIL","IND","2026","true","0","ZERO","native_supply_capacity_unit","native_supply_capacity_unit","A_Calibrated_BAU;B_Optimised_VRE;C_Target_VRE","BENCHMARK_SUPPORTED","ACCEPTED_WS4_BASE_YEAR_PIN_2023_2026"
"PWR_MIN_PIN::TotalAnnualMaxCapacityInvestment::GLOBAL::MINOTHBGD::2023","TotalAnnualMaxCapacityInvestment","[""REGION"",""TECHNOLOGY"",""YEAR""]","GLOBAL","MINOTHBGD","MIN:OTH","BGD","2023","true","0","ZERO","native_supply_capacity_unit","native_supply_capacity_unit","A_Calibrated_BAU;B_Optimised_VRE;C_Target_VRE","BENCHMARK_SUPPORTED","ACCEPTED_WS4_BASE_YEAR_PIN_2023_2026"
"PWR_MIN_PIN::TotalAnnualMaxCapacityInvestment::GLOBAL::MINOTHBGD::2024","TotalAnnualMaxCapacityInvestment","[""REGION"",""TECHNOLOGY"",""YEAR""]","GLOBAL","MINOTHBGD","MIN:OTH","BGD","2024","true","0","ZERO","native_supply_capacity_unit","native_supply_capacity_unit","A_Calibrated_BAU;B_Optimised_VRE;C_Target_VRE","BENCHMARK_SUPPORTED","ACCEPTED_WS4_BASE_YEAR_PIN_2023_2026"
"PWR_MIN_PIN::TotalAnnualMaxCapacityInvestment::GLOBAL::MINOTHBGD::2025","TotalAnnualMaxCapacityInvestment","[""REGION"",""TECHNOLOGY"",""YEAR""]","GLOBAL","MINOTHBGD","MIN:OTH","BGD","2025","true","0","ZERO","native_supply_capacity_unit","native_supply_capacity_unit","A_Calibrated_BAU;B_Optimised_VRE;C_Target_VRE","BENCHMARK_SUPPORTED","ACCEPTED_WS4_BASE_YEAR_PIN_2023_2026"
"PWR_MIN_PIN::TotalAnnualMaxCapacityInvestment::GLOBAL::MINOTHBGD::2026","TotalAnnualMaxCapacityInvestment","[""REGION"",""TECHNOLOGY"",""YEAR""]","GLOBAL","MINOTHBGD","MIN:OTH","BGD","2026","true","0","ZERO","native_supply_capacity_unit","native_supply_capacity_unit","A_Calibrated_BAU;B_Optimised_VRE;C_Target_VRE","BENCHMARK_SUPPORTED","ACCEPTED_WS4_BASE_YEAR_PIN_2023_2026"
"PWR_MIN_PIN::TotalAnnualMaxCapacityInvestment::GLOBAL::MINOTHIND::2023","TotalAnnualMaxCapacityInvestment","[""REGION"",""TECHNOLOGY"",""YEAR""]","GLOBAL","MINOTHIND","MIN:OTH","IND","2023","true","0","ZERO","native_supply_capacity_unit","native_supply_capacity_unit","A_Calibrated_BAU;B_Optimised_VRE;C_Target_VRE","BENCHMARK_SUPPORTED","ACCEPTED_WS4_BASE_YEAR_PIN_2023_2026"
"PWR_MIN_PIN::TotalAnnualMaxCapacityInvestment::GLOBAL::MINOTHIND::2024","TotalAnnualMaxCapacityInvestment","[""REGION"",""TECHNOLOGY"",""YEAR""]","GLOBAL","MINOTHIND","MIN:OTH","IND","2024","true","0","ZERO","native_supply_capacity_unit","native_supply_capacity_unit","A_Calibrated_BAU;B_Optimised_VRE;C_Target_VRE","BENCHMARK_SUPPORTED","ACCEPTED_WS4_BASE_YEAR_PIN_2023_2026"
"PWR_MIN_PIN::TotalAnnualMaxCapacityInvestment::GLOBAL::MINOTHIND::2025","TotalAnnualMaxCapacityInvestment","[""REGION"",""TECHNOLOGY"",""YEAR""]","GLOBAL","MINOTHIND","MIN:OTH","IND","2025","true","0","ZERO","native_supply_capacity_unit","native_supply_capacity_unit","A_Calibrated_BAU;B_Optimised_VRE;C_Target_VRE","BENCHMARK_SUPPORTED","ACCEPTED_WS4_BASE_YEAR_PIN_2023_2026"
"PWR_MIN_PIN::TotalAnnualMaxCapacityInvestment::GLOBAL::MINOTHIND::2026","TotalAnnualMaxCapacityInvestment","[""REGION"",""TECHNOLOGY"",""YEAR""]","GLOBAL","MINOTHIND","MIN:OTH","IND","2026","true","0","ZERO","native_supply_capacity_unit","native_supply_capacity_unit","A_Calibrated_BAU;B_Optimised_VRE;C_Target_VRE","BENCHMARK_SUPPORTED","ACCEPTED_WS4_BASE_YEAR_PIN_2023_2026"
"PWR_MIN_PIN::TotalAnnualMaxCapacityInvestment::GLOBAL::MINPETBGD::2023","TotalAnnualMaxCapacityInvestment","[""REGION"",""TECHNOLOGY"",""YEAR""]","GLOBAL","MINPETBGD","MIN:PET","BGD","2023","true","0","ZERO","native_supply_capacity_unit","native_supply_capacity_unit","A_Calibrated_BAU;B_Optimised_VRE;C_Target_VRE","BENCHMARK_SUPPORTED","ACCEPTED_WS4_BASE_YEAR_PIN_2023_2026"
"PWR_MIN_PIN::TotalAnnualMaxCapacityInvestment::GLOBAL::MINPETBGD::2024","TotalAnnualMaxCapacityInvestment","[""REGION"",""TECHNOLOGY"",""YEAR""]","GLOBAL","MINPETBGD","MIN:PET","BGD","2024","true","0","ZERO","native_supply_capacity_unit","native_supply_capacity_unit","A_Calibrated_BAU;B_Optimised_VRE;C_Target_VRE","BENCHMARK_SUPPORTED","ACCEPTED_WS4_BASE_YEAR_PIN_2023_2026"
"PWR_MIN_PIN::TotalAnnualMaxCapacityInvestment::GLOBAL::MINPETBGD::2025","TotalAnnualMaxCapacityInvestment","[""REGION"",""TECHNOLOGY"",""YEAR""]","GLOBAL","MINPETBGD","MIN:PET","BGD","2025","true","0","ZERO","native_supply_capacity_unit","native_supply_capacity_unit","A_Calibrated_BAU;B_Optimised_VRE;C_Target_VRE","BENCHMARK_SUPPORTED","ACCEPTED_WS4_BASE_YEAR_PIN_2023_2026"
"PWR_MIN_PIN::TotalAnnualMaxCapacityInvestment::GLOBAL::MINPETBGD::2026","TotalAnnualMaxCapacityInvestment","[""REGION"",""TECHNOLOGY"",""YEAR""]","GLOBAL","MINPETBGD","MIN:PET","BGD","2026","true","0","ZERO","native_supply_capacity_unit","native_supply_capacity_unit","A_Calibrated_BAU;B_Optimised_VRE;C_Target_VRE","BENCHMARK_SUPPORTED","ACCEPTED_WS4_BASE_YEAR_PIN_2023_2026"
"PWR_MIN_PIN::TotalAnnualMaxCapacityInvestment::GLOBAL::MINPETIND::2023","TotalAnnualMaxCapacityInvestment","[""REGION"",""TECHNOLOGY"",""YEAR""]","GLOBAL","MINPETIND","MIN:PET","IND","2023","true","0","ZERO","native_supply_capacity_unit","native_supply_capacity_unit","A_Calibrated_BAU;B_Optimised_VRE;C_Target_VRE","BENCHMARK_SUPPORTED","ACCEPTED_WS4_BASE_YEAR_PIN_2023_2026"
"PWR_MIN_PIN::TotalAnnualMaxCapacityInvestment::GLOBAL::MINPETIND::2024","TotalAnnualMaxCapacityInvestment","[""REGION"",""TECHNOLOGY"",""YEAR""]","GLOBAL","MINPETIND","MIN:PET","IND","2024","true","0","ZERO","native_supply_capacity_unit","native_supply_capacity_unit","A_Calibrated_BAU;B_Optimised_VRE;C_Target_VRE","BENCHMARK_SUPPORTED","ACCEPTED_WS4_BASE_YEAR_PIN_2023_2026"
"PWR_MIN_PIN::TotalAnnualMaxCapacityInvestment::GLOBAL::MINPETIND::2025","TotalAnnualMaxCapacityInvestment","[""REGION"",""TECHNOLOGY"",""YEAR""]","GLOBAL","MINPETIND","MIN:PET","IND","2025","true","0","ZERO","native_supply_capacity_unit","native_supply_capacity_unit","A_Calibrated_BAU;B_Optimised_VRE;C_Target_VRE","BENCHMARK_SUPPORTED","ACCEPTED_WS4_BASE_YEAR_PIN_2023_2026"
"PWR_MIN_PIN::TotalAnnualMaxCapacityInvestment::GLOBAL::MINPETIND::2026","TotalAnnualMaxCapacityInvestment","[""REGION"",""TECHNOLOGY"",""YEAR""]","GLOBAL","MINPETIND","MIN:PET","IND","2026","true","0","ZERO","native_supply_capacity_unit","native_supply_capacity_unit","A_Calibrated_BAU;B_Optimised_VRE;C_Target_VRE","BENCHMARK_SUPPORTED","ACCEPTED_WS4_BASE_YEAR_PIN_2023_2026"
"PWR_MIN_PIN::TotalAnnualMaxCapacityInvestment::GLOBAL::MINURNBGD::2023","TotalAnnualMaxCapacityInvestment","[""REGION"",""TECHNOLOGY"",""YEAR""]","GLOBAL","MINURNBGD","MIN:URN","BGD","2023","true","0","ZERO","native_supply_capacity_unit","native_supply_capacity_unit","A_Calibrated_BAU;B_Optimised_VRE;C_Target_VRE","BENCHMARK_SUPPORTED","ACCEPTED_WS4_BASE_YEAR_PIN_2023_2026"
"PWR_MIN_PIN::TotalAnnualMaxCapacityInvestment::GLOBAL::MINURNBGD::2024","TotalAnnualMaxCapacityInvestment","[""REGION"",""TECHNOLOGY"",""YEAR""]","GLOBAL","MINURNBGD","MIN:URN","BGD","2024","true","0","ZERO","native_supply_capacity_unit","native_supply_capacity_unit","A_Calibrated_BAU;B_Optimised_VRE;C_Target_VRE","BENCHMARK_SUPPORTED","ACCEPTED_WS4_BASE_YEAR_PIN_2023_2026"
"PWR_MIN_PIN::TotalAnnualMaxCapacityInvestment::GLOBAL::MINURNBGD::2025","TotalAnnualMaxCapacityInvestment","[""REGION"",""TECHNOLOGY"",""YEAR""]","GLOBAL","MINURNBGD","MIN:URN","BGD","2025","true","0","ZERO","native_supply_capacity_unit","native_supply_capacity_unit","A_Calibrated_BAU;B_Optimised_VRE;C_Target_VRE","BENCHMARK_SUPPORTED","ACCEPTED_WS4_BASE_YEAR_PIN_2023_2026"
"PWR_MIN_PIN::TotalAnnualMaxCapacityInvestment::GLOBAL::MINURNBGD::2026","TotalAnnualMaxCapacityInvestment","[""REGION"",""TECHNOLOGY"",""YEAR""]","GLOBAL","MINURNBGD","MIN:URN","BGD","2026","true","0","ZERO","native_supply_capacity_unit","native_supply_capacity_unit","A_Calibrated_BAU;B_Optimised_VRE;C_Target_VRE","BENCHMARK_SUPPORTED","ACCEPTED_WS4_BASE_YEAR_PIN_2023_2026"
"PWR_MIN_PIN::TotalAnnualMaxCapacityInvestment::GLOBAL::MINURNIND::2023","TotalAnnualMaxCapacityInvestment","[""REGION"",""TECHNOLOGY"",""YEAR""]","GLOBAL","MINURNIND","MIN:URN","IND","2023","true","0","ZERO","native_supply_capacity_unit","native_supply_capacity_unit","A_Calibrated_BAU;B_Optimised_VRE;C_Target_VRE","BENCHMARK_SUPPORTED","ACCEPTED_WS4_BASE_YEAR_PIN_2023_2026"
"PWR_MIN_PIN::TotalAnnualMaxCapacityInvestment::GLOBAL::MINURNIND::2024","TotalAnnualMaxCapacityInvestment","[""REGION"",""TECHNOLOGY"",""YEAR""]","GLOBAL","MINURNIND","MIN:URN","IND","2024","true","0","ZERO","native_supply_capacity_unit","native_supply_capacity_unit","A_Calibrated_BAU;B_Optimised_VRE;C_Target_VRE","BENCHMARK_SUPPORTED","ACCEPTED_WS4_BASE_YEAR_PIN_2023_2026"
"PWR_MIN_PIN::TotalAnnualMaxCapacityInvestment::GLOBAL::MINURNIND::2025","TotalAnnualMaxCapacityInvestment","[""REGION"",""TECHNOLOGY"",""YEAR""]","GLOBAL","MINURNIND","MIN:URN","IND","2025","true","0","ZERO","native_supply_capacity_unit","native_supply_capacity_unit","A_Calibrated_BAU;B_Optimised_VRE;C_Target_VRE","BENCHMARK_SUPPORTED","ACCEPTED_WS4_BASE_YEAR_PIN_2023_2026"
"PWR_MIN_PIN::TotalAnnualMaxCapacityInvestment::GLOBAL::MINURNIND::2026","TotalAnnualMaxCapacityInvestment","[""REGION"",""TECHNOLOGY"",""YEAR""]","GLOBAL","MINURNIND","MIN:URN","IND","2026","true","0","ZERO","native_supply_capacity_unit","native_supply_capacity_unit","A_Calibrated_BAU;B_Optimised_VRE;C_Target_VRE","BENCHMARK_SUPPORTED","ACCEPTED_WS4_BASE_YEAR_PIN_2023_2026"
"PWR_MIN_PIN::TotalAnnualMaxCapacityInvestment::GLOBAL::PWRBIOBGDXX::2024","TotalAnnualMaxCapacityInvestment","[""REGION"",""TECHNOLOGY"",""YEAR""]","GLOBAL","PWRBIOBGDXX","PWR:BIO","BGD","2024","true","0.0011","POSITIVE","GW","GW","A_Calibrated_BAU;B_Optimised_VRE;C_Target_VRE","BENCHMARK_SUPPORTED","ACCEPTED_WS4_BASE_YEAR_PIN_2023_2026"
"PWR_MIN_PIN::TotalAnnualMaxCapacityInvestment::GLOBAL::PWRBIOBGDXX::2025","TotalAnnualMaxCapacityInvestment","[""REGION"",""TECHNOLOGY"",""YEAR""]","GLOBAL","PWRBIOBGDXX","PWR:BIO","BGD","2025","true","0.0011","POSITIVE","GW","GW","A_Calibrated_BAU;B_Optimised_VRE;C_Target_VRE","BENCHMARK_SUPPORTED","ACCEPTED_WS4_BASE_YEAR_PIN_2023_2026"
"PWR_MIN_PIN::TotalAnnualMaxCapacityInvestment::GLOBAL::PWRBIOBGDXX::2026","TotalAnnualMaxCapacityInvestment","[""REGION"",""TECHNOLOGY"",""YEAR""]","GLOBAL","PWRBIOBGDXX","PWR:BIO","BGD","2026","true","0.0011","POSITIVE","GW","GW","A_Calibrated_BAU;B_Optimised_VRE;C_Target_VRE","BENCHMARK_SUPPORTED","ACCEPTED_WS4_BASE_YEAR_PIN_2023_2026"
"PWR_MIN_PIN::TotalAnnualMaxCapacityInvestment::GLOBAL::PWRBIOINDEA::2024","TotalAnnualMaxCapacityInvestment","[""REGION"",""TECHNOLOGY"",""YEAR""]","GLOBAL","PWRBIOINDEA","PWR:BIO","IND","2024","true","0.0352","POSITIVE","GW","GW","A_Calibrated_BAU;B_Optimised_VRE;C_Target_VRE","BENCHMARK_SUPPORTED","ACCEPTED_WS4_BASE_YEAR_PIN_2023_2026"
"PWR_MIN_PIN::TotalAnnualMaxCapacityInvestment::GLOBAL::PWRBIOINDEA::2025","TotalAnnualMaxCapacityInvestment","[""REGION"",""TECHNOLOGY"",""YEAR""]","GLOBAL","PWRBIOINDEA","PWR:BIO","IND","2025","true","0.0398","POSITIVE","GW","GW","A_Calibrated_BAU;B_Optimised_VRE;C_Target_VRE","BENCHMARK_SUPPORTED","ACCEPTED_WS4_BASE_YEAR_PIN_2023_2026"
"PWR_MIN_PIN::TotalAnnualMaxCapacityInvestment::GLOBAL::PWRBIOINDEA::2026","TotalAnnualMaxCapacityInvestment","[""REGION"",""TECHNOLOGY"",""YEAR""]","GLOBAL","PWRBIOINDEA","PWR:BIO","IND","2026","true","0.0407","POSITIVE","GW","GW","A_Calibrated_BAU;B_Optimised_VRE;C_Target_VRE","BENCHMARK_SUPPORTED","ACCEPTED_WS4_BASE_YEAR_PIN_2023_2026"
"PWR_MIN_PIN::TotalAnnualMaxCapacityInvestment::GLOBAL::PWRCOABGDXX::2024","TotalAnnualMaxCapacityInvestment","[""REGION"",""TECHNOLOGY"",""YEAR""]","GLOBAL","PWRCOABGDXX","PWR:COA","BGD","2024","true","0","ZERO","GW","GW","A_Calibrated_BAU;B_Optimised_VRE;C_Target_VRE","BENCHMARK_SUPPORTED","ACCEPTED_WS4_BASE_YEAR_PIN_2023_2026"
"PWR_MIN_PIN::TotalAnnualMaxCapacityInvestment::GLOBAL::PWRCOABGDXX::2025","TotalAnnualMaxCapacityInvestment","[""REGION"",""TECHNOLOGY"",""YEAR""]","GLOBAL","PWRCOABGDXX","PWR:COA","BGD","2025","true","1.32","POSITIVE","GW","GW","A_Calibrated_BAU;B_Optimised_VRE;C_Target_VRE","BENCHMARK_SUPPORTED","ACCEPTED_WS4_BASE_YEAR_PIN_2023_2026"
"PWR_MIN_PIN::TotalAnnualMaxCapacityInvestment::GLOBAL::PWRCOABGDXX::2026","TotalAnnualMaxCapacityInvestment","[""REGION"",""TECHNOLOGY"",""YEAR""]","GLOBAL","PWRCOABGDXX","PWR:COA","BGD","2026","true","0","ZERO","GW","GW","A_Calibrated_BAU;B_Optimised_VRE;C_Target_VRE","BENCHMARK_SUPPORTED","ACCEPTED_WS4_BASE_YEAR_PIN_2023_2026"
"PWR_MIN_PIN::TotalAnnualMaxCapacityInvestment::GLOBAL::PWRCOAINDEA::2024","TotalAnnualMaxCapacityInvestment","[""REGION"",""TECHNOLOGY"",""YEAR""]","GLOBAL","PWRCOAINDEA","PWR:COA","IND","2024","true","0","ZERO","GW","GW","A_Calibrated_BAU;B_Optimised_VRE;C_Target_VRE","BENCHMARK_SUPPORTED","ACCEPTED_WS4_BASE_YEAR_PIN_2023_2026"
"PWR_MIN_PIN::TotalAnnualMaxCapacityInvestment::GLOBAL::PWRCOAINDEA::2025","TotalAnnualMaxCapacityInvestment","[""REGION"",""TECHNOLOGY"",""YEAR""]","GLOBAL","PWRCOAINDEA","PWR:COA","IND","2025","true","0.66","POSITIVE","GW","GW","A_Calibrated_BAU;B_Optimised_VRE;C_Target_VRE","BENCHMARK_SUPPORTED","ACCEPTED_WS4_BASE_YEAR_PIN_2023_2026"
"PWR_MIN_PIN::TotalAnnualMaxCapacityInvestment::GLOBAL::PWRCOAINDEA::2026","TotalAnnualMaxCapacityInvestment","[""REGION"",""TECHNOLOGY"",""YEAR""]","GLOBAL","PWRCOAINDEA","PWR:COA","IND","2026","true","2.26","POSITIVE","GW","GW","A_Calibrated_BAU;B_Optimised_VRE;C_Target_VRE","BENCHMARK_SUPPORTED","ACCEPTED_WS4_BASE_YEAR_PIN_2023_2026"
"PWR_MIN_PIN::TotalAnnualMaxCapacityInvestment::GLOBAL::PWRHYDBGDXX::2023","TotalAnnualMaxCapacityInvestment","[""REGION"",""TECHNOLOGY"",""YEAR""]","GLOBAL","PWRHYDBGDXX","PWR:HYD","BGD","2023","true","0","ZERO","GW","GW","B_Optimised_VRE;C_Target_VRE","BENCHMARK_SUPPORTED","ACCEPTED_WS4_BASE_YEAR_PIN_2023_2026"
"PWR_MIN_PIN::TotalAnnualMaxCapacityInvestment::GLOBAL::PWRHYDBGDXX::2024","TotalAnnualMaxCapacityInvestment","[""REGION"",""TECHNOLOGY"",""YEAR""]","GLOBAL","PWRHYDBGDXX","PWR:HYD","BGD","2024","true","0.0171","POSITIVE","GW","GW","A_Calibrated_BAU;B_Optimised_VRE;C_Target_VRE","BENCHMARK_SUPPORTED","ACCEPTED_WS4_BASE_YEAR_PIN_2023_2026"
"PWR_MIN_PIN::TotalAnnualMaxCapacityInvestment::GLOBAL::PWRHYDBGDXX::2025","TotalAnnualMaxCapacityInvestment","[""REGION"",""TECHNOLOGY"",""YEAR""]","GLOBAL","PWRHYDBGDXX","PWR:HYD","BGD","2025","true","0.0182","POSITIVE","GW","GW","A_Calibrated_BAU;B_Optimised_VRE;C_Target_VRE","BENCHMARK_SUPPORTED","ACCEPTED_WS4_BASE_YEAR_PIN_2023_2026"
"PWR_MIN_PIN::TotalAnnualMaxCapacityInvestment::GLOBAL::PWRHYDBGDXX::2026","TotalAnnualMaxCapacityInvestment","[""REGION"",""TECHNOLOGY"",""YEAR""]","GLOBAL","PWRHYDBGDXX","PWR:HYD","BGD","2026","true","0.0193","POSITIVE","GW","GW","A_Calibrated_BAU;B_Optimised_VRE;C_Target_VRE","BENCHMARK_SUPPORTED","ACCEPTED_WS4_BASE_YEAR_PIN_2023_2026"
"PWR_MIN_PIN::TotalAnnualMaxCapacityInvestment::GLOBAL::PWRHYDINDEA::2023","TotalAnnualMaxCapacityInvestment","[""REGION"",""TECHNOLOGY"",""YEAR""]","GLOBAL","PWRHYDINDEA","PWR:HYD","IND","2023","true","0","ZERO","GW","GW","B_Optimised_VRE;C_Target_VRE","BENCHMARK_SUPPORTED","ACCEPTED_WS4_BASE_YEAR_PIN_2023_2026"
"PWR_MIN_PIN::TotalAnnualMaxCapacityInvestment::GLOBAL::PWRHYDINDEA::2024","TotalAnnualMaxCapacityInvestment","[""REGION"",""TECHNOLOGY"",""YEAR""]","GLOBAL","PWRHYDINDEA","PWR:HYD","IND","2024","true","0","ZERO","GW","GW","A_Calibrated_BAU;B_Optimised_VRE;C_Target_VRE","BENCHMARK_SUPPORTED","ACCEPTED_WS4_BASE_YEAR_PIN_2023_2026"
"PWR_MIN_PIN::TotalAnnualMaxCapacityInvestment::GLOBAL::PWRHYDINDEA::2025","TotalAnnualMaxCapacityInvestment","[""REGION"",""TECHNOLOGY"",""YEAR""]","GLOBAL","PWRHYDINDEA","PWR:HYD","IND","2025","true","0.0651","POSITIVE","GW","GW","A_Calibrated_BAU;B_Optimised_VRE;C_Target_VRE","BENCHMARK_SUPPORTED","ACCEPTED_WS4_BASE_YEAR_PIN_2023_2026"
"PWR_MIN_PIN::TotalAnnualMaxCapacityInvestment::GLOBAL::PWRHYDINDEA::2026","TotalAnnualMaxCapacityInvestment","[""REGION"",""TECHNOLOGY"",""YEAR""]","GLOBAL","PWRHYDINDEA","PWR:HYD","IND","2026","true","0.1192","POSITIVE","GW","GW","A_Calibrated_BAU;B_Optimised_VRE;C_Target_VRE","BENCHMARK_SUPPORTED","ACCEPTED_WS4_BASE_YEAR_PIN_2023_2026"
"PWR_MIN_PIN::TotalAnnualMaxCapacityInvestment::GLOBAL::PWRNGSBGDXX::2023","TotalAnnualMaxCapacityInvestment","[""REGION"",""TECHNOLOGY"",""YEAR""]","GLOBAL","PWRNGSBGDXX","PWR:NGS","BGD","2023","true","0","ZERO","GW","GW","B_Optimised_VRE;C_Target_VRE","BENCHMARK_SUPPORTED","ACCEPTED_WS4_BASE_YEAR_PIN_2023_2026"
"PWR_MIN_PIN::TotalAnnualMaxCapacityInvestment::GLOBAL::PWRNGSBGDXX::2024","TotalAnnualMaxCapacityInvestment","[""REGION"",""TECHNOLOGY"",""YEAR""]","GLOBAL","PWRNGSBGDXX","PWR:NGS","BGD","2024","true","0","ZERO","GW","GW","A_Calibrated_BAU;B_Optimised_VRE;C_Target_VRE","BENCHMARK_SUPPORTED","ACCEPTED_WS4_BASE_YEAR_PIN_2023_2026"
"PWR_MIN_PIN::TotalAnnualMaxCapacityInvestment::GLOBAL::PWRNGSBGDXX::2025","TotalAnnualMaxCapacityInvestment","[""REGION"",""TECHNOLOGY"",""YEAR""]","GLOBAL","PWRNGSBGDXX","PWR:NGS","BGD","2025","true","5.8","POSITIVE","GW","GW","A_Calibrated_BAU;B_Optimised_VRE;C_Target_VRE","BENCHMARK_SUPPORTED","ACCEPTED_WS4_BASE_YEAR_PIN_2023_2026"
"PWR_MIN_PIN::TotalAnnualMaxCapacityInvestment::GLOBAL::PWRNGSBGDXX::2026","TotalAnnualMaxCapacityInvestment","[""REGION"",""TECHNOLOGY"",""YEAR""]","GLOBAL","PWRNGSBGDXX","PWR:NGS","BGD","2026","true","0.8663","POSITIVE","GW","GW","A_Calibrated_BAU;B_Optimised_VRE;C_Target_VRE","BENCHMARK_SUPPORTED","ACCEPTED_WS4_BASE_YEAR_PIN_2023_2026"
"PWR_MIN_PIN::TotalAnnualMaxCapacityInvestment::GLOBAL::PWRNGSINDEA::2023","TotalAnnualMaxCapacityInvestment","[""REGION"",""TECHNOLOGY"",""YEAR""]","GLOBAL","PWRNGSINDEA","PWR:NGS","IND","2023","true","0","ZERO","GW","GW","A_Calibrated_BAU;B_Optimised_VRE;C_Target_VRE","BENCHMARK_SUPPORTED","ACCEPTED_WS4_BASE_YEAR_PIN_2023_2026"
"PWR_MIN_PIN::TotalAnnualMaxCapacityInvestment::GLOBAL::PWRNGSINDEA::2024","TotalAnnualMaxCapacityInvestment","[""REGION"",""TECHNOLOGY"",""YEAR""]","GLOBAL","PWRNGSINDEA","PWR:NGS","IND","2024","true","0","ZERO","GW","GW","A_Calibrated_BAU;B_Optimised_VRE;C_Target_VRE","BENCHMARK_SUPPORTED","ACCEPTED_WS4_BASE_YEAR_PIN_2023_2026"
"PWR_MIN_PIN::TotalAnnualMaxCapacityInvestment::GLOBAL::PWRNGSINDEA::2025","TotalAnnualMaxCapacityInvestment","[""REGION"",""TECHNOLOGY"",""YEAR""]","GLOBAL","PWRNGSINDEA","PWR:NGS","IND","2025","true","0","ZERO","GW","GW","A_Calibrated_BAU;B_Optimised_VRE;C_Target_VRE","BENCHMARK_SUPPORTED","ACCEPTED_WS4_BASE_YEAR_PIN_2023_2026"
"PWR_MIN_PIN::TotalAnnualMaxCapacityInvestment::GLOBAL::PWRNGSINDEA::2026","TotalAnnualMaxCapacityInvestment","[""REGION"",""TECHNOLOGY"",""YEAR""]","GLOBAL","PWRNGSINDEA","PWR:NGS","IND","2026","true","0.007","POSITIVE","GW","GW","A_Calibrated_BAU;B_Optimised_VRE;C_Target_VRE","BENCHMARK_SUPPORTED","ACCEPTED_WS4_BASE_YEAR_PIN_2023_2026"
"PWR_MIN_PIN::TotalAnnualMaxCapacityInvestment::GLOBAL::PWROILBGDXX::2023","TotalAnnualMaxCapacityInvestment","[""REGION"",""TECHNOLOGY"",""YEAR""]","GLOBAL","PWROILBGDXX","PWR:OIL","BGD","2023","true","0.5","POSITIVE","GW","GW","B_Optimised_VRE;C_Target_VRE","BENCHMARK_SUPPORTED","ACCEPTED_WS4_BASE_YEAR_PIN_2023_2026"
"PWR_MIN_PIN::TotalAnnualMaxCapacityInvestment::GLOBAL::PWROILBGDXX::2024","TotalAnnualMaxCapacityInvestment","[""REGION"",""TECHNOLOGY"",""YEAR""]","GLOBAL","PWROILBGDXX","PWR:OIL","BGD","2024","true","0.5","POSITIVE","GW","GW","A_Calibrated_BAU;B_Optimised_VRE;C_Target_VRE","BENCHMARK_SUPPORTED","ACCEPTED_WS4_BASE_YEAR_PIN_2023_2026"
"PWR_MIN_PIN::TotalAnnualMaxCapacityInvestment::GLOBAL::PWROILBGDXX::2025","TotalAnnualMaxCapacityInvestment","[""REGION"",""TECHNOLOGY"",""YEAR""]","GLOBAL","PWROILBGDXX","PWR:OIL","BGD","2025","true","0.5","POSITIVE","GW","GW","A_Calibrated_BAU;B_Optimised_VRE;C_Target_VRE","BENCHMARK_SUPPORTED","ACCEPTED_WS4_BASE_YEAR_PIN_2023_2026"
"PWR_MIN_PIN::TotalAnnualMaxCapacityInvestment::GLOBAL::PWROILBGDXX::2026","TotalAnnualMaxCapacityInvestment","[""REGION"",""TECHNOLOGY"",""YEAR""]","GLOBAL","PWROILBGDXX","PWR:OIL","BGD","2026","true","0.5","POSITIVE","GW","GW","A_Calibrated_BAU;B_Optimised_VRE;C_Target_VRE","BENCHMARK_SUPPORTED","ACCEPTED_WS4_BASE_YEAR_PIN_2023_2026"
"PWR_MIN_PIN::TotalAnnualMaxCapacityInvestment::GLOBAL::PWRSHPINDEA::2023","TotalAnnualMaxCapacityInvestment","[""REGION"",""TECHNOLOGY"",""YEAR""]","GLOBAL","PWRSHPINDEA","PWR:SHP","IND","2023","true","0","ZERO","GW","GW","B_Optimised_VRE;C_Target_VRE","BENCHMARK_SUPPORTED","ACCEPTED_WS4_BASE_YEAR_PIN_2023_2026"
"PWR_MIN_PIN::TotalAnnualMaxCapacityInvestment::GLOBAL::PWRSHPINDEA::2024","TotalAnnualMaxCapacityInvestment","[""REGION"",""TECHNOLOGY"",""YEAR""]","GLOBAL","PWRSHPINDEA","PWR:SHP","IND","2024","true","0","ZERO","GW","GW","A_Calibrated_BAU;B_Optimised_VRE;C_Target_VRE","BENCHMARK_SUPPORTED","ACCEPTED_WS4_BASE_YEAR_PIN_2023_2026"
"PWR_MIN_PIN::TotalAnnualMaxCapacityInvestment::GLOBAL::PWRSHPINDEA::2025","TotalAnnualMaxCapacityInvestment","[""REGION"",""TECHNOLOGY"",""YEAR""]","GLOBAL","PWRSHPINDEA","PWR:SHP","IND","2025","true","0","ZERO","GW","GW","A_Calibrated_BAU;B_Optimised_VRE;C_Target_VRE","BENCHMARK_SUPPORTED","ACCEPTED_WS4_BASE_YEAR_PIN_2023_2026"
"PWR_MIN_PIN::TotalAnnualMaxCapacityInvestment::GLOBAL::PWRSHPINDEA::2026","TotalAnnualMaxCapacityInvestment","[""REGION"",""TECHNOLOGY"",""YEAR""]","GLOBAL","PWRSHPINDEA","PWR:SHP","IND","2026","true","0","ZERO","GW","GW","A_Calibrated_BAU;B_Optimised_VRE;C_Target_VRE","BENCHMARK_SUPPORTED","ACCEPTED_WS4_BASE_YEAR_PIN_2023_2026"
"PWR_MIN_PIN::TotalAnnualMaxCapacityInvestment::GLOBAL::PWRSPVBGDXX::2023","TotalAnnualMaxCapacityInvestment","[""REGION"",""TECHNOLOGY"",""YEAR""]","GLOBAL","PWRSPVBGDXX","PWR:SPV","BGD","2023","true","0","ZERO","GW","GW","B_Optimised_VRE;C_Target_VRE","BENCHMARK_SUPPORTED","ACCEPTED_WS4_BASE_YEAR_PIN_2023_2026"
"PWR_MIN_PIN::TotalAnnualMaxCapacityInvestment::GLOBAL::PWRSPVBGDXX::2024","TotalAnnualMaxCapacityInvestment","[""REGION"",""TECHNOLOGY"",""YEAR""]","GLOBAL","PWRSPVBGDXX","PWR:SPV","BGD","2024","true","0.0431","POSITIVE","GW","GW","A_Calibrated_BAU;B_Optimised_VRE;C_Target_VRE","BENCHMARK_SUPPORTED","ACCEPTED_WS4_BASE_YEAR_PIN_2023_2026"
"PWR_MIN_PIN::TotalAnnualMaxCapacityInvestment::GLOBAL::PWRSPVBGDXX::2025","TotalAnnualMaxCapacityInvestment","[""REGION"",""TECHNOLOGY"",""YEAR""]","GLOBAL","PWRSPVBGDXX","PWR:SPV","BGD","2025","true","3.1282","POSITIVE","GW","GW","A_Calibrated_BAU;B_Optimised_VRE;C_Target_VRE","BENCHMARK_SUPPORTED","ACCEPTED_WS4_BASE_YEAR_PIN_2023_2026"
"PWR_MIN_PIN::TotalAnnualMaxCapacityInvestment::GLOBAL::PWRSPVBGDXX::2026","TotalAnnualMaxCapacityInvestment","[""REGION"",""TECHNOLOGY"",""YEAR""]","GLOBAL","PWRSPVBGDXX","PWR:SPV","BGD","2026","true","0.049","POSITIVE","GW","GW","A_Calibrated_BAU;B_Optimised_VRE;C_Target_VRE","BENCHMARK_SUPPORTED","ACCEPTED_WS4_BASE_YEAR_PIN_2023_2026"
"PWR_MIN_PIN::TotalAnnualMaxCapacityInvestment::GLOBAL::PWRSPVINDEA::2023","TotalAnnualMaxCapacityInvestment","[""REGION"",""TECHNOLOGY"",""YEAR""]","GLOBAL","PWRSPVINDEA","PWR:SPV","IND","2023","true","0.077","POSITIVE","GW","GW","A_Calibrated_BAU;B_Optimised_VRE;C_Target_VRE","BENCHMARK_SUPPORTED","ACCEPTED_WS4_BASE_YEAR_PIN_2023_2026"
"PWR_MIN_PIN::TotalAnnualMaxCapacityInvestment::GLOBAL::PWRSPVINDEA::2024","TotalAnnualMaxCapacityInvestment","[""REGION"",""TECHNOLOGY"",""YEAR""]","GLOBAL","PWRSPVINDEA","PWR:SPV","IND","2024","true","0.0636","POSITIVE","GW","GW","A_Calibrated_BAU;B_Optimised_VRE;C_Target_VRE","BENCHMARK_SUPPORTED","ACCEPTED_WS4_BASE_YEAR_PIN_2023_2026"
"PWR_MIN_PIN::TotalAnnualMaxCapacityInvestment::GLOBAL::PWRSPVINDEA::2025","TotalAnnualMaxCapacityInvestment","[""REGION"",""TECHNOLOGY"",""YEAR""]","GLOBAL","PWRSPVINDEA","PWR:SPV","IND","2025","true","0.3633","POSITIVE","GW","GW","A_Calibrated_BAU;B_Optimised_VRE;C_Target_VRE","BENCHMARK_SUPPORTED","ACCEPTED_WS4_BASE_YEAR_PIN_2023_2026"
"PWR_MIN_PIN::TotalAnnualMaxCapacityInvestment::GLOBAL::PWRSPVINDEA::2026","TotalAnnualMaxCapacityInvestment","[""REGION"",""TECHNOLOGY"",""YEAR""]","GLOBAL","PWRSPVINDEA","PWR:SPV","IND","2026","true","0.0737","POSITIVE","GW","GW","A_Calibrated_BAU;B_Optimised_VRE;C_Target_VRE","BENCHMARK_SUPPORTED","ACCEPTED_WS4_BASE_YEAR_PIN_2023_2026"
"PWR_MIN_PIN::TotalAnnualMaxCapacityInvestment::GLOBAL::PWRURNBGDXX::2023","TotalAnnualMaxCapacityInvestment","[""REGION"",""TECHNOLOGY"",""YEAR""]","GLOBAL","PWRURNBGDXX","PWR:URN","BGD","2023","true","0","ZERO","GW","GW","B_Optimised_VRE;C_Target_VRE","BENCHMARK_SUPPORTED","ACCEPTED_WS4_BASE_YEAR_PIN_2023_2026"
"PWR_MIN_PIN::TotalAnnualMaxCapacityInvestment::GLOBAL::PWRURNBGDXX::2024","TotalAnnualMaxCapacityInvestment","[""REGION"",""TECHNOLOGY"",""YEAR""]","GLOBAL","PWRURNBGDXX","PWR:URN","BGD","2024","true","1.2","POSITIVE","GW","GW","A_Calibrated_BAU;B_Optimised_VRE;C_Target_VRE","BENCHMARK_SUPPORTED","ACCEPTED_WS4_BASE_YEAR_PIN_2023_2026"
"PWR_MIN_PIN::TotalAnnualMaxCapacityInvestment::GLOBAL::PWRURNBGDXX::2025","TotalAnnualMaxCapacityInvestment","[""REGION"",""TECHNOLOGY"",""YEAR""]","GLOBAL","PWRURNBGDXX","PWR:URN","BGD","2025","true","1.2","POSITIVE","GW","GW","A_Calibrated_BAU;B_Optimised_VRE;C_Target_VRE","BENCHMARK_SUPPORTED","ACCEPTED_WS4_BASE_YEAR_PIN_2023_2026"
"PWR_MIN_PIN::TotalAnnualMaxCapacityInvestment::GLOBAL::PWRURNBGDXX::2026","TotalAnnualMaxCapacityInvestment","[""REGION"",""TECHNOLOGY"",""YEAR""]","GLOBAL","PWRURNBGDXX","PWR:URN","BGD","2026","true","0","ZERO","GW","GW","B_Optimised_VRE;C_Target_VRE","BENCHMARK_SUPPORTED","ACCEPTED_WS4_BASE_YEAR_PIN_2023_2026"
"PWR_MIN_PIN::TotalAnnualMaxCapacityInvestment::GLOBAL::PWRWASINDEA::2024","TotalAnnualMaxCapacityInvestment","[""REGION"",""TECHNOLOGY"",""YEAR""]","GLOBAL","PWRWASINDEA","PWR:WAS","IND","2024","true","0.0014","POSITIVE","GW","GW","A_Calibrated_BAU;B_Optimised_VRE;C_Target_VRE","BENCHMARK_SUPPORTED","ACCEPTED_WS4_BASE_YEAR_PIN_2023_2026"
"PWR_MIN_PIN::TotalAnnualMaxCapacityInvestment::GLOBAL::PWRWASINDEA::2025","TotalAnnualMaxCapacityInvestment","[""REGION"",""TECHNOLOGY"",""YEAR""]","GLOBAL","PWRWASINDEA","PWR:WAS","IND","2025","true","0.0014","POSITIVE","GW","GW","A_Calibrated_BAU;B_Optimised_VRE;C_Target_VRE","BENCHMARK_SUPPORTED","ACCEPTED_WS4_BASE_YEAR_PIN_2023_2026"
"PWR_MIN_PIN::TotalAnnualMaxCapacityInvestment::GLOBAL::PWRWASINDEA::2026","TotalAnnualMaxCapacityInvestment","[""REGION"",""TECHNOLOGY"",""YEAR""]","GLOBAL","PWRWASINDEA","PWR:WAS","IND","2026","true","0.0014","POSITIVE","GW","GW","A_Calibrated_BAU;B_Optimised_VRE;C_Target_VRE","BENCHMARK_SUPPORTED","ACCEPTED_WS4_BASE_YEAR_PIN_2023_2026"
"PWR_MIN_PIN::TotalAnnualMaxCapacityInvestment::GLOBAL::PWRWONBGDXX::2023","TotalAnnualMaxCapacityInvestment","[""REGION"",""TECHNOLOGY"",""YEAR""]","GLOBAL","PWRWONBGDXX","PWR:WON","BGD","2023","true","0","ZERO","GW","GW","B_Optimised_VRE;C_Target_VRE","BENCHMARK_SUPPORTED","ACCEPTED_WS4_BASE_YEAR_PIN_2023_2026"
"PWR_MIN_PIN::TotalAnnualMaxCapacityInvestment::GLOBAL::PWRWONBGDXX::2024","TotalAnnualMaxCapacityInvestment","[""REGION"",""TECHNOLOGY"",""YEAR""]","GLOBAL","PWRWONBGDXX","PWR:WON","BGD","2024","true","0.0054","POSITIVE","GW","GW","A_Calibrated_BAU;B_Optimised_VRE;C_Target_VRE","BENCHMARK_SUPPORTED","ACCEPTED_WS4_BASE_YEAR_PIN_2023_2026"
"PWR_MIN_PIN::TotalAnnualMaxCapacityInvestment::GLOBAL::PWRWONBGDXX::2025","TotalAnnualMaxCapacityInvestment","[""REGION"",""TECHNOLOGY"",""YEAR""]","GLOBAL","PWRWONBGDXX","PWR:WON","BGD","2025","true","0.0057","POSITIVE","GW","GW","A_Calibrated_BAU;B_Optimised_VRE;C_Target_VRE","BENCHMARK_SUPPORTED","ACCEPTED_WS4_BASE_YEAR_PIN_2023_2026"
"PWR_MIN_PIN::TotalAnnualMaxCapacityInvestment::GLOBAL::PWRWONBGDXX::2026","TotalAnnualMaxCapacityInvestment","[""REGION"",""TECHNOLOGY"",""YEAR""]","GLOBAL","PWRWONBGDXX","PWR:WON","BGD","2026","true","0.006","POSITIVE","GW","GW","A_Calibrated_BAU;B_Optimised_VRE;C_Target_VRE","BENCHMARK_SUPPORTED","ACCEPTED_WS4_BASE_YEAR_PIN_2023_2026"
"PWR_MIN_PIN::TotalAnnualMinCapacityInvestment::GLOBAL::PWRBIOBGDXX::2024","TotalAnnualMinCapacityInvestment","[""REGION"",""TECHNOLOGY"",""YEAR""]","GLOBAL","PWRBIOBGDXX","PWR:BIO","BGD","2024","true","0.0011","POSITIVE","GW","GW","A_Calibrated_BAU;B_Optimised_VRE;C_Target_VRE","BENCHMARK_SUPPORTED","ACCEPTED_WS4_BASE_YEAR_PIN_2023_2026"
"PWR_MIN_PIN::TotalAnnualMinCapacityInvestment::GLOBAL::PWRBIOBGDXX::2025","TotalAnnualMinCapacityInvestment","[""REGION"",""TECHNOLOGY"",""YEAR""]","GLOBAL","PWRBIOBGDXX","PWR:BIO","BGD","2025","true","0.0011","POSITIVE","GW","GW","A_Calibrated_BAU;B_Optimised_VRE;C_Target_VRE","BENCHMARK_SUPPORTED","ACCEPTED_WS4_BASE_YEAR_PIN_2023_2026"
"PWR_MIN_PIN::TotalAnnualMinCapacityInvestment::GLOBAL::PWRBIOBGDXX::2026","TotalAnnualMinCapacityInvestment","[""REGION"",""TECHNOLOGY"",""YEAR""]","GLOBAL","PWRBIOBGDXX","PWR:BIO","BGD","2026","true","0.0011","POSITIVE","GW","GW","A_Calibrated_BAU;B_Optimised_VRE;C_Target_VRE","BENCHMARK_SUPPORTED","ACCEPTED_WS4_BASE_YEAR_PIN_2023_2026"
"PWR_MIN_PIN::TotalAnnualMinCapacityInvestment::GLOBAL::PWRBIOINDEA::2024","TotalAnnualMinCapacityInvestment","[""REGION"",""TECHNOLOGY"",""YEAR""]","GLOBAL","PWRBIOINDEA","PWR:BIO","IND","2024","true","0.035","POSITIVE","GW","GW","A_Calibrated_BAU;B_Optimised_VRE;C_Target_VRE","BENCHMARK_SUPPORTED","ACCEPTED_WS4_BASE_YEAR_PIN_2023_2026"
"PWR_MIN_PIN::TotalAnnualMinCapacityInvestment::GLOBAL::PWRBIOINDEA::2025","TotalAnnualMinCapacityInvestment","[""REGION"",""TECHNOLOGY"",""YEAR""]","GLOBAL","PWRBIOINDEA","PWR:BIO","IND","2025","true","0.0396","POSITIVE","GW","GW","A_Calibrated_BAU;B_Optimised_VRE;C_Target_VRE","BENCHMARK_SUPPORTED","ACCEPTED_WS4_BASE_YEAR_PIN_2023_2026"
"PWR_MIN_PIN::TotalAnnualMinCapacityInvestment::GLOBAL::PWRBIOINDEA::2026","TotalAnnualMinCapacityInvestment","[""REGION"",""TECHNOLOGY"",""YEAR""]","GLOBAL","PWRBIOINDEA","PWR:BIO","IND","2026","true","0.0405","POSITIVE","GW","GW","A_Calibrated_BAU;B_Optimised_VRE;C_Target_VRE","BENCHMARK_SUPPORTED","ACCEPTED_WS4_BASE_YEAR_PIN_2023_2026"
"PWR_MIN_PIN::TotalAnnualMinCapacityInvestment::GLOBAL::PWRCOABGDXX::2025","TotalAnnualMinCapacityInvestment","[""REGION"",""TECHNOLOGY"",""YEAR""]","GLOBAL","PWRCOABGDXX","PWR:COA","BGD","2025","true","1.3148","POSITIVE","GW","GW","A_Calibrated_BAU;B_Optimised_VRE;C_Target_VRE","BENCHMARK_SUPPORTED","ACCEPTED_WS4_BASE_YEAR_PIN_2023_2026"
"PWR_MIN_PIN::TotalAnnualMinCapacityInvestment::GLOBAL::PWRCOAINDEA::2025","TotalAnnualMinCapacityInvestment","[""REGION"",""TECHNOLOGY"",""YEAR""]","GLOBAL","PWRCOAINDEA","PWR:COA","IND","2025","true","0.6574","POSITIVE","GW","GW","A_Calibrated_BAU;B_Optimised_VRE;C_Target_VRE","BENCHMARK_SUPPORTED","ACCEPTED_WS4_BASE_YEAR_PIN_2023_2026"
"PWR_MIN_PIN::TotalAnnualMinCapacityInvestment::GLOBAL::PWRCOAINDEA::2026","TotalAnnualMinCapacityInvestment","[""REGION"",""TECHNOLOGY"",""YEAR""]","GLOBAL","PWRCOAINDEA","PWR:COA","IND","2026","true","2.251","POSITIVE","GW","GW","A_Calibrated_BAU;B_Optimised_VRE;C_Target_VRE","BENCHMARK_SUPPORTED","ACCEPTED_WS4_BASE_YEAR_PIN_2023_2026"
"PWR_MIN_PIN::TotalAnnualMinCapacityInvestment::GLOBAL::PWRHYDBGDXX::2024","TotalAnnualMinCapacityInvestment","[""REGION"",""TECHNOLOGY"",""YEAR""]","GLOBAL","PWRHYDBGDXX","PWR:HYD","BGD","2024","true","0.0171","POSITIVE","GW","GW","A_Calibrated_BAU;B_Optimised_VRE;C_Target_VRE","BENCHMARK_SUPPORTED","ACCEPTED_WS4_BASE_YEAR_PIN_2023_2026"
"PWR_MIN_PIN::TotalAnnualMinCapacityInvestment::GLOBAL::PWRHYDBGDXX::2025","TotalAnnualMinCapacityInvestment","[""REGION"",""TECHNOLOGY"",""YEAR""]","GLOBAL","PWRHYDBGDXX","PWR:HYD","BGD","2025","true","0.0182","POSITIVE","GW","GW","A_Calibrated_BAU;B_Optimised_VRE;C_Target_VRE","BENCHMARK_SUPPORTED","ACCEPTED_WS4_BASE_YEAR_PIN_2023_2026"
"PWR_MIN_PIN::TotalAnnualMinCapacityInvestment::GLOBAL::PWRHYDBGDXX::2026","TotalAnnualMinCapacityInvestment","[""REGION"",""TECHNOLOGY"",""YEAR""]","GLOBAL","PWRHYDBGDXX","PWR:HYD","BGD","2026","true","0.0193","POSITIVE","GW","GW","A_Calibrated_BAU;B_Optimised_VRE;C_Target_VRE","BENCHMARK_SUPPORTED","ACCEPTED_WS4_BASE_YEAR_PIN_2023_2026"
"PWR_MIN_PIN::TotalAnnualMinCapacityInvestment::GLOBAL::PWRHYDINDEA::2025","TotalAnnualMinCapacityInvestment","[""REGION"",""TECHNOLOGY"",""YEAR""]","GLOBAL","PWRHYDINDEA","PWR:HYD","IND","2025","true","0.0649","POSITIVE","GW","GW","A_Calibrated_BAU;B_Optimised_VRE;C_Target_VRE","BENCHMARK_SUPPORTED","ACCEPTED_WS4_BASE_YEAR_PIN_2023_2026"
"PWR_MIN_PIN::TotalAnnualMinCapacityInvestment::GLOBAL::PWRHYDINDEA::2026","TotalAnnualMinCapacityInvestment","[""REGION"",""TECHNOLOGY"",""YEAR""]","GLOBAL","PWRHYDINDEA","PWR:HYD","IND","2026","true","0.1188","POSITIVE","GW","GW","A_Calibrated_BAU;B_Optimised_VRE;C_Target_VRE","BENCHMARK_SUPPORTED","ACCEPTED_WS4_BASE_YEAR_PIN_2023_2026"
"PWR_MIN_PIN::TotalAnnualMinCapacityInvestment::GLOBAL::PWRNGSBGDXX::2025","TotalAnnualMinCapacityInvestment","[""REGION"",""TECHNOLOGY"",""YEAR""]","GLOBAL","PWRNGSBGDXX","PWR:NGS","BGD","2025","true","5.7768","POSITIVE","GW","GW","A_Calibrated_BAU;B_Optimised_VRE;C_Target_VRE","BENCHMARK_SUPPORTED","ACCEPTED_WS4_BASE_YEAR_PIN_2023_2026"
"PWR_MIN_PIN::TotalAnnualMinCapacityInvestment::GLOBAL::PWRNGSBGDXX::2026","TotalAnnualMinCapacityInvestment","[""REGION"",""TECHNOLOGY"",""YEAR""]","GLOBAL","PWRNGSBGDXX","PWR:NGS","BGD","2026","true","0.8629","POSITIVE","GW","GW","A_Calibrated_BAU;B_Optimised_VRE;C_Target_VRE","BENCHMARK_SUPPORTED","ACCEPTED_WS4_BASE_YEAR_PIN_2023_2026"
"PWR_MIN_PIN::TotalAnnualMinCapacityInvestment::GLOBAL::PWRNGSINDEA::2026","TotalAnnualMinCapacityInvestment","[""REGION"",""TECHNOLOGY"",""YEAR""]","GLOBAL","PWRNGSINDEA","PWR:NGS","IND","2026","true","0.007","POSITIVE","GW","GW","A_Calibrated_BAU;B_Optimised_VRE;C_Target_VRE","BENCHMARK_SUPPORTED","ACCEPTED_WS4_BASE_YEAR_PIN_2023_2026"
"PWR_MIN_PIN::TotalAnnualMinCapacityInvestment::GLOBAL::PWRSPVBGDXX::2024","TotalAnnualMinCapacityInvestment","[""REGION"",""TECHNOLOGY"",""YEAR""]","GLOBAL","PWRSPVBGDXX","PWR:SPV","BGD","2024","true","0.0429","POSITIVE","GW","GW","A_Calibrated_BAU;B_Optimised_VRE;C_Target_VRE","BENCHMARK_SUPPORTED","ACCEPTED_WS4_BASE_YEAR_PIN_2023_2026"
"PWR_MIN_PIN::TotalAnnualMinCapacityInvestment::GLOBAL::PWRSPVBGDXX::2025","TotalAnnualMinCapacityInvestment","[""REGION"",""TECHNOLOGY"",""YEAR""]","GLOBAL","PWRSPVBGDXX","PWR:SPV","BGD","2025","true","3.1158","POSITIVE","GW","GW","A_Calibrated_BAU;B_Optimised_VRE;C_Target_VRE","BENCHMARK_SUPPORTED","ACCEPTED_WS4_BASE_YEAR_PIN_2023_2026"
"PWR_MIN_PIN::TotalAnnualMinCapacityInvestment::GLOBAL::PWRSPVBGDXX::2026","TotalAnnualMinCapacityInvestment","[""REGION"",""TECHNOLOGY"",""YEAR""]","GLOBAL","PWRSPVBGDXX","PWR:SPV","BGD","2026","true","0.0488","POSITIVE","GW","GW","A_Calibrated_BAU;B_Optimised_VRE;C_Target_VRE","BENCHMARK_SUPPORTED","ACCEPTED_WS4_BASE_YEAR_PIN_2023_2026"
"PWR_MIN_PIN::TotalAnnualMinCapacityInvestment::GLOBAL::PWRSPVINDEA::2023","TotalAnnualMinCapacityInvestment","[""REGION"",""TECHNOLOGY"",""YEAR""]","GLOBAL","PWRSPVINDEA","PWR:SPV","IND","2023","true","0.0766","POSITIVE","GW","GW","A_Calibrated_BAU;B_Optimised_VRE;C_Target_VRE","BENCHMARK_SUPPORTED","ACCEPTED_WS4_BASE_YEAR_PIN_2023_2026"
"PWR_MIN_PIN::TotalAnnualMinCapacityInvestment::GLOBAL::PWRSPVINDEA::2024","TotalAnnualMinCapacityInvestment","[""REGION"",""TECHNOLOGY"",""YEAR""]","GLOBAL","PWRSPVINDEA","PWR:SPV","IND","2024","true","0.0634","POSITIVE","GW","GW","A_Calibrated_BAU;B_Optimised_VRE;C_Target_VRE","BENCHMARK_SUPPORTED","ACCEPTED_WS4_BASE_YEAR_PIN_2023_2026"
"PWR_MIN_PIN::TotalAnnualMinCapacityInvestment::GLOBAL::PWRSPVINDEA::2025","TotalAnnualMinCapacityInvestment","[""REGION"",""TECHNOLOGY"",""YEAR""]","GLOBAL","PWRSPVINDEA","PWR:SPV","IND","2025","true","0.3619","POSITIVE","GW","GW","A_Calibrated_BAU;B_Optimised_VRE;C_Target_VRE","BENCHMARK_SUPPORTED","ACCEPTED_WS4_BASE_YEAR_PIN_2023_2026"
"PWR_MIN_PIN::TotalAnnualMinCapacityInvestment::GLOBAL::PWRSPVINDEA::2026","TotalAnnualMinCapacityInvestment","[""REGION"",""TECHNOLOGY"",""YEAR""]","GLOBAL","PWRSPVINDEA","PWR:SPV","IND","2026","true","0.0735","POSITIVE","GW","GW","A_Calibrated_BAU;B_Optimised_VRE;C_Target_VRE","BENCHMARK_SUPPORTED","ACCEPTED_WS4_BASE_YEAR_PIN_2023_2026"
"PWR_MIN_PIN::TotalAnnualMinCapacityInvestment::GLOBAL::PWRURNBGDXX::2024","TotalAnnualMinCapacityInvestment","[""REGION"",""TECHNOLOGY"",""YEAR""]","GLOBAL","PWRURNBGDXX","PWR:URN","BGD","2024","true","1.1952","POSITIVE","GW","GW","A_Calibrated_BAU;B_Optimised_VRE;C_Target_VRE","BENCHMARK_SUPPORTED","ACCEPTED_WS4_BASE_YEAR_PIN_2023_2026"
"PWR_MIN_PIN::TotalAnnualMinCapacityInvestment::GLOBAL::PWRURNBGDXX::2025","TotalAnnualMinCapacityInvestment","[""REGION"",""TECHNOLOGY"",""YEAR""]","GLOBAL","PWRURNBGDXX","PWR:URN","BGD","2025","true","1.1952","POSITIVE","GW","GW","A_Calibrated_BAU;B_Optimised_VRE;C_Target_VRE","BENCHMARK_SUPPORTED","ACCEPTED_WS4_BASE_YEAR_PIN_2023_2026"
"PWR_MIN_PIN::TotalAnnualMinCapacityInvestment::GLOBAL::PWRWASINDEA::2024","TotalAnnualMinCapacityInvestment","[""REGION"",""TECHNOLOGY"",""YEAR""]","GLOBAL","PWRWASINDEA","PWR:WAS","IND","2024","true","0.0014","POSITIVE","GW","GW","A_Calibrated_BAU;B_Optimised_VRE;C_Target_VRE","BENCHMARK_SUPPORTED","ACCEPTED_WS4_BASE_YEAR_PIN_2023_2026"
"PWR_MIN_PIN::TotalAnnualMinCapacityInvestment::GLOBAL::PWRWASINDEA::2025","TotalAnnualMinCapacityInvestment","[""REGION"",""TECHNOLOGY"",""YEAR""]","GLOBAL","PWRWASINDEA","PWR:WAS","IND","2025","true","0.0014","POSITIVE","GW","GW","A_Calibrated_BAU;B_Optimised_VRE;C_Target_VRE","BENCHMARK_SUPPORTED","ACCEPTED_WS4_BASE_YEAR_PIN_2023_2026"
"PWR_MIN_PIN::TotalAnnualMinCapacityInvestment::GLOBAL::PWRWASINDEA::2026","TotalAnnualMinCapacityInvestment","[""REGION"",""TECHNOLOGY"",""YEAR""]","GLOBAL","PWRWASINDEA","PWR:WAS","IND","2026","true","0.0014","POSITIVE","GW","GW","A_Calibrated_BAU;B_Optimised_VRE;C_Target_VRE","BENCHMARK_SUPPORTED","ACCEPTED_WS4_BASE_YEAR_PIN_2023_2026"
"PWR_MIN_PIN::TotalAnnualMinCapacityInvestment::GLOBAL::PWRWONBGDXX::2024","TotalAnnualMinCapacityInvestment","[""REGION"",""TECHNOLOGY"",""YEAR""]","GLOBAL","PWRWONBGDXX","PWR:WON","BGD","2024","true","0.0054","POSITIVE","GW","GW","A_Calibrated_BAU;B_Optimised_VRE;C_Target_VRE","BENCHMARK_SUPPORTED","ACCEPTED_WS4_BASE_YEAR_PIN_2023_2026"
"PWR_MIN_PIN::TotalAnnualMinCapacityInvestment::GLOBAL::PWRWONBGDXX::2025","TotalAnnualMinCapacityInvestment","[""REGION"",""TECHNOLOGY"",""YEAR""]","GLOBAL","PWRWONBGDXX","PWR:WON","BGD","2025","true","0.0057","POSITIVE","GW","GW","A_Calibrated_BAU;B_Optimised_VRE;C_Target_VRE","BENCHMARK_SUPPORTED","ACCEPTED_WS4_BASE_YEAR_PIN_2023_2026"
"PWR_MIN_PIN::TotalAnnualMinCapacityInvestment::GLOBAL::PWRWONBGDXX::2026","TotalAnnualMinCapacityInvestment","[""REGION"",""TECHNOLOGY"",""YEAR""]","GLOBAL","PWRWONBGDXX","PWR:WON","BGD","2026","true","0.006","POSITIVE","GW","GW","A_Calibrated_BAU;B_Optimised_VRE;C_Target_VRE","BENCHMARK_SUPPORTED","ACCEPTED_WS4_BASE_YEAR_PIN_2023_2026"
"PWR_MIN_PIN::TotalTechnologyAnnualActivityLowerLimit::GLOBAL::PWRBIOBGDXX::2024","TotalTechnologyAnnualActivityLowerLimit","[""REGION"",""TECHNOLOGY"",""YEAR""]","GLOBAL","PWRBIOBGDXX","PWR:BIO","BGD","2024","true","0.0035","POSITIVE","PJ_per_year_activity","PJ_per_year","A_Calibrated_BAU;B_Optimised_VRE;C_Target_VRE","BENCHMARK_SUPPORTED","ACCEPTED_WS4_BASE_YEAR_PIN_2023_2026"
"PWR_MIN_PIN::TotalTechnologyAnnualActivityLowerLimit::GLOBAL::PWRBIOBGDXX::2025","TotalTechnologyAnnualActivityLowerLimit","[""REGION"",""TECHNOLOGY"",""YEAR""]","GLOBAL","PWRBIOBGDXX","PWR:BIO","BGD","2025","true","0.006","POSITIVE","PJ_per_year_activity","PJ_per_year","A_Calibrated_BAU;B_Optimised_VRE;C_Target_VRE","BENCHMARK_SUPPORTED","ACCEPTED_WS4_BASE_YEAR_PIN_2023_2026"
"PWR_MIN_PIN::TotalTechnologyAnnualActivityLowerLimit::GLOBAL::PWRBIOBGDXX::2026","TotalTechnologyAnnualActivityLowerLimit","[""REGION"",""TECHNOLOGY"",""YEAR""]","GLOBAL","PWRBIOBGDXX","PWR:BIO","BGD","2026","true","0.0086","POSITIVE","PJ_per_year_activity","PJ_per_year","A_Calibrated_BAU;B_Optimised_VRE;C_Target_VRE","BENCHMARK_SUPPORTED","ACCEPTED_WS4_BASE_YEAR_PIN_2023_2026"
"PWR_MIN_PIN::TotalTechnologyAnnualActivityLowerLimit::GLOBAL::PWRBIOINDEA::2024","TotalTechnologyAnnualActivityLowerLimit","[""REGION"",""TECHNOLOGY"",""YEAR""]","GLOBAL","PWRBIOINDEA","PWR:BIO","IND","2024","true","0.8603","POSITIVE","PJ_per_year_activity","PJ_per_year","A_Calibrated_BAU;B_Optimised_VRE;C_Target_VRE","BENCHMARK_SUPPORTED","ACCEPTED_WS4_BASE_YEAR_PIN_2023_2026"
"PWR_MIN_PIN::TotalTechnologyAnnualActivityLowerLimit::GLOBAL::PWRBIOINDEA::2025","TotalTechnologyAnnualActivityLowerLimit","[""REGION"",""TECHNOLOGY"",""YEAR""]","GLOBAL","PWRBIOINDEA","PWR:BIO","IND","2025","true","1.8366","POSITIVE","PJ_per_year_activity","PJ_per_year","A_Calibrated_BAU;B_Optimised_VRE;C_Target_VRE","BENCHMARK_SUPPORTED","ACCEPTED_WS4_BASE_YEAR_PIN_2023_2026"
"PWR_MIN_PIN::TotalTechnologyAnnualActivityLowerLimit::GLOBAL::PWRBIOINDEA::2026","TotalTechnologyAnnualActivityLowerLimit","[""REGION"",""TECHNOLOGY"",""YEAR""]","GLOBAL","PWRBIOINDEA","PWR:BIO","IND","2026","true","2.8357","POSITIVE","PJ_per_year_activity","PJ_per_year","A_Calibrated_BAU;B_Optimised_VRE;C_Target_VRE","BENCHMARK_SUPPORTED","ACCEPTED_WS4_BASE_YEAR_PIN_2023_2026"
"PWR_MIN_PIN::TotalTechnologyAnnualActivityLowerLimit::GLOBAL::PWRCOABGDXX::2023","TotalTechnologyAnnualActivityLowerLimit","[""REGION"",""TECHNOLOGY"",""YEAR""]","GLOBAL","PWRCOABGDXX","PWR:COA","BGD","2023","true","152.032","POSITIVE","PJ_per_year_activity","PJ_per_year","A_Calibrated_BAU;B_Optimised_VRE;C_Target_VRE","BENCHMARK_SUPPORTED","ACCEPTED_WS4_BASE_YEAR_PIN_2023_2026"
"PWR_MIN_PIN::TotalTechnologyAnnualActivityLowerLimit::GLOBAL::PWRCOABGDXX::2024","TotalTechnologyAnnualActivityLowerLimit","[""REGION"",""TECHNOLOGY"",""YEAR""]","GLOBAL","PWRCOABGDXX","PWR:COA","BGD","2024","true","152.032","POSITIVE","PJ_per_year_activity","PJ_per_year","A_Calibrated_BAU;B_Optimised_VRE;C_Target_VRE","BENCHMARK_SUPPORTED","ACCEPTED_WS4_BASE_YEAR_PIN_2023_2026"
"PWR_MIN_PIN::TotalTechnologyAnnualActivityLowerLimit::GLOBAL::PWRCOABGDXX::2025","TotalTechnologyAnnualActivityLowerLimit","[""REGION"",""TECHNOLOGY"",""YEAR""]","GLOBAL","PWRCOABGDXX","PWR:COA","BGD","2025","true","187.275","POSITIVE","PJ_per_year_activity","PJ_per_year","A_Calibrated_BAU;B_Optimised_VRE;C_Target_VRE","BENCHMARK_SUPPORTED","ACCEPTED_WS4_BASE_YEAR_PIN_2023_2026"
"PWR_MIN_PIN::TotalTechnologyAnnualActivityLowerLimit::GLOBAL::PWRCOABGDXX::2026","TotalTechnologyAnnualActivityLowerLimit","[""REGION"",""TECHNOLOGY"",""YEAR""]","GLOBAL","PWRCOABGDXX","PWR:COA","BGD","2026","true","187.275","POSITIVE","PJ_per_year_activity","PJ_per_year","A_Calibrated_BAU;B_Optimised_VRE;C_Target_VRE","BENCHMARK_SUPPORTED","ACCEPTED_WS4_BASE_YEAR_PIN_2023_2026"
"PWR_MIN_PIN::TotalTechnologyAnnualActivityLowerLimit::GLOBAL::PWRCOAINDEA::2023","TotalTechnologyAnnualActivityLowerLimit","[""REGION"",""TECHNOLOGY"",""YEAR""]","GLOBAL","PWRCOAINDEA","PWR:COA","IND","2023","true","856.005","POSITIVE","PJ_per_year_activity","PJ_per_year","A_Calibrated_BAU;B_Optimised_VRE;C_Target_VRE","BENCHMARK_SUPPORTED","ACCEPTED_WS4_BASE_YEAR_PIN_2023_2026"
"PWR_MIN_PIN::TotalTechnologyAnnualActivityLowerLimit::GLOBAL::PWRCOAINDEA::2024","TotalTechnologyAnnualActivityLowerLimit","[""REGION"",""TECHNOLOGY"",""YEAR""]","GLOBAL","PWRCOAINDEA","PWR:COA","IND","2024","true","1001.39","POSITIVE","PJ_per_year_activity","PJ_per_year","A_Calibrated_BAU;B_Optimised_VRE;C_Target_VRE","BENCHMARK_SUPPORTED","ACCEPTED_WS4_BASE_YEAR_PIN_2023_2026"
"PWR_MIN_PIN::TotalTechnologyAnnualActivityLowerLimit::GLOBAL::PWRCOAINDEA::2025","TotalTechnologyAnnualActivityLowerLimit","[""REGION"",""TECHNOLOGY"",""YEAR""]","GLOBAL","PWRCOAINDEA","PWR:COA","IND","2025","true","1019.22","POSITIVE","PJ_per_year_activity","PJ_per_year","A_Calibrated_BAU;B_Optimised_VRE;C_Target_VRE","BENCHMARK_SUPPORTED","ACCEPTED_WS4_BASE_YEAR_PIN_2023_2026"
"PWR_MIN_PIN::TotalTechnologyAnnualActivityLowerLimit::GLOBAL::PWRCOAINDEA::2026","TotalTechnologyAnnualActivityLowerLimit","[""REGION"",""TECHNOLOGY"",""YEAR""]","GLOBAL","PWRCOAINDEA","PWR:COA","IND","2026","true","1050.65","POSITIVE","PJ_per_year_activity","PJ_per_year","A_Calibrated_BAU;B_Optimised_VRE;C_Target_VRE","BENCHMARK_SUPPORTED","ACCEPTED_WS4_BASE_YEAR_PIN_2023_2026"
"PWR_MIN_PIN::TotalTechnologyAnnualActivityLowerLimit::GLOBAL::PWRHYDBGDXX::2023","TotalTechnologyAnnualActivityLowerLimit","[""REGION"",""TECHNOLOGY"",""YEAR""]","GLOBAL","PWRHYDBGDXX","PWR:HYD","BGD","2023","true","2.8316","POSITIVE","PJ_per_year_activity","PJ_per_year","A_Calibrated_BAU;B_Optimised_VRE;C_Target_VRE","BENCHMARK_SUPPORTED","ACCEPTED_WS4_BASE_YEAR_PIN_2023_2026"
"PWR_MIN_PIN::TotalTechnologyAnnualActivityLowerLimit::GLOBAL::PWRHYDBGDXX::2024","TotalTechnologyAnnualActivityLowerLimit","[""REGION"",""TECHNOLOGY"",""YEAR""]","GLOBAL","PWRHYDBGDXX","PWR:HYD","BGD","2024","true","3.0358","POSITIVE","PJ_per_year_activity","PJ_per_year","A_Calibrated_BAU;B_Optimised_VRE;C_Target_VRE","BENCHMARK_SUPPORTED","ACCEPTED_WS4_BASE_YEAR_PIN_2023_2026"
"PWR_MIN_PIN::TotalTechnologyAnnualActivityLowerLimit::GLOBAL::PWRHYDBGDXX::2025","TotalTechnologyAnnualActivityLowerLimit","[""REGION"",""TECHNOLOGY"",""YEAR""]","GLOBAL","PWRHYDBGDXX","PWR:HYD","BGD","2025","true","3.248","POSITIVE","PJ_per_year_activity","PJ_per_year","A_Calibrated_BAU;B_Optimised_VRE;C_Target_VRE","BENCHMARK_SUPPORTED","ACCEPTED_WS4_BASE_YEAR_PIN_2023_2026"
"PWR_MIN_PIN::TotalTechnologyAnnualActivityLowerLimit::GLOBAL::PWRHYDBGDXX::2026","TotalTechnologyAnnualActivityLowerLimit","[""REGION"",""TECHNOLOGY"",""YEAR""]","GLOBAL","PWRHYDBGDXX","PWR:HYD","BGD","2026","true","3.4737","POSITIVE","PJ_per_year_activity","PJ_per_year","A_Calibrated_BAU;B_Optimised_VRE;C_Target_VRE","BENCHMARK_SUPPORTED","ACCEPTED_WS4_BASE_YEAR_PIN_2023_2026"
"PWR_MIN_PIN::TotalTechnologyAnnualActivityLowerLimit::GLOBAL::PWRHYDINDEA::2023","TotalTechnologyAnnualActivityLowerLimit","[""REGION"",""TECHNOLOGY"",""YEAR""]","GLOBAL","PWRHYDINDEA","PWR:HYD","IND","2023","true","46.8493","POSITIVE","PJ_per_year_activity","PJ_per_year","A_Calibrated_BAU;B_Optimised_VRE;C_Target_VRE","BENCHMARK_SUPPORTED","ACCEPTED_WS4_BASE_YEAR_PIN_2023_2026"
"PWR_MIN_PIN::TotalTechnologyAnnualActivityLowerLimit::GLOBAL::PWRHYDINDEA::2024","TotalTechnologyAnnualActivityLowerLimit","[""REGION"",""TECHNOLOGY"",""YEAR""]","GLOBAL","PWRHYDINDEA","PWR:HYD","IND","2024","true","46.8493","POSITIVE","PJ_per_year_activity","PJ_per_year","A_Calibrated_BAU;B_Optimised_VRE;C_Target_VRE","BENCHMARK_SUPPORTED","ACCEPTED_WS4_BASE_YEAR_PIN_2023_2026"
"PWR_MIN_PIN::TotalTechnologyAnnualActivityLowerLimit::GLOBAL::PWRHYDINDEA::2025","TotalTechnologyAnnualActivityLowerLimit","[""REGION"",""TECHNOLOGY"",""YEAR""]","GLOBAL","PWRHYDINDEA","PWR:HYD","IND","2025","true","47.3579","POSITIVE","PJ_per_year_activity","PJ_per_year","A_Calibrated_BAU;B_Optimised_VRE;C_Target_VRE","BENCHMARK_SUPPORTED","ACCEPTED_WS4_BASE_YEAR_PIN_2023_2026"
"PWR_MIN_PIN::TotalTechnologyAnnualActivityLowerLimit::GLOBAL::PWRHYDINDEA::2026","TotalTechnologyAnnualActivityLowerLimit","[""REGION"",""TECHNOLOGY"",""YEAR""]","GLOBAL","PWRHYDINDEA","PWR:HYD","IND","2026","true","48.2889","POSITIVE","PJ_per_year_activity","PJ_per_year","A_Calibrated_BAU;B_Optimised_VRE;C_Target_VRE","BENCHMARK_SUPPORTED","ACCEPTED_WS4_BASE_YEAR_PIN_2023_2026"
"PWR_MIN_PIN::TotalTechnologyAnnualActivityLowerLimit::GLOBAL::PWRNGSBGDXX::2023","TotalTechnologyAnnualActivityLowerLimit","[""REGION"",""TECHNOLOGY"",""YEAR""]","GLOBAL","PWRNGSBGDXX","PWR:NGS","BGD","2023","true","111.588","POSITIVE","PJ_per_year_activity","PJ_per_year","A_Calibrated_BAU;B_Optimised_VRE;C_Target_VRE","BENCHMARK_SUPPORTED","ACCEPTED_WS4_BASE_YEAR_PIN_2023_2026"
"PWR_MIN_PIN::TotalTechnologyAnnualActivityLowerLimit::GLOBAL::PWRNGSBGDXX::2024","TotalTechnologyAnnualActivityLowerLimit","[""REGION"",""TECHNOLOGY"",""YEAR""]","GLOBAL","PWRNGSBGDXX","PWR:NGS","BGD","2024","true","21.3148","POSITIVE","PJ_per_year_activity","PJ_per_year","A_Calibrated_BAU;B_Optimised_VRE;C_Target_VRE","BENCHMARK_SUPPORTED","ACCEPTED_WS4_BASE_YEAR_PIN_2023_2026"
"PWR_MIN_PIN::TotalTechnologyAnnualActivityLowerLimit::GLOBAL::PWRNGSBGDXX::2025","TotalTechnologyAnnualActivityLowerLimit","[""REGION"",""TECHNOLOGY"",""YEAR""]","GLOBAL","PWRNGSBGDXX","PWR:NGS","BGD","2025","true","17.73","POSITIVE","PJ_per_year_activity","PJ_per_year","A_Calibrated_BAU;B_Optimised_VRE;C_Target_VRE","BENCHMARK_SUPPORTED","ACCEPTED_WS4_BASE_YEAR_PIN_2023_2026"
"PWR_MIN_PIN::TotalTechnologyAnnualActivityLowerLimit::GLOBAL::PWRNGSBGDXX::2026","TotalTechnologyAnnualActivityLowerLimit","[""REGION"",""TECHNOLOGY"",""YEAR""]","GLOBAL","PWRNGSBGDXX","PWR:NGS","BGD","2026","true","23.3931","POSITIVE","PJ_per_year_activity","PJ_per_year","A_Calibrated_BAU;B_Optimised_VRE;C_Target_VRE","BENCHMARK_SUPPORTED","ACCEPTED_WS4_BASE_YEAR_PIN_2023_2026"
"PWR_MIN_PIN::TotalTechnologyAnnualActivityLowerLimit::GLOBAL::PWRSHPINDEA::2023","TotalTechnologyAnnualActivityLowerLimit","[""REGION"",""TECHNOLOGY"",""YEAR""]","GLOBAL","PWRSHPINDEA","PWR:SHP","IND","2023","true","2.5512","POSITIVE","PJ_per_year_activity","PJ_per_year","A_Calibrated_BAU;B_Optimised_VRE;C_Target_VRE","BENCHMARK_SUPPORTED","ACCEPTED_WS4_BASE_YEAR_PIN_2023_2026"
"PWR_MIN_PIN::TotalTechnologyAnnualActivityLowerLimit::GLOBAL::PWRSHPINDEA::2024","TotalTechnologyAnnualActivityLowerLimit","[""REGION"",""TECHNOLOGY"",""YEAR""]","GLOBAL","PWRSHPINDEA","PWR:SHP","IND","2024","true","2.5512","POSITIVE","PJ_per_year_activity","PJ_per_year","A_Calibrated_BAU;B_Optimised_VRE;C_Target_VRE","BENCHMARK_SUPPORTED","ACCEPTED_WS4_BASE_YEAR_PIN_2023_2026"
"PWR_MIN_PIN::TotalTechnologyAnnualActivityLowerLimit::GLOBAL::PWRSHPINDEA::2025","TotalTechnologyAnnualActivityLowerLimit","[""REGION"",""TECHNOLOGY"",""YEAR""]","GLOBAL","PWRSHPINDEA","PWR:SHP","IND","2025","true","2.5512","POSITIVE","PJ_per_year_activity","PJ_per_year","A_Calibrated_BAU;B_Optimised_VRE;C_Target_VRE","BENCHMARK_SUPPORTED","ACCEPTED_WS4_BASE_YEAR_PIN_2023_2026"
"PWR_MIN_PIN::TotalTechnologyAnnualActivityLowerLimit::GLOBAL::PWRSHPINDEA::2026","TotalTechnologyAnnualActivityLowerLimit","[""REGION"",""TECHNOLOGY"",""YEAR""]","GLOBAL","PWRSHPINDEA","PWR:SHP","IND","2026","true","2.5512","POSITIVE","PJ_per_year_activity","PJ_per_year","A_Calibrated_BAU;B_Optimised_VRE;C_Target_VRE","BENCHMARK_SUPPORTED","ACCEPTED_WS4_BASE_YEAR_PIN_2023_2026"
"PWR_MIN_PIN::TotalTechnologyAnnualActivityLowerLimit::GLOBAL::PWRSPVBGDXX::2023","TotalTechnologyAnnualActivityLowerLimit","[""REGION"",""TECHNOLOGY"",""YEAR""]","GLOBAL","PWRSPVBGDXX","PWR:SPV","BGD","2023","true","3.1816","POSITIVE","PJ_per_year_activity","PJ_per_year","A_Calibrated_BAU;B_Optimised_VRE;C_Target_VRE","BENCHMARK_SUPPORTED","ACCEPTED_WS4_BASE_YEAR_PIN_2023_2026"
"PWR_MIN_PIN::TotalTechnologyAnnualActivityLowerLimit::GLOBAL::PWRSPVBGDXX::2024","TotalTechnologyAnnualActivityLowerLimit","[""REGION"",""TECHNOLOGY"",""YEAR""]","GLOBAL","PWRSPVBGDXX","PWR:SPV","BGD","2024","true","3.4093","POSITIVE","PJ_per_year_activity","PJ_per_year","A_Calibrated_BAU;B_Optimised_VRE;C_Target_VRE","BENCHMARK_SUPPORTED","ACCEPTED_WS4_BASE_YEAR_PIN_2023_2026"
"PWR_MIN_PIN::TotalTechnologyAnnualActivityLowerLimit::GLOBAL::PWRSPVBGDXX::2025","TotalTechnologyAnnualActivityLowerLimit","[""REGION"",""TECHNOLOGY"",""YEAR""]","GLOBAL","PWRSPVBGDXX","PWR:SPV","BGD","2025","true","19.9367","POSITIVE","PJ_per_year_activity","PJ_per_year","A_Calibrated_BAU;B_Optimised_VRE;C_Target_VRE","BENCHMARK_SUPPORTED","ACCEPTED_WS4_BASE_YEAR_PIN_2023_2026"
"PWR_MIN_PIN::TotalTechnologyAnnualActivityLowerLimit::GLOBAL::PWRSPVBGDXX::2026","TotalTechnologyAnnualActivityLowerLimit","[""REGION"",""TECHNOLOGY"",""YEAR""]","GLOBAL","PWRSPVBGDXX","PWR:SPV","BGD","2026","true","20.1925","POSITIVE","PJ_per_year_activity","PJ_per_year","A_Calibrated_BAU;B_Optimised_VRE;C_Target_VRE","BENCHMARK_SUPPORTED","ACCEPTED_WS4_BASE_YEAR_PIN_2023_2026"
"PWR_MIN_PIN::TotalTechnologyAnnualActivityLowerLimit::GLOBAL::PWRSPVINDEA::2023","TotalTechnologyAnnualActivityLowerLimit","[""REGION"",""TECHNOLOGY"",""YEAR""]","GLOBAL","PWRSPVINDEA","PWR:SPV","IND","2023","true","5.4226","POSITIVE","PJ_per_year_activity","PJ_per_year","A_Calibrated_BAU;B_Optimised_VRE;C_Target_VRE","BENCHMARK_SUPPORTED","ACCEPTED_WS4_BASE_YEAR_PIN_2023_2026"
"PWR_MIN_PIN::TotalTechnologyAnnualActivityLowerLimit::GLOBAL::PWRSPVINDEA::2024","TotalTechnologyAnnualActivityLowerLimit","[""REGION"",""TECHNOLOGY"",""YEAR""]","GLOBAL","PWRSPVINDEA","PWR:SPV","IND","2024","true","5.7527","POSITIVE","PJ_per_year_activity","PJ_per_year","A_Calibrated_BAU;B_Optimised_VRE;C_Target_VRE","BENCHMARK_SUPPORTED","ACCEPTED_WS4_BASE_YEAR_PIN_2023_2026"
"PWR_MIN_PIN::TotalTechnologyAnnualActivityLowerLimit::GLOBAL::PWRSPVINDEA::2025","TotalTechnologyAnnualActivityLowerLimit","[""REGION"",""TECHNOLOGY"",""YEAR""]","GLOBAL","PWRSPVINDEA","PWR:SPV","IND","2025","true","7.6369","POSITIVE","PJ_per_year_activity","PJ_per_year","A_Calibrated_BAU;B_Optimised_VRE;C_Target_VRE","BENCHMARK_SUPPORTED","ACCEPTED_WS4_BASE_YEAR_PIN_2023_2026"
"PWR_MIN_PIN::TotalTechnologyAnnualActivityLowerLimit::GLOBAL::PWRSPVINDEA::2026","TotalTechnologyAnnualActivityLowerLimit","[""REGION"",""TECHNOLOGY"",""YEAR""]","GLOBAL","PWRSPVINDEA","PWR:SPV","IND","2026","true","8.015","POSITIVE","PJ_per_year_activity","PJ_per_year","A_Calibrated_BAU;B_Optimised_VRE;C_Target_VRE","BENCHMARK_SUPPORTED","ACCEPTED_WS4_BASE_YEAR_PIN_2023_2026"
"PWR_MIN_PIN::TotalTechnologyAnnualActivityLowerLimit::GLOBAL::PWRURNBGDXX::2024","TotalTechnologyAnnualActivityLowerLimit","[""REGION"",""TECHNOLOGY"",""YEAR""]","GLOBAL","PWRURNBGDXX","PWR:URN","BGD","2024","true","33.9228","POSITIVE","PJ_per_year_activity","PJ_per_year","A_Calibrated_BAU;B_Optimised_VRE;C_Target_VRE","BENCHMARK_SUPPORTED","ACCEPTED_WS4_BASE_YEAR_PIN_2023_2026"
"PWR_MIN_PIN::TotalTechnologyAnnualActivityLowerLimit::GLOBAL::PWRURNBGDXX::2025","TotalTechnologyAnnualActivityLowerLimit","[""REGION"",""TECHNOLOGY"",""YEAR""]","GLOBAL","PWRURNBGDXX","PWR:URN","BGD","2025","true","67.8457","POSITIVE","PJ_per_year_activity","PJ_per_year","A_Calibrated_BAU;B_Optimised_VRE;C_Target_VRE","BENCHMARK_SUPPORTED","ACCEPTED_WS4_BASE_YEAR_PIN_2023_2026"
"PWR_MIN_PIN::TotalTechnologyAnnualActivityLowerLimit::GLOBAL::PWRURNBGDXX::2026","TotalTechnologyAnnualActivityLowerLimit","[""REGION"",""TECHNOLOGY"",""YEAR""]","GLOBAL","PWRURNBGDXX","PWR:URN","BGD","2026","true","67.8457","POSITIVE","PJ_per_year_activity","PJ_per_year","A_Calibrated_BAU;B_Optimised_VRE;C_Target_VRE","BENCHMARK_SUPPORTED","ACCEPTED_WS4_BASE_YEAR_PIN_2023_2026"
"PWR_MIN_PIN::TotalTechnologyAnnualActivityLowerLimit::GLOBAL::PWRWASINDEA::2024","TotalTechnologyAnnualActivityLowerLimit","[""REGION"",""TECHNOLOGY"",""YEAR""]","GLOBAL","PWRWASINDEA","PWR:WAS","IND","2024","true","0.0136","POSITIVE","PJ_per_year_activity","PJ_per_year","A_Calibrated_BAU;B_Optimised_VRE;C_Target_VRE","BENCHMARK_SUPPORTED","ACCEPTED_WS4_BASE_YEAR_PIN_2023_2026"
"PWR_MIN_PIN::TotalTechnologyAnnualActivityLowerLimit::GLOBAL::PWRWASINDEA::2025","TotalTechnologyAnnualActivityLowerLimit","[""REGION"",""TECHNOLOGY"",""YEAR""]","GLOBAL","PWRWASINDEA","PWR:WAS","IND","2025","true","0.0261","POSITIVE","PJ_per_year_activity","PJ_per_year","A_Calibrated_BAU;B_Optimised_VRE;C_Target_VRE","BENCHMARK_SUPPORTED","ACCEPTED_WS4_BASE_YEAR_PIN_2023_2026"
"PWR_MIN_PIN::TotalTechnologyAnnualActivityLowerLimit::GLOBAL::PWRWASINDEA::2026","TotalTechnologyAnnualActivityLowerLimit","[""REGION"",""TECHNOLOGY"",""YEAR""]","GLOBAL","PWRWASINDEA","PWR:WAS","IND","2026","true","0.0387","POSITIVE","PJ_per_year_activity","PJ_per_year","A_Calibrated_BAU;B_Optimised_VRE;C_Target_VRE","BENCHMARK_SUPPORTED","ACCEPTED_WS4_BASE_YEAR_PIN_2023_2026"
"PWR_MIN_PIN::TotalTechnologyAnnualActivityLowerLimit::GLOBAL::PWRWONBGDXX::2024","TotalTechnologyAnnualActivityLowerLimit","[""REGION"",""TECHNOLOGY"",""YEAR""]","GLOBAL","PWRWONBGDXX","PWR:WON","BGD","2024","true","0.0327","POSITIVE","PJ_per_year_activity","PJ_per_year","A_Calibrated_BAU;B_Optimised_VRE;C_Target_VRE","BENCHMARK_SUPPORTED","ACCEPTED_WS4_BASE_YEAR_PIN_2023_2026"
"PWR_MIN_PIN::TotalTechnologyAnnualActivityLowerLimit::GLOBAL::PWRWONBGDXX::2025","TotalTechnologyAnnualActivityLowerLimit","[""REGION"",""TECHNOLOGY"",""YEAR""]","GLOBAL","PWRWONBGDXX","PWR:WON","BGD","2025","true","0.0667","POSITIVE","PJ_per_year_activity","PJ_per_year","A_Calibrated_BAU;B_Optimised_VRE;C_Target_VRE","BENCHMARK_SUPPORTED","ACCEPTED_WS4_BASE_YEAR_PIN_2023_2026"
"PWR_MIN_PIN::TotalTechnologyAnnualActivityLowerLimit::GLOBAL::PWRWONBGDXX::2026","TotalTechnologyAnnualActivityLowerLimit","[""REGION"",""TECHNOLOGY"",""YEAR""]","GLOBAL","PWRWONBGDXX","PWR:WON","BGD","2026","true","0.1027","POSITIVE","PJ_per_year_activity","PJ_per_year","A_Calibrated_BAU;B_Optimised_VRE;C_Target_VRE","BENCHMARK_SUPPORTED","ACCEPTED_WS4_BASE_YEAR_PIN_2023_2026"
"PWR_MIN_PIN::TotalTechnologyAnnualActivityUpperLimit::GLOBAL::PWRBCKBGDXX::2023","TotalTechnologyAnnualActivityUpperLimit","[""REGION"",""TECHNOLOGY"",""YEAR""]","GLOBAL","PWRBCKBGDXX","PWR:BCK","BGD","2023","true","0","ZERO","PJ_per_year_activity","PJ_per_year","A_Calibrated_BAU;B_Optimised_VRE;C_Target_VRE","BENCHMARK_SUPPORTED","ACCEPTED_WS4_BASE_YEAR_PIN_2023_2026"
"PWR_MIN_PIN::TotalTechnologyAnnualActivityUpperLimit::GLOBAL::PWRBCKBGDXX::2024","TotalTechnologyAnnualActivityUpperLimit","[""REGION"",""TECHNOLOGY"",""YEAR""]","GLOBAL","PWRBCKBGDXX","PWR:BCK","BGD","2024","true","0","ZERO","PJ_per_year_activity","PJ_per_year","A_Calibrated_BAU;B_Optimised_VRE;C_Target_VRE","BENCHMARK_SUPPORTED","ACCEPTED_WS4_BASE_YEAR_PIN_2023_2026"
"PWR_MIN_PIN::TotalTechnologyAnnualActivityUpperLimit::GLOBAL::PWRBCKBGDXX::2025","TotalTechnologyAnnualActivityUpperLimit","[""REGION"",""TECHNOLOGY"",""YEAR""]","GLOBAL","PWRBCKBGDXX","PWR:BCK","BGD","2025","true","0","ZERO","PJ_per_year_activity","PJ_per_year","A_Calibrated_BAU;B_Optimised_VRE;C_Target_VRE","BENCHMARK_SUPPORTED","ACCEPTED_WS4_BASE_YEAR_PIN_2023_2026"
"PWR_MIN_PIN::TotalTechnologyAnnualActivityUpperLimit::GLOBAL::PWRBCKBGDXX::2026","TotalTechnologyAnnualActivityUpperLimit","[""REGION"",""TECHNOLOGY"",""YEAR""]","GLOBAL","PWRBCKBGDXX","PWR:BCK","BGD","2026","true","0","ZERO","PJ_per_year_activity","PJ_per_year","A_Calibrated_BAU;B_Optimised_VRE;C_Target_VRE","BENCHMARK_SUPPORTED","ACCEPTED_WS4_BASE_YEAR_PIN_2023_2026"
"PWR_MIN_PIN::TotalTechnologyAnnualActivityUpperLimit::GLOBAL::PWRBCKINDEA::2023","TotalTechnologyAnnualActivityUpperLimit","[""REGION"",""TECHNOLOGY"",""YEAR""]","GLOBAL","PWRBCKINDEA","PWR:BCK","IND","2023","true","0","ZERO","PJ_per_year_activity","PJ_per_year","A_Calibrated_BAU;B_Optimised_VRE;C_Target_VRE","BENCHMARK_SUPPORTED","ACCEPTED_WS4_BASE_YEAR_PIN_2023_2026"
"PWR_MIN_PIN::TotalTechnologyAnnualActivityUpperLimit::GLOBAL::PWRBCKINDEA::2024","TotalTechnologyAnnualActivityUpperLimit","[""REGION"",""TECHNOLOGY"",""YEAR""]","GLOBAL","PWRBCKINDEA","PWR:BCK","IND","2024","true","0","ZERO","PJ_per_year_activity","PJ_per_year","A_Calibrated_BAU;B_Optimised_VRE;C_Target_VRE","BENCHMARK_SUPPORTED","ACCEPTED_WS4_BASE_YEAR_PIN_2023_2026"
"PWR_MIN_PIN::TotalTechnologyAnnualActivityUpperLimit::GLOBAL::PWRBCKINDEA::2025","TotalTechnologyAnnualActivityUpperLimit","[""REGION"",""TECHNOLOGY"",""YEAR""]","GLOBAL","PWRBCKINDEA","PWR:BCK","IND","2025","true","0","ZERO","PJ_per_year_activity","PJ_per_year","A_Calibrated_BAU;B_Optimised_VRE;C_Target_VRE","BENCHMARK_SUPPORTED","ACCEPTED_WS4_BASE_YEAR_PIN_2023_2026"
"PWR_MIN_PIN::TotalTechnologyAnnualActivityUpperLimit::GLOBAL::PWRBCKINDEA::2026","TotalTechnologyAnnualActivityUpperLimit","[""REGION"",""TECHNOLOGY"",""YEAR""]","GLOBAL","PWRBCKINDEA","PWR:BCK","IND","2026","true","0","ZERO","PJ_per_year_activity","PJ_per_year","A_Calibrated_BAU;B_Optimised_VRE;C_Target_VRE","BENCHMARK_SUPPORTED","ACCEPTED_WS4_BASE_YEAR_PIN_2023_2026"
"PWR_MIN_PIN::TotalTechnologyAnnualActivityUpperLimit::GLOBAL::PWRBIOBGDXX::2023","TotalTechnologyAnnualActivityUpperLimit","[""REGION"",""TECHNOLOGY"",""YEAR""]","GLOBAL","PWRBIOBGDXX","PWR:BIO","BGD","2023","true","0","ZERO","PJ_per_year_activity","PJ_per_year","A_Calibrated_BAU;B_Optimised_VRE;C_Target_VRE","BENCHMARK_SUPPORTED","ACCEPTED_WS4_BASE_YEAR_PIN_2023_2026"
"PWR_MIN_PIN::TotalTechnologyAnnualActivityUpperLimit::GLOBAL::PWRBIOBGDXX::2024","TotalTechnologyAnnualActivityUpperLimit","[""REGION"",""TECHNOLOGY"",""YEAR""]","GLOBAL","PWRBIOBGDXX","PWR:BIO","BGD","2024","true","0.0035","POSITIVE","PJ_per_year_activity","PJ_per_year","A_Calibrated_BAU;B_Optimised_VRE;C_Target_VRE","BENCHMARK_SUPPORTED","ACCEPTED_WS4_BASE_YEAR_PIN_2023_2026"
"PWR_MIN_PIN::TotalTechnologyAnnualActivityUpperLimit::GLOBAL::PWRBIOBGDXX::2025","TotalTechnologyAnnualActivityUpperLimit","[""REGION"",""TECHNOLOGY"",""YEAR""]","GLOBAL","PWRBIOBGDXX","PWR:BIO","BGD","2025","true","0.006","POSITIVE","PJ_per_year_activity","PJ_per_year","A_Calibrated_BAU;B_Optimised_VRE;C_Target_VRE","BENCHMARK_SUPPORTED","ACCEPTED_WS4_BASE_YEAR_PIN_2023_2026"
"PWR_MIN_PIN::TotalTechnologyAnnualActivityUpperLimit::GLOBAL::PWRBIOBGDXX::2026","TotalTechnologyAnnualActivityUpperLimit","[""REGION"",""TECHNOLOGY"",""YEAR""]","GLOBAL","PWRBIOBGDXX","PWR:BIO","BGD","2026","true","0.0086","POSITIVE","PJ_per_year_activity","PJ_per_year","A_Calibrated_BAU;B_Optimised_VRE;C_Target_VRE","BENCHMARK_SUPPORTED","ACCEPTED_WS4_BASE_YEAR_PIN_2023_2026"
"PWR_MIN_PIN::TotalTechnologyAnnualActivityUpperLimit::GLOBAL::PWRBIOINDEA::2023","TotalTechnologyAnnualActivityUpperLimit","[""REGION"",""TECHNOLOGY"",""YEAR""]","GLOBAL","PWRBIOINDEA","PWR:BIO","IND","2023","true","0","ZERO","PJ_per_year_activity","PJ_per_year","A_Calibrated_BAU;B_Optimised_VRE;C_Target_VRE","BENCHMARK_SUPPORTED","ACCEPTED_WS4_BASE_YEAR_PIN_2023_2026"
"PWR_MIN_PIN::TotalTechnologyAnnualActivityUpperLimit::GLOBAL::PWRBIOINDEA::2024","TotalTechnologyAnnualActivityUpperLimit","[""REGION"",""TECHNOLOGY"",""YEAR""]","GLOBAL","PWRBIOINDEA","PWR:BIO","IND","2024","true","0.8637","POSITIVE","PJ_per_year_activity","PJ_per_year","A_Calibrated_BAU;B_Optimised_VRE;C_Target_VRE","BENCHMARK_SUPPORTED","ACCEPTED_WS4_BASE_YEAR_PIN_2023_2026"
"PWR_MIN_PIN::TotalTechnologyAnnualActivityUpperLimit::GLOBAL::PWRBIOINDEA::2025","TotalTechnologyAnnualActivityUpperLimit","[""REGION"",""TECHNOLOGY"",""YEAR""]","GLOBAL","PWRBIOINDEA","PWR:BIO","IND","2025","true","1.844","POSITIVE","PJ_per_year_activity","PJ_per_year","A_Calibrated_BAU;B_Optimised_VRE;C_Target_VRE","BENCHMARK_SUPPORTED","ACCEPTED_WS4_BASE_YEAR_PIN_2023_2026"
"PWR_MIN_PIN::TotalTechnologyAnnualActivityUpperLimit::GLOBAL::PWRBIOINDEA::2026","TotalTechnologyAnnualActivityUpperLimit","[""REGION"",""TECHNOLOGY"",""YEAR""]","GLOBAL","PWRBIOINDEA","PWR:BIO","IND","2026","true","2.8471","POSITIVE","PJ_per_year_activity","PJ_per_year","A_Calibrated_BAU;B_Optimised_VRE;C_Target_VRE","BENCHMARK_SUPPORTED","ACCEPTED_WS4_BASE_YEAR_PIN_2023_2026"
"PWR_MIN_PIN::TotalTechnologyAnnualActivityUpperLimit::GLOBAL::PWRCCSBGDXX::2023","TotalTechnologyAnnualActivityUpperLimit","[""REGION"",""TECHNOLOGY"",""YEAR""]","GLOBAL","PWRCCSBGDXX","PWR:CCS","BGD","2023","true","0","ZERO","PJ_per_year_activity","PJ_per_year","A_Calibrated_BAU;B_Optimised_VRE;C_Target_VRE","BENCHMARK_SUPPORTED","ACCEPTED_WS4_BASE_YEAR_PIN_2023_2026"
"PWR_MIN_PIN::TotalTechnologyAnnualActivityUpperLimit::GLOBAL::PWRCCSBGDXX::2024","TotalTechnologyAnnualActivityUpperLimit","[""REGION"",""TECHNOLOGY"",""YEAR""]","GLOBAL","PWRCCSBGDXX","PWR:CCS","BGD","2024","true","0","ZERO","PJ_per_year_activity","PJ_per_year","A_Calibrated_BAU;B_Optimised_VRE;C_Target_VRE","BENCHMARK_SUPPORTED","ACCEPTED_WS4_BASE_YEAR_PIN_2023_2026"
"PWR_MIN_PIN::TotalTechnologyAnnualActivityUpperLimit::GLOBAL::PWRCCSBGDXX::2025","TotalTechnologyAnnualActivityUpperLimit","[""REGION"",""TECHNOLOGY"",""YEAR""]","GLOBAL","PWRCCSBGDXX","PWR:CCS","BGD","2025","true","0","ZERO","PJ_per_year_activity","PJ_per_year","A_Calibrated_BAU;B_Optimised_VRE;C_Target_VRE","BENCHMARK_SUPPORTED","ACCEPTED_WS4_BASE_YEAR_PIN_2023_2026"
"PWR_MIN_PIN::TotalTechnologyAnnualActivityUpperLimit::GLOBAL::PWRCCSBGDXX::2026","TotalTechnologyAnnualActivityUpperLimit","[""REGION"",""TECHNOLOGY"",""YEAR""]","GLOBAL","PWRCCSBGDXX","PWR:CCS","BGD","2026","true","0","ZERO","PJ_per_year_activity","PJ_per_year","A_Calibrated_BAU;B_Optimised_VRE;C_Target_VRE","BENCHMARK_SUPPORTED","ACCEPTED_WS4_BASE_YEAR_PIN_2023_2026"
"PWR_MIN_PIN::TotalTechnologyAnnualActivityUpperLimit::GLOBAL::PWRCCSINDEA::2023","TotalTechnologyAnnualActivityUpperLimit","[""REGION"",""TECHNOLOGY"",""YEAR""]","GLOBAL","PWRCCSINDEA","PWR:CCS","IND","2023","true","0","ZERO","PJ_per_year_activity","PJ_per_year","A_Calibrated_BAU;B_Optimised_VRE;C_Target_VRE","BENCHMARK_SUPPORTED","ACCEPTED_WS4_BASE_YEAR_PIN_2023_2026"
"PWR_MIN_PIN::TotalTechnologyAnnualActivityUpperLimit::GLOBAL::PWRCCSINDEA::2024","TotalTechnologyAnnualActivityUpperLimit","[""REGION"",""TECHNOLOGY"",""YEAR""]","GLOBAL","PWRCCSINDEA","PWR:CCS","IND","2024","true","0","ZERO","PJ_per_year_activity","PJ_per_year","A_Calibrated_BAU;B_Optimised_VRE;C_Target_VRE","BENCHMARK_SUPPORTED","ACCEPTED_WS4_BASE_YEAR_PIN_2023_2026"
"PWR_MIN_PIN::TotalTechnologyAnnualActivityUpperLimit::GLOBAL::PWRCCSINDEA::2025","TotalTechnologyAnnualActivityUpperLimit","[""REGION"",""TECHNOLOGY"",""YEAR""]","GLOBAL","PWRCCSINDEA","PWR:CCS","IND","2025","true","0","ZERO","PJ_per_year_activity","PJ_per_year","A_Calibrated_BAU;B_Optimised_VRE;C_Target_VRE","BENCHMARK_SUPPORTED","ACCEPTED_WS4_BASE_YEAR_PIN_2023_2026"
"PWR_MIN_PIN::TotalTechnologyAnnualActivityUpperLimit::GLOBAL::PWRCCSINDEA::2026","TotalTechnologyAnnualActivityUpperLimit","[""REGION"",""TECHNOLOGY"",""YEAR""]","GLOBAL","PWRCCSINDEA","PWR:CCS","IND","2026","true","0","ZERO","PJ_per_year_activity","PJ_per_year","A_Calibrated_BAU;B_Optimised_VRE;C_Target_VRE","BENCHMARK_SUPPORTED","ACCEPTED_WS4_BASE_YEAR_PIN_2023_2026"
"PWR_MIN_PIN::TotalTechnologyAnnualActivityUpperLimit::GLOBAL::PWRCOABGDXX::2023","TotalTechnologyAnnualActivityUpperLimit","[""REGION"",""TECHNOLOGY"",""YEAR""]","GLOBAL","PWRCOABGDXX","PWR:COA","BGD","2023","true","152.641","POSITIVE","PJ_per_year_activity","PJ_per_year","A_Calibrated_BAU;B_Optimised_VRE;C_Target_VRE","BENCHMARK_SUPPORTED","ACCEPTED_WS4_BASE_YEAR_PIN_2023_2026"
"PWR_MIN_PIN::TotalTechnologyAnnualActivityUpperLimit::GLOBAL::PWRCOABGDXX::2024","TotalTechnologyAnnualActivityUpperLimit","[""REGION"",""TECHNOLOGY"",""YEAR""]","GLOBAL","PWRCOABGDXX","PWR:COA","BGD","2024","true","152.641","POSITIVE","PJ_per_year_activity","PJ_per_year","A_Calibrated_BAU;B_Optimised_VRE;C_Target_VRE","BENCHMARK_SUPPORTED","ACCEPTED_WS4_BASE_YEAR_PIN_2023_2026"
"PWR_MIN_PIN::TotalTechnologyAnnualActivityUpperLimit::GLOBAL::PWRCOABGDXX::2025","TotalTechnologyAnnualActivityUpperLimit","[""REGION"",""TECHNOLOGY"",""YEAR""]","GLOBAL","PWRCOABGDXX","PWR:COA","BGD","2025","true","188.026","POSITIVE","PJ_per_year_activity","PJ_per_year","A_Calibrated_BAU;B_Optimised_VRE;C_Target_VRE","BENCHMARK_SUPPORTED","ACCEPTED_WS4_BASE_YEAR_PIN_2023_2026"
"PWR_MIN_PIN::TotalTechnologyAnnualActivityUpperLimit::GLOBAL::PWRCOABGDXX::2026","TotalTechnologyAnnualActivityUpperLimit","[""REGION"",""TECHNOLOGY"",""YEAR""]","GLOBAL","PWRCOABGDXX","PWR:COA","BGD","2026","true","188.026","POSITIVE","PJ_per_year_activity","PJ_per_year","A_Calibrated_BAU;B_Optimised_VRE;C_Target_VRE","BENCHMARK_SUPPORTED","ACCEPTED_WS4_BASE_YEAR_PIN_2023_2026"
"PWR_MIN_PIN::TotalTechnologyAnnualActivityUpperLimit::GLOBAL::PWRCOAINDEA::2023","TotalTechnologyAnnualActivityUpperLimit","[""REGION"",""TECHNOLOGY"",""YEAR""]","GLOBAL","PWRCOAINDEA","PWR:COA","IND","2023","true","859.436","POSITIVE","PJ_per_year_activity","PJ_per_year","A_Calibrated_BAU;B_Optimised_VRE;C_Target_VRE","BENCHMARK_SUPPORTED","ACCEPTED_WS4_BASE_YEAR_PIN_2023_2026"
"PWR_MIN_PIN::TotalTechnologyAnnualActivityUpperLimit::GLOBAL::PWRCOAINDEA::2024","TotalTechnologyAnnualActivityUpperLimit","[""REGION"",""TECHNOLOGY"",""YEAR""]","GLOBAL","PWRCOAINDEA","PWR:COA","IND","2024","true","1005.4","POSITIVE","PJ_per_year_activity","PJ_per_year","A_Calibrated_BAU;B_Optimised_VRE;C_Target_VRE","BENCHMARK_SUPPORTED","ACCEPTED_WS4_BASE_YEAR_PIN_2023_2026"
"PWR_MIN_PIN::TotalTechnologyAnnualActivityUpperLimit::GLOBAL::PWRCOAINDEA::2025","TotalTechnologyAnnualActivityUpperLimit","[""REGION"",""TECHNOLOGY"",""YEAR""]","GLOBAL","PWRCOAINDEA","PWR:COA","IND","2025","true","1023.3","POSITIVE","PJ_per_year_activity","PJ_per_year","A_Calibrated_BAU;B_Optimised_VRE;C_Target_VRE","BENCHMARK_SUPPORTED","ACCEPTED_WS4_BASE_YEAR_PIN_2023_2026"
"PWR_MIN_PIN::TotalTechnologyAnnualActivityUpperLimit::GLOBAL::PWRCOAINDEA::2026","TotalTechnologyAnnualActivityUpperLimit","[""REGION"",""TECHNOLOGY"",""YEAR""]","GLOBAL","PWRCOAINDEA","PWR:COA","IND","2026","true","1054.86","POSITIVE","PJ_per_year_activity","PJ_per_year","A_Calibrated_BAU;B_Optimised_VRE;C_Target_VRE","BENCHMARK_SUPPORTED","ACCEPTED_WS4_BASE_YEAR_PIN_2023_2026"
"PWR_MIN_PIN::TotalTechnologyAnnualActivityUpperLimit::GLOBAL::PWRCOGBGDXX::2023","TotalTechnologyAnnualActivityUpperLimit","[""REGION"",""TECHNOLOGY"",""YEAR""]","GLOBAL","PWRCOGBGDXX","PWR:COG","BGD","2023","true","0","ZERO","PJ_per_year_activity","PJ_per_year","A_Calibrated_BAU;B_Optimised_VRE;C_Target_VRE","BENCHMARK_SUPPORTED","ACCEPTED_WS4_BASE_YEAR_PIN_2023_2026"
"PWR_MIN_PIN::TotalTechnologyAnnualActivityUpperLimit::GLOBAL::PWRCOGBGDXX::2024","TotalTechnologyAnnualActivityUpperLimit","[""REGION"",""TECHNOLOGY"",""YEAR""]","GLOBAL","PWRCOGBGDXX","PWR:COG","BGD","2024","true","0","ZERO","PJ_per_year_activity","PJ_per_year","A_Calibrated_BAU;B_Optimised_VRE;C_Target_VRE","BENCHMARK_SUPPORTED","ACCEPTED_WS4_BASE_YEAR_PIN_2023_2026"
"PWR_MIN_PIN::TotalTechnologyAnnualActivityUpperLimit::GLOBAL::PWRCOGBGDXX::2025","TotalTechnologyAnnualActivityUpperLimit","[""REGION"",""TECHNOLOGY"",""YEAR""]","GLOBAL","PWRCOGBGDXX","PWR:COG","BGD","2025","true","0","ZERO","PJ_per_year_activity","PJ_per_year","A_Calibrated_BAU;B_Optimised_VRE;C_Target_VRE","BENCHMARK_SUPPORTED","ACCEPTED_WS4_BASE_YEAR_PIN_2023_2026"
"PWR_MIN_PIN::TotalTechnologyAnnualActivityUpperLimit::GLOBAL::PWRCOGBGDXX::2026","TotalTechnologyAnnualActivityUpperLimit","[""REGION"",""TECHNOLOGY"",""YEAR""]","GLOBAL","PWRCOGBGDXX","PWR:COG","BGD","2026","true","0","ZERO","PJ_per_year_activity","PJ_per_year","A_Calibrated_BAU;B_Optimised_VRE;C_Target_VRE","BENCHMARK_SUPPORTED","ACCEPTED_WS4_BASE_YEAR_PIN_2023_2026"
"PWR_MIN_PIN::TotalTechnologyAnnualActivityUpperLimit::GLOBAL::PWRCOGINDEA::2023","TotalTechnologyAnnualActivityUpperLimit","[""REGION"",""TECHNOLOGY"",""YEAR""]","GLOBAL","PWRCOGINDEA","PWR:COG","IND","2023","true","0","ZERO","PJ_per_year_activity","PJ_per_year","A_Calibrated_BAU;B_Optimised_VRE;C_Target_VRE","BENCHMARK_SUPPORTED","ACCEPTED_WS4_BASE_YEAR_PIN_2023_2026"
"PWR_MIN_PIN::TotalTechnologyAnnualActivityUpperLimit::GLOBAL::PWRCOGINDEA::2024","TotalTechnologyAnnualActivityUpperLimit","[""REGION"",""TECHNOLOGY"",""YEAR""]","GLOBAL","PWRCOGINDEA","PWR:COG","IND","2024","true","0","ZERO","PJ_per_year_activity","PJ_per_year","A_Calibrated_BAU;B_Optimised_VRE;C_Target_VRE","BENCHMARK_SUPPORTED","ACCEPTED_WS4_BASE_YEAR_PIN_2023_2026"
"PWR_MIN_PIN::TotalTechnologyAnnualActivityUpperLimit::GLOBAL::PWRCOGINDEA::2025","TotalTechnologyAnnualActivityUpperLimit","[""REGION"",""TECHNOLOGY"",""YEAR""]","GLOBAL","PWRCOGINDEA","PWR:COG","IND","2025","true","0","ZERO","PJ_per_year_activity","PJ_per_year","A_Calibrated_BAU;B_Optimised_VRE;C_Target_VRE","BENCHMARK_SUPPORTED","ACCEPTED_WS4_BASE_YEAR_PIN_2023_2026"
"PWR_MIN_PIN::TotalTechnologyAnnualActivityUpperLimit::GLOBAL::PWRCOGINDEA::2026","TotalTechnologyAnnualActivityUpperLimit","[""REGION"",""TECHNOLOGY"",""YEAR""]","GLOBAL","PWRCOGINDEA","PWR:COG","IND","2026","true","0","ZERO","PJ_per_year_activity","PJ_per_year","A_Calibrated_BAU;B_Optimised_VRE;C_Target_VRE","BENCHMARK_SUPPORTED","ACCEPTED_WS4_BASE_YEAR_PIN_2023_2026"
"PWR_MIN_PIN::TotalTechnologyAnnualActivityUpperLimit::GLOBAL::PWRCSPINDEA::2023","TotalTechnologyAnnualActivityUpperLimit","[""REGION"",""TECHNOLOGY"",""YEAR""]","GLOBAL","PWRCSPINDEA","PWR:CSP","IND","2023","true","0","ZERO","PJ_per_year_activity","PJ_per_year","A_Calibrated_BAU;B_Optimised_VRE;C_Target_VRE","BENCHMARK_SUPPORTED","ACCEPTED_WS4_BASE_YEAR_PIN_2023_2026"
"PWR_MIN_PIN::TotalTechnologyAnnualActivityUpperLimit::GLOBAL::PWRCSPINDEA::2024","TotalTechnologyAnnualActivityUpperLimit","[""REGION"",""TECHNOLOGY"",""YEAR""]","GLOBAL","PWRCSPINDEA","PWR:CSP","IND","2024","true","0","ZERO","PJ_per_year_activity","PJ_per_year","A_Calibrated_BAU;B_Optimised_VRE;C_Target_VRE","BENCHMARK_SUPPORTED","ACCEPTED_WS4_BASE_YEAR_PIN_2023_2026"
"PWR_MIN_PIN::TotalTechnologyAnnualActivityUpperLimit::GLOBAL::PWRCSPINDEA::2025","TotalTechnologyAnnualActivityUpperLimit","[""REGION"",""TECHNOLOGY"",""YEAR""]","GLOBAL","PWRCSPINDEA","PWR:CSP","IND","2025","true","0","ZERO","PJ_per_year_activity","PJ_per_year","A_Calibrated_BAU;B_Optimised_VRE;C_Target_VRE","BENCHMARK_SUPPORTED","ACCEPTED_WS4_BASE_YEAR_PIN_2023_2026"
"PWR_MIN_PIN::TotalTechnologyAnnualActivityUpperLimit::GLOBAL::PWRCSPINDEA::2026","TotalTechnologyAnnualActivityUpperLimit","[""REGION"",""TECHNOLOGY"",""YEAR""]","GLOBAL","PWRCSPINDEA","PWR:CSP","IND","2026","true","0","ZERO","PJ_per_year_activity","PJ_per_year","A_Calibrated_BAU;B_Optimised_VRE;C_Target_VRE","BENCHMARK_SUPPORTED","ACCEPTED_WS4_BASE_YEAR_PIN_2023_2026"
"PWR_MIN_PIN::TotalTechnologyAnnualActivityUpperLimit::GLOBAL::PWRHYDBGDXX::2023","TotalTechnologyAnnualActivityUpperLimit","[""REGION"",""TECHNOLOGY"",""YEAR""]","GLOBAL","PWRHYDBGDXX","PWR:HYD","BGD","2023","true","2.8429","POSITIVE","PJ_per_year_activity","PJ_per_year","A_Calibrated_BAU;B_Optimised_VRE;C_Target_VRE","BENCHMARK_SUPPORTED","ACCEPTED_WS4_BASE_YEAR_PIN_2023_2026"
"PWR_MIN_PIN::TotalTechnologyAnnualActivityUpperLimit::GLOBAL::PWRHYDBGDXX::2024","TotalTechnologyAnnualActivityUpperLimit","[""REGION"",""TECHNOLOGY"",""YEAR""]","GLOBAL","PWRHYDBGDXX","PWR:HYD","BGD","2024","true","3.048","POSITIVE","PJ_per_year_activity","PJ_per_year","A_Calibrated_BAU;B_Optimised_VRE;C_Target_VRE","BENCHMARK_SUPPORTED","ACCEPTED_WS4_BASE_YEAR_PIN_2023_2026"
"PWR_MIN_PIN::TotalTechnologyAnnualActivityUpperLimit::GLOBAL::PWRHYDBGDXX::2025","TotalTechnologyAnnualActivityUpperLimit","[""REGION"",""TECHNOLOGY"",""YEAR""]","GLOBAL","PWRHYDBGDXX","PWR:HYD","BGD","2025","true","3.261","POSITIVE","PJ_per_year_activity","PJ_per_year","A_Calibrated_BAU;B_Optimised_VRE;C_Target_VRE","BENCHMARK_SUPPORTED","ACCEPTED_WS4_BASE_YEAR_PIN_2023_2026"
"PWR_MIN_PIN::TotalTechnologyAnnualActivityUpperLimit::GLOBAL::PWRHYDBGDXX::2026","TotalTechnologyAnnualActivityUpperLimit","[""REGION"",""TECHNOLOGY"",""YEAR""]","GLOBAL","PWRHYDBGDXX","PWR:HYD","BGD","2026","true","3.4877","POSITIVE","PJ_per_year_activity","PJ_per_year","A_Calibrated_BAU;B_Optimised_VRE;C_Target_VRE","BENCHMARK_SUPPORTED","ACCEPTED_WS4_BASE_YEAR_PIN_2023_2026"
"PWR_MIN_PIN::TotalTechnologyAnnualActivityUpperLimit::GLOBAL::PWRHYDINDEA::2023","TotalTechnologyAnnualActivityUpperLimit","[""REGION"",""TECHNOLOGY"",""YEAR""]","GLOBAL","PWRHYDINDEA","PWR:HYD","IND","2023","true","47.0371","POSITIVE","PJ_per_year_activity","PJ_per_year","A_Calibrated_BAU;B_Optimised_VRE;C_Target_VRE","BENCHMARK_SUPPORTED","ACCEPTED_WS4_BASE_YEAR_PIN_2023_2026"
"PWR_MIN_PIN::TotalTechnologyAnnualActivityUpperLimit::GLOBAL::PWRHYDINDEA::2024","TotalTechnologyAnnualActivityUpperLimit","[""REGION"",""TECHNOLOGY"",""YEAR""]","GLOBAL","PWRHYDINDEA","PWR:HYD","IND","2024","true","47.0371","POSITIVE","PJ_per_year_activity","PJ_per_year","A_Calibrated_BAU;B_Optimised_VRE;C_Target_VRE","BENCHMARK_SUPPORTED","ACCEPTED_WS4_BASE_YEAR_PIN_2023_2026"
"PWR_MIN_PIN::TotalTechnologyAnnualActivityUpperLimit::GLOBAL::PWRHYDINDEA::2025","TotalTechnologyAnnualActivityUpperLimit","[""REGION"",""TECHNOLOGY"",""YEAR""]","GLOBAL","PWRHYDINDEA","PWR:HYD","IND","2025","true","47.5477","POSITIVE","PJ_per_year_activity","PJ_per_year","A_Calibrated_BAU;B_Optimised_VRE;C_Target_VRE","BENCHMARK_SUPPORTED","ACCEPTED_WS4_BASE_YEAR_PIN_2023_2026"
"PWR_MIN_PIN::TotalTechnologyAnnualActivityUpperLimit::GLOBAL::PWRHYDINDEA::2026","TotalTechnologyAnnualActivityUpperLimit","[""REGION"",""TECHNOLOGY"",""YEAR""]","GLOBAL","PWRHYDINDEA","PWR:HYD","IND","2026","true","48.4825","POSITIVE","PJ_per_year_activity","PJ_per_year","A_Calibrated_BAU;B_Optimised_VRE;C_Target_VRE","BENCHMARK_SUPPORTED","ACCEPTED_WS4_BASE_YEAR_PIN_2023_2026"
"PWR_MIN_PIN::TotalTechnologyAnnualActivityUpperLimit::GLOBAL::PWRLDSBGDXX::2023","TotalTechnologyAnnualActivityUpperLimit","[""REGION"",""TECHNOLOGY"",""YEAR""]","GLOBAL","PWRLDSBGDXX","PWR:LDS","BGD","2023","true","0","ZERO","PJ_per_year_activity","PJ_per_year","A_Calibrated_BAU;B_Optimised_VRE;C_Target_VRE","BENCHMARK_SUPPORTED","ACCEPTED_WS4_BASE_YEAR_PIN_2023_2026"
"PWR_MIN_PIN::TotalTechnologyAnnualActivityUpperLimit::GLOBAL::PWRLDSBGDXX::2024","TotalTechnologyAnnualActivityUpperLimit","[""REGION"",""TECHNOLOGY"",""YEAR""]","GLOBAL","PWRLDSBGDXX","PWR:LDS","BGD","2024","true","0","ZERO","PJ_per_year_activity","PJ_per_year","A_Calibrated_BAU;B_Optimised_VRE;C_Target_VRE","BENCHMARK_SUPPORTED","ACCEPTED_WS4_BASE_YEAR_PIN_2023_2026"
"PWR_MIN_PIN::TotalTechnologyAnnualActivityUpperLimit::GLOBAL::PWRLDSBGDXX::2025","TotalTechnologyAnnualActivityUpperLimit","[""REGION"",""TECHNOLOGY"",""YEAR""]","GLOBAL","PWRLDSBGDXX","PWR:LDS","BGD","2025","true","0","ZERO","PJ_per_year_activity","PJ_per_year","A_Calibrated_BAU;B_Optimised_VRE;C_Target_VRE","BENCHMARK_SUPPORTED","ACCEPTED_WS4_BASE_YEAR_PIN_2023_2026"
"PWR_MIN_PIN::TotalTechnologyAnnualActivityUpperLimit::GLOBAL::PWRLDSBGDXX::2026","TotalTechnologyAnnualActivityUpperLimit","[""REGION"",""TECHNOLOGY"",""YEAR""]","GLOBAL","PWRLDSBGDXX","PWR:LDS","BGD","2026","true","0","ZERO","PJ_per_year_activity","PJ_per_year","A_Calibrated_BAU;B_Optimised_VRE;C_Target_VRE","BENCHMARK_SUPPORTED","ACCEPTED_WS4_BASE_YEAR_PIN_2023_2026"
"PWR_MIN_PIN::TotalTechnologyAnnualActivityUpperLimit::GLOBAL::PWRLDSINDEA::2023","TotalTechnologyAnnualActivityUpperLimit","[""REGION"",""TECHNOLOGY"",""YEAR""]","GLOBAL","PWRLDSINDEA","PWR:LDS","IND","2023","true","0","ZERO","PJ_per_year_activity","PJ_per_year","A_Calibrated_BAU;B_Optimised_VRE;C_Target_VRE","BENCHMARK_SUPPORTED","ACCEPTED_WS4_BASE_YEAR_PIN_2023_2026"
"PWR_MIN_PIN::TotalTechnologyAnnualActivityUpperLimit::GLOBAL::PWRLDSINDEA::2024","TotalTechnologyAnnualActivityUpperLimit","[""REGION"",""TECHNOLOGY"",""YEAR""]","GLOBAL","PWRLDSINDEA","PWR:LDS","IND","2024","true","0","ZERO","PJ_per_year_activity","PJ_per_year","A_Calibrated_BAU;B_Optimised_VRE;C_Target_VRE","BENCHMARK_SUPPORTED","ACCEPTED_WS4_BASE_YEAR_PIN_2023_2026"
"PWR_MIN_PIN::TotalTechnologyAnnualActivityUpperLimit::GLOBAL::PWRLDSINDEA::2025","TotalTechnologyAnnualActivityUpperLimit","[""REGION"",""TECHNOLOGY"",""YEAR""]","GLOBAL","PWRLDSINDEA","PWR:LDS","IND","2025","true","0","ZERO","PJ_per_year_activity","PJ_per_year","A_Calibrated_BAU;B_Optimised_VRE;C_Target_VRE","BENCHMARK_SUPPORTED","ACCEPTED_WS4_BASE_YEAR_PIN_2023_2026"
"PWR_MIN_PIN::TotalTechnologyAnnualActivityUpperLimit::GLOBAL::PWRLDSINDEA::2026","TotalTechnologyAnnualActivityUpperLimit","[""REGION"",""TECHNOLOGY"",""YEAR""]","GLOBAL","PWRLDSINDEA","PWR:LDS","IND","2026","true","0","ZERO","PJ_per_year_activity","PJ_per_year","A_Calibrated_BAU;B_Optimised_VRE;C_Target_VRE","BENCHMARK_SUPPORTED","ACCEPTED_WS4_BASE_YEAR_PIN_2023_2026"
"PWR_MIN_PIN::TotalTechnologyAnnualActivityUpperLimit::GLOBAL::PWRNGSBGDXX::2023","TotalTechnologyAnnualActivityUpperLimit","[""REGION"",""TECHNOLOGY"",""YEAR""]","GLOBAL","PWRNGSBGDXX","PWR:NGS","BGD","2023","true","112.035","POSITIVE","PJ_per_year_activity","PJ_per_year","A_Calibrated_BAU;B_Optimised_VRE;C_Target_VRE","BENCHMARK_SUPPORTED","ACCEPTED_WS4_BASE_YEAR_PIN_2023_2026"
"PWR_MIN_PIN::TotalTechnologyAnnualActivityUpperLimit::GLOBAL::PWRNGSBGDXX::2024","TotalTechnologyAnnualActivityUpperLimit","[""REGION"",""TECHNOLOGY"",""YEAR""]","GLOBAL","PWRNGSBGDXX","PWR:NGS","BGD","2024","true","21.4003","POSITIVE","PJ_per_year_activity","PJ_per_year","A_Calibrated_BAU;B_Optimised_VRE;C_Target_VRE","BENCHMARK_SUPPORTED","ACCEPTED_WS4_BASE_YEAR_PIN_2023_2026"
"PWR_MIN_PIN::TotalTechnologyAnnualActivityUpperLimit::GLOBAL::PWRNGSBGDXX::2025","TotalTechnologyAnnualActivityUpperLimit","[""REGION"",""TECHNOLOGY"",""YEAR""]","GLOBAL","PWRNGSBGDXX","PWR:NGS","BGD","2025","true","17.8011","POSITIVE","PJ_per_year_activity","PJ_per_year","A_Calibrated_BAU;B_Optimised_VRE;C_Target_VRE","BENCHMARK_SUPPORTED","ACCEPTED_WS4_BASE_YEAR_PIN_2023_2026"
"PWR_MIN_PIN::TotalTechnologyAnnualActivityUpperLimit::GLOBAL::PWRNGSBGDXX::2026","TotalTechnologyAnnualActivityUpperLimit","[""REGION"",""TECHNOLOGY"",""YEAR""]","GLOBAL","PWRNGSBGDXX","PWR:NGS","BGD","2026","true","23.4868","POSITIVE","PJ_per_year_activity","PJ_per_year","A_Calibrated_BAU;B_Optimised_VRE;C_Target_VRE","BENCHMARK_SUPPORTED","ACCEPTED_WS4_BASE_YEAR_PIN_2023_2026"
"PWR_MIN_PIN::TotalTechnologyAnnualActivityUpperLimit::GLOBAL::PWRNGSINDEA::2023","TotalTechnologyAnnualActivityUpperLimit","[""REGION"",""TECHNOLOGY"",""YEAR""]","GLOBAL","PWRNGSINDEA","PWR:NGS","IND","2023","true","0","ZERO","PJ_per_year_activity","PJ_per_year","A_Calibrated_BAU;B_Optimised_VRE;C_Target_VRE","BENCHMARK_SUPPORTED","ACCEPTED_WS4_BASE_YEAR_PIN_2023_2026"
"PWR_MIN_PIN::TotalTechnologyAnnualActivityUpperLimit::GLOBAL::PWRNGSINDEA::2024","TotalTechnologyAnnualActivityUpperLimit","[""REGION"",""TECHNOLOGY"",""YEAR""]","GLOBAL","PWRNGSINDEA","PWR:NGS","IND","2024","true","0","ZERO","PJ_per_year_activity","PJ_per_year","A_Calibrated_BAU;B_Optimised_VRE;C_Target_VRE","BENCHMARK_SUPPORTED","ACCEPTED_WS4_BASE_YEAR_PIN_2023_2026"
"PWR_MIN_PIN::TotalTechnologyAnnualActivityUpperLimit::GLOBAL::PWRNGSINDEA::2025","TotalTechnologyAnnualActivityUpperLimit","[""REGION"",""TECHNOLOGY"",""YEAR""]","GLOBAL","PWRNGSINDEA","PWR:NGS","IND","2025","true","0","ZERO","PJ_per_year_activity","PJ_per_year","A_Calibrated_BAU;B_Optimised_VRE;C_Target_VRE","BENCHMARK_SUPPORTED","ACCEPTED_WS4_BASE_YEAR_PIN_2023_2026"
"PWR_MIN_PIN::TotalTechnologyAnnualActivityUpperLimit::GLOBAL::PWRNGSINDEA::2026","TotalTechnologyAnnualActivityUpperLimit","[""REGION"",""TECHNOLOGY"",""YEAR""]","GLOBAL","PWRNGSINDEA","PWR:NGS","IND","2026","true","0","ZERO","PJ_per_year_activity","PJ_per_year","A_Calibrated_BAU;B_Optimised_VRE;C_Target_VRE","BENCHMARK_SUPPORTED","ACCEPTED_WS4_BASE_YEAR_PIN_2023_2026"
"PWR_MIN_PIN::TotalTechnologyAnnualActivityUpperLimit::GLOBAL::PWROILBGDXX::2023","TotalTechnologyAnnualActivityUpperLimit","[""REGION"",""TECHNOLOGY"",""YEAR""]","GLOBAL","PWROILBGDXX","PWR:OIL","BGD","2023","true","0","ZERO","PJ_per_year_activity","PJ_per_year","A_Calibrated_BAU;B_Optimised_VRE;C_Target_VRE","BENCHMARK_SUPPORTED","ACCEPTED_WS4_BASE_YEAR_PIN_2023_2026"
"PWR_MIN_PIN::TotalTechnologyAnnualActivityUpperLimit::GLOBAL::PWROILBGDXX::2024","TotalTechnologyAnnualActivityUpperLimit","[""REGION"",""TECHNOLOGY"",""YEAR""]","GLOBAL","PWROILBGDXX","PWR:OIL","BGD","2024","true","0","ZERO","PJ_per_year_activity","PJ_per_year","A_Calibrated_BAU;B_Optimised_VRE;C_Target_VRE","BENCHMARK_SUPPORTED","ACCEPTED_WS4_BASE_YEAR_PIN_2023_2026"
"PWR_MIN_PIN::TotalTechnologyAnnualActivityUpperLimit::GLOBAL::PWROILBGDXX::2025","TotalTechnologyAnnualActivityUpperLimit","[""REGION"",""TECHNOLOGY"",""YEAR""]","GLOBAL","PWROILBGDXX","PWR:OIL","BGD","2025","true","0","ZERO","PJ_per_year_activity","PJ_per_year","A_Calibrated_BAU;B_Optimised_VRE;C_Target_VRE","BENCHMARK_SUPPORTED","ACCEPTED_WS4_BASE_YEAR_PIN_2023_2026"
"PWR_MIN_PIN::TotalTechnologyAnnualActivityUpperLimit::GLOBAL::PWROILBGDXX::2026","TotalTechnologyAnnualActivityUpperLimit","[""REGION"",""TECHNOLOGY"",""YEAR""]","GLOBAL","PWROILBGDXX","PWR:OIL","BGD","2026","true","0","ZERO","PJ_per_year_activity","PJ_per_year","A_Calibrated_BAU;B_Optimised_VRE;C_Target_VRE","BENCHMARK_SUPPORTED","ACCEPTED_WS4_BASE_YEAR_PIN_2023_2026"
"PWR_MIN_PIN::TotalTechnologyAnnualActivityUpperLimit::GLOBAL::PWROILINDEA::2023","TotalTechnologyAnnualActivityUpperLimit","[""REGION"",""TECHNOLOGY"",""YEAR""]","GLOBAL","PWROILINDEA","PWR:OIL","IND","2023","true","0","ZERO","PJ_per_year_activity","PJ_per_year","A_Calibrated_BAU;B_Optimised_VRE;C_Target_VRE","BENCHMARK_SUPPORTED","ACCEPTED_WS4_BASE_YEAR_PIN_2023_2026"
"PWR_MIN_PIN::TotalTechnologyAnnualActivityUpperLimit::GLOBAL::PWROILINDEA::2024","TotalTechnologyAnnualActivityUpperLimit","[""REGION"",""TECHNOLOGY"",""YEAR""]","GLOBAL","PWROILINDEA","PWR:OIL","IND","2024","true","0","ZERO","PJ_per_year_activity","PJ_per_year","A_Calibrated_BAU;B_Optimised_VRE;C_Target_VRE","BENCHMARK_SUPPORTED","ACCEPTED_WS4_BASE_YEAR_PIN_2023_2026"
"PWR_MIN_PIN::TotalTechnologyAnnualActivityUpperLimit::GLOBAL::PWROILINDEA::2025","TotalTechnologyAnnualActivityUpperLimit","[""REGION"",""TECHNOLOGY"",""YEAR""]","GLOBAL","PWROILINDEA","PWR:OIL","IND","2025","true","0","ZERO","PJ_per_year_activity","PJ_per_year","A_Calibrated_BAU;B_Optimised_VRE;C_Target_VRE","BENCHMARK_SUPPORTED","ACCEPTED_WS4_BASE_YEAR_PIN_2023_2026"
"PWR_MIN_PIN::TotalTechnologyAnnualActivityUpperLimit::GLOBAL::PWROILINDEA::2026","TotalTechnologyAnnualActivityUpperLimit","[""REGION"",""TECHNOLOGY"",""YEAR""]","GLOBAL","PWROILINDEA","PWR:OIL","IND","2026","true","0","ZERO","PJ_per_year_activity","PJ_per_year","A_Calibrated_BAU;B_Optimised_VRE;C_Target_VRE","BENCHMARK_SUPPORTED","ACCEPTED_WS4_BASE_YEAR_PIN_2023_2026"
"PWR_MIN_PIN::TotalTechnologyAnnualActivityUpperLimit::GLOBAL::PWROTHBGDXX::2023","TotalTechnologyAnnualActivityUpperLimit","[""REGION"",""TECHNOLOGY"",""YEAR""]","GLOBAL","PWROTHBGDXX","PWR:OTH","BGD","2023","true","0","ZERO","PJ_per_year_activity","PJ_per_year","A_Calibrated_BAU;B_Optimised_VRE;C_Target_VRE","BENCHMARK_SUPPORTED","ACCEPTED_WS4_BASE_YEAR_PIN_2023_2026"
"PWR_MIN_PIN::TotalTechnologyAnnualActivityUpperLimit::GLOBAL::PWROTHBGDXX::2024","TotalTechnologyAnnualActivityUpperLimit","[""REGION"",""TECHNOLOGY"",""YEAR""]","GLOBAL","PWROTHBGDXX","PWR:OTH","BGD","2024","true","0","ZERO","PJ_per_year_activity","PJ_per_year","A_Calibrated_BAU;B_Optimised_VRE;C_Target_VRE","BENCHMARK_SUPPORTED","ACCEPTED_WS4_BASE_YEAR_PIN_2023_2026"
"PWR_MIN_PIN::TotalTechnologyAnnualActivityUpperLimit::GLOBAL::PWROTHBGDXX::2025","TotalTechnologyAnnualActivityUpperLimit","[""REGION"",""TECHNOLOGY"",""YEAR""]","GLOBAL","PWROTHBGDXX","PWR:OTH","BGD","2025","true","0","ZERO","PJ_per_year_activity","PJ_per_year","A_Calibrated_BAU;B_Optimised_VRE;C_Target_VRE","BENCHMARK_SUPPORTED","ACCEPTED_WS4_BASE_YEAR_PIN_2023_2026"
"PWR_MIN_PIN::TotalTechnologyAnnualActivityUpperLimit::GLOBAL::PWROTHBGDXX::2026","TotalTechnologyAnnualActivityUpperLimit","[""REGION"",""TECHNOLOGY"",""YEAR""]","GLOBAL","PWROTHBGDXX","PWR:OTH","BGD","2026","true","0","ZERO","PJ_per_year_activity","PJ_per_year","A_Calibrated_BAU;B_Optimised_VRE;C_Target_VRE","BENCHMARK_SUPPORTED","ACCEPTED_WS4_BASE_YEAR_PIN_2023_2026"
"PWR_MIN_PIN::TotalTechnologyAnnualActivityUpperLimit::GLOBAL::PWROTHINDEA::2023","TotalTechnologyAnnualActivityUpperLimit","[""REGION"",""TECHNOLOGY"",""YEAR""]","GLOBAL","PWROTHINDEA","PWR:OTH","IND","2023","true","0","ZERO","PJ_per_year_activity","PJ_per_year","A_Calibrated_BAU;B_Optimised_VRE;C_Target_VRE","BENCHMARK_SUPPORTED","ACCEPTED_WS4_BASE_YEAR_PIN_2023_2026"
"PWR_MIN_PIN::TotalTechnologyAnnualActivityUpperLimit::GLOBAL::PWROTHINDEA::2024","TotalTechnologyAnnualActivityUpperLimit","[""REGION"",""TECHNOLOGY"",""YEAR""]","GLOBAL","PWROTHINDEA","PWR:OTH","IND","2024","true","0","ZERO","PJ_per_year_activity","PJ_per_year","A_Calibrated_BAU;B_Optimised_VRE;C_Target_VRE","BENCHMARK_SUPPORTED","ACCEPTED_WS4_BASE_YEAR_PIN_2023_2026"
"PWR_MIN_PIN::TotalTechnologyAnnualActivityUpperLimit::GLOBAL::PWROTHINDEA::2025","TotalTechnologyAnnualActivityUpperLimit","[""REGION"",""TECHNOLOGY"",""YEAR""]","GLOBAL","PWROTHINDEA","PWR:OTH","IND","2025","true","0","ZERO","PJ_per_year_activity","PJ_per_year","A_Calibrated_BAU;B_Optimised_VRE;C_Target_VRE","BENCHMARK_SUPPORTED","ACCEPTED_WS4_BASE_YEAR_PIN_2023_2026"
"PWR_MIN_PIN::TotalTechnologyAnnualActivityUpperLimit::GLOBAL::PWROTHINDEA::2026","TotalTechnologyAnnualActivityUpperLimit","[""REGION"",""TECHNOLOGY"",""YEAR""]","GLOBAL","PWROTHINDEA","PWR:OTH","IND","2026","true","0","ZERO","PJ_per_year_activity","PJ_per_year","A_Calibrated_BAU;B_Optimised_VRE;C_Target_VRE","BENCHMARK_SUPPORTED","ACCEPTED_WS4_BASE_YEAR_PIN_2023_2026"
"PWR_MIN_PIN::TotalTechnologyAnnualActivityUpperLimit::GLOBAL::PWRPETBGDXX::2023","TotalTechnologyAnnualActivityUpperLimit","[""REGION"",""TECHNOLOGY"",""YEAR""]","GLOBAL","PWRPETBGDXX","PWR:PET","BGD","2023","true","0","ZERO","PJ_per_year_activity","PJ_per_year","A_Calibrated_BAU;B_Optimised_VRE;C_Target_VRE","BENCHMARK_SUPPORTED","ACCEPTED_WS4_BASE_YEAR_PIN_2023_2026"
"PWR_MIN_PIN::TotalTechnologyAnnualActivityUpperLimit::GLOBAL::PWRPETBGDXX::2024","TotalTechnologyAnnualActivityUpperLimit","[""REGION"",""TECHNOLOGY"",""YEAR""]","GLOBAL","PWRPETBGDXX","PWR:PET","BGD","2024","true","0","ZERO","PJ_per_year_activity","PJ_per_year","A_Calibrated_BAU;B_Optimised_VRE;C_Target_VRE","BENCHMARK_SUPPORTED","ACCEPTED_WS4_BASE_YEAR_PIN_2023_2026"
"PWR_MIN_PIN::TotalTechnologyAnnualActivityUpperLimit::GLOBAL::PWRPETBGDXX::2025","TotalTechnologyAnnualActivityUpperLimit","[""REGION"",""TECHNOLOGY"",""YEAR""]","GLOBAL","PWRPETBGDXX","PWR:PET","BGD","2025","true","0","ZERO","PJ_per_year_activity","PJ_per_year","A_Calibrated_BAU;B_Optimised_VRE;C_Target_VRE","BENCHMARK_SUPPORTED","ACCEPTED_WS4_BASE_YEAR_PIN_2023_2026"
"PWR_MIN_PIN::TotalTechnologyAnnualActivityUpperLimit::GLOBAL::PWRPETBGDXX::2026","TotalTechnologyAnnualActivityUpperLimit","[""REGION"",""TECHNOLOGY"",""YEAR""]","GLOBAL","PWRPETBGDXX","PWR:PET","BGD","2026","true","0","ZERO","PJ_per_year_activity","PJ_per_year","A_Calibrated_BAU;B_Optimised_VRE;C_Target_VRE","BENCHMARK_SUPPORTED","ACCEPTED_WS4_BASE_YEAR_PIN_2023_2026"
"PWR_MIN_PIN::TotalTechnologyAnnualActivityUpperLimit::GLOBAL::PWRPETINDEA::2023","TotalTechnologyAnnualActivityUpperLimit","[""REGION"",""TECHNOLOGY"",""YEAR""]","GLOBAL","PWRPETINDEA","PWR:PET","IND","2023","true","0","ZERO","PJ_per_year_activity","PJ_per_year","A_Calibrated_BAU;B_Optimised_VRE;C_Target_VRE","BENCHMARK_SUPPORTED","ACCEPTED_WS4_BASE_YEAR_PIN_2023_2026"
"PWR_MIN_PIN::TotalTechnologyAnnualActivityUpperLimit::GLOBAL::PWRPETINDEA::2024","TotalTechnologyAnnualActivityUpperLimit","[""REGION"",""TECHNOLOGY"",""YEAR""]","GLOBAL","PWRPETINDEA","PWR:PET","IND","2024","true","0","ZERO","PJ_per_year_activity","PJ_per_year","A_Calibrated_BAU;B_Optimised_VRE;C_Target_VRE","BENCHMARK_SUPPORTED","ACCEPTED_WS4_BASE_YEAR_PIN_2023_2026"
"PWR_MIN_PIN::TotalTechnologyAnnualActivityUpperLimit::GLOBAL::PWRPETINDEA::2025","TotalTechnologyAnnualActivityUpperLimit","[""REGION"",""TECHNOLOGY"",""YEAR""]","GLOBAL","PWRPETINDEA","PWR:PET","IND","2025","true","0","ZERO","PJ_per_year_activity","PJ_per_year","A_Calibrated_BAU;B_Optimised_VRE;C_Target_VRE","BENCHMARK_SUPPORTED","ACCEPTED_WS4_BASE_YEAR_PIN_2023_2026"
"PWR_MIN_PIN::TotalTechnologyAnnualActivityUpperLimit::GLOBAL::PWRPETINDEA::2026","TotalTechnologyAnnualActivityUpperLimit","[""REGION"",""TECHNOLOGY"",""YEAR""]","GLOBAL","PWRPETINDEA","PWR:PET","IND","2026","true","0","ZERO","PJ_per_year_activity","PJ_per_year","A_Calibrated_BAU;B_Optimised_VRE;C_Target_VRE","BENCHMARK_SUPPORTED","ACCEPTED_WS4_BASE_YEAR_PIN_2023_2026"
"PWR_MIN_PIN::TotalTechnologyAnnualActivityUpperLimit::GLOBAL::PWRSDSBGDXX::2023","TotalTechnologyAnnualActivityUpperLimit","[""REGION"",""TECHNOLOGY"",""YEAR""]","GLOBAL","PWRSDSBGDXX","PWR:SDS","BGD","2023","true","0","ZERO","PJ_per_year_activity","PJ_per_year","A_Calibrated_BAU;B_Optimised_VRE;C_Target_VRE","BENCHMARK_SUPPORTED","ACCEPTED_WS4_BASE_YEAR_PIN_2023_2026"
"PWR_MIN_PIN::TotalTechnologyAnnualActivityUpperLimit::GLOBAL::PWRSDSBGDXX::2024","TotalTechnologyAnnualActivityUpperLimit","[""REGION"",""TECHNOLOGY"",""YEAR""]","GLOBAL","PWRSDSBGDXX","PWR:SDS","BGD","2024","true","0","ZERO","PJ_per_year_activity","PJ_per_year","A_Calibrated_BAU;B_Optimised_VRE;C_Target_VRE","BENCHMARK_SUPPORTED","ACCEPTED_WS4_BASE_YEAR_PIN_2023_2026"
"PWR_MIN_PIN::TotalTechnologyAnnualActivityUpperLimit::GLOBAL::PWRSDSBGDXX::2025","TotalTechnologyAnnualActivityUpperLimit","[""REGION"",""TECHNOLOGY"",""YEAR""]","GLOBAL","PWRSDSBGDXX","PWR:SDS","BGD","2025","true","0","ZERO","PJ_per_year_activity","PJ_per_year","A_Calibrated_BAU;B_Optimised_VRE;C_Target_VRE","BENCHMARK_SUPPORTED","ACCEPTED_WS4_BASE_YEAR_PIN_2023_2026"
"PWR_MIN_PIN::TotalTechnologyAnnualActivityUpperLimit::GLOBAL::PWRSDSBGDXX::2026","TotalTechnologyAnnualActivityUpperLimit","[""REGION"",""TECHNOLOGY"",""YEAR""]","GLOBAL","PWRSDSBGDXX","PWR:SDS","BGD","2026","true","0","ZERO","PJ_per_year_activity","PJ_per_year","A_Calibrated_BAU;B_Optimised_VRE;C_Target_VRE","BENCHMARK_SUPPORTED","ACCEPTED_WS4_BASE_YEAR_PIN_2023_2026"
"PWR_MIN_PIN::TotalTechnologyAnnualActivityUpperLimit::GLOBAL::PWRSDSINDEA::2023","TotalTechnologyAnnualActivityUpperLimit","[""REGION"",""TECHNOLOGY"",""YEAR""]","GLOBAL","PWRSDSINDEA","PWR:SDS","IND","2023","true","0","ZERO","PJ_per_year_activity","PJ_per_year","A_Calibrated_BAU;B_Optimised_VRE;C_Target_VRE","BENCHMARK_SUPPORTED","ACCEPTED_WS4_BASE_YEAR_PIN_2023_2026"
"PWR_MIN_PIN::TotalTechnologyAnnualActivityUpperLimit::GLOBAL::PWRSDSINDEA::2024","TotalTechnologyAnnualActivityUpperLimit","[""REGION"",""TECHNOLOGY"",""YEAR""]","GLOBAL","PWRSDSINDEA","PWR:SDS","IND","2024","true","0","ZERO","PJ_per_year_activity","PJ_per_year","A_Calibrated_BAU;B_Optimised_VRE;C_Target_VRE","BENCHMARK_SUPPORTED","ACCEPTED_WS4_BASE_YEAR_PIN_2023_2026"
"PWR_MIN_PIN::TotalTechnologyAnnualActivityUpperLimit::GLOBAL::PWRSDSINDEA::2025","TotalTechnologyAnnualActivityUpperLimit","[""REGION"",""TECHNOLOGY"",""YEAR""]","GLOBAL","PWRSDSINDEA","PWR:SDS","IND","2025","true","0","ZERO","PJ_per_year_activity","PJ_per_year","A_Calibrated_BAU;B_Optimised_VRE;C_Target_VRE","BENCHMARK_SUPPORTED","ACCEPTED_WS4_BASE_YEAR_PIN_2023_2026"
"PWR_MIN_PIN::TotalTechnologyAnnualActivityUpperLimit::GLOBAL::PWRSDSINDEA::2026","TotalTechnologyAnnualActivityUpperLimit","[""REGION"",""TECHNOLOGY"",""YEAR""]","GLOBAL","PWRSDSINDEA","PWR:SDS","IND","2026","true","0","ZERO","PJ_per_year_activity","PJ_per_year","A_Calibrated_BAU;B_Optimised_VRE;C_Target_VRE","BENCHMARK_SUPPORTED","ACCEPTED_WS4_BASE_YEAR_PIN_2023_2026"
"PWR_MIN_PIN::TotalTechnologyAnnualActivityUpperLimit::GLOBAL::PWRSHPINDEA::2023","TotalTechnologyAnnualActivityUpperLimit","[""REGION"",""TECHNOLOGY"",""YEAR""]","GLOBAL","PWRSHPINDEA","PWR:SHP","IND","2023","true","2.5615","POSITIVE","PJ_per_year_activity","PJ_per_year","A_Calibrated_BAU;B_Optimised_VRE;C_Target_VRE","BENCHMARK_SUPPORTED","ACCEPTED_WS4_BASE_YEAR_PIN_2023_2026"
"PWR_MIN_PIN::TotalTechnologyAnnualActivityUpperLimit::GLOBAL::PWRSHPINDEA::2024","TotalTechnologyAnnualActivityUpperLimit","[""REGION"",""TECHNOLOGY"",""YEAR""]","GLOBAL","PWRSHPINDEA","PWR:SHP","IND","2024","true","2.5615","POSITIVE","PJ_per_year_activity","PJ_per_year","A_Calibrated_BAU;B_Optimised_VRE;C_Target_VRE","BENCHMARK_SUPPORTED","ACCEPTED_WS4_BASE_YEAR_PIN_2023_2026"
"PWR_MIN_PIN::TotalTechnologyAnnualActivityUpperLimit::GLOBAL::PWRSHPINDEA::2025","TotalTechnologyAnnualActivityUpperLimit","[""REGION"",""TECHNOLOGY"",""YEAR""]","GLOBAL","PWRSHPINDEA","PWR:SHP","IND","2025","true","2.5615","POSITIVE","PJ_per_year_activity","PJ_per_year","A_Calibrated_BAU;B_Optimised_VRE;C_Target_VRE","BENCHMARK_SUPPORTED","ACCEPTED_WS4_BASE_YEAR_PIN_2023_2026"
"PWR_MIN_PIN::TotalTechnologyAnnualActivityUpperLimit::GLOBAL::PWRSHPINDEA::2026","TotalTechnologyAnnualActivityUpperLimit","[""REGION"",""TECHNOLOGY"",""YEAR""]","GLOBAL","PWRSHPINDEA","PWR:SHP","IND","2026","true","2.5615","POSITIVE","PJ_per_year_activity","PJ_per_year","A_Calibrated_BAU;B_Optimised_VRE;C_Target_VRE","BENCHMARK_SUPPORTED","ACCEPTED_WS4_BASE_YEAR_PIN_2023_2026"
"PWR_MIN_PIN::TotalTechnologyAnnualActivityUpperLimit::GLOBAL::PWRSPVBGDXX::2023","TotalTechnologyAnnualActivityUpperLimit","[""REGION"",""TECHNOLOGY"",""YEAR""]","GLOBAL","PWRSPVBGDXX","PWR:SPV","BGD","2023","true","3.1944","POSITIVE","PJ_per_year_activity","PJ_per_year","A_Calibrated_BAU;B_Optimised_VRE;C_Target_VRE","BENCHMARK_SUPPORTED","ACCEPTED_WS4_BASE_YEAR_PIN_2023_2026"
"PWR_MIN_PIN::TotalTechnologyAnnualActivityUpperLimit::GLOBAL::PWRSPVBGDXX::2024","TotalTechnologyAnnualActivityUpperLimit","[""REGION"",""TECHNOLOGY"",""YEAR""]","GLOBAL","PWRSPVBGDXX","PWR:SPV","BGD","2024","true","3.4229","POSITIVE","PJ_per_year_activity","PJ_per_year","A_Calibrated_BAU;B_Optimised_VRE;C_Target_VRE","BENCHMARK_SUPPORTED","ACCEPTED_WS4_BASE_YEAR_PIN_2023_2026"
"PWR_MIN_PIN::TotalTechnologyAnnualActivityUpperLimit::GLOBAL::PWRSPVBGDXX::2025","TotalTechnologyAnnualActivityUpperLimit","[""REGION"",""TECHNOLOGY"",""YEAR""]","GLOBAL","PWRSPVBGDXX","PWR:SPV","BGD","2025","true","20.0166","POSITIVE","PJ_per_year_activity","PJ_per_year","A_Calibrated_BAU;B_Optimised_VRE;C_Target_VRE","BENCHMARK_SUPPORTED","ACCEPTED_WS4_BASE_YEAR_PIN_2023_2026"
"PWR_MIN_PIN::TotalTechnologyAnnualActivityUpperLimit::GLOBAL::PWRSPVBGDXX::2026","TotalTechnologyAnnualActivityUpperLimit","[""REGION"",""TECHNOLOGY"",""YEAR""]","GLOBAL","PWRSPVBGDXX","PWR:SPV","BGD","2026","true","20.2735","POSITIVE","PJ_per_year_activity","PJ_per_year","A_Calibrated_BAU;B_Optimised_VRE;C_Target_VRE","BENCHMARK_SUPPORTED","ACCEPTED_WS4_BASE_YEAR_PIN_2023_2026"
"PWR_MIN_PIN::TotalTechnologyAnnualActivityUpperLimit::GLOBAL::PWRSPVINDEA::2023","TotalTechnologyAnnualActivityUpperLimit","[""REGION"",""TECHNOLOGY"",""YEAR""]","GLOBAL","PWRSPVINDEA","PWR:SPV","IND","2023","true","5.4443","POSITIVE","PJ_per_year_activity","PJ_per_year","A_Calibrated_BAU;B_Optimised_VRE;C_Target_VRE","BENCHMARK_SUPPORTED","ACCEPTED_WS4_BASE_YEAR_PIN_2023_2026"
"PWR_MIN_PIN::TotalTechnologyAnnualActivityUpperLimit::GLOBAL::PWRSPVINDEA::2024","TotalTechnologyAnnualActivityUpperLimit","[""REGION"",""TECHNOLOGY"",""YEAR""]","GLOBAL","PWRSPVINDEA","PWR:SPV","IND","2024","true","5.7757","POSITIVE","PJ_per_year_activity","PJ_per_year","A_Calibrated_BAU;B_Optimised_VRE;C_Target_VRE","BENCHMARK_SUPPORTED","ACCEPTED_WS4_BASE_YEAR_PIN_2023_2026"
"PWR_MIN_PIN::TotalTechnologyAnnualActivityUpperLimit::GLOBAL::PWRSPVINDEA::2025","TotalTechnologyAnnualActivityUpperLimit","[""REGION"",""TECHNOLOGY"",""YEAR""]","GLOBAL","PWRSPVINDEA","PWR:SPV","IND","2025","true","7.6675","POSITIVE","PJ_per_year_activity","PJ_per_year","A_Calibrated_BAU;B_Optimised_VRE;C_Target_VRE","BENCHMARK_SUPPORTED","ACCEPTED_WS4_BASE_YEAR_PIN_2023_2026"
"PWR_MIN_PIN::TotalTechnologyAnnualActivityUpperLimit::GLOBAL::PWRSPVINDEA::2026","TotalTechnologyAnnualActivityUpperLimit","[""REGION"",""TECHNOLOGY"",""YEAR""]","GLOBAL","PWRSPVINDEA","PWR:SPV","IND","2026","true","8.0472","POSITIVE","PJ_per_year_activity","PJ_per_year","A_Calibrated_BAU;B_Optimised_VRE;C_Target_VRE","BENCHMARK_SUPPORTED","ACCEPTED_WS4_BASE_YEAR_PIN_2023_2026"
"PWR_MIN_PIN::TotalTechnologyAnnualActivityUpperLimit::GLOBAL::PWRURNBGDXX::2023","TotalTechnologyAnnualActivityUpperLimit","[""REGION"",""TECHNOLOGY"",""YEAR""]","GLOBAL","PWRURNBGDXX","PWR:URN","BGD","2023","true","0","ZERO","PJ_per_year_activity","PJ_per_year","A_Calibrated_BAU;B_Optimised_VRE;C_Target_VRE","BENCHMARK_SUPPORTED","ACCEPTED_WS4_BASE_YEAR_PIN_2023_2026"
"PWR_MIN_PIN::TotalTechnologyAnnualActivityUpperLimit::GLOBAL::PWRURNBGDXX::2024","TotalTechnologyAnnualActivityUpperLimit","[""REGION"",""TECHNOLOGY"",""YEAR""]","GLOBAL","PWRURNBGDXX","PWR:URN","BGD","2024","true","34.0588","POSITIVE","PJ_per_year_activity","PJ_per_year","A_Calibrated_BAU;B_Optimised_VRE;C_Target_VRE","BENCHMARK_SUPPORTED","ACCEPTED_WS4_BASE_YEAR_PIN_2023_2026"
"PWR_MIN_PIN::TotalTechnologyAnnualActivityUpperLimit::GLOBAL::PWRURNBGDXX::2025","TotalTechnologyAnnualActivityUpperLimit","[""REGION"",""TECHNOLOGY"",""YEAR""]","GLOBAL","PWRURNBGDXX","PWR:URN","BGD","2025","true","68.1177","POSITIVE","PJ_per_year_activity","PJ_per_year","A_Calibrated_BAU;B_Optimised_VRE;C_Target_VRE","BENCHMARK_SUPPORTED","ACCEPTED_WS4_BASE_YEAR_PIN_2023_2026"
"PWR_MIN_PIN::TotalTechnologyAnnualActivityUpperLimit::GLOBAL::PWRURNBGDXX::2026","TotalTechnologyAnnualActivityUpperLimit","[""REGION"",""TECHNOLOGY"",""YEAR""]","GLOBAL","PWRURNBGDXX","PWR:URN","BGD","2026","true","68.1177","POSITIVE","PJ_per_year_activity","PJ_per_year","A_Calibrated_BAU;B_Optimised_VRE;C_Target_VRE","BENCHMARK_SUPPORTED","ACCEPTED_WS4_BASE_YEAR_PIN_2023_2026"
"PWR_MIN_PIN::TotalTechnologyAnnualActivityUpperLimit::GLOBAL::PWRURNINDEA::2023","TotalTechnologyAnnualActivityUpperLimit","[""REGION"",""TECHNOLOGY"",""YEAR""]","GLOBAL","PWRURNINDEA","PWR:URN","IND","2023","true","0","ZERO","PJ_per_year_activity","PJ_per_year","A_Calibrated_BAU;B_Optimised_VRE;C_Target_VRE","BENCHMARK_SUPPORTED","ACCEPTED_WS4_BASE_YEAR_PIN_2023_2026"
"PWR_MIN_PIN::TotalTechnologyAnnualActivityUpperLimit::GLOBAL::PWRURNINDEA::2024","TotalTechnologyAnnualActivityUpperLimit","[""REGION"",""TECHNOLOGY"",""YEAR""]","GLOBAL","PWRURNINDEA","PWR:URN","IND","2024","true","0","ZERO","PJ_per_year_activity","PJ_per_year","A_Calibrated_BAU;B_Optimised_VRE;C_Target_VRE","BENCHMARK_SUPPORTED","ACCEPTED_WS4_BASE_YEAR_PIN_2023_2026"
"PWR_MIN_PIN::TotalTechnologyAnnualActivityUpperLimit::GLOBAL::PWRURNINDEA::2025","TotalTechnologyAnnualActivityUpperLimit","[""REGION"",""TECHNOLOGY"",""YEAR""]","GLOBAL","PWRURNINDEA","PWR:URN","IND","2025","true","0","ZERO","PJ_per_year_activity","PJ_per_year","A_Calibrated_BAU;B_Optimised_VRE;C_Target_VRE","BENCHMARK_SUPPORTED","ACCEPTED_WS4_BASE_YEAR_PIN_2023_2026"
"PWR_MIN_PIN::TotalTechnologyAnnualActivityUpperLimit::GLOBAL::PWRURNINDEA::2026","TotalTechnologyAnnualActivityUpperLimit","[""REGION"",""TECHNOLOGY"",""YEAR""]","GLOBAL","PWRURNINDEA","PWR:URN","IND","2026","true","0","ZERO","PJ_per_year_activity","PJ_per_year","A_Calibrated_BAU;B_Optimised_VRE;C_Target_VRE","BENCHMARK_SUPPORTED","ACCEPTED_WS4_BASE_YEAR_PIN_2023_2026"
"PWR_MIN_PIN::TotalTechnologyAnnualActivityUpperLimit::GLOBAL::PWRWASBGDXX::2023","TotalTechnologyAnnualActivityUpperLimit","[""REGION"",""TECHNOLOGY"",""YEAR""]","GLOBAL","PWRWASBGDXX","PWR:WAS","BGD","2023","true","0","ZERO","PJ_per_year_activity","PJ_per_year","A_Calibrated_BAU;B_Optimised_VRE;C_Target_VRE","BENCHMARK_SUPPORTED","ACCEPTED_WS4_BASE_YEAR_PIN_2023_2026"
"PWR_MIN_PIN::TotalTechnologyAnnualActivityUpperLimit::GLOBAL::PWRWASBGDXX::2024","TotalTechnologyAnnualActivityUpperLimit","[""REGION"",""TECHNOLOGY"",""YEAR""]","GLOBAL","PWRWASBGDXX","PWR:WAS","BGD","2024","true","0","ZERO","PJ_per_year_activity","PJ_per_year","A_Calibrated_BAU;B_Optimised_VRE;C_Target_VRE","BENCHMARK_SUPPORTED","ACCEPTED_WS4_BASE_YEAR_PIN_2023_2026"
"PWR_MIN_PIN::TotalTechnologyAnnualActivityUpperLimit::GLOBAL::PWRWASBGDXX::2025","TotalTechnologyAnnualActivityUpperLimit","[""REGION"",""TECHNOLOGY"",""YEAR""]","GLOBAL","PWRWASBGDXX","PWR:WAS","BGD","2025","true","0","ZERO","PJ_per_year_activity","PJ_per_year","A_Calibrated_BAU;B_Optimised_VRE;C_Target_VRE","BENCHMARK_SUPPORTED","ACCEPTED_WS4_BASE_YEAR_PIN_2023_2026"
"PWR_MIN_PIN::TotalTechnologyAnnualActivityUpperLimit::GLOBAL::PWRWASBGDXX::2026","TotalTechnologyAnnualActivityUpperLimit","[""REGION"",""TECHNOLOGY"",""YEAR""]","GLOBAL","PWRWASBGDXX","PWR:WAS","BGD","2026","true","0","ZERO","PJ_per_year_activity","PJ_per_year","A_Calibrated_BAU;B_Optimised_VRE;C_Target_VRE","BENCHMARK_SUPPORTED","ACCEPTED_WS4_BASE_YEAR_PIN_2023_2026"
"PWR_MIN_PIN::TotalTechnologyAnnualActivityUpperLimit::GLOBAL::PWRWASINDEA::2023","TotalTechnologyAnnualActivityUpperLimit","[""REGION"",""TECHNOLOGY"",""YEAR""]","GLOBAL","PWRWASINDEA","PWR:WAS","IND","2023","true","0","ZERO","PJ_per_year_activity","PJ_per_year","A_Calibrated_BAU;B_Optimised_VRE;C_Target_VRE","BENCHMARK_SUPPORTED","ACCEPTED_WS4_BASE_YEAR_PIN_2023_2026"
"PWR_MIN_PIN::TotalTechnologyAnnualActivityUpperLimit::GLOBAL::PWRWASINDEA::2024","TotalTechnologyAnnualActivityUpperLimit","[""REGION"",""TECHNOLOGY"",""YEAR""]","GLOBAL","PWRWASINDEA","PWR:WAS","IND","2024","true","0.0136","POSITIVE","PJ_per_year_activity","PJ_per_year","A_Calibrated_BAU;B_Optimised_VRE;C_Target_VRE","BENCHMARK_SUPPORTED","ACCEPTED_WS4_BASE_YEAR_PIN_2023_2026"
"PWR_MIN_PIN::TotalTechnologyAnnualActivityUpperLimit::GLOBAL::PWRWASINDEA::2025","TotalTechnologyAnnualActivityUpperLimit","[""REGION"",""TECHNOLOGY"",""YEAR""]","GLOBAL","PWRWASINDEA","PWR:WAS","IND","2025","true","0.0263","POSITIVE","PJ_per_year_activity","PJ_per_year","A_Calibrated_BAU;B_Optimised_VRE;C_Target_VRE","BENCHMARK_SUPPORTED","ACCEPTED_WS4_BASE_YEAR_PIN_2023_2026"
"PWR_MIN_PIN::TotalTechnologyAnnualActivityUpperLimit::GLOBAL::PWRWASINDEA::2026","TotalTechnologyAnnualActivityUpperLimit","[""REGION"",""TECHNOLOGY"",""YEAR""]","GLOBAL","PWRWASINDEA","PWR:WAS","IND","2026","true","0.0389","POSITIVE","PJ_per_year_activity","PJ_per_year","A_Calibrated_BAU;B_Optimised_VRE;C_Target_VRE","BENCHMARK_SUPPORTED","ACCEPTED_WS4_BASE_YEAR_PIN_2023_2026"
"PWR_MIN_PIN::TotalTechnologyAnnualActivityUpperLimit::GLOBAL::PWRWOFBGDXX::2023","TotalTechnologyAnnualActivityUpperLimit","[""REGION"",""TECHNOLOGY"",""YEAR""]","GLOBAL","PWRWOFBGDXX","PWR:WOF","BGD","2023","true","0","ZERO","PJ_per_year_activity","PJ_per_year","A_Calibrated_BAU;B_Optimised_VRE;C_Target_VRE","BENCHMARK_SUPPORTED","ACCEPTED_WS4_BASE_YEAR_PIN_2023_2026"
"PWR_MIN_PIN::TotalTechnologyAnnualActivityUpperLimit::GLOBAL::PWRWOFBGDXX::2024","TotalTechnologyAnnualActivityUpperLimit","[""REGION"",""TECHNOLOGY"",""YEAR""]","GLOBAL","PWRWOFBGDXX","PWR:WOF","BGD","2024","true","0","ZERO","PJ_per_year_activity","PJ_per_year","A_Calibrated_BAU;B_Optimised_VRE;C_Target_VRE","BENCHMARK_SUPPORTED","ACCEPTED_WS4_BASE_YEAR_PIN_2023_2026"
"PWR_MIN_PIN::TotalTechnologyAnnualActivityUpperLimit::GLOBAL::PWRWOFBGDXX::2025","TotalTechnologyAnnualActivityUpperLimit","[""REGION"",""TECHNOLOGY"",""YEAR""]","GLOBAL","PWRWOFBGDXX","PWR:WOF","BGD","2025","true","0","ZERO","PJ_per_year_activity","PJ_per_year","A_Calibrated_BAU;B_Optimised_VRE;C_Target_VRE","BENCHMARK_SUPPORTED","ACCEPTED_WS4_BASE_YEAR_PIN_2023_2026"
"PWR_MIN_PIN::TotalTechnologyAnnualActivityUpperLimit::GLOBAL::PWRWOFBGDXX::2026","TotalTechnologyAnnualActivityUpperLimit","[""REGION"",""TECHNOLOGY"",""YEAR""]","GLOBAL","PWRWOFBGDXX","PWR:WOF","BGD","2026","true","0","ZERO","PJ_per_year_activity","PJ_per_year","A_Calibrated_BAU;B_Optimised_VRE;C_Target_VRE","BENCHMARK_SUPPORTED","ACCEPTED_WS4_BASE_YEAR_PIN_2023_2026"
"PWR_MIN_PIN::TotalTechnologyAnnualActivityUpperLimit::GLOBAL::PWRWOFINDEA::2023","TotalTechnologyAnnualActivityUpperLimit","[""REGION"",""TECHNOLOGY"",""YEAR""]","GLOBAL","PWRWOFINDEA","PWR:WOF","IND","2023","true","0","ZERO","PJ_per_year_activity","PJ_per_year","A_Calibrated_BAU;B_Optimised_VRE;C_Target_VRE","BENCHMARK_SUPPORTED","ACCEPTED_WS4_BASE_YEAR_PIN_2023_2026"
"PWR_MIN_PIN::TotalTechnologyAnnualActivityUpperLimit::GLOBAL::PWRWOFINDEA::2024","TotalTechnologyAnnualActivityUpperLimit","[""REGION"",""TECHNOLOGY"",""YEAR""]","GLOBAL","PWRWOFINDEA","PWR:WOF","IND","2024","true","0","ZERO","PJ_per_year_activity","PJ_per_year","A_Calibrated_BAU;B_Optimised_VRE;C_Target_VRE","BENCHMARK_SUPPORTED","ACCEPTED_WS4_BASE_YEAR_PIN_2023_2026"
"PWR_MIN_PIN::TotalTechnologyAnnualActivityUpperLimit::GLOBAL::PWRWOFINDEA::2025","TotalTechnologyAnnualActivityUpperLimit","[""REGION"",""TECHNOLOGY"",""YEAR""]","GLOBAL","PWRWOFINDEA","PWR:WOF","IND","2025","true","0","ZERO","PJ_per_year_activity","PJ_per_year","A_Calibrated_BAU;B_Optimised_VRE;C_Target_VRE","BENCHMARK_SUPPORTED","ACCEPTED_WS4_BASE_YEAR_PIN_2023_2026"
"PWR_MIN_PIN::TotalTechnologyAnnualActivityUpperLimit::GLOBAL::PWRWOFINDEA::2026","TotalTechnologyAnnualActivityUpperLimit","[""REGION"",""TECHNOLOGY"",""YEAR""]","GLOBAL","PWRWOFINDEA","PWR:WOF","IND","2026","true","0","ZERO","PJ_per_year_activity","PJ_per_year","A_Calibrated_BAU;B_Optimised_VRE;C_Target_VRE","BENCHMARK_SUPPORTED","ACCEPTED_WS4_BASE_YEAR_PIN_2023_2026"
"PWR_MIN_PIN::TotalTechnologyAnnualActivityUpperLimit::GLOBAL::PWRWONBGDXX::2023","TotalTechnologyAnnualActivityUpperLimit","[""REGION"",""TECHNOLOGY"",""YEAR""]","GLOBAL","PWRWONBGDXX","PWR:WON","BGD","2023","true","0","ZERO","PJ_per_year_activity","PJ_per_year","A_Calibrated_BAU;B_Optimised_VRE;C_Target_VRE","BENCHMARK_SUPPORTED","ACCEPTED_WS4_BASE_YEAR_PIN_2023_2026"
"PWR_MIN_PIN::TotalTechnologyAnnualActivityUpperLimit::GLOBAL::PWRWONBGDXX::2024","TotalTechnologyAnnualActivityUpperLimit","[""REGION"",""TECHNOLOGY"",""YEAR""]","GLOBAL","PWRWONBGDXX","PWR:WON","BGD","2024","true","0.0329","POSITIVE","PJ_per_year_activity","PJ_per_year","A_Calibrated_BAU;B_Optimised_VRE;C_Target_VRE","BENCHMARK_SUPPORTED","ACCEPTED_WS4_BASE_YEAR_PIN_2023_2026"
"PWR_MIN_PIN::TotalTechnologyAnnualActivityUpperLimit::GLOBAL::PWRWONBGDXX::2025","TotalTechnologyAnnualActivityUpperLimit","[""REGION"",""TECHNOLOGY"",""YEAR""]","GLOBAL","PWRWONBGDXX","PWR:WON","BGD","2025","true","0.0669","POSITIVE","PJ_per_year_activity","PJ_per_year","A_Calibrated_BAU;B_Optimised_VRE;C_Target_VRE","BENCHMARK_SUPPORTED","ACCEPTED_WS4_BASE_YEAR_PIN_2023_2026"
"PWR_MIN_PIN::TotalTechnologyAnnualActivityUpperLimit::GLOBAL::PWRWONBGDXX::2026","TotalTechnologyAnnualActivityUpperLimit","[""REGION"",""TECHNOLOGY"",""YEAR""]","GLOBAL","PWRWONBGDXX","PWR:WON","BGD","2026","true","0.1031","POSITIVE","PJ_per_year_activity","PJ_per_year","A_Calibrated_BAU;B_Optimised_VRE;C_Target_VRE","BENCHMARK_SUPPORTED","ACCEPTED_WS4_BASE_YEAR_PIN_2023_2026"
"PWR_MIN_PIN::TotalTechnologyAnnualActivityUpperLimit::GLOBAL::PWRWONINDEA::2023","TotalTechnologyAnnualActivityUpperLimit","[""REGION"",""TECHNOLOGY"",""YEAR""]","GLOBAL","PWRWONINDEA","PWR:WON","IND","2023","true","0","ZERO","PJ_per_year_activity","PJ_per_year","A_Calibrated_BAU;B_Optimised_VRE;C_Target_VRE","BENCHMARK_SUPPORTED","ACCEPTED_WS4_BASE_YEAR_PIN_2023_2026"
"PWR_MIN_PIN::TotalTechnologyAnnualActivityUpperLimit::GLOBAL::PWRWONINDEA::2024","TotalTechnologyAnnualActivityUpperLimit","[""REGION"",""TECHNOLOGY"",""YEAR""]","GLOBAL","PWRWONINDEA","PWR:WON","IND","2024","true","0","ZERO","PJ_per_year_activity","PJ_per_year","A_Calibrated_BAU;B_Optimised_VRE;C_Target_VRE","BENCHMARK_SUPPORTED","ACCEPTED_WS4_BASE_YEAR_PIN_2023_2026"
"PWR_MIN_PIN::TotalTechnologyAnnualActivityUpperLimit::GLOBAL::PWRWONINDEA::2025","TotalTechnologyAnnualActivityUpperLimit","[""REGION"",""TECHNOLOGY"",""YEAR""]","GLOBAL","PWRWONINDEA","PWR:WON","IND","2025","true","0","ZERO","PJ_per_year_activity","PJ_per_year","A_Calibrated_BAU;B_Optimised_VRE;C_Target_VRE","BENCHMARK_SUPPORTED","ACCEPTED_WS4_BASE_YEAR_PIN_2023_2026"
"PWR_MIN_PIN::TotalTechnologyAnnualActivityUpperLimit::GLOBAL::PWRWONINDEA::2026","TotalTechnologyAnnualActivityUpperLimit","[""REGION"",""TECHNOLOGY"",""YEAR""]","GLOBAL","PWRWONINDEA","PWR:WON","IND","2026","true","0","ZERO","PJ_per_year_activity","PJ_per_year","A_Calibrated_BAU;B_Optimised_VRE;C_Target_VRE","BENCHMARK_SUPPORTED","ACCEPTED_WS4_BASE_YEAR_PIN_2023_2026"
