REGION,TIMESLICE,FUEL,YEAR,VALUE
GLOBAL,S1D1,ELCBGDXX03,2023,22.360155624
GLOBAL,S1D2,ELCBGDXX03,2023,45.914254504
GLOBAL,S1D3,ELCBGDXX03,2023,13.862817884
GLOBAL,S1D4,ELCBGDXX03,2023,9.343866584
GLOBAL,S1D5,ELCBGDXX03,2023,7.605512552
GLOBAL,S2D1,ELCBGDXX03,2023,27.670083648000002
GLOBAL,S2D2,ELCBGDXX03,2023,48.111127188000005
GLOBAL,S2D3,ELCBGDXX03,2023,14.147842992
GLOBAL,S2D4,ELCBGDXX03,2023,10.05493372
GLOBAL,S2D5,ELCBGDXX03,2023,8.833214404
GLOBAL,S3D1,ELCBGDXX03,2023,40.171874592
GLOBAL,S3D2,ELCBGDXX03,2023,66.35957128400001
GLOBAL,S3D3,ELCBGDXX03,2023,19.025319128
GLOBAL,S3D4,ELCBGDXX03,2023,14.048276500000002
GLOBAL,S3D5,ELCBGDXX03,2023,12.697078012
GLOBAL,S4D1,ELCBGDXX03,2023,16.706659104
GLOBAL,S4D2,ELCBGDXX03,2023,29.677224476
GLOBAL,S4D3,ELCBGDXX03,2023,9.143878952
GLOBAL,S4D4,ELCBGDXX03,2023,6.178677716
GLOBAL,S4D5,ELCBGDXX03,2023,5.411203812
GLOBAL,S1D1,ELCBGDXX03,2024,23.876510778
GLOBAL,S1D2,ELCBGDXX03,2024,49.027932138
GLOBAL,S1D3,ELCBGDXX03,2024,14.802925622999998
GLOBAL,S1D4,ELCBGDXX03,2024,9.977521398
GLOBAL,S1D5,ELCBGDXX03,2024,8.121280794
GLOBAL,S2D1,ELCBGDXX03,2024,29.546531856
GLOBAL,S2D2,ELCBGDXX03,2024,51.373785861
GLOBAL,S2D3,ELCBGDXX03,2024,15.107279724
GLOBAL,S2D4,ELCBGDXX03,2024,10.73680959
GLOBAL,S2D5,ELCBGDXX03,2024,9.432239312999998
GLOBAL,S3D1,ELCBGDXX03,2024,42.896132423999994
GLOBAL,S3D2,ELCBGDXX03,2024,70.85974917300001
GLOBAL,S3D3,ELCBGDXX03,2024,20.315522166
GLOBAL,S3D4,ELCBGDXX03,2024,15.000961125
GLOBAL,S3D5,ELCBGDXX03,2024,13.558131039
GLOBAL,S4D1,ELCBGDXX03,2024,17.839622088
GLOBAL,S4D2,ELCBGDXX03,2024,31.689787047
GLOBAL,S4D3,ELCBGDXX03,2024,9.763971594000001
GLOBAL,S4D4,ELCBGDXX03,2024,6.5976850769999995
GLOBAL,S4D5,ELCBGDXX03,2024,5.778164889
GLOBAL,S1D1,ELCBGDXX03,2025,25.495686522
GLOBAL,S1D2,ELCBGDXX03,2025,52.352741162
GLOBAL,S1D3,ELCBGDXX03,2025,15.806779927
GLOBAL,S1D4,ELCBGDXX03,2025,10.654142902
GLOBAL,S1D5,ELCBGDXX03,2025,8.672022106
GLOBAL,S2D1,ELCBGDXX03,2025,31.550217744
GLOBAL,S2D2,ELCBGDXX03,2025,54.857677989
GLOBAL,S2D3,ELCBGDXX03,2025,16.131773675999998
GLOBAL,S2D4,ELCBGDXX03,2025,11.46492191
GLOBAL,S2D5,ELCBGDXX03,2025,10.071882737
GLOBAL,S3D1,ELCBGDXX03,2025,45.805115975999996
GLOBAL,S3D2,ELCBGDXX03,2025,75.66507387700001
GLOBAL,S3D3,ELCBGDXX03,2025,21.693210934
GLOBAL,S3D4,ELCBGDXX03,2025,16.018245125
GLOBAL,S3D5,ELCBGDXX03,2025,14.477570111
GLOBAL,S4D1,ELCBGDXX03,2025,19.049408712
GLOBAL,S4D2,ELCBGDXX03,2025,33.838816903
GLOBAL,S4D3,ELCBGDXX03,2025,10.426111306000001
GLOBAL,S4D4,ELCBGDXX03,2025,7.045104373
GLOBAL,S4D5,ELCBGDXX03,2025,6.170008761
GLOBAL,S1D1,ELCBGDXX03,2026,27.224694539999998
GLOBAL,S1D2,ELCBGDXX03,2026,55.90307934
GLOBAL,S1D3,ELCBGDXX03,2026,16.878727889999997
GLOBAL,S1D4,ELCBGDXX03,2026,11.37666114
GLOBAL,S1D5,ELCBGDXX03,2026,9.26012142
GLOBAL,S2D1,ELCBGDXX03,2026,33.68981808
GLOBAL,S2D2,ELCBGDXX03,2026,58.57789023
GLOBAL,S2D3,ELCBGDXX03,2026,17.225761319999997
GLOBAL,S2D4,ELCBGDXX03,2026,12.242423699999998
GLOBAL,S2D5,ELCBGDXX03,2026,10.754914589999998
GLOBAL,S3D1,ELCBGDXX03,2026,48.91142231999999
GLOBAL,S3D2,ELCBGDXX03,2026,80.79635439
GLOBAL,S3D3,ELCBGDXX03,2026,23.16435138
GLOBAL,S3D4,ELCBGDXX03,2026,17.104533749999998
GLOBAL,S3D5,ELCBGDXX03,2026,15.459376769999999
GLOBAL,S4D1,ELCBGDXX03,2026,20.341257839999997
GLOBAL,S4D2,ELCBGDXX03,2026,36.13362021
GLOBAL,S4D3,ELCBGDXX03,2026,11.13316542
GLOBAL,S4D4,ELCBGDXX03,2026,7.522873109999999
GLOBAL,S4D5,ELCBGDXX03,2026,6.58843227
GLOBAL,S1D1,ELCBGDXX03,2027,29.070912798
GLOBAL,S1D2,ELCBGDXX03,2027,59.694096558
GLOBAL,S1D3,ELCBGDXX03,2027,18.023343692999998
GLOBAL,S1D4,ELCBGDXX03,2027,12.148159218
GLOBAL,S1D5,ELCBGDXX03,2027,9.888088254000001
GLOBAL,S2D1,ELCBGDXX03,2027,35.974462896
GLOBAL,S2D2,ELCBGDXX03,2027,62.550297351000005
GLOBAL,S2D3,ELCBGDXX03,2027,18.393910883999997
GLOBAL,S2D4,ELCBGDXX03,2027,13.072632689999999
GLOBAL,S2D5,ELCBGDXX03,2027,11.484249483
GLOBAL,S3D1,ELCBGDXX03,2027,52.228306583999995
GLOBAL,S3D2,ELCBGDXX03,2027,86.275486743
GLOBAL,S3D3,ELCBGDXX03,2027,24.735221105999997
GLOBAL,S3D4,ELCBGDXX03,2027,18.264462375
GLOBAL,S3D5,ELCBGDXX03,2027,16.507740548999998
GLOBAL,S4D1,ELCBGDXX03,2027,21.720682007999997
GLOBAL,S4D2,ELCBGDXX03,2027,38.58398927699999
GLOBAL,S4D3,ELCBGDXX03,2027,11.888151054
GLOBAL,S4D4,ELCBGDXX03,2027,8.033030006999999
GLOBAL,S4D5,ELCBGDXX03,2027,7.0352208990000005
GLOBAL,S1D1,ELCBGDXX03,2028,31.042347174
GLOBAL,S1D2,ELCBGDXX03,2028,63.742232054000006
GLOBAL,S1D3,ELCBGDXX03,2028,19.245590809
GLOBAL,S1D4,ELCBGDXX03,2028,12.971982634
GLOBAL,S1D5,ELCBGDXX03,2028,10.558645702000002
GLOBAL,S2D1,ELCBGDXX03,2028,38.414059248
GLOBAL,S2D2,ELCBGDXX03,2028,66.79212516300001
GLOBAL,S2D3,ELCBGDXX03,2028,19.641287892
GLOBAL,S2D4,ELCBGDXX03,2028,13.95914897
GLOBAL,S2D5,ELCBGDXX03,2028,12.263050079
GLOBAL,S3D1,ELCBGDXX03,2028,55.770151992
GLOBAL,S3D2,ELCBGDXX03,2028,92.12623045900001
GLOBAL,S3D3,ELCBGDXX03,2028,26.412631978
GLOBAL,S3D4,ELCBGDXX03,2028,19.503060875000003
GLOBAL,S3D5,ELCBGDXX03,2028,17.627207537
GLOBAL,S4D1,ELCBGDXX03,2028,23.193662904
GLOBAL,S4D2,ELCBGDXX03,2028,41.200549801
GLOBAL,S4D3,ELCBGDXX03,2028,12.694342102
GLOBAL,S4D4,ELCBGDXX03,2028,8.577787291
GLOBAL,S4D5,ELCBGDXX03,2028,7.512312087000001
GLOBAL,S1D1,ELCBGDXX03,2029,33.147526805999995
GLOBAL,S1D2,ELCBGDXX03,2029,68.064999526
GLOBAL,S1D3,ELCBGDXX03,2029,20.550757120999997
GLOBAL,S1D4,ELCBGDXX03,2029,13.851695546
GLOBAL,S1D5,ELCBGDXX03,2029,11.274694838
GLOBAL,S2D1,ELCBGDXX03,2029,41.019161712
GLOBAL,S2D2,ELCBGDXX03,2029,71.321725347
GLOBAL,S2D3,ELCBGDXX03,2029,20.973288948
GLOBAL,S2D4,ELCBGDXX03,2029,14.90580793
GLOBAL,S2D5,ELCBGDXX03,2029,13.094685750999998
GLOBAL,S3D1,ELCBGDXX03,2029,59.55228184799999
GLOBAL,S3D2,ELCBGDXX03,2029,98.373897971
GLOBAL,S3D3,ELCBGDXX03,2029,28.203841082
GLOBAL,S3D4,ELCBGDXX03,2029,20.825687875
GLOBAL,S3D5,ELCBGDXX03,2029,18.822620953
GLOBAL,S4D1,ELCBGDXX03,2029,24.766573175999998
GLOBAL,S4D2,ELCBGDXX03,2029,43.994621969
GLOBAL,S4D3,ELCBGDXX03,2029,13.555226438
GLOBAL,S4D4,ELCBGDXX03,2029,9.159501779
GLOBAL,S4D5,ELCBGDXX03,2029,8.021769903000001
GLOBAL,S1D1,ELCBGDXX03,2030,35.39539944
GLOBAL,S1D2,ELCBGDXX03,2030,72.68077224000001
GLOBAL,S1D3,ELCBGDXX03,2030,21.944390040000002
GLOBAL,S1D4,ELCBGDXX03,2030,14.79103704
GLOBAL,S1D5,ELCBGDXX03,2030,12.039279120000002
GLOBAL,S2D1,ELCBGDXX03,2030,43.800842880000005
GLOBAL,S2D2,ELCBGDXX03,2030,76.15835028000001
GLOBAL,S2D3,ELCBGDXX03,2030,22.39557552
GLOBAL,S2D4,ELCBGDXX03,2030,15.9166332
GLOBAL,S2D5,ELCBGDXX03,2030,13.98269124
GLOBAL,S3D1,ELCBGDXX03,2030,63.590771520000004
GLOBAL,S3D2,ELCBGDXX03,2030,105.04504404000002
GLOBAL,S3D3,ELCBGDXX03,2030,30.11646168
GLOBAL,S3D4,ELCBGDXX03,2030,22.237965000000003
GLOBAL,S3D5,ELCBGDXX03,2030,20.09906172
GLOBAL,S4D1,ELCBGDXX03,2030,26.44609824
GLOBAL,S4D2,ELCBGDXX03,2030,46.97808156
GLOBAL,S4D3,ELCBGDXX03,2030,14.474463120000001
GLOBAL,S4D4,ELCBGDXX03,2030,9.780645960000001
GLOBAL,S4D5,ELCBGDXX03,2030,8.56575972
GLOBAL,S1D1,ELCBGDXX03,2031,37.290542508
GLOBAL,S1D2,ELCBGDXX03,2031,76.572251468
GLOBAL,S1D3,ELCBGDXX03,2031,23.119338178
GLOBAL,S1D4,ELCBGDXX03,2031,15.582979828000001
GLOBAL,S1D5,ELCBGDXX03,2031,12.683887084000002
GLOBAL,S2D1,ELCBGDXX03,2031,46.14603081600001
GLOBAL,S2D2,ELCBGDXX03,2031,80.23602624600001
GLOBAL,S2D3,ELCBGDXX03,2031,23.594681064
GLOBAL,S2D4,ELCBGDXX03,2031,16.76884274
GLOBAL,S2D5,ELCBGDXX03,2031,14.731353517999999
GLOBAL,S3D1,ELCBGDXX03,2031,66.995553264
GLOBAL,S3D2,ELCBGDXX03,2031,110.66937347800001
GLOBAL,S3D3,ELCBGDXX03,2031,31.728959476
GLOBAL,S3D4,ELCBGDXX03,2031,23.42863175
GLOBAL,S3D5,ELCBGDXX03,2031,21.175207154
GLOBAL,S4D1,ELCBGDXX03,2031,27.862077168
GLOBAL,S4D2,ELCBGDXX03,2031,49.493385442
GLOBAL,S4D3,ELCBGDXX03,2031,15.249455884000001
GLOBAL,S4D4,ELCBGDXX03,2031,10.304322022
GLOBAL,S4D5,ELCBGDXX03,2031,9.024388254
GLOBAL,S1D1,ELCBGDXX03,2032,39.28714569
GLOBAL,S1D2,ELCBGDXX03,2032,80.67206849
GLOBAL,S1D3,ELCBGDXX03,2032,24.357189415
GLOBAL,S1D4,ELCBGDXX03,2032,16.41732079
GLOBAL,S1D5,ELCBGDXX03,2032,13.363005370000002
GLOBAL,S2D1,ELCBGDXX03,2032,48.616772880000006
GLOBAL,S2D2,ELCBGDXX03,2032,84.53200840500001
GLOBAL,S2D3,ELCBGDXX03,2032,24.857983020000002
GLOBAL,S2D4,ELCBGDXX03,2032,17.66667695
GLOBAL,S2D5,ELCBGDXX03,2032,15.520096865
GLOBAL,S3D1,ELCBGDXX03,2032,70.58261652
GLOBAL,S3D2,ELCBGDXX03,2032,116.59481216500002
GLOBAL,S3D3,ELCBGDXX03,2032,33.42778543
GLOBAL,S3D4,ELCBGDXX03,2032,24.683043125000005
GLOBAL,S3D5,ELCBGDXX03,2032,22.308966095000002
GLOBAL,S4D1,ELCBGDXX03,2032,29.353863240000003
GLOBAL,S4D2,ELCBGDXX03,2032,52.143350935
GLOBAL,S4D3,ELCBGDXX03,2032,16.065939370000002
GLOBAL,S4D4,ELCBGDXX03,2032,10.856034085000001
GLOBAL,S4D5,ELCBGDXX03,2032,9.507570345000001
GLOBAL,S1D1,ELCBGDXX03,2033,41.390650889999996
GLOBAL,S1D2,ELCBGDXX03,2033,84.99139769
GLOBAL,S1D3,ELCBGDXX03,2033,25.661317614999998
GLOBAL,S1D4,ELCBGDXX03,2033,17.29633399
GLOBAL,S1D5,ELCBGDXX03,2033,14.078484970000002
GLOBAL,S2D1,ELCBGDXX03,2033,51.21980328
GLOBAL,S2D2,ELCBGDXX03,2033,89.05800580500001
GLOBAL,S2D3,ELCBGDXX03,2033,26.188924619999998
GLOBAL,S2D4,ELCBGDXX03,2033,18.61258295
GLOBAL,S2D5,ELCBGDXX03,2033,16.351071065
GLOBAL,S3D1,ELCBGDXX03,2033,74.36173812
GLOBAL,S3D2,ELCBGDXX03,2033,122.83751036500001
GLOBAL,S3D3,ELCBGDXX03,2033,35.21756983
GLOBAL,S3D4,ELCBGDXX03,2033,26.004618125
GLOBAL,S3D5,ELCBGDXX03,2033,23.503428695
GLOBAL,S4D1,ELCBGDXX03,2033,30.925522439999998
GLOBAL,S4D2,ELCBGDXX03,2033,54.935200734999995
GLOBAL,S4D3,ELCBGDXX03,2033,16.92613897
GLOBAL,S4D4,ELCBGDXX03,2033,11.437285885
GLOBAL,S4D5,ELCBGDXX03,2033,10.016622945
GLOBAL,S1D1,ELCBGDXX03,2034,43.606761641999995
GLOBAL,S1D2,ELCBGDXX03,2034,89.54195068199999
GLOBAL,S1D3,ELCBGDXX03,2034,27.035258846999998
GLOBAL,S1D4,ELCBGDXX03,2034,18.222402822
GLOBAL,S1D5,ELCBGDXX03,2034,14.832265866
GLOBAL,S2D1,ELCBGDXX03,2034,53.962179984
GLOBAL,S2D2,ELCBGDXX03,2034,93.826290429
GLOBAL,S2D3,ELCBGDXX03,2034,27.591114635999997
GLOBAL,S2D4,ELCBGDXX03,2034,19.60912551
GLOBAL,S2D5,ELCBGDXX03,2034,17.226529257
GLOBAL,S3D1,ELCBGDXX03,2034,78.343164936
GLOBAL,S3D2,ELCBGDXX03,2034,129.414394797
GLOBAL,S3D3,ELCBGDXX03,2034,37.103165573999995
GLOBAL,S3D4,ELCBGDXX03,2034,27.396940125
GLOBAL,S3D5,ELCBGDXX03,2034,24.761833670999998
GLOBAL,S4D1,ELCBGDXX03,2034,32.581316232
GLOBAL,S4D2,ELCBGDXX03,2034,57.876504782999994
GLOBAL,S4D3,ELCBGDXX03,2034,17.832387066
GLOBAL,S4D4,ELCBGDXX03,2034,12.049653453
GLOBAL,S4D5,ELCBGDXX03,2034,10.552926321
GLOBAL,S1D1,ELCBGDXX03,2035,45.941547762
GLOBAL,S1D2,ELCBGDXX03,2035,94.336191202
GLOBAL,S1D3,ELCBGDXX03,2035,28.482776267
GLOBAL,S1D4,ELCBGDXX03,2035,19.198063742
GLOBAL,S1D5,ELCBGDXX03,2035,15.626412626
GLOBAL,S2D1,ELCBGDXX03,2035,56.851414224
GLOBAL,S2D2,ELCBGDXX03,2035,98.849922369
GLOBAL,S2D3,ELCBGDXX03,2035,29.068393595999996
GLOBAL,S2D4,ELCBGDXX03,2035,20.659034109999997
GLOBAL,S2D5,ELCBGDXX03,2035,18.148869277
GLOBAL,S3D1,ELCBGDXX03,2035,82.53780189599999
GLOBAL,S3D2,ELCBGDXX03,2035,136.343479217
GLOBAL,S3D3,ELCBGDXX03,2035,39.089737213999996
GLOBAL,S3D4,ELCBGDXX03,2035,28.863822625
GLOBAL,S3D5,ELCBGDXX03,2035,26.087627730999998
GLOBAL,S4D1,ELCBGDXX03,2035,34.325779751999995
GLOBAL,S4D2,ELCBGDXX03,2035,60.975319162999995
GLOBAL,S4D3,ELCBGDXX03,2035,18.787165826
GLOBAL,S4D4,ELCBGDXX03,2035,12.694814032999998
GLOBAL,S4D5,ELCBGDXX03,2035,11.117949381
GLOBAL,S1D1,ELCBGDXX03,2036,48.401340696
GLOBAL,S1D2,ELCBGDXX03,2036,99.387120216
GLOBAL,S1D3,ELCBGDXX03,2036,30.007795235999996
GLOBAL,S1D4,ELCBGDXX03,2036,20.225962536
GLOBAL,S1D5,ELCBGDXX03,2036,16.463078808000002
GLOBAL,S2D1,ELCBGDXX03,2036,59.895340992
GLOBAL,S2D2,ELCBGDXX03,2036,104.142524652
GLOBAL,S2D3,ELCBGDXX03,2036,30.624767568
GLOBAL,S2D4,ELCBGDXX03,2036,21.76515588
GLOBAL,S2D5,ELCBGDXX03,2036,19.120592316
GLOBAL,S3D1,ELCBGDXX03,2036,86.95702396799999
GLOBAL,S3D2,ELCBGDXX03,2036,143.643553836
GLOBAL,S3D3,ELCBGDXX03,2036,41.182671911999996
GLOBAL,S3D4,ELCBGDXX03,2036,30.409243500000002
GLOBAL,S3D5,ELCBGDXX03,2036,27.484406147999998
GLOBAL,S4D1,ELCBGDXX03,2036,36.163643616
GLOBAL,S4D2,ELCBGDXX03,2036,64.24004720399999
GLOBAL,S4D3,ELCBGDXX03,2036,19.793064408
GLOBAL,S4D4,ELCBGDXX03,2036,13.374517164
GLOBAL,S4D5,ELCBGDXX03,2036,11.713224348
GLOBAL,S1D1,ELCBGDXX03,2037,50.992785846
GLOBAL,S1D2,ELCBGDXX03,2037,104.70838336599999
GLOBAL,S1D3,ELCBGDXX03,2037,31.614435760999996
GLOBAL,S1D4,ELCBGDXX03,2037,21.308876186
GLOBAL,S1D5,ELCBGDXX03,2037,17.344524758000002
GLOBAL,S2D1,ELCBGDXX03,2037,63.102183792
GLOBAL,S2D2,ELCBGDXX03,2037,109.718395827
GLOBAL,S2D3,ELCBGDXX03,2037,32.264441268
GLOBAL,S2D4,ELCBGDXX03,2037,22.93047913
GLOBAL,S2D5,ELCBGDXX03,2037,20.144323591
GLOBAL,S3D1,ELCBGDXX03,2037,91.612770168
GLOBAL,S3D2,ELCBGDXX03,2037,151.33434061100002
GLOBAL,S3D3,ELCBGDXX03,2037,43.387623962
GLOBAL,S3D4,ELCBGDXX03,2037,32.037377875
GLOBAL,S3D5,ELCBGDXX03,2037,28.955942473
GLOBAL,S4D1,ELCBGDXX03,2037,38.099873016
GLOBAL,S4D2,ELCBGDXX03,2037,67.679508929
GLOBAL,S4D3,ELCBGDXX03,2037,20.852800358
GLOBAL,S4D4,ELCBGDXX03,2037,14.090599138999998
GLOBAL,S4D5,ELCBGDXX03,2037,12.340359423
GLOBAL,S1D1,ELCBGDXX03,2038,53.723051874
GLOBAL,S1D2,ELCBGDXX03,2038,110.314700754
GLOBAL,S1D3,ELCBGDXX03,2038,33.307142259
GLOBAL,S1D4,ELCBGDXX03,2038,22.449800334000003
GLOBAL,S1D5,ELCBGDXX03,2038,18.273188802000004
GLOBAL,S2D1,ELCBGDXX03,2038,66.48081364800001
GLOBAL,S2D2,ELCBGDXX03,2038,115.59296031300002
GLOBAL,S2D3,ELCBGDXX03,2038,33.991950492
GLOBAL,S2D4,ELCBGDXX03,2038,24.15822747
GLOBAL,S2D5,ELCBGDXX03,2038,21.222895029
GLOBAL,S3D1,ELCBGDXX03,2038,96.517919592
GLOBAL,S3D2,ELCBGDXX03,2038,159.43711440900003
GLOBAL,S3D3,ELCBGDXX03,2038,45.710692878
GLOBAL,S3D4,ELCBGDXX03,2038,33.752729625
GLOBAL,S3D5,ELCBGDXX03,2038,30.506307387000003
GLOBAL,S4D1,ELCBGDXX03,2038,40.139824104
GLOBAL,S4D2,ELCBGDXX03,2038,71.303218851
GLOBAL,S4D3,ELCBGDXX03,2038,21.969305202
GLOBAL,S4D4,ELCBGDXX03,2038,14.845040841000001
GLOBAL,S4D5,ELCBGDXX03,2038,13.001089437000001
GLOBAL,S1D1,ELCBGDXX03,2039,56.599464420000004
GLOBAL,S1D2,ELCBGDXX03,2039,116.22111482000001
GLOBAL,S1D3,ELCBGDXX03,2039,35.09045647
GLOBAL,S1D4,ELCBGDXX03,2039,23.65179622
GLOBAL,S1D5,ELCBGDXX03,2039,19.25156266
GLOBAL,S2D1,ELCBGDXX03,2039,70.04029584000001
GLOBAL,S2D2,ELCBGDXX03,2039,121.78198029000002
GLOBAL,S2D3,ELCBGDXX03,2039,35.81193036
GLOBAL,S2D4,ELCBGDXX03,2039,25.451695100000002
GLOBAL,S2D5,ELCBGDXX03,2039,22.35920057
GLOBAL,S3D1,ELCBGDXX03,2039,101.68563336
GLOBAL,S3D2,ELCBGDXX03,2039,167.97361597000003
GLOBAL,S3D3,ELCBGDXX03,2039,48.15811174
GLOBAL,S3D4,ELCBGDXX03,2039,35.55990125
GLOBAL,S3D5,ELCBGDXX03,2039,32.13966071
GLOBAL,S4D1,ELCBGDXX03,2039,42.288970320000004
GLOBAL,S4D2,ELCBGDXX03,2039,75.12089983
GLOBAL,S4D3,ELCBGDXX03,2039,23.14557466
GLOBAL,S4D4,ELCBGDXX03,2039,15.63986653
GLOBAL,S4D5,ELCBGDXX03,2039,13.697187210000001
GLOBAL,S1D1,ELCBGDXX03,2040,59.62992471
GLOBAL,S1D2,ELCBGDXX03,2040,122.44384991
GLOBAL,S1D3,ELCBGDXX03,2040,36.969276985
GLOBAL,S1D4,ELCBGDXX03,2040,24.91816561
GLOBAL,S1D5,ELCBGDXX03,2040,20.282333830000002
GLOBAL,S2D1,ELCBGDXX03,2040,73.79040792
GLOBAL,S2D2,ELCBGDXX03,2040,128.302456395
GLOBAL,S2D3,ELCBGDXX03,2040,37.72938018
GLOBAL,S2D4,ELCBGDXX03,2040,26.81443505
GLOBAL,S2D5,ELCBGDXX03,2040,23.556361535
GLOBAL,S3D1,ELCBGDXX03,2040,107.13010668
GLOBAL,S3D2,ELCBGDXX03,2040,176.96729423500003
GLOBAL,S3D3,ELCBGDXX03,2040,50.73660337
GLOBAL,S3D4,ELCBGDXX03,2040,37.463856875000005
GLOBAL,S3D5,ELCBGDXX03,2040,33.860489105
GLOBAL,S4D1,ELCBGDXX03,2040,44.55321516
GLOBAL,S4D2,ELCBGDXX03,2040,79.143038665
GLOBAL,S4D3,ELCBGDXX03,2040,24.38483983
GLOBAL,S4D4,ELCBGDXX03,2040,16.477259515
GLOBAL,S4D5,ELCBGDXX03,2040,14.430564855000002
GLOBAL,S1D1,ELCBGDXX03,2041,62.82259559999999
GLOBAL,S1D2,ELCBGDXX03,2041,128.99966759999998
GLOBAL,S1D3,ELCBGDXX03,2041,38.948664599999994
GLOBAL,S1D4,ELCBGDXX03,2041,26.252319599999996
GLOBAL,S1D5,ELCBGDXX03,2041,21.3682788
GLOBAL,S2D1,ELCBGDXX03,2041,77.7412512
GLOBAL,S2D2,ELCBGDXX03,2041,135.1719522
GLOBAL,S2D3,ELCBGDXX03,2041,39.7494648
GLOBAL,S2D4,ELCBGDXX03,2041,28.250117999999997
GLOBAL,S2D5,ELCBGDXX03,2041,24.817602599999997
GLOBAL,S3D1,ELCBGDXX03,2041,112.86600479999998
GLOBAL,S3D2,ELCBGDXX03,2041,186.4423746
GLOBAL,S3D3,ELCBGDXX03,2041,53.4531132
GLOBAL,S3D4,ELCBGDXX03,2041,39.469725
GLOBAL,S3D5,ELCBGDXX03,2041,35.6734278
GLOBAL,S4D1,ELCBGDXX03,2041,46.93865759999999
GLOBAL,S4D2,ELCBGDXX03,2041,83.3804694
GLOBAL,S4D3,ELCBGDXX03,2041,25.6904388
GLOBAL,S4D4,ELCBGDXX03,2041,17.359475399999997
GLOBAL,S4D5,ELCBGDXX03,2041,15.2031978
GLOBAL,S1D1,ELCBGDXX03,2042,65.502419364
GLOBAL,S1D2,ELCBGDXX03,2042,134.502407044
GLOBAL,S1D3,ELCBGDXX03,2042,40.610097974
GLOBAL,S1D4,ELCBGDXX03,2042,27.372164924000003
GLOBAL,S1D5,ELCBGDXX03,2042,22.279785572
GLOBAL,S2D1,ELCBGDXX03,2042,81.05746012800002
GLOBAL,S2D2,ELCBGDXX03,2042,140.93798281800002
GLOBAL,S2D3,ELCBGDXX03,2042,41.445057912
GLOBAL,S2D4,ELCBGDXX03,2042,29.45518342
GLOBAL,S2D5,ELCBGDXX03,2042,25.876247194
GLOBAL,S3D1,ELCBGDXX03,2042,117.680530512
GLOBAL,S3D2,ELCBGDXX03,2042,194.39544787400004
GLOBAL,S3D3,ELCBGDXX03,2042,55.733262908
GLOBAL,S3D4,ELCBGDXX03,2042,41.15338525000001
GLOBAL,S3D5,ELCBGDXX03,2042,37.195149382000004
GLOBAL,S4D1,ELCBGDXX03,2042,48.940920144
GLOBAL,S4D2,ELCBGDXX03,2042,86.937230486
GLOBAL,S4D3,ELCBGDXX03,2042,26.786315972
GLOBAL,S4D4,ELCBGDXX03,2042,18.099978626000002
GLOBAL,S4D5,ELCBGDXX03,2042,15.851720682000002
GLOBAL,S1D1,ELCBGDXX03,2043,68.296523112
GLOBAL,S1D2,ELCBGDXX03,2043,140.239808552
GLOBAL,S1D3,ELCBGDXX03,2043,42.342382492
GLOBAL,S1D4,ELCBGDXX03,2043,28.539765592
GLOBAL,S1D5,ELCBGDXX03,2043,23.230163176
GLOBAL,S2D1,ELCBGDXX03,2043,84.515087424
GLOBAL,S2D2,ELCBGDXX03,2043,146.949903444
GLOBAL,S2D3,ELCBGDXX03,2043,43.212958895999996
GLOBAL,S2D4,ELCBGDXX03,2043,30.71163836
GLOBAL,S2D5,ELCBGDXX03,2043,26.980037252
GLOBAL,S3D1,ELCBGDXX03,2043,122.700369696
GLOBAL,S3D2,ELCBGDXX03,2043,202.68767669200003
GLOBAL,S3D3,ELCBGDXX03,2043,58.110648663999996
GLOBAL,S3D4,ELCBGDXX03,2043,42.9088445
GLOBAL,S3D5,ELCBGDXX03,2043,38.781764156
GLOBAL,S4D1,ELCBGDXX03,2043,51.028568352
GLOBAL,S4D2,ELCBGDXX03,2043,90.645668188
GLOBAL,S4D3,ELCBGDXX03,2043,27.928926376
GLOBAL,S4D4,ELCBGDXX03,2043,18.872060308
GLOBAL,S4D5,ELCBGDXX03,2043,16.527899556
GLOBAL,S1D1,ELCBGDXX03,2044,71.20982548799999
GLOBAL,S1D2,ELCBGDXX03,2044,146.221972048
GLOBAL,S1D3,ELCBGDXX03,2044,44.14856760799999
GLOBAL,S1D4,ELCBGDXX03,2044,29.757177008
GLOBAL,S1D5,ELCBGDXX03,2044,24.221084624
GLOBAL,S2D1,ELCBGDXX03,2044,88.120219776
GLOBAL,S2D2,ELCBGDXX03,2044,153.218297256
GLOBAL,S2D3,ELCBGDXX03,2044,45.05627990399999
GLOBAL,S2D4,ELCBGDXX03,2044,32.02169464
GLOBAL,S2D5,ELCBGDXX03,2044,28.130915847999997
GLOBAL,S3D1,ELCBGDXX03,2044,127.93435910399998
GLOBAL,S3D2,ELCBGDXX03,2044,211.333658408
GLOBAL,S3D3,ELCBGDXX03,2044,60.589455535999996
GLOBAL,S3D4,ELCBGDXX03,2044,44.739193
GLOBAL,S3D5,ELCBGDXX03,2044,40.436065144
GLOBAL,S4D1,ELCBGDXX03,2044,53.205277247999994
GLOBAL,S4D2,ELCBGDXX03,2044,94.51231071199999
GLOBAL,S4D3,ELCBGDXX03,2044,29.120281423999998
GLOBAL,S4D4,ELCBGDXX03,2044,19.677079592
GLOBAL,S4D5,ELCBGDXX03,2044,17.232924743999998
GLOBAL,S1D1,ELCBGDXX03,2045,74.247402114
GLOBAL,S1D2,ELCBGDXX03,2045,152.459319794
GLOBAL,S1D3,ELCBGDXX03,2045,46.031800099
GLOBAL,S1D4,ELCBGDXX03,2045,31.026520174
GLOBAL,S1D5,ELCBGDXX03,2045,25.254276322000003
GLOBAL,S2D1,ELCBGDXX03,2045,91.87913812800001
GLOBAL,S2D2,ELCBGDXX03,2045,159.754085193
GLOBAL,S2D3,ELCBGDXX03,2045,46.978232412
GLOBAL,S2D4,ELCBGDXX03,2045,33.38763467
GLOBAL,S2D5,ELCBGDXX03,2045,29.330888069
GLOBAL,S3D1,ELCBGDXX03,2045,133.391617512
GLOBAL,S3D2,ELCBGDXX03,2045,220.34845624900004
GLOBAL,S3D3,ELCBGDXX03,2045,63.174002158
GLOBAL,S3D4,ELCBGDXX03,2045,46.647619625000004
GLOBAL,S3D5,ELCBGDXX03,2045,42.160934507
GLOBAL,S4D1,ELCBGDXX03,2045,55.474839144
GLOBAL,S4D2,ELCBGDXX03,2045,98.543894611
GLOBAL,S4D3,ELCBGDXX03,2045,30.362456722
GLOBAL,S4D4,ELCBGDXX03,2045,20.516439001000002
GLOBAL,S4D5,ELCBGDXX03,2045,17.968024557000003
GLOBAL,S1D1,ELCBGDXX03,2046,77.414590242
GLOBAL,S1D2,ELCBGDXX03,2046,158.96281128200002
GLOBAL,S1D3,ELCBGDXX03,2046,47.995388947
GLOBAL,S1D4,ELCBGDXX03,2046,32.350025422
GLOBAL,S1D5,ELCBGDXX03,2046,26.331553666000005
GLOBAL,S2D1,ELCBGDXX03,2046,95.79844718400001
GLOBAL,S2D2,ELCBGDXX03,2046,166.56875112900002
GLOBAL,S2D3,ELCBGDXX03,2046,48.982193436
GLOBAL,S2D4,ELCBGDXX03,2046,34.81185851
GLOBAL,S2D5,ELCBGDXX03,2046,30.582062356999998
GLOBAL,S3D1,ELCBGDXX03,2046,139.081733736
GLOBAL,S3D2,ELCBGDXX03,2046,229.74790989700003
GLOBAL,S3D3,ELCBGDXX03,2046,65.868829774
GLOBAL,S3D4,ELCBGDXX03,2046,48.637477625
GLOBAL,S3D5,ELCBGDXX03,2046,43.959402971
GLOBAL,S4D1,ELCBGDXX03,2046,57.841241832
GLOBAL,S4D2,ELCBGDXX03,2046,102.747503683
GLOBAL,S4D3,ELCBGDXX03,2046,31.657634866000002
GLOBAL,S4D4,ELCBGDXX03,2046,21.391613353
GLOBAL,S4D5,ELCBGDXX03,2046,18.734490621000003
GLOBAL,S1D1,ELCBGDXX03,2047,80.71683177599999
GLOBAL,S1D2,ELCBGDXX03,2047,165.743620896
GLOBAL,S1D3,ELCBGDXX03,2047,50.042708016
GLOBAL,S1D4,ELCBGDXX03,2047,33.729966816
GLOBAL,S1D5,ELCBGDXX03,2047,27.454767648
GLOBAL,S2D1,ELCBGDXX03,2047,99.884881152
GLOBAL,S2D2,ELCBGDXX03,2047,173.674004112
GLOBAL,S2D3,ELCBGDXX03,2047,51.071606208
GLOBAL,S2D4,ELCBGDXX03,2047,36.29681328
GLOBAL,S2D5,ELCBGDXX03,2047,31.886588495999998
GLOBAL,S3D1,ELCBGDXX03,2047,145.014484608
GLOBAL,S3D2,ELCBGDXX03,2047,239.54816961600002
GLOBAL,S3D3,ELCBGDXX03,2047,68.678568672
GLOBAL,S3D4,ELCBGDXX03,2047,50.712186
GLOBAL,S3D5,ELCBGDXX03,2047,45.834560688
GLOBAL,S4D1,ELCBGDXX03,2047,60.308551296
GLOBAL,S4D2,ELCBGDXX03,2047,107.13036062399999
GLOBAL,S4D3,ELCBGDXX03,2047,33.008041248
GLOBAL,S4D4,ELCBGDXX03,2047,22.304106384
GLOBAL,S4D5,ELCBGDXX03,2047,19.533639888
GLOBAL,S1D1,ELCBGDXX03,2048,84.15993490199999
GLOBAL,S1D2,ELCBGDXX03,2048,172.813675142
GLOBAL,S1D3,ELCBGDXX03,2048,52.177358256999995
GLOBAL,S1D4,ELCBGDXX03,2048,35.168771482
GLOBAL,S1D5,ELCBGDXX03,2048,28.625893846
GLOBAL,S2D1,ELCBGDXX03,2048,104.145627504
GLOBAL,S2D2,ELCBGDXX03,2048,181.082341299
GLOBAL,S2D3,ELCBGDXX03,2048,53.250145716
GLOBAL,S2D4,ELCBGDXX03,2048,37.845110809999994
GLOBAL,S2D5,ELCBGDXX03,2048,33.24676096699999
GLOBAL,S3D1,ELCBGDXX03,2048,151.200305016
GLOBAL,S3D2,ELCBGDXX03,2048,249.76647270700002
GLOBAL,S3D3,ELCBGDXX03,2048,71.608160794
GLOBAL,S3D4,ELCBGDXX03,2048,52.875393875
GLOBAL,S3D5,ELCBGDXX03,2048,47.789705801
GLOBAL,S4D1,ELCBGDXX03,2048,62.881107191999995
GLOBAL,S4D2,ELCBGDXX03,2048,111.70017427299999
GLOBAL,S4D3,ELCBGDXX03,2048,34.416051046
GLOBAL,S4D4,ELCBGDXX03,2048,23.255523043
GLOBAL,S4D5,ELCBGDXX03,2048,20.366877951
GLOBAL,S1D1,ELCBGDXX03,2049,87.74991710999998
GLOBAL,S1D2,ELCBGDXX03,2049,180.18533030999998
GLOBAL,S1D3,ELCBGDXX03,2049,54.40307038499999
GLOBAL,S1D4,ELCBGDXX03,2049,36.66895401
GLOBAL,S1D5,ELCBGDXX03,2049,29.84697903
GLOBAL,S2D1,ELCBGDXX03,2049,108.58813272
GLOBAL,S2D2,ELCBGDXX03,2049,188.806710195
GLOBAL,S2D3,ELCBGDXX03,2049,55.52161938
GLOBAL,S2D4,ELCBGDXX03,2049,39.45945705
GLOBAL,S2D5,ELCBGDXX03,2049,34.66495693499999
GLOBAL,S3D1,ELCBGDXX03,2049,157.65000587999998
GLOBAL,S3D2,ELCBGDXX03,2049,260.420677635
GLOBAL,S3D3,ELCBGDXX03,2049,74.66272617
GLOBAL,S3D4,ELCBGDXX03,2049,55.130881875
GLOBAL,S3D5,ELCBGDXX03,2049,49.828255305
GLOBAL,S4D1,ELCBGDXX03,2049,65.56340555999999
GLOBAL,S4D2,ELCBGDXX03,2049,116.46493126499999
GLOBAL,S4D3,ELCBGDXX03,2049,35.88412503
GLOBAL,S4D4,ELCBGDXX03,2049,24.247526115
GLOBAL,S4D5,ELCBGDXX03,2049,21.235661055
GLOBAL,S1D1,ELCBGDXX03,2050,91.49305752
GLOBAL,S1D2,ELCBGDXX03,2050,187.87147991999998
GLOBAL,S1D3,ELCBGDXX03,2050,56.72373732
GLOBAL,S1D4,ELCBGDXX03,2050,38.23313832
GLOBAL,S1D5,ELCBGDXX03,2050,31.12015896
GLOBAL,S2D1,ELCBGDXX03,2050,113.22016704
GLOBAL,S2D2,ELCBGDXX03,2050,196.86062124
GLOBAL,S2D3,ELCBGDXX03,2050,57.89000016
GLOBAL,S2D4,ELCBGDXX03,2050,41.1426756
GLOBAL,S2D5,ELCBGDXX03,2050,36.14365692
GLOBAL,S3D1,ELCBGDXX03,2050,164.37486815999998
GLOBAL,S3D2,ELCBGDXX03,2050,271.52941932000004
GLOBAL,S3D3,ELCBGDXX03,2050,77.84760744
GLOBAL,S3D4,ELCBGDXX03,2050,57.482595
GLOBAL,S3D5,ELCBGDXX03,2050,51.95377476
GLOBAL,S4D1,ELCBGDXX03,2050,68.36013792
GLOBAL,S4D2,ELCBGDXX03,2050,121.43296548
GLOBAL,S4D3,ELCBGDXX03,2050,37.41483096
GLOBAL,S4D4,ELCBGDXX03,2050,25.281850679999998
GLOBAL,S4D5,ELCBGDXX03,2050,22.14150876
GLOBAL,S1D1,ELCBTNXX03,2023,0.7412420160000001
GLOBAL,S1D2,ELCBTNXX03,2023,2.362411818
GLOBAL,S1D3,ELCBTNXX03,2023,0.8093221920000001
GLOBAL,S1D4,ELCBTNXX03,2023,0.559136034
GLOBAL,S1D5,ELCBTNXX03,2023,0.426689532
GLOBAL,S2D1,ELCBTNXX03,2023,0.8409641940000001
GLOBAL,S2D2,ELCBTNXX03,2023,2.2833810900000002
GLOBAL,S2D3,ELCBTNXX03,2023,0.7315647840000001
GLOBAL,S2D4,ELCBTNXX03,2023,0.5252445
GLOBAL,S2D5,ELCBTNXX03,2023,0.40809906
GLOBAL,S3D1,ELCBTNXX03,2023,1.597464828
GLOBAL,S3D2,ELCBTNXX03,2023,3.42225972
GLOBAL,S3D3,ELCBTNXX03,2023,0.9592131780000002
GLOBAL,S3D4,ELCBTNXX03,2023,0.746038188
GLOBAL,S3D5,ELCBTNXX03,2023,0.599988384
GLOBAL,S4D1,ELCBTNXX03,2023,0.7390773720000001
GLOBAL,S4D2,ELCBTNXX03,2023,2.0067310980000004
GLOBAL,S4D3,ELCBTNXX03,2023,0.6429204900000001
GLOBAL,S4D4,ELCBTNXX03,2023,0.46159972200000005
GLOBAL,S4D5,ELCBTNXX03,2023,0.35865179999999997
GLOBAL,S1D1,ELCBTNXX03,2024,0.79304024
GLOBAL,S1D2,ELCBTNXX03,2024,2.5274978949999998
GLOBAL,S1D3,ELCBTNXX03,2024,0.86587788
GLOBAL,S1D4,ELCBTNXX03,2024,0.5982086349999999
GLOBAL,S1D5,ELCBTNXX03,2024,0.4565067299999999
GLOBAL,S2D1,ELCBTNXX03,2024,0.899731035
GLOBAL,S2D2,ELCBTNXX03,2024,2.4429444749999996
GLOBAL,S2D3,ELCBTNXX03,2024,0.78268676
GLOBAL,S2D4,ELCBTNXX03,2024,0.56194875
GLOBAL,S2D5,ELCBTNXX03,2024,0.43661714999999995
GLOBAL,S3D1,ELCBTNXX03,2024,1.7090961699999998
GLOBAL,S3D2,ELCBTNXX03,2024,3.6614082999999993
GLOBAL,S3D3,ELCBTNXX03,2024,1.026243295
GLOBAL,S3D4,ELCBTNXX03,2024,0.7981715699999999
GLOBAL,S3D5,ELCBTNXX03,2024,0.64191576
GLOBAL,S4D1,ELCBTNXX03,2024,0.79072433
GLOBAL,S4D2,ELCBTNXX03,2024,2.146962095
GLOBAL,S4D3,ELCBTNXX03,2024,0.687847975
GLOBAL,S4D4,ELCBTNXX03,2024,0.49385645499999997
GLOBAL,S4D5,ELCBTNXX03,2024,0.38371449999999996
GLOBAL,S1D1,ELCBTNXX03,2025,0.848505904
GLOBAL,S1D2,ELCBTNXX03,2025,2.704272467
GLOBAL,S1D3,ELCBTNXX03,2025,0.9264378480000001
GLOBAL,S1D4,ELCBTNXX03,2025,0.6400476709999999
GLOBAL,S1D5,ELCBTNXX03,2025,0.488435058
GLOBAL,S2D1,ELCBTNXX03,2025,0.962658711
GLOBAL,S2D2,ELCBTNXX03,2025,2.613805335
GLOBAL,S2D3,ELCBTNXX03,2025,0.837428296
GLOBAL,S2D4,ELCBTNXX03,2025,0.60125175
GLOBAL,S2D5,ELCBTNXX03,2025,0.46715439
GLOBAL,S3D1,ELCBTNXX03,2025,1.8286312819999997
GLOBAL,S3D2,ELCBTNXX03,2025,3.9174891799999996
GLOBAL,S3D3,ELCBTNXX03,2025,1.098019307
GLOBAL,S3D4,ELCBTNXX03,2025,0.853996122
GLOBAL,S3D5,ELCBTNXX03,2025,0.6868116959999999
GLOBAL,S4D1,ELCBTNXX03,2025,0.846028018
GLOBAL,S4D2,ELCBTNXX03,2025,2.297121787
GLOBAL,S4D3,ELCBTNXX03,2025,0.735956435
GLOBAL,S4D4,ELCBTNXX03,2025,0.528397043
GLOBAL,S4D5,ELCBTNXX03,2025,0.41055169999999996
GLOBAL,S1D1,ELCBTNXX03,2026,0.907813648
GLOBAL,S1D2,ELCBTNXX03,2026,2.893292129
GLOBAL,S1D3,ELCBTNXX03,2026,0.9911927760000001
GLOBAL,S1D4,ELCBTNXX03,2026,0.684784877
GLOBAL,S1D5,ELCBTNXX03,2026,0.5225750459999999
GLOBAL,S2D1,ELCBTNXX03,2026,1.0299453570000001
GLOBAL,S2D2,ELCBTNXX03,2026,2.7965016449999998
GLOBAL,S2D3,ELCBTNXX03,2026,0.8959617520000001
GLOBAL,S2D4,ELCBTNXX03,2026,0.64327725
GLOBAL,S2D5,ELCBTNXX03,2026,0.49980693
GLOBAL,S3D1,ELCBTNXX03,2026,1.956446534
GLOBAL,S3D2,ELCBTNXX03,2026,4.19130866
GLOBAL,S3D3,ELCBTNXX03,2026,1.174767209
GLOBAL,S3D4,ELCBTNXX03,2026,0.913687614
GLOBAL,S3D5,ELCBTNXX03,2026,0.734817552
GLOBAL,S4D1,ELCBTNXX03,2026,0.9051625660000001
GLOBAL,S4D2,ELCBTNXX03,2026,2.457682969
GLOBAL,S4D3,ELCBTNXX03,2026,0.7873973449999999
GLOBAL,S4D4,ELCBTNXX03,2026,0.565330241
GLOBAL,S4D5,ELCBTNXX03,2026,0.43924789999999997
GLOBAL,S1D1,ELCBTNXX03,2027,0.971242896
GLOBAL,S1D2,ELCBTNXX03,2027,3.095447433
GLOBAL,S1D3,ELCBTNXX03,2027,1.060447752
GLOBAL,S1D4,ELCBTNXX03,2027,0.7326310289999999
GLOBAL,S1D5,ELCBTNXX03,2027,0.559087542
GLOBAL,S2D1,ELCBTNXX03,2027,1.101907989
GLOBAL,S2D2,ELCBTNXX03,2027,2.9918941649999997
GLOBAL,S2D3,ELCBTNXX03,2027,0.958562904
GLOBAL,S2D4,ELCBTNXX03,2027,0.68822325
GLOBAL,S2D5,ELCBTNXX03,2027,0.5347286099999999
GLOBAL,S3D1,ELCBTNXX03,2027,2.0931441179999997
GLOBAL,S3D2,ELCBTNXX03,2027,4.484156819999999
GLOBAL,S3D3,ELCBTNXX03,2027,1.256848593
GLOBAL,S3D4,ELCBTNXX03,2027,0.9775272779999999
GLOBAL,S3D5,ELCBTNXX03,2027,0.7861595039999999
GLOBAL,S4D1,ELCBTNXX03,2027,0.9684065820000001
GLOBAL,S4D2,ELCBTNXX03,2027,2.629402113
GLOBAL,S4D3,ELCBTNXX03,2027,0.8424130649999999
GLOBAL,S4D4,ELCBTNXX03,2027,0.6048300569999999
GLOBAL,S4D5,ELCBTNXX03,2027,0.4699382999999999
GLOBAL,S1D1,ELCBTNXX03,2028,1.039142928
GLOBAL,S1D2,ELCBTNXX03,2028,3.3118515690000003
GLOBAL,S1D3,ELCBTNXX03,2028,1.1345841360000002
GLOBAL,S1D4,ELCBTNXX03,2028,0.783849597
GLOBAL,S1D5,ELCBTNXX03,2028,0.598173606
GLOBAL,S2D1,ELCBTNXX03,2028,1.1789428770000001
GLOBAL,S2D2,ELCBTNXX03,2028,3.201058845
GLOBAL,S2D3,ELCBTNXX03,2028,1.025576472
GLOBAL,S2D4,ELCBTNXX03,2028,0.73633725
GLOBAL,S2D5,ELCBTNXX03,2028,0.57211173
GLOBAL,S3D1,ELCBTNXX03,2028,2.239476774
GLOBAL,S3D2,ELCBTNXX03,2028,4.79764626
GLOBAL,S3D3,ELCBTNXX03,2028,1.3447154490000002
GLOBAL,S3D4,ELCBTNXX03,2028,1.045866654
GLOBAL,S3D5,ELCBTNXX03,2028,0.841120272
GLOBAL,S4D1,ELCBTNXX03,2028,1.0361083260000001
GLOBAL,S4D2,ELCBTNXX03,2028,2.8132248090000003
GLOBAL,S4D3,ELCBTNXX03,2028,0.901306545
GLOBAL,S4D4,ELCBTNXX03,2028,0.647114001
GLOBAL,S4D5,ELCBTNXX03,2028,0.5027919
GLOBAL,S1D1,ELCBTNXX03,2029,1.111793168
GLOBAL,S1D2,ELCBTNXX03,2029,3.543395089
GLOBAL,S1D3,ELCBTNXX03,2029,1.213907016
GLOBAL,S1D4,ELCBTNXX03,2029,0.8386513569999999
GLOBAL,S1D5,ELCBTNXX03,2029,0.639994086
GLOBAL,S2D1,ELCBTNXX03,2029,1.261367037
GLOBAL,S2D2,ELCBTNXX03,2029,3.4248564449999996
GLOBAL,S2D3,ELCBTNXX03,2029,1.097278232
GLOBAL,S2D4,ELCBTNXX03,2029,0.78781725
GLOBAL,S2D5,ELCBTNXX03,2029,0.61211013
GLOBAL,S3D1,ELCBTNXX03,2029,2.396046694
GLOBAL,S3D2,ELCBTNXX03,2029,5.133067059999999
GLOBAL,S3D3,ELCBTNXX03,2029,1.438729369
GLOBAL,S3D4,ELCBTNXX03,2029,1.1189869739999998
GLOBAL,S3D5,ELCBTNXX03,2029,0.899926032
GLOBAL,S4D1,ELCBTNXX03,2029,1.108546406
GLOBAL,S4D2,ELCBTNXX03,2029,3.009907529
GLOBAL,S4D3,ELCBTNXX03,2029,0.964320145
GLOBAL,S4D4,ELCBTNXX03,2029,0.692356081
GLOBAL,S4D5,ELCBTNXX03,2029,0.5379438999999999
GLOBAL,S1D1,ELCBTNXX03,2030,1.189507968
GLOBAL,S1D2,ELCBTNXX03,2030,3.791079864
GLOBAL,S1D3,ELCBTNXX03,2030,1.2987596160000001
GLOBAL,S1D4,ELCBTNXX03,2030,0.8972734319999999
GLOBAL,S1D5,ELCBTNXX03,2030,0.6847299359999999
GLOBAL,S2D1,ELCBTNXX03,2030,1.349537112
GLOBAL,S2D2,ELCBTNXX03,2030,3.6642553199999996
GLOBAL,S2D3,ELCBTNXX03,2030,1.173978432
GLOBAL,S2D4,ELCBTNXX03,2030,0.842886
GLOBAL,S2D5,ELCBTNXX03,2030,0.65489688
GLOBAL,S3D1,ELCBTNXX03,2030,2.5635313439999994
GLOBAL,S3D2,ELCBTNXX03,2030,5.491870559999999
GLOBAL,S3D3,ELCBTNXX03,2030,1.539297144
GLOBAL,S3D4,ELCBTNXX03,2030,1.1972046239999998
GLOBAL,S3D5,ELCBTNXX03,2030,0.9628312319999999
GLOBAL,S4D1,ELCBTNXX03,2030,1.186034256
GLOBAL,S4D2,ELCBTNXX03,2030,3.220301304
GLOBAL,S4D3,ELCBTNXX03,2030,1.0317265199999999
GLOBAL,S4D4,ELCBTNXX03,2030,0.7407520559999999
GLOBAL,S4D5,ELCBTNXX03,2030,0.5755463999999999
GLOBAL,S1D1,ELCBTNXX03,2031,1.272706464
GLOBAL,S1D2,ELCBTNXX03,2031,4.056241722
GLOBAL,S1D3,ELCBTNXX03,2031,1.3895995680000002
GLOBAL,S1D4,ELCBTNXX03,2031,0.9600319860000001
GLOBAL,S1D5,ELCBTNXX03,2031,0.732622428
GLOBAL,S2D1,ELCBTNXX03,2031,1.4439286260000002
GLOBAL,S2D2,ELCBTNXX03,2031,3.92054661
GLOBAL,S2D3,ELCBTNXX03,2031,1.2560907360000002
GLOBAL,S2D4,ELCBTNXX03,2031,0.9018405000000002
GLOBAL,S2D5,ELCBTNXX03,2031,0.7007027400000001
GLOBAL,S3D1,ELCBTNXX03,2031,2.742834012
GLOBAL,S3D2,ELCBTNXX03,2031,5.87599188
GLOBAL,S3D3,ELCBTNXX03,2031,1.6469611620000002
GLOBAL,S3D4,ELCBTNXX03,2031,1.280941452
GLOBAL,S3D5,ELCBTNXX03,2031,1.030175136
GLOBAL,S4D1,ELCBTNXX03,2031,1.2689897880000003
GLOBAL,S4D2,ELCBTNXX03,2031,3.445540842
GLOBAL,S4D3,ELCBTNXX03,2031,1.10388921
GLOBAL,S4D4,ELCBTNXX03,2031,0.792562938
GLOBAL,S4D5,ELCBTNXX03,2031,0.6158022
GLOBAL,S1D1,ELCBTNXX03,2032,1.3617379360000001
GLOBAL,S1D2,ELCBTNXX03,2032,4.339993853
GLOBAL,S1D3,ELCBTNXX03,2032,1.4868082320000002
GLOBAL,S1D4,ELCBTNXX03,2032,1.027190489
GLOBAL,S1D5,ELCBTNXX03,2032,0.783872622
GLOBAL,S2D1,ELCBTNXX03,2032,1.544937849
GLOBAL,S2D2,ELCBTNXX03,2032,4.194806265
GLOBAL,S2D3,ELCBTNXX03,2032,1.3439598640000001
GLOBAL,S2D4,ELCBTNXX03,2032,0.96492825
GLOBAL,S2D5,ELCBTNXX03,2032,0.7497200100000001
GLOBAL,S3D1,ELCBTNXX03,2032,2.934707438
GLOBAL,S3D2,ELCBTNXX03,2032,6.2870436199999995
GLOBAL,S3D3,ELCBTNXX03,2032,1.7621734130000002
GLOBAL,S3D4,ELCBTNXX03,2032,1.370548998
GLOBAL,S3D5,ELCBTNXX03,2032,1.102240464
GLOBAL,S4D1,ELCBTNXX03,2032,1.3577612620000001
GLOBAL,S4D2,ELCBTNXX03,2032,3.6865717330000005
GLOBAL,S4D3,ELCBTNXX03,2032,1.181111165
GLOBAL,S4D4,ELCBTNXX03,2032,0.848006237
GLOBAL,S4D5,ELCBTNXX03,2032,0.6588803
GLOBAL,S1D1,ELCBTNXX03,2033,1.456986592
GLOBAL,S1D2,ELCBTNXX03,2033,4.643560766
GLOBAL,S1D3,ELCBTNXX03,2033,1.5908051040000002
GLOBAL,S1D4,ELCBTNXX03,2033,1.0990387579999998
GLOBAL,S1D5,ELCBTNXX03,2033,0.8387016839999999
GLOBAL,S2D1,ELCBTNXX03,2033,1.653000678
GLOBAL,S2D2,ELCBTNXX03,2033,4.48821783
GLOBAL,S2D3,ELCBTNXX03,2033,1.4379650080000002
GLOBAL,S2D4,ELCBTNXX03,2033,1.0324215
GLOBAL,S2D5,ELCBTNXX03,2033,0.80216022
GLOBAL,S3D1,ELCBTNXX03,2033,3.1399796359999996
GLOBAL,S3D2,ELCBTNXX03,2033,6.726799639999999
GLOBAL,S3D3,ELCBTNXX03,2033,1.885431086
GLOBAL,S3D4,ELCBTNXX03,2033,1.4664139559999998
GLOBAL,S3D5,ELCBTNXX03,2033,1.1793382079999999
GLOBAL,S4D1,ELCBTNXX03,2033,1.4527317640000001
GLOBAL,S4D2,ELCBTNXX03,2033,3.944434126
GLOBAL,S4D3,ELCBTNXX03,2033,1.26372563
GLOBAL,S4D4,ELCBTNXX03,2033,0.907321214
GLOBAL,S4D5,ELCBTNXX03,2033,0.7049665999999999
GLOBAL,S1D1,ELCBTNXX03,2034,1.5589064959999999
GLOBAL,S1D2,ELCBTNXX03,2034,4.968389608
GLOBAL,S1D3,ELCBTNXX03,2034,1.702085952
GLOBAL,S1D4,ELCBTNXX03,2034,1.175919304
GLOBAL,S1D5,ELCBTNXX03,2034,0.8973709919999999
GLOBAL,S2D1,ELCBTNXX03,2034,1.768632264
GLOBAL,S2D2,ELCBTNXX03,2034,4.80218004
GLOBAL,S2D3,ELCBTNXX03,2034,1.538554304
GLOBAL,S2D4,ELCBTNXX03,2034,1.104642
GLOBAL,S2D5,ELCBTNXX03,2034,0.85827336
GLOBAL,S3D1,ELCBTNXX03,2034,3.3596291679999997
GLOBAL,S3D2,ELCBTNXX03,2034,7.197356319999999
GLOBAL,S3D3,ELCBTNXX03,2034,2.017321768
GLOBAL,S3D4,ELCBTNXX03,2034,1.568993328
GLOBAL,S3D5,ELCBTNXX03,2034,1.2618359039999998
GLOBAL,S4D1,ELCBTNXX03,2034,1.554354032
GLOBAL,S4D2,ELCBTNXX03,2034,4.220357288
GLOBAL,S4D3,ELCBTNXX03,2034,1.35212644
GLOBAL,S4D4,ELCBTNXX03,2034,0.9707906319999999
GLOBAL,S4D5,ELCBTNXX03,2034,0.7542807999999999
GLOBAL,S1D1,ELCBTNXX03,2035,1.667916784
GLOBAL,S1D2,ELCBTNXX03,2035,5.315816207
GLOBAL,S1D3,ELCBTNXX03,2035,1.8211084080000002
GLOBAL,S1D4,ELCBTNXX03,2035,1.258148291
GLOBAL,S1D5,ELCBTNXX03,2035,0.960121818
GLOBAL,S2D1,ELCBTNXX03,2035,1.892308131
GLOBAL,S2D2,ELCBTNXX03,2035,5.137984035
GLOBAL,S2D3,ELCBTNXX03,2035,1.646141416
GLOBAL,S2D4,ELCBTNXX03,2035,1.18188675
GLOBAL,S2D5,ELCBTNXX03,2035,0.91829019
GLOBAL,S3D1,ELCBTNXX03,2035,3.594559322
GLOBAL,S3D2,ELCBTNXX03,2035,7.700648779999999
GLOBAL,S3D3,ELCBTNXX03,2035,2.158387847
GLOBAL,S3D4,ELCBTNXX03,2035,1.678708962
GLOBAL,S3D5,ELCBTNXX03,2035,1.350072816
GLOBAL,S4D1,ELCBTNXX03,2035,1.6630459780000002
GLOBAL,S4D2,ELCBTNXX03,2035,4.515475927
GLOBAL,S4D3,ELCBTNXX03,2035,1.446677135
GLOBAL,S4D4,ELCBTNXX03,2035,1.0386755029999999
GLOBAL,S4D5,ELCBTNXX03,2035,0.8070257
GLOBAL,S1D1,ELCBTNXX03,2036,1.784611232
GLOBAL,S1D2,ELCBTNXX03,2036,5.687732986
GLOBAL,S1D3,ELCBTNXX03,2036,1.9485207840000003
GLOBAL,S1D4,ELCBTNXX03,2036,1.346173618
GLOBAL,S1D5,ELCBTNXX03,2036,1.027295964
GLOBAL,S2D1,ELCBTNXX03,2036,2.024701938
GLOBAL,S2D2,ELCBTNXX03,2036,5.49745893
GLOBAL,S2D3,ELCBTNXX03,2036,1.7613123680000002
GLOBAL,S2D4,ELCBTNXX03,2036,1.2645765
GLOBAL,S2D5,ELCBTNXX03,2036,0.98253762
GLOBAL,S3D1,ELCBTNXX03,2036,3.8460497559999998
GLOBAL,S3D2,ELCBTNXX03,2036,8.23941844
GLOBAL,S3D3,ELCBTNXX03,2036,2.3093977060000004
GLOBAL,S3D4,ELCBTNXX03,2036,1.796158476
GLOBAL,S3D5,ELCBTNXX03,2036,1.4445295679999999
GLOBAL,S4D1,ELCBTNXX03,2036,1.7793996440000002
GLOBAL,S4D2,ELCBTNXX03,2036,4.831397546000001
GLOBAL,S4D3,ELCBTNXX03,2036,1.54789273
GLOBAL,S4D4,ELCBTNXX03,2036,1.111345594
GLOBAL,S4D5,ELCBTNXX03,2036,0.8634885999999999
GLOBAL,S1D1,ELCBTNXX03,2037,1.9094089760000001
GLOBAL,S1D2,ELCBTNXX03,2037,6.085475773000001
GLOBAL,S1D3,ELCBTNXX03,2037,2.084780712
GLOBAL,S1D4,ELCBTNXX03,2037,1.440311449
GLOBAL,S1D5,ELCBTNXX03,2037,1.099134702
GLOBAL,S2D1,ELCBTNXX03,2037,2.1662892090000003
GLOBAL,S2D2,ELCBTNXX03,2037,5.881895865
GLOBAL,S2D3,ELCBTNXX03,2037,1.8844808240000002
GLOBAL,S2D4,ELCBTNXX03,2037,1.35300825
GLOBAL,S2D5,ELCBTNXX03,2037,1.05124641
GLOBAL,S3D1,ELCBTNXX03,2037,4.115003757999999
GLOBAL,S3D2,ELCBTNXX03,2037,8.815600419999999
GLOBAL,S3D3,ELCBTNXX03,2037,2.470893733
GLOBAL,S3D4,ELCBTNXX03,2037,1.921763718
GLOBAL,S3D5,ELCBTNXX03,2037,1.545545424
GLOBAL,S4D1,ELCBTNXX03,2037,1.9038329420000002
GLOBAL,S4D2,ELCBTNXX03,2037,5.169256853
GLOBAL,S4D3,ELCBTNXX03,2037,1.656136765
GLOBAL,S4D4,ELCBTNXX03,2037,1.189061917
GLOBAL,S4D5,ELCBTNXX03,2037,0.9238723
GLOBAL,S1D1,ELCBTNXX03,2038,2.042973648
GLOBAL,S1D2,ELCBTNXX03,2038,6.511159629
GLOBAL,S1D3,ELCBTNXX03,2038,2.230612776
GLOBAL,S1D4,ELCBTNXX03,2038,1.5410623769999998
GLOBAL,S1D5,ELCBTNXX03,2038,1.1760200459999999
GLOBAL,S2D1,ELCBTNXX03,2038,2.3178228570000003
GLOBAL,S2D2,ELCBTNXX03,2038,6.293339145
GLOBAL,S2D3,ELCBTNXX03,2038,2.016301752
GLOBAL,S2D4,ELCBTNXX03,2038,1.44765225
GLOBAL,S2D5,ELCBTNXX03,2038,1.12478193
GLOBAL,S3D1,ELCBTNXX03,2038,4.402851534
GLOBAL,S3D2,ELCBTNXX03,2038,9.432258659999999
GLOBAL,S3D3,ELCBTNXX03,2038,2.6437347090000003
GLOBAL,S3D4,ELCBTNXX03,2038,2.056192614
GLOBAL,S3D5,ELCBTNXX03,2038,1.6536575519999999
GLOBAL,S4D1,ELCBTNXX03,2038,2.037007566
GLOBAL,S4D2,ELCBTNXX03,2038,5.530850469
GLOBAL,S4D3,ELCBTNXX03,2038,1.771984845
GLOBAL,S4D4,ELCBTNXX03,2038,1.2722377409999999
GLOBAL,S4D5,ELCBTNXX03,2038,0.9884978999999999
GLOBAL,S1D1,ELCBTNXX03,2039,2.185899024
GLOBAL,S1D2,ELCBTNXX03,2039,6.966676977
GLOBAL,S1D3,ELCBTNXX03,2039,2.386665288
GLOBAL,S1D4,ELCBTNXX03,2039,1.648874301
GLOBAL,S1D5,ELCBTNXX03,2039,1.258293798
GLOBAL,S2D1,ELCBTNXX03,2039,2.479976541
GLOBAL,S2D2,ELCBTNXX03,2039,6.733617884999999
GLOBAL,S2D3,ELCBTNXX03,2039,2.157361176
GLOBAL,S2D4,ELCBTNXX03,2039,1.54892925
GLOBAL,S2D5,ELCBTNXX03,2039,1.20347109
GLOBAL,S3D1,ELCBTNXX03,2039,4.710872741999999
GLOBAL,S3D2,ELCBTNXX03,2039,10.09213458
GLOBAL,S3D3,ELCBTNXX03,2039,2.8286890170000003
GLOBAL,S3D4,ELCBTNXX03,2039,2.2000427819999997
GLOBAL,S3D5,ELCBTNXX03,2039,1.7693465759999998
GLOBAL,S4D1,ELCBTNXX03,2039,2.1795155580000003
GLOBAL,S4D2,ELCBTNXX03,2039,5.917785897
GLOBAL,S4D3,ELCBTNXX03,2039,1.895951985
GLOBAL,S4D4,ELCBTNXX03,2039,1.361242833
GLOBAL,S4D5,ELCBTNXX03,2039,1.0576526999999998
GLOBAL,S1D1,ELCBTNXX03,2040,2.33877888
GLOBAL,S1D2,ELCBTNXX03,2040,7.4539202399999995
GLOBAL,S1D3,ELCBTNXX03,2040,2.55358656
GLOBAL,S1D4,ELCBTNXX03,2040,1.7641951199999997
GLOBAL,S1D5,ELCBTNXX03,2040,1.34629776
GLOBAL,S2D1,ELCBTNXX03,2040,2.65342392
GLOBAL,S2D2,ELCBTNXX03,2040,7.204561199999999
GLOBAL,S2D3,ELCBTNXX03,2040,2.30824512
GLOBAL,S2D4,ELCBTNXX03,2040,1.65726
GLOBAL,S2D5,ELCBTNXX03,2040,1.2876408
GLOBAL,S3D1,ELCBTNXX03,2040,5.0403470399999994
GLOBAL,S3D2,ELCBTNXX03,2040,10.797969599999998
GLOBAL,S3D3,ELCBTNXX03,2040,3.02652504
GLOBAL,S3D4,ELCBTNXX03,2040,2.3539118399999994
GLOBAL,S3D5,ELCBTNXX03,2040,1.8930931199999996
GLOBAL,S4D1,ELCBTNXX03,2040,2.33194896
GLOBAL,S4D2,ELCBTNXX03,2040,6.33167064
GLOBAL,S4D3,ELCBTNXX03,2040,2.0285531999999997
GLOBAL,S4D4,ELCBTNXX03,2040,1.4564469599999998
GLOBAL,S4D5,ELCBTNXX03,2040,1.1316239999999997
GLOBAL,S1D1,ELCBTNXX03,2041,2.502381632
GLOBAL,S1D2,ELCBTNXX03,2041,7.975338436
GLOBAL,S1D3,ELCBTNXX03,2041,2.7322155840000004
GLOBAL,S1D4,ELCBTNXX03,2041,1.8876044680000001
GLOBAL,S1D5,ELCBTNXX03,2041,1.4404742640000001
GLOBAL,S2D1,ELCBTNXX03,2041,2.8390367880000005
GLOBAL,S2D2,ELCBTNXX03,2041,7.70853618
GLOBAL,S2D3,ELCBTNXX03,2041,2.4697119680000004
GLOBAL,S2D4,ELCBTNXX03,2041,1.7731890000000001
GLOBAL,S2D5,ELCBTNXX03,2041,1.37771412
GLOBAL,S3D1,ELCBTNXX03,2041,5.392930456
GLOBAL,S3D2,ELCBTNXX03,2041,11.55331144
GLOBAL,S3D3,ELCBTNXX03,2041,3.2382371560000003
GLOBAL,S3D4,ELCBTNXX03,2041,2.518573176
GLOBAL,S3D5,ELCBTNXX03,2041,2.025519168
GLOBAL,S4D1,ELCBTNXX03,2041,2.4950739440000005
GLOBAL,S4D2,ELCBTNXX03,2041,6.774584996000001
GLOBAL,S4D3,ELCBTNXX03,2041,2.17045498
GLOBAL,S4D4,ELCBTNXX03,2041,1.5583286440000002
GLOBAL,S4D5,ELCBTNXX03,2041,1.2107836
GLOBAL,S1D1,ELCBTNXX03,2042,2.67740584
GLOBAL,S1D2,ELCBTNXX03,2042,8.533157945000001
GLOBAL,S1D3,ELCBTNXX03,2042,2.9233150800000005
GLOBAL,S1D4,ELCBTNXX03,2042,2.019629285
GLOBAL,S1D5,ELCBTNXX03,2042,1.54122543
GLOBAL,S2D1,ELCBTNXX03,2042,3.0376076850000002
GLOBAL,S2D2,ELCBTNXX03,2042,8.247694725
GLOBAL,S2D3,ELCBTNXX03,2042,2.6424511600000002
GLOBAL,S2D4,ELCBTNXX03,2042,1.89721125
GLOBAL,S2D5,ELCBTNXX03,2042,1.47407565
GLOBAL,S3D1,ELCBTNXX03,2042,5.7701284699999995
GLOBAL,S3D2,ELCBTNXX03,2042,12.361385299999998
GLOBAL,S3D3,ELCBTNXX03,2042,3.4647293450000003
GLOBAL,S3D4,ELCBTNXX03,2042,2.6947298699999997
GLOBAL,S3D5,ELCBTNXX03,2042,2.16719016
GLOBAL,S4D1,ELCBTNXX03,2042,2.66958703
GLOBAL,S4D2,ELCBTNXX03,2042,7.248420145000001
GLOBAL,S4D3,ELCBTNXX03,2042,2.322263225
GLOBAL,S4D4,ELCBTNXX03,2042,1.667322905
GLOBAL,S4D5,ELCBTNXX03,2042,1.2954694999999998
GLOBAL,S1D1,ELCBTNXX03,2043,2.864689776
GLOBAL,S1D2,ELCBTNXX03,2043,9.130050423
GLOBAL,S1D3,ELCBTNXX03,2043,3.127800312
GLOBAL,S1D4,ELCBTNXX03,2043,2.1609018989999997
GLOBAL,S1D5,ELCBTNXX03,2043,1.6490338019999997
GLOBAL,S2D1,ELCBTNXX03,2043,3.250087659
GLOBAL,S2D2,ELCBTNXX03,2043,8.824619114999999
GLOBAL,S2D3,ELCBTNXX03,2043,2.8272900240000003
GLOBAL,S2D4,ELCBTNXX03,2043,2.02992075
GLOBAL,S2D5,ELCBTNXX03,2043,1.57718691
GLOBAL,S3D1,ELCBTNXX03,2043,6.173747657999999
GLOBAL,S3D2,ELCBTNXX03,2043,13.226061419999999
GLOBAL,S3D3,ELCBTNXX03,2043,3.707086383
GLOBAL,S3D4,ELCBTNXX03,2043,2.8832256179999995
GLOBAL,S3D5,ELCBTNXX03,2043,2.3187846239999996
GLOBAL,S4D1,ELCBTNXX03,2043,2.8563240420000002
GLOBAL,S4D2,ELCBTNXX03,2043,7.755445503
GLOBAL,S4D3,ELCBTNXX03,2043,2.484705015
GLOBAL,S4D4,ELCBTNXX03,2043,1.7839517669999998
GLOBAL,S4D5,ELCBTNXX03,2043,1.3860872999999998
GLOBAL,S1D1,ELCBTNXX03,2044,3.065036784
GLOBAL,S1D2,ELCBTNXX03,2044,9.768576207
GLOBAL,S1D3,ELCBTNXX03,2044,3.3465484080000003
GLOBAL,S1D4,ELCBTNXX03,2044,2.312028291
GLOBAL,S1D5,ELCBTNXX03,2044,1.7643618179999998
GLOBAL,S2D1,ELCBTNXX03,2044,3.477388131
GLOBAL,S2D2,ELCBTNXX03,2044,9.441784035
GLOBAL,S2D3,ELCBTNXX03,2044,3.0250214160000004
GLOBAL,S2D4,ELCBTNXX03,2044,2.17188675
GLOBAL,S2D5,ELCBTNXX03,2044,1.6874901900000001
GLOBAL,S3D1,ELCBTNXX03,2044,6.605519321999999
GLOBAL,S3D2,ELCBTNXX03,2044,14.151048779999998
GLOBAL,S3D3,ELCBTNXX03,2044,3.966347847
GLOBAL,S3D4,ELCBTNXX03,2044,3.084868962
GLOBAL,S3D5,ELCBTNXX03,2044,2.480952816
GLOBAL,S4D1,ELCBTNXX03,2044,3.056085978
GLOBAL,S4D2,ELCBTNXX03,2044,8.297835927
GLOBAL,S4D3,ELCBTNXX03,2044,2.658477135
GLOBAL,S4D4,ELCBTNXX03,2044,1.908715503
GLOBAL,S4D5,ELCBTNXX03,2044,1.4830256999999998
GLOBAL,S1D1,ELCBTNXX03,2045,3.279459776
GLOBAL,S1D2,ELCBTNXX03,2045,10.451963548
GLOBAL,S1D3,ELCBTNXX03,2045,3.5806653120000003
GLOBAL,S1D4,ELCBTNXX03,2045,2.4737725239999997
GLOBAL,S1D5,ELCBTNXX03,2045,1.8877925519999998
GLOBAL,S2D1,ELCBTNXX03,2045,3.720658284
GLOBAL,S2D2,ELCBTNXX03,2045,10.102309739999999
GLOBAL,S2D3,ELCBTNXX03,2045,3.236645024
GLOBAL,S2D4,ELCBTNXX03,2045,2.323827
GLOBAL,S2D5,ELCBTNXX03,2045,1.80554316
GLOBAL,S3D1,ELCBTNXX03,2045,7.067626407999999
GLOBAL,S3D2,ELCBTNXX03,2045,15.141023919999999
GLOBAL,S3D3,ELCBTNXX03,2045,4.243824508
GLOBAL,S3D4,ELCBTNXX03,2045,3.3006793679999995
GLOBAL,S3D5,ELCBTNXX03,2045,2.654514624
GLOBAL,S4D1,ELCBTNXX03,2045,3.269882792
GLOBAL,S4D2,ELCBTNXX03,2045,8.878333628
GLOBAL,S4D3,ELCBTNXX03,2045,2.84445814
GLOBAL,S4D4,ELCBTNXX03,2045,2.042244892
GLOBAL,S4D5,ELCBTNXX03,2045,1.5867747999999997
GLOBAL,S1D1,ELCBTNXX03,2046,3.508831952
GLOBAL,S1D2,ELCBTNXX03,2046,11.182995421000001
GLOBAL,S1D3,ELCBTNXX03,2046,3.8311044240000003
GLOBAL,S1D4,ELCBTNXX03,2046,2.646793273
GLOBAL,S1D5,ELCBTNXX03,2046,2.019828654
GLOBAL,S2D1,ELCBTNXX03,2046,3.9808887930000005
GLOBAL,S2D2,ELCBTNXX03,2046,10.808886105
GLOBAL,S2D3,ELCBTNXX03,2046,3.4630226480000004
GLOBAL,S2D4,ELCBTNXX03,2046,2.48636025
GLOBAL,S2D5,ELCBTNXX03,2046,1.9318265700000001
GLOBAL,S3D1,ELCBTNXX03,2046,7.561950766
GLOBAL,S3D2,ELCBTNXX03,2046,16.20001834
GLOBAL,S3D3,ELCBTNXX03,2046,4.540646341
GLOBAL,S3D4,ELCBTNXX03,2046,3.531535686
GLOBAL,S3D5,ELCBTNXX03,2046,2.840176848
GLOBAL,S4D1,ELCBTNXX03,2046,3.4985851340000003
GLOBAL,S4D2,ELCBTNXX03,2046,9.499302581
GLOBAL,S4D3,ELCBTNXX03,2046,3.043405405
GLOBAL,S4D4,ELCBTNXX03,2046,2.185083709
GLOBAL,S4D5,ELCBTNXX03,2046,1.6977570999999998
GLOBAL,S1D1,ELCBTNXX03,2047,3.7542710080000004
GLOBAL,S1D2,ELCBTNXX03,2047,11.965234034
GLOBAL,S1D3,ELCBTNXX03,2047,4.099086096000001
GLOBAL,S1D4,ELCBTNXX03,2047,2.831933642
GLOBAL,S1D5,ELCBTNXX03,2047,2.161113516
GLOBAL,S2D1,ELCBTNXX03,2047,4.259347722
GLOBAL,S2D2,ELCBTNXX03,2047,11.56495617
GLOBAL,S2D3,ELCBTNXX03,2047,3.7052573920000005
GLOBAL,S2D4,ELCBTNXX03,2047,2.6602785000000004
GLOBAL,S2D5,ELCBTNXX03,2047,2.0669557800000002
GLOBAL,S3D1,ELCBTNXX03,2047,8.090901164
GLOBAL,S3D2,ELCBTNXX03,2047,17.333192359999998
GLOBAL,S3D3,ELCBTNXX03,2047,4.858259714000001
GLOBAL,S3D4,ELCBTNXX03,2047,3.778562844
GLOBAL,S3D5,ELCBTNXX03,2047,3.038844192
GLOBAL,S4D1,ELCBTNXX03,2047,3.7433074360000003
GLOBAL,S4D2,ELCBTNXX03,2047,10.163768674000002
GLOBAL,S4D3,ELCBTNXX03,2047,3.25628837
GLOBAL,S4D4,ELCBTNXX03,2047,2.337927986
GLOBAL,S4D5,ELCBTNXX03,2047,1.8165133999999998
GLOBAL,S1D1,ELCBTNXX03,2048,4.0168597120000005
GLOBAL,S1D2,ELCBTNXX03,2048,12.802130276000002
GLOBAL,S1D3,ELCBTNXX03,2048,4.385792544000001
GLOBAL,S1D4,ELCBTNXX03,2048,3.030010388
GLOBAL,S1D5,ELCBTNXX03,2048,2.312270424
GLOBAL,S2D1,ELCBTNXX03,2048,4.557263508
GLOBAL,S2D2,ELCBTNXX03,2048,12.37385538
GLOBAL,S2D3,ELCBTNXX03,2048,3.9644178880000003
GLOBAL,S2D4,ELCBTNXX03,2048,2.8463490000000005
GLOBAL,S2D5,ELCBTNXX03,2048,2.2115269200000003
GLOBAL,S3D1,ELCBTNXX03,2048,8.656811096
GLOBAL,S3D2,ELCBTNXX03,2048,18.54554504
GLOBAL,S3D3,ELCBTNXX03,2048,5.198065796000001
GLOBAL,S3D4,ELCBTNXX03,2048,4.042850616
GLOBAL,S3D5,ELCBTNXX03,2048,3.251393088
GLOBAL,S4D1,ELCBTNXX03,2048,4.0051293040000004
GLOBAL,S4D2,ELCBTNXX03,2048,10.874663236000002
GLOBAL,S4D3,ELCBTNXX03,2048,3.48404618
GLOBAL,S4D4,ELCBTNXX03,2048,2.501452004
GLOBAL,S4D5,ELCBTNXX03,2048,1.9435676
GLOBAL,S1D1,ELCBTNXX03,2049,4.297820544
GLOBAL,S1D2,ELCBTNXX03,2049,13.697580312
GLOBAL,S1D3,ELCBTNXX03,2049,4.692558528
GLOBAL,S1D4,ELCBTNXX03,2049,3.241945656
GLOBAL,S1D5,ELCBTNXX03,2049,2.474003088
GLOBAL,S2D1,ELCBTNXX03,2049,4.876023096
GLOBAL,S2D2,ELCBTNXX03,2049,13.239349559999999
GLOBAL,S2D3,ELCBTNXX03,2049,4.241710656
GLOBAL,S2D4,ELCBTNXX03,2049,3.0454380000000003
GLOBAL,S2D5,ELCBTNXX03,2049,2.3662130400000003
GLOBAL,S3D1,ELCBTNXX03,2049,9.262315152
GLOBAL,S3D2,ELCBTNXX03,2049,19.842720479999997
GLOBAL,S3D3,ELCBTNXX03,2049,5.561646552
GLOBAL,S3D4,ELCBTNXX03,2049,4.325629392
GLOBAL,S3D5,ELCBTNXX03,2049,3.478813056
GLOBAL,S4D1,ELCBTNXX03,2049,4.285269648000001
GLOBAL,S4D2,ELCBTNXX03,2049,11.635295832
GLOBAL,S4D3,ELCBTNXX03,2049,3.72773916
GLOBAL,S4D4,ELCBTNXX03,2049,2.676417048
GLOBAL,S4D5,ELCBTNXX03,2049,2.0795112
GLOBAL,S1D1,ELCBTNXX03,2050,4.59844584
GLOBAL,S1D2,ELCBTNXX03,2050,14.655702945
GLOBAL,S1D3,ELCBTNXX03,2050,5.02079508
GLOBAL,S1D4,ELCBTNXX03,2050,3.468714285
GLOBAL,S1D5,ELCBTNXX03,2050,2.64705543
GLOBAL,S2D1,ELCBTNXX03,2050,5.217092685000001
GLOBAL,S2D2,ELCBTNXX03,2050,14.165419725
GLOBAL,S2D3,ELCBTNXX03,2050,4.538411160000001
GLOBAL,S2D4,ELCBTNXX03,2050,3.2584612500000003
GLOBAL,S2D5,ELCBTNXX03,2050,2.5317256500000003
GLOBAL,S3D1,ELCBTNXX03,2050,9.91019847
GLOBAL,S3D2,ELCBTNXX03,2050,21.230685299999998
GLOBAL,S3D3,ELCBTNXX03,2050,5.950674345
GLOBAL,S3D4,ELCBTNXX03,2050,4.6281998699999995
GLOBAL,S3D5,ELCBTNXX03,2050,3.72215016
GLOBAL,S4D1,ELCBTNXX03,2050,4.58501703
GLOBAL,S4D2,ELCBTNXX03,2050,12.449165145
GLOBAL,S4D3,ELCBTNXX03,2050,3.9884882249999998
GLOBAL,S4D4,ELCBTNXX03,2050,2.863627905
GLOBAL,S4D5,ELCBTNXX03,2050,2.2249695
GLOBAL,S1D1,ELCINDEA03,2023,33.884118012
GLOBAL,S1D2,ELCINDEA03,2023,72.78516904
GLOBAL,S1D3,ELCINDEA03,2023,21.514951028
GLOBAL,S1D4,ELCINDEA03,2023,13.799695292
GLOBAL,S1D5,ELCINDEA03,2023,12.345521888
GLOBAL,S2D1,ELCINDEA03,2023,52.872520988
GLOBAL,S2D2,ELCINDEA03,2023,97.303742704
GLOBAL,S2D3,ELCINDEA03,2023,27.764210811999998
GLOBAL,S2D4,ELCINDEA03,2023,19.265189688
GLOBAL,S2D5,ELCINDEA03,2023,18.858354948
GLOBAL,S3D1,ELCINDEA03,2023,60.139910787999995
GLOBAL,S3D2,ELCINDEA03,2023,105.84588135599999
GLOBAL,S3D3,ELCINDEA03,2023,29.621741735999997
GLOBAL,S3D4,ELCINDEA03,2023,21.2632003
GLOBAL,S3D5,ELCINDEA03,2023,21.462792728
GLOBAL,S4D1,ELCINDEA03,2023,20.714494983999998
GLOBAL,S4D2,ELCINDEA03,2023,38.874624155999996
GLOBAL,S4D3,ELCINDEA03,2023,11.952596028
GLOBAL,S4D4,ELCINDEA03,2023,7.781322915999999
GLOBAL,S4D5,ELCINDEA03,2023,7.394656051999999
GLOBAL,S1D1,ELCINDEA03,2024,35.999670672
GLOBAL,S1D2,ELCINDEA03,2024,77.32950624
GLOBAL,S1D3,ELCINDEA03,2024,22.858235568
GLOBAL,S1D4,ELCINDEA03,2024,14.661278352
GLOBAL,S1D5,ELCINDEA03,2024,13.116313728000002
GLOBAL,S2D1,ELCINDEA03,2024,56.173613328
GLOBAL,S2D2,ELCINDEA03,2024,103.37889542400002
GLOBAL,S2D3,ELCINDEA03,2024,29.497667472
GLOBAL,S2D4,ELCINDEA03,2024,20.468010528
GLOBAL,S2D5,ELCINDEA03,2024,20.035775088
GLOBAL,S3D1,ELCINDEA03,2024,63.894742128000004
GLOBAL,S3D2,ELCINDEA03,2024,112.45436193600001
GLOBAL,S3D3,ELCINDEA03,2024,31.471173216
GLOBAL,S3D4,ELCINDEA03,2024,22.5907668
GLOBAL,S3D5,ELCINDEA03,2024,22.802820768
GLOBAL,S4D1,ELCINDEA03,2024,22.007803104
GLOBAL,S4D2,ELCINDEA03,2024,41.301758736
GLOBAL,S4D3,ELCINDEA03,2024,12.698855568
GLOBAL,S4D4,ELCINDEA03,2024,8.267149296
GLOBAL,S4D5,ELCINDEA03,2024,7.856340912
GLOBAL,S1D1,ELCINDEA03,2025,38.40639198
GLOBAL,S1D2,ELCINDEA03,2025,82.4992916
GLOBAL,S1D3,ELCINDEA03,2025,24.38639962
GLOBAL,S1D4,ELCINDEA03,2025,15.64144318
GLOBAL,S1D5,ELCINDEA03,2025,13.99319152
GLOBAL,S2D1,ELCINDEA03,2025,59.929043019999995
GLOBAL,S2D2,ELCINDEA03,2025,110.29018616
GLOBAL,S2D3,ELCINDEA03,2025,31.46970398
GLOBAL,S2D4,ELCINDEA03,2025,21.83637852
GLOBAL,S2D5,ELCINDEA03,2025,21.37524642
GLOBAL,S3D1,ELCINDEA03,2025,68.16636002
GLOBAL,S3D2,ELCINDEA03,2025,119.97238374
GLOBAL,S3D3,ELCINDEA03,2025,33.57514644
GLOBAL,S3D4,ELCINDEA03,2025,24.101049500000002
GLOBAL,S3D5,ELCINDEA03,2025,24.32728012
GLOBAL,S4D1,ELCINDEA03,2025,23.47911236
GLOBAL,S4D2,ELCINDEA03,2025,44.062945739999996
GLOBAL,S4D3,ELCINDEA03,2025,13.54782462
GLOBAL,S4D4,ELCINDEA03,2025,8.81984114
GLOBAL,S4D5,ELCINDEA03,2025,8.38156858
GLOBAL,S1D1,ELCINDEA03,2026,40.863785208
GLOBAL,S1D2,ELCINDEA03,2026,87.77792336
GLOBAL,S1D3,ELCINDEA03,2026,25.946738152
GLOBAL,S1D4,ELCINDEA03,2026,16.642244728
GLOBAL,S1D5,ELCINDEA03,2026,14.888531392
GLOBAL,S2D1,ELCINDEA03,2026,63.763540792
GLOBAL,S2D2,ELCINDEA03,2026,117.34698953600001
GLOBAL,S2D3,ELCINDEA03,2026,33.483260408
GLOBAL,S2D4,ELCINDEA03,2026,23.233556592000003
GLOBAL,S2D5,ELCINDEA03,2026,22.742919432
GLOBAL,S3D1,ELCINDEA03,2026,72.527913992
GLOBAL,S3D2,ELCINDEA03,2026,127.64869250400001
GLOBAL,S3D3,ELCINDEA03,2026,35.723417424000004
GLOBAL,S3D4,ELCINDEA03,2026,25.6431302
GLOBAL,S3D5,ELCINDEA03,2026,25.883835952000002
GLOBAL,S4D1,ELCINDEA03,2026,24.981399056
GLOBAL,S4D2,ELCINDEA03,2026,46.882267704
GLOBAL,S4D3,ELCINDEA03,2026,14.414668152
GLOBAL,S4D4,ELCINDEA03,2026,9.384169544
GLOBAL,S4D5,ELCINDEA03,2026,8.917854568000001
GLOBAL,S1D1,ELCINDEA03,2027,43.493414241
GLOBAL,S1D2,ELCINDEA03,2027,93.42652822000001
GLOBAL,S1D3,ELCINDEA03,2027,27.616438979
GLOBAL,S1D4,ELCINDEA03,2027,17.713191281
GLOBAL,S1D5,ELCINDEA03,2027,15.846624584
GLOBAL,S2D1,ELCINDEA03,2027,67.866794009
GLOBAL,S2D2,ELCINDEA03,2027,124.89839597200002
GLOBAL,S2D3,ELCINDEA03,2027,35.637944641000004
GLOBAL,S2D4,ELCINDEA03,2027,24.728661234
GLOBAL,S2D5,ELCINDEA03,2027,24.206451039
GLOBAL,S3D1,ELCINDEA03,2027,77.195164159
GLOBAL,S3D2,ELCINDEA03,2027,135.863024733
GLOBAL,S3D3,ELCINDEA03,2027,38.022258198
GLOBAL,S3D4,ELCINDEA03,2027,27.293293525000003
GLOBAL,S3D5,ELCINDEA03,2027,27.549488954
GLOBAL,S4D1,ELCINDEA03,2027,26.588979262000002
GLOBAL,S4D2,ELCINDEA03,2027,49.899192633
GLOBAL,S4D3,ELCINDEA03,2027,15.342267729000001
GLOBAL,S4D4,ELCINDEA03,2027,9.988051063
GLOBAL,S4D5,ELCINDEA03,2027,9.491728211
GLOBAL,S1D1,ELCINDEA03,2028,46.221950964
GLOBAL,S1D2,ELCINDEA03,2028,99.28759288
GLOBAL,S1D3,ELCINDEA03,2028,29.348941916
GLOBAL,S1D4,ELCINDEA03,2028,18.824419124
GLOBAL,S1D5,ELCINDEA03,2028,16.840754336
GLOBAL,S2D1,ELCINDEA03,2028,72.124382036
GLOBAL,S2D2,ELCINDEA03,2028,132.73383188800003
GLOBAL,S2D3,ELCINDEA03,2028,37.873672564
GLOBAL,S2D4,ELCINDEA03,2028,26.280000936
GLOBAL,S2D5,ELCINDEA03,2028,25.725030156
GLOBAL,S3D1,ELCINDEA03,2028,82.037962636
GLOBAL,S3D2,ELCINDEA03,2028,144.386320932
GLOBAL,S3D3,ELCINDEA03,2028,40.407564792
GLOBAL,S3D4,ELCINDEA03,2028,29.005524100000002
GLOBAL,S3D5,ELCINDEA03,2028,29.277791816
GLOBAL,S4D1,ELCINDEA03,2028,28.257025048
GLOBAL,S4D2,ELCINDEA03,2028,53.029592531999995
GLOBAL,S4D3,ELCINDEA03,2028,16.304756916000002
GLOBAL,S4D4,ELCINDEA03,2028,10.614646252
GLOBAL,S4D5,ELCINDEA03,2028,10.087186844
GLOBAL,S1D1,ELCINDEA03,2029,49.50987645
GLOBAL,S1D2,ELCINDEA03,2029,106.350259
GLOBAL,S1D3,ELCINDEA03,2029,31.43663255
GLOBAL,S1D4,ELCINDEA03,2029,20.16346445
GLOBAL,S1D5,ELCINDEA03,2029,18.0386948
GLOBAL,S2D1,ELCINDEA03,2029,77.25483605
GLOBAL,S2D2,ELCINDEA03,2029,142.1756434
GLOBAL,S2D3,ELCINDEA03,2029,40.56775645
GLOBAL,S2D4,ELCINDEA03,2029,28.1493873
GLOBAL,S2D5,ELCINDEA03,2029,27.554939549999997
GLOBAL,S3D1,ELCINDEA03,2029,87.87360355
GLOBAL,S3D2,ELCINDEA03,2029,154.65701385
GLOBAL,S3D3,ELCINDEA03,2029,43.2818931
GLOBAL,S3D4,ELCINDEA03,2029,31.068786250000002
GLOBAL,S3D5,ELCINDEA03,2029,31.3604213
GLOBAL,S4D1,ELCINDEA03,2029,30.2670439
GLOBAL,S4D2,ELCINDEA03,2029,56.801768849999995
GLOBAL,S4D3,ELCINDEA03,2029,17.46457005
GLOBAL,S4D4,ELCINDEA03,2029,11.369702349999999
GLOBAL,S4D5,ELCINDEA03,2029,10.80472295
GLOBAL,S1D1,ELCINDEA03,2030,51.809602049999995
GLOBAL,S1D2,ELCINDEA03,2030,111.290211
GLOBAL,S1D3,ELCINDEA03,2030,32.896858949999995
GLOBAL,S1D4,ELCINDEA03,2030,21.100054049999997
GLOBAL,S1D5,ELCINDEA03,2030,18.876589199999998
GLOBAL,S2D1,ELCINDEA03,2030,80.84331044999999
GLOBAL,S2D2,ELCINDEA03,2030,148.7796786
GLOBAL,S2D3,ELCINDEA03,2030,42.45212205
GLOBAL,S2D4,ELCINDEA03,2030,29.4569217
GLOBAL,S2D5,ELCINDEA03,2030,28.834861949999997
GLOBAL,S3D1,ELCINDEA03,2030,91.95531795
GLOBAL,S3D2,ELCINDEA03,2030,161.84080665
GLOBAL,S3D3,ELCINDEA03,2030,45.2923299
GLOBAL,S3D4,ELCINDEA03,2030,32.51192625
GLOBAL,S3D5,ELCINDEA03,2030,32.8171077
GLOBAL,S4D1,ELCINDEA03,2030,31.672943099999998
GLOBAL,S4D2,ELCINDEA03,2030,59.44020164999999
GLOBAL,S4D3,ELCINDEA03,2030,18.275796449999998
GLOBAL,S4D4,ELCINDEA03,2030,11.897823149999999
GLOBAL,S4D5,ELCINDEA03,2030,11.306600549999999
GLOBAL,S1D1,ELCINDEA03,2031,54.04213863300001
GLOBAL,S1D2,ELCINDEA03,2031,116.08583686000001
GLOBAL,S1D3,ELCINDEA03,2031,34.314423227
GLOBAL,S1D4,ELCINDEA03,2031,22.009280153
GLOBAL,S1D5,ELCINDEA03,2031,19.690003592
GLOBAL,S2D1,ELCINDEA03,2031,84.326943617
GLOBAL,S2D2,ELCINDEA03,2031,155.19076963600003
GLOBAL,S2D3,ELCINDEA03,2031,44.281433833
GLOBAL,S2D4,ELCINDEA03,2031,30.726255042000002
GLOBAL,S2D5,ELCINDEA03,2031,30.077390006999998
GLOBAL,S3D1,ELCINDEA03,2031,95.91778056700001
GLOBAL,S3D2,ELCINDEA03,2031,168.814717029
GLOBAL,S3D3,ELCINDEA03,2031,47.244029574
GLOBAL,S3D4,ELCINDEA03,2031,33.912903325
GLOBAL,S3D5,ELCINDEA03,2031,34.231235402
GLOBAL,S4D1,ELCINDEA03,2031,33.037767406
GLOBAL,S4D2,ELCINDEA03,2031,62.001549729
GLOBAL,S4D3,ELCINDEA03,2031,19.063321977
GLOBAL,S4D4,ELCINDEA03,2031,12.410514318999999
GLOBAL,S4D5,ELCINDEA03,2031,11.793815243000001
GLOBAL,S1D1,ELCINDEA03,2032,57.10286877
GLOBAL,S1D2,ELCINDEA03,2032,122.6604734
GLOBAL,S1D3,ELCINDEA03,2032,36.25785463
GLOBAL,S1D4,ELCINDEA03,2032,23.25579757
GLOBAL,S1D5,ELCINDEA03,2032,20.80516648
GLOBAL,S2D1,ELCINDEA03,2032,89.10288373
GLOBAL,S2D2,ELCINDEA03,2032,163.98015284000002
GLOBAL,S2D3,ELCINDEA03,2032,46.78935677
GLOBAL,S2D4,ELCINDEA03,2032,32.46646698
GLOBAL,S2D5,ELCINDEA03,2032,31.780852829999997
GLOBAL,S3D1,ELCINDEA03,2032,101.35017923
GLOBAL,S3D2,ELCINDEA03,2032,178.37570601000002
GLOBAL,S3D3,ELCINDEA03,2032,49.91974206
GLOBAL,S3D4,ELCINDEA03,2032,35.833594250000004
GLOBAL,S3D5,ELCINDEA03,2032,36.16995538
GLOBAL,S4D1,ELCINDEA03,2032,34.90889414
GLOBAL,S4D2,ELCINDEA03,2032,65.51306901
GLOBAL,S4D3,ELCINDEA03,2032,20.14299213
GLOBAL,S4D4,ELCINDEA03,2032,13.11339611
GLOBAL,S4D5,ELCINDEA03,2032,12.46176967
GLOBAL,S1D1,ELCINDEA03,2033,60.163550184
GLOBAL,S1D2,ELCINDEA03,2033,129.23500528
GLOBAL,S1D3,ELCINDEA03,2033,38.201255096
GLOBAL,S1D4,ELCINDEA03,2033,24.502295143999998
GLOBAL,S1D5,ELCINDEA03,2033,21.920311616
GLOBAL,S2D1,ELCINDEA03,2033,93.878747816
GLOBAL,S2D2,ELCINDEA03,2033,172.769396128
GLOBAL,S2D3,ELCINDEA03,2033,49.297239784
GLOBAL,S2D4,ELCINDEA03,2033,34.206651216000004
GLOBAL,S2D5,ELCINDEA03,2033,33.484288536
GLOBAL,S3D1,ELCINDEA03,2033,106.782491416
GLOBAL,S3D2,ELCINDEA03,2033,187.936542792
GLOBAL,S3D3,ELCINDEA03,2033,52.595411952
GLOBAL,S3D4,ELCINDEA03,2033,37.7542546
GLOBAL,S3D5,ELCINDEA03,2033,38.108644496000004
GLOBAL,S4D1,ELCINDEA03,2033,36.779991088
GLOBAL,S4D2,ELCINDEA03,2033,69.024532392
GLOBAL,S4D3,ELCINDEA03,2033,21.222645096
GLOBAL,S4D4,ELCINDEA03,2033,13.816266712
GLOBAL,S4D5,ELCINDEA03,2033,13.129713464
GLOBAL,S1D1,ELCINDEA03,2034,63.224280321
GLOBAL,S1D2,ELCINDEA03,2034,135.80964182
GLOBAL,S1D3,ELCINDEA03,2034,40.144686498999995
GLOBAL,S1D4,ELCINDEA03,2034,25.748812560999998
GLOBAL,S1D5,ELCINDEA03,2034,23.035474504
GLOBAL,S2D1,ELCINDEA03,2034,98.65468792899999
GLOBAL,S2D2,ELCINDEA03,2034,181.558779332
GLOBAL,S2D3,ELCINDEA03,2034,51.805162720999995
GLOBAL,S2D4,ELCINDEA03,2034,35.946863154
GLOBAL,S2D5,ELCINDEA03,2034,35.187751358999996
GLOBAL,S3D1,ELCINDEA03,2034,112.214890079
GLOBAL,S3D2,ELCINDEA03,2034,197.497531773
GLOBAL,S3D3,ELCINDEA03,2034,55.271124438
GLOBAL,S3D4,ELCINDEA03,2034,39.674945525
GLOBAL,S3D5,ELCINDEA03,2034,40.047364474
GLOBAL,S4D1,ELCINDEA03,2034,38.651117821999996
GLOBAL,S4D2,ELCINDEA03,2034,72.53605167299999
GLOBAL,S4D3,ELCINDEA03,2034,22.302315249
GLOBAL,S4D4,ELCINDEA03,2034,14.519148502999998
GLOBAL,S4D5,ELCINDEA03,2034,13.797667891
GLOBAL,S1D1,ELCINDEA03,2035,66.284961735
GLOBAL,S1D2,ELCINDEA03,2035,142.3841737
GLOBAL,S1D3,ELCINDEA03,2035,42.088086964999995
GLOBAL,S1D4,ELCINDEA03,2035,26.995310134999997
GLOBAL,S1D5,ELCINDEA03,2035,24.15061964
GLOBAL,S2D1,ELCINDEA03,2035,103.43055201499999
GLOBAL,S2D2,ELCINDEA03,2035,190.34802262
GLOBAL,S2D3,ELCINDEA03,2035,54.313045734999996
GLOBAL,S2D4,ELCINDEA03,2035,37.68704739
GLOBAL,S2D5,ELCINDEA03,2035,36.891187065
GLOBAL,S3D1,ELCINDEA03,2035,117.64720226499999
GLOBAL,S3D2,ELCINDEA03,2035,207.058368555
GLOBAL,S3D3,ELCINDEA03,2035,57.946794329999996
GLOBAL,S3D4,ELCINDEA03,2035,41.595605875
GLOBAL,S3D5,ELCINDEA03,2035,41.98605359
GLOBAL,S4D1,ELCINDEA03,2035,40.52221477
GLOBAL,S4D2,ELCINDEA03,2035,76.04751505499999
GLOBAL,S4D3,ELCINDEA03,2035,23.381968215
GLOBAL,S4D4,ELCINDEA03,2035,15.222019104999998
GLOBAL,S4D5,ELCINDEA03,2035,14.465611684999999
GLOBAL,S1D1,ELCINDEA03,2036,69.345691872
GLOBAL,S1D2,ELCINDEA03,2036,148.95881024
GLOBAL,S1D3,ELCINDEA03,2036,44.03151836799999
GLOBAL,S1D4,ELCINDEA03,2036,28.241827551999997
GLOBAL,S1D5,ELCINDEA03,2036,25.265782528
GLOBAL,S2D1,ELCINDEA03,2036,108.206492128
GLOBAL,S2D2,ELCINDEA03,2036,199.137405824
GLOBAL,S2D3,ELCINDEA03,2036,56.820968672
GLOBAL,S2D4,ELCINDEA03,2036,39.427259328
GLOBAL,S2D5,ELCINDEA03,2036,38.59464988799999
GLOBAL,S3D1,ELCINDEA03,2036,123.07960092799999
GLOBAL,S3D2,ELCINDEA03,2036,216.619357536
GLOBAL,S3D3,ELCINDEA03,2036,60.622506816
GLOBAL,S3D4,ELCINDEA03,2036,43.5162968
GLOBAL,S3D5,ELCINDEA03,2036,43.924773568
GLOBAL,S4D1,ELCINDEA03,2036,42.393341504
GLOBAL,S4D2,ELCINDEA03,2036,79.559034336
GLOBAL,S4D3,ELCINDEA03,2036,24.461638368
GLOBAL,S4D4,ELCINDEA03,2036,15.924900895999999
GLOBAL,S4D5,ELCINDEA03,2036,15.133566111999999
GLOBAL,S1D1,ELCINDEA03,2037,72.805414656
GLOBAL,S1D2,ELCINDEA03,2037,156.39050752
GLOBAL,S1D3,ELCINDEA03,2037,46.228292864
GLOBAL,S1D4,ELCINDEA03,2037,29.650839295999997
GLOBAL,S1D5,ELCINDEA03,2037,26.526316544
GLOBAL,S2D1,ELCINDEA03,2037,113.60501734399999
GLOBAL,S2D2,ELCINDEA03,2037,209.07256115200002
GLOBAL,S2D3,ELCINDEA03,2037,59.655821056
GLOBAL,S2D4,ELCINDEA03,2037,41.394322944
GLOBAL,S2D5,ELCINDEA03,2037,40.520173824
GLOBAL,S3D1,ELCINDEA03,2037,129.220159744
GLOBAL,S3D2,ELCINDEA03,2037,227.42670412799998
GLOBAL,S3D3,ELCINDEA03,2037,63.647021568
GLOBAL,S3D4,ELCINDEA03,2037,45.6873664
GLOBAL,S3D5,ELCINDEA03,2037,46.116222463999996
GLOBAL,S4D1,ELCINDEA03,2037,44.508385792
GLOBAL,S4D2,ELCINDEA03,2037,83.52831052799999
GLOBAL,S4D3,ELCINDEA03,2037,25.682052864
GLOBAL,S4D4,ELCINDEA03,2037,16.719409407999997
GLOBAL,S4D5,ELCINDEA03,2037,15.888594176
GLOBAL,S1D1,ELCINDEA03,2038,76.26513744
GLOBAL,S1D2,ELCINDEA03,2038,163.8222048
GLOBAL,S1D3,ELCINDEA03,2038,48.42506736
GLOBAL,S1D4,ELCINDEA03,2038,31.059851039999998
GLOBAL,S1D5,ELCINDEA03,2038,27.78685056
GLOBAL,S2D1,ELCINDEA03,2038,119.00354256
GLOBAL,S2D2,ELCINDEA03,2038,219.00771648000003
GLOBAL,S2D3,ELCINDEA03,2038,62.49067344
GLOBAL,S2D4,ELCINDEA03,2038,43.36138656
GLOBAL,S2D5,ELCINDEA03,2038,42.445697759999995
GLOBAL,S3D1,ELCINDEA03,2038,135.36071855999998
GLOBAL,S3D2,ELCINDEA03,2038,238.23405072
GLOBAL,S3D3,ELCINDEA03,2038,66.67153632
GLOBAL,S3D4,ELCINDEA03,2038,47.858436000000005
GLOBAL,S3D5,ELCINDEA03,2038,48.30767136
GLOBAL,S4D1,ELCINDEA03,2038,46.62343008
GLOBAL,S4D2,ELCINDEA03,2038,87.49758672
GLOBAL,S4D3,ELCINDEA03,2038,26.90246736
GLOBAL,S4D4,ELCINDEA03,2038,17.513917919999997
GLOBAL,S4D5,ELCINDEA03,2038,16.64362224
GLOBAL,S1D1,ELCINDEA03,2039,79.724811501
GLOBAL,S1D2,ELCINDEA03,2039,171.25379742
GLOBAL,S1D3,ELCINDEA03,2039,50.621810919
GLOBAL,S1D4,ELCINDEA03,2039,32.468842941
GLOBAL,S1D5,ELCINDEA03,2039,29.047366824
GLOBAL,S2D1,ELCINDEA03,2039,124.401991749
GLOBAL,S2D2,ELCINDEA03,2039,228.942731892
GLOBAL,S2D3,ELCINDEA03,2039,65.32548590100001
GLOBAL,S2D4,ELCINDEA03,2039,45.328422474
GLOBAL,S2D5,ELCINDEA03,2039,44.371194579
GLOBAL,S3D1,ELCINDEA03,2039,141.501190899
GLOBAL,S3D2,ELCINDEA03,2039,249.041245113
GLOBAL,S3D3,ELCINDEA03,2039,69.696008478
GLOBAL,S3D4,ELCINDEA03,2039,50.029475025
GLOBAL,S3D5,ELCINDEA03,2039,50.499089394
GLOBAL,S4D1,ELCINDEA03,2039,48.738444582
GLOBAL,S4D2,ELCINDEA03,2039,91.466807013
GLOBAL,S4D3,ELCINDEA03,2039,28.122864669000002
GLOBAL,S4D4,ELCINDEA03,2039,18.308415243
GLOBAL,S4D5,ELCINDEA03,2039,17.398639671
GLOBAL,S1D1,ELCINDEA03,2040,83.18453428500001
GLOBAL,S1D2,ELCINDEA03,2040,178.68549470000002
GLOBAL,S1D3,ELCINDEA03,2040,52.818585415
GLOBAL,S1D4,ELCINDEA03,2040,33.877854685
GLOBAL,S1D5,ELCINDEA03,2040,30.307900840000002
GLOBAL,S2D1,ELCINDEA03,2040,129.800516965
GLOBAL,S2D2,ELCINDEA03,2040,238.87788722000002
GLOBAL,S2D3,ELCINDEA03,2040,68.16033828500001
GLOBAL,S2D4,ELCINDEA03,2040,47.295486090000004
GLOBAL,S2D5,ELCINDEA03,2040,46.296718515
GLOBAL,S3D1,ELCINDEA03,2040,147.641749715
GLOBAL,S3D2,ELCINDEA03,2040,259.848591705
GLOBAL,S3D3,ELCINDEA03,2040,72.72052323
GLOBAL,S3D4,ELCINDEA03,2040,52.200544625000006
GLOBAL,S3D5,ELCINDEA03,2040,52.690538290000006
GLOBAL,S4D1,ELCINDEA03,2040,50.85348887
GLOBAL,S4D2,ELCINDEA03,2040,95.436083205
GLOBAL,S4D3,ELCINDEA03,2040,29.343279165000002
GLOBAL,S4D4,ELCINDEA03,2040,19.102923755
GLOBAL,S4D5,ELCINDEA03,2040,18.153667735000003
GLOBAL,S1D1,ELCINDEA03,2041,86.644257069
GLOBAL,S1D2,ELCINDEA03,2041,186.11719198000003
GLOBAL,S1D3,ELCINDEA03,2041,55.015359911000004
GLOBAL,S1D4,ELCINDEA03,2041,35.286866429
GLOBAL,S1D5,ELCINDEA03,2041,31.568434856000003
GLOBAL,S2D1,ELCINDEA03,2041,135.199042181
GLOBAL,S2D2,ELCINDEA03,2041,248.81304254800003
GLOBAL,S2D3,ELCINDEA03,2041,70.99519066900001
GLOBAL,S2D4,ELCINDEA03,2041,49.262549706
GLOBAL,S2D5,ELCINDEA03,2041,48.222242451
GLOBAL,S3D1,ELCINDEA03,2041,153.782308531
GLOBAL,S3D2,ELCINDEA03,2041,270.65593829700003
GLOBAL,S3D3,ELCINDEA03,2041,75.745037982
GLOBAL,S3D4,ELCINDEA03,2041,54.37161422500001
GLOBAL,S3D5,ELCINDEA03,2041,54.881987186
GLOBAL,S4D1,ELCINDEA03,2041,52.96853315800001
GLOBAL,S4D2,ELCINDEA03,2041,99.405359397
GLOBAL,S4D3,ELCINDEA03,2041,30.563693661000002
GLOBAL,S4D4,ELCINDEA03,2041,19.897432267
GLOBAL,S4D5,ELCINDEA03,2041,18.908695799
GLOBAL,S1D1,ELCINDEA03,2042,90.590771346
GLOBAL,S1D2,ELCINDEA03,2042,194.59454732
GLOBAL,S1D3,ELCINDEA03,2042,57.521225974
GLOBAL,S1D4,ELCINDEA03,2042,36.894129586
GLOBAL,S1D5,ELCINDEA03,2042,33.006329104
GLOBAL,S2D1,ELCINDEA03,2042,141.35715315399997
GLOBAL,S2D2,ELCINDEA03,2042,260.146098632
GLOBAL,S2D3,ELCINDEA03,2042,74.228913746
GLOBAL,S2D4,ELCINDEA03,2042,51.506384004
GLOBAL,S2D5,ELCINDEA03,2042,50.41869233399999
GLOBAL,S3D1,ELCINDEA03,2042,160.786859054
GLOBAL,S3D2,ELCINDEA03,2042,282.983905098
GLOBAL,S3D3,ELCINDEA03,2042,79.19510938799999
GLOBAL,S3D4,ELCINDEA03,2042,56.84815865
GLOBAL,S3D5,ELCINDEA03,2042,57.381778323999995
GLOBAL,S4D1,ELCINDEA03,2042,55.381169371999995
GLOBAL,S4D2,ELCINDEA03,2042,103.93312249799999
GLOBAL,S4D3,ELCINDEA03,2042,31.955823474
GLOBAL,S4D4,ELCINDEA03,2042,20.803730077999997
GLOBAL,S4D5,ELCINDEA03,2042,19.769958166
GLOBAL,S1D1,ELCINDEA03,2043,94.716976047
GLOBAL,S1D2,ELCINDEA03,2043,203.45788874000002
GLOBAL,S1D3,ELCINDEA03,2043,60.141187693
GLOBAL,S1D4,ELCINDEA03,2043,38.574573727
GLOBAL,S1D5,ELCINDEA03,2043,34.509692728000005
GLOBAL,S2D1,ELCINDEA03,2043,147.795651703
GLOBAL,S2D2,ELCINDEA03,2043,271.99516492400005
GLOBAL,S2D3,ELCINDEA03,2043,77.609872847
GLOBAL,S2D4,ELCINDEA03,2043,53.852383278000005
GLOBAL,S2D5,ELCINDEA03,2043,52.715149712999995
GLOBAL,S3D1,ELCINDEA03,2043,168.110336753
GLOBAL,S3D2,ELCINDEA03,2043,295.873181811
GLOBAL,S3D3,ELCINDEA03,2043,82.802267466
GLOBAL,S3D4,ELCINDEA03,2043,59.437463675000004
GLOBAL,S3D5,ELCINDEA03,2043,59.995388518
GLOBAL,S4D1,ELCINDEA03,2043,57.903656354
GLOBAL,S4D2,ELCINDEA03,2043,108.667041111
GLOBAL,S4D3,ELCINDEA03,2043,33.411338943000004
GLOBAL,S4D4,ELCINDEA03,2043,21.751292920999997
GLOBAL,S4D5,ELCINDEA03,2043,20.670435037
GLOBAL,S1D1,ELCINDEA03,2044,99.031202805
GLOBAL,S1D2,ELCINDEA03,2044,212.72511310000002
GLOBAL,S1D3,ELCINDEA03,2044,62.880535295
GLOBAL,S1D4,ELCINDEA03,2044,40.331592005
GLOBAL,S1D5,ELCINDEA03,2044,36.081561320000006
GLOBAL,S2D1,ELCINDEA03,2044,154.527538445
GLOBAL,S2D2,ELCINDEA03,2044,284.38416706000004
GLOBAL,S2D3,ELCINDEA03,2044,81.144894805
GLOBAL,S2D4,ELCINDEA03,2044,56.305284570000005
GLOBAL,S2D5,ELCINDEA03,2044,55.116251595
GLOBAL,S3D1,ELCINDEA03,2044,175.767529195
GLOBAL,S3D2,ELCINDEA03,2044,309.349794465
GLOBAL,S3D3,ELCINDEA03,2044,86.57379579
GLOBAL,S3D4,ELCINDEA03,2044,62.144757625000004
GLOBAL,S3D5,ELCINDEA03,2044,62.72809517
GLOBAL,S4D1,ELCINDEA03,2044,60.541087510000004
GLOBAL,S4D2,ELCINDEA03,2044,113.616673965
GLOBAL,S4D3,ELCINDEA03,2044,34.933179045
GLOBAL,S4D4,ELCINDEA03,2044,22.742034115
GLOBAL,S4D5,ELCINDEA03,2044,21.611944655000002
GLOBAL,S1D1,ELCINDEA03,2045,103.541880699
GLOBAL,S1D2,ELCINDEA03,2045,222.41432658
GLOBAL,S1D3,ELCINDEA03,2045,65.74462088099999
GLOBAL,S1D4,ELCINDEA03,2045,42.168617258999994
GLOBAL,S1D5,ELCINDEA03,2045,37.725005976
GLOBAL,S2D1,ELCINDEA03,2045,161.56596605099998
GLOBAL,S2D2,ELCINDEA03,2045,297.33731050800003
GLOBAL,S2D3,ELCINDEA03,2045,84.84088629899999
GLOBAL,S2D4,ELCINDEA03,2045,58.869880326
GLOBAL,S2D5,ELCINDEA03,2045,57.62668922099999
GLOBAL,S3D1,ELCINDEA03,2045,183.77339690099998
GLOBAL,S3D2,ELCINDEA03,2045,323.44007348699995
GLOBAL,S3D3,ELCINDEA03,2045,90.517063122
GLOBAL,S3D4,ELCINDEA03,2045,64.975329975
GLOBAL,S3D5,ELCINDEA03,2045,65.58523740599999
GLOBAL,S4D1,ELCINDEA03,2045,63.298615817999995
GLOBAL,S4D2,ELCINDEA03,2045,118.79169158699999
GLOBAL,S4D3,ELCINDEA03,2045,36.524317131
GLOBAL,S4D4,ELCINDEA03,2045,23.777889356999996
GLOBAL,S4D5,ELCINDEA03,2045,22.596326529
GLOBAL,S1D1,ELCINDEA03,2046,108.258023484
GLOBAL,S1D2,ELCINDEA03,2046,232.54489128
GLOBAL,S1D3,ELCINDEA03,2046,68.73916779599999
GLOBAL,S1D4,ELCINDEA03,2046,44.089320443999995
GLOBAL,S1D5,ELCINDEA03,2046,39.443310816
GLOBAL,S2D1,ELCINDEA03,2046,168.92499951599999
GLOBAL,S2D2,ELCINDEA03,2046,310.880479728
GLOBAL,S2D3,ELCINDEA03,2046,88.705233084
GLOBAL,S2D4,ELCINDEA03,2046,61.551295416
GLOBAL,S2D5,ELCINDEA03,2046,60.251479235999994
GLOBAL,S3D1,ELCINDEA03,2046,192.143938116
GLOBAL,S3D2,ELCINDEA03,2046,338.172175692
GLOBAL,S3D3,ELCINDEA03,2046,94.639949352
GLOBAL,S3D4,ELCINDEA03,2046,67.9348371
GLOBAL,S3D5,ELCINDEA03,2046,68.572524696
GLOBAL,S4D1,ELCINDEA03,2046,66.18175168799999
GLOBAL,S4D2,ELCINDEA03,2046,124.20243529199999
GLOBAL,S4D3,ELCINDEA03,2046,38.187932796
GLOBAL,S4D4,ELCINDEA03,2046,24.860928612
GLOBAL,S4D5,ELCINDEA03,2046,23.625547764
GLOBAL,S1D1,ELCINDEA03,2047,113.18898597600001
GLOBAL,S1D2,ELCINDEA03,2047,243.13690192
GLOBAL,S1D3,ELCINDEA03,2047,71.870115944
GLOBAL,S1D4,ELCINDEA03,2047,46.097511416
GLOBAL,S1D5,ELCINDEA03,2047,41.239884224
GLOBAL,S2D1,ELCINDEA03,2047,176.619236024
GLOBAL,S2D2,ELCINDEA03,2047,325.040538592
GLOBAL,S2D3,ELCINDEA03,2047,92.745600376
GLOBAL,S2D4,ELCINDEA03,2047,64.354848624
GLOBAL,S2D5,ELCINDEA03,2047,62.995828104
GLOBAL,S3D1,ELCINDEA03,2047,200.895756424
GLOBAL,S3D2,ELCINDEA03,2047,353.575323288
GLOBAL,S3D3,ELCINDEA03,2047,98.950632528
GLOBAL,S3D4,ELCINDEA03,2047,71.02914940000001
GLOBAL,S3D5,ELCINDEA03,2047,71.695882544
GLOBAL,S4D1,ELCINDEA03,2047,69.196214032
GLOBAL,S4D2,ELCINDEA03,2047,129.859637688
GLOBAL,S4D3,ELCINDEA03,2047,39.927325944
GLOBAL,S4D4,ELCINDEA03,2047,25.993300167999998
GLOBAL,S4D5,ELCINDEA03,2047,24.701649896000003
GLOBAL,S1D1,ELCINDEA03,2048,118.34451277500001
GLOBAL,S1D2,ELCINDEA03,2048,254.21129050000002
GLOBAL,S1D3,ELCINDEA03,2048,75.14365272500001
GLOBAL,S1D4,ELCINDEA03,2048,48.197158775000005
GLOBAL,S1D5,ELCINDEA03,2048,43.1182766
GLOBAL,S2D1,ELCINDEA03,2048,184.663880975
GLOBAL,S2D2,ELCINDEA03,2048,339.84547030000004
GLOBAL,S2D3,ELCINDEA03,2048,96.969972775
GLOBAL,S2D4,ELCINDEA03,2048,67.28608035
GLOBAL,S2D5,ELCINDEA03,2048,65.865159225
GLOBAL,S3D1,ELCINDEA03,2048,210.046147225
GLOBAL,S3D2,ELCINDEA03,2048,369.679956075
GLOBAL,S3D3,ELCINDEA03,2048,103.45763145000001
GLOBAL,S3D4,ELCINDEA03,2048,74.26438187500001
GLOBAL,S3D5,ELCINDEA03,2048,74.96148335000001
GLOBAL,S4D1,ELCINDEA03,2048,72.34796005000001
GLOBAL,S4D2,ELCINDEA03,2048,135.77447857500002
GLOBAL,S4D3,ELCINDEA03,2048,41.74593397500001
GLOBAL,S4D4,ELCINDEA03,2048,27.177241825
GLOBAL,S4D5,ELCINDEA03,2048,25.826759525000003
GLOBAL,S1D1,ELCINDEA03,2049,123.73493315700001
GLOBAL,S1D2,ELCINDEA03,2049,265.79024494000004
GLOBAL,S1D3,ELCINDEA03,2049,78.566336783
GLOBAL,S1D4,ELCINDEA03,2049,50.392469237
GLOBAL,S1D5,ELCINDEA03,2049,45.082251368
GLOBAL,S2D1,ELCINDEA03,2049,193.075052093
GLOBAL,S2D2,ELCINDEA03,2049,355.3249370440001
GLOBAL,S2D3,ELCINDEA03,2049,101.38681395700002
GLOBAL,S2D4,ELCINDEA03,2049,70.350863418
GLOBAL,S2D5,ELCINDEA03,2049,68.865221403
GLOBAL,S3D1,ELCINDEA03,2049,219.613443643
GLOBAL,S3D2,ELCINDEA03,2049,386.51834024100003
GLOBAL,S3D3,ELCINDEA03,2049,108.169976046
GLOBAL,S3D4,ELCINDEA03,2049,77.647016425
GLOBAL,S3D5,ELCINDEA03,2049,78.375869858
GLOBAL,S4D1,ELCINDEA03,2049,75.64330437400001
GLOBAL,S4D2,ELCINDEA03,2049,141.958808541
GLOBAL,S4D3,ELCINDEA03,2049,43.647400533
GLOBAL,S4D4,ELCINDEA03,2049,28.415125651
GLOBAL,S4D5,ELCINDEA03,2049,27.003130847
GLOBAL,S1D1,ELCINDEA03,2050,129.370820013
GLOBAL,S1D2,ELCINDEA03,2050,277.89647646000003
GLOBAL,S1D3,ELCINDEA03,2050,82.144881447
GLOBAL,S1D4,ELCINDEA03,2050,52.68774873300001
GLOBAL,S1D5,ELCINDEA03,2050,47.135660712
GLOBAL,S2D1,ELCINDEA03,2050,201.869247237
GLOBAL,S2D2,ELCINDEA03,2050,371.50930059600006
GLOBAL,S2D3,ELCINDEA03,2050,106.00478721300001
GLOBAL,S2D4,ELCINDEA03,2050,73.55520916200001
GLOBAL,S2D5,ELCINDEA03,2050,72.00189902700001
GLOBAL,S3D1,ELCINDEA03,2050,229.616411187
GLOBAL,S3D2,ELCINDEA03,2050,404.123502969
GLOBAL,S3D3,ELCINDEA03,2050,113.09690921400001
GLOBAL,S3D4,ELCINDEA03,2050,81.183687825
GLOBAL,S3D5,ELCINDEA03,2050,81.945739122
GLOBAL,S4D1,ELCINDEA03,2050,79.088710566
GLOBAL,S4D2,ELCINDEA03,2050,148.424757669
GLOBAL,S4D3,ELCINDEA03,2050,45.635455197000006
GLOBAL,S4D4,ELCINDEA03,2050,29.709379659
GLOBAL,S4D5,ELCINDEA03,2050,28.233071223000003
GLOBAL,S1D1,ELCINDNE03,2023,3.373509788
GLOBAL,S1D2,ELCINDNE03,2023,8.182707403999999
GLOBAL,S1D3,ELCINDNE03,2023,2.844440386
GLOBAL,S1D4,ELCINDNE03,2023,1.7568624699999997
GLOBAL,S1D5,ELCINDNE03,2023,1.418692052
GLOBAL,S2D1,ELCINDNE03,2023,4.595536431999999
GLOBAL,S2D2,ELCINDNE03,2023,9.716272692
GLOBAL,S2D3,ELCINDNE03,2023,3.2323082739999998
GLOBAL,S2D4,ELCINDNE03,2023,2.169085912
GLOBAL,S2D5,ELCINDNE03,2023,1.878184996
GLOBAL,S3D1,ELCINDNE03,2023,6.4298662559999995
GLOBAL,S3D2,ELCINDNE03,2023,11.640057961999998
GLOBAL,S3D3,ELCINDNE03,2023,3.7866437179999997
GLOBAL,S3D4,ELCINDNE03,2023,2.6808560420000003
GLOBAL,S3D5,ELCINDNE03,2023,2.5228105
GLOBAL,S4D1,ELCINDNE03,2023,2.013771834
GLOBAL,S4D2,ELCINDNE03,2023,4.342724264
GLOBAL,S4D3,ELCINDNE03,2023,1.5574655979999998
GLOBAL,S4D4,ELCINDNE03,2023,0.9336295699999999
GLOBAL,S4D5,ELCINDNE03,2023,0.7985738499999999
GLOBAL,S1D1,ELCINDNE03,2024,3.56318468
GLOBAL,S1D2,ELCINDNE03,2024,8.64277844
GLOBAL,S1D3,ELCINDNE03,2024,3.0043684600000002
GLOBAL,S1D4,ELCINDNE03,2024,1.8556416999999998
GLOBAL,S1D5,ELCINDNE03,2024,1.49845772
GLOBAL,S2D1,ELCINDNE03,2024,4.85391952
GLOBAL,S2D2,ELCINDNE03,2024,10.262568120000001
GLOBAL,S2D3,ELCINDNE03,2024,3.41404414
GLOBAL,S2D4,ELCINDNE03,2024,2.29104232
GLOBAL,S2D5,ELCINDNE03,2024,1.98378556
GLOBAL,S3D1,ELCINDNE03,2024,6.79138416
GLOBAL,S3D2,ELCINDNE03,2024,12.29451782
GLOBAL,S3D3,ELCINDNE03,2024,3.99954698
GLOBAL,S3D4,ELCINDNE03,2024,2.8315866200000004
GLOBAL,S3D5,ELCINDNE03,2024,2.664655
GLOBAL,S4D1,ELCINDNE03,2024,2.12699574
GLOBAL,S4D2,ELCINDNE03,2024,4.5868930400000005
GLOBAL,S4D3,ELCINDNE03,2024,1.6450337800000001
GLOBAL,S4D4,ELCINDNE03,2024,0.9861227
GLOBAL,S4D5,ELCINDNE03,2024,0.8434735
GLOBAL,S1D1,ELCINDNE03,2025,3.7648643120000003
GLOBAL,S1D2,ELCINDNE03,2025,9.131967896
GLOBAL,S1D3,ELCINDNE03,2025,3.174418564
GLOBAL,S1D4,ELCINDNE03,2025,1.96067278
GLOBAL,S1D5,ELCINDNE03,2025,1.5832718479999999
GLOBAL,S2D1,ELCINDNE03,2025,5.1286559679999995
GLOBAL,S2D2,ELCINDNE03,2025,10.843439208000001
GLOBAL,S2D3,ELCINDNE03,2025,3.6072822760000003
GLOBAL,S2D4,ELCINDNE03,2025,2.4207174879999998
GLOBAL,S2D5,ELCINDNE03,2025,2.096069704
GLOBAL,S3D1,ELCINDNE03,2025,7.175782944
GLOBAL,S3D2,ELCINDNE03,2025,12.990399188
GLOBAL,S3D3,ELCINDNE03,2025,4.225925132
GLOBAL,S3D4,ELCINDNE03,2025,2.9918571080000005
GLOBAL,S3D5,ELCINDNE03,2025,2.815477
GLOBAL,S4D1,ELCINDNE03,2025,2.247385716
GLOBAL,S4D2,ELCINDNE03,2025,4.846515536
GLOBAL,S4D3,ELCINDNE03,2025,1.7381442520000001
GLOBAL,S4D4,ELCINDNE03,2025,1.04193818
GLOBAL,S4D5,ELCINDNE03,2025,0.8912149
GLOBAL,S1D1,ELCINDNE03,2026,3.986196148
GLOBAL,S1D2,ELCINDNE03,2026,9.668825283999999
GLOBAL,S1D3,ELCINDNE03,2026,3.361038806
GLOBAL,S1D4,ELCINDNE03,2026,2.07593837
GLOBAL,S1D5,ELCINDNE03,2026,1.6763504919999999
GLOBAL,S2D1,ELCINDNE03,2026,5.430163471999999
GLOBAL,S2D2,ELCINDNE03,2026,11.480911932
GLOBAL,S2D3,ELCINDNE03,2026,3.819350054
GLOBAL,S2D4,ELCINDNE03,2026,2.5630285519999996
GLOBAL,S2D5,ELCINDNE03,2026,2.219295116
GLOBAL,S3D1,ELCINDNE03,2026,7.597638576
GLOBAL,S3D2,ELCINDNE03,2026,13.754089101999998
GLOBAL,S3D3,ELCINDNE03,2026,4.474362178
GLOBAL,S3D4,ELCINDNE03,2026,3.167744782
GLOBAL,S3D5,ELCINDNE03,2026,2.9809955
GLOBAL,S4D1,ELCINDNE03,2026,2.379506814
GLOBAL,S4D2,ELCINDNE03,2026,5.131436344
GLOBAL,S4D3,ELCINDNE03,2026,1.8403276579999999
GLOBAL,S4D4,ELCINDNE03,2026,1.10319247
GLOBAL,S4D5,ELCINDNE03,2026,0.9436083499999999
GLOBAL,S1D1,ELCINDNE03,2027,4.208372762
GLOBAL,S1D2,ELCINDNE03,2027,10.207731745999999
GLOBAL,S1D3,ELCINDNE03,2027,3.548371339
GLOBAL,S1D4,ELCINDNE03,2027,2.191643905
GLOBAL,S1D5,ELCINDNE03,2027,1.7697843979999999
GLOBAL,S2D1,ELCINDNE03,2027,5.732821767999999
GLOBAL,S2D2,ELCINDNE03,2027,12.120817758
GLOBAL,S2D3,ELCINDNE03,2027,4.032227251
GLOBAL,S2D4,ELCINDNE03,2027,2.705882788
GLOBAL,S2D5,ELCINDNE03,2027,2.342990854
GLOBAL,S3D1,ELCINDNE03,2027,8.021104344
GLOBAL,S3D2,ELCINDNE03,2027,14.520693862999998
GLOBAL,S3D3,ELCINDNE03,2027,4.723747457
GLOBAL,S3D4,ELCINDNE03,2027,3.344303783
GLOBAL,S3D5,ELCINDNE03,2027,3.14714575
GLOBAL,S4D1,ELCINDNE03,2027,2.5121321909999996
GLOBAL,S4D2,ELCINDNE03,2027,5.417444636
GLOBAL,S4D3,ELCINDNE03,2027,1.942901077
GLOBAL,S4D4,ELCINDNE03,2027,1.164680555
GLOBAL,S4D5,ELCINDNE03,2027,0.996201775
GLOBAL,S1D1,ELCINDNE03,2028,4.442065034
GLOBAL,S1D2,ELCINDNE03,2028,10.774570321999999
GLOBAL,S1D3,ELCINDNE03,2028,3.745413523
GLOBAL,S1D4,ELCINDNE03,2028,2.3133465849999997
GLOBAL,S1D5,ELCINDNE03,2028,1.8680610859999998
GLOBAL,S2D1,ELCINDNE03,2028,6.051167176
GLOBAL,S2D2,ELCINDNE03,2028,12.793890606
GLOBAL,S2D3,ELCINDNE03,2028,4.256138107
GLOBAL,S2D4,ELCINDNE03,2028,2.856141316
GLOBAL,S2D5,ELCINDNE03,2028,2.473097878
GLOBAL,S3D1,ELCINDNE03,2028,8.466518808
GLOBAL,S3D2,ELCINDNE03,2028,15.327032590999998
GLOBAL,S3D3,ELCINDNE03,2028,4.986058648999999
GLOBAL,S3D4,ELCINDNE03,2028,3.5300140310000003
GLOBAL,S3D5,ELCINDNE03,2028,3.3219077500000003
GLOBAL,S4D1,ELCINDNE03,2028,2.6516316869999996
GLOBAL,S4D2,ELCINDNE03,2028,5.718277052
GLOBAL,S4D3,ELCINDNE03,2028,2.050790989
GLOBAL,S4D4,ELCINDNE03,2028,1.229355635
GLOBAL,S4D5,ELCINDNE03,2028,1.051521175
GLOBAL,S1D1,ELCINDNE03,2029,4.699277704
GLOBAL,S1D2,ELCINDNE03,2029,11.398459432
GLOBAL,S1D3,ELCINDNE03,2029,3.962287388
GLOBAL,S1D4,ELCINDNE03,2029,2.4472982599999997
GLOBAL,S1D5,ELCINDNE03,2029,1.9762290159999998
GLOBAL,S2D1,ELCINDNE03,2029,6.401553055999999
GLOBAL,S2D2,ELCINDNE03,2029,13.534706136
GLOBAL,S2D3,ELCINDNE03,2029,4.502584892
GLOBAL,S2D4,ELCINDNE03,2029,3.0215228959999996
GLOBAL,S2D5,ELCINDNE03,2029,2.616299768
GLOBAL,S3D1,ELCINDNE03,2029,8.956762847999999
GLOBAL,S3D2,ELCINDNE03,2029,16.214526795999998
GLOBAL,S3D3,ELCINDNE03,2029,5.274770643999999
GLOBAL,S3D4,ELCINDNE03,2029,3.734415436
GLOBAL,S3D5,ELCINDNE03,2029,3.514259
GLOBAL,S4D1,ELCINDNE03,2029,2.8051713719999998
GLOBAL,S4D2,ELCINDNE03,2029,6.0493873119999995
GLOBAL,S4D3,ELCINDNE03,2029,2.169539684
GLOBAL,S4D4,ELCINDNE03,2029,1.3005400599999999
GLOBAL,S4D5,ELCINDNE03,2029,1.1124082999999998
GLOBAL,S1D1,ELCINDNE03,2030,4.942751616000001
GLOBAL,S1D2,ELCINDNE03,2030,11.989024128
GLOBAL,S1D3,ELCINDNE03,2030,4.167577152000001
GLOBAL,S1D4,ELCINDNE03,2030,2.57409504
GLOBAL,S1D5,ELCINDNE03,2030,2.078619264
GLOBAL,S2D1,ELCINDNE03,2030,6.733223424
GLOBAL,S2D2,ELCINDNE03,2030,14.235951744000001
GLOBAL,S2D3,ELCINDNE03,2030,4.735867968
GLOBAL,S2D4,ELCINDNE03,2030,3.178070784
GLOBAL,S2D5,ELCINDNE03,2030,2.7518526720000005
GLOBAL,S3D1,ELCINDNE03,2030,9.420820992000001
GLOBAL,S3D2,ELCINDNE03,2030,17.054616384
GLOBAL,S3D3,ELCINDNE03,2030,5.548061376000001
GLOBAL,S3D4,ELCINDNE03,2030,3.9278989440000007
GLOBAL,S3D5,ELCINDNE03,2030,3.6963360000000005
GLOBAL,S4D1,ELCINDNE03,2030,2.950509888
GLOBAL,S4D2,ELCINDNE03,2030,6.362811648000001
GLOBAL,S4D3,ELCINDNE03,2030,2.2819455360000003
GLOBAL,S4D4,ELCINDNE03,2030,1.3679222400000002
GLOBAL,S4D5,ELCINDNE03,2030,1.1700432
GLOBAL,S1D1,ELCINDNE03,2031,5.181734866
GLOBAL,S1D2,ELCINDNE03,2031,12.568696378
GLOBAL,S1D3,ELCINDNE03,2031,4.369080527
GLOBAL,S1D4,ELCINDNE03,2031,2.698553165
GLOBAL,S1D5,ELCINDNE03,2031,2.179121014
GLOBAL,S2D1,ELCINDNE03,2031,7.058776424
GLOBAL,S2D2,ELCINDNE03,2031,14.924263494000002
GLOBAL,S2D3,ELCINDNE03,2031,4.964848343
GLOBAL,S2D4,ELCINDNE03,2031,3.331731284
GLOBAL,S2D5,ELCINDNE03,2031,2.8849054220000006
GLOBAL,S3D1,ELCINDNE03,2031,9.876319992
GLOBAL,S3D2,ELCINDNE03,2031,17.879211259
GLOBAL,S3D3,ELCINDNE03,2031,5.816311501
GLOBAL,S3D4,ELCINDNE03,2031,4.117813819
GLOBAL,S3D5,ELCINDNE03,2031,3.8750547500000003
GLOBAL,S4D1,ELCINDNE03,2031,3.093167763
GLOBAL,S4D2,ELCINDNE03,2031,6.670455148
GLOBAL,S4D3,ELCINDNE03,2031,2.392278161
GLOBAL,S4D4,ELCINDNE03,2031,1.434061615
GLOBAL,S4D5,ELCINDNE03,2031,1.226615075
GLOBAL,S1D1,ELCINDNE03,2032,5.467892298
GLOBAL,S1D2,ELCINDNE03,2032,13.262793234
GLOBAL,S1D3,ELCINDNE03,2032,4.610359731
GLOBAL,S1D4,ELCINDNE03,2032,2.847578745
GLOBAL,S1D5,ELCINDNE03,2032,2.299461342
GLOBAL,S2D1,ELCINDNE03,2032,7.448592071999999
GLOBAL,S2D2,ELCINDNE03,2032,15.748444782
GLOBAL,S2D3,ELCINDNE03,2032,5.239028379
GLOBAL,S2D4,ELCINDNE03,2032,3.5157236519999997
GLOBAL,S2D5,ELCINDNE03,2032,3.0442221660000004
GLOBAL,S3D1,ELCINDNE03,2032,10.421732376
GLOBAL,S3D2,ELCINDNE03,2032,18.866577326999998
GLOBAL,S3D3,ELCINDNE03,2032,6.137512953
GLOBAL,S3D4,ELCINDNE03,2032,4.3452170070000005
GLOBAL,S3D5,ELCINDNE03,2032,4.08905175
GLOBAL,S4D1,ELCINDNE03,2032,3.263985639
GLOBAL,S4D2,ELCINDNE03,2032,7.038826044
GLOBAL,S4D3,ELCINDNE03,2032,2.524389933
GLOBAL,S4D4,ELCINDNE03,2032,1.513256595
GLOBAL,S4D5,ELCINDNE03,2032,1.294353975
GLOBAL,S1D1,ELCINDNE03,2033,5.75404973
GLOBAL,S1D2,ELCINDNE03,2033,13.956890089999998
GLOBAL,S1D3,ELCINDNE03,2033,4.8516389349999995
GLOBAL,S1D4,ELCINDNE03,2033,2.9966043249999994
GLOBAL,S1D5,ELCINDNE03,2033,2.4198016699999996
GLOBAL,S2D1,ELCINDNE03,2033,7.838407719999999
GLOBAL,S2D2,ELCINDNE03,2033,16.57262607
GLOBAL,S2D3,ELCINDNE03,2033,5.513208414999999
GLOBAL,S2D4,ELCINDNE03,2033,3.6997160199999994
GLOBAL,S2D5,ELCINDNE03,2033,3.2035389100000002
GLOBAL,S3D1,ELCINDNE03,2033,10.96714476
GLOBAL,S3D2,ELCINDNE03,2033,19.853943394999998
GLOBAL,S3D3,ELCINDNE03,2033,6.458714404999999
GLOBAL,S3D4,ELCINDNE03,2033,4.572620195
GLOBAL,S3D5,ELCINDNE03,2033,4.30304875
GLOBAL,S4D1,ELCINDNE03,2033,3.4348035149999996
GLOBAL,S4D2,ELCINDNE03,2033,7.4071969399999995
GLOBAL,S4D3,ELCINDNE03,2033,2.6565017049999997
GLOBAL,S4D4,ELCINDNE03,2033,1.592451575
GLOBAL,S4D5,ELCINDNE03,2033,1.3620928749999999
GLOBAL,S1D1,ELCINDNE03,2034,6.040207162
GLOBAL,S1D2,ELCINDNE03,2034,14.650986946
GLOBAL,S1D3,ELCINDNE03,2034,5.092918139
GLOBAL,S1D4,ELCINDNE03,2034,3.145629905
GLOBAL,S1D5,ELCINDNE03,2034,2.5401419979999997
GLOBAL,S2D1,ELCINDNE03,2034,8.228223368
GLOBAL,S2D2,ELCINDNE03,2034,17.396807358
GLOBAL,S2D3,ELCINDNE03,2034,5.787388451
GLOBAL,S2D4,ELCINDNE03,2034,3.8837083879999996
GLOBAL,S2D5,ELCINDNE03,2034,3.362855654
GLOBAL,S3D1,ELCINDNE03,2034,11.512557144
GLOBAL,S3D2,ELCINDNE03,2034,20.841309462999998
GLOBAL,S3D3,ELCINDNE03,2034,6.779915857
GLOBAL,S3D4,ELCINDNE03,2034,4.800023383
GLOBAL,S3D5,ELCINDNE03,2034,4.51704575
GLOBAL,S4D1,ELCINDNE03,2034,3.6056213909999997
GLOBAL,S4D2,ELCINDNE03,2034,7.7755678360000005
GLOBAL,S4D3,ELCINDNE03,2034,2.788613477
GLOBAL,S4D4,ELCINDNE03,2034,1.671646555
GLOBAL,S4D5,ELCINDNE03,2034,1.429831775
GLOBAL,S1D1,ELCINDNE03,2035,6.326364594
GLOBAL,S1D2,ELCINDNE03,2035,15.345083802
GLOBAL,S1D3,ELCINDNE03,2035,5.3341973430000005
GLOBAL,S1D4,ELCINDNE03,2035,3.294655485
GLOBAL,S1D5,ELCINDNE03,2035,2.660482326
GLOBAL,S2D1,ELCINDNE03,2035,8.618039015999999
GLOBAL,S2D2,ELCINDNE03,2035,18.220988646000002
GLOBAL,S2D3,ELCINDNE03,2035,6.061568487000001
GLOBAL,S2D4,ELCINDNE03,2035,4.067700756
GLOBAL,S2D5,ELCINDNE03,2035,3.5221723980000004
GLOBAL,S3D1,ELCINDNE03,2035,12.057969528000001
GLOBAL,S3D2,ELCINDNE03,2035,21.828675531000002
GLOBAL,S3D3,ELCINDNE03,2035,7.101117309
GLOBAL,S3D4,ELCINDNE03,2035,5.027426571
GLOBAL,S3D5,ELCINDNE03,2035,4.73104275
GLOBAL,S4D1,ELCINDNE03,2035,3.7764392669999998
GLOBAL,S4D2,ELCINDNE03,2035,8.143938732
GLOBAL,S4D3,ELCINDNE03,2035,2.920725249
GLOBAL,S4D4,ELCINDNE03,2035,1.7508415350000002
GLOBAL,S4D5,ELCINDNE03,2035,1.497570675
GLOBAL,S1D1,ELCINDNE03,2036,6.612522026000001
GLOBAL,S1D2,ELCINDNE03,2036,16.039180658
GLOBAL,S1D3,ELCINDNE03,2036,5.575476547000001
GLOBAL,S1D4,ELCINDNE03,2036,3.4436810650000003
GLOBAL,S1D5,ELCINDNE03,2036,2.780822654
GLOBAL,S2D1,ELCINDNE03,2036,9.007854664
GLOBAL,S2D2,ELCINDNE03,2036,19.045169934000004
GLOBAL,S2D3,ELCINDNE03,2036,6.335748523
GLOBAL,S2D4,ELCINDNE03,2036,4.251693124
GLOBAL,S2D5,ELCINDNE03,2036,3.6814891420000007
GLOBAL,S3D1,ELCINDNE03,2036,12.603381912000001
GLOBAL,S3D2,ELCINDNE03,2036,22.816041599000002
GLOBAL,S3D3,ELCINDNE03,2036,7.4223187610000005
GLOBAL,S3D4,ELCINDNE03,2036,5.254829759000001
GLOBAL,S3D5,ELCINDNE03,2036,4.94503975
GLOBAL,S4D1,ELCINDNE03,2036,3.9472571430000003
GLOBAL,S4D2,ELCINDNE03,2036,8.512309628
GLOBAL,S4D3,ELCINDNE03,2036,3.052837021
GLOBAL,S4D4,ELCINDNE03,2036,1.8300365150000002
GLOBAL,S4D5,ELCINDNE03,2036,1.5653095750000001
GLOBAL,S1D1,ELCINDNE03,2037,6.9478988919999995
GLOBAL,S1D2,ELCINDNE03,2037,16.852663036
GLOBAL,S1D3,ELCINDNE03,2037,5.858256074
GLOBAL,S1D4,ELCINDNE03,2037,3.6183392299999997
GLOBAL,S1D5,ELCINDNE03,2037,2.9218616679999996
GLOBAL,S2D1,ELCINDNE03,2037,9.464719087999999
GLOBAL,S2D2,ELCINDNE03,2037,20.011111428
GLOBAL,S2D3,ELCINDNE03,2037,6.6570878659999995
GLOBAL,S2D4,ELCINDNE03,2037,4.467332408
GLOBAL,S2D5,ELCINDNE03,2037,3.868208564
GLOBAL,S3D1,ELCINDNE03,2037,13.242605904
GLOBAL,S3D2,ELCINDNE03,2037,23.973235858
GLOBAL,S3D3,ELCINDNE03,2037,7.798767261999999
GLOBAL,S3D4,ELCINDNE03,2037,5.521346578
GLOBAL,S3D5,ELCINDNE03,2037,5.1958445
GLOBAL,S4D1,ELCINDNE03,2037,4.147455905999999
GLOBAL,S4D2,ELCINDNE03,2037,8.944040776
GLOBAL,S4D3,ELCINDNE03,2037,3.207672182
GLOBAL,S4D4,ELCINDNE03,2037,1.9228531299999998
GLOBAL,S4D5,ELCINDNE03,2037,1.64469965
GLOBAL,S1D1,ELCINDNE03,2038,7.283275758
GLOBAL,S1D2,ELCINDNE03,2038,17.666145414
GLOBAL,S1D3,ELCINDNE03,2038,6.1410356010000005
GLOBAL,S1D4,ELCINDNE03,2038,3.7929973949999995
GLOBAL,S1D5,ELCINDNE03,2038,3.062900682
GLOBAL,S2D1,ELCINDNE03,2038,9.921583512
GLOBAL,S2D2,ELCINDNE03,2038,20.977052922000002
GLOBAL,S2D3,ELCINDNE03,2038,6.9784272089999995
GLOBAL,S2D4,ELCINDNE03,2038,4.682971692
GLOBAL,S2D5,ELCINDNE03,2038,4.054927986
GLOBAL,S3D1,ELCINDNE03,2038,13.881829896
GLOBAL,S3D2,ELCINDNE03,2038,25.130430117
GLOBAL,S3D3,ELCINDNE03,2038,8.175215763
GLOBAL,S3D4,ELCINDNE03,2038,5.787863397000001
GLOBAL,S3D5,ELCINDNE03,2038,5.44664925
GLOBAL,S4D1,ELCINDNE03,2038,4.347654669
GLOBAL,S4D2,ELCINDNE03,2038,9.375771924
GLOBAL,S4D3,ELCINDNE03,2038,3.362507343
GLOBAL,S4D4,ELCINDNE03,2038,2.015669745
GLOBAL,S4D5,ELCINDNE03,2038,1.724089725
GLOBAL,S1D1,ELCINDNE03,2039,7.618608162
GLOBAL,S1D2,ELCINDNE03,2039,18.479519946
GLOBAL,S1D3,ELCINDNE03,2039,6.423777639
GLOBAL,S1D4,ELCINDNE03,2039,3.967632405
GLOBAL,S1D5,ELCINDNE03,2039,3.203920998
GLOBAL,S2D1,ELCINDNE03,2039,10.378387368
GLOBAL,S2D2,ELCINDNE03,2039,21.942866358
GLOBAL,S2D3,ELCINDNE03,2039,7.299723951
GLOBAL,S2D4,ELCINDNE03,2039,4.8985823879999995
GLOBAL,S2D5,ELCINDNE03,2039,4.241622654
GLOBAL,S3D1,ELCINDNE03,2039,14.520969144
GLOBAL,S3D2,ELCINDNE03,2039,26.287470963
GLOBAL,S3D3,ELCINDNE03,2039,8.551614357
GLOBAL,S3D4,ELCINDNE03,2039,6.054344883000001
GLOBAL,S3D5,ELCINDNE03,2039,5.69742075
GLOBAL,S4D1,ELCINDNE03,2039,4.547826891
GLOBAL,S4D2,ELCINDNE03,2039,9.807445836000001
GLOBAL,S4D3,ELCINDNE03,2039,3.517321977
GLOBAL,S4D4,ELCINDNE03,2039,2.108474055
GLOBAL,S4D5,ELCINDNE03,2039,1.8034692749999999
GLOBAL,S1D1,ELCINDNE03,2040,7.953985028000001
GLOBAL,S1D2,ELCINDNE03,2040,19.293002324
GLOBAL,S1D3,ELCINDNE03,2040,6.7065571660000005
GLOBAL,S1D4,ELCINDNE03,2040,4.14229057
GLOBAL,S1D5,ELCINDNE03,2040,3.344960012
GLOBAL,S2D1,ELCINDNE03,2040,10.835251792
GLOBAL,S2D2,ELCINDNE03,2040,22.908807852000002
GLOBAL,S2D3,ELCINDNE03,2040,7.621063294
GLOBAL,S2D4,ELCINDNE03,2040,5.114221672
GLOBAL,S2D5,ELCINDNE03,2040,4.428342076000001
GLOBAL,S3D1,ELCINDNE03,2040,15.160193136
GLOBAL,S3D2,ELCINDNE03,2040,27.444665222
GLOBAL,S3D3,ELCINDNE03,2040,8.928062858
GLOBAL,S3D4,ELCINDNE03,2040,6.320861702000001
GLOBAL,S3D5,ELCINDNE03,2040,5.9482255
GLOBAL,S4D1,ELCINDNE03,2040,4.748025654
GLOBAL,S4D2,ELCINDNE03,2040,10.239176984
GLOBAL,S4D3,ELCINDNE03,2040,3.672157138
GLOBAL,S4D4,ELCINDNE03,2040,2.20129067
GLOBAL,S4D5,ELCINDNE03,2040,1.88285935
GLOBAL,S1D1,ELCINDNE03,2041,8.289361894
GLOBAL,S1D2,ELCINDNE03,2041,20.106484702
GLOBAL,S1D3,ELCINDNE03,2041,6.989336693000001
GLOBAL,S1D4,ELCINDNE03,2041,4.316948735
GLOBAL,S1D5,ELCINDNE03,2041,3.485999026
GLOBAL,S2D1,ELCINDNE03,2041,11.292116216
GLOBAL,S2D2,ELCINDNE03,2041,23.874749346
GLOBAL,S2D3,ELCINDNE03,2041,7.942402637000001
GLOBAL,S2D4,ELCINDNE03,2041,5.329860956
GLOBAL,S2D5,ELCINDNE03,2041,4.615061498
GLOBAL,S3D1,ELCINDNE03,2041,15.799417128000002
GLOBAL,S3D2,ELCINDNE03,2041,28.601859481
GLOBAL,S3D3,ELCINDNE03,2041,9.304511359000001
GLOBAL,S3D4,ELCINDNE03,2041,6.587378521000001
GLOBAL,S3D5,ELCINDNE03,2041,6.199030250000001
GLOBAL,S4D1,ELCINDNE03,2041,4.9482244170000005
GLOBAL,S4D2,ELCINDNE03,2041,10.670908132000001
GLOBAL,S4D3,ELCINDNE03,2041,3.826992299
GLOBAL,S4D4,ELCINDNE03,2041,2.294107285
GLOBAL,S4D5,ELCINDNE03,2041,1.962249425
GLOBAL,S1D1,ELCINDNE03,2042,8.672668796
GLOBAL,S1D2,ELCINDNE03,2042,21.036225068
GLOBAL,S1D3,ELCINDNE03,2042,7.312529362
GLOBAL,S1D4,ELCINDNE03,2042,4.5165679899999995
GLOBAL,S1D5,ELCINDNE03,2042,3.647194484
GLOBAL,S2D1,ELCINDNE03,2042,11.814272943999999
GLOBAL,S2D2,ELCINDNE03,2042,24.978737364
GLOBAL,S2D3,ELCINDNE03,2042,8.309665857999999
GLOBAL,S2D4,ELCINDNE03,2042,5.576318103999999
GLOBAL,S2D5,ELCINDNE03,2042,4.828465732
GLOBAL,S3D1,ELCINDNE03,2042,16.529995151999998
GLOBAL,S3D2,ELCINDNE03,2042,29.924432953999997
GLOBAL,S3D3,ELCINDNE03,2042,9.734759605999999
GLOBAL,S3D4,ELCINDNE03,2042,6.891984314
GLOBAL,S3D5,ELCINDNE03,2042,6.4856785
GLOBAL,S4D1,ELCINDNE03,2042,5.177034377999999
GLOBAL,S4D2,ELCINDNE03,2042,11.164339688
GLOBAL,S4D3,ELCINDNE03,2042,4.003955566
GLOBAL,S4D4,ELCINDNE03,2042,2.40018869
GLOBAL,S4D5,ELCINDNE03,2042,2.05298545
GLOBAL,S1D1,ELCINDNE03,2043,9.073671574
GLOBAL,S1D2,ELCINDNE03,2043,22.008888142
GLOBAL,S1D3,ELCINDNE03,2043,7.650642653
GLOBAL,S1D4,ELCINDNE03,2043,4.725402935
GLOBAL,S1D5,ELCINDNE03,2043,3.8158317459999997
GLOBAL,S2D1,ELCINDNE03,2043,12.360535736
GLOBAL,S2D2,ELCINDNE03,2043,26.133692466
GLOBAL,S2D3,ELCINDNE03,2043,8.693884277
GLOBAL,S2D4,ELCINDNE03,2043,5.834153275999999
GLOBAL,S2D5,ELCINDNE03,2043,5.051722058
GLOBAL,S3D1,ELCINDNE03,2043,17.294301288
GLOBAL,S3D2,ELCINDNE03,2043,31.308064800999997
GLOBAL,S3D3,ELCINDNE03,2043,10.184870839
GLOBAL,S3D4,ELCINDNE03,2043,7.210652641
GLOBAL,S3D5,ELCINDNE03,2043,6.7855602500000005
GLOBAL,S4D1,ELCINDNE03,2043,5.416407657
GLOBAL,S4D2,ELCINDNE03,2043,11.680551172
GLOBAL,S4D3,ELCINDNE03,2043,4.189088579
GLOBAL,S4D4,ELCINDNE03,2043,2.511167485
GLOBAL,S4D5,ELCINDNE03,2043,2.147910425
GLOBAL,S1D1,ELCINDNE03,2044,9.493215006
GLOBAL,S1D2,ELCINDNE03,2044,23.026522998
GLOBAL,S1D3,ELCINDNE03,2044,8.004388857
GLOBAL,S1D4,ELCINDNE03,2044,4.943893515
GLOBAL,S1D5,ELCINDNE03,2044,3.9922660739999998
GLOBAL,S2D1,ELCINDNE03,2044,12.932055384
GLOBAL,S2D2,ELCINDNE03,2044,27.342047754000003
GLOBAL,S2D3,ELCINDNE03,2044,9.095867313
GLOBAL,S2D4,ELCINDNE03,2044,6.103909644
GLOBAL,S2D5,ELCINDNE03,2044,5.285300802
GLOBAL,S3D1,ELCINDNE03,2044,18.093945672
GLOBAL,S3D2,ELCINDNE03,2044,32.755669869
GLOBAL,S3D3,ELCINDNE03,2044,10.655793291
GLOBAL,S3D4,ELCINDNE03,2044,7.544054829000001
GLOBAL,S3D5,ELCINDNE03,2044,7.099307250000001
GLOBAL,S4D1,ELCINDNE03,2044,5.666848533
GLOBAL,S4D2,ELCINDNE03,2044,12.220630068
GLOBAL,S4D3,ELCINDNE03,2044,4.382781351
GLOBAL,S4D4,ELCINDNE03,2044,2.627277465
GLOBAL,S4D5,ELCINDNE03,2044,2.247224325
GLOBAL,S1D1,ELCINDNE03,2045,9.932188332
GLOBAL,S1D2,ELCINDNE03,2045,24.091286556
GLOBAL,S1D3,ELCINDNE03,2045,8.374517754
GLOBAL,S1D4,ELCINDNE03,2045,5.17250283
GLOBAL,S1D5,ELCINDNE03,2045,4.176871428
GLOBAL,S2D1,ELCINDNE03,2045,13.530043247999998
GLOBAL,S2D2,ELCINDNE03,2045,28.606364388
GLOBAL,S2D3,ELCINDNE03,2045,9.516466986
GLOBAL,S2D4,ELCINDNE03,2045,6.386158967999999
GLOBAL,S2D5,ELCINDNE03,2045,5.529697044000001
GLOBAL,S3D1,ELCINDNE03,2045,18.930623183999998
GLOBAL,S3D2,ELCINDNE03,2045,34.270316418
GLOBAL,S3D3,ELCINDNE03,2045,11.148525101999999
GLOBAL,S3D4,ELCINDNE03,2045,7.892897538000001
GLOBAL,S3D5,ELCINDNE03,2045,7.4275845
GLOBAL,S4D1,ELCINDNE03,2045,5.9288878259999995
GLOBAL,S4D2,ELCINDNE03,2045,12.785721096
GLOBAL,S4D3,ELCINDNE03,2045,4.585444422
GLOBAL,S4D4,ELCINDNE03,2045,2.74876473
GLOBAL,S4D5,ELCINDNE03,2045,2.35113765
GLOBAL,S1D1,ELCINDNE03,2046,10.391436330000001
GLOBAL,S1D2,ELCINDNE03,2046,25.20522789
GLOBAL,S1D3,ELCINDNE03,2046,8.761741635
GLOBAL,S1D4,ELCINDNE03,2046,5.411670825
GLOBAL,S1D5,ELCINDNE03,2046,4.37000307
GLOBAL,S2D1,ELCINDNE03,2046,14.155650119999999
GLOBAL,S2D2,ELCINDNE03,2046,29.92907547
GLOBAL,S2D3,ELCINDNE03,2046,9.956492715
GLOBAL,S2D4,ELCINDNE03,2046,6.68144442
GLOBAL,S2D5,ELCINDNE03,2046,5.78538111
GLOBAL,S3D1,ELCINDNE03,2046,19.80594396
GLOBAL,S3D2,ELCINDNE03,2046,35.854919295
GLOBAL,S3D3,ELCINDNE03,2046,11.664014505
GLOBAL,S3D4,ELCINDNE03,2046,8.257852095
GLOBAL,S3D5,ELCINDNE03,2046,7.77102375
GLOBAL,S4D1,ELCINDNE03,2046,6.203029815
GLOBAL,S4D2,ELCINDNE03,2046,13.37691174
GLOBAL,S4D3,ELCINDNE03,2046,4.797467805
GLOBAL,S4D4,ELCINDNE03,2046,2.875863075
GLOBAL,S4D5,ELCINDNE03,2046,2.459850375
GLOBAL,S1D1,ELCINDNE03,2047,10.871892702
GLOBAL,S1D2,ELCINDNE03,2047,26.370611766
GLOBAL,S1D3,ELCINDNE03,2047,9.166847769
GLOBAL,S1D4,ELCINDNE03,2047,5.661883754999999
GLOBAL,S1D5,ELCINDNE03,2047,4.572053658
GLOBAL,S2D1,ELCINDNE03,2047,14.810147928
GLOBAL,S2D2,ELCINDNE03,2047,31.312870218
GLOBAL,S2D3,ELCINDNE03,2047,10.416839120999999
GLOBAL,S2D4,ELCINDNE03,2047,6.990366347999999
GLOBAL,S2D5,ELCINDNE03,2047,6.052872834
GLOBAL,S3D1,ELCINDNE03,2047,20.721687623999998
GLOBAL,S3D2,ELCINDNE03,2047,37.512700173
GLOBAL,S3D3,ELCINDNE03,2047,12.203309547
GLOBAL,S3D4,ELCINDNE03,2047,8.639660493000001
GLOBAL,S3D5,ELCINDNE03,2047,8.13032325
GLOBAL,S4D1,ELCINDNE03,2047,6.489831860999999
GLOBAL,S4D2,ELCINDNE03,2047,13.995403956
GLOBAL,S4D3,ELCINDNE03,2047,5.019282566999999
GLOBAL,S4D4,ELCINDNE03,2047,3.008830905
GLOBAL,S4D5,ELCINDNE03,2047,2.5735835249999996
GLOBAL,S1D1,ELCINDNE03,2048,11.374624536
GLOBAL,S1D2,ELCINDNE03,2048,27.590026488
GLOBAL,S1D3,ELCINDNE03,2048,9.590735892
GLOBAL,S1D4,ELCINDNE03,2048,5.9236973399999995
GLOBAL,S1D5,ELCINDNE03,2048,4.7834719439999995
GLOBAL,S2D1,ELCINDNE03,2048,15.494990304
GLOBAL,S2D2,ELCINDNE03,2048,32.760822024
GLOBAL,S2D3,ELCINDNE03,2048,10.898528628
GLOBAL,S2D4,ELCINDNE03,2048,7.313610864
GLOBAL,S2D5,ELCINDNE03,2048,6.332766312
GLOBAL,S3D1,ELCINDNE03,2048,21.679888032
GLOBAL,S3D2,ELCINDNE03,2048,39.247340963999996
GLOBAL,S3D3,ELCINDNE03,2048,12.767607996
GLOBAL,S3D4,ELCINDNE03,2048,9.039170724000002
GLOBAL,S3D5,ELCINDNE03,2048,8.506281000000001
GLOBAL,S4D1,ELCINDNE03,2048,6.789930947999999
GLOBAL,S4D2,ELCINDNE03,2048,14.642571408
GLOBAL,S4D3,ELCINDNE03,2048,5.2513813560000004
GLOBAL,S4D4,ELCINDNE03,2048,3.14796354
GLOBAL,S4D5,ELCINDNE03,2048,2.6925897
GLOBAL,S1D1,ELCINDNE03,2049,11.900565534
GLOBAL,S1D2,ELCINDNE03,2049,28.865736822
GLOBAL,S1D3,ELCINDNE03,2049,10.034193273
GLOBAL,S1D4,ELCINDNE03,2049,6.197597834999999
GLOBAL,S1D5,ELCINDNE03,2049,5.0046505859999995
GLOBAL,S2D1,ELCINDNE03,2049,16.211449176
GLOBAL,S2D2,ELCINDNE03,2049,34.275620106
GLOBAL,S2D3,ELCINDNE03,2049,11.402455857
GLOBAL,S2D4,ELCINDNE03,2049,7.651778315999999
GLOBAL,S2D5,ELCINDNE03,2049,6.625581378
GLOBAL,S3D1,ELCINDNE03,2049,22.682324807999997
GLOBAL,S3D2,ELCINDNE03,2049,41.062063341
GLOBAL,S3D3,ELCINDNE03,2049,13.357957898999999
GLOBAL,S3D4,ELCINDNE03,2049,9.457124781000001
GLOBAL,S3D5,ELCINDNE03,2049,8.899595249999999
GLOBAL,S4D1,ELCINDNE03,2049,7.103884436999999
GLOBAL,S4D2,ELCINDNE03,2049,15.319616051999999
GLOBAL,S4D3,ELCINDNE03,2049,5.494195239
GLOBAL,S4D4,ELCINDNE03,2049,3.2935193849999997
GLOBAL,S4D5,ELCINDNE03,2049,2.817089925
GLOBAL,S1D1,ELCINDNE03,2050,12.450827246000001
GLOBAL,S1D2,ELCINDNE03,2050,30.200438918
GLOBAL,S1D3,ELCINDNE03,2050,10.498157137000002
GLOBAL,S1D4,ELCINDNE03,2050,6.484164115
GLOBAL,S1D5,ELCINDNE03,2050,5.236057034
GLOBAL,S2D1,ELCINDNE03,2050,16.961038744
GLOBAL,S2D2,ELCINDNE03,2050,35.860465914
GLOBAL,S2D3,ELCINDNE03,2050,11.929685833
GLOBAL,S2D4,ELCINDNE03,2050,8.005583404
GLOBAL,S2D5,ELCINDNE03,2050,6.9319368820000005
GLOBAL,S3D1,ELCINDNE03,2050,23.731116552
GLOBAL,S3D2,ELCINDNE03,2050,42.960702629000004
GLOBAL,S3D3,ELCINDNE03,2050,13.975606931000002
GLOBAL,S3D4,ELCINDNE03,2050,9.894405989000001
GLOBAL,S3D5,ELCINDNE03,2050,9.311097250000001
GLOBAL,S4D1,ELCINDNE03,2050,7.432355853
GLOBAL,S4D2,ELCINDNE03,2050,16.027968788000003
GLOBAL,S4D3,ELCINDNE03,2050,5.748237391
GLOBAL,S4D4,ELCINDNE03,2050,3.445806065
GLOBAL,S4D5,ELCINDNE03,2050,2.947347325
GLOBAL,S1D1,ELCINDNO03,2023,80.11106724
GLOBAL,S1D2,ELCINDNO03,2023,213.05978122
GLOBAL,S1D3,ELCINDNO03,2023,56.892265300000005
GLOBAL,S1D4,ELCINDNO03,2023,36.124926
GLOBAL,S1D5,ELCINDNO03,2023,30.9937487
GLOBAL,S2D1,ELCINDNO03,2023,117.71693548
GLOBAL,S2D2,ELCINDNO03,2023,237.71639116
GLOBAL,S2D3,ELCINDNO03,2023,64.19273541999999
GLOBAL,S2D4,ELCINDNO03,2023,45.01057944
GLOBAL,S2D5,ELCINDNO03,2023,43.23848108
GLOBAL,S3D1,ELCINDNO03,2023,159.77102222
GLOBAL,S3D2,ELCINDNO03,2023,297.17514374
GLOBAL,S3D3,ELCINDNO03,2023,79.92774672
GLOBAL,S3D4,ELCINDNO03,2023,57.309229619999996
GLOBAL,S3D5,ELCINDNO03,2023,57.9256898
GLOBAL,S4D1,ELCINDNO03,2023,48.17735156
GLOBAL,S4D2,ELCINDNO03,2023,106.55415362
GLOBAL,S4D3,ELCINDNO03,2023,29.58110234
GLOBAL,S4D4,ELCINDNO03,2023,18.49200814
GLOBAL,S4D5,ELCINDNO03,2023,17.287843940000002
GLOBAL,S1D1,ELCINDNO03,2024,84.789465132
GLOBAL,S1D2,ELCINDNO03,2024,225.50223724600002
GLOBAL,S1D3,ELCINDNO03,2024,60.214710790000005
GLOBAL,S1D4,ELCINDNO03,2024,38.2345818
GLOBAL,S1D5,ELCINDNO03,2024,32.80374941
GLOBAL,S2D1,ELCINDNO03,2024,124.59147456400001
GLOBAL,S2D2,ELCINDNO03,2024,251.598765988
GLOBAL,S2D3,ELCINDNO03,2024,67.941520306
GLOBAL,S2D4,ELCINDNO03,2024,47.639147592
GLOBAL,S2D5,ELCINDNO03,2024,45.763560644
GLOBAL,S3D1,ELCINDNO03,2024,169.10147354600002
GLOBAL,S3D2,ELCINDNO03,2024,314.529844082
GLOBAL,S3D3,ELCINDNO03,2024,84.595438896
GLOBAL,S3D4,ELCINDNO03,2024,60.656025366
GLOBAL,S3D5,ELCINDNO03,2024,61.30848614000001
GLOBAL,S4D1,ELCINDNO03,2024,50.990855708000005
GLOBAL,S4D2,ELCINDNO03,2024,112.776798566
GLOBAL,S4D3,ELCINDNO03,2024,31.308606062000003
GLOBAL,S4D4,ELCINDNO03,2024,19.571921002
GLOBAL,S4D5,ELCINDNO03,2024,18.297434942000002
GLOBAL,S1D1,ELCINDNO03,2025,89.73570819
GLOBAL,S1D2,ELCINDNO03,2025,238.657042195
GLOBAL,S1D3,ELCINDNO03,2025,63.727371175
GLOBAL,S1D4,ELCINDNO03,2025,40.4650185
GLOBAL,S1D5,ELCINDNO03,2025,34.717375325
GLOBAL,S2D1,ELCINDNO03,2025,131.85959112999998
GLOBAL,S2D2,ELCINDNO03,2025,266.27592720999996
GLOBAL,S2D3,ELCINDNO03,2025,71.904928645
GLOBAL,S2D4,ELCINDNO03,2025,50.41820514
GLOBAL,S2D5,ELCINDNO03,2025,48.43320473
GLOBAL,S3D1,ELCINDNO03,2025,178.966106945
GLOBAL,S3D2,ELCINDNO03,2025,332.878126565
GLOBAL,S3D3,ELCINDNO03,2025,89.53036331999999
GLOBAL,S3D4,ELCINDNO03,2025,64.194430095
GLOBAL,S3D5,ELCINDNO03,2025,64.88495255000001
GLOBAL,S4D1,ELCINDNO03,2025,53.965437109999996
GLOBAL,S4D2,ELCINDNO03,2025,119.35569909499999
GLOBAL,S4D3,ELCINDNO03,2025,33.135011915
GLOBAL,S4D4,ELCINDNO03,2025,20.713660465
GLOBAL,S4D5,ELCINDNO03,2025,19.364826515
GLOBAL,S1D1,ELCINDNO03,2026,95.046165402
GLOBAL,S1D2,ELCINDNO03,2026,252.780494681
GLOBAL,S1D3,ELCINDNO03,2026,67.498684565
GLOBAL,S1D4,ELCINDNO03,2026,42.8596923
GLOBAL,S1D5,ELCINDNO03,2026,36.771910135
GLOBAL,S2D1,ELCINDNO03,2026,139.66289185399998
GLOBAL,S2D2,ELCINDNO03,2026,282.03383391799997
GLOBAL,S2D3,ELCINDNO03,2026,76.160180591
GLOBAL,S2D4,ELCINDNO03,2026,53.401897211999994
GLOBAL,S2D5,ELCINDNO03,2026,51.299426733999994
GLOBAL,S3D1,ELCINDNO03,2026,189.557117731
GLOBAL,S3D2,ELCINDNO03,2026,352.577475727
GLOBAL,S3D3,ELCINDNO03,2026,94.82866845599999
GLOBAL,S3D4,ELCINDNO03,2026,67.993383501
GLOBAL,S3D5,ELCINDNO03,2026,68.72477029
GLOBAL,S4D1,ELCINDNO03,2026,57.15905033799999
GLOBAL,S4D2,ELCINDNO03,2026,126.41903370099999
GLOBAL,S4D3,ELCINDNO03,2026,35.095904257
GLOBAL,S4D4,ELCINDNO03,2026,21.939471346999998
GLOBAL,S4D5,ELCINDNO03,2026,20.510814937
GLOBAL,S1D1,ELCINDNO03,2027,100.68352833000002
GLOBAL,S1D2,ELCINDNO03,2027,267.773370865
GLOBAL,S1D3,ELCINDNO03,2027,71.50215572500001
GLOBAL,S1D4,ELCINDNO03,2027,45.4017795
GLOBAL,S1D5,ELCINDNO03,2027,38.952919775
GLOBAL,S2D1,ELCINDNO03,2027,147.94655491
GLOBAL,S2D2,ELCINDNO03,2027,298.76177947
GLOBAL,S2D3,ELCINDNO03,2027,80.677381015
GLOBAL,S2D4,ELCINDNO03,2027,56.56926198
GLOBAL,S2D5,ELCINDNO03,2027,54.34209011
GLOBAL,S3D1,ELCINDNO03,2027,200.80009911500002
GLOBAL,S3D2,ELCINDNO03,2027,373.489494455
GLOBAL,S3D3,ELCINDNO03,2027,100.45313124
GLOBAL,S3D4,ELCINDNO03,2027,72.026196165
GLOBAL,S3D5,ELCINDNO03,2027,72.80096285
GLOBAL,S4D1,ELCINDNO03,2027,60.54925877
GLOBAL,S4D2,ELCINDNO03,2027,133.917179165
GLOBAL,S4D3,ELCINDNO03,2027,37.177506905
GLOBAL,S4D4,ELCINDNO03,2027,23.240741755
GLOBAL,S4D5,ELCINDNO03,2027,21.727349105000002
GLOBAL,S1D1,ELCINDNO03,2028,106.610176518
GLOBAL,S1D2,ELCINDNO03,2028,283.535617079
GLOBAL,S1D3,ELCINDNO03,2028,75.71106783500001
GLOBAL,S1D4,ELCINDNO03,2028,48.0743157
GLOBAL,S1D5,ELCINDNO03,2028,41.245849465
GLOBAL,S2D1,ELCINDNO03,2028,156.65529998600002
GLOBAL,S2D2,ELCINDNO03,2028,316.348131362
GLOBAL,S2D3,ELCINDNO03,2028,85.426384769
GLOBAL,S2D4,ELCINDNO03,2028,59.899162308
GLOBAL,S2D5,ELCINDNO03,2028,57.540889906000004
GLOBAL,S3D1,ELCINDNO03,2028,212.620022029
GLOBAL,S3D2,ELCINDNO03,2028,395.474628193
GLOBAL,S3D3,ELCINDNO03,2028,106.366217304
GLOBAL,S3D4,ELCINDNO03,2028,76.265955459
GLOBAL,S3D5,ELCINDNO03,2028,77.08632811000001
GLOBAL,S4D1,ELCINDNO03,2028,64.113438142
GLOBAL,S4D2,ELCINDNO03,2028,141.800097259
GLOBAL,S4D3,ELCINDNO03,2028,39.365928463
GLOBAL,S4D4,ELCINDNO03,2028,24.608787773
GLOBAL,S4D5,ELCINDNO03,2028,23.006310583
GLOBAL,S1D1,ELCINDNO03,2029,113.53862535600001
GLOBAL,S1D2,ELCINDNO03,2029,301.962207118
GLOBAL,S1D3,ELCINDNO03,2029,80.63142607
GLOBAL,S1D4,ELCINDNO03,2029,51.1985994
GLOBAL,S1D5,ELCINDNO03,2029,43.92636053
GLOBAL,S2D1,ELCINDNO03,2029,166.836112612
GLOBAL,S2D2,ELCINDNO03,2029,336.907161604
GLOBAL,S2D3,ELCINDNO03,2029,90.978128098
GLOBAL,S2D4,ELCINDNO03,2029,63.791926536
GLOBAL,S2D5,ELCINDNO03,2029,61.280393251999996
GLOBAL,S3D1,ELCINDNO03,2029,226.437905018
GLOBAL,S3D2,ELCINDNO03,2029,421.17598070599996
GLOBAL,S3D3,ELCINDNO03,2029,113.278811568
GLOBAL,S3D4,ELCINDNO03,2029,81.222375078
GLOBAL,S3D5,ELCINDNO03,2029,82.09606262
GLOBAL,S4D1,ELCINDNO03,2029,68.280082364
GLOBAL,S4D2,ELCINDNO03,2029,151.015490678
GLOBAL,S4D3,ELCINDNO03,2029,41.924266046
GLOBAL,S4D4,ELCINDNO03,2029,26.208079066
GLOBAL,S4D5,ELCINDNO03,2029,24.501459086
GLOBAL,S1D1,ELCINDNO03,2030,118.810303188
GLOBAL,S1D2,ELCINDNO03,2030,315.982523714
GLOBAL,S1D3,ELCINDNO03,2030,84.37519961000001
GLOBAL,S1D4,ELCINDNO03,2030,53.575786199999996
GLOBAL,S1D5,ELCINDNO03,2030,45.96589219
GLOBAL,S2D1,ELCINDNO03,2030,174.582430076
GLOBAL,S2D2,ELCINDNO03,2030,352.54999689199997
GLOBAL,S2D3,ELCINDNO03,2030,95.20230625399999
GLOBAL,S2D4,ELCINDNO03,2030,66.753830328
GLOBAL,S2D5,ELCINDNO03,2030,64.125684796
GLOBAL,S3D1,ELCINDNO03,2030,236.95157541400002
GLOBAL,S3D2,ELCINDNO03,2030,440.73147623799997
GLOBAL,S3D3,ELCINDNO03,2030,118.53842606399999
GLOBAL,S3D4,ELCINDNO03,2030,84.993586794
GLOBAL,S3D5,ELCINDNO03,2030,85.90784026
GLOBAL,S4D1,ELCINDNO03,2030,71.450374372
GLOBAL,S4D2,ELCINDNO03,2030,158.027245594
GLOBAL,S4D3,ELCINDNO03,2030,43.870839058
GLOBAL,S4D4,ELCINDNO03,2030,27.424938517999998
GLOBAL,S4D5,ELCINDNO03,2030,25.639078978
GLOBAL,S1D1,ELCINDNO03,2031,124.12798138800001
GLOBAL,S1D2,ELCINDNO03,2031,330.12518081400003
GLOBAL,S1D3,ELCINDNO03,2031,88.15164111000001
GLOBAL,S1D4,ELCINDNO03,2031,55.973716200000005
GLOBAL,S1D5,ELCINDNO03,2031,48.02322069
GLOBAL,S2D1,ELCINDNO03,2031,182.396341476
GLOBAL,S2D2,ELCINDNO03,2031,368.329330692
GLOBAL,S2D3,ELCINDNO03,2031,99.463344354
GLOBAL,S2D4,ELCINDNO03,2031,69.741579528
GLOBAL,S2D5,ELCINDNO03,2031,66.99580419600001
GLOBAL,S3D1,ELCINDNO03,2031,247.556987514
GLOBAL,S3D2,ELCINDNO03,2031,460.457611938
GLOBAL,S3D3,ELCINDNO03,2031,123.843935664
GLOBAL,S3D4,ELCINDNO03,2031,88.797705894
GLOBAL,S3D5,ELCINDNO03,2031,89.75287926000001
GLOBAL,S4D1,ELCINDNO03,2031,74.648330172
GLOBAL,S4D2,ELCINDNO03,2031,165.100184694
GLOBAL,S4D3,ELCINDNO03,2031,45.83439775800001
GLOBAL,S4D4,ELCINDNO03,2031,28.652416218
GLOBAL,S4D5,ELCINDNO03,2031,26.786625678000004
GLOBAL,S1D1,ELCINDNO03,2032,130.379574036
GLOBAL,S1D2,ELCINDNO03,2032,346.751634658
GLOBAL,S1D3,ELCINDNO03,2032,92.59131817000001
GLOBAL,S1D4,ELCINDNO03,2032,58.7927814
GLOBAL,S1D5,ELCINDNO03,2032,50.441866430000005
GLOBAL,S2D1,ELCINDNO03,2032,191.58256697200002
GLOBAL,S2D2,ELCINDNO03,2032,386.879901724
GLOBAL,S2D3,ELCINDNO03,2032,104.47272503800001
GLOBAL,S2D4,ELCINDNO03,2032,73.254050616
GLOBAL,S2D5,ELCINDNO03,2032,70.36998681200001
GLOBAL,S3D1,ELCINDNO03,2032,260.024969558
GLOBAL,S3D2,ELCINDNO03,2032,483.648139886
GLOBAL,S3D3,ELCINDNO03,2032,130.081222608
GLOBAL,S3D4,ELCINDNO03,2032,93.269921418
GLOBAL,S3D5,ELCINDNO03,2032,94.27320122
GLOBAL,S4D1,ELCINDNO03,2032,78.407925284
GLOBAL,S4D2,ELCINDNO03,2032,173.415305018
GLOBAL,S4D3,ELCINDNO03,2032,48.14280542600001
GLOBAL,S4D4,ELCINDNO03,2032,30.095469046
GLOBAL,S4D5,ELCINDNO03,2032,28.135709666000004
GLOBAL,S1D1,ELCINDNO03,2033,136.63112211
GLOBAL,S1D2,ELCINDNO03,2033,363.37796995499997
GLOBAL,S1D3,ELCINDNO03,2033,97.030963575
GLOBAL,S1D4,ELCINDNO03,2033,61.6118265
GLOBAL,S1D5,ELCINDNO03,2033,52.860494925
GLOBAL,S2D1,ELCINDNO03,2033,200.76872697
GLOBAL,S2D2,ELCINDNO03,2033,405.43034049
GLOBAL,S2D3,ELCINDNO03,2033,109.482070005
GLOBAL,S2D4,ELCINDNO03,2033,76.76649666
GLOBAL,S2D5,ELCINDNO03,2033,73.74414537
GLOBAL,S3D1,ELCINDNO03,2033,272.492862705
GLOBAL,S3D2,ELCINDNO03,2033,506.838502485
GLOBAL,S3D3,ELCINDNO03,2033,136.31846507999998
GLOBAL,S3D4,ELCINDNO03,2033,97.742105055
GLOBAL,S3D5,ELCINDNO03,2033,98.79349095
GLOBAL,S4D1,ELCINDNO03,2033,82.16749358999999
GLOBAL,S4D2,ELCINDNO03,2033,181.730366055
GLOBAL,S4D3,ELCINDNO03,2033,50.451196635
GLOBAL,S4D4,ELCINDNO03,2033,31.538511585
GLOBAL,S4D5,ELCINDNO03,2033,29.484784035
GLOBAL,S1D1,ELCINDNO03,2034,142.882714758
GLOBAL,S1D2,ELCINDNO03,2034,380.004423799
GLOBAL,S1D3,ELCINDNO03,2034,101.47064063500001
GLOBAL,S1D4,ELCINDNO03,2034,64.43089169999999
GLOBAL,S1D5,ELCINDNO03,2034,55.279140665
GLOBAL,S2D1,ELCINDNO03,2034,209.95495246599998
GLOBAL,S2D2,ELCINDNO03,2034,423.980911522
GLOBAL,S2D3,ELCINDNO03,2034,114.49145068899999
GLOBAL,S2D4,ELCINDNO03,2034,80.278967748
GLOBAL,S2D5,ELCINDNO03,2034,77.118327986
GLOBAL,S3D1,ELCINDNO03,2034,284.960844749
GLOBAL,S3D2,ELCINDNO03,2034,530.029030433
GLOBAL,S3D3,ELCINDNO03,2034,142.555752024
GLOBAL,S3D4,ELCINDNO03,2034,102.21432057899999
GLOBAL,S3D5,ELCINDNO03,2034,103.31381291
GLOBAL,S4D1,ELCINDNO03,2034,85.92708870199999
GLOBAL,S4D2,ELCINDNO03,2034,190.04548637899998
GLOBAL,S4D3,ELCINDNO03,2034,52.759604303
GLOBAL,S4D4,ELCINDNO03,2034,32.981564412999994
GLOBAL,S4D5,ELCINDNO03,2034,30.833868023
GLOBAL,S1D1,ELCINDNO03,2035,149.13426283200002
GLOBAL,S1D2,ELCINDNO03,2035,396.630759096
GLOBAL,S1D3,ELCINDNO03,2035,105.91028604
GLOBAL,S1D4,ELCINDNO03,2035,67.2499368
GLOBAL,S1D5,ELCINDNO03,2035,57.69776916
GLOBAL,S2D1,ELCINDNO03,2035,219.141112464
GLOBAL,S2D2,ELCINDNO03,2035,442.531350288
GLOBAL,S2D3,ELCINDNO03,2035,119.500795656
GLOBAL,S2D4,ELCINDNO03,2035,83.791413792
GLOBAL,S2D5,ELCINDNO03,2035,80.492486544
GLOBAL,S3D1,ELCINDNO03,2035,297.42873789600003
GLOBAL,S3D2,ELCINDNO03,2035,553.219393032
GLOBAL,S3D3,ELCINDNO03,2035,148.792994496
GLOBAL,S3D4,ELCINDNO03,2035,106.686504216
GLOBAL,S3D5,ELCINDNO03,2035,107.83410264000001
GLOBAL,S4D1,ELCINDNO03,2035,89.686657008
GLOBAL,S4D2,ELCINDNO03,2035,198.360547416
GLOBAL,S4D3,ELCINDNO03,2035,55.067995512
GLOBAL,S4D4,ELCINDNO03,2035,34.424606952
GLOBAL,S4D5,ELCINDNO03,2035,32.182942392
GLOBAL,S1D1,ELCINDNO03,2036,155.38585548
GLOBAL,S1D2,ELCINDNO03,2036,413.25721294
GLOBAL,S1D3,ELCINDNO03,2036,110.34996310000001
GLOBAL,S1D4,ELCINDNO03,2036,70.069002
GLOBAL,S1D5,ELCINDNO03,2036,60.1164149
GLOBAL,S2D1,ELCINDNO03,2036,228.32733796
GLOBAL,S2D2,ELCINDNO03,2036,461.08192132
GLOBAL,S2D3,ELCINDNO03,2036,124.51017634
GLOBAL,S2D4,ELCINDNO03,2036,87.30388488
GLOBAL,S2D5,ELCINDNO03,2036,83.86666916
GLOBAL,S3D1,ELCINDNO03,2036,309.89671994
GLOBAL,S3D2,ELCINDNO03,2036,576.40992098
GLOBAL,S3D3,ELCINDNO03,2036,155.03028143999998
GLOBAL,S3D4,ELCINDNO03,2036,111.15871974
GLOBAL,S3D5,ELCINDNO03,2036,112.3544246
GLOBAL,S4D1,ELCINDNO03,2036,93.44625212
GLOBAL,S4D2,ELCINDNO03,2036,206.67566774
GLOBAL,S4D3,ELCINDNO03,2036,57.376403180000004
GLOBAL,S4D4,ELCINDNO03,2036,35.86765978
GLOBAL,S4D5,ELCINDNO03,2036,33.532026380000005
GLOBAL,S1D1,ELCINDNO03,2037,162.184148238
GLOBAL,S1D2,ELCINDNO03,2037,431.337645739
GLOBAL,S1D3,ELCINDNO03,2037,115.177888735
GLOBAL,S1D4,ELCINDNO03,2037,73.1345937
GLOBAL,S1D5,ELCINDNO03,2037,62.746570565
GLOBAL,S2D1,ELCINDNO03,2037,238.316896426
GLOBAL,S2D2,ELCINDNO03,2037,481.25473484199995
GLOBAL,S2D3,ELCINDNO03,2037,129.95762602899998
GLOBAL,S2D4,ELCINDNO03,2037,91.123520628
GLOBAL,S2D5,ELCINDNO03,2037,87.53592314599999
GLOBAL,S3D1,ELCINDNO03,2037,323.455023689
GLOBAL,S3D2,ELCINDNO03,2037,601.628454413
GLOBAL,S3D3,ELCINDNO03,2037,161.81301746399998
GLOBAL,S3D4,ELCINDNO03,2037,116.02202931899998
GLOBAL,S3D5,ELCINDNO03,2037,117.27004751
GLOBAL,S4D1,ELCINDNO03,2037,97.53462282199999
GLOBAL,S4D2,ELCINDNO03,2037,215.71794311899998
GLOBAL,S4D3,ELCINDNO03,2037,59.886680483
GLOBAL,S4D4,ELCINDNO03,2037,37.436907192999996
GLOBAL,S4D5,ELCINDNO03,2037,34.999087403000004
GLOBAL,S1D1,ELCINDNO03,2038,168.982440996
GLOBAL,S1D2,ELCINDNO03,2038,449.41807853800003
GLOBAL,S1D3,ELCINDNO03,2038,120.00581437000001
GLOBAL,S1D4,ELCINDNO03,2038,76.2001854
GLOBAL,S1D5,ELCINDNO03,2038,65.37672623
GLOBAL,S2D1,ELCINDNO03,2038,248.306454892
GLOBAL,S2D2,ELCINDNO03,2038,501.427548364
GLOBAL,S2D3,ELCINDNO03,2038,135.405075718
GLOBAL,S2D4,ELCINDNO03,2038,94.943156376
GLOBAL,S2D5,ELCINDNO03,2038,91.205177132
GLOBAL,S3D1,ELCINDNO03,2038,337.01332743800003
GLOBAL,S3D2,ELCINDNO03,2038,626.846987846
GLOBAL,S3D3,ELCINDNO03,2038,168.59575348799999
GLOBAL,S3D4,ELCINDNO03,2038,120.885338898
GLOBAL,S3D5,ELCINDNO03,2038,122.18567042000001
GLOBAL,S4D1,ELCINDNO03,2038,101.62299352400001
GLOBAL,S4D2,ELCINDNO03,2038,224.760218498
GLOBAL,S4D3,ELCINDNO03,2038,62.39695778600001
GLOBAL,S4D4,ELCINDNO03,2038,39.006154606
GLOBAL,S4D5,ELCINDNO03,2038,36.466148426000004
GLOBAL,S1D1,ELCINDNO03,2039,175.780733754
GLOBAL,S1D2,ELCINDNO03,2039,467.49851133699997
GLOBAL,S1D3,ELCINDNO03,2039,124.83374000500001
GLOBAL,S1D4,ELCINDNO03,2039,79.2657771
GLOBAL,S1D5,ELCINDNO03,2039,68.00688189499999
GLOBAL,S2D1,ELCINDNO03,2039,258.296013358
GLOBAL,S2D2,ELCINDNO03,2039,521.600361886
GLOBAL,S2D3,ELCINDNO03,2039,140.852525407
GLOBAL,S2D4,ELCINDNO03,2039,98.762792124
GLOBAL,S2D5,ELCINDNO03,2039,94.87443111799999
GLOBAL,S3D1,ELCINDNO03,2039,350.571631187
GLOBAL,S3D2,ELCINDNO03,2039,652.065521279
GLOBAL,S3D3,ELCINDNO03,2039,175.378489512
GLOBAL,S3D4,ELCINDNO03,2039,125.74864847699999
GLOBAL,S3D5,ELCINDNO03,2039,127.10129333
GLOBAL,S4D1,ELCINDNO03,2039,105.711364226
GLOBAL,S4D2,ELCINDNO03,2039,233.802493877
GLOBAL,S4D3,ELCINDNO03,2039,64.90723508900001
GLOBAL,S4D4,ELCINDNO03,2039,40.575402018999995
GLOBAL,S4D5,ELCINDNO03,2039,37.933209449
GLOBAL,S1D1,ELCINDNO03,2040,182.57902651199998
GLOBAL,S1D2,ELCINDNO03,2040,485.57894413599996
GLOBAL,S1D3,ELCINDNO03,2040,129.66166564
GLOBAL,S1D4,ELCINDNO03,2040,82.33136879999999
GLOBAL,S1D5,ELCINDNO03,2040,70.63703756
GLOBAL,S2D1,ELCINDNO03,2040,268.285571824
GLOBAL,S2D2,ELCINDNO03,2040,541.7731754079999
GLOBAL,S2D3,ELCINDNO03,2040,146.299975096
GLOBAL,S2D4,ELCINDNO03,2040,102.582427872
GLOBAL,S2D5,ELCINDNO03,2040,98.54368510399999
GLOBAL,S3D1,ELCINDNO03,2040,364.129934936
GLOBAL,S3D2,ELCINDNO03,2040,677.2840547119999
GLOBAL,S3D3,ELCINDNO03,2040,182.161225536
GLOBAL,S3D4,ELCINDNO03,2040,130.611958056
GLOBAL,S3D5,ELCINDNO03,2040,132.01691624
GLOBAL,S4D1,ELCINDNO03,2040,109.79973492799999
GLOBAL,S4D2,ELCINDNO03,2040,242.84476925599998
GLOBAL,S4D3,ELCINDNO03,2040,67.417512392
GLOBAL,S4D4,ELCINDNO03,2040,42.144649431999994
GLOBAL,S4D5,ELCINDNO03,2040,39.400270472
GLOBAL,S1D1,ELCINDNO03,2041,189.37731927
GLOBAL,S1D2,ELCINDNO03,2041,503.65937693499995
GLOBAL,S1D3,ELCINDNO03,2041,134.489591275
GLOBAL,S1D4,ELCINDNO03,2041,85.39696049999999
GLOBAL,S1D5,ELCINDNO03,2041,73.26719322499999
GLOBAL,S2D1,ELCINDNO03,2041,278.27513029
GLOBAL,S2D2,ELCINDNO03,2041,561.9459889299999
GLOBAL,S2D3,ELCINDNO03,2041,151.747424785
GLOBAL,S2D4,ELCINDNO03,2041,106.40206361999999
GLOBAL,S2D5,ELCINDNO03,2041,102.21293908999999
GLOBAL,S3D1,ELCINDNO03,2041,377.688238685
GLOBAL,S3D2,ELCINDNO03,2041,702.5025881449999
GLOBAL,S3D3,ELCINDNO03,2041,188.94396155999996
GLOBAL,S3D4,ELCINDNO03,2041,135.475267635
GLOBAL,S3D5,ELCINDNO03,2041,136.93253915
GLOBAL,S4D1,ELCINDNO03,2041,113.88810562999998
GLOBAL,S4D2,ELCINDNO03,2041,251.88704463499997
GLOBAL,S4D3,ELCINDNO03,2041,69.927789695
GLOBAL,S4D4,ELCINDNO03,2041,43.713896844999994
GLOBAL,S4D5,ELCINDNO03,2041,40.867331495
GLOBAL,S1D1,ELCINDNO03,2042,197.02042305
GLOBAL,S1D2,ELCINDNO03,2042,523.986631025
GLOBAL,S1D3,ELCINDNO03,2042,139.917474125
GLOBAL,S1D4,ELCINDNO03,2042,88.8435075
GLOBAL,S1D5,ELCINDNO03,2042,76.224193375
GLOBAL,S2D1,ELCINDNO03,2042,289.50607235
GLOBAL,S2D2,ELCINDNO03,2042,584.6256399499999
GLOBAL,S2D3,ELCINDNO03,2042,157.87181877499998
GLOBAL,S2D4,ELCINDNO03,2042,110.6963583
GLOBAL,S2D5,ELCINDNO03,2042,106.33816435
GLOBAL,S3D1,ELCINDNO03,2042,392.931407275
GLOBAL,S3D2,ELCINDNO03,2042,730.8549811749999
GLOBAL,S3D3,ELCINDNO03,2042,196.5695754
GLOBAL,S3D4,ELCINDNO03,2042,140.94293152499998
GLOBAL,S3D5,ELCINDNO03,2042,142.45901725
GLOBAL,S4D1,ELCINDNO03,2042,118.48453045
GLOBAL,S4D2,ELCINDNO03,2042,262.052986525
GLOBAL,S4D3,ELCINDNO03,2042,72.750014425
GLOBAL,S4D4,ELCINDNO03,2042,45.478151675
GLOBAL,S4D5,ELCINDNO03,2042,42.516701425
GLOBAL,S1D1,ELCINDNO03,2043,204.97202348400003
GLOBAL,S1D2,ELCINDNO03,2043,545.134348902
GLOBAL,S1D3,ELCINDNO03,2043,145.56444123000003
GLOBAL,S1D4,ELCINDNO03,2043,92.4291666
GLOBAL,S1D5,ELCINDNO03,2043,79.30054617
GLOBAL,S2D1,ELCINDNO03,2043,301.19032606800005
GLOBAL,S2D2,ELCINDNO03,2043,608.220703956
GLOBAL,S2D3,ELCINDNO03,2043,164.243410122
GLOBAL,S2D4,ELCINDNO03,2043,115.163982504
GLOBAL,S2D5,ELCINDNO03,2043,110.629895028
GLOBAL,S3D1,ELCINDNO03,2043,408.789832002
GLOBAL,S3D2,ELCINDNO03,2043,760.351754634
GLOBAL,S3D3,ELCINDNO03,2043,204.502979952
GLOBAL,S3D4,ELCINDNO03,2043,146.631285342
GLOBAL,S3D5,ELCINDNO03,2043,148.20855918
GLOBAL,S4D1,ELCINDNO03,2043,123.26647959600001
GLOBAL,S4D2,ELCINDNO03,2043,272.629253742
GLOBAL,S4D3,ELCINDNO03,2043,75.686151894
GLOBAL,S4D4,ELCINDNO03,2043,47.313616674
GLOBAL,S4D5,ELCINDNO03,2043,44.23264445400001
GLOBAL,S1D1,ELCINDNO03,2044,213.244512144
GLOBAL,S1D2,ELCINDNO03,2044,567.1354866319999
GLOBAL,S1D3,ELCINDNO03,2044,151.43929268
GLOBAL,S1D4,ELCINDNO03,2044,96.1595256
GLOBAL,S1D5,ELCINDNO03,2044,82.50104572
GLOBAL,S2D1,ELCINDNO03,2044,313.34609988799997
GLOBAL,S2D2,ELCINDNO03,2044,632.7679508959999
GLOBAL,S2D3,ELCINDNO03,2044,170.872128152
GLOBAL,S2D4,ELCINDNO03,2044,119.811898464
GLOBAL,S2D5,ELCINDNO03,2044,115.094819248
GLOBAL,S3D1,ELCINDNO03,2044,425.288226232
GLOBAL,S3D2,ELCINDNO03,2044,791.0388755439999
GLOBAL,S3D3,ELCINDNO03,2044,212.75653843199996
GLOBAL,S3D4,ELCINDNO03,2044,152.54919367199997
GLOBAL,S3D5,ELCINDNO03,2044,154.19012487999998
GLOBAL,S4D1,ELCINDNO03,2044,128.241405136
GLOBAL,S4D2,ELCINDNO03,2044,283.63232807199995
GLOBAL,S4D3,ELCINDNO03,2044,78.740777704
GLOBAL,S4D4,ELCINDNO03,2044,49.22315218399999
GLOBAL,S4D5,ELCINDNO03,2044,46.017834664
GLOBAL,S1D1,ELCINDNO03,2045,221.85086006400005
GLOBAL,S1D2,ELCINDNO03,2045,590.0245413920001
GLOBAL,S1D3,ELCINDNO03,2045,157.55124008
GLOBAL,S1D4,ELCINDNO03,2045,100.04043360000001
GLOBAL,S1D5,ELCINDNO03,2045,85.83071032000001
GLOBAL,S2D1,ELCINDNO03,2045,325.99245372800004
GLOBAL,S2D2,ELCINDNO03,2045,658.305870176
GLOBAL,S2D3,ELCINDNO03,2045,177.768366512
GLOBAL,S2D4,ELCINDNO03,2045,124.64739398400002
GLOBAL,S2D5,ELCINDNO03,2045,119.73993788800001
GLOBAL,S3D1,ELCINDNO03,2045,442.45245899200006
GLOBAL,S3D2,ELCINDNO03,2045,822.964460464
GLOBAL,S3D3,ELCINDNO03,2045,221.343192192
GLOBAL,S3D4,ELCINDNO03,2045,158.705935632
GLOBAL,S3D5,ELCINDNO03,2045,160.41309328000003
GLOBAL,S4D1,ELCINDNO03,2045,133.417107616
GLOBAL,S4D2,ELCINDNO03,2045,295.07946203200004
GLOBAL,S4D3,ELCINDNO03,2045,81.91868142400001
GLOBAL,S4D4,ELCINDNO03,2045,51.209752304000006
GLOBAL,S4D5,ELCINDNO03,2045,47.87507118400001
GLOBAL,S1D1,ELCINDNO03,2046,230.804573166
GLOBAL,S1D2,ELCINDNO03,2046,613.837432923
GLOBAL,S1D3,ELCINDNO03,2046,163.909874895
GLOBAL,S1D4,ELCINDNO03,2046,104.0779809
GLOBAL,S1D5,ELCINDNO03,2046,89.294765205
GLOBAL,S2D1,ELCINDNO03,2046,339.149233482
GLOBAL,S2D2,ELCINDNO03,2046,684.874538394
GLOBAL,S2D3,ELCINDNO03,2046,184.942947453
GLOBAL,S2D4,ELCINDNO03,2046,129.678057396
GLOBAL,S2D5,ELCINDNO03,2046,124.572540522
GLOBAL,S3D1,ELCINDNO03,2046,460.309466073
GLOBAL,S3D2,ELCINDNO03,2046,856.178610141
GLOBAL,S3D3,ELCINDNO03,2046,230.27641624799998
GLOBAL,S3D4,ELCINDNO03,2046,165.111172983
GLOBAL,S3D5,ELCINDNO03,2046,166.88723007000002
GLOBAL,S4D1,ELCINDNO03,2046,138.801709254
GLOBAL,S4D2,ELCINDNO03,2046,306.988619583
GLOBAL,S4D3,ELCINDNO03,2046,85.22485013100001
GLOBAL,S4D4,ELCINDNO03,2046,53.276534600999994
GLOBAL,S4D5,ELCINDNO03,2046,49.807268571
GLOBAL,S1D1,ELCINDNO03,2047,240.11969226
GLOBAL,S1D2,ELCINDNO03,2047,638.6115035299999
GLOBAL,S1D3,ELCINDNO03,2047,170.52516845
GLOBAL,S1D4,ELCINDNO03,2047,108.278499
GLOBAL,S1D5,ELCINDNO03,2047,92.89864254999999
GLOBAL,S2D1,ELCINDNO03,2047,352.83707102
GLOBAL,S2D2,ELCINDNO03,2047,712.51561934
GLOBAL,S2D3,ELCINDNO03,2047,192.40712183
GLOBAL,S2D4,ELCINDNO03,2047,134.91177756
GLOBAL,S2D5,ELCINDNO03,2047,129.60020541999998
GLOBAL,S3D1,ELCINDNO03,2047,478.88725003
GLOBAL,S3D2,ELCINDNO03,2047,890.7334095099999
GLOBAL,S3D3,ELCINDNO03,2047,239.57021927999998
GLOBAL,S3D4,ELCINDNO03,2047,171.77495012999998
GLOBAL,S3D5,ELCINDNO03,2047,173.6226877
GLOBAL,S4D1,ELCINDNO03,2047,144.40365394
GLOBAL,S4D2,ELCINDNO03,2047,319.37847612999997
GLOBAL,S4D3,ELCINDNO03,2047,88.66446841
GLOBAL,S4D4,ELCINDNO03,2047,55.42674011
GLOBAL,S4D5,ELCINDNO03,2047,51.81745681
GLOBAL,S1D1,ELCINDNO03,2048,249.81070389600004
GLOBAL,S1D2,ELCINDNO03,2048,664.3852809880001
GLOBAL,S1D3,ELCINDNO03,2048,177.40740862000004
GLOBAL,S1D4,ELCINDNO03,2048,112.64852040000001
GLOBAL,S1D5,ELCINDNO03,2048,96.64794698
GLOBAL,S2D1,ELCINDNO03,2048,367.07725319200006
GLOBAL,S2D2,ELCINDNO03,2048,741.272099464
GLOBAL,S2D3,ELCINDNO03,2048,200.172497668
GLOBAL,S2D4,ELCINDNO03,2048,140.35669377600001
GLOBAL,S2D5,ELCINDNO03,2048,134.830751432
GLOBAL,S3D1,ELCINDNO03,2048,498.21470238800003
GLOBAL,S3D2,ELCINDNO03,2048,926.682596996
GLOBAL,S3D3,ELCINDNO03,2048,249.239054688
GLOBAL,S3D4,ELCINDNO03,2048,178.707630348
GLOBAL,S3D5,ELCINDNO03,2048,180.62994092000002
GLOBAL,S4D1,ELCINDNO03,2048,150.23165362400002
GLOBAL,S4D2,ELCINDNO03,2048,332.26829994800005
GLOBAL,S4D3,ELCINDNO03,2048,92.24288543600001
GLOBAL,S4D4,ELCINDNO03,2048,57.663712756
GLOBAL,S4D5,ELCINDNO03,2048,53.90876207600001
GLOBAL,S1D1,ELCINDNO03,2049,259.892852382
GLOBAL,S1D2,ELCINDNO03,2049,691.199308371
GLOBAL,S1D3,ELCINDNO03,2049,184.567421415
GLOBAL,S1D4,ELCINDNO03,2049,117.1949193
GLOBAL,S1D5,ELCINDNO03,2049,100.548576285
GLOBAL,S2D1,ELCINDNO03,2049,381.892180314
GLOBAL,S2D2,ELCINDNO03,2049,771.1892137379999
GLOBAL,S2D3,ELCINDNO03,2049,208.25129018099997
GLOBAL,S2D4,ELCINDNO03,2049,146.021371092
GLOBAL,S2D5,ELCINDNO03,2049,140.272406394
GLOBAL,S3D1,ELCINDNO03,2049,518.322225921
GLOBAL,S3D2,ELCINDNO03,2049,964.082721957
GLOBAL,S3D3,ELCINDNO03,2049,259.298131896
GLOBAL,S3D4,ELCINDNO03,2049,185.92011899099998
GLOBAL,S3D5,ELCINDNO03,2049,187.92001239
GLOBAL,S4D1,ELCINDNO03,2049,156.294875958
GLOBAL,S4D2,ELCINDNO03,2049,345.678367191
GLOBAL,S4D3,ELCINDNO03,2049,95.965730187
GLOBAL,S4D4,ELCINDNO03,2049,59.990971376999994
GLOBAL,S4D5,ELCINDNO03,2049,56.084474067
GLOBAL,S1D1,ELCINDNO03,2050,270.38191691400004
GLOBAL,S1D2,ELCINDNO03,2050,719.0955513170001
GLOBAL,S1D3,ELCINDNO03,2050,192.01641270500002
GLOBAL,S1D4,ELCINDNO03,2050,121.9248111
GLOBAL,S1D5,ELCINDNO03,2050,104.606635195
GLOBAL,S2D1,ELCINDNO03,2050,397.305038678
GLOBAL,S2D2,ELCINDNO03,2050,802.313784326
GLOBAL,S2D3,ELCINDNO03,2050,216.656143187
GLOBAL,S2D4,ELCINDNO03,2050,151.914675084
GLOBAL,S2D5,ELCINDNO03,2050,145.933686838
GLOBAL,S3D1,ELCINDNO03,2050,539.241290167
GLOBAL,S3D2,ELCINDNO03,2050,1002.992317939
GLOBAL,S3D3,ELCINDNO03,2050,269.76319399199997
GLOBAL,S3D4,ELCINDNO03,2050,193.42370405699998
GLOBAL,S3D5,ELCINDNO03,2050,195.50431153000002
GLOBAL,S4D1,ELCINDNO03,2050,162.602810266
GLOBAL,S4D2,ELCINDNO03,2050,359.629665457
GLOBAL,S4D3,ELCINDNO03,2050,99.838829149
GLOBAL,S4D4,ELCINDNO03,2050,62.412158278999996
GLOBAL,S4D5,ELCINDNO03,2050,58.34799790900001
GLOBAL,S1D1,ELCINDSO03,2023,77.36994023400001
GLOBAL,S1D2,ELCINDSO03,2023,187.315079832
GLOBAL,S1D3,ELCINDSO03,2023,44.627101110000005
GLOBAL,S1D4,ELCINDSO03,2023,27.04588128
GLOBAL,S1D5,ELCINDSO03,2023,26.260768404
GLOBAL,S2D1,ELCINDSO03,2023,103.94922418200001
GLOBAL,S2D2,ELCINDSO03,2023,223.76275765200003
GLOBAL,S2D3,ELCINDSO03,2023,55.364427738
GLOBAL,S2D4,ELCINDSO03,2023,35.6932989
GLOBAL,S2D5,ELCINDSO03,2023,36.493778754000004
GLOBAL,S3D1,ELCINDSO03,2023,90.46120849200001
GLOBAL,S3D2,ELCINDSO03,2023,198.980013132
GLOBAL,S3D3,ELCINDSO03,2023,50.39530585200001
GLOBAL,S3D4,ELCINDSO03,2023,33.24156741
GLOBAL,S3D5,ELCINDSO03,2023,32.555641392
GLOBAL,S4D1,ELCINDSO03,2023,37.783207908
GLOBAL,S4D2,ELCINDSO03,2023,86.496528168
GLOBAL,S4D3,ELCINDSO03,2023,22.061392416
GLOBAL,S4D4,ELCINDSO03,2023,13.902924096000001
GLOBAL,S4D5,ELCINDSO03,2023,13.237953048000001
GLOBAL,S1D1,ELCINDSO03,2024,81.862332279
GLOBAL,S1D2,ELCINDSO03,2024,198.19130349200003
GLOBAL,S1D3,ELCINDSO03,2024,47.218319785000006
GLOBAL,S1D4,ELCINDSO03,2024,28.61626768
GLOBAL,S1D5,ELCINDSO03,2024,27.785568173999998
GLOBAL,S2D1,ELCINDSO03,2024,109.984910217
GLOBAL,S2D2,ELCINDSO03,2024,236.755271662
GLOBAL,S2D3,ELCINDSO03,2024,58.579096303
GLOBAL,S2D4,ELCINDSO03,2024,37.76578715
GLOBAL,S2D5,ELCINDSO03,2024,38.612745899000004
GLOBAL,S3D1,ELCINDSO03,2024,95.71372920200001
GLOBAL,S3D2,ELCINDSO03,2024,210.533547042
GLOBAL,S3D3,ELCINDSO03,2024,53.321448362000005
GLOBAL,S3D4,ELCINDSO03,2024,35.171698835
GLOBAL,S3D5,ELCINDSO03,2024,34.445945351999995
GLOBAL,S4D1,ELCINDSO03,2024,39.977044198
GLOBAL,S4D2,ELCINDSO03,2024,91.518844508
GLOBAL,S4D3,ELCINDSO03,2024,23.342360496
GLOBAL,S4D4,ELCINDSO03,2024,14.710180576
GLOBAL,S4D5,ELCINDSO03,2024,14.006598788
GLOBAL,S1D1,ELCINDSO03,2025,86.63230392
GLOBAL,S1D2,ELCINDSO03,2025,209.73955616
GLOBAL,S1D3,ELCINDSO03,2025,49.9696468
GLOBAL,S1D4,ELCINDSO03,2025,30.283686399999997
GLOBAL,S1D5,ELCINDSO03,2025,29.40458352
GLOBAL,S2D1,ELCINDSO03,2025,116.39353416
GLOBAL,S2D2,ELCINDSO03,2025,250.55057776
GLOBAL,S2D3,ELCINDSO03,2025,61.99239544
GLOBAL,S2D4,ELCINDSO03,2025,39.966332
GLOBAL,S2D5,ELCINDSO03,2025,40.862641520000004
GLOBAL,S3D1,ELCINDSO03,2025,101.29079696000001
GLOBAL,S3D2,ELCINDSO03,2025,222.80096016000002
GLOBAL,S3D3,ELCINDSO03,2025,56.428393760000006
GLOBAL,S3D4,ELCINDSO03,2025,37.2210908
GLOBAL,S3D5,ELCINDSO03,2025,36.45304896
GLOBAL,S4D1,ELCINDSO03,2025,42.306435040000004
GLOBAL,S4D2,ELCINDSO03,2025,96.85148384
GLOBAL,S4D3,ELCINDSO03,2025,24.702478080000002
GLOBAL,S4D4,ELCINDSO03,2025,15.56731648
GLOBAL,S4D5,ELCINDSO03,2025,14.82273824
GLOBAL,S1D1,ELCINDSO03,2026,91.884329193
GLOBAL,S1D2,ELCINDSO03,2026,222.454875964
GLOBAL,S1D3,ELCINDSO03,2026,52.999023095
GLOBAL,S1D4,ELCINDSO03,2026,32.119614559999995
GLOBAL,S1D5,ELCINDSO03,2026,31.187216657999997
GLOBAL,S2D1,ELCINDSO03,2026,123.449814039
GLOBAL,S2D2,ELCINDSO03,2026,265.740038354
GLOBAL,S2D3,ELCINDSO03,2026,65.750642801
GLOBAL,S2D4,ELCINDSO03,2026,42.389264049999994
GLOBAL,S2D5,ELCINDSO03,2026,43.339911733
GLOBAL,S3D1,ELCINDSO03,2026,107.43148353400001
GLOBAL,S3D2,ELCINDSO03,2026,236.30811881399998
GLOBAL,S3D3,ELCINDSO03,2026,59.849327254
GLOBAL,S3D4,ELCINDSO03,2026,39.477594445
GLOBAL,S3D5,ELCINDSO03,2026,38.66299058399999
GLOBAL,S4D1,ELCINDSO03,2026,44.871234266
GLOBAL,S4D2,ELCINDSO03,2026,102.72304003599999
GLOBAL,S4D3,ELCINDSO03,2026,26.200049231999998
GLOBAL,S4D4,ELCINDSO03,2026,16.511074592
GLOBAL,S4D5,ELCINDSO03,2026,15.721356795999998
GLOBAL,S1D1,ELCINDSO03,2027,97.197386532
GLOBAL,S1D2,ELCINDSO03,2027,235.317956336
GLOBAL,S1D3,ELCINDSO03,2027,56.06360278
GLOBAL,S1D4,ELCINDSO03,2027,33.976877439999996
GLOBAL,S1D5,ELCINDSO03,2027,32.990565192
GLOBAL,S2D1,ELCINDSO03,2027,130.588092636
GLOBAL,S2D2,ELCINDSO03,2027,281.106010696
GLOBAL,S2D3,ELCINDSO03,2027,69.55256352399999
GLOBAL,S2D4,ELCINDSO03,2027,44.8403522
GLOBAL,S2D5,ELCINDSO03,2027,45.845969491999995
GLOBAL,S3D1,ELCINDSO03,2027,113.643529016
GLOBAL,S3D2,ELCINDSO03,2027,249.972239736
GLOBAL,S3D3,ELCINDSO03,2027,63.310014296
GLOBAL,S3D4,ELCINDSO03,2027,41.76032018
GLOBAL,S3D5,ELCINDSO03,2027,40.898613215999994
GLOBAL,S4D1,ELCINDSO03,2027,47.465838184
GLOBAL,S4D2,ELCINDSO03,2027,108.66282766399999
GLOBAL,S4D3,ELCINDSO03,2027,27.715023168
GLOBAL,S4D4,ELCINDSO03,2027,17.465799808
GLOBAL,S4D5,ELCINDSO03,2027,16.630417903999998
GLOBAL,S1D1,ELCINDSO03,2028,102.731698956
GLOBAL,S1D2,ELCINDSO03,2028,248.71670228800002
GLOBAL,S1D3,ELCINDSO03,2028,59.25580274
GLOBAL,S1D4,ELCINDSO03,2028,35.91148352
GLOBAL,S1D5,ELCINDSO03,2028,34.869011736
GLOBAL,S2D1,ELCINDSO03,2028,138.02363518800001
GLOBAL,S2D2,ELCINDSO03,2028,297.11187816800003
GLOBAL,S2D3,ELCINDSO03,2028,73.512810092
GLOBAL,S2D4,ELCINDSO03,2028,47.3935126
GLOBAL,S2D5,ELCINDSO03,2028,48.456388636
GLOBAL,S3D1,ELCINDSO03,2028,120.11426672800002
GLOBAL,S3D2,ELCINDSO03,2028,264.205384488
GLOBAL,S3D3,ELCINDSO03,2028,66.91481696800001
GLOBAL,S3D4,ELCINDSO03,2028,44.13810694
GLOBAL,S3D5,ELCINDSO03,2028,43.227335327999995
GLOBAL,S4D1,ELCINDSO03,2028,50.168490872
GLOBAL,S4D2,ELCINDSO03,2028,114.849969712
GLOBAL,S4D3,ELCINDSO03,2028,29.293086144
GLOBAL,S4D4,ELCINDSO03,2028,18.460283264
GLOBAL,S4D5,ELCINDSO03,2028,17.577335632
GLOBAL,S1D1,ELCINDSO03,2029,109.141727376
GLOBAL,S1D2,ELCINDSO03,2029,264.235584448
GLOBAL,S1D3,ELCINDSO03,2029,62.95311704
GLOBAL,S1D4,ELCINDSO03,2029,38.15220992
GLOBAL,S1D5,ELCINDSO03,2029,37.044692256
GLOBAL,S2D1,ELCINDSO03,2029,146.635732848
GLOBAL,S2D2,ELCINDSO03,2029,315.650416928
GLOBAL,S2D3,ELCINDSO03,2029,78.099702032
GLOBAL,S2D4,ELCINDSO03,2029,50.3506696
GLOBAL,S2D5,ELCINDSO03,2029,51.479864656000004
GLOBAL,S3D1,ELCINDSO03,2029,127.608894688
GLOBAL,S3D2,ELCINDSO03,2029,280.69069564800003
GLOBAL,S3D3,ELCINDSO03,2029,71.09002172800001
GLOBAL,S3D4,ELCINDSO03,2029,46.89214024
GLOBAL,S3D5,ELCINDSO03,2029,45.924540287999996
GLOBAL,S4D1,ELCINDSO03,2029,53.298794912000005
GLOBAL,S4D2,ELCINDSO03,2029,122.016127552
GLOBAL,S4D3,ELCINDSO03,2029,31.120852224
GLOBAL,S4D4,ELCINDSO03,2029,19.612127744000002
GLOBAL,S4D5,ELCINDSO03,2029,18.674087872
GLOBAL,S1D1,ELCINDSO03,2030,114.104265708
GLOBAL,S1D2,ELCINDSO03,2030,276.250047184
GLOBAL,S1D3,ELCINDSO03,2030,65.81551682
GLOBAL,S1D4,ELCINDSO03,2030,39.88694336
GLOBAL,S1D5,ELCINDSO03,2030,38.729068248
GLOBAL,S2D1,ELCINDSO03,2030,153.303076884
GLOBAL,S2D2,ELCINDSO03,2030,330.002648024
GLOBAL,S2D3,ELCINDSO03,2030,81.650798156
GLOBAL,S2D4,ELCINDSO03,2030,52.640051799999995
GLOBAL,S2D5,ELCINDSO03,2030,53.820589948
GLOBAL,S3D1,ELCINDSO03,2030,133.411112104
GLOBAL,S3D2,ELCINDSO03,2030,293.453351784
GLOBAL,S3D3,ELCINDSO03,2030,74.322396424
GLOBAL,S3D4,ELCINDSO03,2030,49.024267419999994
GLOBAL,S3D5,ELCINDSO03,2030,48.012671903999994
GLOBAL,S4D1,ELCINDSO03,2030,55.722224696
GLOBAL,S4D2,ELCINDSO03,2030,127.56404881599998
GLOBAL,S4D3,ELCINDSO03,2030,32.535878591999996
GLOBAL,S4D4,ELCINDSO03,2030,20.503866752
GLOBAL,S4D5,ELCINDSO03,2030,19.523175375999998
GLOBAL,S1D1,ELCINDSO03,2031,118.940807715
GLOBAL,S1D2,ELCINDSO03,2031,287.95946882000004
GLOBAL,S1D3,ELCINDSO03,2031,68.605241725
GLOBAL,S1D4,ELCINDSO03,2031,41.577632799999996
GLOBAL,S1D5,ELCINDSO03,2031,40.37067879
GLOBAL,S2D1,ELCINDSO03,2031,159.80114044500002
GLOBAL,S2D2,ELCINDSO03,2031,343.99048327
GLOBAL,S2D3,ELCINDSO03,2031,85.111733755
GLOBAL,S2D4,ELCINDSO03,2031,54.87130775
GLOBAL,S2D5,ELCINDSO03,2031,56.101885415
GLOBAL,S3D1,ELCINDSO03,2031,139.06601417000002
GLOBAL,S3D2,ELCINDSO03,2031,305.89197057
GLOBAL,S3D3,ELCINDSO03,2031,77.47270277
GLOBAL,S3D4,ELCINDSO03,2031,51.102260975
GLOBAL,S3D5,ELCINDSO03,2031,50.04778692
GLOBAL,S4D1,ELCINDSO03,2031,58.08412483
GLOBAL,S4D2,ELCINDSO03,2031,132.97111118
GLOBAL,S4D3,ELCINDSO03,2031,33.914978160000004
GLOBAL,S4D4,ELCINDSO03,2031,21.37296496
GLOBAL,S4D5,ELCINDSO03,2031,20.35070498
GLOBAL,S1D1,ELCINDSO03,2032,124.751093628
GLOBAL,S1D2,ELCINDSO03,2032,302.026355344
GLOBAL,S1D3,ELCINDSO03,2032,71.95662362
GLOBAL,S1D4,ELCINDSO03,2032,43.608709759999996
GLOBAL,S1D5,ELCINDSO03,2032,42.342795768
GLOBAL,S2D1,ELCINDSO03,2032,167.607463044
GLOBAL,S2D2,ELCINDSO03,2032,360.79449778400004
GLOBAL,S2D3,ELCINDSO03,2032,89.269461596
GLOBAL,S2D4,ELCINDSO03,2032,57.5517838
GLOBAL,S2D5,ELCINDSO03,2032,58.842475468
GLOBAL,S3D1,ELCINDSO03,2032,145.85942106400003
GLOBAL,S3D2,ELCINDSO03,2032,320.834863944
GLOBAL,S3D3,ELCINDSO03,2032,81.25726218400001
GLOBAL,S3D4,ELCINDSO03,2032,53.59861822
GLOBAL,S3D5,ELCINDSO03,2032,52.492632864
GLOBAL,S4D1,ELCINDSO03,2032,60.921547736
GLOBAL,S4D2,ELCINDSO03,2032,139.466780656
GLOBAL,S4D3,ELCINDSO03,2032,35.571732672
GLOBAL,S4D4,ELCINDSO03,2032,22.417039232000004
GLOBAL,S4D5,ELCINDSO03,2032,21.344841616
GLOBAL,S1D1,ELCINDSO03,2033,130.561324158
GLOBAL,S1D2,ELCINDSO03,2033,316.093107784
GLOBAL,S1D3,ELCINDSO03,2033,75.30797357
GLOBAL,S1D4,ELCINDSO03,2033,45.63976735999999
GLOBAL,S1D5,ELCINDSO03,2033,44.314893948
GLOBAL,S2D1,ELCINDSO03,2033,175.413711234
GLOBAL,S2D2,ELCINDSO03,2033,377.59835212400003
GLOBAL,S2D3,ELCINDSO03,2033,93.427149806
GLOBAL,S2D4,ELCINDSO03,2033,60.232234299999995
GLOBAL,S2D5,ELCINDSO03,2033,61.583039398
GLOBAL,S3D1,ELCINDSO03,2033,152.652763204
GLOBAL,S3D2,ELCINDSO03,2033,335.777614884
GLOBAL,S3D3,ELCINDSO03,2033,85.041785524
GLOBAL,S3D4,ELCINDSO03,2033,56.09495167
GLOBAL,S3D5,ELCINDSO03,2033,54.93745550399999
GLOBAL,S4D1,ELCINDSO03,2033,63.758943596
GLOBAL,S4D2,ELCINDSO03,2033,145.962388216
GLOBAL,S4D3,ELCINDSO03,2033,37.228471392
GLOBAL,S4D4,ELCINDSO03,2033,23.461103552
GLOBAL,S4D5,ELCINDSO03,2033,22.338968775999998
GLOBAL,S1D1,ELCINDSO03,2034,136.371610071
GLOBAL,S1D2,ELCINDSO03,2034,330.159994308
GLOBAL,S1D3,ELCINDSO03,2034,78.659355465
GLOBAL,S1D4,ELCINDSO03,2034,47.67084431999999
GLOBAL,S1D5,ELCINDSO03,2034,46.287010925999994
GLOBAL,S2D1,ELCINDSO03,2034,183.220033833
GLOBAL,S2D2,ELCINDSO03,2034,394.40236663800005
GLOBAL,S2D3,ELCINDSO03,2034,97.584877647
GLOBAL,S2D4,ELCINDSO03,2034,62.91271035
GLOBAL,S2D5,ELCINDSO03,2034,64.323629451
GLOBAL,S3D1,ELCINDSO03,2034,159.446170098
GLOBAL,S3D2,ELCINDSO03,2034,350.720508258
GLOBAL,S3D3,ELCINDSO03,2034,88.826344938
GLOBAL,S3D4,ELCINDSO03,2034,58.591308915
GLOBAL,S3D5,ELCINDSO03,2034,57.38230144799999
GLOBAL,S4D1,ELCINDSO03,2034,66.596366502
GLOBAL,S4D2,ELCINDSO03,2034,152.45805769199998
GLOBAL,S4D3,ELCINDSO03,2034,38.885225904
GLOBAL,S4D4,ELCINDSO03,2034,24.505177824
GLOBAL,S4D5,ELCINDSO03,2034,23.333105412
GLOBAL,S1D1,ELCINDSO03,2035,142.181840601
GLOBAL,S1D2,ELCINDSO03,2035,344.226746748
GLOBAL,S1D3,ELCINDSO03,2035,82.010705415
GLOBAL,S1D4,ELCINDSO03,2035,49.70190191999999
GLOBAL,S1D5,ELCINDSO03,2035,48.259109106
GLOBAL,S2D1,ELCINDSO03,2035,191.026282023
GLOBAL,S2D2,ELCINDSO03,2035,411.206220978
GLOBAL,S2D3,ELCINDSO03,2035,101.74256585699999
GLOBAL,S2D4,ELCINDSO03,2035,65.59316084999999
GLOBAL,S2D5,ELCINDSO03,2035,67.064193381
GLOBAL,S3D1,ELCINDSO03,2035,166.239512238
GLOBAL,S3D2,ELCINDSO03,2035,365.663259198
GLOBAL,S3D3,ELCINDSO03,2035,92.610868278
GLOBAL,S3D4,ELCINDSO03,2035,61.087642364999994
GLOBAL,S3D5,ELCINDSO03,2035,59.82712408799999
GLOBAL,S4D1,ELCINDSO03,2035,69.433762362
GLOBAL,S4D2,ELCINDSO03,2035,158.95366525199998
GLOBAL,S4D3,ELCINDSO03,2035,40.541964624
GLOBAL,S4D4,ELCINDSO03,2035,25.549242144
GLOBAL,S4D5,ELCINDSO03,2035,24.327232572
GLOBAL,S1D1,ELCINDSO03,2036,147.992126514
GLOBAL,S1D2,ELCINDSO03,2036,358.293633272
GLOBAL,S1D3,ELCINDSO03,2036,85.36208731
GLOBAL,S1D4,ELCINDSO03,2036,51.73297888
GLOBAL,S1D5,ELCINDSO03,2036,50.23122608399999
GLOBAL,S2D1,ELCINDSO03,2036,198.832604622
GLOBAL,S2D2,ELCINDSO03,2036,428.010235492
GLOBAL,S2D3,ELCINDSO03,2036,105.900293698
GLOBAL,S2D4,ELCINDSO03,2036,68.2736369
GLOBAL,S2D5,ELCINDSO03,2036,69.804783434
GLOBAL,S3D1,ELCINDSO03,2036,173.03291913200002
GLOBAL,S3D2,ELCINDSO03,2036,380.606152572
GLOBAL,S3D3,ELCINDSO03,2036,96.395427692
GLOBAL,S3D4,ELCINDSO03,2036,63.58399961
GLOBAL,S3D5,ELCINDSO03,2036,62.27197003199999
GLOBAL,S4D1,ELCINDSO03,2036,72.271185268
GLOBAL,S4D2,ELCINDSO03,2036,165.449334728
GLOBAL,S4D3,ELCINDSO03,2036,42.198719136
GLOBAL,S4D4,ELCINDSO03,2036,26.593316416
GLOBAL,S4D5,ELCINDSO03,2036,25.321369208
GLOBAL,S1D1,ELCINDSO03,2037,154.204049943
GLOBAL,S1D2,ELCINDSO03,2037,373.332896964
GLOBAL,S1D3,ELCINDSO03,2037,88.945134345
GLOBAL,S1D4,ELCINDSO03,2037,53.90445456
GLOBAL,S1D5,ELCINDSO03,2037,52.33966615799999
GLOBAL,S2D1,ELCINDSO03,2037,207.178541289
GLOBAL,S2D2,ELCINDSO03,2037,445.97583185400003
GLOBAL,S2D3,ELCINDSO03,2037,110.34542555099999
GLOBAL,S2D4,ELCINDSO03,2037,71.13940155
GLOBAL,S2D5,ELCINDSO03,2037,72.734817483
GLOBAL,S3D1,ELCINDSO03,2037,180.295922034
GLOBAL,S3D2,ELCINDSO03,2037,396.581977314
GLOBAL,S3D3,ELCINDSO03,2037,100.441595754
GLOBAL,S3D4,ELCINDSO03,2037,66.25291819499999
GLOBAL,S3D5,ELCINDSO03,2037,64.885816584
GLOBAL,S4D1,ELCINDSO03,2037,75.304745766
GLOBAL,S4D2,ELCINDSO03,2037,172.394019036
GLOBAL,S4D3,ELCINDSO03,2037,43.969997232
GLOBAL,S4D4,ELCINDSO03,2037,27.709562592
GLOBAL,S4D5,ELCINDSO03,2037,26.384225796
GLOBAL,S1D1,ELCINDSO03,2038,160.415973372
GLOBAL,S1D2,ELCINDSO03,2038,388.372160656
GLOBAL,S1D3,ELCINDSO03,2038,92.52818138
GLOBAL,S1D4,ELCINDSO03,2038,56.07593024
GLOBAL,S1D5,ELCINDSO03,2038,54.448106231999994
GLOBAL,S2D1,ELCINDSO03,2038,215.524477956
GLOBAL,S2D2,ELCINDSO03,2038,463.941428216
GLOBAL,S2D3,ELCINDSO03,2038,114.790557404
GLOBAL,S2D4,ELCINDSO03,2038,74.00516619999999
GLOBAL,S2D5,ELCINDSO03,2038,75.664851532
GLOBAL,S3D1,ELCINDSO03,2038,187.558924936
GLOBAL,S3D2,ELCINDSO03,2038,412.557802056
GLOBAL,S3D3,ELCINDSO03,2038,104.487763816
GLOBAL,S3D4,ELCINDSO03,2038,68.92183677999999
GLOBAL,S3D5,ELCINDSO03,2038,67.499663136
GLOBAL,S4D1,ELCINDSO03,2038,78.338306264
GLOBAL,S4D2,ELCINDSO03,2038,179.33870334399998
GLOBAL,S4D3,ELCINDSO03,2038,45.741275328
GLOBAL,S4D4,ELCINDSO03,2038,28.825808768
GLOBAL,S4D5,ELCINDSO03,2038,27.447082383999998
GLOBAL,S1D1,ELCINDSO03,2039,166.627896801
GLOBAL,S1D2,ELCINDSO03,2039,403.411424348
GLOBAL,S1D3,ELCINDSO03,2039,96.111228415
GLOBAL,S1D4,ELCINDSO03,2039,58.24740591999999
GLOBAL,S1D5,ELCINDSO03,2039,56.556546305999994
GLOBAL,S2D1,ELCINDSO03,2039,223.87041462300002
GLOBAL,S2D2,ELCINDSO03,2039,481.907024578
GLOBAL,S2D3,ELCINDSO03,2039,119.23568925699999
GLOBAL,S2D4,ELCINDSO03,2039,76.87093085
GLOBAL,S2D5,ELCINDSO03,2039,78.594885581
GLOBAL,S3D1,ELCINDSO03,2039,194.82192783800002
GLOBAL,S3D2,ELCINDSO03,2039,428.533626798
GLOBAL,S3D3,ELCINDSO03,2039,108.533931878
GLOBAL,S3D4,ELCINDSO03,2039,71.59075536499999
GLOBAL,S3D5,ELCINDSO03,2039,70.113509688
GLOBAL,S4D1,ELCINDSO03,2039,81.371866762
GLOBAL,S4D2,ELCINDSO03,2039,186.283387652
GLOBAL,S4D3,ELCINDSO03,2039,47.512553424000004
GLOBAL,S4D4,ELCINDSO03,2039,29.942054944000002
GLOBAL,S4D5,ELCINDSO03,2039,28.509938972
GLOBAL,S1D1,ELCINDSO03,2040,172.83982023000002
GLOBAL,S1D2,ELCINDSO03,2040,418.45068804000005
GLOBAL,S1D3,ELCINDSO03,2040,99.69427545
GLOBAL,S1D4,ELCINDSO03,2040,60.41888159999999
GLOBAL,S1D5,ELCINDSO03,2040,58.664986379999995
GLOBAL,S2D1,ELCINDSO03,2040,232.21635129
GLOBAL,S2D2,ELCINDSO03,2040,499.87262094000005
GLOBAL,S2D3,ELCINDSO03,2040,123.68082111
GLOBAL,S2D4,ELCINDSO03,2040,79.7366955
GLOBAL,S2D5,ELCINDSO03,2040,81.52491963
GLOBAL,S3D1,ELCINDSO03,2040,202.08493074
GLOBAL,S3D2,ELCINDSO03,2040,444.50945154
GLOBAL,S3D3,ELCINDSO03,2040,112.58009994000001
GLOBAL,S3D4,ELCINDSO03,2040,74.25967394999999
GLOBAL,S3D5,ELCINDSO03,2040,72.72735623999999
GLOBAL,S4D1,ELCINDSO03,2040,84.40542726
GLOBAL,S4D2,ELCINDSO03,2040,193.22807196
GLOBAL,S4D3,ELCINDSO03,2040,49.28383152
GLOBAL,S4D4,ELCINDSO03,2040,31.058301120000003
GLOBAL,S4D5,ELCINDSO03,2040,29.57279556
GLOBAL,S1D1,ELCINDSO03,2041,179.051743659
GLOBAL,S1D2,ELCINDSO03,2041,433.489951732
GLOBAL,S1D3,ELCINDSO03,2041,103.277322485
GLOBAL,S1D4,ELCINDSO03,2041,62.59035727999999
GLOBAL,S1D5,ELCINDSO03,2041,60.773426453999996
GLOBAL,S2D1,ELCINDSO03,2041,240.562287957
GLOBAL,S2D2,ELCINDSO03,2041,517.838217302
GLOBAL,S2D3,ELCINDSO03,2041,128.125952963
GLOBAL,S2D4,ELCINDSO03,2041,82.60246015
GLOBAL,S2D5,ELCINDSO03,2041,84.454953679
GLOBAL,S3D1,ELCINDSO03,2041,209.34793364200002
GLOBAL,S3D2,ELCINDSO03,2041,460.48527628200003
GLOBAL,S3D3,ELCINDSO03,2041,116.626268002
GLOBAL,S3D4,ELCINDSO03,2041,76.92859253499999
GLOBAL,S3D5,ELCINDSO03,2041,75.34120279199999
GLOBAL,S4D1,ELCINDSO03,2041,87.438987758
GLOBAL,S4D2,ELCINDSO03,2041,200.172756268
GLOBAL,S4D3,ELCINDSO03,2041,51.055109616
GLOBAL,S4D4,ELCINDSO03,2041,32.174547296
GLOBAL,S4D5,ELCINDSO03,2041,30.635652148
GLOBAL,S1D1,ELCINDSO03,2042,186.00579928800002
GLOBAL,S1D2,ELCINDSO03,2042,450.32594102400003
GLOBAL,S1D3,ELCINDSO03,2042,107.28843252
GLOBAL,S1D4,ELCINDSO03,2042,65.02125696
GLOBAL,S1D5,ELCINDSO03,2042,63.133759727999994
GLOBAL,S2D1,ELCINDSO03,2042,249.90530522400002
GLOBAL,S2D2,ELCINDSO03,2042,537.9501452640001
GLOBAL,S2D3,ELCINDSO03,2042,133.102140216
GLOBAL,S2D4,ELCINDSO03,2042,85.8105948
GLOBAL,S2D5,ELCINDSO03,2042,87.735035928
GLOBAL,S3D1,ELCINDSO03,2042,217.47864014400002
GLOBAL,S3D2,ELCINDSO03,2042,478.36971662400003
GLOBAL,S3D3,ELCINDSO03,2042,121.15582766400001
GLOBAL,S3D4,ELCINDSO03,2042,79.91636412
GLOBAL,S3D5,ELCINDSO03,2042,78.267322944
GLOBAL,S4D1,ELCINDSO03,2042,90.834964656
GLOBAL,S4D2,ELCINDSO03,2042,207.947114976
GLOBAL,S4D3,ELCINDSO03,2042,53.038000512
GLOBAL,S4D4,ELCINDSO03,2042,33.424150272000006
GLOBAL,S4D5,ELCINDSO03,2042,31.825487136
GLOBAL,S1D1,ELCINDSO03,2043,193.230013191
GLOBAL,S1D2,ELCINDSO03,2043,467.815992068
GLOBAL,S1D3,ELCINDSO03,2043,111.455370265
GLOBAL,S1D4,ELCINDSO03,2043,67.54659471999999
GLOBAL,S1D5,ELCINDSO03,2043,65.585789646
GLOBAL,S2D1,ELCINDSO03,2043,259.611289593
GLOBAL,S2D2,ELCINDSO03,2043,558.843401998
GLOBAL,S2D3,ELCINDSO03,2043,138.271647487
GLOBAL,S2D4,ELCINDSO03,2043,89.14336234999999
GLOBAL,S2D5,ELCINDSO03,2043,91.14254617099999
GLOBAL,S3D1,ELCINDSO03,2043,225.925216658
GLOBAL,S3D2,ELCINDSO03,2043,496.948950018
GLOBAL,S3D3,ELCINDSO03,2043,125.861356298
GLOBAL,S3D4,ELCINDSO03,2043,83.020207715
GLOBAL,S3D5,ELCINDSO03,2043,81.30712000799998
GLOBAL,S4D1,ELCINDSO03,2043,94.362871942
GLOBAL,S4D2,ELCINDSO03,2043,216.023499932
GLOBAL,S4D3,ELCINDSO03,2043,55.097924784
GLOBAL,S4D4,ELCINDSO03,2043,34.722299104
GLOBAL,S4D5,ELCINDSO03,2043,33.061546052
GLOBAL,S1D1,ELCINDSO03,2044,200.734741989
GLOBAL,S1D2,ELCINDSO03,2044,485.98517857200005
GLOBAL,S1D3,ELCINDSO03,2044,115.784109435
GLOBAL,S1D4,ELCINDSO03,2044,70.16999088
GLOBAL,S1D5,ELCINDSO03,2044,68.133031434
GLOBAL,S2D1,ELCINDSO03,2044,269.69415554700004
GLOBAL,S2D2,ELCINDSO03,2044,580.547940042
GLOBAL,S2D3,ELCINDSO03,2044,143.641885773
GLOBAL,S2D4,ELCINDSO03,2044,92.60554065000001
GLOBAL,S2D5,ELCINDSO03,2044,94.682369409
GLOBAL,S3D1,ELCINDSO03,2044,234.69977218200003
GLOBAL,S3D2,ELCINDSO03,2044,516.2496116220001
GLOBAL,S3D3,ELCINDSO03,2044,130.74959974200002
GLOBAL,S3D4,ELCINDSO03,2044,86.244572985
GLOBAL,S3D5,ELCINDSO03,2044,84.464951832
GLOBAL,S4D1,ELCINDSO03,2044,98.02776721800001
GLOBAL,S4D2,ELCINDSO03,2044,224.41348942800002
GLOBAL,S4D3,ELCINDSO03,2044,57.237835536000006
GLOBAL,S4D4,ELCINDSO03,2044,36.07085481600001
GLOBAL,S4D5,ELCINDSO03,2044,34.345600908
GLOBAL,S1D1,ELCINDSO03,2045,208.53095151600002
GLOBAL,S1D2,ELCINDSO03,2045,504.86004916800005
GLOBAL,S1D3,ELCINDSO03,2045,120.28097514000001
GLOBAL,S1D4,ELCINDSO03,2045,72.89527872
GLOBAL,S1D5,ELCINDSO03,2045,70.779207096
GLOBAL,S2D1,ELCINDSO03,2045,280.168636068
GLOBAL,S2D2,ELCINDSO03,2045,603.095473848
GLOBAL,S2D3,ELCINDSO03,2045,149.220702012
GLOBAL,S2D4,ELCINDSO03,2045,96.2021886
GLOBAL,S2D5,ELCINDSO03,2045,98.359677996
GLOBAL,S3D1,ELCINDSO03,2045,243.81512800800002
GLOBAL,S3D2,ELCINDSO03,2045,536.2999033680001
GLOBAL,S3D3,ELCINDSO03,2045,135.82770064800002
GLOBAL,S3D4,ELCINDSO03,2045,89.59417134
GLOBAL,S3D5,ELCINDSO03,2045,87.74543260799999
GLOBAL,S4D1,ELCINDSO03,2045,101.835005592
GLOBAL,S4D2,ELCINDSO03,2045,233.129342832
GLOBAL,S4D3,ELCINDSO03,2045,59.460859584
GLOBAL,S4D4,ELCINDSO03,2045,37.471787904
GLOBAL,S4D5,ELCINDSO03,2045,35.679527952
GLOBAL,S1D1,ELCINDSO03,2046,216.629939904
GLOBAL,S1D2,ELCINDSO03,2046,524.467956992
GLOBAL,S1D3,ELCINDSO03,2046,124.95248416
GLOBAL,S1D4,ELCINDSO03,2046,75.72640768
GLOBAL,S1D5,ELCINDSO03,2046,73.52815142399999
GLOBAL,S2D1,ELCINDSO03,2046,291.049910592
GLOBAL,S2D2,ELCINDSO03,2046,626.518678912
GLOBAL,S2D3,ELCINDSO03,2046,155.01618092799998
GLOBAL,S2D4,ELCINDSO03,2046,99.93851839999999
GLOBAL,S2D5,ELCINDSO03,2046,102.179801024
GLOBAL,S3D1,ELCINDSO03,2046,253.28449395200002
GLOBAL,S3D2,ELCINDSO03,2046,557.128881792
GLOBAL,S3D3,ELCINDSO03,2046,141.103018112
GLOBAL,S3D4,ELCINDSO03,2046,93.07385696
GLOBAL,S3D5,ELCINDSO03,2046,91.15331635199999
GLOBAL,S4D1,ELCINDSO03,2046,105.790104448
GLOBAL,S4D2,ELCINDSO03,2046,242.18369100799998
GLOBAL,S4D3,ELCINDSO03,2046,61.770218496
GLOBAL,S4D4,ELCINDSO03,2046,38.927128576
GLOBAL,S4D5,ELCINDSO03,2046,37.065260288
GLOBAL,S1D1,ELCINDSO03,2047,225.043503732
GLOBAL,S1D2,ELCINDSO03,2047,544.8374619360001
GLOBAL,S1D3,ELCINDSO03,2047,129.80544078
GLOBAL,S1D4,ELCINDSO03,2047,78.66750144
GLOBAL,S1D5,ELCINDSO03,2047,76.383868392
GLOBAL,S2D1,ELCINDSO03,2047,302.353828236
GLOBAL,S2D2,ELCINDSO03,2047,650.8516722960001
GLOBAL,S2D3,ELCINDSO03,2047,161.03676392399998
GLOBAL,S2D4,ELCINDSO03,2047,103.8199722
GLOBAL,S2D5,ELCINDSO03,2047,106.148302692
GLOBAL,S3D1,ELCINDSO03,2047,263.12166261600004
GLOBAL,S3D2,ELCINDSO03,2047,578.766885336
GLOBAL,S3D3,ELCINDSO03,2047,146.58323589600002
GLOBAL,S3D4,ELCINDSO03,2047,96.68869818
GLOBAL,S3D5,ELCINDSO03,2047,94.69356681599999
GLOBAL,S4D1,ELCINDSO03,2047,109.898824584
GLOBAL,S4D2,ELCINDSO03,2047,251.589722064
GLOBAL,S4D3,ELCINDSO03,2047,64.16927596800001
GLOBAL,S4D4,ELCINDSO03,2047,40.438996608000004
GLOBAL,S4D5,ELCINDSO03,2047,38.504816304
GLOBAL,S1D1,ELCINDSO03,2048,233.78382726
GLOBAL,S1D2,ELCINDSO03,2048,565.99806248
GLOBAL,S1D3,ELCINDSO03,2048,134.84687290000002
GLOBAL,S1D4,ELCINDSO03,2048,81.7228192
GLOBAL,S1D5,ELCINDSO03,2048,79.35049356
GLOBAL,S2D1,ELCINDSO03,2048,314.09675898
GLOBAL,S2D2,ELCINDSO03,2048,676.1296922800001
GLOBAL,S2D3,ELCINDSO03,2048,167.29116982000002
GLOBAL,S2D4,ELCINDSO03,2048,107.85217100000001
GLOBAL,S2D5,ELCINDSO03,2048,110.27093006000001
GLOBAL,S3D1,ELCINDSO03,2048,273.34087988000005
GLOBAL,S3D2,ELCINDSO03,2048,601.2452494800001
GLOBAL,S3D3,ELCINDSO03,2048,152.27629028
GLOBAL,S3D4,ELCINDSO03,2048,100.4439299
GLOBAL,S3D5,ELCINDSO03,2048,98.37131088
GLOBAL,S4D1,ELCINDSO03,2048,114.16711612
GLOBAL,S4D2,ELCINDSO03,2048,261.36105752000003
GLOBAL,S4D3,ELCINDSO03,2048,66.66150624000001
GLOBAL,S4D4,ELCINDSO03,2048,42.009581440000005
GLOBAL,S4D5,ELCINDSO03,2048,40.00028072
GLOBAL,S1D1,ELCINDSO03,2049,242.863593195
GLOBAL,S1D2,ELCINDSO03,2049,587.98046386
GLOBAL,S1D3,ELCINDSO03,2049,140.084095925
GLOBAL,S1D4,ELCINDSO03,2049,84.89679439999999
GLOBAL,S1D5,ELCINDSO03,2049,82.43233167
GLOBAL,S2D1,ELCINDSO03,2049,326.295742485
GLOBAL,S2D2,ELCINDSO03,2049,702.3894187100001
GLOBAL,S2D3,ELCINDSO03,2049,173.78847411499999
GLOBAL,S2D4,ELCINDSO03,2049,112.04096575
GLOBAL,S2D5,ELCINDSO03,2049,114.553665295
GLOBAL,S3D1,ELCINDSO03,2049,283.95697441000004
GLOBAL,S3D2,ELCINDSO03,2049,624.59659161
GLOBAL,S3D3,ELCINDSO03,2049,158.19044221000001
GLOBAL,S3D4,ELCINDSO03,2049,104.345001175
GLOBAL,S3D5,ELCINDSO03,2049,102.19188516
GLOBAL,S4D1,ELCINDSO03,2049,118.60117259
GLOBAL,S4D2,ELCINDSO03,2049,271.51187613999997
GLOBAL,S4D3,ELCINDSO03,2049,69.25052568
GLOBAL,S4D4,ELCINDSO03,2049,43.64116208
GLOBAL,S4D5,ELCINDSO03,2049,41.55382354
GLOBAL,S1D1,ELCINDSO03,2050,252.29603807400002
GLOBAL,S1D2,ELCINDSO03,2050,610.816712152
GLOBAL,S1D3,ELCINDSO03,2050,145.52474471000002
GLOBAL,S1D4,ELCINDSO03,2050,88.19405408
GLOBAL,S1D5,ELCINDSO03,2050,85.633875444
GLOBAL,S2D1,ELCINDSO03,2050,338.968562502
GLOBAL,S2D2,ELCINDSO03,2050,729.6691331720001
GLOBAL,S2D3,ELCINDSO03,2050,180.538148618
GLOBAL,S2D4,ELCINDSO03,2050,116.3924629
GLOBAL,S2D5,ELCINDSO03,2050,119.002751794
GLOBAL,S3D1,ELCINDSO03,2050,294.98542241200005
GLOBAL,S3D2,ELCINDSO03,2050,648.854953452
GLOBAL,S3D3,ELCINDSO03,2050,164.334313372
GLOBAL,S3D4,ELCINDSO03,2050,108.39759901000001
GLOBAL,S3D5,ELCINDSO03,2050,106.160859312
GLOBAL,S4D1,ELCINDSO03,2050,123.207457988
GLOBAL,S4D2,ELCINDSO03,2050,282.056975848
GLOBAL,S4D3,ELCINDSO03,2050,71.940108576
GLOBAL,S4D4,ELCINDSO03,2050,45.336117056000006
GLOBAL,S4D5,ELCINDSO03,2050,43.167709528
GLOBAL,S1D1,ELCINDWE03,2023,102.835893096
GLOBAL,S1D2,ELCINDWE03,2023,241.01197527600002
GLOBAL,S1D3,ELCINDWE03,2023,63.050803668
GLOBAL,S1D4,ELCINDWE03,2023,37.284384186
GLOBAL,S1D5,ELCINDWE03,2023,35.702818271999995
GLOBAL,S2D1,ELCINDWE03,2023,134.237426544
GLOBAL,S2D2,ELCINDWE03,2023,266.035184442
GLOBAL,S2D3,ELCINDWE03,2023,71.66953006199999
GLOBAL,S2D4,ELCINDWE03,2023,45.960556788
GLOBAL,S2D5,ELCINDWE03,2023,46.333957139999995
GLOBAL,S3D1,ELCINDWE03,2023,122.110891074
GLOBAL,S3D2,ELCINDWE03,2023,238.046314788
GLOBAL,S3D3,ELCINDWE03,2023,65.406098196
GLOBAL,S3D4,ELCINDWE03,2023,42.978739554
GLOBAL,S3D5,ELCINDWE03,2023,42.71664123
GLOBAL,S4D1,ELCINDWE03,2023,54.643910166
GLOBAL,S4D2,ELCINDWE03,2023,116.018002638
GLOBAL,S4D3,ELCINDWE03,2023,31.317159329999996
GLOBAL,S4D4,ELCINDWE03,2023,18.930320730000002
GLOBAL,S4D5,ELCINDWE03,2023,18.901597626
GLOBAL,S1D1,ELCINDWE03,2024,108.916761548
GLOBAL,S1D2,ELCINDWE03,2024,255.26344013800002
GLOBAL,S1D3,ELCINDWE03,2024,66.779109334
GLOBAL,S1D4,ELCINDWE03,2024,39.489075842999995
GLOBAL,S1D5,ELCINDWE03,2024,37.813989136
GLOBAL,S2D1,ELCINDWE03,2024,142.17512327199998
GLOBAL,S2D2,ELCINDWE03,2024,281.766315971
GLOBAL,S2D3,ELCINDWE03,2024,75.907476281
GLOBAL,S2D4,ELCINDWE03,2024,48.678285894
GLOBAL,S2D5,ELCINDWE03,2024,49.07376607
GLOBAL,S3D1,ELCINDWE03,2024,129.331524287
GLOBAL,S3D2,ELCINDWE03,2024,252.122414894
GLOBAL,S3D3,ELCINDWE03,2024,69.273676598
GLOBAL,S3D4,ELCINDWE03,2024,45.520148527
GLOBAL,S3D5,ELCINDWE03,2024,45.242551865
GLOBAL,S4D1,ELCINDWE03,2024,57.875101333
GLOBAL,S4D2,ELCINDWE03,2024,122.878352569
GLOBAL,S4D3,ELCINDWE03,2024,33.168998415
GLOBAL,S4D4,ELCINDWE03,2024,20.049704115
GLOBAL,S4D5,ELCINDWE03,2024,20.019282563
GLOBAL,S1D1,ELCINDWE03,2025,115.570355432
GLOBAL,S1D2,ELCINDWE03,2025,270.857176492
GLOBAL,S1D3,ELCINDWE03,2025,70.858564756
GLOBAL,S1D4,ELCINDWE03,2025,41.901415962
GLOBAL,S1D5,ELCINDWE03,2025,40.124000224
GLOBAL,S2D1,ELCINDWE03,2025,150.860430448
GLOBAL,S2D2,ELCINDWE03,2025,298.979081114
GLOBAL,S2D3,ELCINDWE03,2025,80.544572654
GLOBAL,S2D4,ELCINDWE03,2025,51.651983796
GLOBAL,S2D5,ELCINDWE03,2025,52.07162338
GLOBAL,S3D1,ELCINDWE03,2025,137.232231458
GLOBAL,S3D2,ELCINDWE03,2025,267.524269796
GLOBAL,S3D3,ELCINDWE03,2025,73.50552213200001
GLOBAL,S3D4,ELCINDWE03,2025,48.300919618
GLOBAL,S3D5,ELCINDWE03,2025,48.00636491
GLOBAL,S4D1,ELCINDWE03,2025,61.410621622
GLOBAL,S4D2,ELCINDWE03,2025,130.384843246
GLOBAL,S4D3,ELCINDWE03,2025,35.19525261
GLOBAL,S4D4,ELCINDWE03,2025,21.27451641
GLOBAL,S4D5,ELCINDWE03,2025,21.242236442
GLOBAL,S1D1,ELCINDWE03,2026,123.07209622
GLOBAL,S1D2,ELCINDWE03,2026,288.43867757000004
GLOBAL,S1D3,ELCINDWE03,2026,75.45803651
GLOBAL,S1D4,ELCINDWE03,2026,44.621261894999996
GLOBAL,S1D5,ELCINDWE03,2026,42.72847304
GLOBAL,S2D1,ELCINDWE03,2026,160.65287107999998
GLOBAL,S2D2,ELCINDWE03,2026,318.38599181499995
GLOBAL,S2D3,ELCINDWE03,2026,85.772768965
GLOBAL,S2D4,ELCINDWE03,2026,55.00474491
GLOBAL,S2D5,ELCINDWE03,2026,55.45162355
GLOBAL,S3D1,ELCINDWE03,2026,146.140057555
GLOBAL,S3D2,ELCINDWE03,2026,284.88942991
GLOBAL,S3D3,ELCINDWE03,2026,78.27680947
GLOBAL,S3D4,ELCINDWE03,2026,51.436161155
GLOBAL,S3D5,ELCINDWE03,2026,51.122486725
GLOBAL,S4D1,ELCINDWE03,2026,65.396821745
GLOBAL,S4D2,ELCINDWE03,2026,138.84820128500002
GLOBAL,S4D3,ELCINDWE03,2026,37.479797475
GLOBAL,S4D4,ELCINDWE03,2026,22.655457975
GLOBAL,S4D5,ELCINDWE03,2026,22.621082695
GLOBAL,S1D1,ELCINDWE03,2027,130.306378012
GLOBAL,S1D2,ELCINDWE03,2027,305.39334672200005
GLOBAL,S1D3,ELCINDWE03,2027,79.893523646
GLOBAL,S1D4,ELCINDWE03,2027,47.244137367
GLOBAL,S1D5,ELCINDWE03,2027,45.240088784
GLOBAL,S2D1,ELCINDWE03,2027,170.096182568
GLOBAL,S2D2,ELCINDWE03,2027,337.10098939899996
GLOBAL,S2D3,ELCINDWE03,2027,90.814564789
GLOBAL,S2D4,ELCINDWE03,2027,58.237970286
GLOBAL,S2D5,ELCINDWE03,2027,58.711116829999995
GLOBAL,S3D1,ELCINDWE03,2027,154.73029360299998
GLOBAL,S3D2,ELCINDWE03,2027,301.635471286
GLOBAL,S3D3,ELCINDWE03,2027,82.877986462
GLOBAL,S3D4,ELCINDWE03,2027,54.459622163
GLOBAL,S3D5,ELCINDWE03,2027,54.127509685
GLOBAL,S4D1,ELCINDWE03,2027,69.240902177
GLOBAL,S4D2,ELCINDWE03,2027,147.009815861
GLOBAL,S4D3,ELCINDWE03,2027,39.682891635
GLOBAL,S4D4,ELCINDWE03,2027,23.987164935
GLOBAL,S4D5,ELCINDWE03,2027,23.950769047
GLOBAL,S1D1,ELCINDWE03,2028,137.80153114
GLOBAL,S1D2,ELCINDWE03,2028,322.95940859
GLOBAL,S1D3,ELCINDWE03,2028,84.48895637
GLOBAL,S1D4,ELCINDWE03,2028,49.961594865
GLOBAL,S1D5,ELCINDWE03,2028,47.84227448
GLOBAL,S2D1,ELCINDWE03,2028,179.88002396
GLOBAL,S2D2,ELCINDWE03,2028,356.490857905
GLOBAL,S2D3,ELCINDWE03,2028,96.038169955
GLOBAL,S2D4,ELCINDWE03,2028,61.58778717
GLOBAL,S2D5,ELCINDWE03,2028,62.08814885
GLOBAL,S3D1,ELCINDWE03,2028,163.630297285
GLOBAL,S3D2,ELCINDWE03,2028,318.98538217
GLOBAL,S3D3,ELCINDWE03,2028,87.64508389000001
GLOBAL,S3D4,ELCINDWE03,2028,57.592110485
GLOBAL,S3D5,ELCINDWE03,2028,57.240895075000005
GLOBAL,S4D1,ELCINDWE03,2028,73.22360181500001
GLOBAL,S4D2,ELCINDWE03,2028,155.465741795
GLOBAL,S4D3,ELCINDWE03,2028,41.965430325
GLOBAL,S4D4,ELCINDWE03,2028,25.366893825000002
GLOBAL,S4D5,ELCINDWE03,2028,25.328404465000002
GLOBAL,S1D1,ELCINDWE03,2029,147.05490208
GLOBAL,S1D2,ELCINDWE03,2029,344.64612848
GLOBAL,S1D3,ELCINDWE03,2029,90.16238864
GLOBAL,S1D4,ELCINDWE03,2029,53.31651528
GLOBAL,S1D5,ELCINDWE03,2029,51.054882559999996
GLOBAL,S2D1,ELCINDWE03,2029,191.95896512
GLOBAL,S2D2,ELCINDWE03,2029,380.42921415999996
GLOBAL,S2D3,ELCINDWE03,2029,102.48713176
GLOBAL,S2D4,ELCINDWE03,2029,65.72340624
GLOBAL,S2D5,ELCINDWE03,2029,66.25736719999999
GLOBAL,S3D1,ELCINDWE03,2029,174.61806951999998
GLOBAL,S3D2,ELCINDWE03,2029,340.40524624
GLOBAL,S3D3,ELCINDWE03,2029,93.53045008
GLOBAL,S3D4,ELCINDWE03,2029,61.45941992
GLOBAL,S3D5,ELCINDWE03,2029,61.0846204
GLOBAL,S4D1,ELCINDWE03,2029,78.14056568
GLOBAL,S4D2,ELCINDWE03,2029,165.90526424
GLOBAL,S4D3,ELCINDWE03,2029,44.78340839999999
GLOBAL,S4D4,ELCINDWE03,2029,27.0702804
GLOBAL,S4D5,ELCINDWE03,2029,27.02920648
GLOBAL,S1D1,ELCINDWE03,2030,152.33362268
GLOBAL,S1D2,ELCINDWE03,2030,357.01763458000005
GLOBAL,S1D3,ELCINDWE03,2030,93.39888094
GLOBAL,S1D4,ELCINDWE03,2030,55.23037863
GLOBAL,S1D5,ELCINDWE03,2030,52.88756176
GLOBAL,S2D1,ELCINDWE03,2030,198.84957351999998
GLOBAL,S2D2,ELCINDWE03,2030,394.08519910999996
GLOBAL,S2D3,ELCINDWE03,2030,106.16603621
GLOBAL,S2D4,ELCINDWE03,2030,68.08263054
GLOBAL,S2D5,ELCINDWE03,2030,68.6357587
GLOBAL,S3D1,ELCINDWE03,2030,180.88620466999998
GLOBAL,S3D2,ELCINDWE03,2030,352.62452054
GLOBAL,S3D3,ELCINDWE03,2030,96.88784318
GLOBAL,S3D4,ELCINDWE03,2030,63.665583070000004
GLOBAL,S3D5,ELCINDWE03,2030,63.27732965
GLOBAL,S4D1,ELCINDWE03,2030,80.94551953
GLOBAL,S4D2,ELCINDWE03,2030,171.86064229000002
GLOBAL,S4D3,ELCINDWE03,2030,46.39096515
GLOBAL,S4D4,ELCINDWE03,2030,28.042002150000002
GLOBAL,S4D5,ELCINDWE03,2030,27.99945383
GLOBAL,S1D1,ELCINDWE03,2031,157.388534692
GLOBAL,S1D2,ELCINDWE03,2031,368.864610302
GLOBAL,S1D3,ELCINDWE03,2031,96.49815158599999
GLOBAL,S1D4,ELCINDWE03,2031,57.063097496999994
GLOBAL,S1D5,ELCINDWE03,2031,54.642538544
GLOBAL,S2D1,ELCINDWE03,2031,205.448032088
GLOBAL,S2D2,ELCINDWE03,2031,407.16219400899996
GLOBAL,S2D3,ELCINDWE03,2031,109.688961499
GLOBAL,S2D4,ELCINDWE03,2031,70.341827826
GLOBAL,S2D5,ELCINDWE03,2031,70.91331053
GLOBAL,S3D1,ELCINDWE03,2031,186.888581773
GLOBAL,S3D2,ELCINDWE03,2031,364.32571882599996
GLOBAL,S3D3,ELCINDWE03,2031,100.102888642
GLOBAL,S3D4,ELCINDWE03,2031,65.778208733
GLOBAL,S3D5,ELCINDWE03,2031,65.377071835
GLOBAL,S4D1,ELCINDWE03,2031,83.631548207
GLOBAL,S4D2,ELCINDWE03,2031,177.563522651
GLOBAL,S4D3,ELCINDWE03,2031,47.930364284999996
GLOBAL,S4D4,ELCINDWE03,2031,28.972524585000002
GLOBAL,S4D5,ELCINDWE03,2031,28.928564377
GLOBAL,S1D1,ELCINDWE03,2032,165.01968003599998
GLOBAL,S1D2,ELCINDWE03,2032,386.749391166
GLOBAL,S1D3,ELCINDWE03,2032,101.176963938
GLOBAL,S1D4,ELCINDWE03,2032,59.82986060099999
GLOBAL,S1D5,ELCINDWE03,2032,57.291938351999995
GLOBAL,S2D1,ELCINDWE03,2032,215.40939170399997
GLOBAL,S2D2,ELCINDWE03,2032,426.90387269699994
GLOBAL,S2D3,ELCINDWE03,2032,115.00734386699999
GLOBAL,S2D4,ELCINDWE03,2032,73.752423858
GLOBAL,S2D5,ELCINDWE03,2032,74.35161549
GLOBAL,S3D1,ELCINDWE03,2032,195.950067309
GLOBAL,S3D2,ELCINDWE03,2032,381.990426858
GLOBAL,S3D3,ELCINDWE03,2032,104.956480386
GLOBAL,S3D4,ELCINDWE03,2032,68.96753298899999
GLOBAL,S3D5,ELCINDWE03,2032,68.54694655499999
GLOBAL,S4D1,ELCINDWE03,2032,87.686510031
GLOBAL,S4D2,ELCINDWE03,2032,186.172873083
GLOBAL,S4D3,ELCINDWE03,2032,50.254317404999995
GLOBAL,S4D4,ELCINDWE03,2032,30.377287305
GLOBAL,S4D5,ELCINDWE03,2032,30.331195640999997
GLOBAL,S1D1,ELCINDWE03,2033,172.65082538000001
GLOBAL,S1D2,ELCINDWE03,2033,404.63417203000006
GLOBAL,S1D3,ELCINDWE03,2033,105.85577629000001
GLOBAL,S1D4,ELCINDWE03,2033,62.596623705
GLOBAL,S1D5,ELCINDWE03,2033,59.94133816
GLOBAL,S2D1,ELCINDWE03,2033,225.37075132
GLOBAL,S2D2,ELCINDWE03,2033,446.645551385
GLOBAL,S2D3,ELCINDWE03,2033,120.325726235
GLOBAL,S2D4,ELCINDWE03,2033,77.16301989
GLOBAL,S2D5,ELCINDWE03,2033,77.78992045
GLOBAL,S3D1,ELCINDWE03,2033,205.011552845
GLOBAL,S3D2,ELCINDWE03,2033,399.65513489
GLOBAL,S3D3,ELCINDWE03,2033,109.81007213000001
GLOBAL,S3D4,ELCINDWE03,2033,72.15685724500001
GLOBAL,S3D5,ELCINDWE03,2033,71.716821275
GLOBAL,S4D1,ELCINDWE03,2033,91.741471855
GLOBAL,S4D2,ELCINDWE03,2033,194.78222351500003
GLOBAL,S4D3,ELCINDWE03,2033,52.578270525
GLOBAL,S4D4,ELCINDWE03,2033,31.782050025000004
GLOBAL,S4D5,ELCINDWE03,2033,31.733826905
GLOBAL,S1D1,ELCINDWE03,2034,180.28191343999998
GLOBAL,S1D2,ELCINDWE03,2034,422.51881864
GLOBAL,S1D3,ELCINDWE03,2034,110.53455352
GLOBAL,S1D4,ELCINDWE03,2034,65.36336603999999
GLOBAL,S1D5,ELCINDWE03,2034,62.590718079999995
GLOBAL,S2D1,ELCINDWE03,2034,235.33203615999997
GLOBAL,S2D2,ELCINDWE03,2034,466.3870818799999
GLOBAL,S2D3,ELCINDWE03,2034,125.64406867999999
GLOBAL,S2D4,ELCINDWE03,2034,80.57359032
GLOBAL,S2D5,ELCINDWE03,2034,81.2281996
GLOBAL,S3D1,ELCINDWE03,2034,214.07297035999997
GLOBAL,S3D2,ELCINDWE03,2034,417.31971031999996
GLOBAL,S3D3,ELCINDWE03,2034,114.66362744
GLOBAL,S3D4,ELCINDWE03,2034,75.34615756
GLOBAL,S3D5,ELCINDWE03,2034,74.88667219999999
GLOBAL,S4D1,ELCINDWE03,2034,95.79640324
GLOBAL,S4D2,ELCINDWE03,2034,203.39150932
GLOBAL,S4D3,ELCINDWE03,2034,54.902206199999995
GLOBAL,S4D4,ELCINDWE03,2034,33.1868022
GLOBAL,S4D5,ELCINDWE03,2034,33.13644764
GLOBAL,S1D1,ELCINDWE03,2035,187.91305878400001
GLOBAL,S1D2,ELCINDWE03,2035,440.40359950400006
GLOBAL,S1D3,ELCINDWE03,2035,115.21336587200001
GLOBAL,S1D4,ELCINDWE03,2035,68.13012914400001
GLOBAL,S1D5,ELCINDWE03,2035,65.240117888
GLOBAL,S2D1,ELCINDWE03,2035,245.293395776
GLOBAL,S2D2,ELCINDWE03,2035,486.128760568
GLOBAL,S2D3,ELCINDWE03,2035,130.96245104800002
GLOBAL,S2D4,ELCINDWE03,2035,83.98418635200001
GLOBAL,S2D5,ELCINDWE03,2035,84.66650456
GLOBAL,S3D1,ELCINDWE03,2035,223.13445589600002
GLOBAL,S3D2,ELCINDWE03,2035,434.98441835200003
GLOBAL,S3D3,ELCINDWE03,2035,119.51721918400001
GLOBAL,S3D4,ELCINDWE03,2035,78.535481816
GLOBAL,S3D5,ELCINDWE03,2035,78.05654692
GLOBAL,S4D1,ELCINDWE03,2035,99.851365064
GLOBAL,S4D2,ELCINDWE03,2035,212.00085975200003
GLOBAL,S4D3,ELCINDWE03,2035,57.22615932
GLOBAL,S4D4,ELCINDWE03,2035,34.59156492
GLOBAL,S4D5,ELCINDWE03,2035,34.539078904
GLOBAL,S1D1,ELCINDWE03,2036,195.54420412800002
GLOBAL,S1D2,ELCINDWE03,2036,458.28838036800005
GLOBAL,S1D3,ELCINDWE03,2036,119.892178224
GLOBAL,S1D4,ELCINDWE03,2036,70.896892248
GLOBAL,S1D5,ELCINDWE03,2036,67.889517696
GLOBAL,S2D1,ELCINDWE03,2036,255.254755392
GLOBAL,S2D2,ELCINDWE03,2036,505.870439256
GLOBAL,S2D3,ELCINDWE03,2036,136.280833416
GLOBAL,S2D4,ELCINDWE03,2036,87.394782384
GLOBAL,S2D5,ELCINDWE03,2036,88.10480952
GLOBAL,S3D1,ELCINDWE03,2036,232.195941432
GLOBAL,S3D2,ELCINDWE03,2036,452.649126384
GLOBAL,S3D3,ELCINDWE03,2036,124.37081092800001
GLOBAL,S3D4,ELCINDWE03,2036,81.724806072
GLOBAL,S3D5,ELCINDWE03,2036,81.22642164
GLOBAL,S4D1,ELCINDWE03,2036,103.90632688800001
GLOBAL,S4D2,ELCINDWE03,2036,220.610210184
GLOBAL,S4D3,ELCINDWE03,2036,59.55011244
GLOBAL,S4D4,ELCINDWE03,2036,35.996327640000004
GLOBAL,S4D5,ELCINDWE03,2036,35.941710168
GLOBAL,S1D1,ELCINDWE03,2037,203.96317632400002
GLOBAL,S1D2,ELCINDWE03,2037,478.0195564940001
GLOBAL,S1D3,ELCINDWE03,2037,125.054023442
GLOBAL,S1D4,ELCINDWE03,2037,73.949291409
GLOBAL,S1D5,ELCINDWE03,2037,70.812437168
GLOBAL,S2D1,ELCINDWE03,2037,266.244509336
GLOBAL,S2D2,ELCINDWE03,2037,527.650216273
GLOBAL,S2D3,ELCINDWE03,2037,142.14827680300002
GLOBAL,S2D4,ELCINDWE03,2037,91.157482722
GLOBAL,S2D5,ELCINDWE03,2037,91.89807941000001
GLOBAL,S3D1,ELCINDWE03,2037,242.192919781
GLOBAL,S3D2,ELCINDWE03,2037,472.137509722
GLOBAL,S3D3,ELCINDWE03,2037,129.725479474
GLOBAL,S3D4,ELCINDWE03,2037,85.24339090100001
GLOBAL,S3D5,ELCINDWE03,2037,84.723548995
GLOBAL,S4D1,ELCINDWE03,2037,108.37991627900001
GLOBAL,S4D2,ELCINDWE03,2037,230.10837574700003
GLOBAL,S4D3,ELCINDWE03,2037,62.113986645
GLOBAL,S4D4,ELCINDWE03,2037,37.546115745
GLOBAL,S4D5,ELCINDWE03,2037,37.489146769
GLOBAL,S1D1,ELCINDWE03,2038,212.38214852000002
GLOBAL,S1D2,ELCINDWE03,2038,497.75073262000006
GLOBAL,S1D3,ELCINDWE03,2038,130.21586866
GLOBAL,S1D4,ELCINDWE03,2038,77.00169057000001
GLOBAL,S1D5,ELCINDWE03,2038,73.73535664
GLOBAL,S2D1,ELCINDWE03,2038,277.23426328
GLOBAL,S2D2,ELCINDWE03,2038,549.42999329
GLOBAL,S2D3,ELCINDWE03,2038,148.01572019
GLOBAL,S2D4,ELCINDWE03,2038,94.92018306
GLOBAL,S2D5,ELCINDWE03,2038,95.6913493
GLOBAL,S3D1,ELCINDWE03,2038,252.18989813000002
GLOBAL,S3D2,ELCINDWE03,2038,491.62589306
GLOBAL,S3D3,ELCINDWE03,2038,135.08014802000002
GLOBAL,S3D4,ELCINDWE03,2038,88.76197573
GLOBAL,S3D5,ELCINDWE03,2038,88.22067635
GLOBAL,S4D1,ELCINDWE03,2038,112.85350567
GLOBAL,S4D2,ELCINDWE03,2038,239.60654131000004
GLOBAL,S4D3,ELCINDWE03,2038,64.67786085
GLOBAL,S4D4,ELCINDWE03,2038,39.095903850000006
GLOBAL,S4D5,ELCINDWE03,2038,39.03658337
GLOBAL,S1D1,ELCINDWE03,2039,220.801178
GLOBAL,S1D2,ELCINDWE03,2039,517.4820430000001
GLOBAL,S1D3,ELCINDWE03,2039,135.377749
GLOBAL,S1D4,ELCINDWE03,2039,80.0541105
GLOBAL,S1D5,ELCINDWE03,2039,76.65829599999999
GLOBAL,S2D1,ELCINDWE03,2039,288.224092
GLOBAL,S2D2,ELCINDWE03,2039,571.2099185
GLOBAL,S2D3,ELCINDWE03,2039,153.8832035
GLOBAL,S2D4,ELCINDWE03,2039,98.682909
GLOBAL,S2D5,ELCINDWE03,2039,99.484645
GLOBAL,S3D1,ELCINDWE03,2039,262.1869445
GLOBAL,S3D2,ELCINDWE03,2039,511.11440899999997
GLOBAL,S3D3,ELCINDWE03,2039,140.434853
GLOBAL,S3D4,ELCINDWE03,2039,92.2805845
GLOBAL,S3D5,ELCINDWE03,2039,91.7178275
GLOBAL,S4D1,ELCINDWE03,2039,117.32712550000001
GLOBAL,S4D2,ELCINDWE03,2039,249.10477150000003
GLOBAL,S4D3,ELCINDWE03,2039,67.24175249999999
GLOBAL,S4D4,ELCINDWE03,2039,40.6457025
GLOBAL,S4D5,ELCINDWE03,2039,40.5840305
GLOBAL,S1D1,ELCINDWE03,2040,229.22015019600002
GLOBAL,S1D2,ELCINDWE03,2040,537.213219126
GLOBAL,S1D3,ELCINDWE03,2040,140.539594218
GLOBAL,S1D4,ELCINDWE03,2040,83.106509661
GLOBAL,S1D5,ELCINDWE03,2040,79.581215472
GLOBAL,S2D1,ELCINDWE03,2040,299.21384594399996
GLOBAL,S2D2,ELCINDWE03,2040,592.989695517
GLOBAL,S2D3,ELCINDWE03,2040,159.75064688700002
GLOBAL,S2D4,ELCINDWE03,2040,102.445609338
GLOBAL,S2D5,ELCINDWE03,2040,103.27791489
GLOBAL,S3D1,ELCINDWE03,2040,272.183922849
GLOBAL,S3D2,ELCINDWE03,2040,530.602792338
GLOBAL,S3D3,ELCINDWE03,2040,145.789521546
GLOBAL,S3D4,ELCINDWE03,2040,95.79916932900001
GLOBAL,S3D5,ELCINDWE03,2040,95.214954855
GLOBAL,S4D1,ELCINDWE03,2040,121.800714891
GLOBAL,S4D2,ELCINDWE03,2040,258.602937063
GLOBAL,S4D3,ELCINDWE03,2040,69.805626705
GLOBAL,S4D4,ELCINDWE03,2040,42.195490605
GLOBAL,S4D5,ELCINDWE03,2040,42.131467101
GLOBAL,S1D1,ELCINDWE03,2041,237.63912239200002
GLOBAL,S1D2,ELCINDWE03,2041,556.944395252
GLOBAL,S1D3,ELCINDWE03,2041,145.70143943600002
GLOBAL,S1D4,ELCINDWE03,2041,86.158908822
GLOBAL,S1D5,ELCINDWE03,2041,82.504134944
GLOBAL,S2D1,ELCINDWE03,2041,310.203599888
GLOBAL,S2D2,ELCINDWE03,2041,614.769472534
GLOBAL,S2D3,ELCINDWE03,2041,165.618090274
GLOBAL,S2D4,ELCINDWE03,2041,106.208309676
GLOBAL,S2D5,ELCINDWE03,2041,107.07118478
GLOBAL,S3D1,ELCINDWE03,2041,282.180901198
GLOBAL,S3D2,ELCINDWE03,2041,550.091175676
GLOBAL,S3D3,ELCINDWE03,2041,151.144190092
GLOBAL,S3D4,ELCINDWE03,2041,99.317754158
GLOBAL,S3D5,ELCINDWE03,2041,98.71208221
GLOBAL,S4D1,ELCINDWE03,2041,126.274304282
GLOBAL,S4D2,ELCINDWE03,2041,268.101102626
GLOBAL,S4D3,ELCINDWE03,2041,72.36950091
GLOBAL,S4D4,ELCINDWE03,2041,43.74527871
GLOBAL,S4D5,ELCINDWE03,2041,43.678903702
GLOBAL,S1D1,ELCINDWE03,2042,247.08851918000002
GLOBAL,S1D2,ELCINDWE03,2042,579.0905323300001
GLOBAL,S1D3,ELCINDWE03,2042,151.49505919
GLOBAL,S1D4,ELCINDWE03,2042,89.584900755
GLOBAL,S1D5,ELCINDWE03,2042,85.78479976000001
GLOBAL,S2D1,ELCINDWE03,2042,322.53842452000004
GLOBAL,S2D2,ELCINDWE03,2042,639.2149452350001
GLOBAL,S2D3,ELCINDWE03,2042,172.20366858500003
GLOBAL,S2D4,ELCINDWE03,2042,110.43153879
GLOBAL,S2D5,ELCINDWE03,2042,111.32872495000001
GLOBAL,S3D1,ELCINDWE03,2042,293.40144129500004
GLOBAL,S3D2,ELCINDWE03,2042,571.96480379
GLOBAL,S3D3,ELCINDWE03,2042,157.15423343000003
GLOBAL,S3D4,ELCINDWE03,2042,103.266989695
GLOBAL,S3D5,ELCINDWE03,2042,102.63723402500001
GLOBAL,S4D1,ELCINDWE03,2042,131.29543040500002
GLOBAL,S4D2,ELCINDWE03,2042,278.76177866500007
GLOBAL,S4D3,ELCINDWE03,2042,75.247175775
GLOBAL,S4D4,ELCINDWE03,2042,45.48475027500001
GLOBAL,S4D5,ELCINDWE03,2042,45.415735955
GLOBAL,S1D1,ELCINDWE03,2043,256.913641724
GLOBAL,S1D2,ELCINDWE03,2043,602.1172413940001
GLOBAL,S1D3,ELCINDWE03,2043,157.519044142
GLOBAL,S1D4,ELCINDWE03,2043,93.147116559
GLOBAL,S1D5,ELCINDWE03,2043,89.195909968
GLOBAL,S2D1,ELCINDWE03,2043,335.363704936
GLOBAL,S2D2,ELCINDWE03,2043,664.632415823
GLOBAL,S2D3,ELCINDWE03,2043,179.051101853
GLOBAL,S2D4,ELCINDWE03,2043,114.822691422
GLOBAL,S2D5,ELCINDWE03,2043,115.75555291
GLOBAL,S3D1,ELCINDWE03,2043,305.068131131
GLOBAL,S3D2,ELCINDWE03,2043,594.708168422
GLOBAL,S3D3,ELCINDWE03,2043,163.40324737400002
GLOBAL,S3D4,ELCINDWE03,2043,107.373254251
GLOBAL,S3D5,ELCINDWE03,2043,106.718457245
GLOBAL,S4D1,ELCINDWE03,2043,136.516205929
GLOBAL,S4D2,ELCINDWE03,2043,289.846343197
GLOBAL,S4D3,ELCINDWE03,2043,78.239272395
GLOBAL,S4D4,ELCINDWE03,2043,47.293386495
GLOBAL,S4D5,ELCINDWE03,2043,47.221627919
GLOBAL,S1D1,ELCINDWE03,2044,267.129441148
GLOBAL,S1D2,ELCINDWE03,2044,626.0595627380001
GLOBAL,S1D3,ELCINDWE03,2044,163.78256113400002
GLOBAL,S1D4,ELCINDWE03,2044,96.850976943
GLOBAL,S1D5,ELCINDWE03,2044,92.74265633600001
GLOBAL,S2D1,ELCINDWE03,2044,348.698957672
GLOBAL,S2D2,ELCINDWE03,2044,691.060562671
GLOBAL,S2D3,ELCINDWE03,2044,186.17080998100002
GLOBAL,S2D4,ELCINDWE03,2044,119.388449694
GLOBAL,S2D5,ELCINDWE03,2044,120.35840507
GLOBAL,S3D1,ELCINDWE03,2044,317.19872418700004
GLOBAL,S3D2,ELCINDWE03,2044,618.355878694
GLOBAL,S3D3,ELCINDWE03,2044,169.90074119800002
GLOBAL,S3D4,ELCINDWE03,2044,111.64279642700001
GLOBAL,S3D5,ELCINDWE03,2044,110.961962365
GLOBAL,S4D1,ELCINDWE03,2044,141.944575433
GLOBAL,S4D2,ELCINDWE03,2044,301.37166386900003
GLOBAL,S4D3,ELCINDWE03,2044,81.350343915
GLOBAL,S4D4,ELCINDWE03,2044,49.17393961500001
GLOBAL,S4D5,ELCINDWE03,2044,49.099327663000004
GLOBAL,S1D1,ELCINDWE03,2045,277.75144141600003
GLOBAL,S1D2,ELCINDWE03,2045,650.953879196
GLOBAL,S1D3,ELCINDWE03,2045,170.295128228
GLOBAL,S1D4,ELCINDWE03,2045,100.702110306
GLOBAL,S1D5,ELCINDWE03,2045,96.43042851199999
GLOBAL,S2D1,ELCINDWE03,2045,362.564447024
GLOBAL,S2D2,ELCINDWE03,2045,718.5395460819999
GLOBAL,S2D3,ELCINDWE03,2045,193.573612102
GLOBAL,S2D4,ELCINDWE03,2045,124.135751748
GLOBAL,S2D5,ELCINDWE03,2045,125.14427594
GLOBAL,S3D1,ELCINDWE03,2045,329.811654154
GLOBAL,S3D2,ELCINDWE03,2045,642.943869748
GLOBAL,S3D3,ELCINDWE03,2045,176.656588516
GLOBAL,S3D4,ELCINDWE03,2045,116.082104234
GLOBAL,S3D5,ELCINDWE03,2045,115.37419783
GLOBAL,S4D1,ELCINDWE03,2045,147.588787886
GLOBAL,S4D2,ELCINDWE03,2045,313.35525459800004
GLOBAL,S4D3,ELCINDWE03,2045,84.58511793
GLOBAL,S4D4,ELCINDWE03,2045,51.129267330000005
GLOBAL,S4D5,ELCINDWE03,2045,51.051688546
GLOBAL,S1D1,ELCINDWE03,2046,288.79585390000005
GLOBAL,S1D2,ELCINDWE03,2046,676.8381846500001
GLOBAL,S1D3,ELCINDWE03,2046,177.06668495000002
GLOBAL,S1D4,ELCINDWE03,2046,104.70639427500001
GLOBAL,S1D5,ELCINDWE03,2046,100.26485480000001
GLOBAL,S2D1,ELCINDWE03,2046,376.9813346
GLOBAL,S2D2,ELCINDWE03,2046,747.111304675
GLOBAL,S2D3,ELCINDWE03,2046,201.27080642500002
GLOBAL,S2D4,ELCINDWE03,2046,129.07184295000002
GLOBAL,S2D5,ELCINDWE03,2046,130.12046975
GLOBAL,S3D1,ELCINDWE03,2046,342.926170975
GLOBAL,S3D2,ELCINDWE03,2046,668.50966795
GLOBAL,S3D3,ELCINDWE03,2046,183.68110015000002
GLOBAL,S3D4,ELCINDWE03,2046,120.697952975
GLOBAL,S3D5,ELCINDWE03,2046,119.961897625
GLOBAL,S4D1,ELCINDWE03,2046,153.45745752500002
GLOBAL,S4D2,ELCINDWE03,2046,325.81540482500003
GLOBAL,S4D3,ELCINDWE03,2046,87.948531375
GLOBAL,S4D4,ELCINDWE03,2046,53.16235387500001
GLOBAL,S4D5,ELCINDWE03,2046,53.08169027500001
GLOBAL,S1D1,ELCINDWE03,2047,300.279405528
GLOBAL,S1D2,ELCINDWE03,2047,703.7516812680001
GLOBAL,S1D3,ELCINDWE03,2047,184.107486924
GLOBAL,S1D4,ELCINDWE03,2047,108.869893398
GLOBAL,S1D5,ELCINDWE03,2047,104.25174249599999
GLOBAL,S2D1,ELCINDWE03,2047,391.97145499199996
GLOBAL,S2D2,ELCINDWE03,2047,776.8191108059999
GLOBAL,S2D3,ELCINDWE03,2047,209.274050466
GLOBAL,S2D4,ELCINDWE03,2047,134.204199084
GLOBAL,S2D5,ELCINDWE03,2047,135.29452301999999
GLOBAL,S3D1,ELCINDWE03,2047,356.562136782
GLOBAL,S3D2,ELCINDWE03,2047,695.091993084
GLOBAL,S3D3,ELCINDWE03,2047,190.984914828
GLOBAL,S3D4,ELCINDWE03,2047,125.497333422
GLOBAL,S3D5,ELCINDWE03,2047,124.73200989
GLOBAL,S4D1,ELCINDWE03,2047,159.559472538
GLOBAL,S4D2,ELCINDWE03,2047,338.770985634
GLOBAL,S4D3,ELCINDWE03,2047,91.44567819
GLOBAL,S4D4,ELCINDWE03,2047,55.27627839
GLOBAL,S4D5,ELCINDWE03,2047,55.192407318
GLOBAL,S1D1,ELCINDWE03,2048,312.21956792000003
GLOBAL,S1D2,ELCINDWE03,2048,731.7353165200001
GLOBAL,S1D3,ELCINDWE03,2048,191.42824636
GLOBAL,S1D4,ELCINDWE03,2048,113.19894221999999
GLOBAL,S1D5,ELCINDWE03,2048,108.39715744
GLOBAL,S2D1,ELCINDWE03,2048,407.55761487999996
GLOBAL,S2D2,ELCINDWE03,2048,807.7081633399999
GLOBAL,S2D3,ELCINDWE03,2048,217.59552074
GLOBAL,S2D4,ELCINDWE03,2048,139.54062876
GLOBAL,S2D5,ELCINDWE03,2048,140.6743078
GLOBAL,S3D1,ELCINDWE03,2048,370.74029798
GLOBAL,S3D2,ELCINDWE03,2048,722.73128876
GLOBAL,S3D3,ELCINDWE03,2048,198.57914492
GLOBAL,S3D4,ELCINDWE03,2048,130.48754758
GLOBAL,S3D5,ELCINDWE03,2048,129.69179210000001
GLOBAL,S4D1,ELCINDWE03,2048,165.90411682
GLOBAL,S4D2,ELCINDWE03,2048,352.24170826000005
GLOBAL,S4D3,ELCINDWE03,2048,95.0818791
GLOBAL,S4D4,ELCINDWE03,2048,57.4742571
GLOBAL,S4D5,ELCINDWE03,2048,57.38705102
GLOBAL,S1D1,ELCINDWE03,2049,324.634557388
GLOBAL,S1D2,ELCINDWE03,2049,760.831783178
GLOBAL,S1D3,ELCINDWE03,2049,199.040132054
GLOBAL,S1D4,ELCINDWE03,2049,117.700145283
GLOBAL,S1D5,ELCINDWE03,2049,112.70742401599999
GLOBAL,S2D1,ELCINDWE03,2049,423.76359303199996
GLOBAL,S2D2,ELCINDWE03,2049,839.825587651
GLOBAL,S2D3,ELCINDWE03,2049,226.247912761
GLOBAL,S2D4,ELCINDWE03,2049,145.089273414
GLOBAL,S2D5,ELCINDWE03,2049,146.26803167
GLOBAL,S3D1,ELCINDWE03,2049,385.482285247
GLOBAL,S3D2,ELCINDWE03,2049,751.469722414
GLOBAL,S3D3,ELCINDWE03,2049,206.475376438
GLOBAL,S3D4,ELCINDWE03,2049,135.676208687
GLOBAL,S3D5,ELCINDWE03,2049,134.848811065
GLOBAL,S4D1,ELCINDWE03,2049,172.501069973
GLOBAL,S4D2,ELCINDWE03,2049,366.24812408900004
GLOBAL,S4D3,ELCINDWE03,2049,98.86268161499999
GLOBAL,S4D4,ELCINDWE03,2049,59.759643315000005
GLOBAL,S4D5,ELCINDWE03,2049,59.668969603
GLOBAL,S1D1,ELCINDWE03,2050,337.543163084
GLOBAL,S1D2,ELCINDWE03,2050,791.085116554
GLOBAL,S1D3,ELCINDWE03,2050,206.954664022
GLOBAL,S1D4,ELCINDWE03,2050,122.38031481899999
GLOBAL,S1D5,ELCINDWE03,2050,117.189065488
GLOBAL,S2D1,ELCINDWE03,2050,440.613915976
GLOBAL,S2D2,ELCINDWE03,2050,873.2199910429999
GLOBAL,S2D3,ELCINDWE03,2050,235.244321273
GLOBAL,S2D4,ELCINDWE03,2050,150.858530502
GLOBAL,S2D5,ELCINDWE03,2050,152.08416031
GLOBAL,S3D1,ELCINDWE03,2050,400.810409471
GLOBAL,S3D2,ELCINDWE03,2050,781.350787502
GLOBAL,S3D3,ELCINDWE03,2050,214.685559734
GLOBAL,S3D4,ELCINDWE03,2050,141.071169391
GLOBAL,S3D5,ELCINDWE03,2050,140.210871545
GLOBAL,S4D1,ELCINDWE03,2050,179.36031598900001
GLOBAL,S4D2,ELCINDWE03,2050,380.811430777
GLOBAL,S4D3,ELCINDWE03,2050,102.793807695
GLOBAL,S4D4,ELCINDWE03,2050,62.135895795
GLOBAL,S4D5,ELCINDWE03,2050,62.041616579
GLOBAL,S1D1,ELCLKAXX03,2023,2.816653094
GLOBAL,S1D2,ELCLKAXX03,2023,6.560097259999999
GLOBAL,S1D3,ELCLKAXX03,2023,1.9890569279999997
GLOBAL,S1D4,ELCLKAXX03,2023,1.2178712059999999
GLOBAL,S1D5,ELCLKAXX03,2023,1.050714612
GLOBAL,S2D1,ELCLKAXX03,2023,2.978763028
GLOBAL,S2D2,ELCLKAXX03,2023,6.660806164
GLOBAL,S2D3,ELCLKAXX03,2023,2.174045054
GLOBAL,S2D4,ELCLKAXX03,2023,1.357944058
GLOBAL,S2D5,ELCLKAXX03,2023,1.112283864
GLOBAL,S3D1,ELCLKAXX03,2023,4.013272253999999
GLOBAL,S3D2,ELCLKAXX03,2023,8.951541212
GLOBAL,S3D3,ELCLKAXX03,2023,2.92257688
GLOBAL,S3D4,ELCLKAXX03,2023,1.824031146
GLOBAL,S3D5,ELCLKAXX03,2023,1.499082316
GLOBAL,S4D1,ELCLKAXX03,2023,1.801433324
GLOBAL,S4D2,ELCLKAXX03,2023,4.229886116
GLOBAL,S4D3,ELCLKAXX03,2023,1.418447904
GLOBAL,S4D4,ELCLKAXX03,2023,0.829951274
GLOBAL,S4D5,ELCLKAXX03,2023,0.665486232
GLOBAL,S1D1,ELCLKAXX03,2024,3.038322497
GLOBAL,S1D2,ELCLKAXX03,2024,7.07637413
GLOBAL,S1D3,ELCLKAXX03,2024,2.145594864
GLOBAL,S1D4,ELCLKAXX03,2024,1.313717153
GLOBAL,S1D5,ELCLKAXX03,2024,1.133405406
GLOBAL,S2D1,ELCLKAXX03,2024,3.213190414
GLOBAL,S2D2,ELCLKAXX03,2024,7.185008782000001
GLOBAL,S2D3,ELCLKAXX03,2024,2.345141477
GLOBAL,S2D4,ELCLKAXX03,2024,1.464813679
GLOBAL,S2D5,ELCLKAXX03,2024,1.199820132
GLOBAL,S3D1,ELCLKAXX03,2024,4.329115077
GLOBAL,S3D2,ELCLKAXX03,2024,9.656023706000001
GLOBAL,S3D3,ELCLKAXX03,2024,3.15258244
GLOBAL,S3D4,ELCLKAXX03,2024,1.9675816230000003
GLOBAL,S3D5,ELCLKAXX03,2024,1.6170594580000002
GLOBAL,S4D1,ELCLKAXX03,2024,1.9432053620000003
GLOBAL,S4D2,ELCLKAXX03,2024,4.562776358
GLOBAL,S4D3,ELCLKAXX03,2024,1.5300791519999999
GLOBAL,S4D4,ELCLKAXX03,2024,0.895268087
GLOBAL,S4D5,ELCLKAXX03,2024,0.717859716
GLOBAL,S1D1,ELCLKAXX03,2025,3.20524011
GLOBAL,S1D2,ELCLKAXX03,2025,7.4651319
GLOBAL,S1D3,ELCLKAXX03,2025,2.26346832
GLOBAL,S1D4,ELCLKAXX03,2025,1.38588939
GLOBAL,S1D5,ELCLKAXX03,2025,1.19567178
GLOBAL,S2D1,ELCLKAXX03,2025,3.3897148200000005
GLOBAL,S2D2,ELCLKAXX03,2025,7.579734660000001
GLOBAL,S2D3,ELCLKAXX03,2025,2.47397751
GLOBAL,S2D4,ELCLKAXX03,2025,1.54528677
GLOBAL,S2D5,ELCLKAXX03,2025,1.26573516
GLOBAL,S3D1,ELCLKAXX03,2025,4.56694551
GLOBAL,S3D2,ELCLKAXX03,2025,10.186500780000001
GLOBAL,S3D3,ELCLKAXX03,2025,3.3257772
GLOBAL,S3D4,ELCLKAXX03,2025,2.07567549
GLOBAL,S3D5,ELCLKAXX03,2025,1.7058965400000001
GLOBAL,S4D1,ELCLKAXX03,2025,2.04996006
GLOBAL,S4D2,ELCLKAXX03,2025,4.813443540000001
GLOBAL,S4D3,ELCLKAXX03,2025,1.61413776
GLOBAL,S4D4,ELCLKAXX03,2025,0.94445181
GLOBAL,S4D5,ELCLKAXX03,2025,0.7572970800000001
GLOBAL,S1D1,ELCLKAXX03,2026,3.3725093399999997
GLOBAL,S1D2,ELCLKAXX03,2026,7.8547085999999995
GLOBAL,S1D3,ELCLKAXX03,2026,2.3815900799999996
GLOBAL,S1D4,ELCLKAXX03,2026,1.45821366
GLOBAL,S1D5,ELCLKAXX03,2026,1.2580693200000002
GLOBAL,S2D1,ELCLKAXX03,2026,3.5666110800000004
GLOBAL,S2D2,ELCLKAXX03,2026,7.97529204
GLOBAL,S2D3,ELCLKAXX03,2026,2.60308494
GLOBAL,S2D4,ELCLKAXX03,2026,1.6259293799999999
GLOBAL,S2D5,ELCLKAXX03,2026,1.3317890399999999
GLOBAL,S3D1,ELCLKAXX03,2026,4.80527694
GLOBAL,S3D2,ELCLKAXX03,2026,10.71809532
GLOBAL,S3D3,ELCLKAXX03,2026,3.4993368
GLOBAL,S3D4,ELCLKAXX03,2026,2.1839970600000003
GLOBAL,S3D5,ELCLKAXX03,2026,1.7949207600000001
GLOBAL,S4D1,ELCLKAXX03,2026,2.15693964
GLOBAL,S4D2,ELCLKAXX03,2026,5.06463876
GLOBAL,S4D3,ELCLKAXX03,2026,1.69837344
GLOBAL,S4D4,ELCLKAXX03,2026,0.99373914
GLOBAL,S4D5,ELCLKAXX03,2026,0.7968175200000001
GLOBAL,S1D1,ELCLKAXX03,2027,3.549724308
GLOBAL,S1D2,ELCLKAXX03,2027,8.26744932
GLOBAL,S1D3,ELCLKAXX03,2027,2.506735296
GLOBAL,S1D4,ELCLKAXX03,2027,1.534838292
GLOBAL,S1D5,ELCLKAXX03,2027,1.3241769840000002
GLOBAL,S2D1,ELCLKAXX03,2027,3.7540254960000006
GLOBAL,S2D2,ELCLKAXX03,2027,8.394369048000001
GLOBAL,S2D3,ELCLKAXX03,2027,2.739869028
GLOBAL,S2D4,ELCLKAXX03,2027,1.711366956
GLOBAL,S2D5,ELCLKAXX03,2027,1.4017704480000002
GLOBAL,S3D1,ELCLKAXX03,2027,5.057779428
GLOBAL,S3D2,ELCLKAXX03,2027,11.281298184
GLOBAL,S3D3,ELCLKAXX03,2027,3.68321616
GLOBAL,S3D4,ELCLKAXX03,2027,2.2987593720000006
GLOBAL,S3D5,ELCLKAXX03,2027,1.8892383120000003
GLOBAL,S4D1,ELCLKAXX03,2027,2.270280168
GLOBAL,S4D2,ELCLKAXX03,2027,5.330769912000001
GLOBAL,S4D3,ELCLKAXX03,2027,1.787617728
GLOBAL,S4D4,ELCLKAXX03,2027,1.045957068
GLOBAL,S4D5,ELCLKAXX03,2027,0.8386878240000001
GLOBAL,S1D1,ELCLKAXX03,2028,3.7363324729999996
GLOBAL,S1D2,ELCLKAXX03,2028,8.70206717
GLOBAL,S1D3,ELCLKAXX03,2028,2.6385137759999995
GLOBAL,S1D4,ELCLKAXX03,2028,1.6155243769999998
GLOBAL,S1D5,ELCLKAXX03,2028,1.393788654
GLOBAL,S2D1,ELCLKAXX03,2028,3.951373726
GLOBAL,S2D2,ELCLKAXX03,2028,8.835659038
GLOBAL,S2D3,ELCLKAXX03,2028,2.883903293
GLOBAL,S2D4,ELCLKAXX03,2028,1.8013331109999997
GLOBAL,S2D5,ELCLKAXX03,2028,1.475461188
GLOBAL,S3D1,ELCLKAXX03,2028,5.323665693
GLOBAL,S3D2,ELCLKAXX03,2028,11.874353354
GLOBAL,S3D3,ELCLKAXX03,2028,3.8768419599999997
GLOBAL,S3D4,ELCLKAXX03,2028,2.419604607
GLOBAL,S3D5,ELCLKAXX03,2028,1.988555122
GLOBAL,S4D1,ELCLKAXX03,2028,2.389628258
GLOBAL,S4D2,ELCLKAXX03,2028,5.611007222
GLOBAL,S4D3,ELCLKAXX03,2028,1.8815923679999997
GLOBAL,S4D4,ELCLKAXX03,2028,1.100942783
GLOBAL,S4D5,ELCLKAXX03,2028,0.8827774439999999
GLOBAL,S1D1,ELCLKAXX03,2029,3.9330872999999995
GLOBAL,S1D2,ELCLKAXX03,2029,9.160317
GLOBAL,S1D3,ELCLKAXX03,2029,2.7774575999999995
GLOBAL,S1D4,ELCLKAXX03,2029,1.7005976999999999
GLOBAL,S1D5,ELCLKAXX03,2029,1.4671854
GLOBAL,S2D1,ELCLKAXX03,2029,4.1594526
GLOBAL,S2D2,ELCLKAXX03,2029,9.3009438
GLOBAL,S2D3,ELCLKAXX03,2029,3.0357692999999997
GLOBAL,S2D4,ELCLKAXX03,2029,1.8961910999999998
GLOBAL,S2D5,ELCLKAXX03,2029,1.5531587999999998
GLOBAL,S3D1,ELCLKAXX03,2029,5.6040092999999995
GLOBAL,S3D2,ELCLKAXX03,2029,12.4996554
GLOBAL,S3D3,ELCLKAXX03,2029,4.080996
GLOBAL,S3D4,ELCLKAXX03,2029,2.5470207
GLOBAL,S3D5,ELCLKAXX03,2029,2.0932722
GLOBAL,S4D1,ELCLKAXX03,2029,2.5154658
GLOBAL,S4D2,ELCLKAXX03,2029,5.9064822
GLOBAL,S4D3,ELCLKAXX03,2029,1.9806768
GLOBAL,S4D4,ELCLKAXX03,2029,1.1589182999999998
GLOBAL,S4D5,ELCLKAXX03,2029,0.9292644
GLOBAL,S1D1,ELCLKAXX03,2030,4.145916047
GLOBAL,S1D2,ELCLKAXX03,2030,9.65600363
GLOBAL,S1D3,ELCLKAXX03,2030,2.927752464
GLOBAL,S1D4,ELCLKAXX03,2030,1.792621103
GLOBAL,S1D5,ELCLKAXX03,2030,1.5465783060000002
GLOBAL,S2D1,ELCLKAXX03,2030,4.384530514000001
GLOBAL,S2D2,ELCLKAXX03,2030,9.804240082000002
GLOBAL,S2D3,ELCLKAXX03,2030,3.2000420270000003
GLOBAL,S2D4,ELCLKAXX03,2030,1.998798529
GLOBAL,S2D5,ELCLKAXX03,2030,1.637203932
GLOBAL,S3D1,ELCLKAXX03,2030,5.9072556270000005
GLOBAL,S3D2,ELCLKAXX03,2030,13.176041606000002
GLOBAL,S3D3,ELCLKAXX03,2030,4.30182844
GLOBAL,S3D4,ELCLKAXX03,2030,2.6848460730000006
GLOBAL,S3D5,ELCLKAXX03,2030,2.2065441580000003
GLOBAL,S4D1,ELCLKAXX03,2030,2.651583662
GLOBAL,S4D2,ELCLKAXX03,2030,6.226096058
GLOBAL,S4D3,ELCLKAXX03,2030,2.087855952
GLOBAL,S4D4,ELCLKAXX03,2030,1.221630137
GLOBAL,S4D5,ELCLKAXX03,2030,0.979549116
GLOBAL,S1D1,ELCLKAXX03,2031,4.344680114
GLOBAL,S1D2,ELCLKAXX03,2031,10.11893306
GLOBAL,S1D3,ELCLKAXX03,2031,3.068115168
GLOBAL,S1D4,ELCLKAXX03,2031,1.8785631859999998
GLOBAL,S1D5,ELCLKAXX03,2031,1.620724572
GLOBAL,S2D1,ELCLKAXX03,2031,4.594734268
GLOBAL,S2D2,ELCLKAXX03,2031,10.274276284
GLOBAL,S2D3,ELCLKAXX03,2031,3.353458874
GLOBAL,S2D4,ELCLKAXX03,2031,2.0946251979999997
GLOBAL,S2D5,ELCLKAXX03,2031,1.715694984
GLOBAL,S3D1,ELCLKAXX03,2031,6.190462074
GLOBAL,S3D2,ELCLKAXX03,2031,13.807729172
GLOBAL,S3D3,ELCLKAXX03,2031,4.50806728
GLOBAL,S3D4,ELCLKAXX03,2031,2.813563326
GLOBAL,S3D5,ELCLKAXX03,2031,2.3123305960000002
GLOBAL,S4D1,ELCLKAXX03,2031,2.7787062440000003
GLOBAL,S4D2,ELCLKAXX03,2031,6.524588396
GLOBAL,S4D3,ELCLKAXX03,2031,2.187952224
GLOBAL,S4D4,ELCLKAXX03,2031,1.280197694
GLOBAL,S4D5,ELCLKAXX03,2031,1.026510792
GLOBAL,S1D1,ELCLKAXX03,2032,4.552234606
GLOBAL,S1D2,ELCLKAXX03,2032,10.602335740000001
GLOBAL,S1D3,ELCLKAXX03,2032,3.2146854719999998
GLOBAL,S1D4,ELCLKAXX03,2032,1.968306094
GLOBAL,S1D5,ELCLKAXX03,2032,1.6981499880000002
GLOBAL,S2D1,ELCLKAXX03,2032,4.8142343720000005
GLOBAL,S2D2,ELCLKAXX03,2032,10.765100036000002
GLOBAL,S2D3,ELCLKAXX03,2032,3.5136606460000004
GLOBAL,S2D4,ELCLKAXX03,2032,2.194689842
GLOBAL,S2D5,ELCLKAXX03,2032,1.797657336
GLOBAL,S3D1,ELCLKAXX03,2032,6.486193446
GLOBAL,S3D2,ELCLKAXX03,2032,14.467353388000001
GLOBAL,S3D3,ELCLKAXX03,2032,4.72342712
GLOBAL,S3D4,ELCLKAXX03,2032,2.9479731540000005
GLOBAL,S3D5,ELCLKAXX03,2032,2.4227954840000003
GLOBAL,S4D1,ELCLKAXX03,2032,2.9114508760000004
GLOBAL,S4D2,ELCLKAXX03,2032,6.836281684
GLOBAL,S4D3,ELCLKAXX03,2032,2.292475296
GLOBAL,S4D4,ELCLKAXX03,2032,1.341355426
GLOBAL,S4D5,ELCLKAXX03,2032,1.0755493680000001
GLOBAL,S1D1,ELCLKAXX03,2033,4.768328368
GLOBAL,S1D2,ELCLKAXX03,2033,11.10562672
GLOBAL,S1D3,ELCLKAXX03,2033,3.3672860159999995
GLOBAL,S1D4,ELCLKAXX03,2033,2.0617412319999997
GLOBAL,S1D5,ELCLKAXX03,2033,1.778760864
GLOBAL,S2D1,ELCLKAXX03,2033,5.042765216
GLOBAL,S2D2,ELCLKAXX03,2033,11.276117408
GLOBAL,S2D3,ELCLKAXX03,2033,3.680453488
GLOBAL,S2D4,ELCLKAXX03,2033,2.2988713759999997
GLOBAL,S2D5,ELCLKAXX03,2033,1.8829918079999999
GLOBAL,S3D1,ELCLKAXX03,2033,6.794091888
GLOBAL,S3D2,ELCLKAXX03,2033,15.154116064
GLOBAL,S3D3,ELCLKAXX03,2033,4.9476473599999995
GLOBAL,S3D4,ELCLKAXX03,2033,3.087912912
GLOBAL,S3D5,ELCLKAXX03,2033,2.537805152
GLOBAL,S4D1,ELCLKAXX03,2033,3.049656928
GLOBAL,S4D2,ELCLKAXX03,2033,7.160798752
GLOBAL,S4D3,ELCLKAXX03,2033,2.401298688
GLOBAL,S4D4,ELCLKAXX03,2033,1.405029328
GLOBAL,S4D5,ELCLKAXX03,2033,1.126605504
GLOBAL,S1D1,ELCLKAXX03,2034,4.995272025999999
GLOBAL,S1D2,ELCLKAXX03,2034,11.63418754
GLOBAL,S1D3,ELCLKAXX03,2034,3.5275485119999996
GLOBAL,S1D4,ELCLKAXX03,2034,2.159867674
GLOBAL,S1D5,ELCLKAXX03,2034,1.863419148
GLOBAL,S2D1,ELCLKAXX03,2034,5.2827704120000005
GLOBAL,S2D2,ELCLKAXX03,2034,11.812792556
GLOBAL,S2D3,ELCLKAXX03,2034,3.8556208659999998
GLOBAL,S2D4,ELCLKAXX03,2034,2.408283782
GLOBAL,S2D5,ELCLKAXX03,2034,1.972610856
GLOBAL,S3D1,ELCLKAXX03,2034,7.117449666
GLOBAL,S3D2,ELCLKAXX03,2034,15.875360548
GLOBAL,S3D3,ELCLKAXX03,2034,5.18312552
GLOBAL,S3D4,ELCLKAXX03,2034,3.234878934
GLOBAL,S3D5,ELCLKAXX03,2034,2.658589364
GLOBAL,S4D1,ELCLKAXX03,2034,3.194802196
GLOBAL,S4D2,ELCLKAXX03,2034,7.501609564
GLOBAL,S4D3,ELCLKAXX03,2034,2.515586016
GLOBAL,S4D4,ELCLKAXX03,2034,1.471900246
GLOBAL,S4D5,ELCLKAXX03,2034,1.180225128
GLOBAL,S1D1,ELCLKAXX03,2035,5.23708406
GLOBAL,S1D2,ELCLKAXX03,2035,12.1973774
GLOBAL,S1D3,ELCLKAXX03,2035,3.69831072
GLOBAL,S1D4,ELCLKAXX03,2035,2.2644229399999998
GLOBAL,S1D5,ELCLKAXX03,2035,1.9536238800000003
GLOBAL,S2D1,ELCLKAXX03,2035,5.538499720000001
GLOBAL,S2D2,ELCLKAXX03,2035,12.38462836
GLOBAL,S2D3,ELCLKAXX03,2035,4.04226446
GLOBAL,S2D4,ELCLKAXX03,2035,2.52486442
GLOBAL,S2D5,ELCLKAXX03,2035,2.06810136
GLOBAL,S3D1,ELCLKAXX03,2035,7.46199246
GLOBAL,S3D2,ELCLKAXX03,2035,16.643857880000002
GLOBAL,S3D3,ELCLKAXX03,2035,5.434031200000001
GLOBAL,S3D4,ELCLKAXX03,2035,3.3914735400000002
GLOBAL,S3D5,ELCLKAXX03,2035,2.78728684
GLOBAL,S4D1,ELCLKAXX03,2035,3.3494567600000003
GLOBAL,S4D2,ELCLKAXX03,2035,7.864748840000001
GLOBAL,S4D3,ELCLKAXX03,2035,2.63736096
GLOBAL,S4D4,ELCLKAXX03,2035,1.54315226
GLOBAL,S4D5,ELCLKAXX03,2035,1.2373576800000001
GLOBAL,S1D1,ELCLKAXX03,2036,5.49928988
GLOBAL,S1D2,ELCLKAXX03,2036,12.8080652
GLOBAL,S1D3,ELCLKAXX03,2036,3.88347456
GLOBAL,S1D4,ELCLKAXX03,2036,2.3777961199999997
GLOBAL,S1D5,ELCLKAXX03,2036,2.05143624
GLOBAL,S2D1,ELCLKAXX03,2036,5.815796560000001
GLOBAL,S2D2,ELCLKAXX03,2036,13.004691280000001
GLOBAL,S2D3,ELCLKAXX03,2036,4.24464908
GLOBAL,S2D4,ELCLKAXX03,2036,2.65127716
GLOBAL,S2D5,ELCLKAXX03,2036,2.17164528
GLOBAL,S3D1,ELCLKAXX03,2036,7.83559308
GLOBAL,S3D2,ELCLKAXX03,2036,17.47716824
GLOBAL,S3D3,ELCLKAXX03,2036,5.7060976000000005
GLOBAL,S3D4,ELCLKAXX03,2036,3.5612749200000002
GLOBAL,S3D5,ELCLKAXX03,2036,2.9268383200000003
GLOBAL,S4D1,ELCLKAXX03,2036,3.5171544800000003
GLOBAL,S4D2,ELCLKAXX03,2036,8.25851432
GLOBAL,S4D3,ELCLKAXX03,2036,2.76940608
GLOBAL,S4D4,ELCLKAXX03,2036,1.62041348
GLOBAL,S4D5,ELCLKAXX03,2036,1.29930864
GLOBAL,S1D1,ELCLKAXX03,2037,5.778122161
GLOBAL,S1D2,ELCLKAXX03,2037,13.45747669
GLOBAL,S1D3,ELCLKAXX03,2037,4.080379632
GLOBAL,S1D4,ELCLKAXX03,2037,2.498358289
GLOBAL,S1D5,ELCLKAXX03,2037,2.1554508780000003
GLOBAL,S2D1,ELCLKAXX03,2037,6.1106767820000005
GLOBAL,S2D2,ELCLKAXX03,2037,13.664072366000001
GLOBAL,S2D3,ELCLKAXX03,2037,4.459866901
GLOBAL,S2D4,ELCLKAXX03,2037,2.785705727
GLOBAL,S2D5,ELCLKAXX03,2037,2.281754916
GLOBAL,S3D1,ELCLKAXX03,2037,8.232883701
GLOBAL,S3D2,ELCLKAXX03,2037,18.363318778
GLOBAL,S3D3,ELCLKAXX03,2037,5.9954157200000004
GLOBAL,S3D4,ELCLKAXX03,2037,3.7418433990000004
GLOBAL,S3D5,ELCLKAXX03,2037,3.0752387540000004
GLOBAL,S4D1,ELCLKAXX03,2037,3.6954859060000005
GLOBAL,S4D2,ELCLKAXX03,2037,8.677248454
GLOBAL,S4D3,ELCLKAXX03,2037,2.909824176
GLOBAL,S4D4,ELCLKAXX03,2037,1.702573831
GLOBAL,S4D5,ELCLKAXX03,2037,1.365187908
GLOBAL,S1D1,ELCLKAXX03,2038,6.074836678
GLOBAL,S1D2,ELCLKAXX03,2038,14.14853662
GLOBAL,S1D3,ELCLKAXX03,2038,4.289912736
GLOBAL,S1D4,ELCLKAXX03,2038,2.626652422
GLOBAL,S1D5,ELCLKAXX03,2038,2.266136244
GLOBAL,S2D1,ELCLKAXX03,2038,6.424468436000001
GLOBAL,S2D2,ELCLKAXX03,2038,14.365741268
GLOBAL,S2D3,ELCLKAXX03,2038,4.688887198
GLOBAL,S2D4,ELCLKAXX03,2038,2.928755546
GLOBAL,S2D5,ELCLKAXX03,2038,2.398926168
GLOBAL,S3D1,ELCLKAXX03,2038,8.655653597999999
GLOBAL,S3D2,ELCLKAXX03,2038,19.306300444
GLOBAL,S3D3,ELCLKAXX03,2038,6.30328856
GLOBAL,S3D4,ELCLKAXX03,2038,3.933992202
GLOBAL,S3D5,ELCLKAXX03,2038,3.233156492
GLOBAL,S4D1,ELCLKAXX03,2038,3.885254188
GLOBAL,S4D2,ELCLKAXX03,2038,9.122837092000001
GLOBAL,S4D3,ELCLKAXX03,2038,3.059247648
GLOBAL,S4D4,ELCLKAXX03,2038,1.790003338
GLOBAL,S4D5,ELCLKAXX03,2038,1.4352921840000001
GLOBAL,S1D1,ELCLKAXX03,2039,6.37883469
GLOBAL,S1D2,ELCLKAXX03,2039,14.8565601
GLOBAL,S1D3,ELCLKAXX03,2039,4.504589279999999
GLOBAL,S1D4,ELCLKAXX03,2039,2.75809581
GLOBAL,S1D5,ELCLKAXX03,2039,2.37953862
GLOBAL,S2D1,ELCLKAXX03,2039,6.74596278
GLOBAL,S2D2,ELCLKAXX03,2039,15.08463414
GLOBAL,S2D3,ELCLKAXX03,2039,4.923529289999999
GLOBAL,S2D4,ELCLKAXX03,2039,3.07531683
GLOBAL,S2D5,ELCLKAXX03,2039,2.51897364
GLOBAL,S3D1,ELCLKAXX03,2039,9.08880129
GLOBAL,S3D2,ELCLKAXX03,2039,20.27242962
GLOBAL,S3D3,ELCLKAXX03,2039,6.6187188
GLOBAL,S3D4,ELCLKAXX03,2039,4.13085771
GLOBAL,S3D5,ELCLKAXX03,2039,3.39495066
GLOBAL,S4D1,ELCLKAXX03,2039,4.07968074
GLOBAL,S4D2,ELCLKAXX03,2039,9.57936366
GLOBAL,S4D3,ELCLKAXX03,2039,3.21233904
GLOBAL,S4D4,ELCLKAXX03,2039,1.87957899
GLOBAL,S4D5,ELCLKAXX03,2039,1.5071173199999999
GLOBAL,S1D1,ELCLKAXX03,2040,6.697650846999999
GLOBAL,S1D2,ELCLKAXX03,2040,15.599095629999999
GLOBAL,S1D3,ELCLKAXX03,2040,4.729730063999999
GLOBAL,S1D4,ELCLKAXX03,2040,2.8959463029999997
GLOBAL,S1D5,ELCLKAXX03,2040,2.498468706
GLOBAL,S2D1,ELCLKAXX03,2040,7.083128114
GLOBAL,S2D2,ELCLKAXX03,2040,15.838568881999999
GLOBAL,S2D3,ELCLKAXX03,2040,5.169608826999999
GLOBAL,S2D4,ELCLKAXX03,2040,3.2290221289999996
GLOBAL,S2D5,ELCLKAXX03,2040,2.6448727319999996
GLOBAL,S3D1,ELCLKAXX03,2040,9.543062426999999
GLOBAL,S3D2,ELCLKAXX03,2040,21.285652006
GLOBAL,S3D3,ELCLKAXX03,2040,6.949524439999999
GLOBAL,S3D4,ELCLKAXX03,2040,4.337319273
GLOBAL,S3D5,ELCLKAXX03,2040,3.5646313579999998
GLOBAL,S4D1,ELCLKAXX03,2040,4.283584462
GLOBAL,S4D2,ELCLKAXX03,2040,10.058143258
GLOBAL,S4D3,ELCLKAXX03,2040,3.3728927519999994
GLOBAL,S4D4,ELCLKAXX03,2040,1.9735209369999998
GLOBAL,S4D5,ELCLKAXX03,2040,1.5824435159999999
GLOBAL,S1D1,ELCLKAXX03,2041,7.032892541
GLOBAL,S1D2,ELCLKAXX03,2041,16.379886889999998
GLOBAL,S1D3,ELCLKAXX03,2041,4.966470191999999
GLOBAL,S1D4,ELCLKAXX03,2041,3.0408989089999996
GLOBAL,S1D5,ELCLKAXX03,2041,2.623526118
GLOBAL,S2D1,ELCLKAXX03,2041,7.437664342
GLOBAL,S2D2,ELCLKAXX03,2041,16.631346646
GLOBAL,S2D3,ELCLKAXX03,2041,5.428366480999999
GLOBAL,S2D4,ELCLKAXX03,2041,3.390646387
GLOBAL,S2D5,ELCLKAXX03,2041,2.777258196
GLOBAL,S3D1,ELCLKAXX03,2041,10.020727281
GLOBAL,S3D2,ELCLKAXX03,2041,22.351076018
GLOBAL,S3D3,ELCLKAXX03,2041,7.29737332
GLOBAL,S3D4,ELCLKAXX03,2041,4.554417819
GLOBAL,S3D5,ELCLKAXX03,2041,3.743054074
GLOBAL,S4D1,ELCLKAXX03,2041,4.497993386
GLOBAL,S4D2,ELCLKAXX03,2041,10.561589774
GLOBAL,S4D3,ELCLKAXX03,2041,3.541718256
GLOBAL,S4D4,ELCLKAXX03,2041,2.072302811
GLOBAL,S4D5,ELCLKAXX03,2041,1.661650548
GLOBAL,S1D1,ELCLKAXX03,2042,7.371951791
GLOBAL,S1D2,ELCLKAXX03,2042,17.16956939
GLOBAL,S1D3,ELCLKAXX03,2042,5.205906192
GLOBAL,S1D4,ELCLKAXX03,2042,3.1875021589999997
GLOBAL,S1D5,ELCLKAXX03,2042,2.750007618
GLOBAL,S2D1,ELCLKAXX03,2042,7.796237842
GLOBAL,S2D2,ELCLKAXX03,2042,17.433152146
GLOBAL,S2D3,ELCLKAXX03,2042,5.690070731
GLOBAL,S2D4,ELCLKAXX03,2042,3.5541111369999996
GLOBAL,S2D5,ELCLKAXX03,2042,2.911151196
GLOBAL,S3D1,ELCLKAXX03,2042,10.503831531
GLOBAL,S3D2,ELCLKAXX03,2042,23.428632518
GLOBAL,S3D3,ELCLKAXX03,2042,7.64918332
GLOBAL,S3D4,ELCLKAXX03,2042,4.773988569
GLOBAL,S3D5,ELCLKAXX03,2042,3.923508574
GLOBAL,S4D1,ELCLKAXX03,2042,4.714843886
GLOBAL,S4D2,ELCLKAXX03,2042,11.070769274
GLOBAL,S4D3,ELCLKAXX03,2042,3.712466256
GLOBAL,S4D4,ELCLKAXX03,2042,2.172209561
GLOBAL,S4D5,ELCLKAXX03,2042,1.7417595479999999
GLOBAL,S1D1,ELCLKAXX03,2043,7.71950008
GLOBAL,S1D2,ELCLKAXX03,2043,17.9790232
GLOBAL,S1D3,ELCLKAXX03,2043,5.45133696
GLOBAL,S1D4,ELCLKAXX03,2043,3.33777592
GLOBAL,S1D5,ELCLKAXX03,2043,2.8796558400000003
GLOBAL,S2D1,ELCLKAXX03,2043,8.163788960000002
GLOBAL,S2D2,ELCLKAXX03,2043,18.25503248
GLOBAL,S2D3,ELCLKAXX03,2043,5.958327280000001
GLOBAL,S2D4,ELCLKAXX03,2043,3.72166856
GLOBAL,S2D5,ELCLKAXX03,2043,3.04839648
GLOBAL,S3D1,ELCLKAXX03,2043,10.99903128
GLOBAL,S3D2,ELCLKAXX03,2043,24.53316784
GLOBAL,S3D3,ELCLKAXX03,2043,8.009801600000001
GLOBAL,S3D4,ELCLKAXX03,2043,4.9990567200000005
GLOBAL,S3D5,ELCLKAXX03,2043,4.10848112
GLOBAL,S4D1,ELCLKAXX03,2043,4.937123680000001
GLOBAL,S4D2,ELCLKAXX03,2043,11.59269712
GLOBAL,S4D3,ELCLKAXX03,2043,3.88748928
GLOBAL,S4D4,ELCLKAXX03,2043,2.27461768
GLOBAL,S4D5,ELCLKAXX03,2043,1.82387424
GLOBAL,S1D1,ELCLKAXX03,2044,8.078300113
GLOBAL,S1D2,ELCLKAXX03,2044,18.81468277
GLOBAL,S1D3,ELCLKAXX03,2044,5.7047134559999995
GLOBAL,S1D4,ELCLKAXX03,2044,3.492914737
GLOBAL,S1D5,ELCLKAXX03,2044,3.0135013740000005
GLOBAL,S2D1,ELCLKAXX03,2044,8.543239406000001
GLOBAL,S2D2,ELCLKAXX03,2044,19.103520878
GLOBAL,S2D3,ELCLKAXX03,2044,6.235268533
GLOBAL,S2D4,ELCLKAXX03,2044,3.894650591
GLOBAL,S2D5,ELCLKAXX03,2044,3.190085028
GLOBAL,S3D1,ELCLKAXX03,2044,11.510262933
GLOBAL,S3D2,ELCLKAXX03,2044,25.673462074000003
GLOBAL,S3D3,ELCLKAXX03,2044,8.382094760000001
GLOBAL,S3D4,ELCLKAXX03,2044,5.231411367000001
GLOBAL,S3D5,ELCLKAXX03,2044,4.2994420820000006
GLOBAL,S4D1,ELCLKAXX03,2044,5.166599698000001
GLOBAL,S4D2,ELCLKAXX03,2044,12.131522182000001
GLOBAL,S4D3,ELCLKAXX03,2044,4.068178608
GLOBAL,S4D4,ELCLKAXX03,2044,2.3803412230000003
GLOBAL,S4D5,ELCLKAXX03,2044,1.9086473640000001
GLOBAL,S1D1,ELCLKAXX03,2045,8.431072426
GLOBAL,S1D2,ELCLKAXX03,2045,19.63630354
GLOBAL,S1D3,ELCLKAXX03,2045,5.9538333119999995
GLOBAL,S1D4,ELCLKAXX03,2045,3.645447274
GLOBAL,S1D5,ELCLKAXX03,2045,3.1450983480000003
GLOBAL,S2D1,ELCLKAXX03,2045,8.916315212
GLOBAL,S2D2,ELCLKAXX03,2045,19.937754956
GLOBAL,S2D3,ELCLKAXX03,2045,6.507557266
GLOBAL,S2D4,ELCLKAXX03,2045,4.064726582
GLOBAL,S2D5,ELCLKAXX03,2045,3.329393256
GLOBAL,S3D1,ELCLKAXX03,2045,12.012906066
GLOBAL,S3D2,ELCLKAXX03,2045,26.794599748
GLOBAL,S3D3,ELCLKAXX03,2045,8.74813352
GLOBAL,S3D4,ELCLKAXX03,2045,5.459862534000001
GLOBAL,S3D5,ELCLKAXX03,2045,4.487194964
GLOBAL,S4D1,ELCLKAXX03,2045,5.3922205960000005
GLOBAL,S4D2,ELCLKAXX03,2045,12.661295164
GLOBAL,S4D3,ELCLKAXX03,2045,4.245832416
GLOBAL,S4D4,ELCLKAXX03,2045,2.484288646
GLOBAL,S4D5,ELCLKAXX03,2045,1.9919963280000001
GLOBAL,S1D1,ELCLKAXX03,2046,8.786959061000001
GLOBAL,S1D2,ELCLKAXX03,2046,20.46517769
GLOBAL,S1D3,ELCLKAXX03,2046,6.205152432
GLOBAL,S1D4,ELCLKAXX03,2046,3.799326389
GLOBAL,S1D5,ELCLKAXX03,2046,3.2778570780000003
GLOBAL,S2D1,ELCLKAXX03,2046,9.292684582000001
GLOBAL,S2D2,ELCLKAXX03,2046,20.779353766000003
GLOBAL,S2D3,ELCLKAXX03,2046,6.782249801000001
GLOBAL,S2D4,ELCLKAXX03,2046,4.236304027
GLOBAL,S2D5,ELCLKAXX03,2046,3.4699313160000003
GLOBAL,S3D1,ELCLKAXX03,2046,12.519986601
GLOBAL,S3D2,ELCLKAXX03,2046,27.925634978
GLOBAL,S3D3,ELCLKAXX03,2046,9.11740372
GLOBAL,S3D4,ELCLKAXX03,2046,5.690330499000001
GLOBAL,S3D5,ELCLKAXX03,2046,4.676605354
GLOBAL,S4D1,ELCLKAXX03,2046,5.619833306
GLOBAL,S4D2,ELCLKAXX03,2046,13.195745054000001
GLOBAL,S4D3,ELCLKAXX03,2046,4.425054576
GLOBAL,S4D4,ELCLKAXX03,2046,2.589153731
GLOBAL,S4D5,ELCLKAXX03,2046,2.0760811080000003
GLOBAL,S1D1,ELCLKAXX03,2047,9.148973878
GLOBAL,S1D2,ELCLKAXX03,2047,21.30832462
GLOBAL,S1D3,ELCLKAXX03,2047,6.460799135999999
GLOBAL,S1D4,ELCLKAXX03,2047,3.955855222
GLOBAL,S1D5,ELCLKAXX03,2047,3.4129018440000003
GLOBAL,S2D1,ELCLKAXX03,2047,9.675534836
GLOBAL,S2D2,ELCLKAXX03,2047,21.635444468000003
GLOBAL,S2D3,ELCLKAXX03,2047,7.061672398
GLOBAL,S2D4,ELCLKAXX03,2047,4.410835946
GLOBAL,S2D5,ELCLKAXX03,2047,3.612889368
GLOBAL,S3D1,ELCLKAXX03,2047,13.035798798
GLOBAL,S3D2,ELCLKAXX03,2047,29.076146044
GLOBAL,S3D3,ELCLKAXX03,2047,9.49303256
GLOBAL,S3D4,ELCLKAXX03,2047,5.924767002
GLOBAL,S3D5,ELCLKAXX03,2047,4.8692772920000005
GLOBAL,S4D1,ELCLKAXX03,2047,5.8513653880000005
GLOBAL,S4D2,ELCLKAXX03,2047,13.739397892000001
GLOBAL,S4D3,ELCLKAXX03,2047,4.607362848
GLOBAL,S4D4,ELCLKAXX03,2047,2.695824538
GLOBAL,S4D5,ELCLKAXX03,2047,2.161613784
GLOBAL,S1D1,ELCLKAXX03,2048,9.501595497999999
GLOBAL,S1D2,ELCLKAXX03,2048,22.129594419999997
GLOBAL,S1D3,ELCLKAXX03,2048,6.709812575999999
GLOBAL,S1D4,ELCLKAXX03,2048,4.108322601999999
GLOBAL,S1D5,ELCLKAXX03,2048,3.544442604
GLOBAL,S2D1,ELCLKAXX03,2048,10.048451276
GLOBAL,S2D2,ELCLKAXX03,2048,22.469322188
GLOBAL,S2D3,ELCLKAXX03,2048,7.333844817999999
GLOBAL,S2D4,ELCLKAXX03,2048,4.580839286
GLOBAL,S2D5,ELCLKAXX03,2048,3.7521380879999997
GLOBAL,S3D1,ELCLKAXX03,2048,13.538227217999998
GLOBAL,S3D2,ELCLKAXX03,2048,30.196804804
GLOBAL,S3D3,ELCLKAXX03,2048,9.85891496
GLOBAL,S3D4,ELCLKAXX03,2048,6.153120582
GLOBAL,S3D5,ELCLKAXX03,2048,5.056949972
GLOBAL,S4D1,ELCLKAXX03,2048,6.076889908
GLOBAL,S4D2,ELCLKAXX03,2048,14.268944571999999
GLOBAL,S4D3,ELCLKAXX03,2048,4.784940767999999
GLOBAL,S4D4,ELCLKAXX03,2048,2.799727558
GLOBAL,S4D5,ELCLKAXX03,2048,2.244927144
GLOBAL,S1D1,ELCLKAXX03,2049,9.863660546
GLOBAL,S1D2,ELCLKAXX03,2049,22.972858340000002
GLOBAL,S1D3,ELCLKAXX03,2049,6.965494752
GLOBAL,S1D4,ELCLKAXX03,2049,4.264873154
GLOBAL,S1D5,ELCLKAXX03,2049,3.6795061080000004
GLOBAL,S2D1,ELCLKAXX03,2049,10.431354652000001
GLOBAL,S2D2,ELCLKAXX03,2049,23.325531676
GLOBAL,S2D3,ELCLKAXX03,2049,7.613306186000001
GLOBAL,S2D4,ELCLKAXX03,2049,4.755395422
GLOBAL,S2D5,ELCLKAXX03,2049,3.895115976
GLOBAL,S3D1,ELCLKAXX03,2049,14.054110986
GLOBAL,S3D2,ELCLKAXX03,2049,31.347475508000002
GLOBAL,S3D3,ELCLKAXX03,2049,10.23459592
GLOBAL,S3D4,ELCLKAXX03,2049,6.387589614000001
GLOBAL,S3D5,ELCLKAXX03,2049,5.2496486440000005
GLOBAL,S4D1,ELCLKAXX03,2049,6.308454116000001
GLOBAL,S4D2,ELCLKAXX03,2049,14.812672844000002
GLOBAL,S4D3,ELCLKAXX03,2049,4.967274336
GLOBAL,S4D4,ELCLKAXX03,2049,2.906413166
GLOBAL,S4D5,ELCLKAXX03,2049,2.3304716880000003
GLOBAL,S1D1,ELCLKAXX03,2050,10.239388426
GLOBAL,S1D2,ELCLKAXX03,2050,23.84794354
GLOBAL,S1D3,ELCLKAXX03,2050,7.2308253119999994
GLOBAL,S1D4,ELCLKAXX03,2050,4.427331274
GLOBAL,S1D5,ELCLKAXX03,2050,3.819666348
GLOBAL,S2D1,ELCLKAXX03,2050,10.828707212000001
GLOBAL,S2D2,ELCLKAXX03,2050,24.214050956
GLOBAL,S2D3,ELCLKAXX03,2050,7.9033132660000005
GLOBAL,S2D4,ELCLKAXX03,2050,4.936538582
GLOBAL,S2D5,ELCLKAXX03,2050,4.043489256
GLOBAL,S3D1,ELCLKAXX03,2050,14.589462066
GLOBAL,S3D2,ELCLKAXX03,2050,32.541567748
GLOBAL,S3D3,ELCLKAXX03,2050,10.62445352
GLOBAL,S3D4,ELCLKAXX03,2050,6.630906534
GLOBAL,S3D5,ELCLKAXX03,2050,5.449618964
GLOBAL,S4D1,ELCLKAXX03,2050,6.5487565960000005
GLOBAL,S4D2,ELCLKAXX03,2050,15.376919164
GLOBAL,S4D3,ELCLKAXX03,2050,5.156488416
GLOBAL,S4D4,ELCLKAXX03,2050,3.017124646
GLOBAL,S4D5,ELCLKAXX03,2050,2.419244328
GLOBAL,S1D1,ELCMDVXX03,2023,0.32393096
GLOBAL,S1D2,ELCMDVXX03,2023,0.74645343
GLOBAL,S1D3,ELCMDVXX03,2023,0.21439236
GLOBAL,S1D4,ELCMDVXX03,2023,0.14083631
GLOBAL,S1D5,ELCMDVXX03,2023,0.13927244
GLOBAL,S2D1,ELCMDVXX03,2023,0.37013620999999997
GLOBAL,S2D2,ELCMDVXX03,2023,0.85291845
GLOBAL,S2D3,ELCMDVXX03,2023,0.24496568
GLOBAL,S2D4,ELCMDVXX03,2023,0.16092967
GLOBAL,S2D5,ELCMDVXX03,2023,0.15914239
GLOBAL,S3D1,ELCMDVXX03,2023,0.47414372
GLOBAL,S3D2,ELCMDVXX03,2023,1.09259676
GLOBAL,S3D3,ELCMDVXX03,2023,0.31380980999999997
GLOBAL,S3D4,ELCMDVXX03,2023,0.20615326999999997
GLOBAL,S3D5,ELCMDVXX03,2023,0.20385824
GLOBAL,S4D1,ELCMDVXX03,2023,0.23317911
GLOBAL,S4D2,ELCMDVXX03,2023,0.53732136
GLOBAL,S4D3,ELCMDVXX03,2023,0.15432215
GLOBAL,S4D4,ELCMDVXX03,2023,0.10138074999999999
GLOBAL,S4D5,ELCMDVXX03,2023,0.10025693
GLOBAL,S1D1,ELCMDVXX03,2024,0.33952940800000003
GLOBAL,S1D2,ELCMDVXX03,2024,0.782397864
GLOBAL,S1D3,ELCMDVXX03,2024,0.22471612800000001
GLOBAL,S1D4,ELCMDVXX03,2024,0.14761808799999998
GLOBAL,S1D5,ELCMDVXX03,2024,0.145978912
GLOBAL,S2D1,ELCMDVXX03,2024,0.387959608
GLOBAL,S2D2,ELCMDVXX03,2024,0.8939895600000001
GLOBAL,S2D3,ELCMDVXX03,2024,0.256761664
GLOBAL,S2D4,ELCMDVXX03,2024,0.16867901600000001
GLOBAL,S2D5,ELCMDVXX03,2024,0.16680567200000002
GLOBAL,S3D1,ELCMDVXX03,2024,0.49697545600000004
GLOBAL,S3D2,ELCMDVXX03,2024,1.145209248
GLOBAL,S3D3,ELCMDVXX03,2024,0.32892088799999997
GLOBAL,S3D4,ELCMDVXX03,2024,0.216080296
GLOBAL,S3D5,ELCMDVXX03,2024,0.213674752
GLOBAL,S4D1,ELCMDVXX03,2024,0.244407528
GLOBAL,S4D2,ELCMDVXX03,2024,0.5631953279999999
GLOBAL,S4D3,ELCMDVXX03,2024,0.16175332
GLOBAL,S4D4,ELCMDVXX03,2024,0.1062626
GLOBAL,S4D5,ELCMDVXX03,2024,0.105084664
GLOBAL,S1D1,ELCMDVXX03,2025,0.356180512
GLOBAL,S1D2,ELCMDVXX03,2025,0.8207679959999999
GLOBAL,S1D3,ELCMDVXX03,2025,0.23573659200000002
GLOBAL,S1D4,ELCMDVXX03,2025,0.154857532
GLOBAL,S1D5,ELCMDVXX03,2025,0.15313796799999999
GLOBAL,S2D1,ELCMDVXX03,2025,0.406985812
GLOBAL,S2D2,ELCMDVXX03,2025,0.93783234
GLOBAL,S2D3,ELCMDVXX03,2025,0.26935369600000003
GLOBAL,S2D4,ELCMDVXX03,2025,0.176951324
GLOBAL,S2D5,ELCMDVXX03,2025,0.174986108
GLOBAL,S3D1,ELCMDVXX03,2025,0.521347984
GLOBAL,S3D2,ELCMDVXX03,2025,1.201372272
GLOBAL,S3D3,ELCMDVXX03,2025,0.345051732
GLOBAL,S3D4,ELCMDVXX03,2025,0.226677244
GLOBAL,S3D5,ELCMDVXX03,2025,0.224153728
GLOBAL,S4D1,ELCMDVXX03,2025,0.256393692
GLOBAL,S4D2,ELCMDVXX03,2025,0.590815392
GLOBAL,S4D3,ELCMDVXX03,2025,0.16968598
GLOBAL,S4D4,ELCMDVXX03,2025,0.1114739
GLOBAL,S4D5,ELCMDVXX03,2025,0.110238196
GLOBAL,S1D1,ELCMDVXX03,2026,0.373979968
GLOBAL,S1D2,ELCMDVXX03,2026,0.8617843439999999
GLOBAL,S1D3,ELCMDVXX03,2026,0.247517088
GLOBAL,S1D4,ELCMDVXX03,2026,0.162596248
GLOBAL,S1D5,ELCMDVXX03,2026,0.160790752
GLOBAL,S2D1,ELCMDVXX03,2026,0.427324168
GLOBAL,S2D2,ELCMDVXX03,2026,0.9846987600000001
GLOBAL,S2D3,ELCMDVXX03,2026,0.282814144
GLOBAL,S2D4,ELCMDVXX03,2026,0.185794136
GLOBAL,S2D5,ELCMDVXX03,2026,0.183730712
GLOBAL,S3D1,ELCMDVXX03,2026,0.547401376
GLOBAL,S3D2,ELCMDVXX03,2026,1.261408608
GLOBAL,S3D3,ELCMDVXX03,2026,0.36229504799999995
GLOBAL,S3D4,ELCMDVXX03,2026,0.23800501599999999
GLOBAL,S3D5,ELCMDVXX03,2026,0.235355392
GLOBAL,S4D1,ELCMDVXX03,2026,0.269206488
GLOBAL,S4D2,ELCMDVXX03,2026,0.620340288
GLOBAL,S4D3,ELCMDVXX03,2026,0.17816572
GLOBAL,S4D4,ELCMDVXX03,2026,0.1170446
GLOBAL,S4D5,ELCMDVXX03,2026,0.115747144
GLOBAL,S1D1,ELCMDVXX03,2027,0.39302347200000004
GLOBAL,S1D2,ELCMDVXX03,2027,0.905667426
GLOBAL,S1D3,ELCMDVXX03,2027,0.260120952
GLOBAL,S1D4,ELCMDVXX03,2027,0.170875842
GLOBAL,S1D5,ELCMDVXX03,2027,0.168978408
GLOBAL,S2D1,ELCMDVXX03,2027,0.449084022
GLOBAL,S2D2,ELCMDVXX03,2027,1.03484079
GLOBAL,S2D3,ELCMDVXX03,2027,0.29721537600000003
GLOBAL,S2D4,ELCMDVXX03,2027,0.19525499400000002
GLOBAL,S2D5,ELCMDVXX03,2027,0.19308649800000002
GLOBAL,S3D1,ELCMDVXX03,2027,0.575275704
GLOBAL,S3D2,ELCMDVXX03,2027,1.325641032
GLOBAL,S3D3,ELCMDVXX03,2027,0.380743542
GLOBAL,S3D4,ELCMDVXX03,2027,0.250124514
GLOBAL,S3D5,ELCMDVXX03,2027,0.24733996800000002
GLOBAL,S4D1,ELCMDVXX03,2027,0.282914802
GLOBAL,S4D2,ELCMDVXX03,2027,0.651928752
GLOBAL,S4D3,ELCMDVXX03,2027,0.18723813
GLOBAL,S4D4,ELCMDVXX03,2027,0.12300465000000001
GLOBAL,S4D5,ELCMDVXX03,2027,0.121641126
GLOBAL,S1D1,ELCMDVXX03,2028,0.41340672000000006
GLOBAL,S1D2,ELCMDVXX03,2028,0.95263776
GLOBAL,S1D3,ELCMDVXX03,2028,0.27361152000000005
GLOBAL,S1D4,ELCMDVXX03,2028,0.17973792
GLOBAL,S1D5,ELCMDVXX03,2028,0.17774208000000002
GLOBAL,S2D1,ELCMDVXX03,2028,0.47237472
GLOBAL,S2D2,ELCMDVXX03,2028,1.0885104
GLOBAL,S2D3,ELCMDVXX03,2028,0.31262976000000003
GLOBAL,S2D4,ELCMDVXX03,2028,0.20538144000000003
GLOBAL,S2D5,ELCMDVXX03,2028,0.20310048000000003
GLOBAL,S3D1,ELCMDVXX03,2028,0.60511104
GLOBAL,S3D2,ELCMDVXX03,2028,1.3943923200000001
GLOBAL,S3D3,ELCMDVXX03,2028,0.40048992
GLOBAL,S3D4,ELCMDVXX03,2028,0.26309664
GLOBAL,S3D5,ELCMDVXX03,2028,0.26016768
GLOBAL,S4D1,ELCMDVXX03,2028,0.29758752000000005
GLOBAL,S4D2,ELCMDVXX03,2028,0.68573952
GLOBAL,S4D3,ELCMDVXX03,2028,0.1969488
GLOBAL,S4D4,ELCMDVXX03,2028,0.129384
GLOBAL,S4D5,ELCMDVXX03,2028,0.12794976
GLOBAL,S1D1,ELCMDVXX03,2029,0.438622616
GLOBAL,S1D2,ELCMDVXX03,2029,1.010744253
GLOBAL,S1D3,ELCMDVXX03,2029,0.290300556
GLOBAL,S1D4,ELCMDVXX03,2029,0.19070110099999998
GLOBAL,S1D5,ELCMDVXX03,2029,0.188583524
GLOBAL,S2D1,ELCMDVXX03,2029,0.501187391
GLOBAL,S2D2,ELCMDVXX03,2029,1.154904495
GLOBAL,S2D3,ELCMDVXX03,2029,0.331698728
GLOBAL,S2D4,ELCMDVXX03,2029,0.217908757
GLOBAL,S2D5,ELCMDVXX03,2029,0.215488669
GLOBAL,S3D1,ELCMDVXX03,2029,0.642020012
GLOBAL,S3D2,ELCMDVXX03,2029,1.479443796
GLOBAL,S3D3,ELCMDVXX03,2029,0.42491795099999996
GLOBAL,S3D4,ELCMDVXX03,2029,0.279144317
GLOBAL,S3D5,ELCMDVXX03,2029,0.27603670399999997
GLOBAL,S4D1,ELCMDVXX03,2029,0.31573898100000003
GLOBAL,S4D2,ELCMDVXX03,2029,0.7275664559999999
GLOBAL,S4D3,ELCMDVXX03,2029,0.208961765
GLOBAL,S4D4,ELCMDVXX03,2029,0.137275825
GLOBAL,S4D5,ELCMDVXX03,2029,0.135754103
GLOBAL,S1D1,ELCMDVXX03,2030,0.46541749600000004
GLOBAL,S1D2,ELCMDVXX03,2030,1.072489293
GLOBAL,S1D3,ELCMDVXX03,2030,0.30803463600000003
GLOBAL,S1D4,ELCMDVXX03,2030,0.20235078099999998
GLOBAL,S1D5,ELCMDVXX03,2030,0.200103844
GLOBAL,S2D1,ELCMDVXX03,2030,0.531804271
GLOBAL,S2D2,ELCMDVXX03,2030,1.2254560950000002
GLOBAL,S2D3,ELCMDVXX03,2030,0.351961768
GLOBAL,S2D4,ELCMDVXX03,2030,0.23122051700000001
GLOBAL,S2D5,ELCMDVXX03,2030,0.22865258900000002
GLOBAL,S3D1,ELCMDVXX03,2030,0.681240172
GLOBAL,S3D2,ELCMDVXX03,2030,1.569821076
GLOBAL,S3D3,ELCMDVXX03,2030,0.450875631
GLOBAL,S3D4,ELCMDVXX03,2030,0.296196877
GLOBAL,S3D5,ELCMDVXX03,2030,0.292899424
GLOBAL,S4D1,ELCMDVXX03,2030,0.335027061
GLOBAL,S4D2,ELCMDVXX03,2030,0.772012536
GLOBAL,S4D3,ELCMDVXX03,2030,0.221726965
GLOBAL,S4D4,ELCMDVXX03,2030,0.14566182500000002
GLOBAL,S4D5,ELCMDVXX03,2030,0.144047143
GLOBAL,S1D1,ELCMDVXX03,2031,0.49393490400000006
GLOBAL,S1D2,ELCMDVXX03,2031,1.138203657
GLOBAL,S1D3,ELCMDVXX03,2031,0.326908764
GLOBAL,S1D4,ELCMDVXX03,2031,0.214749369
GLOBAL,S1D5,ELCMDVXX03,2031,0.21236475600000002
GLOBAL,S2D1,ELCMDVXX03,2031,0.564389379
GLOBAL,S2D2,ELCMDVXX03,2031,1.3005431550000002
GLOBAL,S2D3,ELCMDVXX03,2031,0.37352743200000005
GLOBAL,S2D4,ELCMDVXX03,2031,0.245388033
GLOBAL,S2D5,ELCMDVXX03,2031,0.242662761
GLOBAL,S3D1,ELCMDVXX03,2031,0.722981628
GLOBAL,S3D2,ELCMDVXX03,2031,1.666008324
GLOBAL,S3D3,ELCMDVXX03,2031,0.478502019
GLOBAL,S3D4,ELCMDVXX03,2031,0.314345673
GLOBAL,S3D5,ELCMDVXX03,2031,0.31084617600000003
GLOBAL,S4D1,ELCMDVXX03,2031,0.35555508900000005
GLOBAL,S4D2,ELCMDVXX03,2031,0.819315864
GLOBAL,S4D3,ELCMDVXX03,2031,0.235312785
GLOBAL,S4D4,ELCMDVXX03,2031,0.15458692500000001
GLOBAL,S4D5,ELCMDVXX03,2031,0.15287330699999999
GLOBAL,S1D1,ELCMDVXX03,2032,0.5243183840000001
GLOBAL,S1D2,ELCMDVXX03,2032,1.208218122
GLOBAL,S1D3,ELCMDVXX03,2032,0.347017944
GLOBAL,S1D4,ELCMDVXX03,2032,0.227959274
GLOBAL,S1D5,ELCMDVXX03,2032,0.225427976
GLOBAL,S2D1,ELCMDVXX03,2032,0.599106734
GLOBAL,S2D2,ELCMDVXX03,2032,1.3805436300000002
GLOBAL,S2D3,ELCMDVXX03,2032,0.396504272
GLOBAL,S2D4,ELCMDVXX03,2032,0.260482618
GLOBAL,S2D5,ELCMDVXX03,2032,0.25758970600000003
GLOBAL,S3D1,ELCMDVXX03,2032,0.767454488
GLOBAL,S3D2,ELCMDVXX03,2032,1.768489704
GLOBAL,S3D3,ELCMDVXX03,2032,0.507936174
GLOBAL,S3D4,ELCMDVXX03,2032,0.333682058
GLOBAL,S3D5,ELCMDVXX03,2032,0.329967296
GLOBAL,S4D1,ELCMDVXX03,2032,0.377426394
GLOBAL,S4D2,ELCMDVXX03,2032,0.8697145439999999
GLOBAL,S4D3,ELCMDVXX03,2032,0.24978761
GLOBAL,S4D4,ELCMDVXX03,2032,0.16409605000000002
GLOBAL,S4D5,ELCMDVXX03,2032,0.162277022
GLOBAL,S1D1,ELCMDVXX03,2033,0.556663632
GLOBAL,S1D2,ELCMDVXX03,2033,1.282753206
GLOBAL,S1D3,ELCMDVXX03,2033,0.368425512
GLOBAL,S1D4,ELCMDVXX03,2033,0.242022102
GLOBAL,S1D5,ELCMDVXX03,2033,0.239334648
GLOBAL,S2D1,ELCMDVXX03,2033,0.636065682
GLOBAL,S2D2,ELCMDVXX03,2033,1.4657094900000003
GLOBAL,S2D3,ELCMDVXX03,2033,0.42096465600000005
GLOBAL,S2D4,ELCMDVXX03,2033,0.276551814
GLOBAL,S2D5,ELCMDVXX03,2033,0.273480438
GLOBAL,S3D1,ELCMDVXX03,2033,0.814798824
GLOBAL,S3D2,ELCMDVXX03,2033,1.877587992
GLOBAL,S3D3,ELCMDVXX03,2033,0.539270802
GLOBAL,S3D4,ELCMDVXX03,2033,0.354266934
GLOBAL,S3D5,ELCMDVXX03,2033,0.350323008
GLOBAL,S4D1,ELCMDVXX03,2033,0.400709862
GLOBAL,S4D2,ELCMDVXX03,2033,0.923367312
GLOBAL,S4D3,ELCMDVXX03,2033,0.26519703
GLOBAL,S4D4,ELCMDVXX03,2033,0.17421915000000002
GLOBAL,S4D5,ELCMDVXX03,2033,0.172287906
GLOBAL,S1D1,ELCMDVXX03,2034,0.586090152
GLOBAL,S1D2,ELCMDVXX03,2034,1.350562491
GLOBAL,S1D3,ELCMDVXX03,2034,0.38790133200000004
GLOBAL,S1D4,ELCMDVXX03,2034,0.254815947
GLOBAL,S1D5,ELCMDVXX03,2034,0.251986428
GLOBAL,S2D1,ELCMDVXX03,2034,0.669689577
GLOBAL,S2D2,ELCMDVXX03,2034,1.5431902650000002
GLOBAL,S2D3,ELCMDVXX03,2034,0.44321781600000004
GLOBAL,S2D4,ELCMDVXX03,2034,0.291170979
GLOBAL,S2D5,ELCMDVXX03,2034,0.287937243
GLOBAL,S3D1,ELCMDVXX03,2034,0.8578709640000001
GLOBAL,S3D2,ELCMDVXX03,2034,1.976841612
GLOBAL,S3D3,ELCMDVXX03,2034,0.567777897
GLOBAL,S3D4,ELCMDVXX03,2034,0.37299429900000003
GLOBAL,S3D5,ELCMDVXX03,2034,0.368841888
GLOBAL,S4D1,ELCMDVXX03,2034,0.421892307
GLOBAL,S4D2,ELCMDVXX03,2034,0.972178632
GLOBAL,S4D3,ELCMDVXX03,2034,0.279215955
GLOBAL,S4D4,ELCMDVXX03,2034,0.18342877500000002
GLOBAL,S4D5,ELCMDVXX03,2034,0.181395441
GLOBAL,S1D1,ELCMDVXX03,2035,0.617287048
GLOBAL,S1D2,ELCMDVXX03,2035,1.4224513589999999
GLOBAL,S1D3,ELCMDVXX03,2035,0.408548868
GLOBAL,S1D4,ELCMDVXX03,2035,0.26837950299999996
GLOBAL,S1D5,ELCMDVXX03,2035,0.265399372
GLOBAL,S2D1,ELCMDVXX03,2035,0.705336373
GLOBAL,S2D2,ELCMDVXX03,2035,1.6253324850000002
GLOBAL,S2D3,ELCMDVXX03,2035,0.466809784
GLOBAL,S2D4,ELCMDVXX03,2035,0.306669671
GLOBAL,S2D5,ELCMDVXX03,2035,0.303263807
GLOBAL,S3D1,ELCMDVXX03,2035,0.903534436
GLOBAL,S3D2,ELCMDVXX03,2035,2.082066588
GLOBAL,S3D3,ELCMDVXX03,2035,0.5980000529999999
GLOBAL,S3D4,ELCMDVXX03,2035,0.392848351
GLOBAL,S3D5,ELCMDVXX03,2035,0.388474912
GLOBAL,S4D1,ELCMDVXX03,2035,0.444349143
GLOBAL,S4D2,ELCMDVXX03,2035,1.0239265679999998
GLOBAL,S4D3,ELCMDVXX03,2035,0.294078295
GLOBAL,S4D4,ELCMDVXX03,2035,0.193192475
GLOBAL,S4D5,ELCMDVXX03,2035,0.191050909
GLOBAL,S1D1,ELCMDVXX03,2036,0.650445712
GLOBAL,S1D2,ELCMDVXX03,2036,1.498860846
GLOBAL,S1D3,ELCMDVXX03,2036,0.430494792
GLOBAL,S1D4,ELCMDVXX03,2036,0.28279598199999995
GLOBAL,S1D5,ELCMDVXX03,2036,0.27965576799999997
GLOBAL,S2D1,ELCMDVXX03,2036,0.743224762
GLOBAL,S2D2,ELCMDVXX03,2036,1.71264009
GLOBAL,S2D3,ELCMDVXX03,2036,0.49188529599999997
GLOBAL,S2D4,ELCMDVXX03,2036,0.32314297399999997
GLOBAL,S2D5,ELCMDVXX03,2036,0.319554158
GLOBAL,S3D1,ELCMDVXX03,2036,0.952069384
GLOBAL,S3D2,ELCMDVXX03,2036,2.193908472
GLOBAL,S3D3,ELCMDVXX03,2036,0.630122682
GLOBAL,S3D4,ELCMDVXX03,2036,0.41395089399999996
GLOBAL,S3D5,ELCMDVXX03,2036,0.409342528
GLOBAL,S4D1,ELCMDVXX03,2036,0.468218142
GLOBAL,S4D2,ELCMDVXX03,2036,1.0789285919999998
GLOBAL,S4D3,ELCMDVXX03,2036,0.30987523
GLOBAL,S4D4,ELCMDVXX03,2036,0.20357015
GLOBAL,S4D5,ELCMDVXX03,2036,0.20131354599999998
GLOBAL,S1D1,ELCMDVXX03,2037,0.685709688
GLOBAL,S1D2,ELCMDVXX03,2037,1.5801217289999998
GLOBAL,S1D3,ELCMDVXX03,2037,0.453834108
GLOBAL,S1D4,ELCMDVXX03,2037,0.298127793
GLOBAL,S1D5,ELCMDVXX03,2037,0.294817332
GLOBAL,S2D1,ELCMDVXX03,2037,0.783518763
GLOBAL,S2D2,ELCMDVXX03,2037,1.8054910350000002
GLOBAL,S2D3,ELCMDVXX03,2037,0.518552904
GLOBAL,S2D4,ELCMDVXX03,2037,0.340662201
GLOBAL,S2D5,ELCMDVXX03,2037,0.336878817
GLOBAL,S3D1,ELCMDVXX03,2037,1.003685916
GLOBAL,S3D2,ELCMDVXX03,2037,2.312851428
GLOBAL,S3D3,ELCMDVXX03,2037,0.6642848429999999
GLOBAL,S3D4,ELCMDVXX03,2037,0.43639328099999997
GLOBAL,S3D5,ELCMDVXX03,2037,0.43153507199999996
GLOBAL,S4D1,ELCMDVXX03,2037,0.493602633
GLOBAL,S4D2,ELCMDVXX03,2037,1.137422808
GLOBAL,S4D3,ELCMDVXX03,2037,0.326675145
GLOBAL,S4D4,ELCMDVXX03,2037,0.214606725
GLOBAL,S4D5,ELCMDVXX03,2037,0.21222777899999998
GLOBAL,S1D1,ELCMDVXX03,2038,0.72322252
GLOBAL,S1D2,ELCMDVXX03,2038,1.666564785
GLOBAL,S1D3,ELCMDVXX03,2038,0.47866182
GLOBAL,S1D4,ELCMDVXX03,2038,0.314437345
GLOBAL,S1D5,ELCMDVXX03,2038,0.31094578
GLOBAL,S2D1,ELCMDVXX03,2038,0.826382395
GLOBAL,S2D2,ELCMDVXX03,2038,1.9042632750000001
GLOBAL,S2D3,ELCMDVXX03,2038,0.54692116
GLOBAL,S2D4,ELCMDVXX03,2038,0.359298665
GLOBAL,S2D5,ELCMDVXX03,2038,0.355308305
GLOBAL,S3D1,ELCMDVXX03,2038,1.05859414
GLOBAL,S3D2,ELCMDVXX03,2038,2.43937962
GLOBAL,S3D3,ELCMDVXX03,2038,0.700625595
GLOBAL,S3D4,ELCMDVXX03,2038,0.46026686499999997
GLOBAL,S3D5,ELCMDVXX03,2038,0.45514288
GLOBAL,S4D1,ELCMDVXX03,2038,0.520605945
GLOBAL,S4D2,ELCMDVXX03,2038,1.19964732
GLOBAL,S4D3,ELCMDVXX03,2038,0.344546425
GLOBAL,S4D4,ELCMDVXX03,2038,0.226347125
GLOBAL,S4D5,ELCMDVXX03,2038,0.223838035
GLOBAL,S1D1,ELCMDVXX03,2039,0.763127752
GLOBAL,S1D2,ELCMDVXX03,2039,1.758520791
GLOBAL,S1D3,ELCMDVXX03,2039,0.505072932
GLOBAL,S1D4,ELCMDVXX03,2039,0.331787047
GLOBAL,S1D5,ELCMDVXX03,2039,0.328102828
GLOBAL,S2D1,ELCMDVXX03,2039,0.871979677
GLOBAL,S2D2,ELCMDVXX03,2039,2.009334765
GLOBAL,S2D3,ELCMDVXX03,2039,0.577098616
GLOBAL,S2D4,ELCMDVXX03,2039,0.379123679
GLOBAL,S2D5,ELCMDVXX03,2039,0.374913143
GLOBAL,S3D1,ELCMDVXX03,2039,1.117004164
GLOBAL,S3D2,ELCMDVXX03,2039,2.573977212
GLOBAL,S3D3,ELCMDVXX03,2039,0.7392839969999999
GLOBAL,S3D4,ELCMDVXX03,2039,0.485662999
GLOBAL,S3D5,ELCMDVXX03,2039,0.480256288
GLOBAL,S4D1,ELCMDVXX03,2039,0.549331407
GLOBAL,S4D2,ELCMDVXX03,2039,1.265840232
GLOBAL,S4D3,ELCMDVXX03,2039,0.363557455
GLOBAL,S4D4,ELCMDVXX03,2039,0.23883627500000001
GLOBAL,S4D5,ELCMDVXX03,2039,0.23618874099999998
GLOBAL,S1D1,ELCMDVXX03,2040,0.8055689279999999
GLOBAL,S1D2,ELCMDVXX03,2040,1.8563205239999998
GLOBAL,S1D3,ELCMDVXX03,2040,0.533162448
GLOBAL,S1D4,ELCMDVXX03,2040,0.35023930799999997
GLOBAL,S1D5,ELCMDVXX03,2040,0.34635019199999995
GLOBAL,S2D1,ELCMDVXX03,2040,0.9204746279999999
GLOBAL,S2D2,ELCMDVXX03,2040,2.12108346
GLOBAL,S2D3,ELCMDVXX03,2040,0.609193824
GLOBAL,S2D4,ELCMDVXX03,2040,0.400208556
GLOBAL,S2D5,ELCMDVXX03,2040,0.39576385199999997
GLOBAL,S3D1,ELCMDVXX03,2040,1.1791260959999998
GLOBAL,S3D2,ELCMDVXX03,2040,2.717128368
GLOBAL,S3D3,ELCMDVXX03,2040,0.7803991079999999
GLOBAL,S3D4,ELCMDVXX03,2040,0.5126730359999999
GLOBAL,S3D5,ELCMDVXX03,2040,0.506965632
GLOBAL,S4D1,ELCMDVXX03,2040,0.5798823479999999
GLOBAL,S4D2,ELCMDVXX03,2040,1.3362396479999998
GLOBAL,S4D3,ELCMDVXX03,2040,0.38377661999999996
GLOBAL,S4D4,ELCMDVXX03,2040,0.2521191
GLOBAL,S4D5,ELCMDVXX03,2040,0.24932432399999996
GLOBAL,S1D1,ELCMDVXX03,2041,0.829732168
GLOBAL,S1D2,ELCMDVXX03,2041,1.912001319
GLOBAL,S1D3,ELCMDVXX03,2041,0.5491547880000001
GLOBAL,S1D4,ELCMDVXX03,2041,0.360744823
GLOBAL,S1D5,ELCMDVXX03,2041,0.356739052
GLOBAL,S2D1,ELCMDVXX03,2041,0.9480844930000001
GLOBAL,S2D2,ELCMDVXX03,2041,2.1847058850000005
GLOBAL,S2D3,ELCMDVXX03,2041,0.627466744
GLOBAL,S2D4,ELCMDVXX03,2041,0.412212911
GLOBAL,S2D5,ELCMDVXX03,2041,0.407634887
GLOBAL,S3D1,ELCMDVXX03,2041,1.2144942760000002
GLOBAL,S3D2,ELCMDVXX03,2041,2.798629308
GLOBAL,S3D3,ELCMDVXX03,2041,0.803807373
GLOBAL,S3D4,ELCMDVXX03,2041,0.528050791
GLOBAL,S3D5,ELCMDVXX03,2041,0.522172192
GLOBAL,S4D1,ELCMDVXX03,2041,0.597276063
GLOBAL,S4D2,ELCMDVXX03,2041,1.376320488
GLOBAL,S4D3,ELCMDVXX03,2041,0.395288095
GLOBAL,S4D4,ELCMDVXX03,2041,0.25968147500000005
GLOBAL,S4D5,ELCMDVXX03,2041,0.256802869
GLOBAL,S1D1,ELCMDVXX03,2042,0.8546131280000001
GLOBAL,S1D2,ELCMDVXX03,2042,1.969335999
GLOBAL,S1D3,ELCMDVXX03,2042,0.5656221480000001
GLOBAL,S1D4,ELCMDVXX03,2042,0.371562383
GLOBAL,S1D5,ELCMDVXX03,2042,0.367436492
GLOBAL,S2D1,ELCMDVXX03,2042,0.9765144530000001
GLOBAL,S2D2,ELCMDVXX03,2042,2.250218085
GLOBAL,S2D3,ELCMDVXX03,2042,0.646282424
GLOBAL,S2D4,ELCMDVXX03,2042,0.424573831
GLOBAL,S2D5,ELCMDVXX03,2042,0.41985852700000004
GLOBAL,S3D1,ELCMDVXX03,2042,1.250912996
GLOBAL,S3D2,ELCMDVXX03,2042,2.882551068
GLOBAL,S3D3,ELCMDVXX03,2042,0.827910933
GLOBAL,S3D4,ELCMDVXX03,2042,0.543885311
GLOBAL,S3D5,ELCMDVXX03,2042,0.537830432
GLOBAL,S4D1,ELCMDVXX03,2042,0.615186423
GLOBAL,S4D2,ELCMDVXX03,2042,1.417591848
GLOBAL,S4D3,ELCMDVXX03,2042,0.407141495
GLOBAL,S4D4,ELCMDVXX03,2042,0.26746847500000004
GLOBAL,S4D5,ELCMDVXX03,2042,0.264503549
GLOBAL,S1D1,ELCMDVXX03,2043,0.880259656
GLOBAL,S1D2,ELCMDVXX03,2043,2.0284348229999996
GLOBAL,S1D3,ELCMDVXX03,2043,0.582596196
GLOBAL,S1D4,ELCMDVXX03,2043,0.38271279099999994
GLOBAL,S1D5,ELCMDVXX03,2043,0.37846308399999995
GLOBAL,S2D1,ELCMDVXX03,2043,1.005819181
GLOBAL,S2D2,ELCMDVXX03,2043,2.3177460450000003
GLOBAL,S2D3,ELCMDVXX03,2043,0.6656770479999999
GLOBAL,S2D4,ELCMDVXX03,2043,0.437315087
GLOBAL,S2D5,ELCMDVXX03,2043,0.43245827899999995
GLOBAL,S3D1,ELCMDVXX03,2043,1.2884522919999999
GLOBAL,S3D2,ELCMDVXX03,2043,2.969055036
GLOBAL,S3D3,ELCMDVXX03,2043,0.8527561409999999
GLOBAL,S3D4,ELCMDVXX03,2043,0.5602070469999999
GLOBAL,S3D5,ELCMDVXX03,2043,0.5539704639999999
GLOBAL,S4D1,ELCMDVXX03,2043,0.633647871
GLOBAL,S4D2,ELCMDVXX03,2043,1.4601330959999999
GLOBAL,S4D3,ELCMDVXX03,2043,0.41935961499999996
GLOBAL,S4D4,ELCMDVXX03,2043,0.275495075
GLOBAL,S4D5,ELCMDVXX03,2043,0.272441173
GLOBAL,S1D1,ELCMDVXX03,2044,0.9066717520000002
GLOBAL,S1D2,ELCMDVXX03,2044,2.089297791
GLOBAL,S1D3,ELCMDVXX03,2044,0.6000769320000001
GLOBAL,S1D4,ELCMDVXX03,2044,0.394196047
GLOBAL,S1D5,ELCMDVXX03,2044,0.389818828
GLOBAL,S2D1,ELCMDVXX03,2044,1.035998677
GLOBAL,S2D2,ELCMDVXX03,2044,2.3872897650000007
GLOBAL,S2D3,ELCMDVXX03,2044,0.6856506160000001
GLOBAL,S2D4,ELCMDVXX03,2044,0.45043667900000006
GLOBAL,S2D5,ELCMDVXX03,2044,0.44543414300000006
GLOBAL,S3D1,ELCMDVXX03,2044,1.327112164
GLOBAL,S3D2,ELCMDVXX03,2044,3.058141212
GLOBAL,S3D3,ELCMDVXX03,2044,0.8783429970000001
GLOBAL,S3D4,ELCMDVXX03,2044,0.577015999
GLOBAL,S3D5,ELCMDVXX03,2044,0.5705922880000001
GLOBAL,S4D1,ELCMDVXX03,2044,0.652660407
GLOBAL,S4D2,ELCMDVXX03,2044,1.503944232
GLOBAL,S4D3,ELCMDVXX03,2044,0.431942455
GLOBAL,S4D4,ELCMDVXX03,2044,0.28376127500000004
GLOBAL,S4D5,ELCMDVXX03,2044,0.28061574100000003
GLOBAL,S1D1,ELCMDVXX03,2045,0.9338972640000001
GLOBAL,S1D2,ELCMDVXX03,2045,2.152035162
GLOBAL,S1D3,ELCMDVXX03,2045,0.6180960240000001
GLOBAL,S1D4,ELCMDVXX03,2045,0.406032954
GLOBAL,S1D5,ELCMDVXX03,2045,0.401524296
GLOBAL,S2D1,ELCMDVXX03,2045,1.067107614
GLOBAL,S2D2,ELCMDVXX03,2045,2.4589752300000005
GLOBAL,S2D3,ELCMDVXX03,2045,0.706239312
GLOBAL,S2D4,ELCMDVXX03,2045,0.463962378
GLOBAL,S2D5,ELCMDVXX03,2045,0.458809626
GLOBAL,S3D1,ELCMDVXX03,2045,1.3669626480000001
GLOBAL,S3D2,ELCMDVXX03,2045,3.1499709840000003
GLOBAL,S3D3,ELCMDVXX03,2045,0.904717854
GLOBAL,S3D4,ELCMDVXX03,2045,0.594342618
GLOBAL,S3D5,ELCMDVXX03,2045,0.5877260160000001
GLOBAL,S4D1,ELCMDVXX03,2045,0.672258474
GLOBAL,S4D2,ELCMDVXX03,2045,1.549104624
GLOBAL,S4D3,ELCMDVXX03,2045,0.44491281
GLOBAL,S4D4,ELCMDVXX03,2045,0.29228205
GLOBAL,S4D5,ELCMDVXX03,2045,0.289042062
GLOBAL,S1D1,ELCMDVXX03,2046,0.957247088
GLOBAL,S1D2,ELCMDVXX03,2046,2.205841554
GLOBAL,S1D3,ELCMDVXX03,2046,0.633550008
GLOBAL,S1D4,ELCMDVXX03,2046,0.41618481799999996
GLOBAL,S1D5,ELCMDVXX03,2046,0.411563432
GLOBAL,S2D1,ELCMDVXX03,2046,1.093788038
GLOBAL,S2D2,ELCMDVXX03,2046,2.5204559100000004
GLOBAL,S2D3,ELCMDVXX03,2046,0.7238971040000001
GLOBAL,S2D4,ELCMDVXX03,2046,0.475562626
GLOBAL,S2D5,ELCMDVXX03,2046,0.470281042
GLOBAL,S3D1,ELCMDVXX03,2046,1.401140216
GLOBAL,S3D2,ELCMDVXX03,2046,3.2287283280000003
GLOBAL,S3D3,ELCMDVXX03,2046,0.927338118
GLOBAL,S3D4,ELCMDVXX03,2046,0.609202706
GLOBAL,S3D5,ELCMDVXX03,2046,0.602420672
GLOBAL,S4D1,ELCMDVXX03,2046,0.689066658
GLOBAL,S4D2,ELCMDVXX03,2046,1.587836208
GLOBAL,S4D3,ELCMDVXX03,2046,0.45603677
GLOBAL,S4D4,ELCMDVXX03,2046,0.29958985
GLOBAL,S4D5,ELCMDVXX03,2046,0.29626885399999997
GLOBAL,S1D1,ELCMDVXX03,2047,0.9811710880000001
GLOBAL,S1D2,ELCMDVXX03,2047,2.260971054
GLOBAL,S1D3,ELCMDVXX03,2047,0.6493840080000001
GLOBAL,S1D4,ELCMDVXX03,2047,0.42658631799999996
GLOBAL,S1D5,ELCMDVXX03,2047,0.421849432
GLOBAL,S2D1,ELCMDVXX03,2047,1.121124538
GLOBAL,S2D2,ELCMDVXX03,2047,2.5834484100000004
GLOBAL,S2D3,ELCMDVXX03,2047,0.7419891040000001
GLOBAL,S2D4,ELCMDVXX03,2047,0.48744812600000004
GLOBAL,S2D5,ELCMDVXX03,2047,0.482034542
GLOBAL,S3D1,ELCMDVXX03,2047,1.436158216
GLOBAL,S3D2,ELCMDVXX03,2047,3.309422328
GLOBAL,S3D3,ELCMDVXX03,2047,0.9505146179999999
GLOBAL,S3D4,ELCMDVXX03,2047,0.6244282059999999
GLOBAL,S3D5,ELCMDVXX03,2047,0.617476672
GLOBAL,S4D1,ELCMDVXX03,2047,0.706288158
GLOBAL,S4D2,ELCMDVXX03,2047,1.627520208
GLOBAL,S4D3,ELCMDVXX03,2047,0.46743427
GLOBAL,S4D4,ELCMDVXX03,2047,0.30707735
GLOBAL,S4D5,ELCMDVXX03,2047,0.303673354
GLOBAL,S1D1,ELCMDVXX03,2048,1.005669264
GLOBAL,S1D2,ELCMDVXX03,2048,2.317423662
GLOBAL,S1D3,ELCMDVXX03,2048,0.665598024
GLOBAL,S1D4,ELCMDVXX03,2048,0.43723745399999997
GLOBAL,S1D5,ELCMDVXX03,2048,0.432382296
GLOBAL,S2D1,ELCMDVXX03,2048,1.149117114
GLOBAL,S2D2,ELCMDVXX03,2048,2.6479527300000005
GLOBAL,S2D3,ELCMDVXX03,2048,0.760515312
GLOBAL,S2D4,ELCMDVXX03,2048,0.49961887800000004
GLOBAL,S2D5,ELCMDVXX03,2048,0.494070126
GLOBAL,S3D1,ELCMDVXX03,2048,1.472016648
GLOBAL,S3D2,ELCMDVXX03,2048,3.392052984
GLOBAL,S3D3,ELCMDVXX03,2048,0.974247354
GLOBAL,S3D4,ELCMDVXX03,2048,0.640019118
GLOBAL,S3D5,ELCMDVXX03,2048,0.6328940160000001
GLOBAL,S4D1,ELCMDVXX03,2048,0.723922974
GLOBAL,S4D2,ELCMDVXX03,2048,1.6681566239999999
GLOBAL,S4D3,ELCMDVXX03,2048,0.47910531
GLOBAL,S4D4,ELCMDVXX03,2048,0.31474455
GLOBAL,S4D5,ELCMDVXX03,2048,0.311255562
GLOBAL,S1D1,ELCMDVXX03,2049,1.030837312
GLOBAL,S1D2,ELCMDVXX03,2049,2.375419896
GLOBAL,S1D3,ELCMDVXX03,2049,0.6822553920000001
GLOBAL,S1D4,ELCMDVXX03,2049,0.448179832
GLOBAL,S1D5,ELCMDVXX03,2049,0.44320316800000004
GLOBAL,S2D1,ELCMDVXX03,2049,1.177875112
GLOBAL,S2D2,ELCMDVXX03,2049,2.7142208400000003
GLOBAL,S2D3,ELCMDVXX03,2049,0.7795480960000001
GLOBAL,S2D4,ELCMDVXX03,2049,0.5121224240000001
GLOBAL,S2D5,ELCMDVXX03,2049,0.506434808
GLOBAL,S3D1,ELCMDVXX03,2049,1.508855584
GLOBAL,S3D2,ELCMDVXX03,2049,3.476943072
GLOBAL,S3D3,ELCMDVXX03,2049,0.998629032
GLOBAL,S3D4,ELCMDVXX03,2049,0.656036344
GLOBAL,S3D5,ELCMDVXX03,2049,0.648732928
GLOBAL,S4D1,ELCMDVXX03,2049,0.742039992
GLOBAL,S4D2,ELCMDVXX03,2049,1.709904192
GLOBAL,S4D3,ELCMDVXX03,2049,0.49109548
GLOBAL,S4D4,ELCMDVXX03,2049,0.3226214
GLOBAL,S4D5,ELCMDVXX03,2049,0.319045096
GLOBAL,S1D1,ELCMDVXX03,2050,1.056579536
GLOBAL,S1D2,ELCMDVXX03,2050,2.434739238
GLOBAL,S1D3,ELCMDVXX03,2050,0.6992927760000001
GLOBAL,S1D4,ELCMDVXX03,2050,0.459371846
GLOBAL,S1D5,ELCMDVXX03,2050,0.45427090400000003
GLOBAL,S2D1,ELCMDVXX03,2050,1.2072891860000001
GLOBAL,S2D2,ELCMDVXX03,2050,2.7820007700000002
GLOBAL,S2D3,ELCMDVXX03,2050,0.7990150880000001
GLOBAL,S2D4,ELCMDVXX03,2050,0.5249112220000001
GLOBAL,S2D5,ELCMDVXX03,2050,0.519081574
GLOBAL,S3D1,ELCMDVXX03,2050,1.546534952
GLOBAL,S3D2,ELCMDVXX03,2050,3.563769816
GLOBAL,S3D3,ELCMDVXX03,2050,1.023566946
GLOBAL,S3D4,ELCMDVXX03,2050,0.6724189819999999
GLOBAL,S3D5,ELCMDVXX03,2050,0.664933184
GLOBAL,S4D1,ELCMDVXX03,2050,0.7605703260000001
GLOBAL,S4D2,ELCMDVXX03,2050,1.752604176
GLOBAL,S4D3,ELCMDVXX03,2050,0.50335919
GLOBAL,S4D4,ELCMDVXX03,2050,0.33067795
GLOBAL,S4D5,ELCMDVXX03,2050,0.327012338
GLOBAL,S1D1,ELCNPLXX03,2023,2.0327948640000004
GLOBAL,S1D2,ELCNPLXX03,2023,4.953429828
GLOBAL,S1D3,ELCNPLXX03,2023,1.9823483160000002
GLOBAL,S1D4,ELCNPLXX03,2023,1.02951162
GLOBAL,S1D5,ELCNPLXX03,2023,0.761292972
GLOBAL,S2D1,ELCNPLXX03,2023,2.6743371120000003
GLOBAL,S2D2,ELCNPLXX03,2023,5.780341602
GLOBAL,S2D3,ELCNPLXX03,2023,1.8975847140000002
GLOBAL,S2D4,ELCNPLXX03,2023,1.301176332
GLOBAL,S2D5,ELCNPLXX03,2023,0.9294800400000001
GLOBAL,S3D1,ELCNPLXX03,2023,3.964935942
GLOBAL,S3D2,ELCNPLXX03,2023,8.503402229999999
GLOBAL,S3D3,ELCNPLXX03,2023,3.0486658140000005
GLOBAL,S3D4,ELCNPLXX03,2023,1.435907862
GLOBAL,S3D5,ELCNPLXX03,2023,1.115041014
GLOBAL,S4D1,ELCNPLXX03,2023,1.340231724
GLOBAL,S4D2,ELCNPLXX03,2023,3.0110462819999997
GLOBAL,S4D3,ELCNPLXX03,2023,1.127054376
GLOBAL,S4D4,ELCNPLXX03,2023,0.552901824
GLOBAL,S4D5,ELCNPLXX03,2023,0.420563394
GLOBAL,S1D1,ELCNPLXX03,2024,2.193976104
GLOBAL,S1D2,ELCNPLXX03,2024,5.346189558
GLOBAL,S1D3,ELCNPLXX03,2024,2.139529626
GLOBAL,S1D4,ELCNPLXX03,2024,1.11114207
GLOBAL,S1D5,ELCNPLXX03,2024,0.821656242
GLOBAL,S2D1,ELCNPLXX03,2024,2.886386532
GLOBAL,S2D2,ELCNPLXX03,2024,6.2386675469999995
GLOBAL,S2D3,ELCNPLXX03,2024,2.048045079
GLOBAL,S2D4,ELCNPLXX03,2024,1.4043472019999999
GLOBAL,S2D5,ELCNPLXX03,2024,1.00317894
GLOBAL,S3D1,ELCNPLXX03,2024,4.279317537
GLOBAL,S3D2,ELCNPLXX03,2024,9.177640904999999
GLOBAL,S3D3,ELCNPLXX03,2024,3.2903959289999998
GLOBAL,S3D4,ELCNPLXX03,2024,1.549761657
GLOBAL,S3D5,ELCNPLXX03,2024,1.203453129
GLOBAL,S4D1,ELCNPLXX03,2024,1.4464993139999998
GLOBAL,S4D2,ELCNPLXX03,2024,3.2497935269999996
GLOBAL,S4D3,ELCNPLXX03,2024,1.2164190359999998
GLOBAL,S4D4,ELCNPLXX03,2024,0.596741664
GLOBAL,S4D5,ELCNPLXX03,2024,0.453910059
GLOBAL,S1D1,ELCNPLXX03,2025,2.363821632
GLOBAL,S1D2,ELCNPLXX03,2025,5.760062064
GLOBAL,S1D3,ELCNPLXX03,2025,2.305160208
GLOBAL,S1D4,ELCNPLXX03,2025,1.1971605600000002
GLOBAL,S1D5,ELCNPLXX03,2025,0.885264336
GLOBAL,S2D1,ELCNPLXX03,2025,3.109834656
GLOBAL,S2D2,ELCNPLXX03,2025,6.7216307760000005
GLOBAL,S2D3,ELCNPLXX03,2025,2.206593432
GLOBAL,S2D4,ELCNPLXX03,2025,1.513064016
GLOBAL,S2D5,ELCNPLXX03,2025,1.08083952
GLOBAL,S3D1,ELCNPLXX03,2025,4.610598695999999
GLOBAL,S3D2,ELCNPLXX03,2025,9.888123239999999
GLOBAL,S3D3,ELCNPLXX03,2025,3.545120232
GLOBAL,S3D4,ELCNPLXX03,2025,1.669735656
GLOBAL,S3D5,ELCNPLXX03,2025,1.296617832
GLOBAL,S4D1,ELCNPLXX03,2025,1.558479312
GLOBAL,S4D2,ELCNPLXX03,2025,3.5013746159999997
GLOBAL,S4D3,ELCNPLXX03,2025,1.310587488
GLOBAL,S4D4,ELCNPLXX03,2025,0.642938112
GLOBAL,S4D5,ELCNPLXX03,2025,0.489049272
GLOBAL,S1D1,ELCNPLXX03,2026,2.5429685280000003
GLOBAL,S1D2,ELCNPLXX03,2026,6.196599756
GLOBAL,S1D3,ELCNPLXX03,2026,2.4798613320000005
GLOBAL,S1D4,ELCNPLXX03,2026,1.2878897400000002
GLOBAL,S1D5,ELCNPLXX03,2026,0.9523558440000001
GLOBAL,S2D1,ELCNPLXX03,2026,3.3455196240000005
GLOBAL,S2D2,ELCNPLXX03,2026,7.231042854000001
GLOBAL,S2D3,ELCNPLXX03,2026,2.3738244780000004
GLOBAL,S2D4,ELCNPLXX03,2026,1.627734564
GLOBAL,S2D5,ELCNPLXX03,2026,1.16275308
GLOBAL,S3D1,ELCNPLXX03,2026,4.960022034
GLOBAL,S3D2,ELCNPLXX03,2026,10.637514209999999
GLOBAL,S3D3,ELCNPLXX03,2026,3.813794178
GLOBAL,S3D4,ELCNPLXX03,2026,1.796279874
GLOBAL,S3D5,ELCNPLXX03,2026,1.3948845779999999
GLOBAL,S4D1,ELCNPLXX03,2026,1.676591748
GLOBAL,S4D2,ELCNPLXX03,2026,3.766733214
GLOBAL,S4D3,ELCNPLXX03,2026,1.409912952
GLOBAL,S4D4,ELCNPLXX03,2026,0.691664448
GLOBAL,S4D5,ELCNPLXX03,2026,0.526112838
GLOBAL,S1D1,ELCNPLXX03,2027,2.7321388160000004
GLOBAL,S1D2,ELCNPLXX03,2027,6.657562032
GLOBAL,S1D3,ELCNPLXX03,2027,2.6643371040000003
GLOBAL,S1D4,ELCNPLXX03,2027,1.3836952800000002
GLOBAL,S1D5,ELCNPLXX03,2027,1.023201168
GLOBAL,S2D1,ELCNPLXX03,2027,3.5943913280000004
GLOBAL,S2D2,ELCNPLXX03,2027,7.768956888000001
GLOBAL,S2D3,ELCNPLXX03,2027,2.5504122160000002
GLOBAL,S2D4,ELCNPLXX03,2027,1.748821008
GLOBAL,S2D5,ELCNPLXX03,2027,1.24924976
GLOBAL,S3D1,ELCNPLXX03,2027,5.328995848
GLOBAL,S3D2,ELCNPLXX03,2027,11.42883412
GLOBAL,S3D3,ELCNPLXX03,2027,4.0975006160000005
GLOBAL,S3D4,ELCNPLXX03,2027,1.9299043280000001
GLOBAL,S3D5,ELCNPLXX03,2027,1.498649416
GLOBAL,S4D1,ELCNPLXX03,2027,1.8013126560000001
GLOBAL,S4D2,ELCNPLXX03,2027,4.046938808
GLOBAL,S4D3,ELCNPLXX03,2027,1.514795744
GLOBAL,S4D4,ELCNPLXX03,2027,0.743117056
GLOBAL,S4D5,ELCNPLXX03,2027,0.565250136
GLOBAL,S1D1,ELCNPLXX03,2028,2.9471320800000003
GLOBAL,S1D2,ELCNPLXX03,2028,7.18144866
GLOBAL,S1D3,ELCNPLXX03,2028,2.87399502
GLOBAL,S1D4,ELCNPLXX03,2028,1.4925789
GLOBAL,S1D5,ELCNPLXX03,2028,1.10371734
GLOBAL,S2D1,ELCNPLXX03,2028,3.8772356400000003
GLOBAL,S2D2,ELCNPLXX03,2028,8.380299690000001
GLOBAL,S2D3,ELCNPLXX03,2028,2.75110533
GLOBAL,S2D4,ELCNPLXX03,2028,1.8864365399999998
GLOBAL,S2D5,ELCNPLXX03,2028,1.3475538
GLOBAL,S3D1,ELCNPLXX03,2028,5.74833699
GLOBAL,S3D2,ELCNPLXX03,2028,12.32817435
GLOBAL,S3D3,ELCNPLXX03,2028,4.41993483
GLOBAL,S3D4,ELCNPLXX03,2028,2.08176939
GLOBAL,S3D5,ELCNPLXX03,2028,1.61657883
GLOBAL,S4D1,ELCNPLXX03,2028,1.9430587799999999
GLOBAL,S4D2,ELCNPLXX03,2028,4.365394289999999
GLOBAL,S4D3,ELCNPLXX03,2028,1.63399572
GLOBAL,S4D4,ELCNPLXX03,2028,0.80159328
GLOBAL,S4D5,ELCNPLXX03,2028,0.60972993
GLOBAL,S1D1,ELCNPLXX03,2029,3.1820871840000002
GLOBAL,S1D2,ELCNPLXX03,2029,7.7539774679999995
GLOBAL,S1D3,ELCNPLXX03,2029,3.1031193960000003
GLOBAL,S1D4,ELCNPLXX03,2029,1.61157222
GLOBAL,S1D5,ELCNPLXX03,2029,1.1917093319999998
GLOBAL,S2D1,ELCNPLXX03,2029,4.186341672
GLOBAL,S2D2,ELCNPLXX03,2029,9.048404862
GLOBAL,S2D3,ELCNPLXX03,2029,2.970432534
GLOBAL,S2D4,ELCNPLXX03,2029,2.036829492
GLOBAL,S2D5,ELCNPLXX03,2029,1.4549852399999998
GLOBAL,S3D1,ELCNPLXX03,2029,6.2066134019999994
GLOBAL,S3D2,ELCNPLXX03,2029,13.311017129999998
GLOBAL,S3D3,ELCNPLXX03,2029,4.772306634
GLOBAL,S3D4,ELCNPLXX03,2029,2.247734922
GLOBAL,S3D5,ELCNPLXX03,2029,1.7454578339999998
GLOBAL,S4D1,ELCNPLXX03,2029,2.097965844
GLOBAL,S4D2,ELCNPLXX03,2029,4.7134179419999995
GLOBAL,S4D3,ELCNPLXX03,2029,1.764263256
GLOBAL,S4D4,ELCNPLXX03,2029,0.8654989439999999
GLOBAL,S4D5,ELCNPLXX03,2029,0.658339614
GLOBAL,S1D1,ELCNPLXX03,2030,3.4363670480000006
GLOBAL,S1D2,ELCNPLXX03,2030,8.373596046000001
GLOBAL,S1D3,ELCNPLXX03,2030,3.3510889620000004
GLOBAL,S1D4,ELCNPLXX03,2030,1.7403525900000003
GLOBAL,S1D5,ELCNPLXX03,2030,1.286938554
GLOBAL,S2D1,ELCNPLXX03,2030,4.520871284000001
GLOBAL,S2D2,ELCNPLXX03,2030,9.771460839000001
GLOBAL,S2D3,ELCNPLXX03,2030,3.2077991230000005
GLOBAL,S2D4,ELCNPLXX03,2030,2.199592074
GLOBAL,S2D5,ELCNPLXX03,2030,1.57125278
GLOBAL,S3D1,ELCNPLXX03,2030,6.702582469
GLOBAL,S3D2,ELCNPLXX03,2030,14.374697485
GLOBAL,S3D3,ELCNPLXX03,2030,5.153660573000001
GLOBAL,S3D4,ELCNPLXX03,2030,2.4273509090000003
GLOBAL,S3D5,ELCNPLXX03,2030,1.884936973
GLOBAL,S4D1,ELCNPLXX03,2030,2.2656138180000003
GLOBAL,S4D2,ELCNPLXX03,2030,5.0900660989999995
GLOBAL,S4D3,ELCNPLXX03,2030,1.9052451320000001
GLOBAL,S4D4,ELCNPLXX03,2030,0.9346607680000001
GLOBAL,S4D5,ELCNPLXX03,2030,0.710947383
GLOBAL,S1D1,ELCNPLXX03,2031,3.7115006640000003
GLOBAL,S1D2,ELCNPLXX03,2031,9.044030178
GLOBAL,S1D3,ELCNPLXX03,2031,3.619394766
GLOBAL,S1D4,ELCNPLXX03,2031,1.8796943700000002
GLOBAL,S1D5,ELCNPLXX03,2031,1.389977622
GLOBAL,S2D1,ELCNPLXX03,2031,4.882836012
GLOBAL,S2D2,ELCNPLXX03,2031,10.553815377000001
GLOBAL,S2D3,ELCNPLXX03,2031,3.464632389
GLOBAL,S2D4,ELCNPLXX03,2031,2.375702982
GLOBAL,S2D5,ELCNPLXX03,2031,1.69705554
GLOBAL,S3D1,ELCNPLXX03,2031,7.239226467
GLOBAL,S3D2,ELCNPLXX03,2031,15.525611354999999
GLOBAL,S3D3,ELCNPLXX03,2031,5.566289739
GLOBAL,S3D4,ELCNPLXX03,2031,2.621697387
GLOBAL,S3D5,ELCNPLXX03,2031,2.035854939
GLOBAL,S4D1,ELCNPLXX03,2031,2.4470107739999998
GLOBAL,S4D2,ELCNPLXX03,2031,5.497603557
GLOBAL,S4D3,ELCNPLXX03,2031,2.057789076
GLOBAL,S4D4,ELCNPLXX03,2031,1.009494624
GLOBAL,S4D5,ELCNPLXX03,2031,0.767869569
GLOBAL,S1D1,ELCNPLXX03,2032,4.009314328
GLOBAL,S1D2,ELCNPLXX03,2032,9.769730106
GLOBAL,S1D3,ELCNPLXX03,2032,3.909817782
GLOBAL,S1D4,ELCNPLXX03,2032,2.03052249
GLOBAL,S1D5,ELCNPLXX03,2032,1.501510494
GLOBAL,S2D1,ELCNPLXX03,2032,5.274638524
GLOBAL,S2D2,ELCNPLXX03,2032,11.400661629
GLOBAL,S2D3,ELCNPLXX03,2032,3.742637153
GLOBAL,S2D4,ELCNPLXX03,2032,2.566331214
GLOBAL,S2D5,ELCNPLXX03,2032,1.8332285799999999
GLOBAL,S3D1,ELCNPLXX03,2032,7.820107559
GLOBAL,S3D2,ELCNPLXX03,2032,16.771398335
GLOBAL,S3D3,ELCNPLXX03,2032,6.012933103000001
GLOBAL,S3D4,ELCNPLXX03,2032,2.832064399
GLOBAL,S3D5,ELCNPLXX03,2032,2.1992135029999997
GLOBAL,S4D1,ELCNPLXX03,2032,2.643360798
GLOBAL,S4D2,ELCNPLXX03,2032,5.938735489
GLOBAL,S4D3,ELCNPLXX03,2032,2.222907652
GLOBAL,S4D4,ELCNPLXX03,2032,1.090497248
GLOBAL,S4D5,ELCNPLXX03,2032,0.829484013
GLOBAL,S1D1,ELCNPLXX03,2033,4.3316343360000005
GLOBAL,S1D2,ELCNPLXX03,2033,10.555146072
GLOBAL,S1D3,ELCNPLXX03,2033,4.2241389840000005
GLOBAL,S1D4,ELCNPLXX03,2033,2.1937618800000003
GLOBAL,S1D5,ELCNPLXX03,2033,1.622221128
GLOBAL,S2D1,ELCNPLXX03,2033,5.698681488
GLOBAL,S2D2,ELCNPLXX03,2033,12.317192748
GLOBAL,S2D3,ELCNPLXX03,2033,4.043518236
GLOBAL,S2D4,ELCNPLXX03,2033,2.772645768
GLOBAL,S2D5,ELCNPLXX03,2033,1.98060696
GLOBAL,S3D1,ELCNPLXX03,2033,8.448787908
GLOBAL,S3D2,ELCNPLXX03,2033,18.119698019999998
GLOBAL,S3D3,ELCNPLXX03,2033,6.4963296360000005
GLOBAL,S3D4,ELCNPLXX03,2033,3.059741988
GLOBAL,S3D5,ELCNPLXX03,2033,2.3760144359999997
GLOBAL,S4D1,ELCNPLXX03,2033,2.855867976
GLOBAL,S4D2,ELCNPLXX03,2033,6.416167067999999
GLOBAL,S4D3,ELCNPLXX03,2033,2.4016134239999998
GLOBAL,S4D4,ELCNPLXX03,2033,1.178165376
GLOBAL,S4D5,ELCNPLXX03,2033,0.896168556
GLOBAL,S1D1,ELCNPLXX03,2034,4.526538344
GLOBAL,S1D2,ELCNPLXX03,2034,11.030080038
GLOBAL,S1D3,ELCNPLXX03,2034,4.414206186
GLOBAL,S1D4,ELCNPLXX03,2034,2.29247127
GLOBAL,S1D5,ELCNPLXX03,2034,1.695213762
GLOBAL,S2D1,ELCNPLXX03,2034,5.955096452
GLOBAL,S2D2,ELCNPLXX03,2034,12.871410867
GLOBAL,S2D3,ELCNPLXX03,2034,4.225458319
GLOBAL,S2D4,ELCNPLXX03,2034,2.8974023219999996
GLOBAL,S2D5,ELCNPLXX03,2034,2.0697253399999997
GLOBAL,S3D1,ELCNPLXX03,2034,8.828945256999999
GLOBAL,S3D2,ELCNPLXX03,2034,18.935002705
GLOBAL,S3D3,ELCNPLXX03,2034,6.788635169
GLOBAL,S3D4,ELCNPLXX03,2034,3.197416577
GLOBAL,S3D5,ELCNPLXX03,2034,2.4829243689999996
GLOBAL,S4D1,ELCNPLXX03,2034,2.984369154
GLOBAL,S4D2,ELCNPLXX03,2034,6.704865646999999
GLOBAL,S4D3,ELCNPLXX03,2034,2.509675196
GLOBAL,S4D4,ELCNPLXX03,2034,1.231177504
GLOBAL,S4D5,ELCNPLXX03,2034,0.936492099
GLOBAL,S1D1,ELCNPLXX03,2035,4.721442352
GLOBAL,S1D2,ELCNPLXX03,2035,11.505014004
GLOBAL,S1D3,ELCNPLXX03,2035,4.604273388
GLOBAL,S1D4,ELCNPLXX03,2035,2.3911806600000003
GLOBAL,S1D5,ELCNPLXX03,2035,1.7682063959999998
GLOBAL,S2D1,ELCNPLXX03,2035,6.2115114160000005
GLOBAL,S2D2,ELCNPLXX03,2035,13.425628986
GLOBAL,S2D3,ELCNPLXX03,2035,4.407398402
GLOBAL,S2D4,ELCNPLXX03,2035,3.0221588759999998
GLOBAL,S2D5,ELCNPLXX03,2035,2.15884372
GLOBAL,S3D1,ELCNPLXX03,2035,9.209102606
GLOBAL,S3D2,ELCNPLXX03,2035,19.75030739
GLOBAL,S3D3,ELCNPLXX03,2035,7.080940702
GLOBAL,S3D4,ELCNPLXX03,2035,3.3350911659999998
GLOBAL,S3D5,ELCNPLXX03,2035,2.589834302
GLOBAL,S4D1,ELCNPLXX03,2035,3.112870332
GLOBAL,S4D2,ELCNPLXX03,2035,6.993564225999999
GLOBAL,S4D3,ELCNPLXX03,2035,2.617736968
GLOBAL,S4D4,ELCNPLXX03,2035,1.284189632
GLOBAL,S4D5,ELCNPLXX03,2035,0.9768156419999999
GLOBAL,S1D1,ELCNPLXX03,2036,4.91634636
GLOBAL,S1D2,ELCNPLXX03,2036,11.97994797
GLOBAL,S1D3,ELCNPLXX03,2036,4.79434059
GLOBAL,S1D4,ELCNPLXX03,2036,2.48989005
GLOBAL,S1D5,ELCNPLXX03,2036,1.8411990299999998
GLOBAL,S2D1,ELCNPLXX03,2036,6.46792638
GLOBAL,S2D2,ELCNPLXX03,2036,13.979847105
GLOBAL,S2D3,ELCNPLXX03,2036,4.589338485
GLOBAL,S2D4,ELCNPLXX03,2036,3.1469154299999995
GLOBAL,S2D5,ELCNPLXX03,2036,2.2479621
GLOBAL,S3D1,ELCNPLXX03,2036,9.589259955
GLOBAL,S3D2,ELCNPLXX03,2036,20.565612074999997
GLOBAL,S3D3,ELCNPLXX03,2036,7.373246235
GLOBAL,S3D4,ELCNPLXX03,2036,3.4727657549999997
GLOBAL,S3D5,ELCNPLXX03,2036,2.6967442349999997
GLOBAL,S4D1,ELCNPLXX03,2036,3.2413715099999996
GLOBAL,S4D2,ELCNPLXX03,2036,7.282262804999999
GLOBAL,S4D3,ELCNPLXX03,2036,2.7257987399999997
GLOBAL,S4D4,ELCNPLXX03,2036,1.33720176
GLOBAL,S4D5,ELCNPLXX03,2036,1.017139185
GLOBAL,S1D1,ELCNPLXX03,2037,5.111207896000001
GLOBAL,S1D2,ELCNPLXX03,2037,12.454778442
GLOBAL,S1D3,ELCNPLXX03,2037,4.984366374
GLOBAL,S1D4,ELCNPLXX03,2037,2.58857793
GLOBAL,S1D5,ELCNPLXX03,2037,1.914175758
GLOBAL,S2D1,ELCNPLXX03,2037,6.724285468000001
GLOBAL,S2D2,ELCNPLXX03,2037,14.533944453
GLOBAL,S2D3,ELCNPLXX03,2037,4.771238921
GLOBAL,S2D4,ELCNPLXX03,2037,3.271644798
GLOBAL,S2D5,ELCNPLXX03,2037,2.33706106
GLOBAL,S3D1,ELCNPLXX03,2037,9.969334463000001
GLOBAL,S3D2,ELCNPLXX03,2037,21.380739095
GLOBAL,S3D3,ELCNPLXX03,2037,7.665488071
GLOBAL,S3D4,ELCNPLXX03,2037,3.6104103430000003
GLOBAL,S3D5,ELCNPLXX03,2037,2.8036308709999997
GLOBAL,S4D1,ELCNPLXX03,2037,3.369844686
GLOBAL,S4D2,ELCNPLXX03,2037,7.570898473
GLOBAL,S4D3,ELCNPLXX03,2037,2.833836964
GLOBAL,S4D4,ELCNPLXX03,2037,1.390202336
GLOBAL,S4D5,ELCNPLXX03,2037,1.057453941
GLOBAL,S1D1,ELCNPLXX03,2038,5.306111904000001
GLOBAL,S1D2,ELCNPLXX03,2038,12.929712408
GLOBAL,S1D3,ELCNPLXX03,2038,5.174433576
GLOBAL,S1D4,ELCNPLXX03,2038,2.6872873200000003
GLOBAL,S1D5,ELCNPLXX03,2038,1.987168392
GLOBAL,S2D1,ELCNPLXX03,2038,6.980700432000001
GLOBAL,S2D2,ELCNPLXX03,2038,15.088162572
GLOBAL,S2D3,ELCNPLXX03,2038,4.953179004
GLOBAL,S2D4,ELCNPLXX03,2038,3.396401352
GLOBAL,S2D5,ELCNPLXX03,2038,2.42617944
GLOBAL,S3D1,ELCNPLXX03,2038,10.349491812
GLOBAL,S3D2,ELCNPLXX03,2038,22.19604378
GLOBAL,S3D3,ELCNPLXX03,2038,7.957793604000001
GLOBAL,S3D4,ELCNPLXX03,2038,3.7480849320000003
GLOBAL,S3D5,ELCNPLXX03,2038,2.910540804
GLOBAL,S4D1,ELCNPLXX03,2038,3.498345864
GLOBAL,S4D2,ELCNPLXX03,2038,7.859597052
GLOBAL,S4D3,ELCNPLXX03,2038,2.941898736
GLOBAL,S4D4,ELCNPLXX03,2038,1.443214464
GLOBAL,S4D5,ELCNPLXX03,2038,1.097777484
GLOBAL,S1D1,ELCNPLXX03,2039,5.501015912
GLOBAL,S1D2,ELCNPLXX03,2039,13.404646373999999
GLOBAL,S1D3,ELCNPLXX03,2039,5.364500778
GLOBAL,S1D4,ELCNPLXX03,2039,2.78599671
GLOBAL,S1D5,ELCNPLXX03,2039,2.060161026
GLOBAL,S2D1,ELCNPLXX03,2039,7.237115395999999
GLOBAL,S2D2,ELCNPLXX03,2039,15.642380691
GLOBAL,S2D3,ELCNPLXX03,2039,5.135119087
GLOBAL,S2D4,ELCNPLXX03,2039,3.5211579059999996
GLOBAL,S2D5,ELCNPLXX03,2039,2.51529782
GLOBAL,S3D1,ELCNPLXX03,2039,10.729649161
GLOBAL,S3D2,ELCNPLXX03,2039,23.011348464999998
GLOBAL,S3D3,ELCNPLXX03,2039,8.250099137
GLOBAL,S3D4,ELCNPLXX03,2039,3.8857595209999998
GLOBAL,S3D5,ELCNPLXX03,2039,3.0174507369999994
GLOBAL,S4D1,ELCNPLXX03,2039,3.6268470419999996
GLOBAL,S4D2,ELCNPLXX03,2039,8.148295630999998
GLOBAL,S4D3,ELCNPLXX03,2039,3.0499605079999994
GLOBAL,S4D4,ELCNPLXX03,2039,1.4962265919999997
GLOBAL,S4D5,ELCNPLXX03,2039,1.1381010269999998
GLOBAL,S1D1,ELCNPLXX03,2040,5.695919920000001
GLOBAL,S1D2,ELCNPLXX03,2040,13.879580340000002
GLOBAL,S1D3,ELCNPLXX03,2040,5.554567980000001
GLOBAL,S1D4,ELCNPLXX03,2040,2.8847061000000003
GLOBAL,S1D5,ELCNPLXX03,2040,2.13315366
GLOBAL,S2D1,ELCNPLXX03,2040,7.493530360000001
GLOBAL,S2D2,ELCNPLXX03,2040,16.19659881
GLOBAL,S2D3,ELCNPLXX03,2040,5.317059170000001
GLOBAL,S2D4,ELCNPLXX03,2040,3.64591446
GLOBAL,S2D5,ELCNPLXX03,2040,2.6044162
GLOBAL,S3D1,ELCNPLXX03,2040,11.10980651
GLOBAL,S3D2,ELCNPLXX03,2040,23.826653150000002
GLOBAL,S3D3,ELCNPLXX03,2040,8.542404670000002
GLOBAL,S3D4,ELCNPLXX03,2040,4.02343411
GLOBAL,S3D5,ELCNPLXX03,2040,3.12436067
GLOBAL,S4D1,ELCNPLXX03,2040,3.75534822
GLOBAL,S4D2,ELCNPLXX03,2040,8.43699421
GLOBAL,S4D3,ELCNPLXX03,2040,3.1580222800000004
GLOBAL,S4D4,ELCNPLXX03,2040,1.5492387200000002
GLOBAL,S4D5,ELCNPLXX03,2040,1.17842457
GLOBAL,S1D1,ELCNPLXX03,2041,5.8908239280000005
GLOBAL,S1D2,ELCNPLXX03,2041,14.354514306000002
GLOBAL,S1D3,ELCNPLXX03,2041,5.744635182000001
GLOBAL,S1D4,ELCNPLXX03,2041,2.9834154900000005
GLOBAL,S1D5,ELCNPLXX03,2041,2.2061462940000003
GLOBAL,S2D1,ELCNPLXX03,2041,7.749945324000001
GLOBAL,S2D2,ELCNPLXX03,2041,16.750816929000003
GLOBAL,S2D3,ELCNPLXX03,2041,5.498999253000001
GLOBAL,S2D4,ELCNPLXX03,2041,3.770671014
GLOBAL,S2D5,ELCNPLXX03,2041,2.69353458
GLOBAL,S3D1,ELCNPLXX03,2041,11.489963859000001
GLOBAL,S3D2,ELCNPLXX03,2041,24.641957835
GLOBAL,S3D3,ELCNPLXX03,2041,8.834710203000002
GLOBAL,S3D4,ELCNPLXX03,2041,4.161108699000001
GLOBAL,S3D5,ELCNPLXX03,2041,3.231270603
GLOBAL,S4D1,ELCNPLXX03,2041,3.883849398
GLOBAL,S4D2,ELCNPLXX03,2041,8.725692789
GLOBAL,S4D3,ELCNPLXX03,2041,3.266084052
GLOBAL,S4D4,ELCNPLXX03,2041,1.6022508480000002
GLOBAL,S4D5,ELCNPLXX03,2041,1.218748113
GLOBAL,S1D1,ELCNPLXX03,2042,6.0857279360000005
GLOBAL,S1D2,ELCNPLXX03,2042,14.829448272000002
GLOBAL,S1D3,ELCNPLXX03,2042,5.934702384000001
GLOBAL,S1D4,ELCNPLXX03,2042,3.0821248800000003
GLOBAL,S1D5,ELCNPLXX03,2042,2.279138928
GLOBAL,S2D1,ELCNPLXX03,2042,8.006360288000002
GLOBAL,S2D2,ELCNPLXX03,2042,17.305035048
GLOBAL,S2D3,ELCNPLXX03,2042,5.680939336000001
GLOBAL,S2D4,ELCNPLXX03,2042,3.895427568
GLOBAL,S2D5,ELCNPLXX03,2042,2.78265296
GLOBAL,S3D1,ELCNPLXX03,2042,11.870121208
GLOBAL,S3D2,ELCNPLXX03,2042,25.45726252
GLOBAL,S3D3,ELCNPLXX03,2042,9.127015736
GLOBAL,S3D4,ELCNPLXX03,2042,4.298783288
GLOBAL,S3D5,ELCNPLXX03,2042,3.338180536
GLOBAL,S4D1,ELCNPLXX03,2042,4.012350576
GLOBAL,S4D2,ELCNPLXX03,2042,9.014391368
GLOBAL,S4D3,ELCNPLXX03,2042,3.374145824
GLOBAL,S4D4,ELCNPLXX03,2042,1.6552629760000002
GLOBAL,S4D5,ELCNPLXX03,2042,1.2590716560000002
GLOBAL,S1D1,ELCNPLXX03,2043,6.2806319440000005
GLOBAL,S1D2,ELCNPLXX03,2043,15.304382238
GLOBAL,S1D3,ELCNPLXX03,2043,6.124769586000001
GLOBAL,S1D4,ELCNPLXX03,2043,3.1808342700000005
GLOBAL,S1D5,ELCNPLXX03,2043,2.3521315620000003
GLOBAL,S2D1,ELCNPLXX03,2043,8.262775252
GLOBAL,S2D2,ELCNPLXX03,2043,17.859253167000002
GLOBAL,S2D3,ELCNPLXX03,2043,5.862879419
GLOBAL,S2D4,ELCNPLXX03,2043,4.020184122
GLOBAL,S2D5,ELCNPLXX03,2043,2.87177134
GLOBAL,S3D1,ELCNPLXX03,2043,12.250278557
GLOBAL,S3D2,ELCNPLXX03,2043,26.272567205
GLOBAL,S3D3,ELCNPLXX03,2043,9.419321269000001
GLOBAL,S3D4,ELCNPLXX03,2043,4.4364578770000005
GLOBAL,S3D5,ELCNPLXX03,2043,3.445090469
GLOBAL,S4D1,ELCNPLXX03,2043,4.140851754
GLOBAL,S4D2,ELCNPLXX03,2043,9.303089947
GLOBAL,S4D3,ELCNPLXX03,2043,3.4822075960000003
GLOBAL,S4D4,ELCNPLXX03,2043,1.7082751040000002
GLOBAL,S4D5,ELCNPLXX03,2043,1.2993951990000001
GLOBAL,S1D1,ELCNPLXX03,2044,6.475535952
GLOBAL,S1D2,ELCNPLXX03,2044,15.779316204
GLOBAL,S1D3,ELCNPLXX03,2044,6.314836788000001
GLOBAL,S1D4,ELCNPLXX03,2044,3.2795436600000003
GLOBAL,S1D5,ELCNPLXX03,2044,2.425124196
GLOBAL,S2D1,ELCNPLXX03,2044,8.519190216
GLOBAL,S2D2,ELCNPLXX03,2044,18.413471286
GLOBAL,S2D3,ELCNPLXX03,2044,6.044819502
GLOBAL,S2D4,ELCNPLXX03,2044,4.144940676
GLOBAL,S2D5,ELCNPLXX03,2044,2.96088972
GLOBAL,S3D1,ELCNPLXX03,2044,12.630435906
GLOBAL,S3D2,ELCNPLXX03,2044,27.08787189
GLOBAL,S3D3,ELCNPLXX03,2044,9.711626802000001
GLOBAL,S3D4,ELCNPLXX03,2044,4.574132466
GLOBAL,S3D5,ELCNPLXX03,2044,3.552000402
GLOBAL,S4D1,ELCNPLXX03,2044,4.269352932
GLOBAL,S4D2,ELCNPLXX03,2044,9.591788526
GLOBAL,S4D3,ELCNPLXX03,2044,3.590269368
GLOBAL,S4D4,ELCNPLXX03,2044,1.7612872320000001
GLOBAL,S4D5,ELCNPLXX03,2044,1.339718742
GLOBAL,S1D1,ELCNPLXX03,2045,6.67043996
GLOBAL,S1D2,ELCNPLXX03,2045,16.254250170000002
GLOBAL,S1D3,ELCNPLXX03,2045,6.504903990000001
GLOBAL,S1D4,ELCNPLXX03,2045,3.3782530500000005
GLOBAL,S1D5,ELCNPLXX03,2045,2.4981168300000003
GLOBAL,S2D1,ELCNPLXX03,2045,8.775605180000001
GLOBAL,S2D2,ELCNPLXX03,2045,18.967689405
GLOBAL,S2D3,ELCNPLXX03,2045,6.226759585000001
GLOBAL,S2D4,ELCNPLXX03,2045,4.26969723
GLOBAL,S2D5,ELCNPLXX03,2045,3.0500081
GLOBAL,S3D1,ELCNPLXX03,2045,13.010593255
GLOBAL,S3D2,ELCNPLXX03,2045,27.903176575
GLOBAL,S3D3,ELCNPLXX03,2045,10.003932335000002
GLOBAL,S3D4,ELCNPLXX03,2045,4.711807055
GLOBAL,S3D5,ELCNPLXX03,2045,3.658910335
GLOBAL,S4D1,ELCNPLXX03,2045,4.39785411
GLOBAL,S4D2,ELCNPLXX03,2045,9.880487105
GLOBAL,S4D3,ELCNPLXX03,2045,3.69833114
GLOBAL,S4D4,ELCNPLXX03,2045,1.8142993600000001
GLOBAL,S4D5,ELCNPLXX03,2045,1.380042285
GLOBAL,S1D1,ELCNPLXX03,2046,6.865343968
GLOBAL,S1D2,ELCNPLXX03,2046,16.729184136
GLOBAL,S1D3,ELCNPLXX03,2046,6.694971192000001
GLOBAL,S1D4,ELCNPLXX03,2046,3.4769624400000003
GLOBAL,S1D5,ELCNPLXX03,2046,2.571109464
GLOBAL,S2D1,ELCNPLXX03,2046,9.032020144
GLOBAL,S2D2,ELCNPLXX03,2046,19.521907524
GLOBAL,S2D3,ELCNPLXX03,2046,6.408699668000001
GLOBAL,S2D4,ELCNPLXX03,2046,4.3944537839999995
GLOBAL,S2D5,ELCNPLXX03,2046,3.1391264800000003
GLOBAL,S3D1,ELCNPLXX03,2046,13.390750604
GLOBAL,S3D2,ELCNPLXX03,2046,28.71848126
GLOBAL,S3D3,ELCNPLXX03,2046,10.296237868
GLOBAL,S3D4,ELCNPLXX03,2046,4.849481644
GLOBAL,S3D5,ELCNPLXX03,2046,3.7658202679999997
GLOBAL,S4D1,ELCNPLXX03,2046,4.526355288
GLOBAL,S4D2,ELCNPLXX03,2046,10.169185684
GLOBAL,S4D3,ELCNPLXX03,2046,3.806392912
GLOBAL,S4D4,ELCNPLXX03,2046,1.8673114880000001
GLOBAL,S4D5,ELCNPLXX03,2046,1.420365828
GLOBAL,S1D1,ELCNPLXX03,2047,7.060247976
GLOBAL,S1D2,ELCNPLXX03,2047,17.204118102000002
GLOBAL,S1D3,ELCNPLXX03,2047,6.885038394
GLOBAL,S1D4,ELCNPLXX03,2047,3.57567183
GLOBAL,S1D5,ELCNPLXX03,2047,2.644102098
GLOBAL,S2D1,ELCNPLXX03,2047,9.288435108
GLOBAL,S2D2,ELCNPLXX03,2047,20.076125643
GLOBAL,S2D3,ELCNPLXX03,2047,6.590639751
GLOBAL,S2D4,ELCNPLXX03,2047,4.519210338
GLOBAL,S2D5,ELCNPLXX03,2047,3.22824486
GLOBAL,S3D1,ELCNPLXX03,2047,13.770907953
GLOBAL,S3D2,ELCNPLXX03,2047,29.533785944999998
GLOBAL,S3D3,ELCNPLXX03,2047,10.588543401
GLOBAL,S3D4,ELCNPLXX03,2047,4.987156233
GLOBAL,S3D5,ELCNPLXX03,2047,3.872730201
GLOBAL,S4D1,ELCNPLXX03,2047,4.654856466
GLOBAL,S4D2,ELCNPLXX03,2047,10.457884262999999
GLOBAL,S4D3,ELCNPLXX03,2047,3.914454684
GLOBAL,S4D4,ELCNPLXX03,2047,1.920323616
GLOBAL,S4D5,ELCNPLXX03,2047,1.460689371
GLOBAL,S1D1,ELCNPLXX03,2048,7.255151984
GLOBAL,S1D2,ELCNPLXX03,2048,17.679052068
GLOBAL,S1D3,ELCNPLXX03,2048,7.075105596000001
GLOBAL,S1D4,ELCNPLXX03,2048,3.6743812200000003
GLOBAL,S1D5,ELCNPLXX03,2048,2.717094732
GLOBAL,S2D1,ELCNPLXX03,2048,9.544850072000001
GLOBAL,S2D2,ELCNPLXX03,2048,20.630343762000003
GLOBAL,S2D3,ELCNPLXX03,2048,6.772579834
GLOBAL,S2D4,ELCNPLXX03,2048,4.643966892
GLOBAL,S2D5,ELCNPLXX03,2048,3.31736324
GLOBAL,S3D1,ELCNPLXX03,2048,14.151065302
GLOBAL,S3D2,ELCNPLXX03,2048,30.34909063
GLOBAL,S3D3,ELCNPLXX03,2048,10.880848934000001
GLOBAL,S3D4,ELCNPLXX03,2048,5.124830822
GLOBAL,S3D5,ELCNPLXX03,2048,3.979640134
GLOBAL,S4D1,ELCNPLXX03,2048,4.783357644
GLOBAL,S4D2,ELCNPLXX03,2048,10.746582841999999
GLOBAL,S4D3,ELCNPLXX03,2048,4.022516456
GLOBAL,S4D4,ELCNPLXX03,2048,1.973335744
GLOBAL,S4D5,ELCNPLXX03,2048,1.501012914
GLOBAL,S1D1,ELCNPLXX03,2049,7.450055992
GLOBAL,S1D2,ELCNPLXX03,2049,18.153986034
GLOBAL,S1D3,ELCNPLXX03,2049,7.265172798000001
GLOBAL,S1D4,ELCNPLXX03,2049,3.77309061
GLOBAL,S1D5,ELCNPLXX03,2049,2.790087366
GLOBAL,S2D1,ELCNPLXX03,2049,9.801265036
GLOBAL,S2D2,ELCNPLXX03,2049,21.184561881
GLOBAL,S2D3,ELCNPLXX03,2049,6.954519917000001
GLOBAL,S2D4,ELCNPLXX03,2049,4.768723446
GLOBAL,S2D5,ELCNPLXX03,2049,3.40648162
GLOBAL,S3D1,ELCNPLXX03,2049,14.531222651
GLOBAL,S3D2,ELCNPLXX03,2049,31.164395315
GLOBAL,S3D3,ELCNPLXX03,2049,11.173154467000002
GLOBAL,S3D4,ELCNPLXX03,2049,5.262505411
GLOBAL,S3D5,ELCNPLXX03,2049,4.086550067
GLOBAL,S4D1,ELCNPLXX03,2049,4.911858822
GLOBAL,S4D2,ELCNPLXX03,2049,11.035281420999999
GLOBAL,S4D3,ELCNPLXX03,2049,4.130578228
GLOBAL,S4D4,ELCNPLXX03,2049,2.026347872
GLOBAL,S4D5,ELCNPLXX03,2049,1.5413364569999999
GLOBAL,S1D1,ELCNPLXX03,2050,7.64496
GLOBAL,S1D2,ELCNPLXX03,2050,18.62892
GLOBAL,S1D3,ELCNPLXX03,2050,7.455240000000001
GLOBAL,S1D4,ELCNPLXX03,2050,3.8718000000000004
GLOBAL,S1D5,ELCNPLXX03,2050,2.86308
GLOBAL,S2D1,ELCNPLXX03,2050,10.05768
GLOBAL,S2D2,ELCNPLXX03,2050,21.738780000000002
GLOBAL,S2D3,ELCNPLXX03,2050,7.1364600000000005
GLOBAL,S2D4,ELCNPLXX03,2050,4.893479999999999
GLOBAL,S2D5,ELCNPLXX03,2050,3.4956
GLOBAL,S3D1,ELCNPLXX03,2050,14.91138
GLOBAL,S3D2,ELCNPLXX03,2050,31.979699999999998
GLOBAL,S3D3,ELCNPLXX03,2050,11.46546
GLOBAL,S3D4,ELCNPLXX03,2050,5.40018
GLOBAL,S3D5,ELCNPLXX03,2050,4.19346
GLOBAL,S4D1,ELCNPLXX03,2050,5.04036
GLOBAL,S4D2,ELCNPLXX03,2050,11.323979999999999
GLOBAL,S4D3,ELCNPLXX03,2050,4.23864
GLOBAL,S4D4,ELCNPLXX03,2050,2.07936
GLOBAL,S4D5,ELCNPLXX03,2050,1.5816599999999998
